ISO-10303-21;
HEADER;
FILE_DESCRIPTION(('Open CASCADE Model'),'2;1');
FILE_NAME('Open CASCADE Shape Model','2026-09-29T16:25:37',('Author'),(
    'Open CASCADE'),'Open CASCADE STEP processor 7.9','Open CASCADE 7.9'
  ,'Unknown');
FILE_SCHEMA(('AUTOMOTIVE_DESIGN { 1 0 10303 214 1 1 1 1 }'));
ENDSEC;
DATA;
#1 = APPLICATION_PROTOCOL_DEFINITION('international standard',
  'automotive_design',2000,#2);
#2 = APPLICATION_CONTEXT(
  'core data for automotive mechanical design processes');
#3 = SHAPE_DEFINITION_REPRESENTATION(#4,#10);
#4 = PRODUCT_DEFINITION_SHAPE('','',#5);
#5 = PRODUCT_DEFINITION('design','',#6,#9);
#6 = PRODUCT_DEFINITION_FORMATION('','',#7);
#7 = PRODUCT('Open CASCADE STEP translator 7.9 5',
  'Open CASCADE STEP translator 7.9 5','',(#8));
#8 = PRODUCT_CONTEXT('',#2,'mechanical');
#9 = PRODUCT_DEFINITION_CONTEXT('part definition',#2,'design');
#10 = ADVANCED_BREP_SHAPE_REPRESENTATION('',(#11,#15),#13143);
#11 = AXIS2_PLACEMENT_3D('',#12,#13,#14);
#12 = CARTESIAN_POINT('',(0.,0.,0.));
#13 = DIRECTION('',(0.,0.,1.));
#14 = DIRECTION('',(1.,0.,-0.));
#15 = MANIFOLD_SOLID_BREP('',#16);
#16 = CLOSED_SHELL('',(#17,#137,#220,#407,#514,#691,#864,#938,#1223,
    #1300,#1323,#1400,#1423,#1500,#1523,#1600,#1623,#1650,#1675,#1882,
    #2845,#2904,#3306,#3361,#3400,#3454,#3530,#3611,#3693,#3769,#3847,
    #4086,#4160,#4444,#4550,#4683,#4785,#4861,#4937,#5040,#5173,#5246,
    #5319,#5393,#5494,#5568,#5670,#5800,#5901,#5975,#6077,#6156,#6257,
    #6331,#6428,#6454,#6480,#6563,#6666,#6737,#6785,#6812,#6839,#6865,
    #6959,#7033,#7147,#7226,#7387,#7464,#7585,#7778,#7908,#8009,#8083,
    #8185,#8315,#8416,#8490,#8592,#8671,#8771,#8845,#8946,#9090,#9192,
    #9266,#9364,#9390,#9487,#9614,#9639,#9665,#9748,#9851,#9921,#9970,
    #9997,#10024,#10050,#10181,#10273,#10300,#10327,#10352,#10407,#10480
    ,#10510,#10537,#10572,#10603,#10630,#10661,#10687,#10714,#10741,
    #10768,#10793,#10871,#10942,#10969,#10996,#11023,#11050,#11098,
    #11125,#11152,#11200,#11227,#11272,#11299,#11363,#11388,#11415,
    #11489,#11559,#11633,#11703,#11730,#11757,#11782,#11807,#11881,
    #11951,#12025,#12095,#12122,#12149,#12174,#12199,#12246,#12273,
    #12347,#12417,#12446,#12473,#12500,#12525,#12552,#12581,#12605,
    #12676,#12762,#12795,#12802,#12857,#12864,#12891,#12918,#12945,
    #13008,#13015,#13042,#13069,#13129,#13136));
#17 = ADVANCED_FACE('',(#18),#32,.F.);
#18 = FACE_BOUND('',#19,.F.);
#19 = EDGE_LOOP('',(#20,#55,#83,#111));
#20 = ORIENTED_EDGE('',*,*,#21,.T.);
#21 = EDGE_CURVE('',#22,#24,#26,.T.);
#22 = VERTEX_POINT('',#23);
#23 = CARTESIAN_POINT('',(-0.5,-23.7,-5.25));
#24 = VERTEX_POINT('',#25);
#25 = CARTESIAN_POINT('',(-0.5,-23.7,4.4));
#26 = SURFACE_CURVE('',#27,(#31,#43),.PCURVE_S1.);
#27 = LINE('',#28,#29);
#28 = CARTESIAN_POINT('',(-0.5,-23.7,-5.6));
#29 = VECTOR('',#30,1.);
#30 = DIRECTION('',(0.,0.,1.));
#31 = PCURVE('',#32,#37);
#32 = PLANE('',#33);
#33 = AXIS2_PLACEMENT_3D('',#34,#35,#36);
#34 = CARTESIAN_POINT('',(-2.5,-23.7,-5.6));
#35 = DIRECTION('',(0.,1.,0.));
#36 = DIRECTION('',(1.,0.,0.));
#37 = DEFINITIONAL_REPRESENTATION('',(#38),#42);
#38 = LINE('',#39,#40);
#39 = CARTESIAN_POINT('',(2.,0.));
#40 = VECTOR('',#41,1.);
#41 = DIRECTION('',(0.,-1.));
#42 = ( GEOMETRIC_REPRESENTATION_CONTEXT(2) 
PARAMETRIC_REPRESENTATION_CONTEXT() REPRESENTATION_CONTEXT('2D SPACE',''
  ) );
#43 = PCURVE('',#44,#49);
#44 = CYLINDRICAL_SURFACE('',#45,2.);
#45 = AXIS2_PLACEMENT_3D('',#46,#47,#48);
#46 = CARTESIAN_POINT('',(-0.5,-21.7,-5.6));
#47 = DIRECTION('',(0.,0.,1.));
#48 = DIRECTION('',(0.,-1.,0.));
#49 = DEFINITIONAL_REPRESENTATION('',(#50),#54);
#50 = LINE('',#51,#52);
#51 = CARTESIAN_POINT('',(-0.,0.));
#52 = VECTOR('',#53,1.);
#53 = DIRECTION('',(-0.,1.));
#54 = ( GEOMETRIC_REPRESENTATION_CONTEXT(2) 
PARAMETRIC_REPRESENTATION_CONTEXT() REPRESENTATION_CONTEXT('2D SPACE',''
  ) );
#55 = ORIENTED_EDGE('',*,*,#56,.T.);
#56 = EDGE_CURVE('',#24,#57,#59,.T.);
#57 = VERTEX_POINT('',#58);
#58 = CARTESIAN_POINT('',(72.8,-23.7,4.4));
#59 = SURFACE_CURVE('',#60,(#64,#71),.PCURVE_S1.);
#60 = LINE('',#61,#62);
#61 = CARTESIAN_POINT('',(-2.5,-23.7,4.4));
#62 = VECTOR('',#63,1.);
#63 = DIRECTION('',(1.,0.,0.));
#64 = PCURVE('',#32,#65);
#65 = DEFINITIONAL_REPRESENTATION('',(#66),#70);
#66 = LINE('',#67,#68);
#67 = CARTESIAN_POINT('',(0.,-10.));
#68 = VECTOR('',#69,1.);
#69 = DIRECTION('',(1.,0.));
#70 = ( GEOMETRIC_REPRESENTATION_CONTEXT(2) 
PARAMETRIC_REPRESENTATION_CONTEXT() REPRESENTATION_CONTEXT('2D SPACE',''
  ) );
#71 = PCURVE('',#72,#77);
#72 = PLANE('',#73);
#73 = AXIS2_PLACEMENT_3D('',#74,#75,#76);
#74 = CARTESIAN_POINT('',(36.990666805757,-9.795020362289,4.4));
#75 = DIRECTION('',(0.,0.,1.));
#76 = DIRECTION('',(1.,0.,-0.));
#77 = DEFINITIONAL_REPRESENTATION('',(#78),#82);
#78 = LINE('',#79,#80);
#79 = CARTESIAN_POINT('',(-39.49066680575,-13.90497963771));
#80 = VECTOR('',#81,1.);
#81 = DIRECTION('',(1.,0.));
#82 = ( GEOMETRIC_REPRESENTATION_CONTEXT(2) 
PARAMETRIC_REPRESENTATION_CONTEXT() REPRESENTATION_CONTEXT('2D SPACE',''
  ) );
#83 = ORIENTED_EDGE('',*,*,#84,.F.);
#84 = EDGE_CURVE('',#85,#57,#87,.T.);
#85 = VERTEX_POINT('',#86);
#86 = CARTESIAN_POINT('',(72.8,-23.7,-5.25));
#87 = SURFACE_CURVE('',#88,(#92,#99),.PCURVE_S1.);
#88 = LINE('',#89,#90);
#89 = CARTESIAN_POINT('',(72.8,-23.7,-5.6));
#90 = VECTOR('',#91,1.);
#91 = DIRECTION('',(0.,0.,1.));
#92 = PCURVE('',#32,#93);
#93 = DEFINITIONAL_REPRESENTATION('',(#94),#98);
#94 = LINE('',#95,#96);
#95 = CARTESIAN_POINT('',(75.3,0.));
#96 = VECTOR('',#97,1.);
#97 = DIRECTION('',(0.,-1.));
#98 = ( GEOMETRIC_REPRESENTATION_CONTEXT(2) 
PARAMETRIC_REPRESENTATION_CONTEXT() REPRESENTATION_CONTEXT('2D SPACE',''
  ) );
#99 = PCURVE('',#100,#105);
#100 = CYLINDRICAL_SURFACE('',#101,2.);
#101 = AXIS2_PLACEMENT_3D('',#102,#103,#104);
#102 = CARTESIAN_POINT('',(72.8,-21.7,-5.6));
#103 = DIRECTION('',(0.,0.,1.));
#104 = DIRECTION('',(0.,-1.,0.));
#105 = DEFINITIONAL_REPRESENTATION('',(#106),#110);
#106 = LINE('',#107,#108);
#107 = CARTESIAN_POINT('',(0.,0.));
#108 = VECTOR('',#109,1.);
#109 = DIRECTION('',(0.,1.));
#110 = ( GEOMETRIC_REPRESENTATION_CONTEXT(2) 
PARAMETRIC_REPRESENTATION_CONTEXT() REPRESENTATION_CONTEXT('2D SPACE',''
  ) );
#111 = ORIENTED_EDGE('',*,*,#112,.F.);
#112 = EDGE_CURVE('',#22,#85,#113,.T.);
#113 = SURFACE_CURVE('',#114,(#118,#125),.PCURVE_S1.);
#114 = LINE('',#115,#116);
#115 = CARTESIAN_POINT('',(-0.5,-23.7,-5.25));
#116 = VECTOR('',#117,1.);
#117 = DIRECTION('',(1.,0.,0.));
#118 = PCURVE('',#32,#119);
#119 = DEFINITIONAL_REPRESENTATION('',(#120),#124);
#120 = LINE('',#121,#122);
#121 = CARTESIAN_POINT('',(2.,-0.35));
#122 = VECTOR('',#123,1.);
#123 = DIRECTION('',(1.,0.));
#124 = ( GEOMETRIC_REPRESENTATION_CONTEXT(2) 
PARAMETRIC_REPRESENTATION_CONTEXT() REPRESENTATION_CONTEXT('2D SPACE',''
  ) );
#125 = PCURVE('',#126,#131);
#126 = PLANE('',#127);
#127 = AXIS2_PLACEMENT_3D('',#128,#129,#130);
#128 = CARTESIAN_POINT('',(-0.5,-23.525,-5.425));
#129 = DIRECTION('',(0.,-0.707106781187,-0.707106781187));
#130 = DIRECTION('',(-1.,-0.,-0.));
#131 = DEFINITIONAL_REPRESENTATION('',(#132),#136);
#132 = LINE('',#133,#134);
#133 = CARTESIAN_POINT('',(-0.,-0.247487373415));
#134 = VECTOR('',#135,1.);
#135 = DIRECTION('',(-1.,0.));
#136 = ( GEOMETRIC_REPRESENTATION_CONTEXT(2) 
PARAMETRIC_REPRESENTATION_CONTEXT() REPRESENTATION_CONTEXT('2D SPACE',''
  ) );
#137 = ADVANCED_FACE('',(#138),#100,.T.);
#138 = FACE_BOUND('',#139,.T.);
#139 = EDGE_LOOP('',(#140,#141,#170,#198));
#140 = ORIENTED_EDGE('',*,*,#84,.F.);
#141 = ORIENTED_EDGE('',*,*,#142,.T.);
#142 = EDGE_CURVE('',#85,#143,#145,.T.);
#143 = VERTEX_POINT('',#144);
#144 = CARTESIAN_POINT('',(74.8,-21.7,-5.25));
#145 = SURFACE_CURVE('',#146,(#151,#158),.PCURVE_S1.);
#146 = CIRCLE('',#147,2.);
#147 = AXIS2_PLACEMENT_3D('',#148,#149,#150);
#148 = CARTESIAN_POINT('',(72.8,-21.7,-5.25));
#149 = DIRECTION('',(0.,0.,1.));
#150 = DIRECTION('',(0.,-1.,0.));
#151 = PCURVE('',#100,#152);
#152 = DEFINITIONAL_REPRESENTATION('',(#153),#157);
#153 = LINE('',#154,#155);
#154 = CARTESIAN_POINT('',(0.,0.35));
#155 = VECTOR('',#156,1.);
#156 = DIRECTION('',(1.,0.));
#157 = ( GEOMETRIC_REPRESENTATION_CONTEXT(2) 
PARAMETRIC_REPRESENTATION_CONTEXT() REPRESENTATION_CONTEXT('2D SPACE',''
  ) );
#158 = PCURVE('',#159,#164);
#159 = CONICAL_SURFACE('',#160,2.,0.785398163397);
#160 = AXIS2_PLACEMENT_3D('',#161,#162,#163);
#161 = CARTESIAN_POINT('',(72.8,-21.7,-5.25));
#162 = DIRECTION('',(0.,0.,1.));
#163 = DIRECTION('',(0.,-1.,0.));
#164 = DEFINITIONAL_REPRESENTATION('',(#165),#169);
#165 = LINE('',#166,#167);
#166 = CARTESIAN_POINT('',(0.,-0.));
#167 = VECTOR('',#168,1.);
#168 = DIRECTION('',(1.,-0.));
#169 = ( GEOMETRIC_REPRESENTATION_CONTEXT(2) 
PARAMETRIC_REPRESENTATION_CONTEXT() REPRESENTATION_CONTEXT('2D SPACE',''
  ) );
#170 = ORIENTED_EDGE('',*,*,#171,.T.);
#171 = EDGE_CURVE('',#143,#172,#174,.T.);
#172 = VERTEX_POINT('',#173);
#173 = CARTESIAN_POINT('',(74.8,-21.7,4.4));
#174 = SURFACE_CURVE('',#175,(#179,#186),.PCURVE_S1.);
#175 = LINE('',#176,#177);
#176 = CARTESIAN_POINT('',(74.8,-21.7,-5.6));
#177 = VECTOR('',#178,1.);
#178 = DIRECTION('',(0.,0.,1.));
#179 = PCURVE('',#100,#180);
#180 = DEFINITIONAL_REPRESENTATION('',(#181),#185);
#181 = LINE('',#182,#183);
#182 = CARTESIAN_POINT('',(1.570796326795,0.));
#183 = VECTOR('',#184,1.);
#184 = DIRECTION('',(0.,1.));
#185 = ( GEOMETRIC_REPRESENTATION_CONTEXT(2) 
PARAMETRIC_REPRESENTATION_CONTEXT() REPRESENTATION_CONTEXT('2D SPACE',''
  ) );
#186 = PCURVE('',#187,#192);
#187 = PLANE('',#188);
#188 = AXIS2_PLACEMENT_3D('',#189,#190,#191);
#189 = CARTESIAN_POINT('',(74.8,-23.7,-5.6));
#190 = DIRECTION('',(-1.,0.,0.));
#191 = DIRECTION('',(0.,1.,0.));
#192 = DEFINITIONAL_REPRESENTATION('',(#193),#197);
#193 = LINE('',#194,#195);
#194 = CARTESIAN_POINT('',(2.,0.));
#195 = VECTOR('',#196,1.);
#196 = DIRECTION('',(0.,-1.));
#197 = ( GEOMETRIC_REPRESENTATION_CONTEXT(2) 
PARAMETRIC_REPRESENTATION_CONTEXT() REPRESENTATION_CONTEXT('2D SPACE',''
  ) );
#198 = ORIENTED_EDGE('',*,*,#199,.F.);
#199 = EDGE_CURVE('',#57,#172,#200,.T.);
#200 = SURFACE_CURVE('',#201,(#206,#213),.PCURVE_S1.);
#201 = CIRCLE('',#202,2.);
#202 = AXIS2_PLACEMENT_3D('',#203,#204,#205);
#203 = CARTESIAN_POINT('',(72.8,-21.7,4.4));
#204 = DIRECTION('',(0.,0.,1.));
#205 = DIRECTION('',(0.,-1.,0.));
#206 = PCURVE('',#100,#207);
#207 = DEFINITIONAL_REPRESENTATION('',(#208),#212);
#208 = LINE('',#209,#210);
#209 = CARTESIAN_POINT('',(0.,10.));
#210 = VECTOR('',#211,1.);
#211 = DIRECTION('',(1.,0.));
#212 = ( GEOMETRIC_REPRESENTATION_CONTEXT(2) 
PARAMETRIC_REPRESENTATION_CONTEXT() REPRESENTATION_CONTEXT('2D SPACE',''
  ) );
#213 = PCURVE('',#72,#214);
#214 = DEFINITIONAL_REPRESENTATION('',(#215),#219);
#215 = CIRCLE('',#216,2.);
#216 = AXIS2_PLACEMENT_2D('',#217,#218);
#217 = CARTESIAN_POINT('',(35.809333194243,-11.90497963771));
#218 = DIRECTION('',(0.,-1.));
#219 = ( GEOMETRIC_REPRESENTATION_CONTEXT(2) 
PARAMETRIC_REPRESENTATION_CONTEXT() REPRESENTATION_CONTEXT('2D SPACE',''
  ) );
#220 = ADVANCED_FACE('',(#221),#187,.F.);
#221 = FACE_BOUND('',#222,.F.);
#222 = EDGE_LOOP('',(#223,#251,#252,#275,#301,#327,#353,#381));
#223 = ORIENTED_EDGE('',*,*,#224,.F.);
#224 = EDGE_CURVE('',#143,#225,#227,.T.);
#225 = VERTEX_POINT('',#226);
#226 = CARTESIAN_POINT('',(74.8,4.9,-5.25));
#227 = SURFACE_CURVE('',#228,(#232,#239),.PCURVE_S1.);
#228 = LINE('',#229,#230);
#229 = CARTESIAN_POINT('',(74.8,-21.7,-5.25));
#230 = VECTOR('',#231,1.);
#231 = DIRECTION('',(0.,1.,0.));
#232 = PCURVE('',#187,#233);
#233 = DEFINITIONAL_REPRESENTATION('',(#234),#238);
#234 = LINE('',#235,#236);
#235 = CARTESIAN_POINT('',(2.,-0.35));
#236 = VECTOR('',#237,1.);
#237 = DIRECTION('',(1.,0.));
#238 = ( GEOMETRIC_REPRESENTATION_CONTEXT(2) 
PARAMETRIC_REPRESENTATION_CONTEXT() REPRESENTATION_CONTEXT('2D SPACE',''
  ) );
#239 = PCURVE('',#240,#245);
#240 = PLANE('',#241);
#241 = AXIS2_PLACEMENT_3D('',#242,#243,#244);
#242 = CARTESIAN_POINT('',(74.625,-21.7,-5.425));
#243 = DIRECTION('',(0.707106781187,3.473694424484E-18,-0.707106781187)
  );
#244 = DIRECTION('',(2.456272883323E-18,-1.,-2.456272883323E-18));
#245 = DEFINITIONAL_REPRESENTATION('',(#246),#250);
#246 = LINE('',#247,#248);
#247 = CARTESIAN_POINT('',(3.851859888774E-34,-0.247487373415));
#248 = VECTOR('',#249,1.);
#249 = DIRECTION('',(-1.,0.));
#250 = ( GEOMETRIC_REPRESENTATION_CONTEXT(2) 
PARAMETRIC_REPRESENTATION_CONTEXT() REPRESENTATION_CONTEXT('2D SPACE',''
  ) );
#251 = ORIENTED_EDGE('',*,*,#171,.T.);
#252 = ORIENTED_EDGE('',*,*,#253,.T.);
#253 = EDGE_CURVE('',#172,#254,#256,.T.);
#254 = VERTEX_POINT('',#255);
#255 = CARTESIAN_POINT('',(74.8,-17.8,4.4));
#256 = SURFACE_CURVE('',#257,(#261,#268),.PCURVE_S1.);
#257 = LINE('',#258,#259);
#258 = CARTESIAN_POINT('',(74.8,-23.7,4.4));
#259 = VECTOR('',#260,1.);
#260 = DIRECTION('',(0.,1.,0.));
#261 = PCURVE('',#187,#262);
#262 = DEFINITIONAL_REPRESENTATION('',(#263),#267);
#263 = LINE('',#264,#265);
#264 = CARTESIAN_POINT('',(0.,-10.));
#265 = VECTOR('',#266,1.);
#266 = DIRECTION('',(1.,0.));
#267 = ( GEOMETRIC_REPRESENTATION_CONTEXT(2) 
PARAMETRIC_REPRESENTATION_CONTEXT() REPRESENTATION_CONTEXT('2D SPACE',''
  ) );
#268 = PCURVE('',#72,#269);
#269 = DEFINITIONAL_REPRESENTATION('',(#270),#274);
#270 = LINE('',#271,#272);
#271 = CARTESIAN_POINT('',(37.809333194243,-13.90497963771));
#272 = VECTOR('',#273,1.);
#273 = DIRECTION('',(0.,1.));
#274 = ( GEOMETRIC_REPRESENTATION_CONTEXT(2) 
PARAMETRIC_REPRESENTATION_CONTEXT() REPRESENTATION_CONTEXT('2D SPACE',''
  ) );
#275 = ORIENTED_EDGE('',*,*,#276,.T.);
#276 = EDGE_CURVE('',#254,#277,#279,.T.);
#277 = VERTEX_POINT('',#278);
#278 = CARTESIAN_POINT('',(74.8,-17.8,1.05));
#279 = SURFACE_CURVE('',#280,(#284,#290),.PCURVE_S1.);
#280 = LINE('',#281,#282);
#281 = CARTESIAN_POINT('',(74.8,-17.8,-2.275));
#282 = VECTOR('',#283,1.);
#283 = DIRECTION('',(0.,0.,-1.));
#284 = PCURVE('',#187,#285);
#285 = DEFINITIONAL_REPRESENTATION('',(#286),#289);
#286 = B_SPLINE_CURVE_WITH_KNOTS('',1,(#287,#288),.UNSPECIFIED.,.F.,.F.,
  (2,2),(-6.675,-3.325),.PIECEWISE_BEZIER_KNOTS.);
#287 = CARTESIAN_POINT('',(5.9,-10.));
#288 = CARTESIAN_POINT('',(5.9,-6.65));
#289 = ( GEOMETRIC_REPRESENTATION_CONTEXT(2) 
PARAMETRIC_REPRESENTATION_CONTEXT() REPRESENTATION_CONTEXT('2D SPACE',''
  ) );
#290 = PCURVE('',#291,#296);
#291 = PLANE('',#292);
#292 = AXIS2_PLACEMENT_3D('',#293,#294,#295);
#293 = CARTESIAN_POINT('',(69.4,-17.8,1.05));
#294 = DIRECTION('',(0.,1.,0.));
#295 = DIRECTION('',(0.,0.,1.));
#296 = DEFINITIONAL_REPRESENTATION('',(#297),#300);
#297 = B_SPLINE_CURVE_WITH_KNOTS('',1,(#298,#299),.UNSPECIFIED.,.F.,.F.,
  (2,2),(-6.675,-3.325),.PIECEWISE_BEZIER_KNOTS.);
#298 = CARTESIAN_POINT('',(3.35,5.4));
#299 = CARTESIAN_POINT('',(0.,5.4));
#300 = ( GEOMETRIC_REPRESENTATION_CONTEXT(2) 
PARAMETRIC_REPRESENTATION_CONTEXT() REPRESENTATION_CONTEXT('2D SPACE',''
  ) );
#301 = ORIENTED_EDGE('',*,*,#302,.T.);
#302 = EDGE_CURVE('',#277,#303,#305,.T.);
#303 = VERTEX_POINT('',#304);
#304 = CARTESIAN_POINT('',(74.8,-4.3,1.05));
#305 = SURFACE_CURVE('',#306,(#310,#316),.PCURVE_S1.);
#306 = LINE('',#307,#308);
#307 = CARTESIAN_POINT('',(74.8,-20.75,1.05));
#308 = VECTOR('',#309,1.);
#309 = DIRECTION('',(0.,1.,-0.));
#310 = PCURVE('',#187,#311);
#311 = DEFINITIONAL_REPRESENTATION('',(#312),#315);
#312 = B_SPLINE_CURVE_WITH_KNOTS('',1,(#313,#314),.UNSPECIFIED.,.F.,.F.,
  (2,2),(2.95,16.45),.PIECEWISE_BEZIER_KNOTS.);
#313 = CARTESIAN_POINT('',(5.9,-6.65));
#314 = CARTESIAN_POINT('',(19.4,-6.65));
#315 = ( GEOMETRIC_REPRESENTATION_CONTEXT(2) 
PARAMETRIC_REPRESENTATION_CONTEXT() REPRESENTATION_CONTEXT('2D SPACE',''
  ) );
#316 = PCURVE('',#317,#322);
#317 = PLANE('',#318);
#318 = AXIS2_PLACEMENT_3D('',#319,#320,#321);
#319 = CARTESIAN_POINT('',(69.4,-17.8,1.05));
#320 = DIRECTION('',(0.,0.,1.));
#321 = DIRECTION('',(1.,0.,0.));
#322 = DEFINITIONAL_REPRESENTATION('',(#323),#326);
#323 = B_SPLINE_CURVE_WITH_KNOTS('',1,(#324,#325),.UNSPECIFIED.,.F.,.F.,
  (2,2),(2.95,16.45),.PIECEWISE_BEZIER_KNOTS.);
#324 = CARTESIAN_POINT('',(5.4,0.));
#325 = CARTESIAN_POINT('',(5.4,13.5));
#326 = ( GEOMETRIC_REPRESENTATION_CONTEXT(2) 
PARAMETRIC_REPRESENTATION_CONTEXT() REPRESENTATION_CONTEXT('2D SPACE',''
  ) );
#327 = ORIENTED_EDGE('',*,*,#328,.F.);
#328 = EDGE_CURVE('',#329,#303,#331,.T.);
#329 = VERTEX_POINT('',#330);
#330 = CARTESIAN_POINT('',(74.8,-4.3,4.4));
#331 = SURFACE_CURVE('',#332,(#336,#342),.PCURVE_S1.);
#332 = LINE('',#333,#334);
#333 = CARTESIAN_POINT('',(74.8,-4.3,-2.275));
#334 = VECTOR('',#335,1.);
#335 = DIRECTION('',(0.,0.,-1.));
#336 = PCURVE('',#187,#337);
#337 = DEFINITIONAL_REPRESENTATION('',(#338),#341);
#338 = B_SPLINE_CURVE_WITH_KNOTS('',1,(#339,#340),.UNSPECIFIED.,.F.,.F.,
  (2,2),(-6.675,-3.325),.PIECEWISE_BEZIER_KNOTS.);
#339 = CARTESIAN_POINT('',(19.4,-10.));
#340 = CARTESIAN_POINT('',(19.4,-6.65));
#341 = ( GEOMETRIC_REPRESENTATION_CONTEXT(2) 
PARAMETRIC_REPRESENTATION_CONTEXT() REPRESENTATION_CONTEXT('2D SPACE',''
  ) );
#342 = PCURVE('',#343,#348);
#343 = PLANE('',#344);
#344 = AXIS2_PLACEMENT_3D('',#345,#346,#347);
#345 = CARTESIAN_POINT('',(69.4,-4.3,1.05));
#346 = DIRECTION('',(0.,1.,0.));
#347 = DIRECTION('',(0.,0.,1.));
#348 = DEFINITIONAL_REPRESENTATION('',(#349),#352);
#349 = B_SPLINE_CURVE_WITH_KNOTS('',1,(#350,#351),.UNSPECIFIED.,.F.,.F.,
  (2,2),(-6.675,-3.325),.PIECEWISE_BEZIER_KNOTS.);
#350 = CARTESIAN_POINT('',(3.35,5.4));
#351 = CARTESIAN_POINT('',(0.,5.4));
#352 = ( GEOMETRIC_REPRESENTATION_CONTEXT(2) 
PARAMETRIC_REPRESENTATION_CONTEXT() REPRESENTATION_CONTEXT('2D SPACE',''
  ) );
#353 = ORIENTED_EDGE('',*,*,#354,.T.);
#354 = EDGE_CURVE('',#329,#355,#357,.T.);
#355 = VERTEX_POINT('',#356);
#356 = CARTESIAN_POINT('',(74.8,4.9,4.4));
#357 = SURFACE_CURVE('',#358,(#362,#369),.PCURVE_S1.);
#358 = LINE('',#359,#360);
#359 = CARTESIAN_POINT('',(74.8,-23.7,4.4));
#360 = VECTOR('',#361,1.);
#361 = DIRECTION('',(0.,1.,0.));
#362 = PCURVE('',#187,#363);
#363 = DEFINITIONAL_REPRESENTATION('',(#364),#368);
#364 = LINE('',#365,#366);
#365 = CARTESIAN_POINT('',(0.,-10.));
#366 = VECTOR('',#367,1.);
#367 = DIRECTION('',(1.,0.));
#368 = ( GEOMETRIC_REPRESENTATION_CONTEXT(2) 
PARAMETRIC_REPRESENTATION_CONTEXT() REPRESENTATION_CONTEXT('2D SPACE',''
  ) );
#369 = PCURVE('',#370,#375);
#370 = PLANE('',#371);
#371 = AXIS2_PLACEMENT_3D('',#372,#373,#374);
#372 = CARTESIAN_POINT('',(36.990666805757,-9.795020362289,4.4));
#373 = DIRECTION('',(0.,0.,1.));
#374 = DIRECTION('',(1.,0.,-0.));
#375 = DEFINITIONAL_REPRESENTATION('',(#376),#380);
#376 = LINE('',#377,#378);
#377 = CARTESIAN_POINT('',(37.809333194243,-13.90497963771));
#378 = VECTOR('',#379,1.);
#379 = DIRECTION('',(0.,1.));
#380 = ( GEOMETRIC_REPRESENTATION_CONTEXT(2) 
PARAMETRIC_REPRESENTATION_CONTEXT() REPRESENTATION_CONTEXT('2D SPACE',''
  ) );
#381 = ORIENTED_EDGE('',*,*,#382,.F.);
#382 = EDGE_CURVE('',#225,#355,#383,.T.);
#383 = SURFACE_CURVE('',#384,(#388,#395),.PCURVE_S1.);
#384 = LINE('',#385,#386);
#385 = CARTESIAN_POINT('',(74.8,4.9,-5.6));
#386 = VECTOR('',#387,1.);
#387 = DIRECTION('',(0.,0.,1.));
#388 = PCURVE('',#187,#389);
#389 = DEFINITIONAL_REPRESENTATION('',(#390),#394);
#390 = LINE('',#391,#392);
#391 = CARTESIAN_POINT('',(28.6,0.));
#392 = VECTOR('',#393,1.);
#393 = DIRECTION('',(0.,-1.));
#394 = ( GEOMETRIC_REPRESENTATION_CONTEXT(2) 
PARAMETRIC_REPRESENTATION_CONTEXT() REPRESENTATION_CONTEXT('2D SPACE',''
  ) );
#395 = PCURVE('',#396,#401);
#396 = CYLINDRICAL_SURFACE('',#397,2.);
#397 = AXIS2_PLACEMENT_3D('',#398,#399,#400);
#398 = CARTESIAN_POINT('',(72.8,4.9,-5.6));
#399 = DIRECTION('',(0.,0.,1.));
#400 = DIRECTION('',(1.,0.,-0.));
#401 = DEFINITIONAL_REPRESENTATION('',(#402),#406);
#402 = LINE('',#403,#404);
#403 = CARTESIAN_POINT('',(0.,0.));
#404 = VECTOR('',#405,1.);
#405 = DIRECTION('',(0.,1.));
#406 = ( GEOMETRIC_REPRESENTATION_CONTEXT(2) 
PARAMETRIC_REPRESENTATION_CONTEXT() REPRESENTATION_CONTEXT('2D SPACE',''
  ) );
#407 = ADVANCED_FACE('',(#408),#291,.T.);
#408 = FACE_BOUND('',#409,.T.);
#409 = EDGE_LOOP('',(#410,#433,#459,#493,#513));
#410 = ORIENTED_EDGE('',*,*,#411,.F.);
#411 = EDGE_CURVE('',#412,#277,#414,.T.);
#412 = VERTEX_POINT('',#413);
#413 = CARTESIAN_POINT('',(73.808,-17.8,1.05));
#414 = SURFACE_CURVE('',#415,(#419,#426),.PCURVE_S1.);
#415 = LINE('',#416,#417);
#416 = CARTESIAN_POINT('',(69.4,-17.8,1.05));
#417 = VECTOR('',#418,1.);
#418 = DIRECTION('',(1.,0.,0.));
#419 = PCURVE('',#291,#420);
#420 = DEFINITIONAL_REPRESENTATION('',(#421),#425);
#421 = LINE('',#422,#423);
#422 = CARTESIAN_POINT('',(0.,0.));
#423 = VECTOR('',#424,1.);
#424 = DIRECTION('',(0.,1.));
#425 = ( GEOMETRIC_REPRESENTATION_CONTEXT(2) 
PARAMETRIC_REPRESENTATION_CONTEXT() REPRESENTATION_CONTEXT('2D SPACE',''
  ) );
#426 = PCURVE('',#317,#427);
#427 = DEFINITIONAL_REPRESENTATION('',(#428),#432);
#428 = LINE('',#429,#430);
#429 = CARTESIAN_POINT('',(0.,0.));
#430 = VECTOR('',#431,1.);
#431 = DIRECTION('',(1.,0.));
#432 = ( GEOMETRIC_REPRESENTATION_CONTEXT(2) 
PARAMETRIC_REPRESENTATION_CONTEXT() REPRESENTATION_CONTEXT('2D SPACE',''
  ) );
#433 = ORIENTED_EDGE('',*,*,#434,.F.);
#434 = EDGE_CURVE('',#435,#412,#437,.T.);
#435 = VERTEX_POINT('',#436);
#436 = CARTESIAN_POINT('',(73.808,-17.8,3.5));
#437 = SURFACE_CURVE('',#438,(#442,#448),.PCURVE_S1.);
#438 = LINE('',#439,#440);
#439 = CARTESIAN_POINT('',(73.808,-17.8,0.525));
#440 = VECTOR('',#441,1.);
#441 = DIRECTION('',(0.,0.,-1.));
#442 = PCURVE('',#291,#443);
#443 = DEFINITIONAL_REPRESENTATION('',(#444),#447);
#444 = B_SPLINE_CURVE_WITH_KNOTS('',1,(#445,#446),.UNSPECIFIED.,.F.,.F.,
  (2,2),(-3.875,-0.525),.PIECEWISE_BEZIER_KNOTS.);
#445 = CARTESIAN_POINT('',(3.35,4.408));
#446 = CARTESIAN_POINT('',(0.,4.408));
#447 = ( GEOMETRIC_REPRESENTATION_CONTEXT(2) 
PARAMETRIC_REPRESENTATION_CONTEXT() REPRESENTATION_CONTEXT('2D SPACE',''
  ) );
#448 = PCURVE('',#449,#454);
#449 = PLANE('',#450);
#450 = AXIS2_PLACEMENT_3D('',#451,#452,#453);
#451 = CARTESIAN_POINT('',(73.808,-21.837,0.));
#452 = DIRECTION('',(1.,0.,0.));
#453 = DIRECTION('',(0.,0.,1.));
#454 = DEFINITIONAL_REPRESENTATION('',(#455),#458);
#455 = B_SPLINE_CURVE_WITH_KNOTS('',1,(#456,#457),.UNSPECIFIED.,.F.,.F.,
  (2,2),(-3.875,-0.525),.PIECEWISE_BEZIER_KNOTS.);
#456 = CARTESIAN_POINT('',(4.4,-4.037));
#457 = CARTESIAN_POINT('',(1.05,-4.037));
#458 = ( GEOMETRIC_REPRESENTATION_CONTEXT(2) 
PARAMETRIC_REPRESENTATION_CONTEXT() REPRESENTATION_CONTEXT('2D SPACE',''
  ) );
#459 = ORIENTED_EDGE('',*,*,#460,.T.);
#460 = EDGE_CURVE('',#435,#461,#463,.T.);
#461 = VERTEX_POINT('',#462);
#462 = CARTESIAN_POINT('',(74.108,-17.8,4.4));
#463 = SURFACE_CURVE('',#464,(#470,#479),.PCURVE_S1.);
#464 = B_SPLINE_CURVE_WITH_KNOTS('',4,(#465,#466,#467,#468,#469),
  .UNSPECIFIED.,.F.,.F.,(5,5),(0.,1.),.PIECEWISE_BEZIER_KNOTS.);
#465 = CARTESIAN_POINT('',(73.808,-17.8,3.5));
#466 = CARTESIAN_POINT('',(73.8829614921,-17.8,3.724884476301));
#467 = CARTESIAN_POINT('',(73.957949767867,-17.8,3.9498493036));
#468 = CARTESIAN_POINT('',(74.03296309937,-17.8,4.174889298109));
#469 = CARTESIAN_POINT('',(74.108,-17.8,4.4));
#470 = PCURVE('',#291,#471);
#471 = DEFINITIONAL_REPRESENTATION('',(#472),#478);
#472 = B_SPLINE_CURVE_WITH_KNOTS('',4,(#473,#474,#475,#476,#477),
  .UNSPECIFIED.,.F.,.F.,(5,5),(0.,1.),.PIECEWISE_BEZIER_KNOTS.);
#473 = CARTESIAN_POINT('',(2.45,4.408));
#474 = CARTESIAN_POINT('',(2.674884476301,4.4829614921));
#475 = CARTESIAN_POINT('',(2.8998493036,4.557949767867));
#476 = CARTESIAN_POINT('',(3.124889298109,4.63296309937));
#477 = CARTESIAN_POINT('',(3.35,4.708));
#478 = ( GEOMETRIC_REPRESENTATION_CONTEXT(2) 
PARAMETRIC_REPRESENTATION_CONTEXT() REPRESENTATION_CONTEXT('2D SPACE',''
  ) );
#479 = PCURVE('',#480,#485);
#480 = B_SPLINE_SURFACE_WITH_KNOTS('',1,1,(
    (#481,#482)
    ,(#483,#484
    )),.UNSPECIFIED.,.F.,.F.,.F.,(2,2),(2,2),(0.,23.037),(0.,1.),
  .PIECEWISE_BEZIER_KNOTS.);
#481 = CARTESIAN_POINT('',(73.808,-21.837,3.5));
#482 = CARTESIAN_POINT('',(74.108,-22.137,4.4));
#483 = CARTESIAN_POINT('',(73.808,0.6,3.5));
#484 = CARTESIAN_POINT('',(74.108,0.9,4.4));
#485 = DEFINITIONAL_REPRESENTATION('',(#486),#492);
#486 = B_SPLINE_CURVE_WITH_KNOTS('',4,(#487,#488,#489,#490,#491),
  .UNSPECIFIED.,.F.,.F.,(5,5),(0.,1.),.PIECEWISE_BEZIER_KNOTS.);
#487 = CARTESIAN_POINT('',(4.144955609039,0.));
#488 = CARTESIAN_POINT('',(4.19422528766,0.249871640335));
#489 = CARTESIAN_POINT('',(4.24263466231,0.499832559556));
#490 = CARTESIAN_POINT('',(4.290216347452,0.749876997899));
#491 = CARTESIAN_POINT('',(4.337,1.));
#492 = ( GEOMETRIC_REPRESENTATION_CONTEXT(2) 
PARAMETRIC_REPRESENTATION_CONTEXT() REPRESENTATION_CONTEXT('2D SPACE',''
  ) );
#493 = ORIENTED_EDGE('',*,*,#494,.F.);
#494 = EDGE_CURVE('',#254,#461,#495,.T.);
#495 = SURFACE_CURVE('',#496,(#500,#506),.PCURVE_S1.);
#496 = LINE('',#497,#498);
#497 = CARTESIAN_POINT('',(53.195333402879,-17.8,4.4));
#498 = VECTOR('',#499,1.);
#499 = DIRECTION('',(-1.,0.,0.));
#500 = PCURVE('',#291,#501);
#501 = DEFINITIONAL_REPRESENTATION('',(#502),#505);
#502 = B_SPLINE_CURVE_WITH_KNOTS('',1,(#503,#504),.UNSPECIFIED.,.F.,.F.,
  (2,2),(-21.60466659712,-16.20466659712),.PIECEWISE_BEZIER_KNOTS.);
#503 = CARTESIAN_POINT('',(3.35,5.4));
#504 = CARTESIAN_POINT('',(3.35,0.));
#505 = ( GEOMETRIC_REPRESENTATION_CONTEXT(2) 
PARAMETRIC_REPRESENTATION_CONTEXT() REPRESENTATION_CONTEXT('2D SPACE',''
  ) );
#506 = PCURVE('',#72,#507);
#507 = DEFINITIONAL_REPRESENTATION('',(#508),#512);
#508 = LINE('',#509,#510);
#509 = CARTESIAN_POINT('',(16.204666597121,-8.004979637711));
#510 = VECTOR('',#511,1.);
#511 = DIRECTION('',(-1.,0.));
#512 = ( GEOMETRIC_REPRESENTATION_CONTEXT(2) 
PARAMETRIC_REPRESENTATION_CONTEXT() REPRESENTATION_CONTEXT('2D SPACE',''
  ) );
#513 = ORIENTED_EDGE('',*,*,#276,.T.);
#514 = ADVANCED_FACE('',(#515),#449,.F.);
#515 = FACE_BOUND('',#516,.F.);
#516 = EDGE_LOOP('',(#517,#547,#575,#603,#630,#651,#670,#671));
#517 = ORIENTED_EDGE('',*,*,#518,.F.);
#518 = EDGE_CURVE('',#519,#521,#523,.T.);
#519 = VERTEX_POINT('',#520);
#520 = CARTESIAN_POINT('',(73.808,-21.837,0.));
#521 = VERTEX_POINT('',#522);
#522 = CARTESIAN_POINT('',(73.808,-21.837,3.5));
#523 = SURFACE_CURVE('',#524,(#528,#535),.PCURVE_S1.);
#524 = LINE('',#525,#526);
#525 = CARTESIAN_POINT('',(73.808,-21.837,0.));
#526 = VECTOR('',#527,1.);
#527 = DIRECTION('',(0.,0.,1.));
#528 = PCURVE('',#449,#529);
#529 = DEFINITIONAL_REPRESENTATION('',(#530),#534);
#530 = LINE('',#531,#532);
#531 = CARTESIAN_POINT('',(0.,0.));
#532 = VECTOR('',#533,1.);
#533 = DIRECTION('',(1.,0.));
#534 = ( GEOMETRIC_REPRESENTATION_CONTEXT(2) 
PARAMETRIC_REPRESENTATION_CONTEXT() REPRESENTATION_CONTEXT('2D SPACE',''
  ) );
#535 = PCURVE('',#536,#541);
#536 = PLANE('',#537);
#537 = AXIS2_PLACEMENT_3D('',#538,#539,#540);
#538 = CARTESIAN_POINT('',(-0.727,-21.837,0.));
#539 = DIRECTION('',(0.,1.,0.));
#540 = DIRECTION('',(0.,0.,1.));
#541 = DEFINITIONAL_REPRESENTATION('',(#542),#546);
#542 = LINE('',#543,#544);
#543 = CARTESIAN_POINT('',(0.,74.535));
#544 = VECTOR('',#545,1.);
#545 = DIRECTION('',(1.,0.));
#546 = ( GEOMETRIC_REPRESENTATION_CONTEXT(2) 
PARAMETRIC_REPRESENTATION_CONTEXT() REPRESENTATION_CONTEXT('2D SPACE',''
  ) );
#547 = ORIENTED_EDGE('',*,*,#548,.T.);
#548 = EDGE_CURVE('',#519,#549,#551,.T.);
#549 = VERTEX_POINT('',#550);
#550 = CARTESIAN_POINT('',(73.808,0.6,0.));
#551 = SURFACE_CURVE('',#552,(#556,#563),.PCURVE_S1.);
#552 = LINE('',#553,#554);
#553 = CARTESIAN_POINT('',(73.808,-21.837,0.));
#554 = VECTOR('',#555,1.);
#555 = DIRECTION('',(0.,1.,0.));
#556 = PCURVE('',#449,#557);
#557 = DEFINITIONAL_REPRESENTATION('',(#558),#562);
#558 = LINE('',#559,#560);
#559 = CARTESIAN_POINT('',(0.,0.));
#560 = VECTOR('',#561,1.);
#561 = DIRECTION('',(0.,-1.));
#562 = ( GEOMETRIC_REPRESENTATION_CONTEXT(2) 
PARAMETRIC_REPRESENTATION_CONTEXT() REPRESENTATION_CONTEXT('2D SPACE',''
  ) );
#563 = PCURVE('',#564,#569);
#564 = PLANE('',#565);
#565 = AXIS2_PLACEMENT_3D('',#566,#567,#568);
#566 = CARTESIAN_POINT('',(-0.727,-21.837,0.));
#567 = DIRECTION('',(0.,0.,1.));
#568 = DIRECTION('',(1.,0.,0.));
#569 = DEFINITIONAL_REPRESENTATION('',(#570),#574);
#570 = LINE('',#571,#572);
#571 = CARTESIAN_POINT('',(74.535,0.));
#572 = VECTOR('',#573,1.);
#573 = DIRECTION('',(0.,1.));
#574 = ( GEOMETRIC_REPRESENTATION_CONTEXT(2) 
PARAMETRIC_REPRESENTATION_CONTEXT() REPRESENTATION_CONTEXT('2D SPACE',''
  ) );
#575 = ORIENTED_EDGE('',*,*,#576,.T.);
#576 = EDGE_CURVE('',#549,#577,#579,.T.);
#577 = VERTEX_POINT('',#578);
#578 = CARTESIAN_POINT('',(73.808,0.6,3.5));
#579 = SURFACE_CURVE('',#580,(#584,#591),.PCURVE_S1.);
#580 = LINE('',#581,#582);
#581 = CARTESIAN_POINT('',(73.808,0.6,0.));
#582 = VECTOR('',#583,1.);
#583 = DIRECTION('',(0.,0.,1.));
#584 = PCURVE('',#449,#585);
#585 = DEFINITIONAL_REPRESENTATION('',(#586),#590);
#586 = LINE('',#587,#588);
#587 = CARTESIAN_POINT('',(0.,-22.437));
#588 = VECTOR('',#589,1.);
#589 = DIRECTION('',(1.,0.));
#590 = ( GEOMETRIC_REPRESENTATION_CONTEXT(2) 
PARAMETRIC_REPRESENTATION_CONTEXT() REPRESENTATION_CONTEXT('2D SPACE',''
  ) );
#591 = PCURVE('',#592,#597);
#592 = PLANE('',#593);
#593 = AXIS2_PLACEMENT_3D('',#594,#595,#596);
#594 = CARTESIAN_POINT('',(-0.727,0.6,0.));
#595 = DIRECTION('',(0.,1.,0.));
#596 = DIRECTION('',(0.,0.,1.));
#597 = DEFINITIONAL_REPRESENTATION('',(#598),#602);
#598 = LINE('',#599,#600);
#599 = CARTESIAN_POINT('',(0.,74.535));
#600 = VECTOR('',#601,1.);
#601 = DIRECTION('',(1.,0.));
#602 = ( GEOMETRIC_REPRESENTATION_CONTEXT(2) 
PARAMETRIC_REPRESENTATION_CONTEXT() REPRESENTATION_CONTEXT('2D SPACE',''
  ) );
#603 = ORIENTED_EDGE('',*,*,#604,.F.);
#604 = EDGE_CURVE('',#605,#577,#607,.T.);
#605 = VERTEX_POINT('',#606);
#606 = CARTESIAN_POINT('',(73.808,-4.3,3.5));
#607 = SURFACE_CURVE('',#608,(#612,#619),.PCURVE_S1.);
#608 = LINE('',#609,#610);
#609 = CARTESIAN_POINT('',(73.808,-21.837,3.5));
#610 = VECTOR('',#611,1.);
#611 = DIRECTION('',(0.,1.,0.));
#612 = PCURVE('',#449,#613);
#613 = DEFINITIONAL_REPRESENTATION('',(#614),#618);
#614 = LINE('',#615,#616);
#615 = CARTESIAN_POINT('',(3.5,0.));
#616 = VECTOR('',#617,1.);
#617 = DIRECTION('',(0.,-1.));
#618 = ( GEOMETRIC_REPRESENTATION_CONTEXT(2) 
PARAMETRIC_REPRESENTATION_CONTEXT() REPRESENTATION_CONTEXT('2D SPACE',''
  ) );
#619 = PCURVE('',#620,#625);
#620 = B_SPLINE_SURFACE_WITH_KNOTS('',1,1,(
    (#621,#622)
    ,(#623,#624
    )),.UNSPECIFIED.,.F.,.F.,.F.,(2,2),(2,2),(0.,23.037),(0.,1.),
  .PIECEWISE_BEZIER_KNOTS.);
#621 = CARTESIAN_POINT('',(73.808,-21.837,3.5));
#622 = CARTESIAN_POINT('',(74.108,-22.137,4.4));
#623 = CARTESIAN_POINT('',(73.808,0.6,3.5));
#624 = CARTESIAN_POINT('',(74.108,0.9,4.4));
#625 = DEFINITIONAL_REPRESENTATION('',(#626),#629);
#626 = B_SPLINE_CURVE_WITH_KNOTS('',1,(#627,#628),.UNSPECIFIED.,.F.,.F.,
  (2,2),(0.,22.437),.PIECEWISE_BEZIER_KNOTS.);
#627 = CARTESIAN_POINT('',(0.,0.));
#628 = CARTESIAN_POINT('',(23.037,0.));
#629 = ( GEOMETRIC_REPRESENTATION_CONTEXT(2) 
PARAMETRIC_REPRESENTATION_CONTEXT() REPRESENTATION_CONTEXT('2D SPACE',''
  ) );
#630 = ORIENTED_EDGE('',*,*,#631,.T.);
#631 = EDGE_CURVE('',#605,#632,#634,.T.);
#632 = VERTEX_POINT('',#633);
#633 = CARTESIAN_POINT('',(73.808,-4.3,1.05));
#634 = SURFACE_CURVE('',#635,(#639,#645),.PCURVE_S1.);
#635 = LINE('',#636,#637);
#636 = CARTESIAN_POINT('',(73.808,-4.3,0.525));
#637 = VECTOR('',#638,1.);
#638 = DIRECTION('',(0.,0.,-1.));
#639 = PCURVE('',#449,#640);
#640 = DEFINITIONAL_REPRESENTATION('',(#641),#644);
#641 = B_SPLINE_CURVE_WITH_KNOTS('',1,(#642,#643),.UNSPECIFIED.,.F.,.F.,
  (2,2),(-3.875,-0.525),.PIECEWISE_BEZIER_KNOTS.);
#642 = CARTESIAN_POINT('',(4.4,-17.537));
#643 = CARTESIAN_POINT('',(1.05,-17.537));
#644 = ( GEOMETRIC_REPRESENTATION_CONTEXT(2) 
PARAMETRIC_REPRESENTATION_CONTEXT() REPRESENTATION_CONTEXT('2D SPACE',''
  ) );
#645 = PCURVE('',#343,#646);
#646 = DEFINITIONAL_REPRESENTATION('',(#647),#650);
#647 = B_SPLINE_CURVE_WITH_KNOTS('',1,(#648,#649),.UNSPECIFIED.,.F.,.F.,
  (2,2),(-3.875,-0.525),.PIECEWISE_BEZIER_KNOTS.);
#648 = CARTESIAN_POINT('',(3.35,4.408));
#649 = CARTESIAN_POINT('',(0.,4.408));
#650 = ( GEOMETRIC_REPRESENTATION_CONTEXT(2) 
PARAMETRIC_REPRESENTATION_CONTEXT() REPRESENTATION_CONTEXT('2D SPACE',''
  ) );
#651 = ORIENTED_EDGE('',*,*,#652,.F.);
#652 = EDGE_CURVE('',#412,#632,#653,.T.);
#653 = SURFACE_CURVE('',#654,(#658,#664),.PCURVE_S1.);
#654 = LINE('',#655,#656);
#655 = CARTESIAN_POINT('',(73.808,-19.8185,1.05));
#656 = VECTOR('',#657,1.);
#657 = DIRECTION('',(0.,1.,0.));
#658 = PCURVE('',#449,#659);
#659 = DEFINITIONAL_REPRESENTATION('',(#660),#663);
#660 = B_SPLINE_CURVE_WITH_KNOTS('',1,(#661,#662),.UNSPECIFIED.,.F.,.F.,
  (2,2),(2.0185,15.5185),.PIECEWISE_BEZIER_KNOTS.);
#661 = CARTESIAN_POINT('',(1.05,-4.037));
#662 = CARTESIAN_POINT('',(1.05,-17.537));
#663 = ( GEOMETRIC_REPRESENTATION_CONTEXT(2) 
PARAMETRIC_REPRESENTATION_CONTEXT() REPRESENTATION_CONTEXT('2D SPACE',''
  ) );
#664 = PCURVE('',#317,#665);
#665 = DEFINITIONAL_REPRESENTATION('',(#666),#669);
#666 = B_SPLINE_CURVE_WITH_KNOTS('',1,(#667,#668),.UNSPECIFIED.,.F.,.F.,
  (2,2),(2.0185,15.5185),.PIECEWISE_BEZIER_KNOTS.);
#667 = CARTESIAN_POINT('',(4.408,0.));
#668 = CARTESIAN_POINT('',(4.408,13.5));
#669 = ( GEOMETRIC_REPRESENTATION_CONTEXT(2) 
PARAMETRIC_REPRESENTATION_CONTEXT() REPRESENTATION_CONTEXT('2D SPACE',''
  ) );
#670 = ORIENTED_EDGE('',*,*,#434,.F.);
#671 = ORIENTED_EDGE('',*,*,#672,.F.);
#672 = EDGE_CURVE('',#521,#435,#673,.T.);
#673 = SURFACE_CURVE('',#674,(#678,#685),.PCURVE_S1.);
#674 = LINE('',#675,#676);
#675 = CARTESIAN_POINT('',(73.808,-21.837,3.5));
#676 = VECTOR('',#677,1.);
#677 = DIRECTION('',(0.,1.,0.));
#678 = PCURVE('',#449,#679);
#679 = DEFINITIONAL_REPRESENTATION('',(#680),#684);
#680 = LINE('',#681,#682);
#681 = CARTESIAN_POINT('',(3.5,0.));
#682 = VECTOR('',#683,1.);
#683 = DIRECTION('',(0.,-1.));
#684 = ( GEOMETRIC_REPRESENTATION_CONTEXT(2) 
PARAMETRIC_REPRESENTATION_CONTEXT() REPRESENTATION_CONTEXT('2D SPACE',''
  ) );
#685 = PCURVE('',#480,#686);
#686 = DEFINITIONAL_REPRESENTATION('',(#687),#690);
#687 = B_SPLINE_CURVE_WITH_KNOTS('',1,(#688,#689),.UNSPECIFIED.,.F.,.F.,
  (2,2),(0.,22.437),.PIECEWISE_BEZIER_KNOTS.);
#688 = CARTESIAN_POINT('',(0.,0.));
#689 = CARTESIAN_POINT('',(23.037,0.));
#690 = ( GEOMETRIC_REPRESENTATION_CONTEXT(2) 
PARAMETRIC_REPRESENTATION_CONTEXT() REPRESENTATION_CONTEXT('2D SPACE',''
  ) );
#691 = ADVANCED_FACE('',(#692),#564,.T.);
#692 = FACE_BOUND('',#693,.T.);
#693 = EDGE_LOOP('',(#694,#722,#743,#744,#767,#788,#814,#840));
#694 = ORIENTED_EDGE('',*,*,#695,.T.);
#695 = EDGE_CURVE('',#696,#698,#700,.T.);
#696 = VERTEX_POINT('',#697);
#697 = CARTESIAN_POINT('',(71.7,-21.587,0.));
#698 = VERTEX_POINT('',#699);
#699 = CARTESIAN_POINT('',(71.7,-21.837,0.));
#700 = SURFACE_CURVE('',#701,(#705,#711),.PCURVE_S1.);
#701 = LINE('',#702,#703);
#702 = CARTESIAN_POINT('',(71.7,-21.8435,0.));
#703 = VECTOR('',#704,1.);
#704 = DIRECTION('',(0.,-1.,0.));
#705 = PCURVE('',#564,#706);
#706 = DEFINITIONAL_REPRESENTATION('',(#707),#710);
#707 = B_SPLINE_CURVE_WITH_KNOTS('',1,(#708,#709),.UNSPECIFIED.,.F.,.F.,
  (2,2),(-22.4435,-6.499999999999E-03),.PIECEWISE_BEZIER_KNOTS.);
#708 = CARTESIAN_POINT('',(72.427,22.437));
#709 = CARTESIAN_POINT('',(72.427,0.));
#710 = ( GEOMETRIC_REPRESENTATION_CONTEXT(2) 
PARAMETRIC_REPRESENTATION_CONTEXT() REPRESENTATION_CONTEXT('2D SPACE',''
  ) );
#711 = PCURVE('',#712,#717);
#712 = PLANE('',#713);
#713 = AXIS2_PLACEMENT_3D('',#714,#715,#716);
#714 = CARTESIAN_POINT('',(71.7,-21.85,-4.));
#715 = DIRECTION('',(1.,0.,0.));
#716 = DIRECTION('',(0.,0.,1.));
#717 = DEFINITIONAL_REPRESENTATION('',(#718),#721);
#718 = B_SPLINE_CURVE_WITH_KNOTS('',1,(#719,#720),.UNSPECIFIED.,.F.,.F.,
  (2,2),(-22.4435,-6.499999999999E-03),.PIECEWISE_BEZIER_KNOTS.);
#719 = CARTESIAN_POINT('',(4.,-22.45));
#720 = CARTESIAN_POINT('',(4.,-1.3E-02));
#721 = ( GEOMETRIC_REPRESENTATION_CONTEXT(2) 
PARAMETRIC_REPRESENTATION_CONTEXT() REPRESENTATION_CONTEXT('2D SPACE',''
  ) );
#722 = ORIENTED_EDGE('',*,*,#723,.T.);
#723 = EDGE_CURVE('',#698,#519,#724,.T.);
#724 = SURFACE_CURVE('',#725,(#729,#736),.PCURVE_S1.);
#725 = LINE('',#726,#727);
#726 = CARTESIAN_POINT('',(-0.727,-21.837,0.));
#727 = VECTOR('',#728,1.);
#728 = DIRECTION('',(1.,0.,0.));
#729 = PCURVE('',#564,#730);
#730 = DEFINITIONAL_REPRESENTATION('',(#731),#735);
#731 = LINE('',#732,#733);
#732 = CARTESIAN_POINT('',(0.,0.));
#733 = VECTOR('',#734,1.);
#734 = DIRECTION('',(1.,0.));
#735 = ( GEOMETRIC_REPRESENTATION_CONTEXT(2) 
PARAMETRIC_REPRESENTATION_CONTEXT() REPRESENTATION_CONTEXT('2D SPACE',''
  ) );
#736 = PCURVE('',#536,#737);
#737 = DEFINITIONAL_REPRESENTATION('',(#738),#742);
#738 = LINE('',#739,#740);
#739 = CARTESIAN_POINT('',(0.,0.));
#740 = VECTOR('',#741,1.);
#741 = DIRECTION('',(0.,1.));
#742 = ( GEOMETRIC_REPRESENTATION_CONTEXT(2) 
PARAMETRIC_REPRESENTATION_CONTEXT() REPRESENTATION_CONTEXT('2D SPACE',''
  ) );
#743 = ORIENTED_EDGE('',*,*,#548,.T.);
#744 = ORIENTED_EDGE('',*,*,#745,.F.);
#745 = EDGE_CURVE('',#746,#549,#748,.T.);
#746 = VERTEX_POINT('',#747);
#747 = CARTESIAN_POINT('',(71.7,0.6,0.));
#748 = SURFACE_CURVE('',#749,(#753,#760),.PCURVE_S1.);
#749 = LINE('',#750,#751);
#750 = CARTESIAN_POINT('',(-0.727,0.6,0.));
#751 = VECTOR('',#752,1.);
#752 = DIRECTION('',(1.,0.,0.));
#753 = PCURVE('',#564,#754);
#754 = DEFINITIONAL_REPRESENTATION('',(#755),#759);
#755 = LINE('',#756,#757);
#756 = CARTESIAN_POINT('',(0.,22.437));
#757 = VECTOR('',#758,1.);
#758 = DIRECTION('',(1.,0.));
#759 = ( GEOMETRIC_REPRESENTATION_CONTEXT(2) 
PARAMETRIC_REPRESENTATION_CONTEXT() REPRESENTATION_CONTEXT('2D SPACE',''
  ) );
#760 = PCURVE('',#592,#761);
#761 = DEFINITIONAL_REPRESENTATION('',(#762),#766);
#762 = LINE('',#763,#764);
#763 = CARTESIAN_POINT('',(0.,0.));
#764 = VECTOR('',#765,1.);
#765 = DIRECTION('',(0.,1.));
#766 = ( GEOMETRIC_REPRESENTATION_CONTEXT(2) 
PARAMETRIC_REPRESENTATION_CONTEXT() REPRESENTATION_CONTEXT('2D SPACE',''
  ) );
#767 = ORIENTED_EDGE('',*,*,#768,.T.);
#768 = EDGE_CURVE('',#746,#769,#771,.T.);
#769 = VERTEX_POINT('',#770);
#770 = CARTESIAN_POINT('',(71.7,0.35,0.));
#771 = SURFACE_CURVE('',#772,(#776,#782),.PCURVE_S1.);
#772 = LINE('',#773,#774);
#773 = CARTESIAN_POINT('',(71.7,-21.8435,0.));
#774 = VECTOR('',#775,1.);
#775 = DIRECTION('',(0.,-1.,0.));
#776 = PCURVE('',#564,#777);
#777 = DEFINITIONAL_REPRESENTATION('',(#778),#781);
#778 = B_SPLINE_CURVE_WITH_KNOTS('',1,(#779,#780),.UNSPECIFIED.,.F.,.F.,
  (2,2),(-22.4435,-6.499999999999E-03),.PIECEWISE_BEZIER_KNOTS.);
#779 = CARTESIAN_POINT('',(72.427,22.437));
#780 = CARTESIAN_POINT('',(72.427,0.));
#781 = ( GEOMETRIC_REPRESENTATION_CONTEXT(2) 
PARAMETRIC_REPRESENTATION_CONTEXT() REPRESENTATION_CONTEXT('2D SPACE',''
  ) );
#782 = PCURVE('',#712,#783);
#783 = DEFINITIONAL_REPRESENTATION('',(#784),#787);
#784 = B_SPLINE_CURVE_WITH_KNOTS('',1,(#785,#786),.UNSPECIFIED.,.F.,.F.,
  (2,2),(-22.4435,-6.499999999999E-03),.PIECEWISE_BEZIER_KNOTS.);
#785 = CARTESIAN_POINT('',(4.,-22.45));
#786 = CARTESIAN_POINT('',(4.,-1.3E-02));
#787 = ( GEOMETRIC_REPRESENTATION_CONTEXT(2) 
PARAMETRIC_REPRESENTATION_CONTEXT() REPRESENTATION_CONTEXT('2D SPACE',''
  ) );
#788 = ORIENTED_EDGE('',*,*,#789,.T.);
#789 = EDGE_CURVE('',#769,#790,#792,.T.);
#790 = VERTEX_POINT('',#791);
#791 = CARTESIAN_POINT('',(73.558,0.35,0.));
#792 = SURFACE_CURVE('',#793,(#797,#803),.PCURVE_S1.);
#793 = LINE('',#794,#795);
#794 = CARTESIAN_POINT('',(-0.602,0.35,0.));
#795 = VECTOR('',#796,1.);
#796 = DIRECTION('',(1.,0.,0.));
#797 = PCURVE('',#564,#798);
#798 = DEFINITIONAL_REPRESENTATION('',(#799),#802);
#799 = B_SPLINE_CURVE_WITH_KNOTS('',1,(#800,#801),.UNSPECIFIED.,.F.,.F.,
  (2,2),(72.302,74.16),.PIECEWISE_BEZIER_KNOTS.);
#800 = CARTESIAN_POINT('',(72.427,22.187));
#801 = CARTESIAN_POINT('',(74.285,22.187));
#802 = ( GEOMETRIC_REPRESENTATION_CONTEXT(2) 
PARAMETRIC_REPRESENTATION_CONTEXT() REPRESENTATION_CONTEXT('2D SPACE',''
  ) );
#803 = PCURVE('',#804,#809);
#804 = PLANE('',#805);
#805 = AXIS2_PLACEMENT_3D('',#806,#807,#808);
#806 = CARTESIAN_POINT('',(-0.477,0.35,-0.25));
#807 = DIRECTION('',(0.,1.,0.));
#808 = DIRECTION('',(0.,0.,1.));
#809 = DEFINITIONAL_REPRESENTATION('',(#810),#813);
#810 = B_SPLINE_CURVE_WITH_KNOTS('',1,(#811,#812),.UNSPECIFIED.,.F.,.F.,
  (2,2),(72.302,74.16),.PIECEWISE_BEZIER_KNOTS.);
#811 = CARTESIAN_POINT('',(0.25,72.177));
#812 = CARTESIAN_POINT('',(0.25,74.035));
#813 = ( GEOMETRIC_REPRESENTATION_CONTEXT(2) 
PARAMETRIC_REPRESENTATION_CONTEXT() REPRESENTATION_CONTEXT('2D SPACE',''
  ) );
#814 = ORIENTED_EDGE('',*,*,#815,.T.);
#815 = EDGE_CURVE('',#790,#816,#818,.T.);
#816 = VERTEX_POINT('',#817);
#817 = CARTESIAN_POINT('',(73.558,-21.587,0.));
#818 = SURFACE_CURVE('',#819,(#823,#829),.PCURVE_S1.);
#819 = LINE('',#820,#821);
#820 = CARTESIAN_POINT('',(73.558,-21.712,0.));
#821 = VECTOR('',#822,1.);
#822 = DIRECTION('',(0.,-1.,0.));
#823 = PCURVE('',#564,#824);
#824 = DEFINITIONAL_REPRESENTATION('',(#825),#828);
#825 = B_SPLINE_CURVE_WITH_KNOTS('',1,(#826,#827),.UNSPECIFIED.,.F.,.F.,
  (2,2),(-22.062,-0.125),.PIECEWISE_BEZIER_KNOTS.);
#826 = CARTESIAN_POINT('',(74.285,22.187));
#827 = CARTESIAN_POINT('',(74.285,0.25));
#828 = ( GEOMETRIC_REPRESENTATION_CONTEXT(2) 
PARAMETRIC_REPRESENTATION_CONTEXT() REPRESENTATION_CONTEXT('2D SPACE',''
  ) );
#829 = PCURVE('',#830,#835);
#830 = PLANE('',#831);
#831 = AXIS2_PLACEMENT_3D('',#832,#833,#834);
#832 = CARTESIAN_POINT('',(73.558,-21.587,-0.25));
#833 = DIRECTION('',(1.,0.,0.));
#834 = DIRECTION('',(0.,0.,1.));
#835 = DEFINITIONAL_REPRESENTATION('',(#836),#839);
#836 = B_SPLINE_CURVE_WITH_KNOTS('',1,(#837,#838),.UNSPECIFIED.,.F.,.F.,
  (2,2),(-22.062,-0.125),.PIECEWISE_BEZIER_KNOTS.);
#837 = CARTESIAN_POINT('',(0.25,-21.937));
#838 = CARTESIAN_POINT('',(0.25,0.));
#839 = ( GEOMETRIC_REPRESENTATION_CONTEXT(2) 
PARAMETRIC_REPRESENTATION_CONTEXT() REPRESENTATION_CONTEXT('2D SPACE',''
  ) );
#840 = ORIENTED_EDGE('',*,*,#841,.F.);
#841 = EDGE_CURVE('',#696,#816,#842,.T.);
#842 = SURFACE_CURVE('',#843,(#847,#853),.PCURVE_S1.);
#843 = LINE('',#844,#845);
#844 = CARTESIAN_POINT('',(-0.602,-21.587,0.));
#845 = VECTOR('',#846,1.);
#846 = DIRECTION('',(1.,0.,0.));
#847 = PCURVE('',#564,#848);
#848 = DEFINITIONAL_REPRESENTATION('',(#849),#852);
#849 = B_SPLINE_CURVE_WITH_KNOTS('',1,(#850,#851),.UNSPECIFIED.,.F.,.F.,
  (2,2),(72.302,74.16),.PIECEWISE_BEZIER_KNOTS.);
#850 = CARTESIAN_POINT('',(72.427,0.25));
#851 = CARTESIAN_POINT('',(74.285,0.25));
#852 = ( GEOMETRIC_REPRESENTATION_CONTEXT(2) 
PARAMETRIC_REPRESENTATION_CONTEXT() REPRESENTATION_CONTEXT('2D SPACE',''
  ) );
#853 = PCURVE('',#854,#859);
#854 = PLANE('',#855);
#855 = AXIS2_PLACEMENT_3D('',#856,#857,#858);
#856 = CARTESIAN_POINT('',(-0.477,-21.587,-0.25));
#857 = DIRECTION('',(0.,1.,0.));
#858 = DIRECTION('',(0.,0.,1.));
#859 = DEFINITIONAL_REPRESENTATION('',(#860),#863);
#860 = B_SPLINE_CURVE_WITH_KNOTS('',1,(#861,#862),.UNSPECIFIED.,.F.,.F.,
  (2,2),(72.302,74.16),.PIECEWISE_BEZIER_KNOTS.);
#861 = CARTESIAN_POINT('',(0.25,72.177));
#862 = CARTESIAN_POINT('',(0.25,74.035));
#863 = ( GEOMETRIC_REPRESENTATION_CONTEXT(2) 
PARAMETRIC_REPRESENTATION_CONTEXT() REPRESENTATION_CONTEXT('2D SPACE',''
  ) );
#864 = ADVANCED_FACE('',(#865),#804,.F.);
#865 = FACE_BOUND('',#866,.F.);
#866 = EDGE_LOOP('',(#867,#897,#916,#917));
#867 = ORIENTED_EDGE('',*,*,#868,.F.);
#868 = EDGE_CURVE('',#869,#871,#873,.T.);
#869 = VERTEX_POINT('',#870);
#870 = CARTESIAN_POINT('',(71.7,0.35,-0.25));
#871 = VERTEX_POINT('',#872);
#872 = CARTESIAN_POINT('',(73.558,0.35,-0.25));
#873 = SURFACE_CURVE('',#874,(#878,#885),.PCURVE_S1.);
#874 = LINE('',#875,#876);
#875 = CARTESIAN_POINT('',(-0.477,0.35,-0.25));
#876 = VECTOR('',#877,1.);
#877 = DIRECTION('',(1.,0.,0.));
#878 = PCURVE('',#804,#879);
#879 = DEFINITIONAL_REPRESENTATION('',(#880),#884);
#880 = LINE('',#881,#882);
#881 = CARTESIAN_POINT('',(0.,0.));
#882 = VECTOR('',#883,1.);
#883 = DIRECTION('',(0.,1.));
#884 = ( GEOMETRIC_REPRESENTATION_CONTEXT(2) 
PARAMETRIC_REPRESENTATION_CONTEXT() REPRESENTATION_CONTEXT('2D SPACE',''
  ) );
#885 = PCURVE('',#886,#891);
#886 = PLANE('',#887);
#887 = AXIS2_PLACEMENT_3D('',#888,#889,#890);
#888 = CARTESIAN_POINT('',(-0.477,-21.587,-0.25));
#889 = DIRECTION('',(0.,0.,1.));
#890 = DIRECTION('',(1.,0.,0.));
#891 = DEFINITIONAL_REPRESENTATION('',(#892),#896);
#892 = LINE('',#893,#894);
#893 = CARTESIAN_POINT('',(0.,21.937));
#894 = VECTOR('',#895,1.);
#895 = DIRECTION('',(1.,0.));
#896 = ( GEOMETRIC_REPRESENTATION_CONTEXT(2) 
PARAMETRIC_REPRESENTATION_CONTEXT() REPRESENTATION_CONTEXT('2D SPACE',''
  ) );
#897 = ORIENTED_EDGE('',*,*,#898,.T.);
#898 = EDGE_CURVE('',#869,#769,#899,.T.);
#899 = SURFACE_CURVE('',#900,(#904,#910),.PCURVE_S1.);
#900 = LINE('',#901,#902);
#901 = CARTESIAN_POINT('',(71.7,0.35,-2.125));
#902 = VECTOR('',#903,1.);
#903 = DIRECTION('',(0.,0.,1.));
#904 = PCURVE('',#804,#905);
#905 = DEFINITIONAL_REPRESENTATION('',(#906),#909);
#906 = B_SPLINE_CURVE_WITH_KNOTS('',1,(#907,#908),.UNSPECIFIED.,.F.,.F.,
  (2,2),(1.875,3.975),.PIECEWISE_BEZIER_KNOTS.);
#907 = CARTESIAN_POINT('',(0.,72.177));
#908 = CARTESIAN_POINT('',(2.1,72.177));
#909 = ( GEOMETRIC_REPRESENTATION_CONTEXT(2) 
PARAMETRIC_REPRESENTATION_CONTEXT() REPRESENTATION_CONTEXT('2D SPACE',''
  ) );
#910 = PCURVE('',#712,#911);
#911 = DEFINITIONAL_REPRESENTATION('',(#912),#915);
#912 = B_SPLINE_CURVE_WITH_KNOTS('',1,(#913,#914),.UNSPECIFIED.,.F.,.F.,
  (2,2),(1.875,3.975),.PIECEWISE_BEZIER_KNOTS.);
#913 = CARTESIAN_POINT('',(3.75,-22.2));
#914 = CARTESIAN_POINT('',(5.85,-22.2));
#915 = ( GEOMETRIC_REPRESENTATION_CONTEXT(2) 
PARAMETRIC_REPRESENTATION_CONTEXT() REPRESENTATION_CONTEXT('2D SPACE',''
  ) );
#916 = ORIENTED_EDGE('',*,*,#789,.T.);
#917 = ORIENTED_EDGE('',*,*,#918,.F.);
#918 = EDGE_CURVE('',#871,#790,#919,.T.);
#919 = SURFACE_CURVE('',#920,(#924,#931),.PCURVE_S1.);
#920 = LINE('',#921,#922);
#921 = CARTESIAN_POINT('',(73.558,0.35,-0.25));
#922 = VECTOR('',#923,1.);
#923 = DIRECTION('',(0.,0.,1.));
#924 = PCURVE('',#804,#925);
#925 = DEFINITIONAL_REPRESENTATION('',(#926),#930);
#926 = LINE('',#927,#928);
#927 = CARTESIAN_POINT('',(0.,74.035));
#928 = VECTOR('',#929,1.);
#929 = DIRECTION('',(1.,0.));
#930 = ( GEOMETRIC_REPRESENTATION_CONTEXT(2) 
PARAMETRIC_REPRESENTATION_CONTEXT() REPRESENTATION_CONTEXT('2D SPACE',''
  ) );
#931 = PCURVE('',#830,#932);
#932 = DEFINITIONAL_REPRESENTATION('',(#933),#937);
#933 = LINE('',#934,#935);
#934 = CARTESIAN_POINT('',(0.,-21.937));
#935 = VECTOR('',#936,1.);
#936 = DIRECTION('',(1.,0.));
#937 = ( GEOMETRIC_REPRESENTATION_CONTEXT(2) 
PARAMETRIC_REPRESENTATION_CONTEXT() REPRESENTATION_CONTEXT('2D SPACE',''
  ) );
#938 = ADVANCED_FACE('',(#939),#886,.T.);
#939 = FACE_BOUND('',#940,.T.);
#940 = EDGE_LOOP('',(#941,#942,#963,#996,#1017,#1050,#1071,#1104,#1125,
    #1158,#1179,#1202));
#941 = ORIENTED_EDGE('',*,*,#868,.F.);
#942 = ORIENTED_EDGE('',*,*,#943,.T.);
#943 = EDGE_CURVE('',#869,#944,#946,.T.);
#944 = VERTEX_POINT('',#945);
#945 = CARTESIAN_POINT('',(71.7,-3.693634617463,-0.25));
#946 = SURFACE_CURVE('',#947,(#951,#957),.PCURVE_S1.);
#947 = LINE('',#948,#949);
#948 = CARTESIAN_POINT('',(71.7,-21.7185,-0.25));
#949 = VECTOR('',#950,1.);
#950 = DIRECTION('',(0.,-1.,0.));
#951 = PCURVE('',#886,#952);
#952 = DEFINITIONAL_REPRESENTATION('',(#953),#956);
#953 = B_SPLINE_CURVE_WITH_KNOTS('',1,(#954,#955),.UNSPECIFIED.,.F.,.F.,
  (2,2),(-22.0685,-0.1315),.PIECEWISE_BEZIER_KNOTS.);
#954 = CARTESIAN_POINT('',(72.177,21.937));
#955 = CARTESIAN_POINT('',(72.177,0.));
#956 = ( GEOMETRIC_REPRESENTATION_CONTEXT(2) 
PARAMETRIC_REPRESENTATION_CONTEXT() REPRESENTATION_CONTEXT('2D SPACE',''
  ) );
#957 = PCURVE('',#712,#958);
#958 = DEFINITIONAL_REPRESENTATION('',(#959),#962);
#959 = B_SPLINE_CURVE_WITH_KNOTS('',1,(#960,#961),.UNSPECIFIED.,.F.,.F.,
  (2,2),(-22.0685,-0.1315),.PIECEWISE_BEZIER_KNOTS.);
#960 = CARTESIAN_POINT('',(3.75,-22.2));
#961 = CARTESIAN_POINT('',(3.75,-0.263));
#962 = ( GEOMETRIC_REPRESENTATION_CONTEXT(2) 
PARAMETRIC_REPRESENTATION_CONTEXT() REPRESENTATION_CONTEXT('2D SPACE',''
  ) );
#963 = ORIENTED_EDGE('',*,*,#964,.T.);
#964 = EDGE_CURVE('',#944,#965,#967,.T.);
#965 = VERTEX_POINT('',#966);
#966 = CARTESIAN_POINT('',(71.7,-6.404485382537,-0.25));
#967 = SURFACE_CURVE('',#968,(#973,#984),.PCURVE_S1.);
#968 = CIRCLE('',#969,1.599995);
#969 = AXIS2_PLACEMENT_3D('',#970,#971,#972);
#970 = CARTESIAN_POINT('',(70.84982,-5.04906,-0.25));
#971 = DIRECTION('',(0.,0.,-1.));
#972 = DIRECTION('',(0.531364160513,0.847143511409,0.));
#973 = PCURVE('',#886,#974);
#974 = DEFINITIONAL_REPRESENTATION('',(#975),#983);
#975 = ( BOUNDED_CURVE() B_SPLINE_CURVE(2,(#976,#977,#978,#979,#980,#981
,#982),.UNSPECIFIED.,.T.,.F.) B_SPLINE_CURVE_WITH_KNOTS((1,2,2,2,2,1),(
    -2.094395102393,0.,2.094395102393,4.188790204786,6.28318530718,
8.377580409573),.UNSPECIFIED.) CURVE() GEOMETRIC_REPRESENTATION_ITEM() 
RATIONAL_B_SPLINE_CURVE((1.,0.5,1.,0.5,1.,0.5,1.)) REPRESENTATION_ITEM(
  '') );
#976 = CARTESIAN_POINT('',(72.177,17.893365382537));
#977 = CARTESIAN_POINT('',(74.524665628422,16.420810426958));
#978 = CARTESIAN_POINT('',(72.075562814211,15.123949830942));
#979 = CARTESIAN_POINT('',(69.62646,13.827089234926));
#980 = CARTESIAN_POINT('',(69.727897185789,16.596504786521));
#981 = CARTESIAN_POINT('',(69.829334371578,19.365920338116));
#982 = CARTESIAN_POINT('',(72.177,17.893365382537));
#983 = ( GEOMETRIC_REPRESENTATION_CONTEXT(2) 
PARAMETRIC_REPRESENTATION_CONTEXT() REPRESENTATION_CONTEXT('2D SPACE',''
  ) );
#984 = PCURVE('',#985,#990);
#985 = CYLINDRICAL_SURFACE('',#986,1.599995);
#986 = AXIS2_PLACEMENT_3D('',#987,#988,#989);
#987 = CARTESIAN_POINT('',(70.84982,-5.04906,-2.5));
#988 = DIRECTION('',(-0.,-0.,-1.));
#989 = DIRECTION('',(1.,0.,0.));
#990 = DEFINITIONAL_REPRESENTATION('',(#991),#995);
#991 = LINE('',#992,#993);
#992 = CARTESIAN_POINT('',(-7.293771574088,-2.25));
#993 = VECTOR('',#994,1.);
#994 = DIRECTION('',(1.,-0.));
#995 = ( GEOMETRIC_REPRESENTATION_CONTEXT(2) 
PARAMETRIC_REPRESENTATION_CONTEXT() REPRESENTATION_CONTEXT('2D SPACE',''
  ) );
#996 = ORIENTED_EDGE('',*,*,#997,.T.);
#997 = EDGE_CURVE('',#965,#998,#1000,.T.);
#998 = VERTEX_POINT('',#999);
#999 = CARTESIAN_POINT('',(71.7,-8.369680899069,-0.25));
#1000 = SURFACE_CURVE('',#1001,(#1005,#1011),.PCURVE_S1.);
#1001 = LINE('',#1002,#1003);
#1002 = CARTESIAN_POINT('',(71.7,-21.7185,-0.25));
#1003 = VECTOR('',#1004,1.);
#1004 = DIRECTION('',(0.,-1.,0.));
#1005 = PCURVE('',#886,#1006);
#1006 = DEFINITIONAL_REPRESENTATION('',(#1007),#1010);
#1007 = B_SPLINE_CURVE_WITH_KNOTS('',1,(#1008,#1009),.UNSPECIFIED.,.F.,
  .F.,(2,2),(-22.0685,-0.1315),.PIECEWISE_BEZIER_KNOTS.);
#1008 = CARTESIAN_POINT('',(72.177,21.937));
#1009 = CARTESIAN_POINT('',(72.177,0.));
#1010 = ( GEOMETRIC_REPRESENTATION_CONTEXT(2) 
PARAMETRIC_REPRESENTATION_CONTEXT() REPRESENTATION_CONTEXT('2D SPACE',''
  ) );
#1011 = PCURVE('',#712,#1012);
#1012 = DEFINITIONAL_REPRESENTATION('',(#1013),#1016);
#1013 = B_SPLINE_CURVE_WITH_KNOTS('',1,(#1014,#1015),.UNSPECIFIED.,.F.,
  .F.,(2,2),(-22.0685,-0.1315),.PIECEWISE_BEZIER_KNOTS.);
#1014 = CARTESIAN_POINT('',(3.75,-22.2));
#1015 = CARTESIAN_POINT('',(3.75,-0.263));
#1016 = ( GEOMETRIC_REPRESENTATION_CONTEXT(2) 
PARAMETRIC_REPRESENTATION_CONTEXT() REPRESENTATION_CONTEXT('2D SPACE',''
  ) );
#1017 = ORIENTED_EDGE('',*,*,#1018,.T.);
#1018 = EDGE_CURVE('',#998,#1019,#1021,.T.);
#1019 = VERTEX_POINT('',#1020);
#1020 = CARTESIAN_POINT('',(71.7,-9.228459100931,-0.25));
#1021 = SURFACE_CURVE('',#1022,(#1027,#1038),.PCURVE_S1.);
#1022 = CIRCLE('',#1023,0.8);
#1023 = AXIS2_PLACEMENT_3D('',#1024,#1025,#1026);
#1024 = CARTESIAN_POINT('',(71.025,-8.79907,-0.25));
#1025 = DIRECTION('',(0.,0.,-1.));
#1026 = DIRECTION('',(0.843750000001,0.536736376165,0.));
#1027 = PCURVE('',#886,#1028);
#1028 = DEFINITIONAL_REPRESENTATION('',(#1029),#1037);
#1029 = ( BOUNDED_CURVE() B_SPLINE_CURVE(2,(#1030,#1031,#1032,#1033,
#1034,#1035,#1036),.UNSPECIFIED.,.T.,.F.) B_SPLINE_CURVE_WITH_KNOTS((1,2
    ,2,2,2,1),(-2.094395102393,0.,2.094395102393,4.188790204786,
6.28318530718,8.377580409573),.UNSPECIFIED.) CURVE() 
GEOMETRIC_REPRESENTATION_ITEM() RATIONAL_B_SPLINE_CURVE((1.,0.5,1.,0.5,
1.,0.5,1.)) REPRESENTATION_ITEM('') );
#1030 = CARTESIAN_POINT('',(72.177000000001,13.217319100932));
#1031 = CARTESIAN_POINT('',(72.920723739031,12.048184805822));
#1032 = CARTESIAN_POINT('',(71.536361869515,11.988668301979));
#1033 = CARTESIAN_POINT('',(70.151999999999,11.929151798136));
#1034 = CARTESIAN_POINT('',(70.792638130485,13.157802597089));
#1035 = CARTESIAN_POINT('',(71.43327626097,14.386453396042));
#1036 = CARTESIAN_POINT('',(72.177000000001,13.217319100932));
#1037 = ( GEOMETRIC_REPRESENTATION_CONTEXT(2) 
PARAMETRIC_REPRESENTATION_CONTEXT() REPRESENTATION_CONTEXT('2D SPACE',''
  ) );
#1038 = PCURVE('',#1039,#1044);
#1039 = CYLINDRICAL_SURFACE('',#1040,0.8);
#1040 = AXIS2_PLACEMENT_3D('',#1041,#1042,#1043);
#1041 = CARTESIAN_POINT('',(71.025,-8.79907,-1.2));
#1042 = DIRECTION('',(-0.,-0.,-1.));
#1043 = DIRECTION('',(1.,0.,0.));
#1044 = DEFINITIONAL_REPRESENTATION('',(#1045),#1049);
#1045 = LINE('',#1046,#1047);
#1046 = CARTESIAN_POINT('',(-6.849749637799,-0.95));
#1047 = VECTOR('',#1048,1.);
#1048 = DIRECTION('',(1.,-0.));
#1049 = ( GEOMETRIC_REPRESENTATION_CONTEXT(2) 
PARAMETRIC_REPRESENTATION_CONTEXT() REPRESENTATION_CONTEXT('2D SPACE',''
  ) );
#1050 = ORIENTED_EDGE('',*,*,#1051,.T.);
#1051 = EDGE_CURVE('',#1019,#1052,#1054,.T.);
#1052 = VERTEX_POINT('',#1053);
#1053 = CARTESIAN_POINT('',(71.7,-12.86980089906,-0.25));
#1054 = SURFACE_CURVE('',#1055,(#1059,#1065),.PCURVE_S1.);
#1055 = LINE('',#1056,#1057);
#1056 = CARTESIAN_POINT('',(71.7,-21.7185,-0.25));
#1057 = VECTOR('',#1058,1.);
#1058 = DIRECTION('',(0.,-1.,0.));
#1059 = PCURVE('',#886,#1060);
#1060 = DEFINITIONAL_REPRESENTATION('',(#1061),#1064);
#1061 = B_SPLINE_CURVE_WITH_KNOTS('',1,(#1062,#1063),.UNSPECIFIED.,.F.,
  .F.,(2,2),(-22.0685,-0.1315),.PIECEWISE_BEZIER_KNOTS.);
#1062 = CARTESIAN_POINT('',(72.177,21.937));
#1063 = CARTESIAN_POINT('',(72.177,0.));
#1064 = ( GEOMETRIC_REPRESENTATION_CONTEXT(2) 
PARAMETRIC_REPRESENTATION_CONTEXT() REPRESENTATION_CONTEXT('2D SPACE',''
  ) );
#1065 = PCURVE('',#712,#1066);
#1066 = DEFINITIONAL_REPRESENTATION('',(#1067),#1070);
#1067 = B_SPLINE_CURVE_WITH_KNOTS('',1,(#1068,#1069),.UNSPECIFIED.,.F.,
  .F.,(2,2),(-22.0685,-0.1315),.PIECEWISE_BEZIER_KNOTS.);
#1068 = CARTESIAN_POINT('',(3.75,-22.2));
#1069 = CARTESIAN_POINT('',(3.75,-0.263));
#1070 = ( GEOMETRIC_REPRESENTATION_CONTEXT(2) 
PARAMETRIC_REPRESENTATION_CONTEXT() REPRESENTATION_CONTEXT('2D SPACE',''
  ) );
#1071 = ORIENTED_EDGE('',*,*,#1072,.T.);
#1072 = EDGE_CURVE('',#1052,#1073,#1075,.T.);
#1073 = VERTEX_POINT('',#1074);
#1074 = CARTESIAN_POINT('',(71.7,-13.72857910093,-0.25));
#1075 = SURFACE_CURVE('',#1076,(#1081,#1092),.PCURVE_S1.);
#1076 = CIRCLE('',#1077,0.8);
#1077 = AXIS2_PLACEMENT_3D('',#1078,#1079,#1080);
#1078 = CARTESIAN_POINT('',(71.025,-13.29919,-0.25));
#1079 = DIRECTION('',(0.,0.,-1.));
#1080 = DIRECTION('',(0.843750000001,0.536736376165,0.));
#1081 = PCURVE('',#886,#1082);
#1082 = DEFINITIONAL_REPRESENTATION('',(#1083),#1091);
#1083 = ( BOUNDED_CURVE() B_SPLINE_CURVE(2,(#1084,#1085,#1086,#1087,
#1088,#1089,#1090),.UNSPECIFIED.,.T.,.F.) B_SPLINE_CURVE_WITH_KNOTS((1,2
    ,2,2,2,1),(-2.094395102393,0.,2.094395102393,4.188790204786,
6.28318530718,8.377580409573),.UNSPECIFIED.) CURVE() 
GEOMETRIC_REPRESENTATION_ITEM() RATIONAL_B_SPLINE_CURVE((1.,0.5,1.,0.5,
1.,0.5,1.)) REPRESENTATION_ITEM('') );
#1084 = CARTESIAN_POINT('',(72.177000000001,8.717199100932));
#1085 = CARTESIAN_POINT('',(72.920723739031,7.548064805822));
#1086 = CARTESIAN_POINT('',(71.536361869515,7.488548301979));
#1087 = CARTESIAN_POINT('',(70.151999999999,7.429031798136));
#1088 = CARTESIAN_POINT('',(70.792638130485,8.657682597089));
#1089 = CARTESIAN_POINT('',(71.43327626097,9.886333396042));
#1090 = CARTESIAN_POINT('',(72.177000000001,8.717199100932));
#1091 = ( GEOMETRIC_REPRESENTATION_CONTEXT(2) 
PARAMETRIC_REPRESENTATION_CONTEXT() REPRESENTATION_CONTEXT('2D SPACE',''
  ) );
#1092 = PCURVE('',#1093,#1098);
#1093 = CYLINDRICAL_SURFACE('',#1094,0.8);
#1094 = AXIS2_PLACEMENT_3D('',#1095,#1096,#1097);
#1095 = CARTESIAN_POINT('',(71.025,-13.29919,-1.2));
#1096 = DIRECTION('',(-0.,-0.,-1.));
#1097 = DIRECTION('',(1.,0.,0.));
#1098 = DEFINITIONAL_REPRESENTATION('',(#1099),#1103);
#1099 = LINE('',#1100,#1101);
#1100 = CARTESIAN_POINT('',(-6.849749637799,-0.95));
#1101 = VECTOR('',#1102,1.);
#1102 = DIRECTION('',(1.,-0.));
#1103 = ( GEOMETRIC_REPRESENTATION_CONTEXT(2) 
PARAMETRIC_REPRESENTATION_CONTEXT() REPRESENTATION_CONTEXT('2D SPACE',''
  ) );
#1104 = ORIENTED_EDGE('',*,*,#1105,.T.);
#1105 = EDGE_CURVE('',#1073,#1106,#1108,.T.);
#1106 = VERTEX_POINT('',#1107);
#1107 = CARTESIAN_POINT('',(71.7,-15.69361461746,-0.25));
#1108 = SURFACE_CURVE('',#1109,(#1113,#1119),.PCURVE_S1.);
#1109 = LINE('',#1110,#1111);
#1110 = CARTESIAN_POINT('',(71.7,-21.7185,-0.25));
#1111 = VECTOR('',#1112,1.);
#1112 = DIRECTION('',(0.,-1.,0.));
#1113 = PCURVE('',#886,#1114);
#1114 = DEFINITIONAL_REPRESENTATION('',(#1115),#1118);
#1115 = B_SPLINE_CURVE_WITH_KNOTS('',1,(#1116,#1117),.UNSPECIFIED.,.F.,
  .F.,(2,2),(-22.0685,-0.1315),.PIECEWISE_BEZIER_KNOTS.);
#1116 = CARTESIAN_POINT('',(72.177,21.937));
#1117 = CARTESIAN_POINT('',(72.177,0.));
#1118 = ( GEOMETRIC_REPRESENTATION_CONTEXT(2) 
PARAMETRIC_REPRESENTATION_CONTEXT() REPRESENTATION_CONTEXT('2D SPACE',''
  ) );
#1119 = PCURVE('',#712,#1120);
#1120 = DEFINITIONAL_REPRESENTATION('',(#1121),#1124);
#1121 = B_SPLINE_CURVE_WITH_KNOTS('',1,(#1122,#1123),.UNSPECIFIED.,.F.,
  .F.,(2,2),(-22.0685,-0.1315),.PIECEWISE_BEZIER_KNOTS.);
#1122 = CARTESIAN_POINT('',(3.75,-22.2));
#1123 = CARTESIAN_POINT('',(3.75,-0.263));
#1124 = ( GEOMETRIC_REPRESENTATION_CONTEXT(2) 
PARAMETRIC_REPRESENTATION_CONTEXT() REPRESENTATION_CONTEXT('2D SPACE',''
  ) );
#1125 = ORIENTED_EDGE('',*,*,#1126,.T.);
#1126 = EDGE_CURVE('',#1106,#1127,#1129,.T.);
#1127 = VERTEX_POINT('',#1128);
#1128 = CARTESIAN_POINT('',(71.7,-18.40446538253,-0.25));
#1129 = SURFACE_CURVE('',#1130,(#1135,#1146),.PCURVE_S1.);
#1130 = CIRCLE('',#1131,1.599995);
#1131 = AXIS2_PLACEMENT_3D('',#1132,#1133,#1134);
#1132 = CARTESIAN_POINT('',(70.84982,-17.04904,-0.25));
#1133 = DIRECTION('',(0.,0.,-1.));
#1134 = DIRECTION('',(0.531364160513,0.847143511409,0.));
#1135 = PCURVE('',#886,#1136);
#1136 = DEFINITIONAL_REPRESENTATION('',(#1137),#1145);
#1137 = ( BOUNDED_CURVE() B_SPLINE_CURVE(2,(#1138,#1139,#1140,#1141,
#1142,#1143,#1144),.UNSPECIFIED.,.T.,.F.) B_SPLINE_CURVE_WITH_KNOTS((1,2
    ,2,2,2,1),(-2.094395102393,0.,2.094395102393,4.188790204786,
6.28318530718,8.377580409573),.UNSPECIFIED.) CURVE() 
GEOMETRIC_REPRESENTATION_ITEM() RATIONAL_B_SPLINE_CURVE((1.,0.5,1.,0.5,
1.,0.5,1.)) REPRESENTATION_ITEM('') );
#1138 = CARTESIAN_POINT('',(72.177,5.893385382537));
#1139 = CARTESIAN_POINT('',(74.524665628422,4.420830426958));
#1140 = CARTESIAN_POINT('',(72.075562814211,3.123969830942));
#1141 = CARTESIAN_POINT('',(69.62646,1.827109234926));
#1142 = CARTESIAN_POINT('',(69.727897185789,4.596524786521));
#1143 = CARTESIAN_POINT('',(69.829334371578,7.365940338116));
#1144 = CARTESIAN_POINT('',(72.177,5.893385382537));
#1145 = ( GEOMETRIC_REPRESENTATION_CONTEXT(2) 
PARAMETRIC_REPRESENTATION_CONTEXT() REPRESENTATION_CONTEXT('2D SPACE',''
  ) );
#1146 = PCURVE('',#1147,#1152);
#1147 = CYLINDRICAL_SURFACE('',#1148,1.599995);
#1148 = AXIS2_PLACEMENT_3D('',#1149,#1150,#1151);
#1149 = CARTESIAN_POINT('',(70.84982,-17.04904,-2.5));
#1150 = DIRECTION('',(-0.,-0.,-1.));
#1151 = DIRECTION('',(1.,0.,0.));
#1152 = DEFINITIONAL_REPRESENTATION('',(#1153),#1157);
#1153 = LINE('',#1154,#1155);
#1154 = CARTESIAN_POINT('',(-7.293771574088,-2.25));
#1155 = VECTOR('',#1156,1.);
#1156 = DIRECTION('',(1.,-0.));
#1157 = ( GEOMETRIC_REPRESENTATION_CONTEXT(2) 
PARAMETRIC_REPRESENTATION_CONTEXT() REPRESENTATION_CONTEXT('2D SPACE',''
  ) );
#1158 = ORIENTED_EDGE('',*,*,#1159,.T.);
#1159 = EDGE_CURVE('',#1127,#1160,#1162,.T.);
#1160 = VERTEX_POINT('',#1161);
#1161 = CARTESIAN_POINT('',(71.7,-21.587,-0.25));
#1162 = SURFACE_CURVE('',#1163,(#1167,#1173),.PCURVE_S1.);
#1163 = LINE('',#1164,#1165);
#1164 = CARTESIAN_POINT('',(71.7,-21.7185,-0.25));
#1165 = VECTOR('',#1166,1.);
#1166 = DIRECTION('',(0.,-1.,0.));
#1167 = PCURVE('',#886,#1168);
#1168 = DEFINITIONAL_REPRESENTATION('',(#1169),#1172);
#1169 = B_SPLINE_CURVE_WITH_KNOTS('',1,(#1170,#1171),.UNSPECIFIED.,.F.,
  .F.,(2,2),(-22.0685,-0.1315),.PIECEWISE_BEZIER_KNOTS.);
#1170 = CARTESIAN_POINT('',(72.177,21.937));
#1171 = CARTESIAN_POINT('',(72.177,0.));
#1172 = ( GEOMETRIC_REPRESENTATION_CONTEXT(2) 
PARAMETRIC_REPRESENTATION_CONTEXT() REPRESENTATION_CONTEXT('2D SPACE',''
  ) );
#1173 = PCURVE('',#712,#1174);
#1174 = DEFINITIONAL_REPRESENTATION('',(#1175),#1178);
#1175 = B_SPLINE_CURVE_WITH_KNOTS('',1,(#1176,#1177),.UNSPECIFIED.,.F.,
  .F.,(2,2),(-22.0685,-0.1315),.PIECEWISE_BEZIER_KNOTS.);
#1176 = CARTESIAN_POINT('',(3.75,-22.2));
#1177 = CARTESIAN_POINT('',(3.75,-0.263));
#1178 = ( GEOMETRIC_REPRESENTATION_CONTEXT(2) 
PARAMETRIC_REPRESENTATION_CONTEXT() REPRESENTATION_CONTEXT('2D SPACE',''
  ) );
#1179 = ORIENTED_EDGE('',*,*,#1180,.T.);
#1180 = EDGE_CURVE('',#1160,#1181,#1183,.T.);
#1181 = VERTEX_POINT('',#1182);
#1182 = CARTESIAN_POINT('',(73.558,-21.587,-0.25));
#1183 = SURFACE_CURVE('',#1184,(#1188,#1195),.PCURVE_S1.);
#1184 = LINE('',#1185,#1186);
#1185 = CARTESIAN_POINT('',(-0.477,-21.587,-0.25));
#1186 = VECTOR('',#1187,1.);
#1187 = DIRECTION('',(1.,0.,0.));
#1188 = PCURVE('',#886,#1189);
#1189 = DEFINITIONAL_REPRESENTATION('',(#1190),#1194);
#1190 = LINE('',#1191,#1192);
#1191 = CARTESIAN_POINT('',(0.,0.));
#1192 = VECTOR('',#1193,1.);
#1193 = DIRECTION('',(1.,0.));
#1194 = ( GEOMETRIC_REPRESENTATION_CONTEXT(2) 
PARAMETRIC_REPRESENTATION_CONTEXT() REPRESENTATION_CONTEXT('2D SPACE',''
  ) );
#1195 = PCURVE('',#854,#1196);
#1196 = DEFINITIONAL_REPRESENTATION('',(#1197),#1201);
#1197 = LINE('',#1198,#1199);
#1198 = CARTESIAN_POINT('',(0.,0.));
#1199 = VECTOR('',#1200,1.);
#1200 = DIRECTION('',(0.,1.));
#1201 = ( GEOMETRIC_REPRESENTATION_CONTEXT(2) 
PARAMETRIC_REPRESENTATION_CONTEXT() REPRESENTATION_CONTEXT('2D SPACE',''
  ) );
#1202 = ORIENTED_EDGE('',*,*,#1203,.T.);
#1203 = EDGE_CURVE('',#1181,#871,#1204,.T.);
#1204 = SURFACE_CURVE('',#1205,(#1209,#1216),.PCURVE_S1.);
#1205 = LINE('',#1206,#1207);
#1206 = CARTESIAN_POINT('',(73.558,-21.587,-0.25));
#1207 = VECTOR('',#1208,1.);
#1208 = DIRECTION('',(0.,1.,0.));
#1209 = PCURVE('',#886,#1210);
#1210 = DEFINITIONAL_REPRESENTATION('',(#1211),#1215);
#1211 = LINE('',#1212,#1213);
#1212 = CARTESIAN_POINT('',(74.035,0.));
#1213 = VECTOR('',#1214,1.);
#1214 = DIRECTION('',(0.,1.));
#1215 = ( GEOMETRIC_REPRESENTATION_CONTEXT(2) 
PARAMETRIC_REPRESENTATION_CONTEXT() REPRESENTATION_CONTEXT('2D SPACE',''
  ) );
#1216 = PCURVE('',#830,#1217);
#1217 = DEFINITIONAL_REPRESENTATION('',(#1218),#1222);
#1218 = LINE('',#1219,#1220);
#1219 = CARTESIAN_POINT('',(0.,0.));
#1220 = VECTOR('',#1221,1.);
#1221 = DIRECTION('',(0.,-1.));
#1222 = ( GEOMETRIC_REPRESENTATION_CONTEXT(2) 
PARAMETRIC_REPRESENTATION_CONTEXT() REPRESENTATION_CONTEXT('2D SPACE',''
  ) );
#1223 = ADVANCED_FACE('',(#1224),#1147,.F.);
#1224 = FACE_BOUND('',#1225,.T.);
#1225 = EDGE_LOOP('',(#1226,#1227,#1248,#1281));
#1226 = ORIENTED_EDGE('',*,*,#1126,.F.);
#1227 = ORIENTED_EDGE('',*,*,#1228,.T.);
#1228 = EDGE_CURVE('',#1106,#1229,#1231,.T.);
#1229 = VERTEX_POINT('',#1230);
#1230 = CARTESIAN_POINT('',(71.7,-15.69361461746,-2.5));
#1231 = SURFACE_CURVE('',#1232,(#1236,#1242),.PCURVE_S1.);
#1232 = LINE('',#1233,#1234);
#1233 = CARTESIAN_POINT('',(71.7,-15.69361461746,-2.5));
#1234 = VECTOR('',#1235,1.);
#1235 = DIRECTION('',(-0.,-0.,-1.));
#1236 = PCURVE('',#1147,#1237);
#1237 = DEFINITIONAL_REPRESENTATION('',(#1238),#1241);
#1238 = B_SPLINE_CURVE_WITH_KNOTS('',1,(#1239,#1240),.UNSPECIFIED.,.F.,
  .F.,(2,2),(-2.25,-0.),.PIECEWISE_BEZIER_KNOTS.);
#1239 = CARTESIAN_POINT('',(-7.293771574088,-2.25));
#1240 = CARTESIAN_POINT('',(-7.293771574088,0.));
#1241 = ( GEOMETRIC_REPRESENTATION_CONTEXT(2) 
PARAMETRIC_REPRESENTATION_CONTEXT() REPRESENTATION_CONTEXT('2D SPACE',''
  ) );
#1242 = PCURVE('',#712,#1243);
#1243 = DEFINITIONAL_REPRESENTATION('',(#1244),#1247);
#1244 = B_SPLINE_CURVE_WITH_KNOTS('',1,(#1245,#1246),.UNSPECIFIED.,.F.,
  .F.,(2,2),(-2.5000006,5.999999999062E-07),.PIECEWISE_BEZIER_KNOTS.);
#1245 = CARTESIAN_POINT('',(4.0000006,-6.156385382537));
#1246 = CARTESIAN_POINT('',(1.4999994,-6.156385382537));
#1247 = ( GEOMETRIC_REPRESENTATION_CONTEXT(2) 
PARAMETRIC_REPRESENTATION_CONTEXT() REPRESENTATION_CONTEXT('2D SPACE',''
  ) );
#1248 = ORIENTED_EDGE('',*,*,#1249,.T.);
#1249 = EDGE_CURVE('',#1229,#1250,#1252,.T.);
#1250 = VERTEX_POINT('',#1251);
#1251 = CARTESIAN_POINT('',(71.7,-18.40446538253,-2.5));
#1252 = SURFACE_CURVE('',#1253,(#1258,#1265),.PCURVE_S1.);
#1253 = CIRCLE('',#1254,1.599995);
#1254 = AXIS2_PLACEMENT_3D('',#1255,#1256,#1257);
#1255 = CARTESIAN_POINT('',(70.84982,-17.04904,-2.5));
#1256 = DIRECTION('',(0.,0.,-1.));
#1257 = DIRECTION('',(0.531364160513,0.847143511409,0.));
#1258 = PCURVE('',#1147,#1259);
#1259 = DEFINITIONAL_REPRESENTATION('',(#1260),#1264);
#1260 = LINE('',#1261,#1262);
#1261 = CARTESIAN_POINT('',(-7.293771574088,0.));
#1262 = VECTOR('',#1263,1.);
#1263 = DIRECTION('',(1.,-0.));
#1264 = ( GEOMETRIC_REPRESENTATION_CONTEXT(2) 
PARAMETRIC_REPRESENTATION_CONTEXT() REPRESENTATION_CONTEXT('2D SPACE',''
  ) );
#1265 = PCURVE('',#1266,#1271);
#1266 = PLANE('',#1267);
#1267 = AXIS2_PLACEMENT_3D('',#1268,#1269,#1270);
#1268 = CARTESIAN_POINT('',(70.84982,-17.04904,-2.5));
#1269 = DIRECTION('',(0.,0.,1.));
#1270 = DIRECTION('',(1.,0.,-0.));
#1271 = DEFINITIONAL_REPRESENTATION('',(#1272),#1280);
#1272 = ( BOUNDED_CURVE() B_SPLINE_CURVE(2,(#1273,#1274,#1275,#1276,
#1277,#1278,#1279),.UNSPECIFIED.,.T.,.F.) B_SPLINE_CURVE_WITH_KNOTS((1,2
    ,2,2,2,1),(-2.094395102393,0.,2.094395102393,4.188790204786,
6.28318530718,8.377580409573),.UNSPECIFIED.) CURVE() 
GEOMETRIC_REPRESENTATION_ITEM() RATIONAL_B_SPLINE_CURVE((1.,0.5,1.,0.5,
1.,0.5,1.)) REPRESENTATION_ITEM('') );
#1273 = CARTESIAN_POINT('',(0.85018,1.355425382537));
#1274 = CARTESIAN_POINT('',(3.197845628422,-0.117129573042));
#1275 = CARTESIAN_POINT('',(0.748742814211,-1.413990169058));
#1276 = CARTESIAN_POINT('',(-1.70036,-2.710850765074));
#1277 = CARTESIAN_POINT('',(-1.598922814211,5.856478652107E-02));
#1278 = CARTESIAN_POINT('',(-1.497485628422,2.827980338116));
#1279 = CARTESIAN_POINT('',(0.85018,1.355425382537));
#1280 = ( GEOMETRIC_REPRESENTATION_CONTEXT(2) 
PARAMETRIC_REPRESENTATION_CONTEXT() REPRESENTATION_CONTEXT('2D SPACE',''
  ) );
#1281 = ORIENTED_EDGE('',*,*,#1282,.F.);
#1282 = EDGE_CURVE('',#1127,#1250,#1283,.T.);
#1283 = SURFACE_CURVE('',#1284,(#1288,#1294),.PCURVE_S1.);
#1284 = LINE('',#1285,#1286);
#1285 = CARTESIAN_POINT('',(71.7,-18.40446538253,-2.5));
#1286 = VECTOR('',#1287,1.);
#1287 = DIRECTION('',(-0.,-0.,-1.));
#1288 = PCURVE('',#1147,#1289);
#1289 = DEFINITIONAL_REPRESENTATION('',(#1290),#1293);
#1290 = B_SPLINE_CURVE_WITH_KNOTS('',1,(#1291,#1292),.UNSPECIFIED.,.F.,
  .F.,(2,2),(-2.25,-0.),.PIECEWISE_BEZIER_KNOTS.);
#1291 = CARTESIAN_POINT('',(-5.272599040272,-2.25));
#1292 = CARTESIAN_POINT('',(-5.272599040272,0.));
#1293 = ( GEOMETRIC_REPRESENTATION_CONTEXT(2) 
PARAMETRIC_REPRESENTATION_CONTEXT() REPRESENTATION_CONTEXT('2D SPACE',''
  ) );
#1294 = PCURVE('',#712,#1295);
#1295 = DEFINITIONAL_REPRESENTATION('',(#1296),#1299);
#1296 = B_SPLINE_CURVE_WITH_KNOTS('',1,(#1297,#1298),.UNSPECIFIED.,.F.,
  .F.,(2,2),(-2.5000006,5.999999999062E-07),.PIECEWISE_BEZIER_KNOTS.);
#1297 = CARTESIAN_POINT('',(4.0000006,-3.445534617463));
#1298 = CARTESIAN_POINT('',(1.4999994,-3.445534617463));
#1299 = ( GEOMETRIC_REPRESENTATION_CONTEXT(2) 
PARAMETRIC_REPRESENTATION_CONTEXT() REPRESENTATION_CONTEXT('2D SPACE',''
  ) );
#1300 = ADVANCED_FACE('',(#1301),#1266,.T.);
#1301 = FACE_BOUND('',#1302,.T.);
#1302 = EDGE_LOOP('',(#1303,#1322));
#1303 = ORIENTED_EDGE('',*,*,#1304,.T.);
#1304 = EDGE_CURVE('',#1229,#1250,#1305,.T.);
#1305 = SURFACE_CURVE('',#1306,(#1310,#1316),.PCURVE_S1.);
#1306 = LINE('',#1307,#1308);
#1307 = CARTESIAN_POINT('',(71.7,-19.44952,-2.5));
#1308 = VECTOR('',#1309,1.);
#1309 = DIRECTION('',(0.,-1.,0.));
#1310 = PCURVE('',#1266,#1311);
#1311 = DEFINITIONAL_REPRESENTATION('',(#1312),#1315);
#1312 = B_SPLINE_CURVE_WITH_KNOTS('',1,(#1313,#1314),.UNSPECIFIED.,.F.,
  .F.,(2,2),(-4.000475,-0.800485),.PIECEWISE_BEZIER_KNOTS.);
#1313 = CARTESIAN_POINT('',(0.85018,1.599995));
#1314 = CARTESIAN_POINT('',(0.85018,-1.599995));
#1315 = ( GEOMETRIC_REPRESENTATION_CONTEXT(2) 
PARAMETRIC_REPRESENTATION_CONTEXT() REPRESENTATION_CONTEXT('2D SPACE',''
  ) );
#1316 = PCURVE('',#712,#1317);
#1317 = DEFINITIONAL_REPRESENTATION('',(#1318),#1321);
#1318 = B_SPLINE_CURVE_WITH_KNOTS('',1,(#1319,#1320),.UNSPECIFIED.,.F.,
  .F.,(2,2),(-4.000475,-0.800485),.PIECEWISE_BEZIER_KNOTS.);
#1319 = CARTESIAN_POINT('',(1.5,-6.400955));
#1320 = CARTESIAN_POINT('',(1.5,-3.200965));
#1321 = ( GEOMETRIC_REPRESENTATION_CONTEXT(2) 
PARAMETRIC_REPRESENTATION_CONTEXT() REPRESENTATION_CONTEXT('2D SPACE',''
  ) );
#1322 = ORIENTED_EDGE('',*,*,#1249,.F.);
#1323 = ADVANCED_FACE('',(#1324),#1093,.F.);
#1324 = FACE_BOUND('',#1325,.T.);
#1325 = EDGE_LOOP('',(#1326,#1327,#1348,#1381));
#1326 = ORIENTED_EDGE('',*,*,#1072,.F.);
#1327 = ORIENTED_EDGE('',*,*,#1328,.T.);
#1328 = EDGE_CURVE('',#1052,#1329,#1331,.T.);
#1329 = VERTEX_POINT('',#1330);
#1330 = CARTESIAN_POINT('',(71.7,-12.86980089906,-1.2));
#1331 = SURFACE_CURVE('',#1332,(#1336,#1342),.PCURVE_S1.);
#1332 = LINE('',#1333,#1334);
#1333 = CARTESIAN_POINT('',(71.7,-12.86980089906,-1.2));
#1334 = VECTOR('',#1335,1.);
#1335 = DIRECTION('',(-0.,-0.,-1.));
#1336 = PCURVE('',#1093,#1337);
#1337 = DEFINITIONAL_REPRESENTATION('',(#1338),#1341);
#1338 = B_SPLINE_CURVE_WITH_KNOTS('',1,(#1339,#1340),.UNSPECIFIED.,.F.,
  .F.,(2,2),(-0.95,-0.),.PIECEWISE_BEZIER_KNOTS.);
#1339 = CARTESIAN_POINT('',(-6.849749637801,-0.95));
#1340 = CARTESIAN_POINT('',(-6.849749637801,0.));
#1341 = ( GEOMETRIC_REPRESENTATION_CONTEXT(2) 
PARAMETRIC_REPRESENTATION_CONTEXT() REPRESENTATION_CONTEXT('2D SPACE',''
  ) );
#1342 = PCURVE('',#712,#1343);
#1343 = DEFINITIONAL_REPRESENTATION('',(#1344),#1347);
#1344 = B_SPLINE_CURVE_WITH_KNOTS('',1,(#1345,#1346),.UNSPECIFIED.,.F.,
  .F.,(2,2),(-4.0000006,5.999999999062E-07),.PIECEWISE_BEZIER_KNOTS.);
#1345 = CARTESIAN_POINT('',(6.8000006,-8.980199100933));
#1346 = CARTESIAN_POINT('',(2.7999994,-8.980199100933));
#1347 = ( GEOMETRIC_REPRESENTATION_CONTEXT(2) 
PARAMETRIC_REPRESENTATION_CONTEXT() REPRESENTATION_CONTEXT('2D SPACE',''
  ) );
#1348 = ORIENTED_EDGE('',*,*,#1349,.T.);
#1349 = EDGE_CURVE('',#1329,#1350,#1352,.T.);
#1350 = VERTEX_POINT('',#1351);
#1351 = CARTESIAN_POINT('',(71.7,-13.72857910093,-1.2));
#1352 = SURFACE_CURVE('',#1353,(#1358,#1365),.PCURVE_S1.);
#1353 = CIRCLE('',#1354,0.8);
#1354 = AXIS2_PLACEMENT_3D('',#1355,#1356,#1357);
#1355 = CARTESIAN_POINT('',(71.025,-13.29919,-1.2));
#1356 = DIRECTION('',(0.,0.,-1.));
#1357 = DIRECTION('',(0.84375,0.536736376166,0.));
#1358 = PCURVE('',#1093,#1359);
#1359 = DEFINITIONAL_REPRESENTATION('',(#1360),#1364);
#1360 = LINE('',#1361,#1362);
#1361 = CARTESIAN_POINT('',(-6.849749637801,0.));
#1362 = VECTOR('',#1363,1.);
#1363 = DIRECTION('',(1.,-0.));
#1364 = ( GEOMETRIC_REPRESENTATION_CONTEXT(2) 
PARAMETRIC_REPRESENTATION_CONTEXT() REPRESENTATION_CONTEXT('2D SPACE',''
  ) );
#1365 = PCURVE('',#1366,#1371);
#1366 = PLANE('',#1367);
#1367 = AXIS2_PLACEMENT_3D('',#1368,#1369,#1370);
#1368 = CARTESIAN_POINT('',(71.025,-13.29919,-1.2));
#1369 = DIRECTION('',(0.,0.,1.));
#1370 = DIRECTION('',(1.,0.,-0.));
#1371 = DEFINITIONAL_REPRESENTATION('',(#1372),#1380);
#1372 = ( BOUNDED_CURVE() B_SPLINE_CURVE(2,(#1373,#1374,#1375,#1376,
#1377,#1378,#1379),.UNSPECIFIED.,.T.,.F.) B_SPLINE_CURVE_WITH_KNOTS((1,2
    ,2,2,2,1),(-2.094395102393,0.,2.094395102393,4.188790204786,
6.28318530718,8.377580409573),.UNSPECIFIED.) CURVE() 
GEOMETRIC_REPRESENTATION_ITEM() RATIONAL_B_SPLINE_CURVE((1.,0.5,1.,0.5,
1.,0.5,1.)) REPRESENTATION_ITEM('') );
#1373 = CARTESIAN_POINT('',(0.675,0.429389100933));
#1374 = CARTESIAN_POINT('',(1.418723739032,-0.739745194176));
#1375 = CARTESIAN_POINT('',(3.436186951609E-02,-0.799261698021));
#1376 = CARTESIAN_POINT('',(-1.35,-0.858778201866));
#1377 = CARTESIAN_POINT('',(-0.709361869516,0.369872597088));
#1378 = CARTESIAN_POINT('',(-6.872373903219E-02,1.598523396042));
#1379 = CARTESIAN_POINT('',(0.675,0.429389100933));
#1380 = ( GEOMETRIC_REPRESENTATION_CONTEXT(2) 
PARAMETRIC_REPRESENTATION_CONTEXT() REPRESENTATION_CONTEXT('2D SPACE',''
  ) );
#1381 = ORIENTED_EDGE('',*,*,#1382,.F.);
#1382 = EDGE_CURVE('',#1073,#1350,#1383,.T.);
#1383 = SURFACE_CURVE('',#1384,(#1388,#1394),.PCURVE_S1.);
#1384 = LINE('',#1385,#1386);
#1385 = CARTESIAN_POINT('',(71.7,-13.72857910093,-1.2));
#1386 = VECTOR('',#1387,1.);
#1387 = DIRECTION('',(-0.,-0.,-1.));
#1388 = PCURVE('',#1093,#1389);
#1389 = DEFINITIONAL_REPRESENTATION('',(#1390),#1393);
#1390 = B_SPLINE_CURVE_WITH_KNOTS('',1,(#1391,#1392),.UNSPECIFIED.,.F.,
  .F.,(2,2),(-0.95,-0.),.PIECEWISE_BEZIER_KNOTS.);
#1391 = CARTESIAN_POINT('',(-5.716620976559,-0.95));
#1392 = CARTESIAN_POINT('',(-5.716620976559,0.));
#1393 = ( GEOMETRIC_REPRESENTATION_CONTEXT(2) 
PARAMETRIC_REPRESENTATION_CONTEXT() REPRESENTATION_CONTEXT('2D SPACE',''
  ) );
#1394 = PCURVE('',#712,#1395);
#1395 = DEFINITIONAL_REPRESENTATION('',(#1396),#1399);
#1396 = B_SPLINE_CURVE_WITH_KNOTS('',1,(#1397,#1398),.UNSPECIFIED.,.F.,
  .F.,(2,2),(-4.0000006,5.999999999062E-07),.PIECEWISE_BEZIER_KNOTS.);
#1397 = CARTESIAN_POINT('',(6.8000006,-8.121420899067));
#1398 = CARTESIAN_POINT('',(2.7999994,-8.121420899067));
#1399 = ( GEOMETRIC_REPRESENTATION_CONTEXT(2) 
PARAMETRIC_REPRESENTATION_CONTEXT() REPRESENTATION_CONTEXT('2D SPACE',''
  ) );
#1400 = ADVANCED_FACE('',(#1401),#1366,.T.);
#1401 = FACE_BOUND('',#1402,.T.);
#1402 = EDGE_LOOP('',(#1403,#1422));
#1403 = ORIENTED_EDGE('',*,*,#1404,.T.);
#1404 = EDGE_CURVE('',#1329,#1350,#1405,.T.);
#1405 = SURFACE_CURVE('',#1406,(#1410,#1416),.PCURVE_S1.);
#1406 = LINE('',#1407,#1408);
#1407 = CARTESIAN_POINT('',(71.7,-17.574595,-1.2));
#1408 = VECTOR('',#1409,1.);
#1409 = DIRECTION('',(0.,-1.,0.));
#1410 = PCURVE('',#1366,#1411);
#1411 = DEFINITIONAL_REPRESENTATION('',(#1412),#1415);
#1412 = B_SPLINE_CURVE_WITH_KNOTS('',1,(#1413,#1414),.UNSPECIFIED.,.F.,
  .F.,(2,2),(-5.075405,-3.475405),.PIECEWISE_BEZIER_KNOTS.);
#1413 = CARTESIAN_POINT('',(0.675,0.8));
#1414 = CARTESIAN_POINT('',(0.675,-0.8));
#1415 = ( GEOMETRIC_REPRESENTATION_CONTEXT(2) 
PARAMETRIC_REPRESENTATION_CONTEXT() REPRESENTATION_CONTEXT('2D SPACE',''
  ) );
#1416 = PCURVE('',#712,#1417);
#1417 = DEFINITIONAL_REPRESENTATION('',(#1418),#1421);
#1418 = B_SPLINE_CURVE_WITH_KNOTS('',1,(#1419,#1420),.UNSPECIFIED.,.F.,
  .F.,(2,2),(-5.075405,-3.475405),.PIECEWISE_BEZIER_KNOTS.);
#1419 = CARTESIAN_POINT('',(2.8,-9.35081));
#1420 = CARTESIAN_POINT('',(2.8,-7.75081));
#1421 = ( GEOMETRIC_REPRESENTATION_CONTEXT(2) 
PARAMETRIC_REPRESENTATION_CONTEXT() REPRESENTATION_CONTEXT('2D SPACE',''
  ) );
#1422 = ORIENTED_EDGE('',*,*,#1349,.F.);
#1423 = ADVANCED_FACE('',(#1424),#1039,.F.);
#1424 = FACE_BOUND('',#1425,.T.);
#1425 = EDGE_LOOP('',(#1426,#1427,#1448,#1481));
#1426 = ORIENTED_EDGE('',*,*,#1018,.F.);
#1427 = ORIENTED_EDGE('',*,*,#1428,.T.);
#1428 = EDGE_CURVE('',#998,#1429,#1431,.T.);
#1429 = VERTEX_POINT('',#1430);
#1430 = CARTESIAN_POINT('',(71.7,-8.369680899067,-1.2));
#1431 = SURFACE_CURVE('',#1432,(#1436,#1442),.PCURVE_S1.);
#1432 = LINE('',#1433,#1434);
#1433 = CARTESIAN_POINT('',(71.7,-8.369680899067,-1.2));
#1434 = VECTOR('',#1435,1.);
#1435 = DIRECTION('',(-0.,-0.,-1.));
#1436 = PCURVE('',#1039,#1437);
#1437 = DEFINITIONAL_REPRESENTATION('',(#1438),#1441);
#1438 = B_SPLINE_CURVE_WITH_KNOTS('',1,(#1439,#1440),.UNSPECIFIED.,.F.,
  .F.,(2,2),(-0.95,-0.),.PIECEWISE_BEZIER_KNOTS.);
#1439 = CARTESIAN_POINT('',(-6.849749637801,-0.95));
#1440 = CARTESIAN_POINT('',(-6.849749637801,0.));
#1441 = ( GEOMETRIC_REPRESENTATION_CONTEXT(2) 
PARAMETRIC_REPRESENTATION_CONTEXT() REPRESENTATION_CONTEXT('2D SPACE',''
  ) );
#1442 = PCURVE('',#712,#1443);
#1443 = DEFINITIONAL_REPRESENTATION('',(#1444),#1447);
#1444 = B_SPLINE_CURVE_WITH_KNOTS('',1,(#1445,#1446),.UNSPECIFIED.,.F.,
  .F.,(2,2),(-4.0000006,5.999999999062E-07),.PIECEWISE_BEZIER_KNOTS.);
#1445 = CARTESIAN_POINT('',(6.8000006,-13.48031910093));
#1446 = CARTESIAN_POINT('',(2.7999994,-13.48031910093));
#1447 = ( GEOMETRIC_REPRESENTATION_CONTEXT(2) 
PARAMETRIC_REPRESENTATION_CONTEXT() REPRESENTATION_CONTEXT('2D SPACE',''
  ) );
#1448 = ORIENTED_EDGE('',*,*,#1449,.T.);
#1449 = EDGE_CURVE('',#1429,#1450,#1452,.T.);
#1450 = VERTEX_POINT('',#1451);
#1451 = CARTESIAN_POINT('',(71.7,-9.228459100933,-1.2));
#1452 = SURFACE_CURVE('',#1453,(#1458,#1465),.PCURVE_S1.);
#1453 = CIRCLE('',#1454,0.8);
#1454 = AXIS2_PLACEMENT_3D('',#1455,#1456,#1457);
#1455 = CARTESIAN_POINT('',(71.025,-8.79907,-1.2));
#1456 = DIRECTION('',(0.,0.,-1.));
#1457 = DIRECTION('',(0.84375,0.536736376166,0.));
#1458 = PCURVE('',#1039,#1459);
#1459 = DEFINITIONAL_REPRESENTATION('',(#1460),#1464);
#1460 = LINE('',#1461,#1462);
#1461 = CARTESIAN_POINT('',(-6.849749637801,0.));
#1462 = VECTOR('',#1463,1.);
#1463 = DIRECTION('',(1.,-0.));
#1464 = ( GEOMETRIC_REPRESENTATION_CONTEXT(2) 
PARAMETRIC_REPRESENTATION_CONTEXT() REPRESENTATION_CONTEXT('2D SPACE',''
  ) );
#1465 = PCURVE('',#1466,#1471);
#1466 = PLANE('',#1467);
#1467 = AXIS2_PLACEMENT_3D('',#1468,#1469,#1470);
#1468 = CARTESIAN_POINT('',(71.025,-8.79907,-1.2));
#1469 = DIRECTION('',(0.,0.,1.));
#1470 = DIRECTION('',(1.,0.,-0.));
#1471 = DEFINITIONAL_REPRESENTATION('',(#1472),#1480);
#1472 = ( BOUNDED_CURVE() B_SPLINE_CURVE(2,(#1473,#1474,#1475,#1476,
#1477,#1478,#1479),.UNSPECIFIED.,.T.,.F.) B_SPLINE_CURVE_WITH_KNOTS((1,2
    ,2,2,2,1),(-2.094395102393,0.,2.094395102393,4.188790204786,
6.28318530718,8.377580409573),.UNSPECIFIED.) CURVE() 
GEOMETRIC_REPRESENTATION_ITEM() RATIONAL_B_SPLINE_CURVE((1.,0.5,1.,0.5,
1.,0.5,1.)) REPRESENTATION_ITEM('') );
#1473 = CARTESIAN_POINT('',(0.675,0.429389100933));
#1474 = CARTESIAN_POINT('',(1.418723739032,-0.739745194176));
#1475 = CARTESIAN_POINT('',(3.436186951609E-02,-0.799261698021));
#1476 = CARTESIAN_POINT('',(-1.35,-0.858778201866));
#1477 = CARTESIAN_POINT('',(-0.709361869516,0.369872597088));
#1478 = CARTESIAN_POINT('',(-6.872373903219E-02,1.598523396042));
#1479 = CARTESIAN_POINT('',(0.675,0.429389100933));
#1480 = ( GEOMETRIC_REPRESENTATION_CONTEXT(2) 
PARAMETRIC_REPRESENTATION_CONTEXT() REPRESENTATION_CONTEXT('2D SPACE',''
  ) );
#1481 = ORIENTED_EDGE('',*,*,#1482,.F.);
#1482 = EDGE_CURVE('',#1019,#1450,#1483,.T.);
#1483 = SURFACE_CURVE('',#1484,(#1488,#1494),.PCURVE_S1.);
#1484 = LINE('',#1485,#1486);
#1485 = CARTESIAN_POINT('',(71.7,-9.228459100933,-1.2));
#1486 = VECTOR('',#1487,1.);
#1487 = DIRECTION('',(-0.,-0.,-1.));
#1488 = PCURVE('',#1039,#1489);
#1489 = DEFINITIONAL_REPRESENTATION('',(#1490),#1493);
#1490 = B_SPLINE_CURVE_WITH_KNOTS('',1,(#1491,#1492),.UNSPECIFIED.,.F.,
  .F.,(2,2),(-0.95,-0.),.PIECEWISE_BEZIER_KNOTS.);
#1491 = CARTESIAN_POINT('',(-5.716620976559,-0.95));
#1492 = CARTESIAN_POINT('',(-5.716620976559,0.));
#1493 = ( GEOMETRIC_REPRESENTATION_CONTEXT(2) 
PARAMETRIC_REPRESENTATION_CONTEXT() REPRESENTATION_CONTEXT('2D SPACE',''
  ) );
#1494 = PCURVE('',#712,#1495);
#1495 = DEFINITIONAL_REPRESENTATION('',(#1496),#1499);
#1496 = B_SPLINE_CURVE_WITH_KNOTS('',1,(#1497,#1498),.UNSPECIFIED.,.F.,
  .F.,(2,2),(-4.0000006,5.999999999062E-07),.PIECEWISE_BEZIER_KNOTS.);
#1497 = CARTESIAN_POINT('',(6.8000006,-12.62154089906));
#1498 = CARTESIAN_POINT('',(2.7999994,-12.62154089906));
#1499 = ( GEOMETRIC_REPRESENTATION_CONTEXT(2) 
PARAMETRIC_REPRESENTATION_CONTEXT() REPRESENTATION_CONTEXT('2D SPACE',''
  ) );
#1500 = ADVANCED_FACE('',(#1501),#1466,.T.);
#1501 = FACE_BOUND('',#1502,.T.);
#1502 = EDGE_LOOP('',(#1503,#1522));
#1503 = ORIENTED_EDGE('',*,*,#1504,.T.);
#1504 = EDGE_CURVE('',#1429,#1450,#1505,.T.);
#1505 = SURFACE_CURVE('',#1506,(#1510,#1516),.PCURVE_S1.);
#1506 = LINE('',#1507,#1508);
#1507 = CARTESIAN_POINT('',(71.7,-15.324535,-1.2));
#1508 = VECTOR('',#1509,1.);
#1509 = DIRECTION('',(0.,-1.,0.));
#1510 = PCURVE('',#1466,#1511);
#1511 = DEFINITIONAL_REPRESENTATION('',(#1512),#1515);
#1512 = B_SPLINE_CURVE_WITH_KNOTS('',1,(#1513,#1514),.UNSPECIFIED.,.F.,
  .F.,(2,2),(-7.325465,-5.725465),.PIECEWISE_BEZIER_KNOTS.);
#1513 = CARTESIAN_POINT('',(0.675,0.8));
#1514 = CARTESIAN_POINT('',(0.675,-0.8));
#1515 = ( GEOMETRIC_REPRESENTATION_CONTEXT(2) 
PARAMETRIC_REPRESENTATION_CONTEXT() REPRESENTATION_CONTEXT('2D SPACE',''
  ) );
#1516 = PCURVE('',#712,#1517);
#1517 = DEFINITIONAL_REPRESENTATION('',(#1518),#1521);
#1518 = B_SPLINE_CURVE_WITH_KNOTS('',1,(#1519,#1520),.UNSPECIFIED.,.F.,
  .F.,(2,2),(-7.325465,-5.725465),.PIECEWISE_BEZIER_KNOTS.);
#1519 = CARTESIAN_POINT('',(2.8,-13.85093));
#1520 = CARTESIAN_POINT('',(2.8,-12.25093));
#1521 = ( GEOMETRIC_REPRESENTATION_CONTEXT(2) 
PARAMETRIC_REPRESENTATION_CONTEXT() REPRESENTATION_CONTEXT('2D SPACE',''
  ) );
#1522 = ORIENTED_EDGE('',*,*,#1449,.F.);
#1523 = ADVANCED_FACE('',(#1524),#985,.F.);
#1524 = FACE_BOUND('',#1525,.T.);
#1525 = EDGE_LOOP('',(#1526,#1527,#1548,#1581));
#1526 = ORIENTED_EDGE('',*,*,#964,.F.);
#1527 = ORIENTED_EDGE('',*,*,#1528,.T.);
#1528 = EDGE_CURVE('',#944,#1529,#1531,.T.);
#1529 = VERTEX_POINT('',#1530);
#1530 = CARTESIAN_POINT('',(71.7,-3.693634617463,-2.5));
#1531 = SURFACE_CURVE('',#1532,(#1536,#1542),.PCURVE_S1.);
#1532 = LINE('',#1533,#1534);
#1533 = CARTESIAN_POINT('',(71.7,-3.693634617463,-2.5));
#1534 = VECTOR('',#1535,1.);
#1535 = DIRECTION('',(-0.,-0.,-1.));
#1536 = PCURVE('',#985,#1537);
#1537 = DEFINITIONAL_REPRESENTATION('',(#1538),#1541);
#1538 = B_SPLINE_CURVE_WITH_KNOTS('',1,(#1539,#1540),.UNSPECIFIED.,.F.,
  .F.,(2,2),(-2.25,-0.),.PIECEWISE_BEZIER_KNOTS.);
#1539 = CARTESIAN_POINT('',(-7.293771574088,-2.25));
#1540 = CARTESIAN_POINT('',(-7.293771574088,0.));
#1541 = ( GEOMETRIC_REPRESENTATION_CONTEXT(2) 
PARAMETRIC_REPRESENTATION_CONTEXT() REPRESENTATION_CONTEXT('2D SPACE',''
  ) );
#1542 = PCURVE('',#712,#1543);
#1543 = DEFINITIONAL_REPRESENTATION('',(#1544),#1547);
#1544 = B_SPLINE_CURVE_WITH_KNOTS('',1,(#1545,#1546),.UNSPECIFIED.,.F.,
  .F.,(2,2),(-2.5000006,5.999999999062E-07),.PIECEWISE_BEZIER_KNOTS.);
#1545 = CARTESIAN_POINT('',(4.0000006,-18.15636538253));
#1546 = CARTESIAN_POINT('',(1.4999994,-18.15636538253));
#1547 = ( GEOMETRIC_REPRESENTATION_CONTEXT(2) 
PARAMETRIC_REPRESENTATION_CONTEXT() REPRESENTATION_CONTEXT('2D SPACE',''
  ) );
#1548 = ORIENTED_EDGE('',*,*,#1549,.T.);
#1549 = EDGE_CURVE('',#1529,#1550,#1552,.T.);
#1550 = VERTEX_POINT('',#1551);
#1551 = CARTESIAN_POINT('',(71.7,-6.404485382537,-2.5));
#1552 = SURFACE_CURVE('',#1553,(#1558,#1565),.PCURVE_S1.);
#1553 = CIRCLE('',#1554,1.599995);
#1554 = AXIS2_PLACEMENT_3D('',#1555,#1556,#1557);
#1555 = CARTESIAN_POINT('',(70.84982,-5.04906,-2.5));
#1556 = DIRECTION('',(0.,0.,-1.));
#1557 = DIRECTION('',(0.531364160513,0.847143511409,0.));
#1558 = PCURVE('',#985,#1559);
#1559 = DEFINITIONAL_REPRESENTATION('',(#1560),#1564);
#1560 = LINE('',#1561,#1562);
#1561 = CARTESIAN_POINT('',(-7.293771574088,0.));
#1562 = VECTOR('',#1563,1.);
#1563 = DIRECTION('',(1.,-0.));
#1564 = ( GEOMETRIC_REPRESENTATION_CONTEXT(2) 
PARAMETRIC_REPRESENTATION_CONTEXT() REPRESENTATION_CONTEXT('2D SPACE',''
  ) );
#1565 = PCURVE('',#1566,#1571);
#1566 = PLANE('',#1567);
#1567 = AXIS2_PLACEMENT_3D('',#1568,#1569,#1570);
#1568 = CARTESIAN_POINT('',(70.84982,-5.04906,-2.5));
#1569 = DIRECTION('',(0.,0.,1.));
#1570 = DIRECTION('',(1.,0.,-0.));
#1571 = DEFINITIONAL_REPRESENTATION('',(#1572),#1580);
#1572 = ( BOUNDED_CURVE() B_SPLINE_CURVE(2,(#1573,#1574,#1575,#1576,
#1577,#1578,#1579),.UNSPECIFIED.,.T.,.F.) B_SPLINE_CURVE_WITH_KNOTS((1,2
    ,2,2,2,1),(-2.094395102393,0.,2.094395102393,4.188790204786,
6.28318530718,8.377580409573),.UNSPECIFIED.) CURVE() 
GEOMETRIC_REPRESENTATION_ITEM() RATIONAL_B_SPLINE_CURVE((1.,0.5,1.,0.5,
1.,0.5,1.)) REPRESENTATION_ITEM('') );
#1573 = CARTESIAN_POINT('',(0.85018,1.355425382537));
#1574 = CARTESIAN_POINT('',(3.197845628422,-0.117129573042));
#1575 = CARTESIAN_POINT('',(0.748742814211,-1.413990169058));
#1576 = CARTESIAN_POINT('',(-1.70036,-2.710850765074));
#1577 = CARTESIAN_POINT('',(-1.598922814211,5.856478652107E-02));
#1578 = CARTESIAN_POINT('',(-1.497485628422,2.827980338116));
#1579 = CARTESIAN_POINT('',(0.85018,1.355425382537));
#1580 = ( GEOMETRIC_REPRESENTATION_CONTEXT(2) 
PARAMETRIC_REPRESENTATION_CONTEXT() REPRESENTATION_CONTEXT('2D SPACE',''
  ) );
#1581 = ORIENTED_EDGE('',*,*,#1582,.F.);
#1582 = EDGE_CURVE('',#965,#1550,#1583,.T.);
#1583 = SURFACE_CURVE('',#1584,(#1588,#1594),.PCURVE_S1.);
#1584 = LINE('',#1585,#1586);
#1585 = CARTESIAN_POINT('',(71.7,-6.404485382537,-2.5));
#1586 = VECTOR('',#1587,1.);
#1587 = DIRECTION('',(-0.,-0.,-1.));
#1588 = PCURVE('',#985,#1589);
#1589 = DEFINITIONAL_REPRESENTATION('',(#1590),#1593);
#1590 = B_SPLINE_CURVE_WITH_KNOTS('',1,(#1591,#1592),.UNSPECIFIED.,.F.,
  .F.,(2,2),(-2.25,-0.),.PIECEWISE_BEZIER_KNOTS.);
#1591 = CARTESIAN_POINT('',(-5.272599040272,-2.25));
#1592 = CARTESIAN_POINT('',(-5.272599040272,0.));
#1593 = ( GEOMETRIC_REPRESENTATION_CONTEXT(2) 
PARAMETRIC_REPRESENTATION_CONTEXT() REPRESENTATION_CONTEXT('2D SPACE',''
  ) );
#1594 = PCURVE('',#712,#1595);
#1595 = DEFINITIONAL_REPRESENTATION('',(#1596),#1599);
#1596 = B_SPLINE_CURVE_WITH_KNOTS('',1,(#1597,#1598),.UNSPECIFIED.,.F.,
  .F.,(2,2),(-2.5000006,5.999999999062E-07),.PIECEWISE_BEZIER_KNOTS.);
#1597 = CARTESIAN_POINT('',(4.0000006,-15.44551461746));
#1598 = CARTESIAN_POINT('',(1.4999994,-15.44551461746));
#1599 = ( GEOMETRIC_REPRESENTATION_CONTEXT(2) 
PARAMETRIC_REPRESENTATION_CONTEXT() REPRESENTATION_CONTEXT('2D SPACE',''
  ) );
#1600 = ADVANCED_FACE('',(#1601),#1566,.T.);
#1601 = FACE_BOUND('',#1602,.T.);
#1602 = EDGE_LOOP('',(#1603,#1622));
#1603 = ORIENTED_EDGE('',*,*,#1604,.T.);
#1604 = EDGE_CURVE('',#1529,#1550,#1605,.T.);
#1605 = SURFACE_CURVE('',#1606,(#1610,#1616),.PCURVE_S1.);
#1606 = LINE('',#1607,#1608);
#1607 = CARTESIAN_POINT('',(71.7,-13.44953,-2.5));
#1608 = VECTOR('',#1609,1.);
#1609 = DIRECTION('',(0.,-1.,0.));
#1610 = PCURVE('',#1566,#1611);
#1611 = DEFINITIONAL_REPRESENTATION('',(#1612),#1615);
#1612 = B_SPLINE_CURVE_WITH_KNOTS('',1,(#1613,#1614),.UNSPECIFIED.,.F.,
  .F.,(2,2),(-10.000465,-6.800475),.PIECEWISE_BEZIER_KNOTS.);
#1613 = CARTESIAN_POINT('',(0.85018,1.599995));
#1614 = CARTESIAN_POINT('',(0.85018,-1.599995));
#1615 = ( GEOMETRIC_REPRESENTATION_CONTEXT(2) 
PARAMETRIC_REPRESENTATION_CONTEXT() REPRESENTATION_CONTEXT('2D SPACE',''
  ) );
#1616 = PCURVE('',#712,#1617);
#1617 = DEFINITIONAL_REPRESENTATION('',(#1618),#1621);
#1618 = B_SPLINE_CURVE_WITH_KNOTS('',1,(#1619,#1620),.UNSPECIFIED.,.F.,
  .F.,(2,2),(-10.000465,-6.800475),.PIECEWISE_BEZIER_KNOTS.);
#1619 = CARTESIAN_POINT('',(1.5,-18.400935));
#1620 = CARTESIAN_POINT('',(1.5,-15.200945));
#1621 = ( GEOMETRIC_REPRESENTATION_CONTEXT(2) 
PARAMETRIC_REPRESENTATION_CONTEXT() REPRESENTATION_CONTEXT('2D SPACE',''
  ) );
#1622 = ORIENTED_EDGE('',*,*,#1549,.F.);
#1623 = ADVANCED_FACE('',(#1624),#830,.F.);
#1624 = FACE_BOUND('',#1625,.F.);
#1625 = EDGE_LOOP('',(#1626,#1627,#1648,#1649));
#1626 = ORIENTED_EDGE('',*,*,#815,.T.);
#1627 = ORIENTED_EDGE('',*,*,#1628,.F.);
#1628 = EDGE_CURVE('',#1181,#816,#1629,.T.);
#1629 = SURFACE_CURVE('',#1630,(#1634,#1641),.PCURVE_S1.);
#1630 = LINE('',#1631,#1632);
#1631 = CARTESIAN_POINT('',(73.558,-21.587,-0.25));
#1632 = VECTOR('',#1633,1.);
#1633 = DIRECTION('',(0.,0.,1.));
#1634 = PCURVE('',#830,#1635);
#1635 = DEFINITIONAL_REPRESENTATION('',(#1636),#1640);
#1636 = LINE('',#1637,#1638);
#1637 = CARTESIAN_POINT('',(0.,0.));
#1638 = VECTOR('',#1639,1.);
#1639 = DIRECTION('',(1.,0.));
#1640 = ( GEOMETRIC_REPRESENTATION_CONTEXT(2) 
PARAMETRIC_REPRESENTATION_CONTEXT() REPRESENTATION_CONTEXT('2D SPACE',''
  ) );
#1641 = PCURVE('',#854,#1642);
#1642 = DEFINITIONAL_REPRESENTATION('',(#1643),#1647);
#1643 = LINE('',#1644,#1645);
#1644 = CARTESIAN_POINT('',(0.,74.035));
#1645 = VECTOR('',#1646,1.);
#1646 = DIRECTION('',(1.,0.));
#1647 = ( GEOMETRIC_REPRESENTATION_CONTEXT(2) 
PARAMETRIC_REPRESENTATION_CONTEXT() REPRESENTATION_CONTEXT('2D SPACE',''
  ) );
#1648 = ORIENTED_EDGE('',*,*,#1203,.T.);
#1649 = ORIENTED_EDGE('',*,*,#918,.T.);
#1650 = ADVANCED_FACE('',(#1651),#854,.T.);
#1651 = FACE_BOUND('',#1652,.T.);
#1652 = EDGE_LOOP('',(#1653,#1654,#1673,#1674));
#1653 = ORIENTED_EDGE('',*,*,#1180,.F.);
#1654 = ORIENTED_EDGE('',*,*,#1655,.T.);
#1655 = EDGE_CURVE('',#1160,#696,#1656,.T.);
#1656 = SURFACE_CURVE('',#1657,(#1661,#1667),.PCURVE_S1.);
#1657 = LINE('',#1658,#1659);
#1658 = CARTESIAN_POINT('',(71.7,-21.587,-2.125));
#1659 = VECTOR('',#1660,1.);
#1660 = DIRECTION('',(0.,0.,1.));
#1661 = PCURVE('',#854,#1662);
#1662 = DEFINITIONAL_REPRESENTATION('',(#1663),#1666);
#1663 = B_SPLINE_CURVE_WITH_KNOTS('',1,(#1664,#1665),.UNSPECIFIED.,.F.,
  .F.,(2,2),(1.875,3.975),.PIECEWISE_BEZIER_KNOTS.);
#1664 = CARTESIAN_POINT('',(0.,72.177));
#1665 = CARTESIAN_POINT('',(2.1,72.177));
#1666 = ( GEOMETRIC_REPRESENTATION_CONTEXT(2) 
PARAMETRIC_REPRESENTATION_CONTEXT() REPRESENTATION_CONTEXT('2D SPACE',''
  ) );
#1667 = PCURVE('',#712,#1668);
#1668 = DEFINITIONAL_REPRESENTATION('',(#1669),#1672);
#1669 = B_SPLINE_CURVE_WITH_KNOTS('',1,(#1670,#1671),.UNSPECIFIED.,.F.,
  .F.,(2,2),(1.875,3.975),.PIECEWISE_BEZIER_KNOTS.);
#1670 = CARTESIAN_POINT('',(3.75,-0.263));
#1671 = CARTESIAN_POINT('',(5.85,-0.263));
#1672 = ( GEOMETRIC_REPRESENTATION_CONTEXT(2) 
PARAMETRIC_REPRESENTATION_CONTEXT() REPRESENTATION_CONTEXT('2D SPACE',''
  ) );
#1673 = ORIENTED_EDGE('',*,*,#841,.T.);
#1674 = ORIENTED_EDGE('',*,*,#1628,.F.);
#1675 = ADVANCED_FACE('',(#1676),#712,.F.);
#1676 = FACE_BOUND('',#1677,.F.);
#1677 = EDGE_LOOP('',(#1678,#1708,#1736,#1764,#1798,#1817,#1818,#1819,
    #1820,#1821,#1822,#1823,#1824,#1825,#1826,#1827,#1828,#1829,#1830,
    #1831,#1832,#1833,#1834,#1835,#1836,#1837,#1838,#1859));
#1678 = ORIENTED_EDGE('',*,*,#1679,.F.);
#1679 = EDGE_CURVE('',#1680,#1682,#1684,.T.);
#1680 = VERTEX_POINT('',#1681);
#1681 = CARTESIAN_POINT('',(71.7,-21.85,-4.));
#1682 = VERTEX_POINT('',#1683);
#1683 = CARTESIAN_POINT('',(71.7,-21.85,3.539));
#1684 = SURFACE_CURVE('',#1685,(#1689,#1696),.PCURVE_S1.);
#1685 = LINE('',#1686,#1687);
#1686 = CARTESIAN_POINT('',(71.7,-21.85,-4.));
#1687 = VECTOR('',#1688,1.);
#1688 = DIRECTION('',(0.,0.,1.));
#1689 = PCURVE('',#712,#1690);
#1690 = DEFINITIONAL_REPRESENTATION('',(#1691),#1695);
#1691 = LINE('',#1692,#1693);
#1692 = CARTESIAN_POINT('',(0.,0.));
#1693 = VECTOR('',#1694,1.);
#1694 = DIRECTION('',(1.,0.));
#1695 = ( GEOMETRIC_REPRESENTATION_CONTEXT(2) 
PARAMETRIC_REPRESENTATION_CONTEXT() REPRESENTATION_CONTEXT('2D SPACE',''
  ) );
#1696 = PCURVE('',#1697,#1702);
#1697 = PLANE('',#1698);
#1698 = AXIS2_PLACEMENT_3D('',#1699,#1700,#1701);
#1699 = CARTESIAN_POINT('',(-0.6,-21.85,-4.));
#1700 = DIRECTION('',(0.,1.,0.));
#1701 = DIRECTION('',(0.,0.,1.));
#1702 = DEFINITIONAL_REPRESENTATION('',(#1703),#1707);
#1703 = LINE('',#1704,#1705);
#1704 = CARTESIAN_POINT('',(0.,72.3));
#1705 = VECTOR('',#1706,1.);
#1706 = DIRECTION('',(1.,0.));
#1707 = ( GEOMETRIC_REPRESENTATION_CONTEXT(2) 
PARAMETRIC_REPRESENTATION_CONTEXT() REPRESENTATION_CONTEXT('2D SPACE',''
  ) );
#1708 = ORIENTED_EDGE('',*,*,#1709,.T.);
#1709 = EDGE_CURVE('',#1680,#1710,#1712,.T.);
#1710 = VERTEX_POINT('',#1711);
#1711 = CARTESIAN_POINT('',(71.7,0.7,-4.));
#1712 = SURFACE_CURVE('',#1713,(#1717,#1724),.PCURVE_S1.);
#1713 = LINE('',#1714,#1715);
#1714 = CARTESIAN_POINT('',(71.7,-21.85,-4.));
#1715 = VECTOR('',#1716,1.);
#1716 = DIRECTION('',(0.,1.,0.));
#1717 = PCURVE('',#712,#1718);
#1718 = DEFINITIONAL_REPRESENTATION('',(#1719),#1723);
#1719 = LINE('',#1720,#1721);
#1720 = CARTESIAN_POINT('',(0.,0.));
#1721 = VECTOR('',#1722,1.);
#1722 = DIRECTION('',(0.,-1.));
#1723 = ( GEOMETRIC_REPRESENTATION_CONTEXT(2) 
PARAMETRIC_REPRESENTATION_CONTEXT() REPRESENTATION_CONTEXT('2D SPACE',''
  ) );
#1724 = PCURVE('',#1725,#1730);
#1725 = PLANE('',#1726);
#1726 = AXIS2_PLACEMENT_3D('',#1727,#1728,#1729);
#1727 = CARTESIAN_POINT('',(-0.6,-21.85,-4.));
#1728 = DIRECTION('',(0.,0.,1.));
#1729 = DIRECTION('',(1.,0.,0.));
#1730 = DEFINITIONAL_REPRESENTATION('',(#1731),#1735);
#1731 = LINE('',#1732,#1733);
#1732 = CARTESIAN_POINT('',(72.3,0.));
#1733 = VECTOR('',#1734,1.);
#1734 = DIRECTION('',(0.,1.));
#1735 = ( GEOMETRIC_REPRESENTATION_CONTEXT(2) 
PARAMETRIC_REPRESENTATION_CONTEXT() REPRESENTATION_CONTEXT('2D SPACE',''
  ) );
#1736 = ORIENTED_EDGE('',*,*,#1737,.T.);
#1737 = EDGE_CURVE('',#1710,#1738,#1740,.T.);
#1738 = VERTEX_POINT('',#1739);
#1739 = CARTESIAN_POINT('',(71.7,0.7,3.8));
#1740 = SURFACE_CURVE('',#1741,(#1745,#1752),.PCURVE_S1.);
#1741 = LINE('',#1742,#1743);
#1742 = CARTESIAN_POINT('',(71.7,0.7,-4.));
#1743 = VECTOR('',#1744,1.);
#1744 = DIRECTION('',(0.,0.,1.));
#1745 = PCURVE('',#712,#1746);
#1746 = DEFINITIONAL_REPRESENTATION('',(#1747),#1751);
#1747 = LINE('',#1748,#1749);
#1748 = CARTESIAN_POINT('',(0.,-22.55));
#1749 = VECTOR('',#1750,1.);
#1750 = DIRECTION('',(1.,0.));
#1751 = ( GEOMETRIC_REPRESENTATION_CONTEXT(2) 
PARAMETRIC_REPRESENTATION_CONTEXT() REPRESENTATION_CONTEXT('2D SPACE',''
  ) );
#1752 = PCURVE('',#1753,#1758);
#1753 = PLANE('',#1754);
#1754 = AXIS2_PLACEMENT_3D('',#1755,#1756,#1757);
#1755 = CARTESIAN_POINT('',(-0.6,0.7,-4.));
#1756 = DIRECTION('',(0.,1.,0.));
#1757 = DIRECTION('',(0.,0.,1.));
#1758 = DEFINITIONAL_REPRESENTATION('',(#1759),#1763);
#1759 = LINE('',#1760,#1761);
#1760 = CARTESIAN_POINT('',(0.,72.3));
#1761 = VECTOR('',#1762,1.);
#1762 = DIRECTION('',(1.,0.));
#1763 = ( GEOMETRIC_REPRESENTATION_CONTEXT(2) 
PARAMETRIC_REPRESENTATION_CONTEXT() REPRESENTATION_CONTEXT('2D SPACE',''
  ) );
#1764 = ORIENTED_EDGE('',*,*,#1765,.F.);
#1765 = EDGE_CURVE('',#1766,#1738,#1768,.T.);
#1766 = VERTEX_POINT('',#1767);
#1767 = CARTESIAN_POINT('',(71.7,0.6,3.5));
#1768 = SURFACE_CURVE('',#1769,(#1775,#1784),.PCURVE_S1.);
#1769 = B_SPLINE_CURVE_WITH_KNOTS('',4,(#1770,#1771,#1772,#1773,#1774),
  .UNSPECIFIED.,.F.,.F.,(5,5),(0.,1.),.PIECEWISE_BEZIER_KNOTS.);
#1770 = CARTESIAN_POINT('',(71.7,0.6,3.5));
#1771 = CARTESIAN_POINT('',(71.7,0.624997256137,3.574991768411));
#1772 = CARTESIAN_POINT('',(71.7,0.649996349132,3.649989047396));
#1773 = CARTESIAN_POINT('',(71.7,0.674997267576,3.724991802727));
#1774 = CARTESIAN_POINT('',(71.7,0.7,3.8));
#1775 = PCURVE('',#712,#1776);
#1776 = DEFINITIONAL_REPRESENTATION('',(#1777),#1783);
#1777 = B_SPLINE_CURVE_WITH_KNOTS('',4,(#1778,#1779,#1780,#1781,#1782),
  .UNSPECIFIED.,.F.,.F.,(5,5),(0.,1.),.PIECEWISE_BEZIER_KNOTS.);
#1778 = CARTESIAN_POINT('',(7.5,-22.45));
#1779 = CARTESIAN_POINT('',(7.574991768411,-22.47499725613));
#1780 = CARTESIAN_POINT('',(7.649989047396,-22.49999634913));
#1781 = CARTESIAN_POINT('',(7.724991802727,-22.52499726757));
#1782 = CARTESIAN_POINT('',(7.8,-22.55));
#1783 = ( GEOMETRIC_REPRESENTATION_CONTEXT(2) 
PARAMETRIC_REPRESENTATION_CONTEXT() REPRESENTATION_CONTEXT('2D SPACE',''
  ) );
#1784 = PCURVE('',#1785,#1790);
#1785 = B_SPLINE_SURFACE_WITH_KNOTS('',1,1,(
    (#1786,#1787)
    ,(#1788,#1789
    )),.UNSPECIFIED.,.F.,.F.,.F.,(2,2),(2,2),(0.,75.135),(0.,1.),
  .PIECEWISE_BEZIER_KNOTS.);
#1786 = CARTESIAN_POINT('',(73.808,0.6,3.5));
#1787 = CARTESIAN_POINT('',(74.108,0.9,4.4));
#1788 = CARTESIAN_POINT('',(-0.727,0.6,3.5));
#1789 = CARTESIAN_POINT('',(-1.027,0.9,4.4));
#1790 = DEFINITIONAL_REPRESENTATION('',(#1791),#1797);
#1791 = B_SPLINE_CURVE_WITH_KNOTS('',4,(#1792,#1793,#1794,#1795,#1796),
  .UNSPECIFIED.,.F.,.F.,(5,5),(0.,1.),.PIECEWISE_BEZIER_KNOTS.);
#1792 = CARTESIAN_POINT('',(2.124969209096,0.));
#1793 = CARTESIAN_POINT('',(2.148742363194,8.33241871229E-02));
#1794 = CARTESIAN_POINT('',(2.17247474242,0.166654497106));
#1795 = CARTESIAN_POINT('',(2.19616649067,0.249990891919));
#1796 = CARTESIAN_POINT('',(2.219817755565,0.333333333333));
#1797 = ( GEOMETRIC_REPRESENTATION_CONTEXT(2) 
PARAMETRIC_REPRESENTATION_CONTEXT() REPRESENTATION_CONTEXT('2D SPACE',''
  ) );
#1798 = ORIENTED_EDGE('',*,*,#1799,.F.);
#1799 = EDGE_CURVE('',#746,#1766,#1800,.T.);
#1800 = SURFACE_CURVE('',#1801,(#1805,#1811),.PCURVE_S1.);
#1801 = LINE('',#1802,#1803);
#1802 = CARTESIAN_POINT('',(71.7,0.6,-2.));
#1803 = VECTOR('',#1804,1.);
#1804 = DIRECTION('',(0.,0.,1.));
#1805 = PCURVE('',#712,#1806);
#1806 = DEFINITIONAL_REPRESENTATION('',(#1807),#1810);
#1807 = B_SPLINE_CURVE_WITH_KNOTS('',1,(#1808,#1809),.UNSPECIFIED.,.F.,
  .F.,(2,2),(2.,6.4),.PIECEWISE_BEZIER_KNOTS.);
#1808 = CARTESIAN_POINT('',(4.,-22.45));
#1809 = CARTESIAN_POINT('',(8.4,-22.45));
#1810 = ( GEOMETRIC_REPRESENTATION_CONTEXT(2) 
PARAMETRIC_REPRESENTATION_CONTEXT() REPRESENTATION_CONTEXT('2D SPACE',''
  ) );
#1811 = PCURVE('',#592,#1812);
#1812 = DEFINITIONAL_REPRESENTATION('',(#1813),#1816);
#1813 = B_SPLINE_CURVE_WITH_KNOTS('',1,(#1814,#1815),.UNSPECIFIED.,.F.,
  .F.,(2,2),(2.,6.4),.PIECEWISE_BEZIER_KNOTS.);
#1814 = CARTESIAN_POINT('',(0.,72.427));
#1815 = CARTESIAN_POINT('',(4.4,72.427));
#1816 = ( GEOMETRIC_REPRESENTATION_CONTEXT(2) 
PARAMETRIC_REPRESENTATION_CONTEXT() REPRESENTATION_CONTEXT('2D SPACE',''
  ) );
#1817 = ORIENTED_EDGE('',*,*,#768,.T.);
#1818 = ORIENTED_EDGE('',*,*,#898,.F.);
#1819 = ORIENTED_EDGE('',*,*,#943,.T.);
#1820 = ORIENTED_EDGE('',*,*,#1528,.T.);
#1821 = ORIENTED_EDGE('',*,*,#1604,.T.);
#1822 = ORIENTED_EDGE('',*,*,#1582,.F.);
#1823 = ORIENTED_EDGE('',*,*,#997,.T.);
#1824 = ORIENTED_EDGE('',*,*,#1428,.T.);
#1825 = ORIENTED_EDGE('',*,*,#1504,.T.);
#1826 = ORIENTED_EDGE('',*,*,#1482,.F.);
#1827 = ORIENTED_EDGE('',*,*,#1051,.T.);
#1828 = ORIENTED_EDGE('',*,*,#1328,.T.);
#1829 = ORIENTED_EDGE('',*,*,#1404,.T.);
#1830 = ORIENTED_EDGE('',*,*,#1382,.F.);
#1831 = ORIENTED_EDGE('',*,*,#1105,.T.);
#1832 = ORIENTED_EDGE('',*,*,#1228,.T.);
#1833 = ORIENTED_EDGE('',*,*,#1304,.T.);
#1834 = ORIENTED_EDGE('',*,*,#1282,.F.);
#1835 = ORIENTED_EDGE('',*,*,#1159,.T.);
#1836 = ORIENTED_EDGE('',*,*,#1655,.T.);
#1837 = ORIENTED_EDGE('',*,*,#695,.T.);
#1838 = ORIENTED_EDGE('',*,*,#1839,.T.);
#1839 = EDGE_CURVE('',#698,#1840,#1842,.T.);
#1840 = VERTEX_POINT('',#1841);
#1841 = CARTESIAN_POINT('',(71.7,-21.837,3.5));
#1842 = SURFACE_CURVE('',#1843,(#1847,#1853),.PCURVE_S1.);
#1843 = LINE('',#1844,#1845);
#1844 = CARTESIAN_POINT('',(71.7,-21.837,-2.));
#1845 = VECTOR('',#1846,1.);
#1846 = DIRECTION('',(0.,0.,1.));
#1847 = PCURVE('',#712,#1848);
#1848 = DEFINITIONAL_REPRESENTATION('',(#1849),#1852);
#1849 = B_SPLINE_CURVE_WITH_KNOTS('',1,(#1850,#1851),.UNSPECIFIED.,.F.,
  .F.,(2,2),(2.,6.4),.PIECEWISE_BEZIER_KNOTS.);
#1850 = CARTESIAN_POINT('',(4.,-1.3E-02));
#1851 = CARTESIAN_POINT('',(8.4,-1.3E-02));
#1852 = ( GEOMETRIC_REPRESENTATION_CONTEXT(2) 
PARAMETRIC_REPRESENTATION_CONTEXT() REPRESENTATION_CONTEXT('2D SPACE',''
  ) );
#1853 = PCURVE('',#536,#1854);
#1854 = DEFINITIONAL_REPRESENTATION('',(#1855),#1858);
#1855 = B_SPLINE_CURVE_WITH_KNOTS('',1,(#1856,#1857),.UNSPECIFIED.,.F.,
  .F.,(2,2),(2.,6.4),.PIECEWISE_BEZIER_KNOTS.);
#1856 = CARTESIAN_POINT('',(0.,72.427));
#1857 = CARTESIAN_POINT('',(4.4,72.427));
#1858 = ( GEOMETRIC_REPRESENTATION_CONTEXT(2) 
PARAMETRIC_REPRESENTATION_CONTEXT() REPRESENTATION_CONTEXT('2D SPACE',''
  ) );
#1859 = ORIENTED_EDGE('',*,*,#1860,.T.);
#1860 = EDGE_CURVE('',#1840,#1682,#1861,.T.);
#1861 = SURFACE_CURVE('',#1862,(#1865,#1871),.PCURVE_S1.);
#1862 = B_SPLINE_CURVE_WITH_KNOTS('',1,(#1863,#1864),.UNSPECIFIED.,.F.,
  .F.,(2,2),(0.,1.),.PIECEWISE_BEZIER_KNOTS.);
#1863 = CARTESIAN_POINT('',(71.7,-21.837,3.5));
#1864 = CARTESIAN_POINT('',(71.7,-21.85,3.539));
#1865 = PCURVE('',#712,#1866);
#1866 = DEFINITIONAL_REPRESENTATION('',(#1867),#1870);
#1867 = B_SPLINE_CURVE_WITH_KNOTS('',1,(#1868,#1869),.UNSPECIFIED.,.F.,
  .F.,(2,2),(0.,1.),.PIECEWISE_BEZIER_KNOTS.);
#1868 = CARTESIAN_POINT('',(7.5,-1.3E-02));
#1869 = CARTESIAN_POINT('',(7.539,0.));
#1870 = ( GEOMETRIC_REPRESENTATION_CONTEXT(2) 
PARAMETRIC_REPRESENTATION_CONTEXT() REPRESENTATION_CONTEXT('2D SPACE',''
  ) );
#1871 = PCURVE('',#1872,#1877);
#1872 = B_SPLINE_SURFACE_WITH_KNOTS('',1,1,(
    (#1873,#1874)
    ,(#1875,#1876
    )),.UNSPECIFIED.,.F.,.F.,.F.,(2,2),(2,2),(0.,75.135),(0.,1.),
  .PIECEWISE_BEZIER_KNOTS.);
#1873 = CARTESIAN_POINT('',(-0.727,-21.837,3.5));
#1874 = CARTESIAN_POINT('',(-1.027,-22.137,4.4));
#1875 = CARTESIAN_POINT('',(73.808,-21.837,3.5));
#1876 = CARTESIAN_POINT('',(74.108,-22.137,4.4));
#1877 = DEFINITIONAL_REPRESENTATION('',(#1878),#1881);
#1878 = B_SPLINE_CURVE_WITH_KNOTS('',1,(#1879,#1880),.UNSPECIFIED.,.F.,
  .F.,(2,2),(0.,1.),.PIECEWISE_BEZIER_KNOTS.);
#1879 = CARTESIAN_POINT('',(73.010030790904,0.));
#1880 = CARTESIAN_POINT('',(72.997671705557,4.333333333333E-02));
#1881 = ( GEOMETRIC_REPRESENTATION_CONTEXT(2) 
PARAMETRIC_REPRESENTATION_CONTEXT() REPRESENTATION_CONTEXT('2D SPACE',''
  ) );
#1882 = ADVANCED_FACE('',(#1883,#2775,#2810),#1725,.T.);
#1883 = FACE_BOUND('',#1884,.T.);
#1884 = EDGE_LOOP('',(#1885,#1915,#1938,#1966,#1994,#2022,#2045,#2073,
    #2101,#2129,#2152,#2180,#2208,#2236,#2257,#2258,#2281,#2310,#2338,
    #2366,#2394,#2423,#2451,#2479,#2507,#2535,#2558,#2586,#2614,#2642,
    #2665,#2693,#2721,#2749));
#1885 = ORIENTED_EDGE('',*,*,#1886,.F.);
#1886 = EDGE_CURVE('',#1887,#1889,#1891,.T.);
#1887 = VERTEX_POINT('',#1888);
#1888 = CARTESIAN_POINT('',(-0.6,-21.85,-4.));
#1889 = VERTEX_POINT('',#1890);
#1890 = CARTESIAN_POINT('',(-0.6,-18.3,-4.));
#1891 = SURFACE_CURVE('',#1892,(#1896,#1903),.PCURVE_S1.);
#1892 = LINE('',#1893,#1894);
#1893 = CARTESIAN_POINT('',(-0.6,-21.85,-4.));
#1894 = VECTOR('',#1895,1.);
#1895 = DIRECTION('',(0.,1.,0.));
#1896 = PCURVE('',#1725,#1897);
#1897 = DEFINITIONAL_REPRESENTATION('',(#1898),#1902);
#1898 = LINE('',#1899,#1900);
#1899 = CARTESIAN_POINT('',(0.,0.));
#1900 = VECTOR('',#1901,1.);
#1901 = DIRECTION('',(0.,1.));
#1902 = ( GEOMETRIC_REPRESENTATION_CONTEXT(2) 
PARAMETRIC_REPRESENTATION_CONTEXT() REPRESENTATION_CONTEXT('2D SPACE',''
  ) );
#1903 = PCURVE('',#1904,#1909);
#1904 = PLANE('',#1905);
#1905 = AXIS2_PLACEMENT_3D('',#1906,#1907,#1908);
#1906 = CARTESIAN_POINT('',(-0.6,-21.85,-4.));
#1907 = DIRECTION('',(1.,0.,0.));
#1908 = DIRECTION('',(0.,0.,1.));
#1909 = DEFINITIONAL_REPRESENTATION('',(#1910),#1914);
#1910 = LINE('',#1911,#1912);
#1911 = CARTESIAN_POINT('',(0.,0.));
#1912 = VECTOR('',#1913,1.);
#1913 = DIRECTION('',(0.,-1.));
#1914 = ( GEOMETRIC_REPRESENTATION_CONTEXT(2) 
PARAMETRIC_REPRESENTATION_CONTEXT() REPRESENTATION_CONTEXT('2D SPACE',''
  ) );
#1915 = ORIENTED_EDGE('',*,*,#1916,.T.);
#1916 = EDGE_CURVE('',#1887,#1917,#1919,.T.);
#1917 = VERTEX_POINT('',#1918);
#1918 = CARTESIAN_POINT('',(17.,-21.85,-4.));
#1919 = SURFACE_CURVE('',#1920,(#1924,#1931),.PCURVE_S1.);
#1920 = LINE('',#1921,#1922);
#1921 = CARTESIAN_POINT('',(-0.6,-21.85,-4.));
#1922 = VECTOR('',#1923,1.);
#1923 = DIRECTION('',(1.,0.,0.));
#1924 = PCURVE('',#1725,#1925);
#1925 = DEFINITIONAL_REPRESENTATION('',(#1926),#1930);
#1926 = LINE('',#1927,#1928);
#1927 = CARTESIAN_POINT('',(0.,0.));
#1928 = VECTOR('',#1929,1.);
#1929 = DIRECTION('',(1.,0.));
#1930 = ( GEOMETRIC_REPRESENTATION_CONTEXT(2) 
PARAMETRIC_REPRESENTATION_CONTEXT() REPRESENTATION_CONTEXT('2D SPACE',''
  ) );
#1931 = PCURVE('',#1697,#1932);
#1932 = DEFINITIONAL_REPRESENTATION('',(#1933),#1937);
#1933 = LINE('',#1934,#1935);
#1934 = CARTESIAN_POINT('',(0.,0.));
#1935 = VECTOR('',#1936,1.);
#1936 = DIRECTION('',(0.,1.));
#1937 = ( GEOMETRIC_REPRESENTATION_CONTEXT(2) 
PARAMETRIC_REPRESENTATION_CONTEXT() REPRESENTATION_CONTEXT('2D SPACE',''
  ) );
#1938 = ORIENTED_EDGE('',*,*,#1939,.T.);
#1939 = EDGE_CURVE('',#1917,#1940,#1942,.T.);
#1940 = VERTEX_POINT('',#1941);
#1941 = CARTESIAN_POINT('',(17.,-20.7,-4.));
#1942 = SURFACE_CURVE('',#1943,(#1947,#1954),.PCURVE_S1.);
#1943 = LINE('',#1944,#1945);
#1944 = CARTESIAN_POINT('',(17.,-22.2,-4.));
#1945 = VECTOR('',#1946,1.);
#1946 = DIRECTION('',(0.,1.,0.));
#1947 = PCURVE('',#1725,#1948);
#1948 = DEFINITIONAL_REPRESENTATION('',(#1949),#1953);
#1949 = LINE('',#1950,#1951);
#1950 = CARTESIAN_POINT('',(17.6,-0.35));
#1951 = VECTOR('',#1952,1.);
#1952 = DIRECTION('',(0.,1.));
#1953 = ( GEOMETRIC_REPRESENTATION_CONTEXT(2) 
PARAMETRIC_REPRESENTATION_CONTEXT() REPRESENTATION_CONTEXT('2D SPACE',''
  ) );
#1954 = PCURVE('',#1955,#1960);
#1955 = PLANE('',#1956);
#1956 = AXIS2_PLACEMENT_3D('',#1957,#1958,#1959);
#1957 = CARTESIAN_POINT('',(17.,-22.2,-4.));
#1958 = DIRECTION('',(1.,0.,0.));
#1959 = DIRECTION('',(0.,0.,1.));
#1960 = DEFINITIONAL_REPRESENTATION('',(#1961),#1965);
#1961 = LINE('',#1962,#1963);
#1962 = CARTESIAN_POINT('',(0.,0.));
#1963 = VECTOR('',#1964,1.);
#1964 = DIRECTION('',(0.,-1.));
#1965 = ( GEOMETRIC_REPRESENTATION_CONTEXT(2) 
PARAMETRIC_REPRESENTATION_CONTEXT() REPRESENTATION_CONTEXT('2D SPACE',''
  ) );
#1966 = ORIENTED_EDGE('',*,*,#1967,.T.);
#1967 = EDGE_CURVE('',#1940,#1968,#1970,.T.);
#1968 = VERTEX_POINT('',#1969);
#1969 = CARTESIAN_POINT('',(19.,-20.7,-4.));
#1970 = SURFACE_CURVE('',#1971,(#1975,#1982),.PCURVE_S1.);
#1971 = LINE('',#1972,#1973);
#1972 = CARTESIAN_POINT('',(17.,-20.7,-4.));
#1973 = VECTOR('',#1974,1.);
#1974 = DIRECTION('',(1.,0.,0.));
#1975 = PCURVE('',#1725,#1976);
#1976 = DEFINITIONAL_REPRESENTATION('',(#1977),#1981);
#1977 = LINE('',#1978,#1979);
#1978 = CARTESIAN_POINT('',(17.6,1.15));
#1979 = VECTOR('',#1980,1.);
#1980 = DIRECTION('',(1.,0.));
#1981 = ( GEOMETRIC_REPRESENTATION_CONTEXT(2) 
PARAMETRIC_REPRESENTATION_CONTEXT() REPRESENTATION_CONTEXT('2D SPACE',''
  ) );
#1982 = PCURVE('',#1983,#1988);
#1983 = PLANE('',#1984);
#1984 = AXIS2_PLACEMENT_3D('',#1985,#1986,#1987);
#1985 = CARTESIAN_POINT('',(17.,-20.7,-4.));
#1986 = DIRECTION('',(0.,1.,0.));
#1987 = DIRECTION('',(0.,0.,1.));
#1988 = DEFINITIONAL_REPRESENTATION('',(#1989),#1993);
#1989 = LINE('',#1990,#1991);
#1990 = CARTESIAN_POINT('',(0.,0.));
#1991 = VECTOR('',#1992,1.);
#1992 = DIRECTION('',(0.,1.));
#1993 = ( GEOMETRIC_REPRESENTATION_CONTEXT(2) 
PARAMETRIC_REPRESENTATION_CONTEXT() REPRESENTATION_CONTEXT('2D SPACE',''
  ) );
#1994 = ORIENTED_EDGE('',*,*,#1995,.F.);
#1995 = EDGE_CURVE('',#1996,#1968,#1998,.T.);
#1996 = VERTEX_POINT('',#1997);
#1997 = CARTESIAN_POINT('',(19.,-21.85,-4.));
#1998 = SURFACE_CURVE('',#1999,(#2003,#2010),.PCURVE_S1.);
#1999 = LINE('',#2000,#2001);
#2000 = CARTESIAN_POINT('',(19.,-22.2,-4.));
#2001 = VECTOR('',#2002,1.);
#2002 = DIRECTION('',(0.,1.,0.));
#2003 = PCURVE('',#1725,#2004);
#2004 = DEFINITIONAL_REPRESENTATION('',(#2005),#2009);
#2005 = LINE('',#2006,#2007);
#2006 = CARTESIAN_POINT('',(19.6,-0.35));
#2007 = VECTOR('',#2008,1.);
#2008 = DIRECTION('',(0.,1.));
#2009 = ( GEOMETRIC_REPRESENTATION_CONTEXT(2) 
PARAMETRIC_REPRESENTATION_CONTEXT() REPRESENTATION_CONTEXT('2D SPACE',''
  ) );
#2010 = PCURVE('',#2011,#2016);
#2011 = PLANE('',#2012);
#2012 = AXIS2_PLACEMENT_3D('',#2013,#2014,#2015);
#2013 = CARTESIAN_POINT('',(19.,-22.2,-4.));
#2014 = DIRECTION('',(1.,0.,0.));
#2015 = DIRECTION('',(0.,0.,1.));
#2016 = DEFINITIONAL_REPRESENTATION('',(#2017),#2021);
#2017 = LINE('',#2018,#2019);
#2018 = CARTESIAN_POINT('',(0.,0.));
#2019 = VECTOR('',#2020,1.);
#2020 = DIRECTION('',(0.,-1.));
#2021 = ( GEOMETRIC_REPRESENTATION_CONTEXT(2) 
PARAMETRIC_REPRESENTATION_CONTEXT() REPRESENTATION_CONTEXT('2D SPACE',''
  ) );
#2022 = ORIENTED_EDGE('',*,*,#2023,.T.);
#2023 = EDGE_CURVE('',#1996,#2024,#2026,.T.);
#2024 = VERTEX_POINT('',#2025);
#2025 = CARTESIAN_POINT('',(40.,-21.85,-4.));
#2026 = SURFACE_CURVE('',#2027,(#2031,#2038),.PCURVE_S1.);
#2027 = LINE('',#2028,#2029);
#2028 = CARTESIAN_POINT('',(-0.6,-21.85,-4.));
#2029 = VECTOR('',#2030,1.);
#2030 = DIRECTION('',(1.,0.,0.));
#2031 = PCURVE('',#1725,#2032);
#2032 = DEFINITIONAL_REPRESENTATION('',(#2033),#2037);
#2033 = LINE('',#2034,#2035);
#2034 = CARTESIAN_POINT('',(0.,0.));
#2035 = VECTOR('',#2036,1.);
#2036 = DIRECTION('',(1.,0.));
#2037 = ( GEOMETRIC_REPRESENTATION_CONTEXT(2) 
PARAMETRIC_REPRESENTATION_CONTEXT() REPRESENTATION_CONTEXT('2D SPACE',''
  ) );
#2038 = PCURVE('',#1697,#2039);
#2039 = DEFINITIONAL_REPRESENTATION('',(#2040),#2044);
#2040 = LINE('',#2041,#2042);
#2041 = CARTESIAN_POINT('',(0.,0.));
#2042 = VECTOR('',#2043,1.);
#2043 = DIRECTION('',(0.,1.));
#2044 = ( GEOMETRIC_REPRESENTATION_CONTEXT(2) 
PARAMETRIC_REPRESENTATION_CONTEXT() REPRESENTATION_CONTEXT('2D SPACE',''
  ) );
#2045 = ORIENTED_EDGE('',*,*,#2046,.T.);
#2046 = EDGE_CURVE('',#2024,#2047,#2049,.T.);
#2047 = VERTEX_POINT('',#2048);
#2048 = CARTESIAN_POINT('',(40.,-20.7,-4.));
#2049 = SURFACE_CURVE('',#2050,(#2054,#2061),.PCURVE_S1.);
#2050 = LINE('',#2051,#2052);
#2051 = CARTESIAN_POINT('',(40.,-22.2,-4.));
#2052 = VECTOR('',#2053,1.);
#2053 = DIRECTION('',(0.,1.,0.));
#2054 = PCURVE('',#1725,#2055);
#2055 = DEFINITIONAL_REPRESENTATION('',(#2056),#2060);
#2056 = LINE('',#2057,#2058);
#2057 = CARTESIAN_POINT('',(40.6,-0.35));
#2058 = VECTOR('',#2059,1.);
#2059 = DIRECTION('',(0.,1.));
#2060 = ( GEOMETRIC_REPRESENTATION_CONTEXT(2) 
PARAMETRIC_REPRESENTATION_CONTEXT() REPRESENTATION_CONTEXT('2D SPACE',''
  ) );
#2061 = PCURVE('',#2062,#2067);
#2062 = PLANE('',#2063);
#2063 = AXIS2_PLACEMENT_3D('',#2064,#2065,#2066);
#2064 = CARTESIAN_POINT('',(40.,-22.2,-4.));
#2065 = DIRECTION('',(1.,0.,0.));
#2066 = DIRECTION('',(0.,0.,1.));
#2067 = DEFINITIONAL_REPRESENTATION('',(#2068),#2072);
#2068 = LINE('',#2069,#2070);
#2069 = CARTESIAN_POINT('',(0.,0.));
#2070 = VECTOR('',#2071,1.);
#2071 = DIRECTION('',(0.,-1.));
#2072 = ( GEOMETRIC_REPRESENTATION_CONTEXT(2) 
PARAMETRIC_REPRESENTATION_CONTEXT() REPRESENTATION_CONTEXT('2D SPACE',''
  ) );
#2073 = ORIENTED_EDGE('',*,*,#2074,.T.);
#2074 = EDGE_CURVE('',#2047,#2075,#2077,.T.);
#2075 = VERTEX_POINT('',#2076);
#2076 = CARTESIAN_POINT('',(42.,-20.7,-4.));
#2077 = SURFACE_CURVE('',#2078,(#2082,#2089),.PCURVE_S1.);
#2078 = LINE('',#2079,#2080);
#2079 = CARTESIAN_POINT('',(40.,-20.7,-4.));
#2080 = VECTOR('',#2081,1.);
#2081 = DIRECTION('',(1.,0.,0.));
#2082 = PCURVE('',#1725,#2083);
#2083 = DEFINITIONAL_REPRESENTATION('',(#2084),#2088);
#2084 = LINE('',#2085,#2086);
#2085 = CARTESIAN_POINT('',(40.6,1.15));
#2086 = VECTOR('',#2087,1.);
#2087 = DIRECTION('',(1.,0.));
#2088 = ( GEOMETRIC_REPRESENTATION_CONTEXT(2) 
PARAMETRIC_REPRESENTATION_CONTEXT() REPRESENTATION_CONTEXT('2D SPACE',''
  ) );
#2089 = PCURVE('',#2090,#2095);
#2090 = PLANE('',#2091);
#2091 = AXIS2_PLACEMENT_3D('',#2092,#2093,#2094);
#2092 = CARTESIAN_POINT('',(40.,-20.7,-4.));
#2093 = DIRECTION('',(0.,1.,0.));
#2094 = DIRECTION('',(0.,0.,1.));
#2095 = DEFINITIONAL_REPRESENTATION('',(#2096),#2100);
#2096 = LINE('',#2097,#2098);
#2097 = CARTESIAN_POINT('',(0.,0.));
#2098 = VECTOR('',#2099,1.);
#2099 = DIRECTION('',(0.,1.));
#2100 = ( GEOMETRIC_REPRESENTATION_CONTEXT(2) 
PARAMETRIC_REPRESENTATION_CONTEXT() REPRESENTATION_CONTEXT('2D SPACE',''
  ) );
#2101 = ORIENTED_EDGE('',*,*,#2102,.F.);
#2102 = EDGE_CURVE('',#2103,#2075,#2105,.T.);
#2103 = VERTEX_POINT('',#2104);
#2104 = CARTESIAN_POINT('',(42.,-21.85,-4.));
#2105 = SURFACE_CURVE('',#2106,(#2110,#2117),.PCURVE_S1.);
#2106 = LINE('',#2107,#2108);
#2107 = CARTESIAN_POINT('',(42.,-22.2,-4.));
#2108 = VECTOR('',#2109,1.);
#2109 = DIRECTION('',(0.,1.,0.));
#2110 = PCURVE('',#1725,#2111);
#2111 = DEFINITIONAL_REPRESENTATION('',(#2112),#2116);
#2112 = LINE('',#2113,#2114);
#2113 = CARTESIAN_POINT('',(42.6,-0.35));
#2114 = VECTOR('',#2115,1.);
#2115 = DIRECTION('',(0.,1.));
#2116 = ( GEOMETRIC_REPRESENTATION_CONTEXT(2) 
PARAMETRIC_REPRESENTATION_CONTEXT() REPRESENTATION_CONTEXT('2D SPACE',''
  ) );
#2117 = PCURVE('',#2118,#2123);
#2118 = PLANE('',#2119);
#2119 = AXIS2_PLACEMENT_3D('',#2120,#2121,#2122);
#2120 = CARTESIAN_POINT('',(42.,-22.2,-4.));
#2121 = DIRECTION('',(1.,0.,0.));
#2122 = DIRECTION('',(0.,0.,1.));
#2123 = DEFINITIONAL_REPRESENTATION('',(#2124),#2128);
#2124 = LINE('',#2125,#2126);
#2125 = CARTESIAN_POINT('',(0.,0.));
#2126 = VECTOR('',#2127,1.);
#2127 = DIRECTION('',(0.,-1.));
#2128 = ( GEOMETRIC_REPRESENTATION_CONTEXT(2) 
PARAMETRIC_REPRESENTATION_CONTEXT() REPRESENTATION_CONTEXT('2D SPACE',''
  ) );
#2129 = ORIENTED_EDGE('',*,*,#2130,.T.);
#2130 = EDGE_CURVE('',#2103,#2131,#2133,.T.);
#2131 = VERTEX_POINT('',#2132);
#2132 = CARTESIAN_POINT('',(66.,-21.85,-4.));
#2133 = SURFACE_CURVE('',#2134,(#2138,#2145),.PCURVE_S1.);
#2134 = LINE('',#2135,#2136);
#2135 = CARTESIAN_POINT('',(-0.6,-21.85,-4.));
#2136 = VECTOR('',#2137,1.);
#2137 = DIRECTION('',(1.,0.,0.));
#2138 = PCURVE('',#1725,#2139);
#2139 = DEFINITIONAL_REPRESENTATION('',(#2140),#2144);
#2140 = LINE('',#2141,#2142);
#2141 = CARTESIAN_POINT('',(0.,0.));
#2142 = VECTOR('',#2143,1.);
#2143 = DIRECTION('',(1.,0.));
#2144 = ( GEOMETRIC_REPRESENTATION_CONTEXT(2) 
PARAMETRIC_REPRESENTATION_CONTEXT() REPRESENTATION_CONTEXT('2D SPACE',''
  ) );
#2145 = PCURVE('',#1697,#2146);
#2146 = DEFINITIONAL_REPRESENTATION('',(#2147),#2151);
#2147 = LINE('',#2148,#2149);
#2148 = CARTESIAN_POINT('',(0.,0.));
#2149 = VECTOR('',#2150,1.);
#2150 = DIRECTION('',(0.,1.));
#2151 = ( GEOMETRIC_REPRESENTATION_CONTEXT(2) 
PARAMETRIC_REPRESENTATION_CONTEXT() REPRESENTATION_CONTEXT('2D SPACE',''
  ) );
#2152 = ORIENTED_EDGE('',*,*,#2153,.T.);
#2153 = EDGE_CURVE('',#2131,#2154,#2156,.T.);
#2154 = VERTEX_POINT('',#2155);
#2155 = CARTESIAN_POINT('',(66.,-20.7,-4.));
#2156 = SURFACE_CURVE('',#2157,(#2161,#2168),.PCURVE_S1.);
#2157 = LINE('',#2158,#2159);
#2158 = CARTESIAN_POINT('',(66.,-22.2,-4.));
#2159 = VECTOR('',#2160,1.);
#2160 = DIRECTION('',(0.,1.,0.));
#2161 = PCURVE('',#1725,#2162);
#2162 = DEFINITIONAL_REPRESENTATION('',(#2163),#2167);
#2163 = LINE('',#2164,#2165);
#2164 = CARTESIAN_POINT('',(66.6,-0.35));
#2165 = VECTOR('',#2166,1.);
#2166 = DIRECTION('',(0.,1.));
#2167 = ( GEOMETRIC_REPRESENTATION_CONTEXT(2) 
PARAMETRIC_REPRESENTATION_CONTEXT() REPRESENTATION_CONTEXT('2D SPACE',''
  ) );
#2168 = PCURVE('',#2169,#2174);
#2169 = PLANE('',#2170);
#2170 = AXIS2_PLACEMENT_3D('',#2171,#2172,#2173);
#2171 = CARTESIAN_POINT('',(66.,-22.2,-4.));
#2172 = DIRECTION('',(1.,0.,0.));
#2173 = DIRECTION('',(0.,0.,1.));
#2174 = DEFINITIONAL_REPRESENTATION('',(#2175),#2179);
#2175 = LINE('',#2176,#2177);
#2176 = CARTESIAN_POINT('',(0.,0.));
#2177 = VECTOR('',#2178,1.);
#2178 = DIRECTION('',(0.,-1.));
#2179 = ( GEOMETRIC_REPRESENTATION_CONTEXT(2) 
PARAMETRIC_REPRESENTATION_CONTEXT() REPRESENTATION_CONTEXT('2D SPACE',''
  ) );
#2180 = ORIENTED_EDGE('',*,*,#2181,.T.);
#2181 = EDGE_CURVE('',#2154,#2182,#2184,.T.);
#2182 = VERTEX_POINT('',#2183);
#2183 = CARTESIAN_POINT('',(68.,-20.7,-4.));
#2184 = SURFACE_CURVE('',#2185,(#2189,#2196),.PCURVE_S1.);
#2185 = LINE('',#2186,#2187);
#2186 = CARTESIAN_POINT('',(66.,-20.7,-4.));
#2187 = VECTOR('',#2188,1.);
#2188 = DIRECTION('',(1.,0.,0.));
#2189 = PCURVE('',#1725,#2190);
#2190 = DEFINITIONAL_REPRESENTATION('',(#2191),#2195);
#2191 = LINE('',#2192,#2193);
#2192 = CARTESIAN_POINT('',(66.6,1.15));
#2193 = VECTOR('',#2194,1.);
#2194 = DIRECTION('',(1.,0.));
#2195 = ( GEOMETRIC_REPRESENTATION_CONTEXT(2) 
PARAMETRIC_REPRESENTATION_CONTEXT() REPRESENTATION_CONTEXT('2D SPACE',''
  ) );
#2196 = PCURVE('',#2197,#2202);
#2197 = PLANE('',#2198);
#2198 = AXIS2_PLACEMENT_3D('',#2199,#2200,#2201);
#2199 = CARTESIAN_POINT('',(66.,-20.7,-4.));
#2200 = DIRECTION('',(0.,1.,0.));
#2201 = DIRECTION('',(0.,0.,1.));
#2202 = DEFINITIONAL_REPRESENTATION('',(#2203),#2207);
#2203 = LINE('',#2204,#2205);
#2204 = CARTESIAN_POINT('',(0.,0.));
#2205 = VECTOR('',#2206,1.);
#2206 = DIRECTION('',(0.,1.));
#2207 = ( GEOMETRIC_REPRESENTATION_CONTEXT(2) 
PARAMETRIC_REPRESENTATION_CONTEXT() REPRESENTATION_CONTEXT('2D SPACE',''
  ) );
#2208 = ORIENTED_EDGE('',*,*,#2209,.F.);
#2209 = EDGE_CURVE('',#2210,#2182,#2212,.T.);
#2210 = VERTEX_POINT('',#2211);
#2211 = CARTESIAN_POINT('',(68.,-21.85,-4.));
#2212 = SURFACE_CURVE('',#2213,(#2217,#2224),.PCURVE_S1.);
#2213 = LINE('',#2214,#2215);
#2214 = CARTESIAN_POINT('',(68.,-22.2,-4.));
#2215 = VECTOR('',#2216,1.);
#2216 = DIRECTION('',(0.,1.,0.));
#2217 = PCURVE('',#1725,#2218);
#2218 = DEFINITIONAL_REPRESENTATION('',(#2219),#2223);
#2219 = LINE('',#2220,#2221);
#2220 = CARTESIAN_POINT('',(68.6,-0.35));
#2221 = VECTOR('',#2222,1.);
#2222 = DIRECTION('',(0.,1.));
#2223 = ( GEOMETRIC_REPRESENTATION_CONTEXT(2) 
PARAMETRIC_REPRESENTATION_CONTEXT() REPRESENTATION_CONTEXT('2D SPACE',''
  ) );
#2224 = PCURVE('',#2225,#2230);
#2225 = PLANE('',#2226);
#2226 = AXIS2_PLACEMENT_3D('',#2227,#2228,#2229);
#2227 = CARTESIAN_POINT('',(68.,-22.2,-4.));
#2228 = DIRECTION('',(1.,0.,0.));
#2229 = DIRECTION('',(0.,0.,1.));
#2230 = DEFINITIONAL_REPRESENTATION('',(#2231),#2235);
#2231 = LINE('',#2232,#2233);
#2232 = CARTESIAN_POINT('',(0.,0.));
#2233 = VECTOR('',#2234,1.);
#2234 = DIRECTION('',(0.,-1.));
#2235 = ( GEOMETRIC_REPRESENTATION_CONTEXT(2) 
PARAMETRIC_REPRESENTATION_CONTEXT() REPRESENTATION_CONTEXT('2D SPACE',''
  ) );
#2236 = ORIENTED_EDGE('',*,*,#2237,.T.);
#2237 = EDGE_CURVE('',#2210,#1680,#2238,.T.);
#2238 = SURFACE_CURVE('',#2239,(#2243,#2250),.PCURVE_S1.);
#2239 = LINE('',#2240,#2241);
#2240 = CARTESIAN_POINT('',(-0.6,-21.85,-4.));
#2241 = VECTOR('',#2242,1.);
#2242 = DIRECTION('',(1.,0.,0.));
#2243 = PCURVE('',#1725,#2244);
#2244 = DEFINITIONAL_REPRESENTATION('',(#2245),#2249);
#2245 = LINE('',#2246,#2247);
#2246 = CARTESIAN_POINT('',(0.,0.));
#2247 = VECTOR('',#2248,1.);
#2248 = DIRECTION('',(1.,0.));
#2249 = ( GEOMETRIC_REPRESENTATION_CONTEXT(2) 
PARAMETRIC_REPRESENTATION_CONTEXT() REPRESENTATION_CONTEXT('2D SPACE',''
  ) );
#2250 = PCURVE('',#1697,#2251);
#2251 = DEFINITIONAL_REPRESENTATION('',(#2252),#2256);
#2252 = LINE('',#2253,#2254);
#2253 = CARTESIAN_POINT('',(0.,0.));
#2254 = VECTOR('',#2255,1.);
#2255 = DIRECTION('',(0.,1.));
#2256 = ( GEOMETRIC_REPRESENTATION_CONTEXT(2) 
PARAMETRIC_REPRESENTATION_CONTEXT() REPRESENTATION_CONTEXT('2D SPACE',''
  ) );
#2257 = ORIENTED_EDGE('',*,*,#1709,.T.);
#2258 = ORIENTED_EDGE('',*,*,#2259,.F.);
#2259 = EDGE_CURVE('',#2260,#1710,#2262,.T.);
#2260 = VERTEX_POINT('',#2261);
#2261 = CARTESIAN_POINT('',(69.717556403732,0.7,-4.));
#2262 = SURFACE_CURVE('',#2263,(#2267,#2274),.PCURVE_S1.);
#2263 = LINE('',#2264,#2265);
#2264 = CARTESIAN_POINT('',(-0.6,0.7,-4.));
#2265 = VECTOR('',#2266,1.);
#2266 = DIRECTION('',(1.,0.,0.));
#2267 = PCURVE('',#1725,#2268);
#2268 = DEFINITIONAL_REPRESENTATION('',(#2269),#2273);
#2269 = LINE('',#2270,#2271);
#2270 = CARTESIAN_POINT('',(0.,22.55));
#2271 = VECTOR('',#2272,1.);
#2272 = DIRECTION('',(1.,0.));
#2273 = ( GEOMETRIC_REPRESENTATION_CONTEXT(2) 
PARAMETRIC_REPRESENTATION_CONTEXT() REPRESENTATION_CONTEXT('2D SPACE',''
  ) );
#2274 = PCURVE('',#1753,#2275);
#2275 = DEFINITIONAL_REPRESENTATION('',(#2276),#2280);
#2276 = LINE('',#2277,#2278);
#2277 = CARTESIAN_POINT('',(0.,0.));
#2278 = VECTOR('',#2279,1.);
#2279 = DIRECTION('',(0.,1.));
#2280 = ( GEOMETRIC_REPRESENTATION_CONTEXT(2) 
PARAMETRIC_REPRESENTATION_CONTEXT() REPRESENTATION_CONTEXT('2D SPACE',''
  ) );
#2281 = ORIENTED_EDGE('',*,*,#2282,.F.);
#2282 = EDGE_CURVE('',#2283,#2260,#2285,.T.);
#2283 = VERTEX_POINT('',#2284);
#2284 = CARTESIAN_POINT('',(69.,0.360263169286,-4.));
#2285 = SURFACE_CURVE('',#2286,(#2291,#2298),.PCURVE_S1.);
#2286 = CIRCLE('',#2287,3.2);
#2287 = AXIS2_PLACEMENT_3D('',#2288,#2289,#2290);
#2288 = CARTESIAN_POINT('',(68.,3.4,-4.));
#2289 = DIRECTION('',(0.,0.,1.));
#2290 = DIRECTION('',(1.,0.,0.));
#2291 = PCURVE('',#1725,#2292);
#2292 = DEFINITIONAL_REPRESENTATION('',(#2293),#2297);
#2293 = CIRCLE('',#2294,3.2);
#2294 = AXIS2_PLACEMENT_2D('',#2295,#2296);
#2295 = CARTESIAN_POINT('',(68.6,25.25));
#2296 = DIRECTION('',(1.,0.));
#2297 = ( GEOMETRIC_REPRESENTATION_CONTEXT(2) 
PARAMETRIC_REPRESENTATION_CONTEXT() REPRESENTATION_CONTEXT('2D SPACE',''
  ) );
#2298 = PCURVE('',#2299,#2304);
#2299 = CYLINDRICAL_SURFACE('',#2300,3.2);
#2300 = AXIS2_PLACEMENT_3D('',#2301,#2302,#2303);
#2301 = CARTESIAN_POINT('',(68.,3.4,-4.));
#2302 = DIRECTION('',(-0.,-0.,-1.));
#2303 = DIRECTION('',(1.,0.,0.));
#2304 = DEFINITIONAL_REPRESENTATION('',(#2305),#2309);
#2305 = LINE('',#2306,#2307);
#2306 = CARTESIAN_POINT('',(-0.,0.));
#2307 = VECTOR('',#2308,1.);
#2308 = DIRECTION('',(-1.,0.));
#2309 = ( GEOMETRIC_REPRESENTATION_CONTEXT(2) 
PARAMETRIC_REPRESENTATION_CONTEXT() REPRESENTATION_CONTEXT('2D SPACE',''
  ) );
#2310 = ORIENTED_EDGE('',*,*,#2311,.F.);
#2311 = EDGE_CURVE('',#2312,#2283,#2314,.T.);
#2312 = VERTEX_POINT('',#2313);
#2313 = CARTESIAN_POINT('',(69.,-0.55,-4.));
#2314 = SURFACE_CURVE('',#2315,(#2319,#2326),.PCURVE_S1.);
#2315 = LINE('',#2316,#2317);
#2316 = CARTESIAN_POINT('',(69.,-0.55,-4.));
#2317 = VECTOR('',#2318,1.);
#2318 = DIRECTION('',(0.,1.,0.));
#2319 = PCURVE('',#1725,#2320);
#2320 = DEFINITIONAL_REPRESENTATION('',(#2321),#2325);
#2321 = LINE('',#2322,#2323);
#2322 = CARTESIAN_POINT('',(69.6,21.3));
#2323 = VECTOR('',#2324,1.);
#2324 = DIRECTION('',(0.,1.));
#2325 = ( GEOMETRIC_REPRESENTATION_CONTEXT(2) 
PARAMETRIC_REPRESENTATION_CONTEXT() REPRESENTATION_CONTEXT('2D SPACE',''
  ) );
#2326 = PCURVE('',#2327,#2332);
#2327 = PLANE('',#2328);
#2328 = AXIS2_PLACEMENT_3D('',#2329,#2330,#2331);
#2329 = CARTESIAN_POINT('',(69.,-0.55,-4.));
#2330 = DIRECTION('',(1.,0.,0.));
#2331 = DIRECTION('',(0.,0.,1.));
#2332 = DEFINITIONAL_REPRESENTATION('',(#2333),#2337);
#2333 = LINE('',#2334,#2335);
#2334 = CARTESIAN_POINT('',(0.,0.));
#2335 = VECTOR('',#2336,1.);
#2336 = DIRECTION('',(0.,-1.));
#2337 = ( GEOMETRIC_REPRESENTATION_CONTEXT(2) 
PARAMETRIC_REPRESENTATION_CONTEXT() REPRESENTATION_CONTEXT('2D SPACE',''
  ) );
#2338 = ORIENTED_EDGE('',*,*,#2339,.F.);
#2339 = EDGE_CURVE('',#2340,#2312,#2342,.T.);
#2340 = VERTEX_POINT('',#2341);
#2341 = CARTESIAN_POINT('',(67.,-0.55,-4.));
#2342 = SURFACE_CURVE('',#2343,(#2347,#2354),.PCURVE_S1.);
#2343 = LINE('',#2344,#2345);
#2344 = CARTESIAN_POINT('',(67.,-0.55,-4.));
#2345 = VECTOR('',#2346,1.);
#2346 = DIRECTION('',(1.,0.,0.));
#2347 = PCURVE('',#1725,#2348);
#2348 = DEFINITIONAL_REPRESENTATION('',(#2349),#2353);
#2349 = LINE('',#2350,#2351);
#2350 = CARTESIAN_POINT('',(67.6,21.3));
#2351 = VECTOR('',#2352,1.);
#2352 = DIRECTION('',(1.,0.));
#2353 = ( GEOMETRIC_REPRESENTATION_CONTEXT(2) 
PARAMETRIC_REPRESENTATION_CONTEXT() REPRESENTATION_CONTEXT('2D SPACE',''
  ) );
#2354 = PCURVE('',#2355,#2360);
#2355 = PLANE('',#2356);
#2356 = AXIS2_PLACEMENT_3D('',#2357,#2358,#2359);
#2357 = CARTESIAN_POINT('',(67.,-0.55,-4.));
#2358 = DIRECTION('',(0.,1.,0.));
#2359 = DIRECTION('',(0.,0.,1.));
#2360 = DEFINITIONAL_REPRESENTATION('',(#2361),#2365);
#2361 = LINE('',#2362,#2363);
#2362 = CARTESIAN_POINT('',(0.,0.));
#2363 = VECTOR('',#2364,1.);
#2364 = DIRECTION('',(0.,1.));
#2365 = ( GEOMETRIC_REPRESENTATION_CONTEXT(2) 
PARAMETRIC_REPRESENTATION_CONTEXT() REPRESENTATION_CONTEXT('2D SPACE',''
  ) );
#2366 = ORIENTED_EDGE('',*,*,#2367,.T.);
#2367 = EDGE_CURVE('',#2340,#2368,#2370,.T.);
#2368 = VERTEX_POINT('',#2369);
#2369 = CARTESIAN_POINT('',(67.,0.360263169286,-4.));
#2370 = SURFACE_CURVE('',#2371,(#2375,#2382),.PCURVE_S1.);
#2371 = LINE('',#2372,#2373);
#2372 = CARTESIAN_POINT('',(67.,-0.55,-4.));
#2373 = VECTOR('',#2374,1.);
#2374 = DIRECTION('',(0.,1.,0.));
#2375 = PCURVE('',#1725,#2376);
#2376 = DEFINITIONAL_REPRESENTATION('',(#2377),#2381);
#2377 = LINE('',#2378,#2379);
#2378 = CARTESIAN_POINT('',(67.6,21.3));
#2379 = VECTOR('',#2380,1.);
#2380 = DIRECTION('',(0.,1.));
#2381 = ( GEOMETRIC_REPRESENTATION_CONTEXT(2) 
PARAMETRIC_REPRESENTATION_CONTEXT() REPRESENTATION_CONTEXT('2D SPACE',''
  ) );
#2382 = PCURVE('',#2383,#2388);
#2383 = PLANE('',#2384);
#2384 = AXIS2_PLACEMENT_3D('',#2385,#2386,#2387);
#2385 = CARTESIAN_POINT('',(67.,-0.55,-4.));
#2386 = DIRECTION('',(1.,0.,0.));
#2387 = DIRECTION('',(0.,0.,1.));
#2388 = DEFINITIONAL_REPRESENTATION('',(#2389),#2393);
#2389 = LINE('',#2390,#2391);
#2390 = CARTESIAN_POINT('',(0.,0.));
#2391 = VECTOR('',#2392,1.);
#2392 = DIRECTION('',(0.,-1.));
#2393 = ( GEOMETRIC_REPRESENTATION_CONTEXT(2) 
PARAMETRIC_REPRESENTATION_CONTEXT() REPRESENTATION_CONTEXT('2D SPACE',''
  ) );
#2394 = ORIENTED_EDGE('',*,*,#2395,.F.);
#2395 = EDGE_CURVE('',#2396,#2368,#2398,.T.);
#2396 = VERTEX_POINT('',#2397);
#2397 = CARTESIAN_POINT('',(66.282443596268,0.7,-4.));
#2398 = SURFACE_CURVE('',#2399,(#2404,#2411),.PCURVE_S1.);
#2399 = CIRCLE('',#2400,3.2);
#2400 = AXIS2_PLACEMENT_3D('',#2401,#2402,#2403);
#2401 = CARTESIAN_POINT('',(68.,3.4,-4.));
#2402 = DIRECTION('',(0.,0.,1.));
#2403 = DIRECTION('',(1.,0.,0.));
#2404 = PCURVE('',#1725,#2405);
#2405 = DEFINITIONAL_REPRESENTATION('',(#2406),#2410);
#2406 = CIRCLE('',#2407,3.2);
#2407 = AXIS2_PLACEMENT_2D('',#2408,#2409);
#2408 = CARTESIAN_POINT('',(68.6,25.25));
#2409 = DIRECTION('',(1.,0.));
#2410 = ( GEOMETRIC_REPRESENTATION_CONTEXT(2) 
PARAMETRIC_REPRESENTATION_CONTEXT() REPRESENTATION_CONTEXT('2D SPACE',''
  ) );
#2411 = PCURVE('',#2412,#2417);
#2412 = CYLINDRICAL_SURFACE('',#2413,3.2);
#2413 = AXIS2_PLACEMENT_3D('',#2414,#2415,#2416);
#2414 = CARTESIAN_POINT('',(68.,3.4,-4.));
#2415 = DIRECTION('',(-0.,-0.,-1.));
#2416 = DIRECTION('',(1.,0.,0.));
#2417 = DEFINITIONAL_REPRESENTATION('',(#2418),#2422);
#2418 = LINE('',#2419,#2420);
#2419 = CARTESIAN_POINT('',(-0.,0.));
#2420 = VECTOR('',#2421,1.);
#2421 = DIRECTION('',(-1.,0.));
#2422 = ( GEOMETRIC_REPRESENTATION_CONTEXT(2) 
PARAMETRIC_REPRESENTATION_CONTEXT() REPRESENTATION_CONTEXT('2D SPACE',''
  ) );
#2423 = ORIENTED_EDGE('',*,*,#2424,.F.);
#2424 = EDGE_CURVE('',#2425,#2396,#2427,.T.);
#2425 = VERTEX_POINT('',#2426);
#2426 = CARTESIAN_POINT('',(46.,0.7,-4.));
#2427 = SURFACE_CURVE('',#2428,(#2432,#2439),.PCURVE_S1.);
#2428 = LINE('',#2429,#2430);
#2429 = CARTESIAN_POINT('',(-0.6,0.7,-4.));
#2430 = VECTOR('',#2431,1.);
#2431 = DIRECTION('',(1.,0.,0.));
#2432 = PCURVE('',#1725,#2433);
#2433 = DEFINITIONAL_REPRESENTATION('',(#2434),#2438);
#2434 = LINE('',#2435,#2436);
#2435 = CARTESIAN_POINT('',(0.,22.55));
#2436 = VECTOR('',#2437,1.);
#2437 = DIRECTION('',(1.,0.));
#2438 = ( GEOMETRIC_REPRESENTATION_CONTEXT(2) 
PARAMETRIC_REPRESENTATION_CONTEXT() REPRESENTATION_CONTEXT('2D SPACE',''
  ) );
#2439 = PCURVE('',#2440,#2445);
#2440 = PLANE('',#2441);
#2441 = AXIS2_PLACEMENT_3D('',#2442,#2443,#2444);
#2442 = CARTESIAN_POINT('',(-0.6,0.7,-4.));
#2443 = DIRECTION('',(0.,1.,0.));
#2444 = DIRECTION('',(0.,0.,1.));
#2445 = DEFINITIONAL_REPRESENTATION('',(#2446),#2450);
#2446 = LINE('',#2447,#2448);
#2447 = CARTESIAN_POINT('',(0.,0.));
#2448 = VECTOR('',#2449,1.);
#2449 = DIRECTION('',(0.,1.));
#2450 = ( GEOMETRIC_REPRESENTATION_CONTEXT(2) 
PARAMETRIC_REPRESENTATION_CONTEXT() REPRESENTATION_CONTEXT('2D SPACE',''
  ) );
#2451 = ORIENTED_EDGE('',*,*,#2452,.F.);
#2452 = EDGE_CURVE('',#2453,#2425,#2455,.T.);
#2453 = VERTEX_POINT('',#2454);
#2454 = CARTESIAN_POINT('',(46.,-0.55,-4.));
#2455 = SURFACE_CURVE('',#2456,(#2460,#2467),.PCURVE_S1.);
#2456 = LINE('',#2457,#2458);
#2457 = CARTESIAN_POINT('',(46.,-0.55,-4.));
#2458 = VECTOR('',#2459,1.);
#2459 = DIRECTION('',(0.,1.,0.));
#2460 = PCURVE('',#1725,#2461);
#2461 = DEFINITIONAL_REPRESENTATION('',(#2462),#2466);
#2462 = LINE('',#2463,#2464);
#2463 = CARTESIAN_POINT('',(46.6,21.3));
#2464 = VECTOR('',#2465,1.);
#2465 = DIRECTION('',(0.,1.));
#2466 = ( GEOMETRIC_REPRESENTATION_CONTEXT(2) 
PARAMETRIC_REPRESENTATION_CONTEXT() REPRESENTATION_CONTEXT('2D SPACE',''
  ) );
#2467 = PCURVE('',#2468,#2473);
#2468 = PLANE('',#2469);
#2469 = AXIS2_PLACEMENT_3D('',#2470,#2471,#2472);
#2470 = CARTESIAN_POINT('',(46.,-0.55,-4.));
#2471 = DIRECTION('',(1.,0.,0.));
#2472 = DIRECTION('',(0.,0.,1.));
#2473 = DEFINITIONAL_REPRESENTATION('',(#2474),#2478);
#2474 = LINE('',#2475,#2476);
#2475 = CARTESIAN_POINT('',(0.,0.));
#2476 = VECTOR('',#2477,1.);
#2477 = DIRECTION('',(0.,-1.));
#2478 = ( GEOMETRIC_REPRESENTATION_CONTEXT(2) 
PARAMETRIC_REPRESENTATION_CONTEXT() REPRESENTATION_CONTEXT('2D SPACE',''
  ) );
#2479 = ORIENTED_EDGE('',*,*,#2480,.F.);
#2480 = EDGE_CURVE('',#2481,#2453,#2483,.T.);
#2481 = VERTEX_POINT('',#2482);
#2482 = CARTESIAN_POINT('',(44.,-0.55,-4.));
#2483 = SURFACE_CURVE('',#2484,(#2488,#2495),.PCURVE_S1.);
#2484 = LINE('',#2485,#2486);
#2485 = CARTESIAN_POINT('',(44.,-0.55,-4.));
#2486 = VECTOR('',#2487,1.);
#2487 = DIRECTION('',(1.,0.,0.));
#2488 = PCURVE('',#1725,#2489);
#2489 = DEFINITIONAL_REPRESENTATION('',(#2490),#2494);
#2490 = LINE('',#2491,#2492);
#2491 = CARTESIAN_POINT('',(44.6,21.3));
#2492 = VECTOR('',#2493,1.);
#2493 = DIRECTION('',(1.,0.));
#2494 = ( GEOMETRIC_REPRESENTATION_CONTEXT(2) 
PARAMETRIC_REPRESENTATION_CONTEXT() REPRESENTATION_CONTEXT('2D SPACE',''
  ) );
#2495 = PCURVE('',#2496,#2501);
#2496 = PLANE('',#2497);
#2497 = AXIS2_PLACEMENT_3D('',#2498,#2499,#2500);
#2498 = CARTESIAN_POINT('',(44.,-0.55,-4.));
#2499 = DIRECTION('',(0.,1.,0.));
#2500 = DIRECTION('',(0.,0.,1.));
#2501 = DEFINITIONAL_REPRESENTATION('',(#2502),#2506);
#2502 = LINE('',#2503,#2504);
#2503 = CARTESIAN_POINT('',(0.,0.));
#2504 = VECTOR('',#2505,1.);
#2505 = DIRECTION('',(0.,1.));
#2506 = ( GEOMETRIC_REPRESENTATION_CONTEXT(2) 
PARAMETRIC_REPRESENTATION_CONTEXT() REPRESENTATION_CONTEXT('2D SPACE',''
  ) );
#2507 = ORIENTED_EDGE('',*,*,#2508,.T.);
#2508 = EDGE_CURVE('',#2481,#2509,#2511,.T.);
#2509 = VERTEX_POINT('',#2510);
#2510 = CARTESIAN_POINT('',(44.,0.7,-4.));
#2511 = SURFACE_CURVE('',#2512,(#2516,#2523),.PCURVE_S1.);
#2512 = LINE('',#2513,#2514);
#2513 = CARTESIAN_POINT('',(44.,-0.55,-4.));
#2514 = VECTOR('',#2515,1.);
#2515 = DIRECTION('',(0.,1.,0.));
#2516 = PCURVE('',#1725,#2517);
#2517 = DEFINITIONAL_REPRESENTATION('',(#2518),#2522);
#2518 = LINE('',#2519,#2520);
#2519 = CARTESIAN_POINT('',(44.6,21.3));
#2520 = VECTOR('',#2521,1.);
#2521 = DIRECTION('',(0.,1.));
#2522 = ( GEOMETRIC_REPRESENTATION_CONTEXT(2) 
PARAMETRIC_REPRESENTATION_CONTEXT() REPRESENTATION_CONTEXT('2D SPACE',''
  ) );
#2523 = PCURVE('',#2524,#2529);
#2524 = PLANE('',#2525);
#2525 = AXIS2_PLACEMENT_3D('',#2526,#2527,#2528);
#2526 = CARTESIAN_POINT('',(44.,-0.55,-4.));
#2527 = DIRECTION('',(1.,0.,0.));
#2528 = DIRECTION('',(0.,0.,1.));
#2529 = DEFINITIONAL_REPRESENTATION('',(#2530),#2534);
#2530 = LINE('',#2531,#2532);
#2531 = CARTESIAN_POINT('',(0.,0.));
#2532 = VECTOR('',#2533,1.);
#2533 = DIRECTION('',(0.,-1.));
#2534 = ( GEOMETRIC_REPRESENTATION_CONTEXT(2) 
PARAMETRIC_REPRESENTATION_CONTEXT() REPRESENTATION_CONTEXT('2D SPACE',''
  ) );
#2535 = ORIENTED_EDGE('',*,*,#2536,.F.);
#2536 = EDGE_CURVE('',#2537,#2509,#2539,.T.);
#2537 = VERTEX_POINT('',#2538);
#2538 = CARTESIAN_POINT('',(13.,0.7,-4.));
#2539 = SURFACE_CURVE('',#2540,(#2544,#2551),.PCURVE_S1.);
#2540 = LINE('',#2541,#2542);
#2541 = CARTESIAN_POINT('',(-0.6,0.7,-4.));
#2542 = VECTOR('',#2543,1.);
#2543 = DIRECTION('',(1.,0.,0.));
#2544 = PCURVE('',#1725,#2545);
#2545 = DEFINITIONAL_REPRESENTATION('',(#2546),#2550);
#2546 = LINE('',#2547,#2548);
#2547 = CARTESIAN_POINT('',(0.,22.55));
#2548 = VECTOR('',#2549,1.);
#2549 = DIRECTION('',(1.,0.));
#2550 = ( GEOMETRIC_REPRESENTATION_CONTEXT(2) 
PARAMETRIC_REPRESENTATION_CONTEXT() REPRESENTATION_CONTEXT('2D SPACE',''
  ) );
#2551 = PCURVE('',#2440,#2552);
#2552 = DEFINITIONAL_REPRESENTATION('',(#2553),#2557);
#2553 = LINE('',#2554,#2555);
#2554 = CARTESIAN_POINT('',(0.,0.));
#2555 = VECTOR('',#2556,1.);
#2556 = DIRECTION('',(0.,1.));
#2557 = ( GEOMETRIC_REPRESENTATION_CONTEXT(2) 
PARAMETRIC_REPRESENTATION_CONTEXT() REPRESENTATION_CONTEXT('2D SPACE',''
  ) );
#2558 = ORIENTED_EDGE('',*,*,#2559,.F.);
#2559 = EDGE_CURVE('',#2560,#2537,#2562,.T.);
#2560 = VERTEX_POINT('',#2561);
#2561 = CARTESIAN_POINT('',(13.,-0.55,-4.));
#2562 = SURFACE_CURVE('',#2563,(#2567,#2574),.PCURVE_S1.);
#2563 = LINE('',#2564,#2565);
#2564 = CARTESIAN_POINT('',(13.,-0.55,-4.));
#2565 = VECTOR('',#2566,1.);
#2566 = DIRECTION('',(0.,1.,0.));
#2567 = PCURVE('',#1725,#2568);
#2568 = DEFINITIONAL_REPRESENTATION('',(#2569),#2573);
#2569 = LINE('',#2570,#2571);
#2570 = CARTESIAN_POINT('',(13.6,21.3));
#2571 = VECTOR('',#2572,1.);
#2572 = DIRECTION('',(0.,1.));
#2573 = ( GEOMETRIC_REPRESENTATION_CONTEXT(2) 
PARAMETRIC_REPRESENTATION_CONTEXT() REPRESENTATION_CONTEXT('2D SPACE',''
  ) );
#2574 = PCURVE('',#2575,#2580);
#2575 = PLANE('',#2576);
#2576 = AXIS2_PLACEMENT_3D('',#2577,#2578,#2579);
#2577 = CARTESIAN_POINT('',(13.,-0.55,-4.));
#2578 = DIRECTION('',(1.,0.,0.));
#2579 = DIRECTION('',(0.,0.,1.));
#2580 = DEFINITIONAL_REPRESENTATION('',(#2581),#2585);
#2581 = LINE('',#2582,#2583);
#2582 = CARTESIAN_POINT('',(0.,0.));
#2583 = VECTOR('',#2584,1.);
#2584 = DIRECTION('',(0.,-1.));
#2585 = ( GEOMETRIC_REPRESENTATION_CONTEXT(2) 
PARAMETRIC_REPRESENTATION_CONTEXT() REPRESENTATION_CONTEXT('2D SPACE',''
  ) );
#2586 = ORIENTED_EDGE('',*,*,#2587,.F.);
#2587 = EDGE_CURVE('',#2588,#2560,#2590,.T.);
#2588 = VERTEX_POINT('',#2589);
#2589 = CARTESIAN_POINT('',(11.,-0.55,-4.));
#2590 = SURFACE_CURVE('',#2591,(#2595,#2602),.PCURVE_S1.);
#2591 = LINE('',#2592,#2593);
#2592 = CARTESIAN_POINT('',(11.,-0.55,-4.));
#2593 = VECTOR('',#2594,1.);
#2594 = DIRECTION('',(1.,0.,0.));
#2595 = PCURVE('',#1725,#2596);
#2596 = DEFINITIONAL_REPRESENTATION('',(#2597),#2601);
#2597 = LINE('',#2598,#2599);
#2598 = CARTESIAN_POINT('',(11.6,21.3));
#2599 = VECTOR('',#2600,1.);
#2600 = DIRECTION('',(1.,0.));
#2601 = ( GEOMETRIC_REPRESENTATION_CONTEXT(2) 
PARAMETRIC_REPRESENTATION_CONTEXT() REPRESENTATION_CONTEXT('2D SPACE',''
  ) );
#2602 = PCURVE('',#2603,#2608);
#2603 = PLANE('',#2604);
#2604 = AXIS2_PLACEMENT_3D('',#2605,#2606,#2607);
#2605 = CARTESIAN_POINT('',(11.,-0.55,-4.));
#2606 = DIRECTION('',(0.,1.,0.));
#2607 = DIRECTION('',(0.,0.,1.));
#2608 = DEFINITIONAL_REPRESENTATION('',(#2609),#2613);
#2609 = LINE('',#2610,#2611);
#2610 = CARTESIAN_POINT('',(0.,0.));
#2611 = VECTOR('',#2612,1.);
#2612 = DIRECTION('',(0.,1.));
#2613 = ( GEOMETRIC_REPRESENTATION_CONTEXT(2) 
PARAMETRIC_REPRESENTATION_CONTEXT() REPRESENTATION_CONTEXT('2D SPACE',''
  ) );
#2614 = ORIENTED_EDGE('',*,*,#2615,.T.);
#2615 = EDGE_CURVE('',#2588,#2616,#2618,.T.);
#2616 = VERTEX_POINT('',#2617);
#2617 = CARTESIAN_POINT('',(11.,0.7,-4.));
#2618 = SURFACE_CURVE('',#2619,(#2623,#2630),.PCURVE_S1.);
#2619 = LINE('',#2620,#2621);
#2620 = CARTESIAN_POINT('',(11.,-0.55,-4.));
#2621 = VECTOR('',#2622,1.);
#2622 = DIRECTION('',(0.,1.,0.));
#2623 = PCURVE('',#1725,#2624);
#2624 = DEFINITIONAL_REPRESENTATION('',(#2625),#2629);
#2625 = LINE('',#2626,#2627);
#2626 = CARTESIAN_POINT('',(11.6,21.3));
#2627 = VECTOR('',#2628,1.);
#2628 = DIRECTION('',(0.,1.));
#2629 = ( GEOMETRIC_REPRESENTATION_CONTEXT(2) 
PARAMETRIC_REPRESENTATION_CONTEXT() REPRESENTATION_CONTEXT('2D SPACE',''
  ) );
#2630 = PCURVE('',#2631,#2636);
#2631 = PLANE('',#2632);
#2632 = AXIS2_PLACEMENT_3D('',#2633,#2634,#2635);
#2633 = CARTESIAN_POINT('',(11.,-0.55,-4.));
#2634 = DIRECTION('',(1.,0.,0.));
#2635 = DIRECTION('',(0.,0.,1.));
#2636 = DEFINITIONAL_REPRESENTATION('',(#2637),#2641);
#2637 = LINE('',#2638,#2639);
#2638 = CARTESIAN_POINT('',(0.,0.));
#2639 = VECTOR('',#2640,1.);
#2640 = DIRECTION('',(0.,-1.));
#2641 = ( GEOMETRIC_REPRESENTATION_CONTEXT(2) 
PARAMETRIC_REPRESENTATION_CONTEXT() REPRESENTATION_CONTEXT('2D SPACE',''
  ) );
#2642 = ORIENTED_EDGE('',*,*,#2643,.F.);
#2643 = EDGE_CURVE('',#2644,#2616,#2646,.T.);
#2644 = VERTEX_POINT('',#2645);
#2645 = CARTESIAN_POINT('',(-0.6,0.7,-4.));
#2646 = SURFACE_CURVE('',#2647,(#2651,#2658),.PCURVE_S1.);
#2647 = LINE('',#2648,#2649);
#2648 = CARTESIAN_POINT('',(-0.6,0.7,-4.));
#2649 = VECTOR('',#2650,1.);
#2650 = DIRECTION('',(1.,0.,0.));
#2651 = PCURVE('',#1725,#2652);
#2652 = DEFINITIONAL_REPRESENTATION('',(#2653),#2657);
#2653 = LINE('',#2654,#2655);
#2654 = CARTESIAN_POINT('',(0.,22.55));
#2655 = VECTOR('',#2656,1.);
#2656 = DIRECTION('',(1.,0.));
#2657 = ( GEOMETRIC_REPRESENTATION_CONTEXT(2) 
PARAMETRIC_REPRESENTATION_CONTEXT() REPRESENTATION_CONTEXT('2D SPACE',''
  ) );
#2658 = PCURVE('',#2440,#2659);
#2659 = DEFINITIONAL_REPRESENTATION('',(#2660),#2664);
#2660 = LINE('',#2661,#2662);
#2661 = CARTESIAN_POINT('',(0.,0.));
#2662 = VECTOR('',#2663,1.);
#2663 = DIRECTION('',(0.,1.));
#2664 = ( GEOMETRIC_REPRESENTATION_CONTEXT(2) 
PARAMETRIC_REPRESENTATION_CONTEXT() REPRESENTATION_CONTEXT('2D SPACE',''
  ) );
#2665 = ORIENTED_EDGE('',*,*,#2666,.F.);
#2666 = EDGE_CURVE('',#2667,#2644,#2669,.T.);
#2667 = VERTEX_POINT('',#2668);
#2668 = CARTESIAN_POINT('',(-0.6,-3.,-4.));
#2669 = SURFACE_CURVE('',#2670,(#2674,#2681),.PCURVE_S1.);
#2670 = LINE('',#2671,#2672);
#2671 = CARTESIAN_POINT('',(-0.6,-21.85,-4.));
#2672 = VECTOR('',#2673,1.);
#2673 = DIRECTION('',(0.,1.,0.));
#2674 = PCURVE('',#1725,#2675);
#2675 = DEFINITIONAL_REPRESENTATION('',(#2676),#2680);
#2676 = LINE('',#2677,#2678);
#2677 = CARTESIAN_POINT('',(0.,0.));
#2678 = VECTOR('',#2679,1.);
#2679 = DIRECTION('',(0.,1.));
#2680 = ( GEOMETRIC_REPRESENTATION_CONTEXT(2) 
PARAMETRIC_REPRESENTATION_CONTEXT() REPRESENTATION_CONTEXT('2D SPACE',''
  ) );
#2681 = PCURVE('',#2682,#2687);
#2682 = PLANE('',#2683);
#2683 = AXIS2_PLACEMENT_3D('',#2684,#2685,#2686);
#2684 = CARTESIAN_POINT('',(-0.6,-21.85,-4.));
#2685 = DIRECTION('',(1.,0.,0.));
#2686 = DIRECTION('',(0.,0.,1.));
#2687 = DEFINITIONAL_REPRESENTATION('',(#2688),#2692);
#2688 = LINE('',#2689,#2690);
#2689 = CARTESIAN_POINT('',(0.,0.));
#2690 = VECTOR('',#2691,1.);
#2691 = DIRECTION('',(0.,-1.));
#2692 = ( GEOMETRIC_REPRESENTATION_CONTEXT(2) 
PARAMETRIC_REPRESENTATION_CONTEXT() REPRESENTATION_CONTEXT('2D SPACE',''
  ) );
#2693 = ORIENTED_EDGE('',*,*,#2694,.T.);
#2694 = EDGE_CURVE('',#2667,#2695,#2697,.T.);
#2695 = VERTEX_POINT('',#2696);
#2696 = CARTESIAN_POINT('',(0.7,-3.,-4.));
#2697 = SURFACE_CURVE('',#2698,(#2702,#2709),.PCURVE_S1.);
#2698 = LINE('',#2699,#2700);
#2699 = CARTESIAN_POINT('',(-2.5,-3.,-4.));
#2700 = VECTOR('',#2701,1.);
#2701 = DIRECTION('',(1.,0.,0.));
#2702 = PCURVE('',#1725,#2703);
#2703 = DEFINITIONAL_REPRESENTATION('',(#2704),#2708);
#2704 = LINE('',#2705,#2706);
#2705 = CARTESIAN_POINT('',(-1.9,18.85));
#2706 = VECTOR('',#2707,1.);
#2707 = DIRECTION('',(1.,0.));
#2708 = ( GEOMETRIC_REPRESENTATION_CONTEXT(2) 
PARAMETRIC_REPRESENTATION_CONTEXT() REPRESENTATION_CONTEXT('2D SPACE',''
  ) );
#2709 = PCURVE('',#2710,#2715);
#2710 = PLANE('',#2711);
#2711 = AXIS2_PLACEMENT_3D('',#2712,#2713,#2714);
#2712 = CARTESIAN_POINT('',(-2.5,-3.,-4.));
#2713 = DIRECTION('',(0.,1.,0.));
#2714 = DIRECTION('',(0.,0.,1.));
#2715 = DEFINITIONAL_REPRESENTATION('',(#2716),#2720);
#2716 = LINE('',#2717,#2718);
#2717 = CARTESIAN_POINT('',(0.,0.));
#2718 = VECTOR('',#2719,1.);
#2719 = DIRECTION('',(0.,1.));
#2720 = ( GEOMETRIC_REPRESENTATION_CONTEXT(2) 
PARAMETRIC_REPRESENTATION_CONTEXT() REPRESENTATION_CONTEXT('2D SPACE',''
  ) );
#2721 = ORIENTED_EDGE('',*,*,#2722,.F.);
#2722 = EDGE_CURVE('',#2723,#2695,#2725,.T.);
#2723 = VERTEX_POINT('',#2724);
#2724 = CARTESIAN_POINT('',(0.7,-18.3,-4.));
#2725 = SURFACE_CURVE('',#2726,(#2730,#2737),.PCURVE_S1.);
#2726 = LINE('',#2727,#2728);
#2727 = CARTESIAN_POINT('',(0.7,-18.3,-4.));
#2728 = VECTOR('',#2729,1.);
#2729 = DIRECTION('',(0.,1.,0.));
#2730 = PCURVE('',#1725,#2731);
#2731 = DEFINITIONAL_REPRESENTATION('',(#2732),#2736);
#2732 = LINE('',#2733,#2734);
#2733 = CARTESIAN_POINT('',(1.3,3.55));
#2734 = VECTOR('',#2735,1.);
#2735 = DIRECTION('',(0.,1.));
#2736 = ( GEOMETRIC_REPRESENTATION_CONTEXT(2) 
PARAMETRIC_REPRESENTATION_CONTEXT() REPRESENTATION_CONTEXT('2D SPACE',''
  ) );
#2737 = PCURVE('',#2738,#2743);
#2738 = PLANE('',#2739);
#2739 = AXIS2_PLACEMENT_3D('',#2740,#2741,#2742);
#2740 = CARTESIAN_POINT('',(0.7,-18.3,-4.));
#2741 = DIRECTION('',(1.,0.,0.));
#2742 = DIRECTION('',(0.,0.,1.));
#2743 = DEFINITIONAL_REPRESENTATION('',(#2744),#2748);
#2744 = LINE('',#2745,#2746);
#2745 = CARTESIAN_POINT('',(0.,0.));
#2746 = VECTOR('',#2747,1.);
#2747 = DIRECTION('',(0.,-1.));
#2748 = ( GEOMETRIC_REPRESENTATION_CONTEXT(2) 
PARAMETRIC_REPRESENTATION_CONTEXT() REPRESENTATION_CONTEXT('2D SPACE',''
  ) );
#2749 = ORIENTED_EDGE('',*,*,#2750,.F.);
#2750 = EDGE_CURVE('',#1889,#2723,#2751,.T.);
#2751 = SURFACE_CURVE('',#2752,(#2756,#2763),.PCURVE_S1.);
#2752 = LINE('',#2753,#2754);
#2753 = CARTESIAN_POINT('',(-2.5,-18.3,-4.));
#2754 = VECTOR('',#2755,1.);
#2755 = DIRECTION('',(1.,0.,0.));
#2756 = PCURVE('',#1725,#2757);
#2757 = DEFINITIONAL_REPRESENTATION('',(#2758),#2762);
#2758 = LINE('',#2759,#2760);
#2759 = CARTESIAN_POINT('',(-1.9,3.55));
#2760 = VECTOR('',#2761,1.);
#2761 = DIRECTION('',(1.,0.));
#2762 = ( GEOMETRIC_REPRESENTATION_CONTEXT(2) 
PARAMETRIC_REPRESENTATION_CONTEXT() REPRESENTATION_CONTEXT('2D SPACE',''
  ) );
#2763 = PCURVE('',#2764,#2769);
#2764 = PLANE('',#2765);
#2765 = AXIS2_PLACEMENT_3D('',#2766,#2767,#2768);
#2766 = CARTESIAN_POINT('',(-2.5,-18.3,-4.));
#2767 = DIRECTION('',(0.,1.,0.));
#2768 = DIRECTION('',(0.,0.,1.));
#2769 = DEFINITIONAL_REPRESENTATION('',(#2770),#2774);
#2770 = LINE('',#2771,#2772);
#2771 = CARTESIAN_POINT('',(0.,0.));
#2772 = VECTOR('',#2773,1.);
#2773 = DIRECTION('',(0.,1.));
#2774 = ( GEOMETRIC_REPRESENTATION_CONTEXT(2) 
PARAMETRIC_REPRESENTATION_CONTEXT() REPRESENTATION_CONTEXT('2D SPACE',''
  ) );
#2775 = FACE_BOUND('',#2776,.T.);
#2776 = EDGE_LOOP('',(#2777));
#2777 = ORIENTED_EDGE('',*,*,#2778,.T.);
#2778 = EDGE_CURVE('',#2779,#2779,#2781,.T.);
#2779 = VERTEX_POINT('',#2780);
#2780 = CARTESIAN_POINT('',(7.958,-17.526,-4.));
#2781 = SURFACE_CURVE('',#2782,(#2787,#2798),.PCURVE_S1.);
#2782 = CIRCLE('',#2783,1.1);
#2783 = AXIS2_PLACEMENT_3D('',#2784,#2785,#2786);
#2784 = CARTESIAN_POINT('',(6.858,-17.526,-4.));
#2785 = DIRECTION('',(0.,0.,-1.));
#2786 = DIRECTION('',(1.,0.,0.));
#2787 = PCURVE('',#1725,#2788);
#2788 = DEFINITIONAL_REPRESENTATION('',(#2789),#2797);
#2789 = ( BOUNDED_CURVE() B_SPLINE_CURVE(2,(#2790,#2791,#2792,#2793,
#2794,#2795,#2796),.UNSPECIFIED.,.T.,.F.) B_SPLINE_CURVE_WITH_KNOTS((1,2
    ,2,2,2,1),(-2.094395102393,0.,2.094395102393,4.188790204786,
6.28318530718,8.377580409573),.UNSPECIFIED.) CURVE() 
GEOMETRIC_REPRESENTATION_ITEM() RATIONAL_B_SPLINE_CURVE((1.,0.5,1.,0.5,
1.,0.5,1.)) REPRESENTATION_ITEM('') );
#2790 = CARTESIAN_POINT('',(8.558,4.324));
#2791 = CARTESIAN_POINT('',(8.558,2.418744111674));
#2792 = CARTESIAN_POINT('',(6.908,3.371372055837));
#2793 = CARTESIAN_POINT('',(5.258,4.324));
#2794 = CARTESIAN_POINT('',(6.908,5.276627944163));
#2795 = CARTESIAN_POINT('',(8.558,6.229255888326));
#2796 = CARTESIAN_POINT('',(8.558,4.324));
#2797 = ( GEOMETRIC_REPRESENTATION_CONTEXT(2) 
PARAMETRIC_REPRESENTATION_CONTEXT() REPRESENTATION_CONTEXT('2D SPACE',''
  ) );
#2798 = PCURVE('',#2799,#2804);
#2799 = CYLINDRICAL_SURFACE('',#2800,1.1);
#2800 = AXIS2_PLACEMENT_3D('',#2801,#2802,#2803);
#2801 = CARTESIAN_POINT('',(6.858,-17.526,-6.6));
#2802 = DIRECTION('',(-0.,-0.,-1.));
#2803 = DIRECTION('',(1.,0.,0.));
#2804 = DEFINITIONAL_REPRESENTATION('',(#2805),#2809);
#2805 = LINE('',#2806,#2807);
#2806 = CARTESIAN_POINT('',(-6.28318530718,-2.6));
#2807 = VECTOR('',#2808,1.);
#2808 = DIRECTION('',(1.,-0.));
#2809 = ( GEOMETRIC_REPRESENTATION_CONTEXT(2) 
PARAMETRIC_REPRESENTATION_CONTEXT() REPRESENTATION_CONTEXT('2D SPACE',''
  ) );
#2810 = FACE_BOUND('',#2811,.T.);
#2811 = EDGE_LOOP('',(#2812));
#2812 = ORIENTED_EDGE('',*,*,#2813,.T.);
#2813 = EDGE_CURVE('',#2814,#2814,#2816,.T.);
#2814 = VERTEX_POINT('',#2815);
#2815 = CARTESIAN_POINT('',(7.831,-3.302,-4.));
#2816 = SURFACE_CURVE('',#2817,(#2822,#2833),.PCURVE_S1.);
#2817 = CIRCLE('',#2818,1.1);
#2818 = AXIS2_PLACEMENT_3D('',#2819,#2820,#2821);
#2819 = CARTESIAN_POINT('',(6.731,-3.302,-4.));
#2820 = DIRECTION('',(0.,0.,-1.));
#2821 = DIRECTION('',(1.,0.,0.));
#2822 = PCURVE('',#1725,#2823);
#2823 = DEFINITIONAL_REPRESENTATION('',(#2824),#2832);
#2824 = ( BOUNDED_CURVE() B_SPLINE_CURVE(2,(#2825,#2826,#2827,#2828,
#2829,#2830,#2831),.UNSPECIFIED.,.T.,.F.) B_SPLINE_CURVE_WITH_KNOTS((1,2
    ,2,2,2,1),(-2.094395102393,0.,2.094395102393,4.188790204786,
6.28318530718,8.377580409573),.UNSPECIFIED.) CURVE() 
GEOMETRIC_REPRESENTATION_ITEM() RATIONAL_B_SPLINE_CURVE((1.,0.5,1.,0.5,
1.,0.5,1.)) REPRESENTATION_ITEM('') );
#2825 = CARTESIAN_POINT('',(8.431,18.548));
#2826 = CARTESIAN_POINT('',(8.431,16.642744111674));
#2827 = CARTESIAN_POINT('',(6.781,17.595372055837));
#2828 = CARTESIAN_POINT('',(5.131,18.548));
#2829 = CARTESIAN_POINT('',(6.781,19.500627944163));
#2830 = CARTESIAN_POINT('',(8.431,20.453255888326));
#2831 = CARTESIAN_POINT('',(8.431,18.548));
#2832 = ( GEOMETRIC_REPRESENTATION_CONTEXT(2) 
PARAMETRIC_REPRESENTATION_CONTEXT() REPRESENTATION_CONTEXT('2D SPACE',''
  ) );
#2833 = PCURVE('',#2834,#2839);
#2834 = CYLINDRICAL_SURFACE('',#2835,1.1);
#2835 = AXIS2_PLACEMENT_3D('',#2836,#2837,#2838);
#2836 = CARTESIAN_POINT('',(6.731,-3.302,-6.6));
#2837 = DIRECTION('',(-0.,-0.,-1.));
#2838 = DIRECTION('',(1.,0.,0.));
#2839 = DEFINITIONAL_REPRESENTATION('',(#2840),#2844);
#2840 = LINE('',#2841,#2842);
#2841 = CARTESIAN_POINT('',(-6.28318530718,-2.6));
#2842 = VECTOR('',#2843,1.);
#2843 = DIRECTION('',(1.,-0.));
#2844 = ( GEOMETRIC_REPRESENTATION_CONTEXT(2) 
PARAMETRIC_REPRESENTATION_CONTEXT() REPRESENTATION_CONTEXT('2D SPACE',''
  ) );
#2845 = ADVANCED_FACE('',(#2846),#2834,.F.);
#2846 = FACE_BOUND('',#2847,.T.);
#2847 = EDGE_LOOP('',(#2848,#2881,#2902,#2903));
#2848 = ORIENTED_EDGE('',*,*,#2849,.T.);
#2849 = EDGE_CURVE('',#2850,#2850,#2852,.T.);
#2850 = VERTEX_POINT('',#2851);
#2851 = CARTESIAN_POINT('',(7.831,-3.302,-5.6));
#2852 = SURFACE_CURVE('',#2853,(#2858,#2865),.PCURVE_S1.);
#2853 = CIRCLE('',#2854,1.1);
#2854 = AXIS2_PLACEMENT_3D('',#2855,#2856,#2857);
#2855 = CARTESIAN_POINT('',(6.731,-3.302,-5.6));
#2856 = DIRECTION('',(0.,0.,-1.));
#2857 = DIRECTION('',(1.,0.,0.));
#2858 = PCURVE('',#2834,#2859);
#2859 = DEFINITIONAL_REPRESENTATION('',(#2860),#2864);
#2860 = LINE('',#2861,#2862);
#2861 = CARTESIAN_POINT('',(-6.28318530718,-1.));
#2862 = VECTOR('',#2863,1.);
#2863 = DIRECTION('',(1.,-0.));
#2864 = ( GEOMETRIC_REPRESENTATION_CONTEXT(2) 
PARAMETRIC_REPRESENTATION_CONTEXT() REPRESENTATION_CONTEXT('2D SPACE',''
  ) );
#2865 = PCURVE('',#2866,#2871);
#2866 = PLANE('',#2867);
#2867 = AXIS2_PLACEMENT_3D('',#2868,#2869,#2870);
#2868 = CARTESIAN_POINT('',(36.990666805757,-9.795020362289,-5.6));
#2869 = DIRECTION('',(0.,0.,1.));
#2870 = DIRECTION('',(1.,0.,-0.));
#2871 = DEFINITIONAL_REPRESENTATION('',(#2872),#2880);
#2872 = ( BOUNDED_CURVE() B_SPLINE_CURVE(2,(#2873,#2874,#2875,#2876,
#2877,#2878,#2879),.UNSPECIFIED.,.T.,.F.) B_SPLINE_CURVE_WITH_KNOTS((1,2
    ,2,2,2,1),(-2.094395102393,0.,2.094395102393,4.188790204786,
6.28318530718,8.377580409573),.UNSPECIFIED.) CURVE() 
GEOMETRIC_REPRESENTATION_ITEM() RATIONAL_B_SPLINE_CURVE((1.,0.5,1.,0.5,
1.,0.5,1.)) REPRESENTATION_ITEM('') );
#2873 = CARTESIAN_POINT('',(-29.15966680575,6.493020362289));
#2874 = CARTESIAN_POINT('',(-29.15966680575,4.587764473963));
#2875 = CARTESIAN_POINT('',(-30.80966680575,5.540392418126));
#2876 = CARTESIAN_POINT('',(-32.45966680575,6.493020362289));
#2877 = CARTESIAN_POINT('',(-30.80966680575,7.445648306452));
#2878 = CARTESIAN_POINT('',(-29.15966680575,8.398276250615));
#2879 = CARTESIAN_POINT('',(-29.15966680575,6.493020362289));
#2880 = ( GEOMETRIC_REPRESENTATION_CONTEXT(2) 
PARAMETRIC_REPRESENTATION_CONTEXT() REPRESENTATION_CONTEXT('2D SPACE',''
  ) );
#2881 = ORIENTED_EDGE('',*,*,#2882,.T.);
#2882 = EDGE_CURVE('',#2850,#2814,#2883,.T.);
#2883 = SEAM_CURVE('',#2884,(#2888,#2895),.PCURVE_S1.);
#2884 = LINE('',#2885,#2886);
#2885 = CARTESIAN_POINT('',(7.831,-3.302,-6.6));
#2886 = VECTOR('',#2887,1.);
#2887 = DIRECTION('',(0.,0.,1.));
#2888 = PCURVE('',#2834,#2889);
#2889 = DEFINITIONAL_REPRESENTATION('',(#2890),#2894);
#2890 = LINE('',#2891,#2892);
#2891 = CARTESIAN_POINT('',(-6.28318530718,0.));
#2892 = VECTOR('',#2893,1.);
#2893 = DIRECTION('',(-0.,-1.));
#2894 = ( GEOMETRIC_REPRESENTATION_CONTEXT(2) 
PARAMETRIC_REPRESENTATION_CONTEXT() REPRESENTATION_CONTEXT('2D SPACE',''
  ) );
#2895 = PCURVE('',#2834,#2896);
#2896 = DEFINITIONAL_REPRESENTATION('',(#2897),#2901);
#2897 = LINE('',#2898,#2899);
#2898 = CARTESIAN_POINT('',(-0.,0.));
#2899 = VECTOR('',#2900,1.);
#2900 = DIRECTION('',(-0.,-1.));
#2901 = ( GEOMETRIC_REPRESENTATION_CONTEXT(2) 
PARAMETRIC_REPRESENTATION_CONTEXT() REPRESENTATION_CONTEXT('2D SPACE',''
  ) );
#2902 = ORIENTED_EDGE('',*,*,#2813,.F.);
#2903 = ORIENTED_EDGE('',*,*,#2882,.F.);
#2904 = ADVANCED_FACE('',(#2905,#3238,#3268,#3271),#2866,.F.);
#2905 = FACE_BOUND('',#2906,.F.);
#2906 = EDGE_LOOP('',(#2907,#2932,#2956,#2979,#3008,#3036,#3065,#3093,
    #3126,#3154,#3183,#3211));
#2907 = ORIENTED_EDGE('',*,*,#2908,.T.);
#2908 = EDGE_CURVE('',#2909,#2911,#2913,.T.);
#2909 = VERTEX_POINT('',#2910);
#2910 = CARTESIAN_POINT('',(-0.5,-23.35,-5.6));
#2911 = VERTEX_POINT('',#2912);
#2912 = CARTESIAN_POINT('',(72.8,-23.35,-5.6));
#2913 = SURFACE_CURVE('',#2914,(#2918,#2925),.PCURVE_S1.);
#2914 = LINE('',#2915,#2916);
#2915 = CARTESIAN_POINT('',(-0.5,-23.35,-5.6));
#2916 = VECTOR('',#2917,1.);
#2917 = DIRECTION('',(1.,0.,0.));
#2918 = PCURVE('',#2866,#2919);
#2919 = DEFINITIONAL_REPRESENTATION('',(#2920),#2924);
#2920 = LINE('',#2921,#2922);
#2921 = CARTESIAN_POINT('',(-37.49066680575,-13.55497963771));
#2922 = VECTOR('',#2923,1.);
#2923 = DIRECTION('',(1.,0.));
#2924 = ( GEOMETRIC_REPRESENTATION_CONTEXT(2) 
PARAMETRIC_REPRESENTATION_CONTEXT() REPRESENTATION_CONTEXT('2D SPACE',''
  ) );
#2925 = PCURVE('',#126,#2926);
#2926 = DEFINITIONAL_REPRESENTATION('',(#2927),#2931);
#2927 = LINE('',#2928,#2929);
#2928 = CARTESIAN_POINT('',(-0.,0.247487373415));
#2929 = VECTOR('',#2930,1.);
#2930 = DIRECTION('',(-1.,0.));
#2931 = ( GEOMETRIC_REPRESENTATION_CONTEXT(2) 
PARAMETRIC_REPRESENTATION_CONTEXT() REPRESENTATION_CONTEXT('2D SPACE',''
  ) );
#2932 = ORIENTED_EDGE('',*,*,#2933,.T.);
#2933 = EDGE_CURVE('',#2911,#2934,#2936,.T.);
#2934 = VERTEX_POINT('',#2935);
#2935 = CARTESIAN_POINT('',(74.45,-21.7,-5.6));
#2936 = SURFACE_CURVE('',#2937,(#2942,#2949),.PCURVE_S1.);
#2937 = CIRCLE('',#2938,1.65);
#2938 = AXIS2_PLACEMENT_3D('',#2939,#2940,#2941);
#2939 = CARTESIAN_POINT('',(72.8,-21.7,-5.6));
#2940 = DIRECTION('',(0.,0.,1.));
#2941 = DIRECTION('',(0.,-1.,0.));
#2942 = PCURVE('',#2866,#2943);
#2943 = DEFINITIONAL_REPRESENTATION('',(#2944),#2948);
#2944 = CIRCLE('',#2945,1.65);
#2945 = AXIS2_PLACEMENT_2D('',#2946,#2947);
#2946 = CARTESIAN_POINT('',(35.809333194243,-11.90497963771));
#2947 = DIRECTION('',(0.,-1.));
#2948 = ( GEOMETRIC_REPRESENTATION_CONTEXT(2) 
PARAMETRIC_REPRESENTATION_CONTEXT() REPRESENTATION_CONTEXT('2D SPACE',''
  ) );
#2949 = PCURVE('',#159,#2950);
#2950 = DEFINITIONAL_REPRESENTATION('',(#2951),#2955);
#2951 = LINE('',#2952,#2953);
#2952 = CARTESIAN_POINT('',(0.,-0.35));
#2953 = VECTOR('',#2954,1.);
#2954 = DIRECTION('',(1.,-0.));
#2955 = ( GEOMETRIC_REPRESENTATION_CONTEXT(2) 
PARAMETRIC_REPRESENTATION_CONTEXT() REPRESENTATION_CONTEXT('2D SPACE',''
  ) );
#2956 = ORIENTED_EDGE('',*,*,#2957,.T.);
#2957 = EDGE_CURVE('',#2934,#2958,#2960,.T.);
#2958 = VERTEX_POINT('',#2959);
#2959 = CARTESIAN_POINT('',(74.45,4.9,-5.6));
#2960 = SURFACE_CURVE('',#2961,(#2965,#2972),.PCURVE_S1.);
#2961 = LINE('',#2962,#2963);
#2962 = CARTESIAN_POINT('',(74.45,-21.7,-5.6));
#2963 = VECTOR('',#2964,1.);
#2964 = DIRECTION('',(0.,1.,0.));
#2965 = PCURVE('',#2866,#2966);
#2966 = DEFINITIONAL_REPRESENTATION('',(#2967),#2971);
#2967 = LINE('',#2968,#2969);
#2968 = CARTESIAN_POINT('',(37.459333194243,-11.90497963771));
#2969 = VECTOR('',#2970,1.);
#2970 = DIRECTION('',(0.,1.));
#2971 = ( GEOMETRIC_REPRESENTATION_CONTEXT(2) 
PARAMETRIC_REPRESENTATION_CONTEXT() REPRESENTATION_CONTEXT('2D SPACE',''
  ) );
#2972 = PCURVE('',#240,#2973);
#2973 = DEFINITIONAL_REPRESENTATION('',(#2974),#2978);
#2974 = LINE('',#2975,#2976);
#2975 = CARTESIAN_POINT('',(-3.851859888774E-34,0.247487373415));
#2976 = VECTOR('',#2977,1.);
#2977 = DIRECTION('',(-1.,0.));
#2978 = ( GEOMETRIC_REPRESENTATION_CONTEXT(2) 
PARAMETRIC_REPRESENTATION_CONTEXT() REPRESENTATION_CONTEXT('2D SPACE',''
  ) );
#2979 = ORIENTED_EDGE('',*,*,#2980,.T.);
#2980 = EDGE_CURVE('',#2958,#2981,#2983,.T.);
#2981 = VERTEX_POINT('',#2982);
#2982 = CARTESIAN_POINT('',(72.8,6.55,-5.6));
#2983 = SURFACE_CURVE('',#2984,(#2989,#2996),.PCURVE_S1.);
#2984 = CIRCLE('',#2985,1.65);
#2985 = AXIS2_PLACEMENT_3D('',#2986,#2987,#2988);
#2986 = CARTESIAN_POINT('',(72.8,4.9,-5.6));
#2987 = DIRECTION('',(0.,0.,1.));
#2988 = DIRECTION('',(1.,0.,-0.));
#2989 = PCURVE('',#2866,#2990);
#2990 = DEFINITIONAL_REPRESENTATION('',(#2991),#2995);
#2991 = CIRCLE('',#2992,1.65);
#2992 = AXIS2_PLACEMENT_2D('',#2993,#2994);
#2993 = CARTESIAN_POINT('',(35.809333194243,14.695020362289));
#2994 = DIRECTION('',(1.,0.));
#2995 = ( GEOMETRIC_REPRESENTATION_CONTEXT(2) 
PARAMETRIC_REPRESENTATION_CONTEXT() REPRESENTATION_CONTEXT('2D SPACE',''
  ) );
#2996 = PCURVE('',#2997,#3002);
#2997 = CONICAL_SURFACE('',#2998,2.,0.785398163397);
#2998 = AXIS2_PLACEMENT_3D('',#2999,#3000,#3001);
#2999 = CARTESIAN_POINT('',(72.8,4.9,-5.25));
#3000 = DIRECTION('',(0.,0.,1.));
#3001 = DIRECTION('',(1.,0.,-0.));
#3002 = DEFINITIONAL_REPRESENTATION('',(#3003),#3007);
#3003 = LINE('',#3004,#3005);
#3004 = CARTESIAN_POINT('',(0.,-0.35));
#3005 = VECTOR('',#3006,1.);
#3006 = DIRECTION('',(1.,-0.));
#3007 = ( GEOMETRIC_REPRESENTATION_CONTEXT(2) 
PARAMETRIC_REPRESENTATION_CONTEXT() REPRESENTATION_CONTEXT('2D SPACE',''
  ) );
#3008 = ORIENTED_EDGE('',*,*,#3009,.T.);
#3009 = EDGE_CURVE('',#2981,#3010,#3012,.T.);
#3010 = VERTEX_POINT('',#3011);
#3011 = CARTESIAN_POINT('',(63.217400535397,6.55,-5.6));
#3012 = SURFACE_CURVE('',#3013,(#3017,#3024),.PCURVE_S1.);
#3013 = LINE('',#3014,#3015);
#3014 = CARTESIAN_POINT('',(72.8,6.55,-5.6));
#3015 = VECTOR('',#3016,1.);
#3016 = DIRECTION('',(-1.,0.,0.));
#3017 = PCURVE('',#2866,#3018);
#3018 = DEFINITIONAL_REPRESENTATION('',(#3019),#3023);
#3019 = LINE('',#3020,#3021);
#3020 = CARTESIAN_POINT('',(35.809333194243,16.345020362289));
#3021 = VECTOR('',#3022,1.);
#3022 = DIRECTION('',(-1.,0.));
#3023 = ( GEOMETRIC_REPRESENTATION_CONTEXT(2) 
PARAMETRIC_REPRESENTATION_CONTEXT() REPRESENTATION_CONTEXT('2D SPACE',''
  ) );
#3024 = PCURVE('',#3025,#3030);
#3025 = PLANE('',#3026);
#3026 = AXIS2_PLACEMENT_3D('',#3027,#3028,#3029);
#3027 = CARTESIAN_POINT('',(72.8,6.725,-5.425));
#3028 = DIRECTION('',(3.473694424484E-18,0.707106781187,-0.707106781187)
  );
#3029 = DIRECTION('',(1.,-2.456272883323E-18,2.456272883323E-18));
#3030 = DEFINITIONAL_REPRESENTATION('',(#3031),#3035);
#3031 = LINE('',#3032,#3033);
#3032 = CARTESIAN_POINT('',(4.333342374871E-34,0.247487373415));
#3033 = VECTOR('',#3034,1.);
#3034 = DIRECTION('',(-1.,0.));
#3035 = ( GEOMETRIC_REPRESENTATION_CONTEXT(2) 
PARAMETRIC_REPRESENTATION_CONTEXT() REPRESENTATION_CONTEXT('2D SPACE',''
  ) );
#3036 = ORIENTED_EDGE('',*,*,#3037,.T.);
#3037 = EDGE_CURVE('',#3010,#3038,#3040,.T.);
#3038 = VERTEX_POINT('',#3039);
#3039 = CARTESIAN_POINT('',(62.862878593983,6.511463370063,-5.6));
#3040 = SURFACE_CURVE('',#3041,(#3046,#3053),.PCURVE_S1.);
#3041 = CIRCLE('',#3042,1.65);
#3042 = AXIS2_PLACEMENT_3D('',#3043,#3044,#3045);
#3043 = CARTESIAN_POINT('',(63.217400535397,4.9,-5.6));
#3044 = DIRECTION('',(0.,-0.,1.));
#3045 = DIRECTION('',(0.,1.,0.));
#3046 = PCURVE('',#2866,#3047);
#3047 = DEFINITIONAL_REPRESENTATION('',(#3048),#3052);
#3048 = CIRCLE('',#3049,1.65);
#3049 = AXIS2_PLACEMENT_2D('',#3050,#3051);
#3050 = CARTESIAN_POINT('',(26.226733729639,14.695020362289));
#3051 = DIRECTION('',(0.,1.));
#3052 = ( GEOMETRIC_REPRESENTATION_CONTEXT(2) 
PARAMETRIC_REPRESENTATION_CONTEXT() REPRESENTATION_CONTEXT('2D SPACE',''
  ) );
#3053 = PCURVE('',#3054,#3059);
#3054 = CONICAL_SURFACE('',#3055,2.,0.785398163397);
#3055 = AXIS2_PLACEMENT_3D('',#3056,#3057,#3058);
#3056 = CARTESIAN_POINT('',(63.217400535397,4.9,-5.25));
#3057 = DIRECTION('',(0.,0.,1.));
#3058 = DIRECTION('',(0.,1.,0.));
#3059 = DEFINITIONAL_REPRESENTATION('',(#3060),#3064);
#3060 = LINE('',#3061,#3062);
#3061 = CARTESIAN_POINT('',(0.,-0.35));
#3062 = VECTOR('',#3063,1.);
#3063 = DIRECTION('',(1.,-0.));
#3064 = ( GEOMETRIC_REPRESENTATION_CONTEXT(2) 
PARAMETRIC_REPRESENTATION_CONTEXT() REPRESENTATION_CONTEXT('2D SPACE',''
  ) );
#3065 = ORIENTED_EDGE('',*,*,#3066,.T.);
#3066 = EDGE_CURVE('',#3038,#3067,#3069,.T.);
#3067 = VERTEX_POINT('',#3068);
#3068 = CARTESIAN_POINT('',(43.28752465389,2.204885503243,-5.6));
#3069 = SURFACE_CURVE('',#3070,(#3074,#3081),.PCURVE_S1.);
#3070 = LINE('',#3071,#3072);
#3071 = CARTESIAN_POINT('',(62.862878593983,6.511463370063,-5.6));
#3072 = VECTOR('',#3073,1.);
#3073 = DIRECTION('',(-0.976644466705,-0.214861782675,0.));
#3074 = PCURVE('',#2866,#3075);
#3075 = DEFINITIONAL_REPRESENTATION('',(#3076),#3080);
#3076 = LINE('',#3077,#3078);
#3077 = CARTESIAN_POINT('',(25.872211788225,16.306483732352));
#3078 = VECTOR('',#3079,1.);
#3079 = DIRECTION('',(-0.976644466705,-0.214861782675));
#3080 = ( GEOMETRIC_REPRESENTATION_CONTEXT(2) 
PARAMETRIC_REPRESENTATION_CONTEXT() REPRESENTATION_CONTEXT('2D SPACE',''
  ) );
#3081 = PCURVE('',#3082,#3087);
#3082 = PLANE('',#3083);
#3083 = AXIS2_PLACEMENT_3D('',#3084,#3085,#3086);
#3084 = CARTESIAN_POINT('',(62.825277782014,6.682376151737,-5.425));
#3085 = DIRECTION('',(-0.151930223547,0.690591925215,-0.707106781187));
#3086 = DIRECTION('',(0.976644466705,0.214861782675,-2.775557561563E-17)
  );
#3087 = DEFINITIONAL_REPRESENTATION('',(#3088),#3092);
#3088 = LINE('',#3089,#3090);
#3089 = CARTESIAN_POINT('',(1.128958038166E-15,0.247487373415));
#3090 = VECTOR('',#3091,1.);
#3091 = DIRECTION('',(-1.,4.163336342344E-17));
#3092 = ( GEOMETRIC_REPRESENTATION_CONTEXT(2) 
PARAMETRIC_REPRESENTATION_CONTEXT() REPRESENTATION_CONTEXT('2D SPACE',''
  ) );
#3093 = ORIENTED_EDGE('',*,*,#3094,.T.);
#3094 = EDGE_CURVE('',#3067,#3095,#3097,.T.);
#3095 = VERTEX_POINT('',#3096);
#3096 = CARTESIAN_POINT('',(42.782599464603,2.15,-5.6));
#3097 = SURFACE_CURVE('',#3098,(#3103,#3114),.PCURVE_S1.);
#3098 = CIRCLE('',#3099,2.35);
#3099 = AXIS2_PLACEMENT_3D('',#3100,#3101,#3102);
#3100 = CARTESIAN_POINT('',(42.782599464603,4.5,-5.6));
#3101 = DIRECTION('',(0.,-0.,-1.));
#3102 = DIRECTION('',(0.214861782675,-0.976644466705,0.));
#3103 = PCURVE('',#2866,#3104);
#3104 = DEFINITIONAL_REPRESENTATION('',(#3105),#3113);
#3105 = ( BOUNDED_CURVE() B_SPLINE_CURVE(2,(#3106,#3107,#3108,#3109,
#3110,#3111,#3112),.UNSPECIFIED.,.T.,.F.) B_SPLINE_CURVE_WITH_KNOTS((1,2
    ,2,2,2,1),(-2.094395102393,0.,2.094395102393,4.188790204786,
6.28318530718,8.377580409573),.UNSPECIFIED.) CURVE() 
GEOMETRIC_REPRESENTATION_ITEM() RATIONAL_B_SPLINE_CURVE((1.,0.5,1.,0.5,
1.,0.5,1.)) REPRESENTATION_ITEM('') );
#3106 = CARTESIAN_POINT('',(6.296857848133,11.999905865532));
#3107 = CARTESIAN_POINT('',(2.321602930562,11.125349783666));
#3108 = CARTESIAN_POINT('',(3.551842605417,15.005299569734));
#3109 = CARTESIAN_POINT('',(4.782082280273,18.885249355803));
#3110 = CARTESIAN_POINT('',(7.527097522988,15.8798556516));
#3111 = CARTESIAN_POINT('',(10.272112765704,12.874461947397));
#3112 = CARTESIAN_POINT('',(6.296857848133,11.999905865532));
#3113 = ( GEOMETRIC_REPRESENTATION_CONTEXT(2) 
PARAMETRIC_REPRESENTATION_CONTEXT() REPRESENTATION_CONTEXT('2D SPACE',''
  ) );
#3114 = PCURVE('',#3115,#3120);
#3115 = CONICAL_SURFACE('',#3116,2.,0.785398163397);
#3116 = AXIS2_PLACEMENT_3D('',#3117,#3118,#3119);
#3117 = CARTESIAN_POINT('',(42.782599464603,4.5,-5.25));
#3118 = DIRECTION('',(-0.,-0.,-1.));
#3119 = DIRECTION('',(0.214861782675,-0.976644466705,0.));
#3120 = DEFINITIONAL_REPRESENTATION('',(#3121),#3125);
#3121 = LINE('',#3122,#3123);
#3122 = CARTESIAN_POINT('',(0.,0.35));
#3123 = VECTOR('',#3124,1.);
#3124 = DIRECTION('',(1.,0.));
#3125 = ( GEOMETRIC_REPRESENTATION_CONTEXT(2) 
PARAMETRIC_REPRESENTATION_CONTEXT() REPRESENTATION_CONTEXT('2D SPACE',''
  ) );
#3126 = ORIENTED_EDGE('',*,*,#3127,.T.);
#3127 = EDGE_CURVE('',#3095,#3128,#3130,.T.);
#3128 = VERTEX_POINT('',#3129);
#3129 = CARTESIAN_POINT('',(-0.5,2.15,-5.6));
#3130 = SURFACE_CURVE('',#3131,(#3135,#3142),.PCURVE_S1.);
#3131 = LINE('',#3132,#3133);
#3132 = CARTESIAN_POINT('',(42.782599464603,2.15,-5.6));
#3133 = VECTOR('',#3134,1.);
#3134 = DIRECTION('',(-1.,0.,0.));
#3135 = PCURVE('',#2866,#3136);
#3136 = DEFINITIONAL_REPRESENTATION('',(#3137),#3141);
#3137 = LINE('',#3138,#3139);
#3138 = CARTESIAN_POINT('',(5.791932658846,11.945020362289));
#3139 = VECTOR('',#3140,1.);
#3140 = DIRECTION('',(-1.,0.));
#3141 = ( GEOMETRIC_REPRESENTATION_CONTEXT(2) 
PARAMETRIC_REPRESENTATION_CONTEXT() REPRESENTATION_CONTEXT('2D SPACE',''
  ) );
#3142 = PCURVE('',#3143,#3148);
#3143 = PLANE('',#3144);
#3144 = AXIS2_PLACEMENT_3D('',#3145,#3146,#3147);
#3145 = CARTESIAN_POINT('',(42.782599464603,2.325,-5.425));
#3146 = DIRECTION('',(-3.473694424484E-18,0.707106781187,-0.707106781187
    ));
#3147 = DIRECTION('',(1.,2.456272883323E-18,-2.456272883323E-18));
#3148 = DEFINITIONAL_REPRESENTATION('',(#3149),#3153);
#3149 = LINE('',#3150,#3151);
#3150 = CARTESIAN_POINT('',(-9.629649721936E-34,0.247487373415));
#3151 = VECTOR('',#3152,1.);
#3152 = DIRECTION('',(-1.,0.));
#3153 = ( GEOMETRIC_REPRESENTATION_CONTEXT(2) 
PARAMETRIC_REPRESENTATION_CONTEXT() REPRESENTATION_CONTEXT('2D SPACE',''
  ) );
#3154 = ORIENTED_EDGE('',*,*,#3155,.T.);
#3155 = EDGE_CURVE('',#3128,#3156,#3158,.T.);
#3156 = VERTEX_POINT('',#3157);
#3157 = CARTESIAN_POINT('',(-2.15,0.5,-5.6));
#3158 = SURFACE_CURVE('',#3159,(#3164,#3171),.PCURVE_S1.);
#3159 = CIRCLE('',#3160,1.65);
#3160 = AXIS2_PLACEMENT_3D('',#3161,#3162,#3163);
#3161 = CARTESIAN_POINT('',(-0.5,0.5,-5.6));
#3162 = DIRECTION('',(0.,0.,1.));
#3163 = DIRECTION('',(-1.110223024625E-16,1.,0.));
#3164 = PCURVE('',#2866,#3165);
#3165 = DEFINITIONAL_REPRESENTATION('',(#3166),#3170);
#3166 = CIRCLE('',#3167,1.65);
#3167 = AXIS2_PLACEMENT_2D('',#3168,#3169);
#3168 = CARTESIAN_POINT('',(-37.49066680575,10.295020362289));
#3169 = DIRECTION('',(-1.110223024625E-16,1.));
#3170 = ( GEOMETRIC_REPRESENTATION_CONTEXT(2) 
PARAMETRIC_REPRESENTATION_CONTEXT() REPRESENTATION_CONTEXT('2D SPACE',''
  ) );
#3171 = PCURVE('',#3172,#3177);
#3172 = CONICAL_SURFACE('',#3173,2.,0.785398163397);
#3173 = AXIS2_PLACEMENT_3D('',#3174,#3175,#3176);
#3174 = CARTESIAN_POINT('',(-0.5,0.5,-5.25));
#3175 = DIRECTION('',(0.,0.,1.));
#3176 = DIRECTION('',(-1.110223024625E-16,1.,0.));
#3177 = DEFINITIONAL_REPRESENTATION('',(#3178),#3182);
#3178 = LINE('',#3179,#3180);
#3179 = CARTESIAN_POINT('',(0.,-0.35));
#3180 = VECTOR('',#3181,1.);
#3181 = DIRECTION('',(1.,-0.));
#3182 = ( GEOMETRIC_REPRESENTATION_CONTEXT(2) 
PARAMETRIC_REPRESENTATION_CONTEXT() REPRESENTATION_CONTEXT('2D SPACE',''
  ) );
#3183 = ORIENTED_EDGE('',*,*,#3184,.T.);
#3184 = EDGE_CURVE('',#3156,#3185,#3187,.T.);
#3185 = VERTEX_POINT('',#3186);
#3186 = CARTESIAN_POINT('',(-2.15,-21.7,-5.6));
#3187 = SURFACE_CURVE('',#3188,(#3192,#3199),.PCURVE_S1.);
#3188 = LINE('',#3189,#3190);
#3189 = CARTESIAN_POINT('',(-2.15,0.5,-5.6));
#3190 = VECTOR('',#3191,1.);
#3191 = DIRECTION('',(0.,-1.,0.));
#3192 = PCURVE('',#2866,#3193);
#3193 = DEFINITIONAL_REPRESENTATION('',(#3194),#3198);
#3194 = LINE('',#3195,#3196);
#3195 = CARTESIAN_POINT('',(-39.14066680575,10.295020362289));
#3196 = VECTOR('',#3197,1.);
#3197 = DIRECTION('',(0.,-1.));
#3198 = ( GEOMETRIC_REPRESENTATION_CONTEXT(2) 
PARAMETRIC_REPRESENTATION_CONTEXT() REPRESENTATION_CONTEXT('2D SPACE',''
  ) );
#3199 = PCURVE('',#3200,#3205);
#3200 = PLANE('',#3201);
#3201 = AXIS2_PLACEMENT_3D('',#3202,#3203,#3204);
#3202 = CARTESIAN_POINT('',(-2.325,0.5,-5.425));
#3203 = DIRECTION('',(-0.707106781187,-3.473694424484E-18,
    -0.707106781187));
#3204 = DIRECTION('',(-2.456272883323E-18,1.,-2.456272883323E-18));
#3205 = DEFINITIONAL_REPRESENTATION('',(#3206),#3210);
#3206 = LINE('',#3207,#3208);
#3207 = CARTESIAN_POINT('',(-9.629649721936E-34,0.247487373415));
#3208 = VECTOR('',#3209,1.);
#3209 = DIRECTION('',(-1.,0.));
#3210 = ( GEOMETRIC_REPRESENTATION_CONTEXT(2) 
PARAMETRIC_REPRESENTATION_CONTEXT() REPRESENTATION_CONTEXT('2D SPACE',''
  ) );
#3211 = ORIENTED_EDGE('',*,*,#3212,.T.);
#3212 = EDGE_CURVE('',#3185,#2909,#3213,.T.);
#3213 = SURFACE_CURVE('',#3214,(#3219,#3226),.PCURVE_S1.);
#3214 = CIRCLE('',#3215,1.65);
#3215 = AXIS2_PLACEMENT_3D('',#3216,#3217,#3218);
#3216 = CARTESIAN_POINT('',(-0.5,-21.7,-5.6));
#3217 = DIRECTION('',(0.,0.,1.));
#3218 = DIRECTION('',(-1.,0.,0.));
#3219 = PCURVE('',#2866,#3220);
#3220 = DEFINITIONAL_REPRESENTATION('',(#3221),#3225);
#3221 = CIRCLE('',#3222,1.65);
#3222 = AXIS2_PLACEMENT_2D('',#3223,#3224);
#3223 = CARTESIAN_POINT('',(-37.49066680575,-11.90497963771));
#3224 = DIRECTION('',(-1.,0.));
#3225 = ( GEOMETRIC_REPRESENTATION_CONTEXT(2) 
PARAMETRIC_REPRESENTATION_CONTEXT() REPRESENTATION_CONTEXT('2D SPACE',''
  ) );
#3226 = PCURVE('',#3227,#3232);
#3227 = CONICAL_SURFACE('',#3228,2.,0.785398163397);
#3228 = AXIS2_PLACEMENT_3D('',#3229,#3230,#3231);
#3229 = CARTESIAN_POINT('',(-0.5,-21.7,-5.25));
#3230 = DIRECTION('',(0.,0.,1.));
#3231 = DIRECTION('',(-1.,0.,0.));
#3232 = DEFINITIONAL_REPRESENTATION('',(#3233),#3237);
#3233 = LINE('',#3234,#3235);
#3234 = CARTESIAN_POINT('',(0.,-0.35));
#3235 = VECTOR('',#3236,1.);
#3236 = DIRECTION('',(1.,-0.));
#3237 = ( GEOMETRIC_REPRESENTATION_CONTEXT(2) 
PARAMETRIC_REPRESENTATION_CONTEXT() REPRESENTATION_CONTEXT('2D SPACE',''
  ) );
#3238 = FACE_BOUND('',#3239,.F.);
#3239 = EDGE_LOOP('',(#3240));
#3240 = ORIENTED_EDGE('',*,*,#3241,.T.);
#3241 = EDGE_CURVE('',#3242,#3242,#3244,.T.);
#3242 = VERTEX_POINT('',#3243);
#3243 = CARTESIAN_POINT('',(7.958,-17.526,-5.6));
#3244 = SURFACE_CURVE('',#3245,(#3250,#3261),.PCURVE_S1.);
#3245 = CIRCLE('',#3246,1.1);
#3246 = AXIS2_PLACEMENT_3D('',#3247,#3248,#3249);
#3247 = CARTESIAN_POINT('',(6.858,-17.526,-5.6));
#3248 = DIRECTION('',(0.,0.,-1.));
#3249 = DIRECTION('',(1.,0.,0.));
#3250 = PCURVE('',#2866,#3251);
#3251 = DEFINITIONAL_REPRESENTATION('',(#3252),#3260);
#3252 = ( BOUNDED_CURVE() B_SPLINE_CURVE(2,(#3253,#3254,#3255,#3256,
#3257,#3258,#3259),.UNSPECIFIED.,.T.,.F.) B_SPLINE_CURVE_WITH_KNOTS((1,2
    ,2,2,2,1),(-2.094395102393,0.,2.094395102393,4.188790204786,
6.28318530718,8.377580409573),.UNSPECIFIED.) CURVE() 
GEOMETRIC_REPRESENTATION_ITEM() RATIONAL_B_SPLINE_CURVE((1.,0.5,1.,0.5,
1.,0.5,1.)) REPRESENTATION_ITEM('') );
#3253 = CARTESIAN_POINT('',(-29.03266680575,-7.730979637711));
#3254 = CARTESIAN_POINT('',(-29.03266680575,-9.636235526037));
#3255 = CARTESIAN_POINT('',(-30.68266680575,-8.683607581874));
#3256 = CARTESIAN_POINT('',(-32.33266680575,-7.730979637711));
#3257 = CARTESIAN_POINT('',(-30.68266680575,-6.778351693548));
#3258 = CARTESIAN_POINT('',(-29.03266680575,-5.825723749385));
#3259 = CARTESIAN_POINT('',(-29.03266680575,-7.730979637711));
#3260 = ( GEOMETRIC_REPRESENTATION_CONTEXT(2) 
PARAMETRIC_REPRESENTATION_CONTEXT() REPRESENTATION_CONTEXT('2D SPACE',''
  ) );
#3261 = PCURVE('',#2799,#3262);
#3262 = DEFINITIONAL_REPRESENTATION('',(#3263),#3267);
#3263 = LINE('',#3264,#3265);
#3264 = CARTESIAN_POINT('',(-6.28318530718,-1.));
#3265 = VECTOR('',#3266,1.);
#3266 = DIRECTION('',(1.,-0.));
#3267 = ( GEOMETRIC_REPRESENTATION_CONTEXT(2) 
PARAMETRIC_REPRESENTATION_CONTEXT() REPRESENTATION_CONTEXT('2D SPACE',''
  ) );
#3268 = FACE_BOUND('',#3269,.F.);
#3269 = EDGE_LOOP('',(#3270));
#3270 = ORIENTED_EDGE('',*,*,#2849,.T.);
#3271 = FACE_BOUND('',#3272,.F.);
#3272 = EDGE_LOOP('',(#3273));
#3273 = ORIENTED_EDGE('',*,*,#3274,.T.);
#3274 = EDGE_CURVE('',#3275,#3275,#3277,.T.);
#3275 = VERTEX_POINT('',#3276);
#3276 = CARTESIAN_POINT('',(70.2,3.4,-5.6));
#3277 = SURFACE_CURVE('',#3278,(#3283,#3294),.PCURVE_S1.);
#3278 = CIRCLE('',#3279,2.2);
#3279 = AXIS2_PLACEMENT_3D('',#3280,#3281,#3282);
#3280 = CARTESIAN_POINT('',(68.,3.4,-5.6));
#3281 = DIRECTION('',(0.,0.,-1.));
#3282 = DIRECTION('',(1.,0.,0.));
#3283 = PCURVE('',#2866,#3284);
#3284 = DEFINITIONAL_REPRESENTATION('',(#3285),#3293);
#3285 = ( BOUNDED_CURVE() B_SPLINE_CURVE(2,(#3286,#3287,#3288,#3289,
#3290,#3291,#3292),.UNSPECIFIED.,.T.,.F.) B_SPLINE_CURVE_WITH_KNOTS((1,2
    ,2,2,2,1),(-2.094395102393,0.,2.094395102393,4.188790204786,
6.28318530718,8.377580409573),.UNSPECIFIED.) CURVE() 
GEOMETRIC_REPRESENTATION_ITEM() RATIONAL_B_SPLINE_CURVE((1.,0.5,1.,0.5,
1.,0.5,1.)) REPRESENTATION_ITEM('') );
#3286 = CARTESIAN_POINT('',(33.209333194243,13.195020362289));
#3287 = CARTESIAN_POINT('',(33.209333194243,9.384508585637));
#3288 = CARTESIAN_POINT('',(29.909333194243,11.289764473963));
#3289 = CARTESIAN_POINT('',(26.609333194243,13.195020362289));
#3290 = CARTESIAN_POINT('',(29.909333194243,15.100276250615));
#3291 = CARTESIAN_POINT('',(33.209333194243,17.00553213894));
#3292 = CARTESIAN_POINT('',(33.209333194243,13.195020362289));
#3293 = ( GEOMETRIC_REPRESENTATION_CONTEXT(2) 
PARAMETRIC_REPRESENTATION_CONTEXT() REPRESENTATION_CONTEXT('2D SPACE',''
  ) );
#3294 = PCURVE('',#3295,#3300);
#3295 = CYLINDRICAL_SURFACE('',#3296,2.2);
#3296 = AXIS2_PLACEMENT_3D('',#3297,#3298,#3299);
#3297 = CARTESIAN_POINT('',(68.,3.4,-7.));
#3298 = DIRECTION('',(-0.,-0.,-1.));
#3299 = DIRECTION('',(1.,0.,0.));
#3300 = DEFINITIONAL_REPRESENTATION('',(#3301),#3305);
#3301 = LINE('',#3302,#3303);
#3302 = CARTESIAN_POINT('',(-6.28318530718,-1.4));
#3303 = VECTOR('',#3304,1.);
#3304 = DIRECTION('',(1.,-0.));
#3305 = ( GEOMETRIC_REPRESENTATION_CONTEXT(2) 
PARAMETRIC_REPRESENTATION_CONTEXT() REPRESENTATION_CONTEXT('2D SPACE',''
  ) );
#3306 = ADVANCED_FACE('',(#3307),#3295,.F.);
#3307 = FACE_BOUND('',#3308,.T.);
#3308 = EDGE_LOOP('',(#3309,#3310,#3333,#3360));
#3309 = ORIENTED_EDGE('',*,*,#3274,.T.);
#3310 = ORIENTED_EDGE('',*,*,#3311,.T.);
#3311 = EDGE_CURVE('',#3275,#3312,#3314,.T.);
#3312 = VERTEX_POINT('',#3313);
#3313 = CARTESIAN_POINT('',(70.2,3.4,-2.));
#3314 = SEAM_CURVE('',#3315,(#3319,#3326),.PCURVE_S1.);
#3315 = LINE('',#3316,#3317);
#3316 = CARTESIAN_POINT('',(70.2,3.4,-7.));
#3317 = VECTOR('',#3318,1.);
#3318 = DIRECTION('',(0.,0.,1.));
#3319 = PCURVE('',#3295,#3320);
#3320 = DEFINITIONAL_REPRESENTATION('',(#3321),#3325);
#3321 = LINE('',#3322,#3323);
#3322 = CARTESIAN_POINT('',(-6.28318530718,0.));
#3323 = VECTOR('',#3324,1.);
#3324 = DIRECTION('',(-0.,-1.));
#3325 = ( GEOMETRIC_REPRESENTATION_CONTEXT(2) 
PARAMETRIC_REPRESENTATION_CONTEXT() REPRESENTATION_CONTEXT('2D SPACE',''
  ) );
#3326 = PCURVE('',#3295,#3327);
#3327 = DEFINITIONAL_REPRESENTATION('',(#3328),#3332);
#3328 = LINE('',#3329,#3330);
#3329 = CARTESIAN_POINT('',(-0.,0.));
#3330 = VECTOR('',#3331,1.);
#3331 = DIRECTION('',(-0.,-1.));
#3332 = ( GEOMETRIC_REPRESENTATION_CONTEXT(2) 
PARAMETRIC_REPRESENTATION_CONTEXT() REPRESENTATION_CONTEXT('2D SPACE',''
  ) );
#3333 = ORIENTED_EDGE('',*,*,#3334,.T.);
#3334 = EDGE_CURVE('',#3312,#3312,#3335,.T.);
#3335 = SURFACE_CURVE('',#3336,(#3341,#3348),.PCURVE_S1.);
#3336 = CIRCLE('',#3337,2.2);
#3337 = AXIS2_PLACEMENT_3D('',#3338,#3339,#3340);
#3338 = CARTESIAN_POINT('',(68.,3.4,-2.));
#3339 = DIRECTION('',(0.,0.,1.));
#3340 = DIRECTION('',(1.,0.,0.));
#3341 = PCURVE('',#3295,#3342);
#3342 = DEFINITIONAL_REPRESENTATION('',(#3343),#3347);
#3343 = LINE('',#3344,#3345);
#3344 = CARTESIAN_POINT('',(-0.,-5.));
#3345 = VECTOR('',#3346,1.);
#3346 = DIRECTION('',(-1.,0.));
#3347 = ( GEOMETRIC_REPRESENTATION_CONTEXT(2) 
PARAMETRIC_REPRESENTATION_CONTEXT() REPRESENTATION_CONTEXT('2D SPACE',''
  ) );
#3348 = PCURVE('',#3349,#3354);
#3349 = PLANE('',#3350);
#3350 = AXIS2_PLACEMENT_3D('',#3351,#3352,#3353);
#3351 = CARTESIAN_POINT('',(68.,3.4,-2.));
#3352 = DIRECTION('',(0.,0.,1.));
#3353 = DIRECTION('',(1.,0.,-0.));
#3354 = DEFINITIONAL_REPRESENTATION('',(#3355),#3359);
#3355 = CIRCLE('',#3356,2.2);
#3356 = AXIS2_PLACEMENT_2D('',#3357,#3358);
#3357 = CARTESIAN_POINT('',(0.,0.));
#3358 = DIRECTION('',(1.,0.));
#3359 = ( GEOMETRIC_REPRESENTATION_CONTEXT(2) 
PARAMETRIC_REPRESENTATION_CONTEXT() REPRESENTATION_CONTEXT('2D SPACE',''
  ) );
#3360 = ORIENTED_EDGE('',*,*,#3311,.F.);
#3361 = ADVANCED_FACE('',(#3362,#3365),#3349,.F.);
#3362 = FACE_BOUND('',#3363,.F.);
#3363 = EDGE_LOOP('',(#3364));
#3364 = ORIENTED_EDGE('',*,*,#3334,.T.);
#3365 = FACE_BOUND('',#3366,.F.);
#3366 = EDGE_LOOP('',(#3367));
#3367 = ORIENTED_EDGE('',*,*,#3368,.T.);
#3368 = EDGE_CURVE('',#3369,#3369,#3371,.T.);
#3369 = VERTEX_POINT('',#3370);
#3370 = CARTESIAN_POINT('',(69.3,3.4,-2.));
#3371 = SURFACE_CURVE('',#3372,(#3377,#3388),.PCURVE_S1.);
#3372 = CIRCLE('',#3373,1.3);
#3373 = AXIS2_PLACEMENT_3D('',#3374,#3375,#3376);
#3374 = CARTESIAN_POINT('',(68.,3.4,-2.));
#3375 = DIRECTION('',(0.,0.,-1.));
#3376 = DIRECTION('',(1.,0.,0.));
#3377 = PCURVE('',#3349,#3378);
#3378 = DEFINITIONAL_REPRESENTATION('',(#3379),#3387);
#3379 = ( BOUNDED_CURVE() B_SPLINE_CURVE(2,(#3380,#3381,#3382,#3383,
#3384,#3385,#3386),.UNSPECIFIED.,.T.,.F.) B_SPLINE_CURVE_WITH_KNOTS((1,2
    ,2,2,2,1),(-2.094395102393,0.,2.094395102393,4.188790204786,
6.28318530718,8.377580409573),.UNSPECIFIED.) CURVE() 
GEOMETRIC_REPRESENTATION_ITEM() RATIONAL_B_SPLINE_CURVE((1.,0.5,1.,0.5,
1.,0.5,1.)) REPRESENTATION_ITEM('') );
#3380 = CARTESIAN_POINT('',(1.3,0.));
#3381 = CARTESIAN_POINT('',(1.3,-2.25166604984));
#3382 = CARTESIAN_POINT('',(-0.65,-1.12583302492));
#3383 = CARTESIAN_POINT('',(-2.6,-3.184081677783E-16));
#3384 = CARTESIAN_POINT('',(-0.65,1.12583302492));
#3385 = CARTESIAN_POINT('',(1.3,2.25166604984));
#3386 = CARTESIAN_POINT('',(1.3,0.));
#3387 = ( GEOMETRIC_REPRESENTATION_CONTEXT(2) 
PARAMETRIC_REPRESENTATION_CONTEXT() REPRESENTATION_CONTEXT('2D SPACE',''
  ) );
#3388 = PCURVE('',#3389,#3394);
#3389 = CYLINDRICAL_SURFACE('',#3390,1.3);
#3390 = AXIS2_PLACEMENT_3D('',#3391,#3392,#3393);
#3391 = CARTESIAN_POINT('',(68.,3.4,-7.));
#3392 = DIRECTION('',(-0.,-0.,-1.));
#3393 = DIRECTION('',(1.,0.,0.));
#3394 = DEFINITIONAL_REPRESENTATION('',(#3395),#3399);
#3395 = LINE('',#3396,#3397);
#3396 = CARTESIAN_POINT('',(-6.28318530718,-5.));
#3397 = VECTOR('',#3398,1.);
#3398 = DIRECTION('',(1.,-0.));
#3399 = ( GEOMETRIC_REPRESENTATION_CONTEXT(2) 
PARAMETRIC_REPRESENTATION_CONTEXT() REPRESENTATION_CONTEXT('2D SPACE',''
  ) );
#3400 = ADVANCED_FACE('',(#3401),#3389,.F.);
#3401 = FACE_BOUND('',#3402,.T.);
#3402 = EDGE_LOOP('',(#3403,#3404,#3427,#3453));
#3403 = ORIENTED_EDGE('',*,*,#3368,.T.);
#3404 = ORIENTED_EDGE('',*,*,#3405,.T.);
#3405 = EDGE_CURVE('',#3369,#3406,#3408,.T.);
#3406 = VERTEX_POINT('',#3407);
#3407 = CARTESIAN_POINT('',(69.3,3.4,4.4));
#3408 = SEAM_CURVE('',#3409,(#3413,#3420),.PCURVE_S1.);
#3409 = LINE('',#3410,#3411);
#3410 = CARTESIAN_POINT('',(69.3,3.4,-7.));
#3411 = VECTOR('',#3412,1.);
#3412 = DIRECTION('',(0.,0.,1.));
#3413 = PCURVE('',#3389,#3414);
#3414 = DEFINITIONAL_REPRESENTATION('',(#3415),#3419);
#3415 = LINE('',#3416,#3417);
#3416 = CARTESIAN_POINT('',(-6.28318530718,0.));
#3417 = VECTOR('',#3418,1.);
#3418 = DIRECTION('',(-0.,-1.));
#3419 = ( GEOMETRIC_REPRESENTATION_CONTEXT(2) 
PARAMETRIC_REPRESENTATION_CONTEXT() REPRESENTATION_CONTEXT('2D SPACE',''
  ) );
#3420 = PCURVE('',#3389,#3421);
#3421 = DEFINITIONAL_REPRESENTATION('',(#3422),#3426);
#3422 = LINE('',#3423,#3424);
#3423 = CARTESIAN_POINT('',(-0.,0.));
#3424 = VECTOR('',#3425,1.);
#3425 = DIRECTION('',(-0.,-1.));
#3426 = ( GEOMETRIC_REPRESENTATION_CONTEXT(2) 
PARAMETRIC_REPRESENTATION_CONTEXT() REPRESENTATION_CONTEXT('2D SPACE',''
  ) );
#3427 = ORIENTED_EDGE('',*,*,#3428,.F.);
#3428 = EDGE_CURVE('',#3406,#3406,#3429,.T.);
#3429 = SURFACE_CURVE('',#3430,(#3435,#3442),.PCURVE_S1.);
#3430 = CIRCLE('',#3431,1.3);
#3431 = AXIS2_PLACEMENT_3D('',#3432,#3433,#3434);
#3432 = CARTESIAN_POINT('',(68.,3.4,4.4));
#3433 = DIRECTION('',(0.,0.,-1.));
#3434 = DIRECTION('',(1.,0.,0.));
#3435 = PCURVE('',#3389,#3436);
#3436 = DEFINITIONAL_REPRESENTATION('',(#3437),#3441);
#3437 = LINE('',#3438,#3439);
#3438 = CARTESIAN_POINT('',(-6.28318530718,-11.4));
#3439 = VECTOR('',#3440,1.);
#3440 = DIRECTION('',(1.,-0.));
#3441 = ( GEOMETRIC_REPRESENTATION_CONTEXT(2) 
PARAMETRIC_REPRESENTATION_CONTEXT() REPRESENTATION_CONTEXT('2D SPACE',''
  ) );
#3442 = PCURVE('',#370,#3443);
#3443 = DEFINITIONAL_REPRESENTATION('',(#3444),#3452);
#3444 = ( BOUNDED_CURVE() B_SPLINE_CURVE(2,(#3445,#3446,#3447,#3448,
#3449,#3450,#3451),.UNSPECIFIED.,.T.,.F.) B_SPLINE_CURVE_WITH_KNOTS((1,2
    ,2,2,2,1),(-2.094395102393,0.,2.094395102393,4.188790204786,
6.28318530718,8.377580409573),.UNSPECIFIED.) CURVE() 
GEOMETRIC_REPRESENTATION_ITEM() RATIONAL_B_SPLINE_CURVE((1.,0.5,1.,0.5,
1.,0.5,1.)) REPRESENTATION_ITEM('') );
#3445 = CARTESIAN_POINT('',(32.309333194243,13.195020362289));
#3446 = CARTESIAN_POINT('',(32.309333194243,10.943354312449));
#3447 = CARTESIAN_POINT('',(30.359333194243,12.069187337369));
#3448 = CARTESIAN_POINT('',(28.409333194243,13.195020362289));
#3449 = CARTESIAN_POINT('',(30.359333194243,14.320853387209));
#3450 = CARTESIAN_POINT('',(32.309333194243,15.446686412128));
#3451 = CARTESIAN_POINT('',(32.309333194243,13.195020362289));
#3452 = ( GEOMETRIC_REPRESENTATION_CONTEXT(2) 
PARAMETRIC_REPRESENTATION_CONTEXT() REPRESENTATION_CONTEXT('2D SPACE',''
  ) );
#3453 = ORIENTED_EDGE('',*,*,#3405,.F.);
#3454 = ADVANCED_FACE('',(#3455),#3082,.T.);
#3455 = FACE_BOUND('',#3456,.F.);
#3456 = EDGE_LOOP('',(#3457,#3480,#3508,#3529));
#3457 = ORIENTED_EDGE('',*,*,#3458,.F.);
#3458 = EDGE_CURVE('',#3459,#3038,#3461,.T.);
#3459 = VERTEX_POINT('',#3460);
#3460 = CARTESIAN_POINT('',(62.787676970046,6.85328893341,-5.25));
#3461 = SURFACE_CURVE('',#3462,(#3466,#3473),.PCURVE_S1.);
#3462 = LINE('',#3463,#3464);
#3463 = CARTESIAN_POINT('',(62.787676970046,6.85328893341,-5.25));
#3464 = VECTOR('',#3465,1.);
#3465 = DIRECTION('',(0.151930223547,-0.690591925215,-0.707106781187));
#3466 = PCURVE('',#3082,#3467);
#3467 = DEFINITIONAL_REPRESENTATION('',(#3468),#3472);
#3468 = LINE('',#3469,#3470);
#3469 = CARTESIAN_POINT('',(-1.128958038166E-15,-0.247487373415));
#3470 = VECTOR('',#3471,1.);
#3471 = DIRECTION('',(1.962615573355E-17,1.));
#3472 = ( GEOMETRIC_REPRESENTATION_CONTEXT(2) 
PARAMETRIC_REPRESENTATION_CONTEXT() REPRESENTATION_CONTEXT('2D SPACE',''
  ) );
#3473 = PCURVE('',#3054,#3474);
#3474 = DEFINITIONAL_REPRESENTATION('',(#3475),#3479);
#3475 = LINE('',#3476,#3477);
#3476 = CARTESIAN_POINT('',(0.216550304976,-0.));
#3477 = VECTOR('',#3478,1.);
#3478 = DIRECTION('',(0.,-1.));
#3479 = ( GEOMETRIC_REPRESENTATION_CONTEXT(2) 
PARAMETRIC_REPRESENTATION_CONTEXT() REPRESENTATION_CONTEXT('2D SPACE',''
  ) );
#3480 = ORIENTED_EDGE('',*,*,#3481,.T.);
#3481 = EDGE_CURVE('',#3459,#3482,#3484,.T.);
#3482 = VERTEX_POINT('',#3483);
#3483 = CARTESIAN_POINT('',(43.212323029954,2.54671106659,-5.25));
#3484 = SURFACE_CURVE('',#3485,(#3489,#3496),.PCURVE_S1.);
#3485 = LINE('',#3486,#3487);
#3486 = CARTESIAN_POINT('',(62.787676970046,6.85328893341,-5.25));
#3487 = VECTOR('',#3488,1.);
#3488 = DIRECTION('',(-0.976644466705,-0.214861782675,0.));
#3489 = PCURVE('',#3082,#3490);
#3490 = DEFINITIONAL_REPRESENTATION('',(#3491),#3495);
#3491 = LINE('',#3492,#3493);
#3492 = CARTESIAN_POINT('',(-1.323247067475E-15,-0.247487373415));
#3493 = VECTOR('',#3494,1.);
#3494 = DIRECTION('',(-1.,4.163336342344E-17));
#3495 = ( GEOMETRIC_REPRESENTATION_CONTEXT(2) 
PARAMETRIC_REPRESENTATION_CONTEXT() REPRESENTATION_CONTEXT('2D SPACE',''
  ) );
#3496 = PCURVE('',#3497,#3502);
#3497 = PLANE('',#3498);
#3498 = AXIS2_PLACEMENT_3D('',#3499,#3500,#3501);
#3499 = CARTESIAN_POINT('',(63.,6.9,-5.6));
#3500 = DIRECTION('',(0.214861782675,-0.976644466705,0.));
#3501 = DIRECTION('',(-0.976644466705,-0.214861782675,0.));
#3502 = DEFINITIONAL_REPRESENTATION('',(#3503),#3507);
#3503 = LINE('',#3504,#3505);
#3504 = CARTESIAN_POINT('',(0.217400535397,-0.35));
#3505 = VECTOR('',#3506,1.);
#3506 = DIRECTION('',(1.,0.));
#3507 = ( GEOMETRIC_REPRESENTATION_CONTEXT(2) 
PARAMETRIC_REPRESENTATION_CONTEXT() REPRESENTATION_CONTEXT('2D SPACE',''
  ) );
#3508 = ORIENTED_EDGE('',*,*,#3509,.T.);
#3509 = EDGE_CURVE('',#3482,#3067,#3510,.T.);
#3510 = SURFACE_CURVE('',#3511,(#3515,#3522),.PCURVE_S1.);
#3511 = LINE('',#3512,#3513);
#3512 = CARTESIAN_POINT('',(43.249923841922,2.375798284916,-5.425));
#3513 = VECTOR('',#3514,1.);
#3514 = DIRECTION('',(0.151930223547,-0.690591925215,-0.707106781187));
#3515 = PCURVE('',#3082,#3516);
#3516 = DEFINITIONAL_REPRESENTATION('',(#3517),#3521);
#3517 = LINE('',#3518,#3519);
#3518 = CARTESIAN_POINT('',(-20.04348010707,-8.11984757097E-16));
#3519 = VECTOR('',#3520,1.);
#3520 = DIRECTION('',(-8.129419882082E-18,1.));
#3521 = ( GEOMETRIC_REPRESENTATION_CONTEXT(2) 
PARAMETRIC_REPRESENTATION_CONTEXT() REPRESENTATION_CONTEXT('2D SPACE',''
  ) );
#3522 = PCURVE('',#3115,#3523);
#3523 = DEFINITIONAL_REPRESENTATION('',(#3524),#3528);
#3524 = LINE('',#3525,#3526);
#3525 = CARTESIAN_POINT('',(0.,0.175));
#3526 = VECTOR('',#3527,1.);
#3527 = DIRECTION('',(0.,1.));
#3528 = ( GEOMETRIC_REPRESENTATION_CONTEXT(2) 
PARAMETRIC_REPRESENTATION_CONTEXT() REPRESENTATION_CONTEXT('2D SPACE',''
  ) );
#3529 = ORIENTED_EDGE('',*,*,#3066,.F.);
#3530 = ADVANCED_FACE('',(#3531),#3497,.F.);
#3531 = FACE_BOUND('',#3532,.F.);
#3532 = EDGE_LOOP('',(#3533,#3561,#3584,#3610));
#3533 = ORIENTED_EDGE('',*,*,#3534,.T.);
#3534 = EDGE_CURVE('',#3459,#3535,#3537,.T.);
#3535 = VERTEX_POINT('',#3536);
#3536 = CARTESIAN_POINT('',(62.787676970046,6.85328893341,4.4));
#3537 = SURFACE_CURVE('',#3538,(#3542,#3549),.PCURVE_S1.);
#3538 = LINE('',#3539,#3540);
#3539 = CARTESIAN_POINT('',(62.787676970046,6.85328893341,-5.6));
#3540 = VECTOR('',#3541,1.);
#3541 = DIRECTION('',(0.,0.,1.));
#3542 = PCURVE('',#3497,#3543);
#3543 = DEFINITIONAL_REPRESENTATION('',(#3544),#3548);
#3544 = LINE('',#3545,#3546);
#3545 = CARTESIAN_POINT('',(0.217400535397,0.));
#3546 = VECTOR('',#3547,1.);
#3547 = DIRECTION('',(0.,-1.));
#3548 = ( GEOMETRIC_REPRESENTATION_CONTEXT(2) 
PARAMETRIC_REPRESENTATION_CONTEXT() REPRESENTATION_CONTEXT('2D SPACE',''
  ) );
#3549 = PCURVE('',#3550,#3555);
#3550 = CYLINDRICAL_SURFACE('',#3551,2.);
#3551 = AXIS2_PLACEMENT_3D('',#3552,#3553,#3554);
#3552 = CARTESIAN_POINT('',(63.217400535397,4.9,-5.6));
#3553 = DIRECTION('',(0.,0.,1.));
#3554 = DIRECTION('',(-0.,1.,0.));
#3555 = DEFINITIONAL_REPRESENTATION('',(#3556),#3560);
#3556 = LINE('',#3557,#3558);
#3557 = CARTESIAN_POINT('',(0.216550304976,0.));
#3558 = VECTOR('',#3559,1.);
#3559 = DIRECTION('',(0.,1.));
#3560 = ( GEOMETRIC_REPRESENTATION_CONTEXT(2) 
PARAMETRIC_REPRESENTATION_CONTEXT() REPRESENTATION_CONTEXT('2D SPACE',''
  ) );
#3561 = ORIENTED_EDGE('',*,*,#3562,.T.);
#3562 = EDGE_CURVE('',#3535,#3563,#3565,.T.);
#3563 = VERTEX_POINT('',#3564);
#3564 = CARTESIAN_POINT('',(43.212323029954,2.54671106659,4.4));
#3565 = SURFACE_CURVE('',#3566,(#3570,#3577),.PCURVE_S1.);
#3566 = LINE('',#3567,#3568);
#3567 = CARTESIAN_POINT('',(63.,6.9,4.4));
#3568 = VECTOR('',#3569,1.);
#3569 = DIRECTION('',(-0.976644466705,-0.214861782675,0.));
#3570 = PCURVE('',#3497,#3571);
#3571 = DEFINITIONAL_REPRESENTATION('',(#3572),#3576);
#3572 = LINE('',#3573,#3574);
#3573 = CARTESIAN_POINT('',(0.,-10.));
#3574 = VECTOR('',#3575,1.);
#3575 = DIRECTION('',(1.,0.));
#3576 = ( GEOMETRIC_REPRESENTATION_CONTEXT(2) 
PARAMETRIC_REPRESENTATION_CONTEXT() REPRESENTATION_CONTEXT('2D SPACE',''
  ) );
#3577 = PCURVE('',#370,#3578);
#3578 = DEFINITIONAL_REPRESENTATION('',(#3579),#3583);
#3579 = LINE('',#3580,#3581);
#3580 = CARTESIAN_POINT('',(26.009333194243,16.695020362289));
#3581 = VECTOR('',#3582,1.);
#3582 = DIRECTION('',(-0.976644466705,-0.214861782675));
#3583 = ( GEOMETRIC_REPRESENTATION_CONTEXT(2) 
PARAMETRIC_REPRESENTATION_CONTEXT() REPRESENTATION_CONTEXT('2D SPACE',''
  ) );
#3584 = ORIENTED_EDGE('',*,*,#3585,.F.);
#3585 = EDGE_CURVE('',#3482,#3563,#3586,.T.);
#3586 = SURFACE_CURVE('',#3587,(#3591,#3598),.PCURVE_S1.);
#3587 = LINE('',#3588,#3589);
#3588 = CARTESIAN_POINT('',(43.212323029954,2.54671106659,-5.6));
#3589 = VECTOR('',#3590,1.);
#3590 = DIRECTION('',(0.,0.,1.));
#3591 = PCURVE('',#3497,#3592);
#3592 = DEFINITIONAL_REPRESENTATION('',(#3593),#3597);
#3593 = LINE('',#3594,#3595);
#3594 = CARTESIAN_POINT('',(20.260880642476,0.));
#3595 = VECTOR('',#3596,1.);
#3596 = DIRECTION('',(0.,-1.));
#3597 = ( GEOMETRIC_REPRESENTATION_CONTEXT(2) 
PARAMETRIC_REPRESENTATION_CONTEXT() REPRESENTATION_CONTEXT('2D SPACE',''
  ) );
#3598 = PCURVE('',#3599,#3604);
#3599 = CYLINDRICAL_SURFACE('',#3600,2.);
#3600 = AXIS2_PLACEMENT_3D('',#3601,#3602,#3603);
#3601 = CARTESIAN_POINT('',(42.782599464603,4.5,-5.6));
#3602 = DIRECTION('',(0.,0.,1.));
#3603 = DIRECTION('',(0.214861782675,-0.976644466705,0.));
#3604 = DEFINITIONAL_REPRESENTATION('',(#3605),#3609);
#3605 = LINE('',#3606,#3607);
#3606 = CARTESIAN_POINT('',(-0.,0.));
#3607 = VECTOR('',#3608,1.);
#3608 = DIRECTION('',(-0.,1.));
#3609 = ( GEOMETRIC_REPRESENTATION_CONTEXT(2) 
PARAMETRIC_REPRESENTATION_CONTEXT() REPRESENTATION_CONTEXT('2D SPACE',''
  ) );
#3610 = ORIENTED_EDGE('',*,*,#3481,.F.);
#3611 = ADVANCED_FACE('',(#3612),#3599,.F.);
#3612 = FACE_BOUND('',#3613,.T.);
#3613 = EDGE_LOOP('',(#3614,#3615,#3639,#3667));
#3614 = ORIENTED_EDGE('',*,*,#3585,.F.);
#3615 = ORIENTED_EDGE('',*,*,#3616,.T.);
#3616 = EDGE_CURVE('',#3482,#3617,#3619,.T.);
#3617 = VERTEX_POINT('',#3618);
#3618 = CARTESIAN_POINT('',(42.782599464603,2.5,-5.25));
#3619 = SURFACE_CURVE('',#3620,(#3625,#3632),.PCURVE_S1.);
#3620 = CIRCLE('',#3621,2.);
#3621 = AXIS2_PLACEMENT_3D('',#3622,#3623,#3624);
#3622 = CARTESIAN_POINT('',(42.782599464603,4.5,-5.25));
#3623 = DIRECTION('',(0.,-0.,-1.));
#3624 = DIRECTION('',(0.214861782675,-0.976644466705,0.));
#3625 = PCURVE('',#3599,#3626);
#3626 = DEFINITIONAL_REPRESENTATION('',(#3627),#3631);
#3627 = LINE('',#3628,#3629);
#3628 = CARTESIAN_POINT('',(-0.,0.35));
#3629 = VECTOR('',#3630,1.);
#3630 = DIRECTION('',(-1.,0.));
#3631 = ( GEOMETRIC_REPRESENTATION_CONTEXT(2) 
PARAMETRIC_REPRESENTATION_CONTEXT() REPRESENTATION_CONTEXT('2D SPACE',''
  ) );
#3632 = PCURVE('',#3115,#3633);
#3633 = DEFINITIONAL_REPRESENTATION('',(#3634),#3638);
#3634 = LINE('',#3635,#3636);
#3635 = CARTESIAN_POINT('',(0.,0.));
#3636 = VECTOR('',#3637,1.);
#3637 = DIRECTION('',(1.,0.));
#3638 = ( GEOMETRIC_REPRESENTATION_CONTEXT(2) 
PARAMETRIC_REPRESENTATION_CONTEXT() REPRESENTATION_CONTEXT('2D SPACE',''
  ) );
#3639 = ORIENTED_EDGE('',*,*,#3640,.T.);
#3640 = EDGE_CURVE('',#3617,#3641,#3643,.T.);
#3641 = VERTEX_POINT('',#3642);
#3642 = CARTESIAN_POINT('',(42.782599464603,2.5,4.4));
#3643 = SURFACE_CURVE('',#3644,(#3648,#3655),.PCURVE_S1.);
#3644 = LINE('',#3645,#3646);
#3645 = CARTESIAN_POINT('',(42.782599464603,2.5,-5.6));
#3646 = VECTOR('',#3647,1.);
#3647 = DIRECTION('',(0.,0.,1.));
#3648 = PCURVE('',#3599,#3649);
#3649 = DEFINITIONAL_REPRESENTATION('',(#3650),#3654);
#3650 = LINE('',#3651,#3652);
#3651 = CARTESIAN_POINT('',(-0.216550304976,0.));
#3652 = VECTOR('',#3653,1.);
#3653 = DIRECTION('',(-0.,1.));
#3654 = ( GEOMETRIC_REPRESENTATION_CONTEXT(2) 
PARAMETRIC_REPRESENTATION_CONTEXT() REPRESENTATION_CONTEXT('2D SPACE',''
  ) );
#3655 = PCURVE('',#3656,#3661);
#3656 = PLANE('',#3657);
#3657 = AXIS2_PLACEMENT_3D('',#3658,#3659,#3660);
#3658 = CARTESIAN_POINT('',(43.,2.5,-5.6));
#3659 = DIRECTION('',(0.,-1.,0.));
#3660 = DIRECTION('',(-1.,0.,0.));
#3661 = DEFINITIONAL_REPRESENTATION('',(#3662),#3666);
#3662 = LINE('',#3663,#3664);
#3663 = CARTESIAN_POINT('',(0.217400535397,0.));
#3664 = VECTOR('',#3665,1.);
#3665 = DIRECTION('',(0.,-1.));
#3666 = ( GEOMETRIC_REPRESENTATION_CONTEXT(2) 
PARAMETRIC_REPRESENTATION_CONTEXT() REPRESENTATION_CONTEXT('2D SPACE',''
  ) );
#3667 = ORIENTED_EDGE('',*,*,#3668,.F.);
#3668 = EDGE_CURVE('',#3563,#3641,#3669,.T.);
#3669 = SURFACE_CURVE('',#3670,(#3675,#3682),.PCURVE_S1.);
#3670 = CIRCLE('',#3671,2.);
#3671 = AXIS2_PLACEMENT_3D('',#3672,#3673,#3674);
#3672 = CARTESIAN_POINT('',(42.782599464603,4.5,4.4));
#3673 = DIRECTION('',(-0.,-0.,-1.));
#3674 = DIRECTION('',(0.,-1.,0.));
#3675 = PCURVE('',#3599,#3676);
#3676 = DEFINITIONAL_REPRESENTATION('',(#3677),#3681);
#3677 = LINE('',#3678,#3679);
#3678 = CARTESIAN_POINT('',(6.066635002203,10.));
#3679 = VECTOR('',#3680,1.);
#3680 = DIRECTION('',(-1.,0.));
#3681 = ( GEOMETRIC_REPRESENTATION_CONTEXT(2) 
PARAMETRIC_REPRESENTATION_CONTEXT() REPRESENTATION_CONTEXT('2D SPACE',''
  ) );
#3682 = PCURVE('',#370,#3683);
#3683 = DEFINITIONAL_REPRESENTATION('',(#3684),#3692);
#3684 = ( BOUNDED_CURVE() B_SPLINE_CURVE(2,(#3685,#3686,#3687,#3688,
#3689,#3690,#3691),.UNSPECIFIED.,.T.,.F.) B_SPLINE_CURVE_WITH_KNOTS((1,2
    ,2,2,2,1),(-2.094395102393,0.,2.094395102393,4.188790204786,
6.28318530718,8.377580409573),.UNSPECIFIED.) CURVE() 
GEOMETRIC_REPRESENTATION_ITEM() RATIONAL_B_SPLINE_CURVE((1.,0.5,1.,0.5,
1.,0.5,1.)) REPRESENTATION_ITEM('') );
#3685 = CARTESIAN_POINT('',(5.791932658846,12.295020362289));
#3686 = CARTESIAN_POINT('',(2.327831043708,12.295020362289));
#3687 = CARTESIAN_POINT('',(4.059881851277,15.295020362289));
#3688 = CARTESIAN_POINT('',(5.791932658846,18.295020362289));
#3689 = CARTESIAN_POINT('',(7.523983466415,15.295020362289));
#3690 = CARTESIAN_POINT('',(9.256034273984,12.295020362289));
#3691 = CARTESIAN_POINT('',(5.791932658846,12.295020362289));
#3692 = ( GEOMETRIC_REPRESENTATION_CONTEXT(2) 
PARAMETRIC_REPRESENTATION_CONTEXT() REPRESENTATION_CONTEXT('2D SPACE',''
  ) );
#3693 = ADVANCED_FACE('',(#3694),#3656,.F.);
#3694 = FACE_BOUND('',#3695,.F.);
#3695 = EDGE_LOOP('',(#3696,#3697,#3720,#3748));
#3696 = ORIENTED_EDGE('',*,*,#3640,.T.);
#3697 = ORIENTED_EDGE('',*,*,#3698,.T.);
#3698 = EDGE_CURVE('',#3641,#3699,#3701,.T.);
#3699 = VERTEX_POINT('',#3700);
#3700 = CARTESIAN_POINT('',(-0.5,2.5,4.4));
#3701 = SURFACE_CURVE('',#3702,(#3706,#3713),.PCURVE_S1.);
#3702 = LINE('',#3703,#3704);
#3703 = CARTESIAN_POINT('',(43.,2.5,4.4));
#3704 = VECTOR('',#3705,1.);
#3705 = DIRECTION('',(-1.,0.,0.));
#3706 = PCURVE('',#3656,#3707);
#3707 = DEFINITIONAL_REPRESENTATION('',(#3708),#3712);
#3708 = LINE('',#3709,#3710);
#3709 = CARTESIAN_POINT('',(0.,-10.));
#3710 = VECTOR('',#3711,1.);
#3711 = DIRECTION('',(1.,0.));
#3712 = ( GEOMETRIC_REPRESENTATION_CONTEXT(2) 
PARAMETRIC_REPRESENTATION_CONTEXT() REPRESENTATION_CONTEXT('2D SPACE',''
  ) );
#3713 = PCURVE('',#370,#3714);
#3714 = DEFINITIONAL_REPRESENTATION('',(#3715),#3719);
#3715 = LINE('',#3716,#3717);
#3716 = CARTESIAN_POINT('',(6.009333194243,12.295020362289));
#3717 = VECTOR('',#3718,1.);
#3718 = DIRECTION('',(-1.,0.));
#3719 = ( GEOMETRIC_REPRESENTATION_CONTEXT(2) 
PARAMETRIC_REPRESENTATION_CONTEXT() REPRESENTATION_CONTEXT('2D SPACE',''
  ) );
#3720 = ORIENTED_EDGE('',*,*,#3721,.F.);
#3721 = EDGE_CURVE('',#3722,#3699,#3724,.T.);
#3722 = VERTEX_POINT('',#3723);
#3723 = CARTESIAN_POINT('',(-0.5,2.5,-5.25));
#3724 = SURFACE_CURVE('',#3725,(#3729,#3736),.PCURVE_S1.);
#3725 = LINE('',#3726,#3727);
#3726 = CARTESIAN_POINT('',(-0.5,2.5,-5.6));
#3727 = VECTOR('',#3728,1.);
#3728 = DIRECTION('',(0.,0.,1.));
#3729 = PCURVE('',#3656,#3730);
#3730 = DEFINITIONAL_REPRESENTATION('',(#3731),#3735);
#3731 = LINE('',#3732,#3733);
#3732 = CARTESIAN_POINT('',(43.5,0.));
#3733 = VECTOR('',#3734,1.);
#3734 = DIRECTION('',(0.,-1.));
#3735 = ( GEOMETRIC_REPRESENTATION_CONTEXT(2) 
PARAMETRIC_REPRESENTATION_CONTEXT() REPRESENTATION_CONTEXT('2D SPACE',''
  ) );
#3736 = PCURVE('',#3737,#3742);
#3737 = CYLINDRICAL_SURFACE('',#3738,2.);
#3738 = AXIS2_PLACEMENT_3D('',#3739,#3740,#3741);
#3739 = CARTESIAN_POINT('',(-0.5,0.5,-5.6));
#3740 = DIRECTION('',(0.,0.,1.));
#3741 = DIRECTION('',(-0.,1.,0.));
#3742 = DEFINITIONAL_REPRESENTATION('',(#3743),#3747);
#3743 = LINE('',#3744,#3745);
#3744 = CARTESIAN_POINT('',(0.,0.));
#3745 = VECTOR('',#3746,1.);
#3746 = DIRECTION('',(0.,1.));
#3747 = ( GEOMETRIC_REPRESENTATION_CONTEXT(2) 
PARAMETRIC_REPRESENTATION_CONTEXT() REPRESENTATION_CONTEXT('2D SPACE',''
  ) );
#3748 = ORIENTED_EDGE('',*,*,#3749,.F.);
#3749 = EDGE_CURVE('',#3617,#3722,#3750,.T.);
#3750 = SURFACE_CURVE('',#3751,(#3755,#3762),.PCURVE_S1.);
#3751 = LINE('',#3752,#3753);
#3752 = CARTESIAN_POINT('',(42.782599464603,2.5,-5.25));
#3753 = VECTOR('',#3754,1.);
#3754 = DIRECTION('',(-1.,0.,0.));
#3755 = PCURVE('',#3656,#3756);
#3756 = DEFINITIONAL_REPRESENTATION('',(#3757),#3761);
#3757 = LINE('',#3758,#3759);
#3758 = CARTESIAN_POINT('',(0.217400535397,-0.35));
#3759 = VECTOR('',#3760,1.);
#3760 = DIRECTION('',(1.,0.));
#3761 = ( GEOMETRIC_REPRESENTATION_CONTEXT(2) 
PARAMETRIC_REPRESENTATION_CONTEXT() REPRESENTATION_CONTEXT('2D SPACE',''
  ) );
#3762 = PCURVE('',#3143,#3763);
#3763 = DEFINITIONAL_REPRESENTATION('',(#3764),#3768);
#3764 = LINE('',#3765,#3766);
#3765 = CARTESIAN_POINT('',(-1.44444745829E-34,-0.247487373415));
#3766 = VECTOR('',#3767,1.);
#3767 = DIRECTION('',(-1.,0.));
#3768 = ( GEOMETRIC_REPRESENTATION_CONTEXT(2) 
PARAMETRIC_REPRESENTATION_CONTEXT() REPRESENTATION_CONTEXT('2D SPACE',''
  ) );
#3769 = ADVANCED_FACE('',(#3770),#3737,.T.);
#3770 = FACE_BOUND('',#3771,.T.);
#3771 = EDGE_LOOP('',(#3772,#3773,#3797,#3825));
#3772 = ORIENTED_EDGE('',*,*,#3721,.F.);
#3773 = ORIENTED_EDGE('',*,*,#3774,.T.);
#3774 = EDGE_CURVE('',#3722,#3775,#3777,.T.);
#3775 = VERTEX_POINT('',#3776);
#3776 = CARTESIAN_POINT('',(-2.5,0.5,-5.25));
#3777 = SURFACE_CURVE('',#3778,(#3783,#3790),.PCURVE_S1.);
#3778 = CIRCLE('',#3779,2.);
#3779 = AXIS2_PLACEMENT_3D('',#3780,#3781,#3782);
#3780 = CARTESIAN_POINT('',(-0.5,0.5,-5.25));
#3781 = DIRECTION('',(0.,0.,1.));
#3782 = DIRECTION('',(-1.110223024625E-16,1.,0.));
#3783 = PCURVE('',#3737,#3784);
#3784 = DEFINITIONAL_REPRESENTATION('',(#3785),#3789);
#3785 = LINE('',#3786,#3787);
#3786 = CARTESIAN_POINT('',(0.,0.35));
#3787 = VECTOR('',#3788,1.);
#3788 = DIRECTION('',(1.,0.));
#3789 = ( GEOMETRIC_REPRESENTATION_CONTEXT(2) 
PARAMETRIC_REPRESENTATION_CONTEXT() REPRESENTATION_CONTEXT('2D SPACE',''
  ) );
#3790 = PCURVE('',#3172,#3791);
#3791 = DEFINITIONAL_REPRESENTATION('',(#3792),#3796);
#3792 = LINE('',#3793,#3794);
#3793 = CARTESIAN_POINT('',(0.,-0.));
#3794 = VECTOR('',#3795,1.);
#3795 = DIRECTION('',(1.,-0.));
#3796 = ( GEOMETRIC_REPRESENTATION_CONTEXT(2) 
PARAMETRIC_REPRESENTATION_CONTEXT() REPRESENTATION_CONTEXT('2D SPACE',''
  ) );
#3797 = ORIENTED_EDGE('',*,*,#3798,.T.);
#3798 = EDGE_CURVE('',#3775,#3799,#3801,.T.);
#3799 = VERTEX_POINT('',#3800);
#3800 = CARTESIAN_POINT('',(-2.5,0.5,4.4));
#3801 = SURFACE_CURVE('',#3802,(#3806,#3813),.PCURVE_S1.);
#3802 = LINE('',#3803,#3804);
#3803 = CARTESIAN_POINT('',(-2.5,0.5,-5.6));
#3804 = VECTOR('',#3805,1.);
#3805 = DIRECTION('',(0.,0.,1.));
#3806 = PCURVE('',#3737,#3807);
#3807 = DEFINITIONAL_REPRESENTATION('',(#3808),#3812);
#3808 = LINE('',#3809,#3810);
#3809 = CARTESIAN_POINT('',(1.570796326795,0.));
#3810 = VECTOR('',#3811,1.);
#3811 = DIRECTION('',(0.,1.));
#3812 = ( GEOMETRIC_REPRESENTATION_CONTEXT(2) 
PARAMETRIC_REPRESENTATION_CONTEXT() REPRESENTATION_CONTEXT('2D SPACE',''
  ) );
#3813 = PCURVE('',#3814,#3819);
#3814 = PLANE('',#3815);
#3815 = AXIS2_PLACEMENT_3D('',#3816,#3817,#3818);
#3816 = CARTESIAN_POINT('',(-2.5,2.5,-5.6));
#3817 = DIRECTION('',(1.,0.,-0.));
#3818 = DIRECTION('',(0.,-1.,0.));
#3819 = DEFINITIONAL_REPRESENTATION('',(#3820),#3824);
#3820 = LINE('',#3821,#3822);
#3821 = CARTESIAN_POINT('',(2.,0.));
#3822 = VECTOR('',#3823,1.);
#3823 = DIRECTION('',(0.,-1.));
#3824 = ( GEOMETRIC_REPRESENTATION_CONTEXT(2) 
PARAMETRIC_REPRESENTATION_CONTEXT() REPRESENTATION_CONTEXT('2D SPACE',''
  ) );
#3825 = ORIENTED_EDGE('',*,*,#3826,.F.);
#3826 = EDGE_CURVE('',#3699,#3799,#3827,.T.);
#3827 = SURFACE_CURVE('',#3828,(#3833,#3840),.PCURVE_S1.);
#3828 = CIRCLE('',#3829,2.);
#3829 = AXIS2_PLACEMENT_3D('',#3830,#3831,#3832);
#3830 = CARTESIAN_POINT('',(-0.5,0.5,4.4));
#3831 = DIRECTION('',(0.,0.,1.));
#3832 = DIRECTION('',(0.,-1.,0.));
#3833 = PCURVE('',#3737,#3834);
#3834 = DEFINITIONAL_REPRESENTATION('',(#3835),#3839);
#3835 = LINE('',#3836,#3837);
#3836 = CARTESIAN_POINT('',(-3.14159265359,10.));
#3837 = VECTOR('',#3838,1.);
#3838 = DIRECTION('',(1.,0.));
#3839 = ( GEOMETRIC_REPRESENTATION_CONTEXT(2) 
PARAMETRIC_REPRESENTATION_CONTEXT() REPRESENTATION_CONTEXT('2D SPACE',''
  ) );
#3840 = PCURVE('',#370,#3841);
#3841 = DEFINITIONAL_REPRESENTATION('',(#3842),#3846);
#3842 = CIRCLE('',#3843,2.);
#3843 = AXIS2_PLACEMENT_2D('',#3844,#3845);
#3844 = CARTESIAN_POINT('',(-37.49066680575,10.295020362289));
#3845 = DIRECTION('',(0.,-1.));
#3846 = ( GEOMETRIC_REPRESENTATION_CONTEXT(2) 
PARAMETRIC_REPRESENTATION_CONTEXT() REPRESENTATION_CONTEXT('2D SPACE',''
  ) );
#3847 = ADVANCED_FACE('',(#3848),#3814,.F.);
#3848 = FACE_BOUND('',#3849,.F.);
#3849 = EDGE_LOOP('',(#3850,#3873,#3874,#3897,#3923,#3956,#3983,#4016,
    #4042,#4065));
#3850 = ORIENTED_EDGE('',*,*,#3851,.F.);
#3851 = EDGE_CURVE('',#3775,#3852,#3854,.T.);
#3852 = VERTEX_POINT('',#3853);
#3853 = CARTESIAN_POINT('',(-2.5,-21.7,-5.25));
#3854 = SURFACE_CURVE('',#3855,(#3859,#3866),.PCURVE_S1.);
#3855 = LINE('',#3856,#3857);
#3856 = CARTESIAN_POINT('',(-2.5,0.5,-5.25));
#3857 = VECTOR('',#3858,1.);
#3858 = DIRECTION('',(0.,-1.,0.));
#3859 = PCURVE('',#3814,#3860);
#3860 = DEFINITIONAL_REPRESENTATION('',(#3861),#3865);
#3861 = LINE('',#3862,#3863);
#3862 = CARTESIAN_POINT('',(2.,-0.35));
#3863 = VECTOR('',#3864,1.);
#3864 = DIRECTION('',(1.,0.));
#3865 = ( GEOMETRIC_REPRESENTATION_CONTEXT(2) 
PARAMETRIC_REPRESENTATION_CONTEXT() REPRESENTATION_CONTEXT('2D SPACE',''
  ) );
#3866 = PCURVE('',#3200,#3867);
#3867 = DEFINITIONAL_REPRESENTATION('',(#3868),#3872);
#3868 = LINE('',#3869,#3870);
#3869 = CARTESIAN_POINT('',(-1.44444745829E-34,-0.247487373415));
#3870 = VECTOR('',#3871,1.);
#3871 = DIRECTION('',(-1.,0.));
#3872 = ( GEOMETRIC_REPRESENTATION_CONTEXT(2) 
PARAMETRIC_REPRESENTATION_CONTEXT() REPRESENTATION_CONTEXT('2D SPACE',''
  ) );
#3873 = ORIENTED_EDGE('',*,*,#3798,.T.);
#3874 = ORIENTED_EDGE('',*,*,#3875,.T.);
#3875 = EDGE_CURVE('',#3799,#3876,#3878,.T.);
#3876 = VERTEX_POINT('',#3877);
#3877 = CARTESIAN_POINT('',(-2.5,-4.693,4.4));
#3878 = SURFACE_CURVE('',#3879,(#3883,#3890),.PCURVE_S1.);
#3879 = LINE('',#3880,#3881);
#3880 = CARTESIAN_POINT('',(-2.5,0.5,4.4));
#3881 = VECTOR('',#3882,1.);
#3882 = DIRECTION('',(6.759677997061E-17,-1.,0.));
#3883 = PCURVE('',#3814,#3884);
#3884 = DEFINITIONAL_REPRESENTATION('',(#3885),#3889);
#3885 = LINE('',#3886,#3887);
#3886 = CARTESIAN_POINT('',(2.,-10.));
#3887 = VECTOR('',#3888,1.);
#3888 = DIRECTION('',(1.,0.));
#3889 = ( GEOMETRIC_REPRESENTATION_CONTEXT(2) 
PARAMETRIC_REPRESENTATION_CONTEXT() REPRESENTATION_CONTEXT('2D SPACE',''
  ) );
#3890 = PCURVE('',#370,#3891);
#3891 = DEFINITIONAL_REPRESENTATION('',(#3892),#3896);
#3892 = LINE('',#3893,#3894);
#3893 = CARTESIAN_POINT('',(-39.49066680575,10.295020362289));
#3894 = VECTOR('',#3895,1.);
#3895 = DIRECTION('',(6.759677997061E-17,-1.));
#3896 = ( GEOMETRIC_REPRESENTATION_CONTEXT(2) 
PARAMETRIC_REPRESENTATION_CONTEXT() REPRESENTATION_CONTEXT('2D SPACE',''
  ) );
#3897 = ORIENTED_EDGE('',*,*,#3898,.F.);
#3898 = EDGE_CURVE('',#3899,#3876,#3901,.T.);
#3899 = VERTEX_POINT('',#3900);
#3900 = CARTESIAN_POINT('',(-2.5,-4.693,1.85));
#3901 = SURFACE_CURVE('',#3902,(#3906,#3912),.PCURVE_S1.);
#3902 = LINE('',#3903,#3904);
#3903 = CARTESIAN_POINT('',(-2.5,-4.693,-1.875));
#3904 = VECTOR('',#3905,1.);
#3905 = DIRECTION('',(0.,-0.,1.));
#3906 = PCURVE('',#3814,#3907);
#3907 = DEFINITIONAL_REPRESENTATION('',(#3908),#3911);
#3908 = B_SPLINE_CURVE_WITH_KNOTS('',1,(#3909,#3910),.UNSPECIFIED.,.F.,
  .F.,(2,2),(3.725,6.275),.PIECEWISE_BEZIER_KNOTS.);
#3909 = CARTESIAN_POINT('',(7.193,-7.45));
#3910 = CARTESIAN_POINT('',(7.193,-10.));
#3911 = ( GEOMETRIC_REPRESENTATION_CONTEXT(2) 
PARAMETRIC_REPRESENTATION_CONTEXT() REPRESENTATION_CONTEXT('2D SPACE',''
  ) );
#3912 = PCURVE('',#3913,#3918);
#3913 = PLANE('',#3914);
#3914 = AXIS2_PLACEMENT_3D('',#3915,#3916,#3917);
#3915 = CARTESIAN_POINT('',(-5.,-4.693,1.85));
#3916 = DIRECTION('',(0.,1.,0.));
#3917 = DIRECTION('',(0.,0.,1.));
#3918 = DEFINITIONAL_REPRESENTATION('',(#3919),#3922);
#3919 = B_SPLINE_CURVE_WITH_KNOTS('',1,(#3920,#3921),.UNSPECIFIED.,.F.,
  .F.,(2,2),(3.725,6.275),.PIECEWISE_BEZIER_KNOTS.);
#3920 = CARTESIAN_POINT('',(0.,2.5));
#3921 = CARTESIAN_POINT('',(2.55,2.5));
#3922 = ( GEOMETRIC_REPRESENTATION_CONTEXT(2) 
PARAMETRIC_REPRESENTATION_CONTEXT() REPRESENTATION_CONTEXT('2D SPACE',''
  ) );
#3923 = ORIENTED_EDGE('',*,*,#3924,.T.);
#3924 = EDGE_CURVE('',#3899,#3925,#3927,.T.);
#3925 = VERTEX_POINT('',#3926);
#3926 = CARTESIAN_POINT('',(-2.5,-7.743,-1.2));
#3927 = SURFACE_CURVE('',#3928,(#3933,#3944),.PCURVE_S1.);
#3928 = CIRCLE('',#3929,3.05);
#3929 = AXIS2_PLACEMENT_3D('',#3930,#3931,#3932);
#3930 = CARTESIAN_POINT('',(-2.5,-7.743,1.85));
#3931 = DIRECTION('',(-1.,0.,0.));
#3932 = DIRECTION('',(0.,2.912060392459E-16,1.));
#3933 = PCURVE('',#3814,#3934);
#3934 = DEFINITIONAL_REPRESENTATION('',(#3935),#3943);
#3935 = ( BOUNDED_CURVE() B_SPLINE_CURVE(2,(#3936,#3937,#3938,#3939,
#3940,#3941,#3942),.UNSPECIFIED.,.T.,.F.) B_SPLINE_CURVE_WITH_KNOTS((1,2
    ,2,2,2,1),(-2.094395102393,0.,2.094395102393,4.188790204786,
6.28318530718,8.377580409573),.UNSPECIFIED.) CURVE() 
GEOMETRIC_REPRESENTATION_ITEM() RATIONAL_B_SPLINE_CURVE((1.,0.5,1.,0.5,
1.,0.5,1.)) REPRESENTATION_ITEM('') );
#3936 = CARTESIAN_POINT('',(10.243,-10.5));
#3937 = CARTESIAN_POINT('',(4.960245036915,-10.5));
#3938 = CARTESIAN_POINT('',(7.601622518457,-5.925));
#3939 = CARTESIAN_POINT('',(10.243,-1.35));
#3940 = CARTESIAN_POINT('',(12.884377481543,-5.925));
#3941 = CARTESIAN_POINT('',(15.525754963085,-10.5));
#3942 = CARTESIAN_POINT('',(10.243,-10.5));
#3943 = ( GEOMETRIC_REPRESENTATION_CONTEXT(2) 
PARAMETRIC_REPRESENTATION_CONTEXT() REPRESENTATION_CONTEXT('2D SPACE',''
  ) );
#3944 = PCURVE('',#3945,#3950);
#3945 = CYLINDRICAL_SURFACE('',#3946,3.05);
#3946 = AXIS2_PLACEMENT_3D('',#3947,#3948,#3949);
#3947 = CARTESIAN_POINT('',(-5.,-7.743,1.85));
#3948 = DIRECTION('',(-1.,0.,0.));
#3949 = DIRECTION('',(0.,2.912060392459E-16,1.));
#3950 = DEFINITIONAL_REPRESENTATION('',(#3951),#3955);
#3951 = LINE('',#3952,#3953);
#3952 = CARTESIAN_POINT('',(0.,-2.5));
#3953 = VECTOR('',#3954,1.);
#3954 = DIRECTION('',(1.,0.));
#3955 = ( GEOMETRIC_REPRESENTATION_CONTEXT(2) 
PARAMETRIC_REPRESENTATION_CONTEXT() REPRESENTATION_CONTEXT('2D SPACE',''
  ) );
#3956 = ORIENTED_EDGE('',*,*,#3957,.F.);
#3957 = EDGE_CURVE('',#3958,#3925,#3960,.T.);
#3958 = VERTEX_POINT('',#3959);
#3959 = CARTESIAN_POINT('',(-2.5,-13.593,-1.2));
#3960 = SURFACE_CURVE('',#3961,(#3965,#3972),.PCURVE_S1.);
#3961 = LINE('',#3962,#3963);
#3962 = CARTESIAN_POINT('',(-2.5,-13.0215,-1.2));
#3963 = VECTOR('',#3964,1.);
#3964 = DIRECTION('',(-0.,1.,0.));
#3965 = PCURVE('',#3814,#3966);
#3966 = DEFINITIONAL_REPRESENTATION('',(#3967),#3971);
#3967 = LINE('',#3968,#3969);
#3968 = CARTESIAN_POINT('',(15.5215,-4.4));
#3969 = VECTOR('',#3970,1.);
#3970 = DIRECTION('',(-1.,-0.));
#3971 = ( GEOMETRIC_REPRESENTATION_CONTEXT(2) 
PARAMETRIC_REPRESENTATION_CONTEXT() REPRESENTATION_CONTEXT('2D SPACE',''
  ) );
#3972 = PCURVE('',#3973,#3978);
#3973 = PLANE('',#3974);
#3974 = AXIS2_PLACEMENT_3D('',#3975,#3976,#3977);
#3975 = CARTESIAN_POINT('',(-5.,-7.743,-1.2));
#3976 = DIRECTION('',(0.,0.,-1.));
#3977 = DIRECTION('',(0.,-1.,0.));
#3978 = DEFINITIONAL_REPRESENTATION('',(#3979),#3982);
#3979 = B_SPLINE_CURVE_WITH_KNOTS('',1,(#3980,#3981),.UNSPECIFIED.,.F.,
  .F.,(2,2),(-0.5715,5.2785),.PIECEWISE_BEZIER_KNOTS.);
#3980 = CARTESIAN_POINT('',(5.85,-2.5));
#3981 = CARTESIAN_POINT('',(0.,-2.5));
#3982 = ( GEOMETRIC_REPRESENTATION_CONTEXT(2) 
PARAMETRIC_REPRESENTATION_CONTEXT() REPRESENTATION_CONTEXT('2D SPACE',''
  ) );
#3983 = ORIENTED_EDGE('',*,*,#3984,.T.);
#3984 = EDGE_CURVE('',#3958,#3985,#3987,.T.);
#3985 = VERTEX_POINT('',#3986);
#3986 = CARTESIAN_POINT('',(-2.5,-16.643,1.85));
#3987 = SURFACE_CURVE('',#3988,(#3993,#4004),.PCURVE_S1.);
#3988 = CIRCLE('',#3989,3.05);
#3989 = AXIS2_PLACEMENT_3D('',#3990,#3991,#3992);
#3990 = CARTESIAN_POINT('',(-2.5,-13.593,1.85));
#3991 = DIRECTION('',(-1.,-0.,0.));
#3992 = DIRECTION('',(0.,-2.912060392459E-16,-1.));
#3993 = PCURVE('',#3814,#3994);
#3994 = DEFINITIONAL_REPRESENTATION('',(#3995),#4003);
#3995 = ( BOUNDED_CURVE() B_SPLINE_CURVE(2,(#3996,#3997,#3998,#3999,
#4000,#4001,#4002),.UNSPECIFIED.,.T.,.F.) B_SPLINE_CURVE_WITH_KNOTS((1,2
    ,2,2,2,1),(-2.094395102393,0.,2.094395102393,4.188790204786,
6.28318530718,8.377580409573),.UNSPECIFIED.) CURVE() 
GEOMETRIC_REPRESENTATION_ITEM() RATIONAL_B_SPLINE_CURVE((1.,0.5,1.,0.5,
1.,0.5,1.)) REPRESENTATION_ITEM('') );
#3996 = CARTESIAN_POINT('',(16.093,-4.4));
#3997 = CARTESIAN_POINT('',(21.375754963085,-4.4));
#3998 = CARTESIAN_POINT('',(18.734377481543,-8.975));
#3999 = CARTESIAN_POINT('',(16.093,-13.55));
#4000 = CARTESIAN_POINT('',(13.451622518457,-8.975));
#4001 = CARTESIAN_POINT('',(10.810245036915,-4.4));
#4002 = CARTESIAN_POINT('',(16.093,-4.4));
#4003 = ( GEOMETRIC_REPRESENTATION_CONTEXT(2) 
PARAMETRIC_REPRESENTATION_CONTEXT() REPRESENTATION_CONTEXT('2D SPACE',''
  ) );
#4004 = PCURVE('',#4005,#4010);
#4005 = CYLINDRICAL_SURFACE('',#4006,3.05);
#4006 = AXIS2_PLACEMENT_3D('',#4007,#4008,#4009);
#4007 = CARTESIAN_POINT('',(-5.,-13.593,1.85));
#4008 = DIRECTION('',(-1.,-0.,0.));
#4009 = DIRECTION('',(0.,-2.912060392459E-16,-1.));
#4010 = DEFINITIONAL_REPRESENTATION('',(#4011),#4015);
#4011 = LINE('',#4012,#4013);
#4012 = CARTESIAN_POINT('',(0.,-2.5));
#4013 = VECTOR('',#4014,1.);
#4014 = DIRECTION('',(1.,0.));
#4015 = ( GEOMETRIC_REPRESENTATION_CONTEXT(2) 
PARAMETRIC_REPRESENTATION_CONTEXT() REPRESENTATION_CONTEXT('2D SPACE',''
  ) );
#4016 = ORIENTED_EDGE('',*,*,#4017,.T.);
#4017 = EDGE_CURVE('',#3985,#4018,#4020,.T.);
#4018 = VERTEX_POINT('',#4019);
#4019 = CARTESIAN_POINT('',(-2.5,-16.643,4.4));
#4020 = SURFACE_CURVE('',#4021,(#4025,#4031),.PCURVE_S1.);
#4021 = LINE('',#4022,#4023);
#4022 = CARTESIAN_POINT('',(-2.5,-16.643,-1.875));
#4023 = VECTOR('',#4024,1.);
#4024 = DIRECTION('',(0.,-0.,1.));
#4025 = PCURVE('',#3814,#4026);
#4026 = DEFINITIONAL_REPRESENTATION('',(#4027),#4030);
#4027 = B_SPLINE_CURVE_WITH_KNOTS('',1,(#4028,#4029),.UNSPECIFIED.,.F.,
  .F.,(2,2),(3.725,6.275),.PIECEWISE_BEZIER_KNOTS.);
#4028 = CARTESIAN_POINT('',(19.143,-7.45));
#4029 = CARTESIAN_POINT('',(19.143,-10.));
#4030 = ( GEOMETRIC_REPRESENTATION_CONTEXT(2) 
PARAMETRIC_REPRESENTATION_CONTEXT() REPRESENTATION_CONTEXT('2D SPACE',''
  ) );
#4031 = PCURVE('',#4032,#4037);
#4032 = PLANE('',#4033);
#4033 = AXIS2_PLACEMENT_3D('',#4034,#4035,#4036);
#4034 = CARTESIAN_POINT('',(-5.,-16.643,1.85));
#4035 = DIRECTION('',(0.,1.,0.));
#4036 = DIRECTION('',(0.,0.,1.));
#4037 = DEFINITIONAL_REPRESENTATION('',(#4038),#4041);
#4038 = B_SPLINE_CURVE_WITH_KNOTS('',1,(#4039,#4040),.UNSPECIFIED.,.F.,
  .F.,(2,2),(3.725,6.275),.PIECEWISE_BEZIER_KNOTS.);
#4039 = CARTESIAN_POINT('',(0.,2.5));
#4040 = CARTESIAN_POINT('',(2.55,2.5));
#4041 = ( GEOMETRIC_REPRESENTATION_CONTEXT(2) 
PARAMETRIC_REPRESENTATION_CONTEXT() REPRESENTATION_CONTEXT('2D SPACE',''
  ) );
#4042 = ORIENTED_EDGE('',*,*,#4043,.T.);
#4043 = EDGE_CURVE('',#4018,#4044,#4046,.T.);
#4044 = VERTEX_POINT('',#4045);
#4045 = CARTESIAN_POINT('',(-2.5,-21.7,4.4));
#4046 = SURFACE_CURVE('',#4047,(#4051,#4058),.PCURVE_S1.);
#4047 = LINE('',#4048,#4049);
#4048 = CARTESIAN_POINT('',(-2.5,-15.26632005306,4.4));
#4049 = VECTOR('',#4050,1.);
#4050 = DIRECTION('',(-6.902569190776E-17,-1.,0.));
#4051 = PCURVE('',#3814,#4052);
#4052 = DEFINITIONAL_REPRESENTATION('',(#4053),#4057);
#4053 = LINE('',#4054,#4055);
#4054 = CARTESIAN_POINT('',(17.766320053068,-10.));
#4055 = VECTOR('',#4056,1.);
#4056 = DIRECTION('',(1.,0.));
#4057 = ( GEOMETRIC_REPRESENTATION_CONTEXT(2) 
PARAMETRIC_REPRESENTATION_CONTEXT() REPRESENTATION_CONTEXT('2D SPACE',''
  ) );
#4058 = PCURVE('',#72,#4059);
#4059 = DEFINITIONAL_REPRESENTATION('',(#4060),#4064);
#4060 = LINE('',#4061,#4062);
#4061 = CARTESIAN_POINT('',(-39.49066680575,-5.471299690779));
#4062 = VECTOR('',#4063,1.);
#4063 = DIRECTION('',(-6.902569190776E-17,-1.));
#4064 = ( GEOMETRIC_REPRESENTATION_CONTEXT(2) 
PARAMETRIC_REPRESENTATION_CONTEXT() REPRESENTATION_CONTEXT('2D SPACE',''
  ) );
#4065 = ORIENTED_EDGE('',*,*,#4066,.F.);
#4066 = EDGE_CURVE('',#3852,#4044,#4067,.T.);
#4067 = SURFACE_CURVE('',#4068,(#4072,#4079),.PCURVE_S1.);
#4068 = LINE('',#4069,#4070);
#4069 = CARTESIAN_POINT('',(-2.5,-21.7,-5.6));
#4070 = VECTOR('',#4071,1.);
#4071 = DIRECTION('',(0.,0.,1.));
#4072 = PCURVE('',#3814,#4073);
#4073 = DEFINITIONAL_REPRESENTATION('',(#4074),#4078);
#4074 = LINE('',#4075,#4076);
#4075 = CARTESIAN_POINT('',(24.2,0.));
#4076 = VECTOR('',#4077,1.);
#4077 = DIRECTION('',(0.,-1.));
#4078 = ( GEOMETRIC_REPRESENTATION_CONTEXT(2) 
PARAMETRIC_REPRESENTATION_CONTEXT() REPRESENTATION_CONTEXT('2D SPACE',''
  ) );
#4079 = PCURVE('',#44,#4080);
#4080 = DEFINITIONAL_REPRESENTATION('',(#4081),#4085);
#4081 = LINE('',#4082,#4083);
#4082 = CARTESIAN_POINT('',(-1.570796326795,0.));
#4083 = VECTOR('',#4084,1.);
#4084 = DIRECTION('',(-0.,1.));
#4085 = ( GEOMETRIC_REPRESENTATION_CONTEXT(2) 
PARAMETRIC_REPRESENTATION_CONTEXT() REPRESENTATION_CONTEXT('2D SPACE',''
  ) );
#4086 = ADVANCED_FACE('',(#4087),#3913,.F.);
#4087 = FACE_BOUND('',#4088,.F.);
#4088 = EDGE_LOOP('',(#4089,#4112,#4113,#4134));
#4089 = ORIENTED_EDGE('',*,*,#4090,.F.);
#4090 = EDGE_CURVE('',#3899,#4091,#4093,.T.);
#4091 = VERTEX_POINT('',#4092);
#4092 = CARTESIAN_POINT('',(-1.65,-4.693,1.85));
#4093 = SURFACE_CURVE('',#4094,(#4098,#4105),.PCURVE_S1.);
#4094 = LINE('',#4095,#4096);
#4095 = CARTESIAN_POINT('',(-5.,-4.693,1.85));
#4096 = VECTOR('',#4097,1.);
#4097 = DIRECTION('',(1.,0.,0.));
#4098 = PCURVE('',#3913,#4099);
#4099 = DEFINITIONAL_REPRESENTATION('',(#4100),#4104);
#4100 = LINE('',#4101,#4102);
#4101 = CARTESIAN_POINT('',(0.,0.));
#4102 = VECTOR('',#4103,1.);
#4103 = DIRECTION('',(0.,1.));
#4104 = ( GEOMETRIC_REPRESENTATION_CONTEXT(2) 
PARAMETRIC_REPRESENTATION_CONTEXT() REPRESENTATION_CONTEXT('2D SPACE',''
  ) );
#4105 = PCURVE('',#3945,#4106);
#4106 = DEFINITIONAL_REPRESENTATION('',(#4107),#4111);
#4107 = LINE('',#4108,#4109);
#4108 = CARTESIAN_POINT('',(1.570796326795,0.));
#4109 = VECTOR('',#4110,1.);
#4110 = DIRECTION('',(0.,-1.));
#4111 = ( GEOMETRIC_REPRESENTATION_CONTEXT(2) 
PARAMETRIC_REPRESENTATION_CONTEXT() REPRESENTATION_CONTEXT('2D SPACE',''
  ) );
#4112 = ORIENTED_EDGE('',*,*,#3898,.T.);
#4113 = ORIENTED_EDGE('',*,*,#4114,.F.);
#4114 = EDGE_CURVE('',#4115,#3876,#4117,.T.);
#4115 = VERTEX_POINT('',#4116);
#4116 = CARTESIAN_POINT('',(-1.65,-4.693,4.4));
#4117 = SURFACE_CURVE('',#4118,(#4122,#4128),.PCURVE_S1.);
#4118 = LINE('',#4119,#4120);
#4119 = CARTESIAN_POINT('',(15.995333402879,-4.693,4.4));
#4120 = VECTOR('',#4121,1.);
#4121 = DIRECTION('',(-1.,0.,0.));
#4122 = PCURVE('',#3913,#4123);
#4123 = DEFINITIONAL_REPRESENTATION('',(#4124),#4127);
#4124 = B_SPLINE_CURVE_WITH_KNOTS('',1,(#4125,#4126),.UNSPECIFIED.,.F.,
  .F.,(2,2),(17.645333402879,18.495333402879),.PIECEWISE_BEZIER_KNOTS.);
#4125 = CARTESIAN_POINT('',(2.55,3.35));
#4126 = CARTESIAN_POINT('',(2.55,2.5));
#4127 = ( GEOMETRIC_REPRESENTATION_CONTEXT(2) 
PARAMETRIC_REPRESENTATION_CONTEXT() REPRESENTATION_CONTEXT('2D SPACE',''
  ) );
#4128 = PCURVE('',#370,#4129);
#4129 = DEFINITIONAL_REPRESENTATION('',(#4130),#4133);
#4130 = B_SPLINE_CURVE_WITH_KNOTS('',1,(#4131,#4132),.UNSPECIFIED.,.F.,
  .F.,(2,2),(17.645333402879,18.495333402879),.PIECEWISE_BEZIER_KNOTS.);
#4131 = CARTESIAN_POINT('',(-38.64066680575,5.102020362289));
#4132 = CARTESIAN_POINT('',(-39.49066680575,5.102020362289));
#4133 = ( GEOMETRIC_REPRESENTATION_CONTEXT(2) 
PARAMETRIC_REPRESENTATION_CONTEXT() REPRESENTATION_CONTEXT('2D SPACE',''
  ) );
#4134 = ORIENTED_EDGE('',*,*,#4135,.F.);
#4135 = EDGE_CURVE('',#4091,#4115,#4136,.T.);
#4136 = SURFACE_CURVE('',#4137,(#4141,#4148),.PCURVE_S1.);
#4137 = LINE('',#4138,#4139);
#4138 = CARTESIAN_POINT('',(-1.65,-4.693,1.85));
#4139 = VECTOR('',#4140,1.);
#4140 = DIRECTION('',(0.,0.,1.));
#4141 = PCURVE('',#3913,#4142);
#4142 = DEFINITIONAL_REPRESENTATION('',(#4143),#4147);
#4143 = LINE('',#4144,#4145);
#4144 = CARTESIAN_POINT('',(0.,3.35));
#4145 = VECTOR('',#4146,1.);
#4146 = DIRECTION('',(1.,0.));
#4147 = ( GEOMETRIC_REPRESENTATION_CONTEXT(2) 
PARAMETRIC_REPRESENTATION_CONTEXT() REPRESENTATION_CONTEXT('2D SPACE',''
  ) );
#4148 = PCURVE('',#4149,#4154);
#4149 = PLANE('',#4150);
#4150 = AXIS2_PLACEMENT_3D('',#4151,#4152,#4153);
#4151 = CARTESIAN_POINT('',(-1.65,-10.668,1.85));
#4152 = DIRECTION('',(-1.,-0.,-0.));
#4153 = DIRECTION('',(0.,0.,-1.));
#4154 = DEFINITIONAL_REPRESENTATION('',(#4155),#4159);
#4155 = LINE('',#4156,#4157);
#4156 = CARTESIAN_POINT('',(-4.440892098501E-16,-5.975));
#4157 = VECTOR('',#4158,1.);
#4158 = DIRECTION('',(-1.,0.));
#4159 = ( GEOMETRIC_REPRESENTATION_CONTEXT(2) 
PARAMETRIC_REPRESENTATION_CONTEXT() REPRESENTATION_CONTEXT('2D SPACE',''
  ) );
#4160 = ADVANCED_FACE('',(#4161),#4149,.F.);
#4161 = FACE_BOUND('',#4162,.F.);
#4162 = EDGE_LOOP('',(#4163,#4188,#4212,#4235,#4257,#4258,#4281,#4309,
    #4338,#4366,#4395,#4423));
#4163 = ORIENTED_EDGE('',*,*,#4164,.F.);
#4164 = EDGE_CURVE('',#4165,#4167,#4169,.T.);
#4165 = VERTEX_POINT('',#4166);
#4166 = CARTESIAN_POINT('',(-1.65,-16.643,1.85));
#4167 = VERTEX_POINT('',#4168);
#4168 = CARTESIAN_POINT('',(-1.65,-16.643,4.4));
#4169 = SURFACE_CURVE('',#4170,(#4174,#4181),.PCURVE_S1.);
#4170 = LINE('',#4171,#4172);
#4171 = CARTESIAN_POINT('',(-1.65,-16.643,1.85));
#4172 = VECTOR('',#4173,1.);
#4173 = DIRECTION('',(0.,0.,1.));
#4174 = PCURVE('',#4149,#4175);
#4175 = DEFINITIONAL_REPRESENTATION('',(#4176),#4180);
#4176 = LINE('',#4177,#4178);
#4177 = CARTESIAN_POINT('',(-4.440892098501E-16,5.975));
#4178 = VECTOR('',#4179,1.);
#4179 = DIRECTION('',(-1.,0.));
#4180 = ( GEOMETRIC_REPRESENTATION_CONTEXT(2) 
PARAMETRIC_REPRESENTATION_CONTEXT() REPRESENTATION_CONTEXT('2D SPACE',''
  ) );
#4181 = PCURVE('',#4032,#4182);
#4182 = DEFINITIONAL_REPRESENTATION('',(#4183),#4187);
#4183 = LINE('',#4184,#4185);
#4184 = CARTESIAN_POINT('',(0.,3.35));
#4185 = VECTOR('',#4186,1.);
#4186 = DIRECTION('',(1.,0.));
#4187 = ( GEOMETRIC_REPRESENTATION_CONTEXT(2) 
PARAMETRIC_REPRESENTATION_CONTEXT() REPRESENTATION_CONTEXT('2D SPACE',''
  ) );
#4188 = ORIENTED_EDGE('',*,*,#4189,.F.);
#4189 = EDGE_CURVE('',#4190,#4165,#4192,.T.);
#4190 = VERTEX_POINT('',#4191);
#4191 = CARTESIAN_POINT('',(-1.65,-13.593,-1.2));
#4192 = SURFACE_CURVE('',#4193,(#4198,#4205),.PCURVE_S1.);
#4193 = CIRCLE('',#4194,3.05);
#4194 = AXIS2_PLACEMENT_3D('',#4195,#4196,#4197);
#4195 = CARTESIAN_POINT('',(-1.65,-13.593,1.85));
#4196 = DIRECTION('',(-1.,-0.,0.));
#4197 = DIRECTION('',(0.,-2.912060392459E-16,-1.));
#4198 = PCURVE('',#4149,#4199);
#4199 = DEFINITIONAL_REPRESENTATION('',(#4200),#4204);
#4200 = CIRCLE('',#4201,3.05);
#4201 = AXIS2_PLACEMENT_2D('',#4202,#4203);
#4202 = CARTESIAN_POINT('',(-4.440892098501E-16,2.925));
#4203 = DIRECTION('',(1.,2.912060392459E-16));
#4204 = ( GEOMETRIC_REPRESENTATION_CONTEXT(2) 
PARAMETRIC_REPRESENTATION_CONTEXT() REPRESENTATION_CONTEXT('2D SPACE',''
  ) );
#4205 = PCURVE('',#4005,#4206);
#4206 = DEFINITIONAL_REPRESENTATION('',(#4207),#4211);
#4207 = LINE('',#4208,#4209);
#4208 = CARTESIAN_POINT('',(0.,-3.35));
#4209 = VECTOR('',#4210,1.);
#4210 = DIRECTION('',(1.,0.));
#4211 = ( GEOMETRIC_REPRESENTATION_CONTEXT(2) 
PARAMETRIC_REPRESENTATION_CONTEXT() REPRESENTATION_CONTEXT('2D SPACE',''
  ) );
#4212 = ORIENTED_EDGE('',*,*,#4213,.F.);
#4213 = EDGE_CURVE('',#4214,#4190,#4216,.T.);
#4214 = VERTEX_POINT('',#4215);
#4215 = CARTESIAN_POINT('',(-1.65,-7.743,-1.2));
#4216 = SURFACE_CURVE('',#4217,(#4221,#4228),.PCURVE_S1.);
#4217 = LINE('',#4218,#4219);
#4218 = CARTESIAN_POINT('',(-1.65,-7.743,-1.2));
#4219 = VECTOR('',#4220,1.);
#4220 = DIRECTION('',(0.,-1.,0.));
#4221 = PCURVE('',#4149,#4222);
#4222 = DEFINITIONAL_REPRESENTATION('',(#4223),#4227);
#4223 = LINE('',#4224,#4225);
#4224 = CARTESIAN_POINT('',(3.05,-2.925));
#4225 = VECTOR('',#4226,1.);
#4226 = DIRECTION('',(0.,1.));
#4227 = ( GEOMETRIC_REPRESENTATION_CONTEXT(2) 
PARAMETRIC_REPRESENTATION_CONTEXT() REPRESENTATION_CONTEXT('2D SPACE',''
  ) );
#4228 = PCURVE('',#3973,#4229);
#4229 = DEFINITIONAL_REPRESENTATION('',(#4230),#4234);
#4230 = LINE('',#4231,#4232);
#4231 = CARTESIAN_POINT('',(0.,-3.35));
#4232 = VECTOR('',#4233,1.);
#4233 = DIRECTION('',(1.,0.));
#4234 = ( GEOMETRIC_REPRESENTATION_CONTEXT(2) 
PARAMETRIC_REPRESENTATION_CONTEXT() REPRESENTATION_CONTEXT('2D SPACE',''
  ) );
#4235 = ORIENTED_EDGE('',*,*,#4236,.F.);
#4236 = EDGE_CURVE('',#4091,#4214,#4237,.T.);
#4237 = SURFACE_CURVE('',#4238,(#4243,#4250),.PCURVE_S1.);
#4238 = CIRCLE('',#4239,3.05);
#4239 = AXIS2_PLACEMENT_3D('',#4240,#4241,#4242);
#4240 = CARTESIAN_POINT('',(-1.65,-7.743,1.85));
#4241 = DIRECTION('',(-1.,0.,0.));
#4242 = DIRECTION('',(0.,2.912060392459E-16,1.));
#4243 = PCURVE('',#4149,#4244);
#4244 = DEFINITIONAL_REPRESENTATION('',(#4245),#4249);
#4245 = CIRCLE('',#4246,3.05);
#4246 = AXIS2_PLACEMENT_2D('',#4247,#4248);
#4247 = CARTESIAN_POINT('',(-4.440892098501E-16,-2.925));
#4248 = DIRECTION('',(-1.,-2.912060392459E-16));
#4249 = ( GEOMETRIC_REPRESENTATION_CONTEXT(2) 
PARAMETRIC_REPRESENTATION_CONTEXT() REPRESENTATION_CONTEXT('2D SPACE',''
  ) );
#4250 = PCURVE('',#3945,#4251);
#4251 = DEFINITIONAL_REPRESENTATION('',(#4252),#4256);
#4252 = LINE('',#4253,#4254);
#4253 = CARTESIAN_POINT('',(0.,-3.35));
#4254 = VECTOR('',#4255,1.);
#4255 = DIRECTION('',(1.,0.));
#4256 = ( GEOMETRIC_REPRESENTATION_CONTEXT(2) 
PARAMETRIC_REPRESENTATION_CONTEXT() REPRESENTATION_CONTEXT('2D SPACE',''
  ) );
#4257 = ORIENTED_EDGE('',*,*,#4135,.T.);
#4258 = ORIENTED_EDGE('',*,*,#4259,.F.);
#4259 = EDGE_CURVE('',#4260,#4115,#4262,.T.);
#4260 = VERTEX_POINT('',#4261);
#4261 = CARTESIAN_POINT('',(-1.65,-3.318,4.4));
#4262 = SURFACE_CURVE('',#4263,(#4267,#4274),.PCURVE_S1.);
#4263 = LINE('',#4264,#4265);
#4264 = CARTESIAN_POINT('',(-1.65,-3.318,4.4));
#4265 = VECTOR('',#4266,1.);
#4266 = DIRECTION('',(3.229739708E-16,-1.,0.));
#4267 = PCURVE('',#4149,#4268);
#4268 = DEFINITIONAL_REPRESENTATION('',(#4269),#4273);
#4269 = LINE('',#4270,#4271);
#4270 = CARTESIAN_POINT('',(-2.55,-7.35));
#4271 = VECTOR('',#4272,1.);
#4272 = DIRECTION('',(0.,1.));
#4273 = ( GEOMETRIC_REPRESENTATION_CONTEXT(2) 
PARAMETRIC_REPRESENTATION_CONTEXT() REPRESENTATION_CONTEXT('2D SPACE',''
  ) );
#4274 = PCURVE('',#370,#4275);
#4275 = DEFINITIONAL_REPRESENTATION('',(#4276),#4280);
#4276 = LINE('',#4277,#4278);
#4277 = CARTESIAN_POINT('',(-38.64066680575,6.477020362289));
#4278 = VECTOR('',#4279,1.);
#4279 = DIRECTION('',(3.229739708E-16,-1.));
#4280 = ( GEOMETRIC_REPRESENTATION_CONTEXT(2) 
PARAMETRIC_REPRESENTATION_CONTEXT() REPRESENTATION_CONTEXT('2D SPACE',''
  ) );
#4281 = ORIENTED_EDGE('',*,*,#4282,.F.);
#4282 = EDGE_CURVE('',#4283,#4260,#4285,.T.);
#4283 = VERTEX_POINT('',#4284);
#4284 = CARTESIAN_POINT('',(-1.65,-3.318,1.85));
#4285 = SURFACE_CURVE('',#4286,(#4290,#4297),.PCURVE_S1.);
#4286 = LINE('',#4287,#4288);
#4287 = CARTESIAN_POINT('',(-1.65,-3.318,1.85));
#4288 = VECTOR('',#4289,1.);
#4289 = DIRECTION('',(0.,0.,1.));
#4290 = PCURVE('',#4149,#4291);
#4291 = DEFINITIONAL_REPRESENTATION('',(#4292),#4296);
#4292 = LINE('',#4293,#4294);
#4293 = CARTESIAN_POINT('',(-4.440892098501E-16,-7.35));
#4294 = VECTOR('',#4295,1.);
#4295 = DIRECTION('',(-1.,0.));
#4296 = ( GEOMETRIC_REPRESENTATION_CONTEXT(2) 
PARAMETRIC_REPRESENTATION_CONTEXT() REPRESENTATION_CONTEXT('2D SPACE',''
  ) );
#4297 = PCURVE('',#4298,#4303);
#4298 = PLANE('',#4299);
#4299 = AXIS2_PLACEMENT_3D('',#4300,#4301,#4302);
#4300 = CARTESIAN_POINT('',(-1.65,-3.318,1.85));
#4301 = DIRECTION('',(0.,1.,0.));
#4302 = DIRECTION('',(0.,0.,1.));
#4303 = DEFINITIONAL_REPRESENTATION('',(#4304),#4308);
#4304 = LINE('',#4305,#4306);
#4305 = CARTESIAN_POINT('',(0.,0.));
#4306 = VECTOR('',#4307,1.);
#4307 = DIRECTION('',(1.,0.));
#4308 = ( GEOMETRIC_REPRESENTATION_CONTEXT(2) 
PARAMETRIC_REPRESENTATION_CONTEXT() REPRESENTATION_CONTEXT('2D SPACE',''
  ) );
#4309 = ORIENTED_EDGE('',*,*,#4310,.T.);
#4310 = EDGE_CURVE('',#4283,#4311,#4313,.T.);
#4311 = VERTEX_POINT('',#4312);
#4312 = CARTESIAN_POINT('',(-1.65,-7.268,-2.1));
#4313 = SURFACE_CURVE('',#4314,(#4319,#4326),.PCURVE_S1.);
#4314 = CIRCLE('',#4315,3.95);
#4315 = AXIS2_PLACEMENT_3D('',#4316,#4317,#4318);
#4316 = CARTESIAN_POINT('',(-1.65,-7.268,1.85));
#4317 = DIRECTION('',(-1.,0.,0.));
#4318 = DIRECTION('',(0.,-1.124276480633E-16,1.));
#4319 = PCURVE('',#4149,#4320);
#4320 = DEFINITIONAL_REPRESENTATION('',(#4321),#4325);
#4321 = CIRCLE('',#4322,3.95);
#4322 = AXIS2_PLACEMENT_2D('',#4323,#4324);
#4323 = CARTESIAN_POINT('',(0.,-3.4));
#4324 = DIRECTION('',(-1.,1.124276480633E-16));
#4325 = ( GEOMETRIC_REPRESENTATION_CONTEXT(2) 
PARAMETRIC_REPRESENTATION_CONTEXT() REPRESENTATION_CONTEXT('2D SPACE',''
  ) );
#4326 = PCURVE('',#4327,#4332);
#4327 = CYLINDRICAL_SURFACE('',#4328,3.95);
#4328 = AXIS2_PLACEMENT_3D('',#4329,#4330,#4331);
#4329 = CARTESIAN_POINT('',(-1.65,-7.268,1.85));
#4330 = DIRECTION('',(-1.,0.,0.));
#4331 = DIRECTION('',(0.,-1.124276480633E-16,1.));
#4332 = DEFINITIONAL_REPRESENTATION('',(#4333),#4337);
#4333 = LINE('',#4334,#4335);
#4334 = CARTESIAN_POINT('',(0.,0.));
#4335 = VECTOR('',#4336,1.);
#4336 = DIRECTION('',(1.,0.));
#4337 = ( GEOMETRIC_REPRESENTATION_CONTEXT(2) 
PARAMETRIC_REPRESENTATION_CONTEXT() REPRESENTATION_CONTEXT('2D SPACE',''
  ) );
#4338 = ORIENTED_EDGE('',*,*,#4339,.T.);
#4339 = EDGE_CURVE('',#4311,#4340,#4342,.T.);
#4340 = VERTEX_POINT('',#4341);
#4341 = CARTESIAN_POINT('',(-1.65,-14.068,-2.1));
#4342 = SURFACE_CURVE('',#4343,(#4347,#4354),.PCURVE_S1.);
#4343 = LINE('',#4344,#4345);
#4344 = CARTESIAN_POINT('',(-1.65,-7.268,-2.1));
#4345 = VECTOR('',#4346,1.);
#4346 = DIRECTION('',(0.,-1.,0.));
#4347 = PCURVE('',#4149,#4348);
#4348 = DEFINITIONAL_REPRESENTATION('',(#4349),#4353);
#4349 = LINE('',#4350,#4351);
#4350 = CARTESIAN_POINT('',(3.95,-3.4));
#4351 = VECTOR('',#4352,1.);
#4352 = DIRECTION('',(0.,1.));
#4353 = ( GEOMETRIC_REPRESENTATION_CONTEXT(2) 
PARAMETRIC_REPRESENTATION_CONTEXT() REPRESENTATION_CONTEXT('2D SPACE',''
  ) );
#4354 = PCURVE('',#4355,#4360);
#4355 = PLANE('',#4356);
#4356 = AXIS2_PLACEMENT_3D('',#4357,#4358,#4359);
#4357 = CARTESIAN_POINT('',(-1.65,-7.268,-2.1));
#4358 = DIRECTION('',(0.,0.,-1.));
#4359 = DIRECTION('',(0.,-1.,0.));
#4360 = DEFINITIONAL_REPRESENTATION('',(#4361),#4365);
#4361 = LINE('',#4362,#4363);
#4362 = CARTESIAN_POINT('',(0.,-0.));
#4363 = VECTOR('',#4364,1.);
#4364 = DIRECTION('',(1.,0.));
#4365 = ( GEOMETRIC_REPRESENTATION_CONTEXT(2) 
PARAMETRIC_REPRESENTATION_CONTEXT() REPRESENTATION_CONTEXT('2D SPACE',''
  ) );
#4366 = ORIENTED_EDGE('',*,*,#4367,.T.);
#4367 = EDGE_CURVE('',#4340,#4368,#4370,.T.);
#4368 = VERTEX_POINT('',#4369);
#4369 = CARTESIAN_POINT('',(-1.65,-18.018,1.85));
#4370 = SURFACE_CURVE('',#4371,(#4376,#4383),.PCURVE_S1.);
#4371 = CIRCLE('',#4372,3.95);
#4372 = AXIS2_PLACEMENT_3D('',#4373,#4374,#4375);
#4373 = CARTESIAN_POINT('',(-1.65,-14.068,1.85));
#4374 = DIRECTION('',(-1.,0.,-0.));
#4375 = DIRECTION('',(0.,1.124276480633E-16,-1.));
#4376 = PCURVE('',#4149,#4377);
#4377 = DEFINITIONAL_REPRESENTATION('',(#4378),#4382);
#4378 = CIRCLE('',#4379,3.95);
#4379 = AXIS2_PLACEMENT_2D('',#4380,#4381);
#4380 = CARTESIAN_POINT('',(-8.881784197001E-16,3.4));
#4381 = DIRECTION('',(1.,-1.124276480633E-16));
#4382 = ( GEOMETRIC_REPRESENTATION_CONTEXT(2) 
PARAMETRIC_REPRESENTATION_CONTEXT() REPRESENTATION_CONTEXT('2D SPACE',''
  ) );
#4383 = PCURVE('',#4384,#4389);
#4384 = CYLINDRICAL_SURFACE('',#4385,3.95);
#4385 = AXIS2_PLACEMENT_3D('',#4386,#4387,#4388);
#4386 = CARTESIAN_POINT('',(-1.65,-14.068,1.85));
#4387 = DIRECTION('',(-1.,0.,-0.));
#4388 = DIRECTION('',(0.,1.124276480633E-16,-1.));
#4389 = DEFINITIONAL_REPRESENTATION('',(#4390),#4394);
#4390 = LINE('',#4391,#4392);
#4391 = CARTESIAN_POINT('',(0.,0.));
#4392 = VECTOR('',#4393,1.);
#4393 = DIRECTION('',(1.,0.));
#4394 = ( GEOMETRIC_REPRESENTATION_CONTEXT(2) 
PARAMETRIC_REPRESENTATION_CONTEXT() REPRESENTATION_CONTEXT('2D SPACE',''
  ) );
#4395 = ORIENTED_EDGE('',*,*,#4396,.T.);
#4396 = EDGE_CURVE('',#4368,#4397,#4399,.T.);
#4397 = VERTEX_POINT('',#4398);
#4398 = CARTESIAN_POINT('',(-1.65,-18.018,4.4));
#4399 = SURFACE_CURVE('',#4400,(#4404,#4411),.PCURVE_S1.);
#4400 = LINE('',#4401,#4402);
#4401 = CARTESIAN_POINT('',(-1.65,-18.018,1.85));
#4402 = VECTOR('',#4403,1.);
#4403 = DIRECTION('',(0.,0.,1.));
#4404 = PCURVE('',#4149,#4405);
#4405 = DEFINITIONAL_REPRESENTATION('',(#4406),#4410);
#4406 = LINE('',#4407,#4408);
#4407 = CARTESIAN_POINT('',(-4.440892098501E-16,7.35));
#4408 = VECTOR('',#4409,1.);
#4409 = DIRECTION('',(-1.,0.));
#4410 = ( GEOMETRIC_REPRESENTATION_CONTEXT(2) 
PARAMETRIC_REPRESENTATION_CONTEXT() REPRESENTATION_CONTEXT('2D SPACE',''
  ) );
#4411 = PCURVE('',#4412,#4417);
#4412 = PLANE('',#4413);
#4413 = AXIS2_PLACEMENT_3D('',#4414,#4415,#4416);
#4414 = CARTESIAN_POINT('',(-1.65,-18.018,1.85));
#4415 = DIRECTION('',(0.,1.,0.));
#4416 = DIRECTION('',(0.,0.,1.));
#4417 = DEFINITIONAL_REPRESENTATION('',(#4418),#4422);
#4418 = LINE('',#4419,#4420);
#4419 = CARTESIAN_POINT('',(0.,0.));
#4420 = VECTOR('',#4421,1.);
#4421 = DIRECTION('',(1.,0.));
#4422 = ( GEOMETRIC_REPRESENTATION_CONTEXT(2) 
PARAMETRIC_REPRESENTATION_CONTEXT() REPRESENTATION_CONTEXT('2D SPACE',''
  ) );
#4423 = ORIENTED_EDGE('',*,*,#4424,.T.);
#4424 = EDGE_CURVE('',#4397,#4167,#4425,.T.);
#4425 = SURFACE_CURVE('',#4426,(#4430,#4437),.PCURVE_S1.);
#4426 = LINE('',#4427,#4428);
#4427 = CARTESIAN_POINT('',(-1.65,-18.018,4.4));
#4428 = VECTOR('',#4429,1.);
#4429 = DIRECTION('',(3.229739708E-16,1.,0.));
#4430 = PCURVE('',#4149,#4431);
#4431 = DEFINITIONAL_REPRESENTATION('',(#4432),#4436);
#4432 = LINE('',#4433,#4434);
#4433 = CARTESIAN_POINT('',(-2.55,7.35));
#4434 = VECTOR('',#4435,1.);
#4435 = DIRECTION('',(0.,-1.));
#4436 = ( GEOMETRIC_REPRESENTATION_CONTEXT(2) 
PARAMETRIC_REPRESENTATION_CONTEXT() REPRESENTATION_CONTEXT('2D SPACE',''
  ) );
#4437 = PCURVE('',#72,#4438);
#4438 = DEFINITIONAL_REPRESENTATION('',(#4439),#4443);
#4439 = LINE('',#4440,#4441);
#4440 = CARTESIAN_POINT('',(-38.64066680575,-8.222979637711));
#4441 = VECTOR('',#4442,1.);
#4442 = DIRECTION('',(3.229739708E-16,1.));
#4443 = ( GEOMETRIC_REPRESENTATION_CONTEXT(2) 
PARAMETRIC_REPRESENTATION_CONTEXT() REPRESENTATION_CONTEXT('2D SPACE',''
  ) );
#4444 = ADVANCED_FACE('',(#4445),#4412,.T.);
#4445 = FACE_BOUND('',#4446,.T.);
#4446 = EDGE_LOOP('',(#4447,#4470,#4471,#4492,#4526));
#4447 = ORIENTED_EDGE('',*,*,#4448,.F.);
#4448 = EDGE_CURVE('',#4368,#4449,#4451,.T.);
#4449 = VERTEX_POINT('',#4450);
#4450 = CARTESIAN_POINT('',(-0.727,-18.018,1.85));
#4451 = SURFACE_CURVE('',#4452,(#4456,#4463),.PCURVE_S1.);
#4452 = LINE('',#4453,#4454);
#4453 = CARTESIAN_POINT('',(-1.65,-18.018,1.85));
#4454 = VECTOR('',#4455,1.);
#4455 = DIRECTION('',(1.,0.,0.));
#4456 = PCURVE('',#4412,#4457);
#4457 = DEFINITIONAL_REPRESENTATION('',(#4458),#4462);
#4458 = LINE('',#4459,#4460);
#4459 = CARTESIAN_POINT('',(0.,0.));
#4460 = VECTOR('',#4461,1.);
#4461 = DIRECTION('',(0.,1.));
#4462 = ( GEOMETRIC_REPRESENTATION_CONTEXT(2) 
PARAMETRIC_REPRESENTATION_CONTEXT() REPRESENTATION_CONTEXT('2D SPACE',''
  ) );
#4463 = PCURVE('',#4384,#4464);
#4464 = DEFINITIONAL_REPRESENTATION('',(#4465),#4469);
#4465 = LINE('',#4466,#4467);
#4466 = CARTESIAN_POINT('',(1.570796326795,0.));
#4467 = VECTOR('',#4468,1.);
#4468 = DIRECTION('',(0.,-1.));
#4469 = ( GEOMETRIC_REPRESENTATION_CONTEXT(2) 
PARAMETRIC_REPRESENTATION_CONTEXT() REPRESENTATION_CONTEXT('2D SPACE',''
  ) );
#4470 = ORIENTED_EDGE('',*,*,#4396,.T.);
#4471 = ORIENTED_EDGE('',*,*,#4472,.F.);
#4472 = EDGE_CURVE('',#4473,#4397,#4475,.T.);
#4473 = VERTEX_POINT('',#4474);
#4474 = CARTESIAN_POINT('',(-1.027,-18.018,4.4));
#4475 = SURFACE_CURVE('',#4476,(#4480,#4486),.PCURVE_S1.);
#4476 = LINE('',#4477,#4478);
#4477 = CARTESIAN_POINT('',(17.670333402879,-18.018,4.4));
#4478 = VECTOR('',#4479,1.);
#4479 = DIRECTION('',(-1.,0.,0.));
#4480 = PCURVE('',#4412,#4481);
#4481 = DEFINITIONAL_REPRESENTATION('',(#4482),#4485);
#4482 = B_SPLINE_CURVE_WITH_KNOTS('',1,(#4483,#4484),.UNSPECIFIED.,.F.,
  .F.,(2,2),(18.020333402879,19.320333402879),.PIECEWISE_BEZIER_KNOTS.);
#4483 = CARTESIAN_POINT('',(2.55,1.3));
#4484 = CARTESIAN_POINT('',(2.55,0.));
#4485 = ( GEOMETRIC_REPRESENTATION_CONTEXT(2) 
PARAMETRIC_REPRESENTATION_CONTEXT() REPRESENTATION_CONTEXT('2D SPACE',''
  ) );
#4486 = PCURVE('',#72,#4487);
#4487 = DEFINITIONAL_REPRESENTATION('',(#4488),#4491);
#4488 = B_SPLINE_CURVE_WITH_KNOTS('',1,(#4489,#4490),.UNSPECIFIED.,.F.,
  .F.,(2,2),(18.020333402879,19.320333402879),.PIECEWISE_BEZIER_KNOTS.);
#4489 = CARTESIAN_POINT('',(-37.34066680575,-8.222979637711));
#4490 = CARTESIAN_POINT('',(-38.64066680575,-8.222979637711));
#4491 = ( GEOMETRIC_REPRESENTATION_CONTEXT(2) 
PARAMETRIC_REPRESENTATION_CONTEXT() REPRESENTATION_CONTEXT('2D SPACE',''
  ) );
#4492 = ORIENTED_EDGE('',*,*,#4493,.F.);
#4493 = EDGE_CURVE('',#4494,#4473,#4496,.T.);
#4494 = VERTEX_POINT('',#4495);
#4495 = CARTESIAN_POINT('',(-0.727,-18.018,3.5));
#4496 = SURFACE_CURVE('',#4497,(#4503,#4512),.PCURVE_S1.);
#4497 = B_SPLINE_CURVE_WITH_KNOTS('',4,(#4498,#4499,#4500,#4501,#4502),
  .UNSPECIFIED.,.F.,.F.,(5,5),(0.,1.),.PIECEWISE_BEZIER_KNOTS.);
#4498 = CARTESIAN_POINT('',(-0.727,-18.018,3.5));
#4499 = CARTESIAN_POINT('',(-0.801959168362,-18.018,3.724877505087));
#4500 = CARTESIAN_POINT('',(-0.876946734317,-18.018,3.949840202951));
#4501 = CARTESIAN_POINT('',(-0.951960869461,-18.018,4.174882608382));
#4502 = CARTESIAN_POINT('',(-1.027,-18.018,4.4));
#4503 = PCURVE('',#4412,#4504);
#4504 = DEFINITIONAL_REPRESENTATION('',(#4505),#4511);
#4505 = B_SPLINE_CURVE_WITH_KNOTS('',4,(#4506,#4507,#4508,#4509,#4510),
  .UNSPECIFIED.,.F.,.F.,(5,5),(0.,1.),.PIECEWISE_BEZIER_KNOTS.);
#4506 = CARTESIAN_POINT('',(1.65,0.923));
#4507 = CARTESIAN_POINT('',(1.874877505087,0.848040831638));
#4508 = CARTESIAN_POINT('',(2.099840202951,0.773053265683));
#4509 = CARTESIAN_POINT('',(2.324882608382,0.698039130539));
#4510 = CARTESIAN_POINT('',(2.55,0.623));
#4511 = ( GEOMETRIC_REPRESENTATION_CONTEXT(2) 
PARAMETRIC_REPRESENTATION_CONTEXT() REPRESENTATION_CONTEXT('2D SPACE',''
  ) );
#4512 = PCURVE('',#4513,#4518);
#4513 = B_SPLINE_SURFACE_WITH_KNOTS('',1,1,(
    (#4514,#4515)
    ,(#4516,#4517
    )),.UNSPECIFIED.,.F.,.F.,.F.,(2,2),(2,2),(0.,23.037),(0.,1.),
  .PIECEWISE_BEZIER_KNOTS.);
#4514 = CARTESIAN_POINT('',(-0.727,0.6,3.5));
#4515 = CARTESIAN_POINT('',(-1.027,0.9,4.4));
#4516 = CARTESIAN_POINT('',(-0.727,-21.837,3.5));
#4517 = CARTESIAN_POINT('',(-1.027,-22.137,4.4));
#4518 = DEFINITIONAL_REPRESENTATION('',(#4519),#4525);
#4519 = B_SPLINE_CURVE_WITH_KNOTS('',4,(#4520,#4521,#4522,#4523,#4524),
  .UNSPECIFIED.,.F.,.F.,(5,5),(0.,1.),.PIECEWISE_BEZIER_KNOTS.);
#4520 = CARTESIAN_POINT('',(19.115874047333,0.));
#4521 = CARTESIAN_POINT('',(19.065110323098,0.249863894541));
#4522 = CARTESIAN_POINT('',(19.015231869096,0.499822447723));
#4523 = CARTESIAN_POINT('',(18.966205239087,0.749869564869));
#4524 = CARTESIAN_POINT('',(18.918,1.));
#4525 = ( GEOMETRIC_REPRESENTATION_CONTEXT(2) 
PARAMETRIC_REPRESENTATION_CONTEXT() REPRESENTATION_CONTEXT('2D SPACE',''
  ) );
#4526 = ORIENTED_EDGE('',*,*,#4527,.F.);
#4527 = EDGE_CURVE('',#4449,#4494,#4528,.T.);
#4528 = SURFACE_CURVE('',#4529,(#4533,#4539),.PCURVE_S1.);
#4529 = LINE('',#4530,#4531);
#4530 = CARTESIAN_POINT('',(-0.727,-18.018,0.925));
#4531 = VECTOR('',#4532,1.);
#4532 = DIRECTION('',(0.,0.,1.));
#4533 = PCURVE('',#4412,#4534);
#4534 = DEFINITIONAL_REPRESENTATION('',(#4535),#4538);
#4535 = B_SPLINE_CURVE_WITH_KNOTS('',1,(#4536,#4537),.UNSPECIFIED.,.F.,
  .F.,(2,2),(0.925,2.575),.PIECEWISE_BEZIER_KNOTS.);
#4536 = CARTESIAN_POINT('',(0.,0.923));
#4537 = CARTESIAN_POINT('',(1.65,0.923));
#4538 = ( GEOMETRIC_REPRESENTATION_CONTEXT(2) 
PARAMETRIC_REPRESENTATION_CONTEXT() REPRESENTATION_CONTEXT('2D SPACE',''
  ) );
#4539 = PCURVE('',#4540,#4545);
#4540 = PLANE('',#4541);
#4541 = AXIS2_PLACEMENT_3D('',#4542,#4543,#4544);
#4542 = CARTESIAN_POINT('',(-0.727,-21.837,0.));
#4543 = DIRECTION('',(1.,0.,0.));
#4544 = DIRECTION('',(0.,0.,1.));
#4545 = DEFINITIONAL_REPRESENTATION('',(#4546),#4549);
#4546 = B_SPLINE_CURVE_WITH_KNOTS('',1,(#4547,#4548),.UNSPECIFIED.,.F.,
  .F.,(2,2),(0.925,2.575),.PIECEWISE_BEZIER_KNOTS.);
#4547 = CARTESIAN_POINT('',(1.85,-3.819));
#4548 = CARTESIAN_POINT('',(3.5,-3.819));
#4549 = ( GEOMETRIC_REPRESENTATION_CONTEXT(2) 
PARAMETRIC_REPRESENTATION_CONTEXT() REPRESENTATION_CONTEXT('2D SPACE',''
  ) );
#4550 = ADVANCED_FACE('',(#4551),#4513,.F.);
#4551 = FACE_BOUND('',#4552,.F.);
#4552 = EDGE_LOOP('',(#4553,#4554,#4576,#4610,#4635,#4662));
#4553 = ORIENTED_EDGE('',*,*,#4493,.F.);
#4554 = ORIENTED_EDGE('',*,*,#4555,.T.);
#4555 = EDGE_CURVE('',#4494,#4556,#4558,.T.);
#4556 = VERTEX_POINT('',#4557);
#4557 = CARTESIAN_POINT('',(-0.727,-19.3,3.5));
#4558 = SURFACE_CURVE('',#4559,(#4563,#4569),.PCURVE_S1.);
#4559 = LINE('',#4560,#4561);
#4560 = CARTESIAN_POINT('',(-0.727,0.6,3.5));
#4561 = VECTOR('',#4562,1.);
#4562 = DIRECTION('',(0.,-1.,0.));
#4563 = PCURVE('',#4513,#4564);
#4564 = DEFINITIONAL_REPRESENTATION('',(#4565),#4568);
#4565 = B_SPLINE_CURVE_WITH_KNOTS('',1,(#4566,#4567),.UNSPECIFIED.,.F.,
  .F.,(2,2),(0.,22.437),.PIECEWISE_BEZIER_KNOTS.);
#4566 = CARTESIAN_POINT('',(0.,0.));
#4567 = CARTESIAN_POINT('',(23.037,0.));
#4568 = ( GEOMETRIC_REPRESENTATION_CONTEXT(2) 
PARAMETRIC_REPRESENTATION_CONTEXT() REPRESENTATION_CONTEXT('2D SPACE',''
  ) );
#4569 = PCURVE('',#4540,#4570);
#4570 = DEFINITIONAL_REPRESENTATION('',(#4571),#4575);
#4571 = LINE('',#4572,#4573);
#4572 = CARTESIAN_POINT('',(3.5,-22.437));
#4573 = VECTOR('',#4574,1.);
#4574 = DIRECTION('',(0.,1.));
#4575 = ( GEOMETRIC_REPRESENTATION_CONTEXT(2) 
PARAMETRIC_REPRESENTATION_CONTEXT() REPRESENTATION_CONTEXT('2D SPACE',''
  ) );
#4576 = ORIENTED_EDGE('',*,*,#4577,.T.);
#4577 = EDGE_CURVE('',#4556,#4578,#4580,.T.);
#4578 = VERTEX_POINT('',#4579);
#4579 = CARTESIAN_POINT('',(-0.760333333333,-19.3,3.6));
#4580 = SURFACE_CURVE('',#4581,(#4587,#4596),.PCURVE_S1.);
#4581 = B_SPLINE_CURVE_WITH_KNOTS('',4,(#4582,#4583,#4584,#4585,#4586),
  .UNSPECIFIED.,.F.,.F.,(5,5),(0.,1.),.PIECEWISE_BEZIER_KNOTS.);
#4582 = CARTESIAN_POINT('',(-0.727,-19.3,3.5));
#4583 = CARTESIAN_POINT('',(-0.735332617884,-19.3,3.524997853651));
#4584 = CARTESIAN_POINT('',(-0.743665714956,-19.3,3.549997144868));
#4585 = CARTESIAN_POINT('',(-0.751999287929,-19.3,3.574997863786));
#4586 = CARTESIAN_POINT('',(-0.760333333333,-19.3,3.6));
#4587 = PCURVE('',#4513,#4588);
#4588 = DEFINITIONAL_REPRESENTATION('',(#4589),#4595);
#4589 = B_SPLINE_CURVE_WITH_KNOTS('',4,(#4590,#4591,#4592,#4593,#4594),
  .UNSPECIFIED.,.F.,.F.,(5,5),(0.,1.),.PIECEWISE_BEZIER_KNOTS.);
#4590 = CARTESIAN_POINT('',(20.432156705442,0.));
#4591 = CARTESIAN_POINT('',(20.425536025737,2.777539294609E-02));
#4592 = CARTESIAN_POINT('',(20.418928077994,5.555238318671E-02));
#4593 = CARTESIAN_POINT('',(20.412332812741,8.333095976223E-02));
#4594 = CARTESIAN_POINT('',(20.405750174669,0.111111111111));
#4595 = ( GEOMETRIC_REPRESENTATION_CONTEXT(2) 
PARAMETRIC_REPRESENTATION_CONTEXT() REPRESENTATION_CONTEXT('2D SPACE',''
  ) );
#4596 = PCURVE('',#4597,#4602);
#4597 = PLANE('',#4598);
#4598 = AXIS2_PLACEMENT_3D('',#4599,#4600,#4601);
#4599 = CARTESIAN_POINT('',(-1.9,-19.3,2.05));
#4600 = DIRECTION('',(0.,1.,0.));
#4601 = DIRECTION('',(0.,0.,1.));
#4602 = DEFINITIONAL_REPRESENTATION('',(#4603),#4609);
#4603 = B_SPLINE_CURVE_WITH_KNOTS('',4,(#4604,#4605,#4606,#4607,#4608),
  .UNSPECIFIED.,.F.,.F.,(5,5),(0.,1.),.PIECEWISE_BEZIER_KNOTS.);
#4604 = CARTESIAN_POINT('',(1.45,1.173));
#4605 = CARTESIAN_POINT('',(1.474997853651,1.164667382116));
#4606 = CARTESIAN_POINT('',(1.499997144868,1.156334285044));
#4607 = CARTESIAN_POINT('',(1.524997863786,1.148000712071));
#4608 = CARTESIAN_POINT('',(1.55,1.139666666667));
#4609 = ( GEOMETRIC_REPRESENTATION_CONTEXT(2) 
PARAMETRIC_REPRESENTATION_CONTEXT() REPRESENTATION_CONTEXT('2D SPACE',''
  ) );
#4610 = ORIENTED_EDGE('',*,*,#4611,.F.);
#4611 = EDGE_CURVE('',#4612,#4578,#4614,.T.);
#4612 = VERTEX_POINT('',#4613);
#4613 = CARTESIAN_POINT('',(-0.760333333333,-21.87033333333,3.6));
#4614 = SURFACE_CURVE('',#4615,(#4618,#4624),.PCURVE_S1.);
#4615 = B_SPLINE_CURVE_WITH_KNOTS('',1,(#4616,#4617),.UNSPECIFIED.,.F.,
  .F.,(2,2),(0.,1.),.PIECEWISE_BEZIER_KNOTS.);
#4616 = CARTESIAN_POINT('',(-0.760333333333,-21.87033333333,3.6));
#4617 = CARTESIAN_POINT('',(-0.760333333333,-19.3,3.6));
#4618 = PCURVE('',#4513,#4619);
#4619 = DEFINITIONAL_REPRESENTATION('',(#4620),#4623);
#4620 = B_SPLINE_CURVE_WITH_KNOTS('',1,(#4621,#4622),.UNSPECIFIED.,.F.,
  .F.,(2,2),(0.,1.),.PIECEWISE_BEZIER_KNOTS.);
#4621 = CARTESIAN_POINT('',(23.037,0.111111111111));
#4622 = CARTESIAN_POINT('',(20.405750174046,0.111111111111));
#4623 = ( GEOMETRIC_REPRESENTATION_CONTEXT(2) 
PARAMETRIC_REPRESENTATION_CONTEXT() REPRESENTATION_CONTEXT('2D SPACE',''
  ) );
#4624 = PCURVE('',#4625,#4630);
#4625 = PLANE('',#4626);
#4626 = AXIS2_PLACEMENT_3D('',#4627,#4628,#4629);
#4627 = CARTESIAN_POINT('',(-1.9,-22.3,3.6));
#4628 = DIRECTION('',(0.,0.,1.));
#4629 = DIRECTION('',(1.,0.,0.));
#4630 = DEFINITIONAL_REPRESENTATION('',(#4631),#4634);
#4631 = B_SPLINE_CURVE_WITH_KNOTS('',1,(#4632,#4633),.UNSPECIFIED.,.F.,
  .F.,(2,2),(0.,1.),.PIECEWISE_BEZIER_KNOTS.);
#4632 = CARTESIAN_POINT('',(1.139666666667,0.429666666667));
#4633 = CARTESIAN_POINT('',(1.139666666667,3.));
#4634 = ( GEOMETRIC_REPRESENTATION_CONTEXT(2) 
PARAMETRIC_REPRESENTATION_CONTEXT() REPRESENTATION_CONTEXT('2D SPACE',''
  ) );
#4635 = ORIENTED_EDGE('',*,*,#4636,.T.);
#4636 = EDGE_CURVE('',#4612,#4637,#4639,.T.);
#4637 = VERTEX_POINT('',#4638);
#4638 = CARTESIAN_POINT('',(-1.027,-22.137,4.4));
#4639 = SURFACE_CURVE('',#4640,(#4643,#4650),.PCURVE_S1.);
#4640 = B_SPLINE_CURVE_WITH_KNOTS('',1,(#4641,#4642),.UNSPECIFIED.,.F.,
  .F.,(2,2),(0.,1.),.PIECEWISE_BEZIER_KNOTS.);
#4641 = CARTESIAN_POINT('',(-0.727,-21.837,3.5));
#4642 = CARTESIAN_POINT('',(-1.027,-22.137,4.4));
#4643 = PCURVE('',#4513,#4644);
#4644 = DEFINITIONAL_REPRESENTATION('',(#4645),#4649);
#4645 = LINE('',#4646,#4647);
#4646 = CARTESIAN_POINT('',(23.037,0.));
#4647 = VECTOR('',#4648,1.);
#4648 = DIRECTION('',(0.,1.));
#4649 = ( GEOMETRIC_REPRESENTATION_CONTEXT(2) 
PARAMETRIC_REPRESENTATION_CONTEXT() REPRESENTATION_CONTEXT('2D SPACE',''
  ) );
#4650 = PCURVE('',#4651,#4656);
#4651 = B_SPLINE_SURFACE_WITH_KNOTS('',1,1,(
    (#4652,#4653)
    ,(#4654,#4655
    )),.UNSPECIFIED.,.F.,.F.,.F.,(2,2),(2,2),(0.,75.135),(0.,1.),
  .PIECEWISE_BEZIER_KNOTS.);
#4652 = CARTESIAN_POINT('',(-0.727,-21.837,3.5));
#4653 = CARTESIAN_POINT('',(-1.027,-22.137,4.4));
#4654 = CARTESIAN_POINT('',(73.808,-21.837,3.5));
#4655 = CARTESIAN_POINT('',(74.108,-22.137,4.4));
#4656 = DEFINITIONAL_REPRESENTATION('',(#4657),#4661);
#4657 = LINE('',#4658,#4659);
#4658 = CARTESIAN_POINT('',(0.,0.));
#4659 = VECTOR('',#4660,1.);
#4660 = DIRECTION('',(0.,1.));
#4661 = ( GEOMETRIC_REPRESENTATION_CONTEXT(2) 
PARAMETRIC_REPRESENTATION_CONTEXT() REPRESENTATION_CONTEXT('2D SPACE',''
  ) );
#4662 = ORIENTED_EDGE('',*,*,#4663,.F.);
#4663 = EDGE_CURVE('',#4473,#4637,#4664,.T.);
#4664 = SURFACE_CURVE('',#4665,(#4669,#4676),.PCURVE_S1.);
#4665 = LINE('',#4666,#4667);
#4666 = CARTESIAN_POINT('',(-1.027,0.9,4.4));
#4667 = VECTOR('',#4668,1.);
#4668 = DIRECTION('',(0.,-1.,0.));
#4669 = PCURVE('',#4513,#4670);
#4670 = DEFINITIONAL_REPRESENTATION('',(#4671),#4675);
#4671 = LINE('',#4672,#4673);
#4672 = CARTESIAN_POINT('',(0.,1.));
#4673 = VECTOR('',#4674,1.);
#4674 = DIRECTION('',(1.,0.));
#4675 = ( GEOMETRIC_REPRESENTATION_CONTEXT(2) 
PARAMETRIC_REPRESENTATION_CONTEXT() REPRESENTATION_CONTEXT('2D SPACE',''
  ) );
#4676 = PCURVE('',#72,#4677);
#4677 = DEFINITIONAL_REPRESENTATION('',(#4678),#4682);
#4678 = LINE('',#4679,#4680);
#4679 = CARTESIAN_POINT('',(-38.01766680575,10.695020362289));
#4680 = VECTOR('',#4681,1.);
#4681 = DIRECTION('',(0.,-1.));
#4682 = ( GEOMETRIC_REPRESENTATION_CONTEXT(2) 
PARAMETRIC_REPRESENTATION_CONTEXT() REPRESENTATION_CONTEXT('2D SPACE',''
  ) );
#4683 = ADVANCED_FACE('',(#4684),#4597,.F.);
#4684 = FACE_BOUND('',#4685,.F.);
#4685 = EDGE_LOOP('',(#4686,#4716,#4744,#4765,#4766));
#4686 = ORIENTED_EDGE('',*,*,#4687,.F.);
#4687 = EDGE_CURVE('',#4688,#4690,#4692,.T.);
#4688 = VERTEX_POINT('',#4689);
#4689 = CARTESIAN_POINT('',(-1.9,-19.3,2.05));
#4690 = VERTEX_POINT('',#4691);
#4691 = CARTESIAN_POINT('',(-0.727,-19.3,2.05));
#4692 = SURFACE_CURVE('',#4693,(#4697,#4704),.PCURVE_S1.);
#4693 = LINE('',#4694,#4695);
#4694 = CARTESIAN_POINT('',(-1.9,-19.3,2.05));
#4695 = VECTOR('',#4696,1.);
#4696 = DIRECTION('',(1.,0.,0.));
#4697 = PCURVE('',#4597,#4698);
#4698 = DEFINITIONAL_REPRESENTATION('',(#4699),#4703);
#4699 = LINE('',#4700,#4701);
#4700 = CARTESIAN_POINT('',(0.,0.));
#4701 = VECTOR('',#4702,1.);
#4702 = DIRECTION('',(0.,1.));
#4703 = ( GEOMETRIC_REPRESENTATION_CONTEXT(2) 
PARAMETRIC_REPRESENTATION_CONTEXT() REPRESENTATION_CONTEXT('2D SPACE',''
  ) );
#4704 = PCURVE('',#4705,#4710);
#4705 = PLANE('',#4706);
#4706 = AXIS2_PLACEMENT_3D('',#4707,#4708,#4709);
#4707 = CARTESIAN_POINT('',(-1.9,-22.3,2.05));
#4708 = DIRECTION('',(0.,0.,1.));
#4709 = DIRECTION('',(1.,0.,0.));
#4710 = DEFINITIONAL_REPRESENTATION('',(#4711),#4715);
#4711 = LINE('',#4712,#4713);
#4712 = CARTESIAN_POINT('',(0.,3.));
#4713 = VECTOR('',#4714,1.);
#4714 = DIRECTION('',(1.,0.));
#4715 = ( GEOMETRIC_REPRESENTATION_CONTEXT(2) 
PARAMETRIC_REPRESENTATION_CONTEXT() REPRESENTATION_CONTEXT('2D SPACE',''
  ) );
#4716 = ORIENTED_EDGE('',*,*,#4717,.T.);
#4717 = EDGE_CURVE('',#4688,#4718,#4720,.T.);
#4718 = VERTEX_POINT('',#4719);
#4719 = CARTESIAN_POINT('',(-1.9,-19.3,3.6));
#4720 = SURFACE_CURVE('',#4721,(#4725,#4732),.PCURVE_S1.);
#4721 = LINE('',#4722,#4723);
#4722 = CARTESIAN_POINT('',(-1.9,-19.3,2.05));
#4723 = VECTOR('',#4724,1.);
#4724 = DIRECTION('',(0.,0.,1.));
#4725 = PCURVE('',#4597,#4726);
#4726 = DEFINITIONAL_REPRESENTATION('',(#4727),#4731);
#4727 = LINE('',#4728,#4729);
#4728 = CARTESIAN_POINT('',(0.,0.));
#4729 = VECTOR('',#4730,1.);
#4730 = DIRECTION('',(1.,0.));
#4731 = ( GEOMETRIC_REPRESENTATION_CONTEXT(2) 
PARAMETRIC_REPRESENTATION_CONTEXT() REPRESENTATION_CONTEXT('2D SPACE',''
  ) );
#4732 = PCURVE('',#4733,#4738);
#4733 = PLANE('',#4734);
#4734 = AXIS2_PLACEMENT_3D('',#4735,#4736,#4737);
#4735 = CARTESIAN_POINT('',(-1.9,-22.3,2.05));
#4736 = DIRECTION('',(1.,0.,0.));
#4737 = DIRECTION('',(0.,0.,1.));
#4738 = DEFINITIONAL_REPRESENTATION('',(#4739),#4743);
#4739 = LINE('',#4740,#4741);
#4740 = CARTESIAN_POINT('',(0.,-3.));
#4741 = VECTOR('',#4742,1.);
#4742 = DIRECTION('',(1.,0.));
#4743 = ( GEOMETRIC_REPRESENTATION_CONTEXT(2) 
PARAMETRIC_REPRESENTATION_CONTEXT() REPRESENTATION_CONTEXT('2D SPACE',''
  ) );
#4744 = ORIENTED_EDGE('',*,*,#4745,.T.);
#4745 = EDGE_CURVE('',#4718,#4578,#4746,.T.);
#4746 = SURFACE_CURVE('',#4747,(#4751,#4758),.PCURVE_S1.);
#4747 = LINE('',#4748,#4749);
#4748 = CARTESIAN_POINT('',(-1.9,-19.3,3.6));
#4749 = VECTOR('',#4750,1.);
#4750 = DIRECTION('',(1.,0.,0.));
#4751 = PCURVE('',#4597,#4752);
#4752 = DEFINITIONAL_REPRESENTATION('',(#4753),#4757);
#4753 = LINE('',#4754,#4755);
#4754 = CARTESIAN_POINT('',(1.55,0.));
#4755 = VECTOR('',#4756,1.);
#4756 = DIRECTION('',(0.,1.));
#4757 = ( GEOMETRIC_REPRESENTATION_CONTEXT(2) 
PARAMETRIC_REPRESENTATION_CONTEXT() REPRESENTATION_CONTEXT('2D SPACE',''
  ) );
#4758 = PCURVE('',#4625,#4759);
#4759 = DEFINITIONAL_REPRESENTATION('',(#4760),#4764);
#4760 = LINE('',#4761,#4762);
#4761 = CARTESIAN_POINT('',(0.,3.));
#4762 = VECTOR('',#4763,1.);
#4763 = DIRECTION('',(1.,0.));
#4764 = ( GEOMETRIC_REPRESENTATION_CONTEXT(2) 
PARAMETRIC_REPRESENTATION_CONTEXT() REPRESENTATION_CONTEXT('2D SPACE',''
  ) );
#4765 = ORIENTED_EDGE('',*,*,#4577,.F.);
#4766 = ORIENTED_EDGE('',*,*,#4767,.T.);
#4767 = EDGE_CURVE('',#4556,#4690,#4768,.T.);
#4768 = SURFACE_CURVE('',#4769,(#4773,#4779),.PCURVE_S1.);
#4769 = LINE('',#4770,#4771);
#4770 = CARTESIAN_POINT('',(-0.727,-19.3,1.025));
#4771 = VECTOR('',#4772,1.);
#4772 = DIRECTION('',(0.,0.,-1.));
#4773 = PCURVE('',#4597,#4774);
#4774 = DEFINITIONAL_REPRESENTATION('',(#4775),#4778);
#4775 = B_SPLINE_CURVE_WITH_KNOTS('',1,(#4776,#4777),.UNSPECIFIED.,.F.,
  .F.,(2,2),(-2.575,-1.025),.PIECEWISE_BEZIER_KNOTS.);
#4776 = CARTESIAN_POINT('',(1.55,1.173));
#4777 = CARTESIAN_POINT('',(0.,1.173));
#4778 = ( GEOMETRIC_REPRESENTATION_CONTEXT(2) 
PARAMETRIC_REPRESENTATION_CONTEXT() REPRESENTATION_CONTEXT('2D SPACE',''
  ) );
#4779 = PCURVE('',#4540,#4780);
#4780 = DEFINITIONAL_REPRESENTATION('',(#4781),#4784);
#4781 = B_SPLINE_CURVE_WITH_KNOTS('',1,(#4782,#4783),.UNSPECIFIED.,.F.,
  .F.,(2,2),(-2.575,-1.025),.PIECEWISE_BEZIER_KNOTS.);
#4782 = CARTESIAN_POINT('',(3.6,-2.537));
#4783 = CARTESIAN_POINT('',(2.05,-2.537));
#4784 = ( GEOMETRIC_REPRESENTATION_CONTEXT(2) 
PARAMETRIC_REPRESENTATION_CONTEXT() REPRESENTATION_CONTEXT('2D SPACE',''
  ) );
#4785 = ADVANCED_FACE('',(#4786),#4733,.T.);
#4786 = FACE_BOUND('',#4787,.T.);
#4787 = EDGE_LOOP('',(#4788,#4818,#4839,#4840));
#4788 = ORIENTED_EDGE('',*,*,#4789,.F.);
#4789 = EDGE_CURVE('',#4790,#4792,#4794,.T.);
#4790 = VERTEX_POINT('',#4791);
#4791 = CARTESIAN_POINT('',(-1.9,-22.3,2.05));
#4792 = VERTEX_POINT('',#4793);
#4793 = CARTESIAN_POINT('',(-1.9,-22.3,3.6));
#4794 = SURFACE_CURVE('',#4795,(#4799,#4806),.PCURVE_S1.);
#4795 = LINE('',#4796,#4797);
#4796 = CARTESIAN_POINT('',(-1.9,-22.3,2.05));
#4797 = VECTOR('',#4798,1.);
#4798 = DIRECTION('',(0.,0.,1.));
#4799 = PCURVE('',#4733,#4800);
#4800 = DEFINITIONAL_REPRESENTATION('',(#4801),#4805);
#4801 = LINE('',#4802,#4803);
#4802 = CARTESIAN_POINT('',(0.,0.));
#4803 = VECTOR('',#4804,1.);
#4804 = DIRECTION('',(1.,0.));
#4805 = ( GEOMETRIC_REPRESENTATION_CONTEXT(2) 
PARAMETRIC_REPRESENTATION_CONTEXT() REPRESENTATION_CONTEXT('2D SPACE',''
  ) );
#4806 = PCURVE('',#4807,#4812);
#4807 = PLANE('',#4808);
#4808 = AXIS2_PLACEMENT_3D('',#4809,#4810,#4811);
#4809 = CARTESIAN_POINT('',(-1.9,-22.3,2.05));
#4810 = DIRECTION('',(0.,1.,0.));
#4811 = DIRECTION('',(0.,0.,1.));
#4812 = DEFINITIONAL_REPRESENTATION('',(#4813),#4817);
#4813 = LINE('',#4814,#4815);
#4814 = CARTESIAN_POINT('',(0.,0.));
#4815 = VECTOR('',#4816,1.);
#4816 = DIRECTION('',(1.,0.));
#4817 = ( GEOMETRIC_REPRESENTATION_CONTEXT(2) 
PARAMETRIC_REPRESENTATION_CONTEXT() REPRESENTATION_CONTEXT('2D SPACE',''
  ) );
#4818 = ORIENTED_EDGE('',*,*,#4819,.T.);
#4819 = EDGE_CURVE('',#4790,#4688,#4820,.T.);
#4820 = SURFACE_CURVE('',#4821,(#4825,#4832),.PCURVE_S1.);
#4821 = LINE('',#4822,#4823);
#4822 = CARTESIAN_POINT('',(-1.9,-22.3,2.05));
#4823 = VECTOR('',#4824,1.);
#4824 = DIRECTION('',(0.,1.,0.));
#4825 = PCURVE('',#4733,#4826);
#4826 = DEFINITIONAL_REPRESENTATION('',(#4827),#4831);
#4827 = LINE('',#4828,#4829);
#4828 = CARTESIAN_POINT('',(0.,0.));
#4829 = VECTOR('',#4830,1.);
#4830 = DIRECTION('',(0.,-1.));
#4831 = ( GEOMETRIC_REPRESENTATION_CONTEXT(2) 
PARAMETRIC_REPRESENTATION_CONTEXT() REPRESENTATION_CONTEXT('2D SPACE',''
  ) );
#4832 = PCURVE('',#4705,#4833);
#4833 = DEFINITIONAL_REPRESENTATION('',(#4834),#4838);
#4834 = LINE('',#4835,#4836);
#4835 = CARTESIAN_POINT('',(0.,0.));
#4836 = VECTOR('',#4837,1.);
#4837 = DIRECTION('',(0.,1.));
#4838 = ( GEOMETRIC_REPRESENTATION_CONTEXT(2) 
PARAMETRIC_REPRESENTATION_CONTEXT() REPRESENTATION_CONTEXT('2D SPACE',''
  ) );
#4839 = ORIENTED_EDGE('',*,*,#4717,.T.);
#4840 = ORIENTED_EDGE('',*,*,#4841,.F.);
#4841 = EDGE_CURVE('',#4792,#4718,#4842,.T.);
#4842 = SURFACE_CURVE('',#4843,(#4847,#4854),.PCURVE_S1.);
#4843 = LINE('',#4844,#4845);
#4844 = CARTESIAN_POINT('',(-1.9,-22.3,3.6));
#4845 = VECTOR('',#4846,1.);
#4846 = DIRECTION('',(0.,1.,0.));
#4847 = PCURVE('',#4733,#4848);
#4848 = DEFINITIONAL_REPRESENTATION('',(#4849),#4853);
#4849 = LINE('',#4850,#4851);
#4850 = CARTESIAN_POINT('',(1.55,0.));
#4851 = VECTOR('',#4852,1.);
#4852 = DIRECTION('',(0.,-1.));
#4853 = ( GEOMETRIC_REPRESENTATION_CONTEXT(2) 
PARAMETRIC_REPRESENTATION_CONTEXT() REPRESENTATION_CONTEXT('2D SPACE',''
  ) );
#4854 = PCURVE('',#4625,#4855);
#4855 = DEFINITIONAL_REPRESENTATION('',(#4856),#4860);
#4856 = LINE('',#4857,#4858);
#4857 = CARTESIAN_POINT('',(0.,0.));
#4858 = VECTOR('',#4859,1.);
#4859 = DIRECTION('',(0.,1.));
#4860 = ( GEOMETRIC_REPRESENTATION_CONTEXT(2) 
PARAMETRIC_REPRESENTATION_CONTEXT() REPRESENTATION_CONTEXT('2D SPACE',''
  ) );
#4861 = ADVANCED_FACE('',(#4862),#4807,.T.);
#4862 = FACE_BOUND('',#4863,.T.);
#4863 = EDGE_LOOP('',(#4864,#4887,#4888,#4911));
#4864 = ORIENTED_EDGE('',*,*,#4865,.F.);
#4865 = EDGE_CURVE('',#4790,#4866,#4868,.T.);
#4866 = VERTEX_POINT('',#4867);
#4867 = CARTESIAN_POINT('',(2.,-22.3,2.05));
#4868 = SURFACE_CURVE('',#4869,(#4873,#4880),.PCURVE_S1.);
#4869 = LINE('',#4870,#4871);
#4870 = CARTESIAN_POINT('',(-1.9,-22.3,2.05));
#4871 = VECTOR('',#4872,1.);
#4872 = DIRECTION('',(1.,0.,0.));
#4873 = PCURVE('',#4807,#4874);
#4874 = DEFINITIONAL_REPRESENTATION('',(#4875),#4879);
#4875 = LINE('',#4876,#4877);
#4876 = CARTESIAN_POINT('',(0.,0.));
#4877 = VECTOR('',#4878,1.);
#4878 = DIRECTION('',(0.,1.));
#4879 = ( GEOMETRIC_REPRESENTATION_CONTEXT(2) 
PARAMETRIC_REPRESENTATION_CONTEXT() REPRESENTATION_CONTEXT('2D SPACE',''
  ) );
#4880 = PCURVE('',#4705,#4881);
#4881 = DEFINITIONAL_REPRESENTATION('',(#4882),#4886);
#4882 = LINE('',#4883,#4884);
#4883 = CARTESIAN_POINT('',(0.,0.));
#4884 = VECTOR('',#4885,1.);
#4885 = DIRECTION('',(1.,0.));
#4886 = ( GEOMETRIC_REPRESENTATION_CONTEXT(2) 
PARAMETRIC_REPRESENTATION_CONTEXT() REPRESENTATION_CONTEXT('2D SPACE',''
  ) );
#4887 = ORIENTED_EDGE('',*,*,#4789,.T.);
#4888 = ORIENTED_EDGE('',*,*,#4889,.T.);
#4889 = EDGE_CURVE('',#4792,#4890,#4892,.T.);
#4890 = VERTEX_POINT('',#4891);
#4891 = CARTESIAN_POINT('',(2.,-22.3,3.6));
#4892 = SURFACE_CURVE('',#4893,(#4897,#4904),.PCURVE_S1.);
#4893 = LINE('',#4894,#4895);
#4894 = CARTESIAN_POINT('',(-1.9,-22.3,3.6));
#4895 = VECTOR('',#4896,1.);
#4896 = DIRECTION('',(1.,0.,0.));
#4897 = PCURVE('',#4807,#4898);
#4898 = DEFINITIONAL_REPRESENTATION('',(#4899),#4903);
#4899 = LINE('',#4900,#4901);
#4900 = CARTESIAN_POINT('',(1.55,0.));
#4901 = VECTOR('',#4902,1.);
#4902 = DIRECTION('',(0.,1.));
#4903 = ( GEOMETRIC_REPRESENTATION_CONTEXT(2) 
PARAMETRIC_REPRESENTATION_CONTEXT() REPRESENTATION_CONTEXT('2D SPACE',''
  ) );
#4904 = PCURVE('',#4625,#4905);
#4905 = DEFINITIONAL_REPRESENTATION('',(#4906),#4910);
#4906 = LINE('',#4907,#4908);
#4907 = CARTESIAN_POINT('',(0.,0.));
#4908 = VECTOR('',#4909,1.);
#4909 = DIRECTION('',(1.,0.));
#4910 = ( GEOMETRIC_REPRESENTATION_CONTEXT(2) 
PARAMETRIC_REPRESENTATION_CONTEXT() REPRESENTATION_CONTEXT('2D SPACE',''
  ) );
#4911 = ORIENTED_EDGE('',*,*,#4912,.F.);
#4912 = EDGE_CURVE('',#4866,#4890,#4913,.T.);
#4913 = SURFACE_CURVE('',#4914,(#4918,#4925),.PCURVE_S1.);
#4914 = LINE('',#4915,#4916);
#4915 = CARTESIAN_POINT('',(2.,-22.3,2.05));
#4916 = VECTOR('',#4917,1.);
#4917 = DIRECTION('',(0.,0.,1.));
#4918 = PCURVE('',#4807,#4919);
#4919 = DEFINITIONAL_REPRESENTATION('',(#4920),#4924);
#4920 = LINE('',#4921,#4922);
#4921 = CARTESIAN_POINT('',(0.,3.9));
#4922 = VECTOR('',#4923,1.);
#4923 = DIRECTION('',(1.,0.));
#4924 = ( GEOMETRIC_REPRESENTATION_CONTEXT(2) 
PARAMETRIC_REPRESENTATION_CONTEXT() REPRESENTATION_CONTEXT('2D SPACE',''
  ) );
#4925 = PCURVE('',#4926,#4931);
#4926 = PLANE('',#4927);
#4927 = AXIS2_PLACEMENT_3D('',#4928,#4929,#4930);
#4928 = CARTESIAN_POINT('',(2.,-22.3,2.05));
#4929 = DIRECTION('',(1.,0.,0.));
#4930 = DIRECTION('',(0.,0.,1.));
#4931 = DEFINITIONAL_REPRESENTATION('',(#4932),#4936);
#4932 = LINE('',#4933,#4934);
#4933 = CARTESIAN_POINT('',(0.,0.));
#4934 = VECTOR('',#4935,1.);
#4935 = DIRECTION('',(1.,0.));
#4936 = ( GEOMETRIC_REPRESENTATION_CONTEXT(2) 
PARAMETRIC_REPRESENTATION_CONTEXT() REPRESENTATION_CONTEXT('2D SPACE',''
  ) );
#4937 = ADVANCED_FACE('',(#4938),#4926,.F.);
#4938 = FACE_BOUND('',#4939,.F.);
#4939 = EDGE_LOOP('',(#4940,#4963,#4964,#4987,#5008));
#4940 = ORIENTED_EDGE('',*,*,#4941,.F.);
#4941 = EDGE_CURVE('',#4890,#4942,#4944,.T.);
#4942 = VERTEX_POINT('',#4943);
#4943 = CARTESIAN_POINT('',(2.,-21.87033333333,3.6));
#4944 = SURFACE_CURVE('',#4945,(#4949,#4956),.PCURVE_S1.);
#4945 = LINE('',#4946,#4947);
#4946 = CARTESIAN_POINT('',(2.,-22.3,3.6));
#4947 = VECTOR('',#4948,1.);
#4948 = DIRECTION('',(0.,1.,0.));
#4949 = PCURVE('',#4926,#4950);
#4950 = DEFINITIONAL_REPRESENTATION('',(#4951),#4955);
#4951 = LINE('',#4952,#4953);
#4952 = CARTESIAN_POINT('',(1.55,0.));
#4953 = VECTOR('',#4954,1.);
#4954 = DIRECTION('',(0.,-1.));
#4955 = ( GEOMETRIC_REPRESENTATION_CONTEXT(2) 
PARAMETRIC_REPRESENTATION_CONTEXT() REPRESENTATION_CONTEXT('2D SPACE',''
  ) );
#4956 = PCURVE('',#4625,#4957);
#4957 = DEFINITIONAL_REPRESENTATION('',(#4958),#4962);
#4958 = LINE('',#4959,#4960);
#4959 = CARTESIAN_POINT('',(3.9,0.));
#4960 = VECTOR('',#4961,1.);
#4961 = DIRECTION('',(0.,1.));
#4962 = ( GEOMETRIC_REPRESENTATION_CONTEXT(2) 
PARAMETRIC_REPRESENTATION_CONTEXT() REPRESENTATION_CONTEXT('2D SPACE',''
  ) );
#4963 = ORIENTED_EDGE('',*,*,#4912,.F.);
#4964 = ORIENTED_EDGE('',*,*,#4965,.T.);
#4965 = EDGE_CURVE('',#4866,#4966,#4968,.T.);
#4966 = VERTEX_POINT('',#4967);
#4967 = CARTESIAN_POINT('',(2.,-21.85,2.05));
#4968 = SURFACE_CURVE('',#4969,(#4973,#4980),.PCURVE_S1.);
#4969 = LINE('',#4970,#4971);
#4970 = CARTESIAN_POINT('',(2.,-22.3,2.05));
#4971 = VECTOR('',#4972,1.);
#4972 = DIRECTION('',(0.,1.,0.));
#4973 = PCURVE('',#4926,#4974);
#4974 = DEFINITIONAL_REPRESENTATION('',(#4975),#4979);
#4975 = LINE('',#4976,#4977);
#4976 = CARTESIAN_POINT('',(0.,0.));
#4977 = VECTOR('',#4978,1.);
#4978 = DIRECTION('',(0.,-1.));
#4979 = ( GEOMETRIC_REPRESENTATION_CONTEXT(2) 
PARAMETRIC_REPRESENTATION_CONTEXT() REPRESENTATION_CONTEXT('2D SPACE',''
  ) );
#4980 = PCURVE('',#4705,#4981);
#4981 = DEFINITIONAL_REPRESENTATION('',(#4982),#4986);
#4982 = LINE('',#4983,#4984);
#4983 = CARTESIAN_POINT('',(3.9,0.));
#4984 = VECTOR('',#4985,1.);
#4985 = DIRECTION('',(0.,1.));
#4986 = ( GEOMETRIC_REPRESENTATION_CONTEXT(2) 
PARAMETRIC_REPRESENTATION_CONTEXT() REPRESENTATION_CONTEXT('2D SPACE',''
  ) );
#4987 = ORIENTED_EDGE('',*,*,#4988,.F.);
#4988 = EDGE_CURVE('',#4989,#4966,#4991,.T.);
#4989 = VERTEX_POINT('',#4990);
#4990 = CARTESIAN_POINT('',(2.,-21.85,3.539));
#4991 = SURFACE_CURVE('',#4992,(#4996,#5002),.PCURVE_S1.);
#4992 = LINE('',#4993,#4994);
#4993 = CARTESIAN_POINT('',(2.,-21.85,-0.975));
#4994 = VECTOR('',#4995,1.);
#4995 = DIRECTION('',(0.,0.,-1.));
#4996 = PCURVE('',#4926,#4997);
#4997 = DEFINITIONAL_REPRESENTATION('',(#4998),#5001);
#4998 = B_SPLINE_CURVE_WITH_KNOTS('',1,(#4999,#5000),.UNSPECIFIED.,.F.,
  .F.,(2,2),(-4.575,-3.025),.PIECEWISE_BEZIER_KNOTS.);
#4999 = CARTESIAN_POINT('',(1.55,-0.45));
#5000 = CARTESIAN_POINT('',(0.,-0.45));
#5001 = ( GEOMETRIC_REPRESENTATION_CONTEXT(2) 
PARAMETRIC_REPRESENTATION_CONTEXT() REPRESENTATION_CONTEXT('2D SPACE',''
  ) );
#5002 = PCURVE('',#1697,#5003);
#5003 = DEFINITIONAL_REPRESENTATION('',(#5004),#5007);
#5004 = B_SPLINE_CURVE_WITH_KNOTS('',1,(#5005,#5006),.UNSPECIFIED.,.F.,
  .F.,(2,2),(-4.575,-3.025),.PIECEWISE_BEZIER_KNOTS.);
#5005 = CARTESIAN_POINT('',(7.6,2.6));
#5006 = CARTESIAN_POINT('',(6.05,2.6));
#5007 = ( GEOMETRIC_REPRESENTATION_CONTEXT(2) 
PARAMETRIC_REPRESENTATION_CONTEXT() REPRESENTATION_CONTEXT('2D SPACE',''
  ) );
#5008 = ORIENTED_EDGE('',*,*,#5009,.T.);
#5009 = EDGE_CURVE('',#4989,#4942,#5010,.T.);
#5010 = SURFACE_CURVE('',#5011,(#5017,#5026),.PCURVE_S1.);
#5011 = B_SPLINE_CURVE_WITH_KNOTS('',4,(#5012,#5013,#5014,#5015,#5016),
  .UNSPECIFIED.,.F.,.F.,(5,5),(0.,1.),.PIECEWISE_BEZIER_KNOTS.);
#5012 = CARTESIAN_POINT('',(2.,-21.85,3.539));
#5013 = CARTESIAN_POINT('',(2.,-21.85508322349,3.55424967049));
#5014 = CARTESIAN_POINT('',(2.,-21.86016652022,3.569499560666));
#5015 = CARTESIAN_POINT('',(2.,-21.86524989025,3.584749670754));
#5016 = CARTESIAN_POINT('',(2.,-21.87033333333,3.6));
#5017 = PCURVE('',#4926,#5018);
#5018 = DEFINITIONAL_REPRESENTATION('',(#5019),#5025);
#5019 = B_SPLINE_CURVE_WITH_KNOTS('',4,(#5020,#5021,#5022,#5023,#5024),
  .UNSPECIFIED.,.F.,.F.,(5,5),(0.,1.),.PIECEWISE_BEZIER_KNOTS.);
#5020 = CARTESIAN_POINT('',(1.489,-0.45));
#5021 = CARTESIAN_POINT('',(1.50424967049,-0.444916776503));
#5022 = CARTESIAN_POINT('',(1.519499560666,-0.439833479778));
#5023 = CARTESIAN_POINT('',(1.534749670754,-0.434750109749));
#5024 = CARTESIAN_POINT('',(1.55,-0.429666666667));
#5025 = ( GEOMETRIC_REPRESENTATION_CONTEXT(2) 
PARAMETRIC_REPRESENTATION_CONTEXT() REPRESENTATION_CONTEXT('2D SPACE',''
  ) );
#5026 = PCURVE('',#5027,#5032);
#5027 = B_SPLINE_SURFACE_WITH_KNOTS('',1,1,(
    (#5028,#5029)
    ,(#5030,#5031
    )),.UNSPECIFIED.,.F.,.F.,.F.,(2,2),(2,2),(0.,75.135),(0.,1.),
  .PIECEWISE_BEZIER_KNOTS.);
#5028 = CARTESIAN_POINT('',(-0.727,-21.837,3.5));
#5029 = CARTESIAN_POINT('',(-1.027,-22.137,4.4));
#5030 = CARTESIAN_POINT('',(73.808,-21.837,3.5));
#5031 = CARTESIAN_POINT('',(74.108,-22.137,4.4));
#5032 = DEFINITIONAL_REPRESENTATION('',(#5033),#5039);
#5033 = B_SPLINE_CURVE_WITH_KNOTS('',4,(#5034,#5035,#5036,#5037,#5038),
  .UNSPECIFIED.,.F.,.F.,(5,5),(0.,1.),.PIECEWISE_BEZIER_KNOTS.);
#5034 = CARTESIAN_POINT('',(2.761093600712,4.333333333333E-02));
#5035 = CARTESIAN_POINT('',(2.765839479733,6.027741165589E-02));
#5036 = CARTESIAN_POINT('',(2.770583702918,7.722173407357E-02));
#5037 = CARTESIAN_POINT('',(2.775326267697,9.416630083761E-02));
#5038 = CARTESIAN_POINT('',(2.780067178795,0.111111111111));
#5039 = ( GEOMETRIC_REPRESENTATION_CONTEXT(2) 
PARAMETRIC_REPRESENTATION_CONTEXT() REPRESENTATION_CONTEXT('2D SPACE',''
  ) );
#5040 = ADVANCED_FACE('',(#5041),#5027,.F.);
#5041 = FACE_BOUND('',#5042,.F.);
#5042 = EDGE_LOOP('',(#5043,#5068,#5102,#5120,#5121,#5141));
#5043 = ORIENTED_EDGE('',*,*,#5044,.F.);
#5044 = EDGE_CURVE('',#5045,#5047,#5049,.T.);
#5045 = VERTEX_POINT('',#5046);
#5046 = CARTESIAN_POINT('',(1.95,-22.137,4.4));
#5047 = VERTEX_POINT('',#5048);
#5048 = CARTESIAN_POINT('',(16.75,-22.137,4.4));
#5049 = SURFACE_CURVE('',#5050,(#5054,#5061),.PCURVE_S1.);
#5050 = LINE('',#5051,#5052);
#5051 = CARTESIAN_POINT('',(-1.027,-22.137,4.4));
#5052 = VECTOR('',#5053,1.);
#5053 = DIRECTION('',(1.,0.,0.));
#5054 = PCURVE('',#5027,#5055);
#5055 = DEFINITIONAL_REPRESENTATION('',(#5056),#5060);
#5056 = LINE('',#5057,#5058);
#5057 = CARTESIAN_POINT('',(0.,1.));
#5058 = VECTOR('',#5059,1.);
#5059 = DIRECTION('',(1.,0.));
#5060 = ( GEOMETRIC_REPRESENTATION_CONTEXT(2) 
PARAMETRIC_REPRESENTATION_CONTEXT() REPRESENTATION_CONTEXT('2D SPACE',''
  ) );
#5061 = PCURVE('',#72,#5062);
#5062 = DEFINITIONAL_REPRESENTATION('',(#5063),#5067);
#5063 = LINE('',#5064,#5065);
#5064 = CARTESIAN_POINT('',(-38.01766680575,-12.34197963771));
#5065 = VECTOR('',#5066,1.);
#5066 = DIRECTION('',(1.,0.));
#5067 = ( GEOMETRIC_REPRESENTATION_CONTEXT(2) 
PARAMETRIC_REPRESENTATION_CONTEXT() REPRESENTATION_CONTEXT('2D SPACE',''
  ) );
#5068 = ORIENTED_EDGE('',*,*,#5069,.F.);
#5069 = EDGE_CURVE('',#5070,#5045,#5072,.T.);
#5070 = VERTEX_POINT('',#5071);
#5071 = CARTESIAN_POINT('',(1.95,-21.87033333333,3.6));
#5072 = SURFACE_CURVE('',#5073,(#5079,#5088),.PCURVE_S1.);
#5073 = B_SPLINE_CURVE_WITH_KNOTS('',4,(#5074,#5075,#5076,#5077,#5078),
  .UNSPECIFIED.,.F.,.F.,(5,5),(0.,1.),.PIECEWISE_BEZIER_KNOTS.);
#5074 = CARTESIAN_POINT('',(1.95,-21.87033333333,3.6));
#5075 = CARTESIAN_POINT('',(1.95,-21.93698130787,3.799943923614));
#5076 = CARTESIAN_POINT('',(1.95,-22.00364188303,3.99992564911));
#5077 = CARTESIAN_POINT('',(1.95,-22.07031484807,4.199944544217));
#5078 = CARTESIAN_POINT('',(1.95,-22.137,4.4));
#5079 = PCURVE('',#5027,#5080);
#5080 = DEFINITIONAL_REPRESENTATION('',(#5081),#5087);
#5081 = B_SPLINE_CURVE_WITH_KNOTS('',4,(#5082,#5083,#5084,#5085,#5086),
  .UNSPECIFIED.,.F.,.F.,(5,5),(0.,1.),.PIECEWISE_BEZIER_KNOTS.);
#5082 = CARTESIAN_POINT('',(2.729709724761,0.111111111111));
#5083 = CARTESIAN_POINT('',(2.791956810194,0.333271026237));
#5084 = CARTESIAN_POINT('',(2.853919074963,0.555472943456));
#5085 = CARTESIAN_POINT('',(2.91559924808,0.777716160242));
#5086 = CARTESIAN_POINT('',(2.977,1.));
#5087 = ( GEOMETRIC_REPRESENTATION_CONTEXT(2) 
PARAMETRIC_REPRESENTATION_CONTEXT() REPRESENTATION_CONTEXT('2D SPACE',''
  ) );
#5088 = PCURVE('',#5089,#5094);
#5089 = PLANE('',#5090);
#5090 = AXIS2_PLACEMENT_3D('',#5091,#5092,#5093);
#5091 = CARTESIAN_POINT('',(1.95,-22.2,3.4));
#5092 = DIRECTION('',(1.,0.,0.));
#5093 = DIRECTION('',(0.,0.,1.));
#5094 = DEFINITIONAL_REPRESENTATION('',(#5095),#5101);
#5095 = B_SPLINE_CURVE_WITH_KNOTS('',4,(#5096,#5097,#5098,#5099,#5100),
  .UNSPECIFIED.,.F.,.F.,(5,5),(0.,1.),.PIECEWISE_BEZIER_KNOTS.);
#5096 = CARTESIAN_POINT('',(0.2,-0.329666666667));
#5097 = CARTESIAN_POINT('',(0.399943923614,-0.263018692129));
#5098 = CARTESIAN_POINT('',(0.59992564911,-0.196358116963));
#5099 = CARTESIAN_POINT('',(0.799944544217,-0.129685151928));
#5100 = CARTESIAN_POINT('',(1.,-6.3E-02));
#5101 = ( GEOMETRIC_REPRESENTATION_CONTEXT(2) 
PARAMETRIC_REPRESENTATION_CONTEXT() REPRESENTATION_CONTEXT('2D SPACE',''
  ) );
#5102 = ORIENTED_EDGE('',*,*,#5103,.F.);
#5103 = EDGE_CURVE('',#4942,#5070,#5104,.T.);
#5104 = SURFACE_CURVE('',#5105,(#5108,#5114),.PCURVE_S1.);
#5105 = B_SPLINE_CURVE_WITH_KNOTS('',1,(#5106,#5107),.UNSPECIFIED.,.F.,
  .F.,(2,2),(0.,1.),.PIECEWISE_BEZIER_KNOTS.);
#5106 = CARTESIAN_POINT('',(2.,-21.87033333333,3.6));
#5107 = CARTESIAN_POINT('',(-0.760333333333,-21.87033333333,3.6));
#5108 = PCURVE('',#5027,#5109);
#5109 = DEFINITIONAL_REPRESENTATION('',(#5110),#5113);
#5110 = B_SPLINE_CURVE_WITH_KNOTS('',1,(#5111,#5112),.UNSPECIFIED.,.F.,
  .F.,(2,2),(0.,1.),.PIECEWISE_BEZIER_KNOTS.);
#5111 = CARTESIAN_POINT('',(2.780067179017,0.111111111111));
#5112 = CARTESIAN_POINT('',(0.,0.111111111111));
#5113 = ( GEOMETRIC_REPRESENTATION_CONTEXT(2) 
PARAMETRIC_REPRESENTATION_CONTEXT() REPRESENTATION_CONTEXT('2D SPACE',''
  ) );
#5114 = PCURVE('',#4625,#5115);
#5115 = DEFINITIONAL_REPRESENTATION('',(#5116),#5119);
#5116 = B_SPLINE_CURVE_WITH_KNOTS('',1,(#5117,#5118),.UNSPECIFIED.,.F.,
  .F.,(2,2),(0.,1.),.PIECEWISE_BEZIER_KNOTS.);
#5117 = CARTESIAN_POINT('',(3.9,0.429666666667));
#5118 = CARTESIAN_POINT('',(1.139666666667,0.429666666667));
#5119 = ( GEOMETRIC_REPRESENTATION_CONTEXT(2) 
PARAMETRIC_REPRESENTATION_CONTEXT() REPRESENTATION_CONTEXT('2D SPACE',''
  ) );
#5120 = ORIENTED_EDGE('',*,*,#5009,.F.);
#5121 = ORIENTED_EDGE('',*,*,#5122,.F.);
#5122 = EDGE_CURVE('',#5123,#4989,#5125,.T.);
#5123 = VERTEX_POINT('',#5124);
#5124 = CARTESIAN_POINT('',(16.75,-21.85,3.539));
#5125 = SURFACE_CURVE('',#5126,(#5129,#5135),.PCURVE_S1.);
#5126 = B_SPLINE_CURVE_WITH_KNOTS('',1,(#5127,#5128),.UNSPECIFIED.,.F.,
  .F.,(2,2),(0.,1.),.PIECEWISE_BEZIER_KNOTS.);
#5127 = CARTESIAN_POINT('',(71.7,-21.85,3.539));
#5128 = CARTESIAN_POINT('',(-0.6,-21.85,3.539));
#5129 = PCURVE('',#5027,#5130);
#5130 = DEFINITIONAL_REPRESENTATION('',(#5131),#5134);
#5131 = B_SPLINE_CURVE_WITH_KNOTS('',1,(#5132,#5133),.UNSPECIFIED.,.F.,
  .F.,(2,2),(0.,1.),.PIECEWISE_BEZIER_KNOTS.);
#5132 = CARTESIAN_POINT('',(72.997671705047,4.333333333334E-02));
#5133 = CARTESIAN_POINT('',(0.141077775244,4.333333333334E-02));
#5134 = ( GEOMETRIC_REPRESENTATION_CONTEXT(2) 
PARAMETRIC_REPRESENTATION_CONTEXT() REPRESENTATION_CONTEXT('2D SPACE',''
  ) );
#5135 = PCURVE('',#1697,#5136);
#5136 = DEFINITIONAL_REPRESENTATION('',(#5137),#5140);
#5137 = B_SPLINE_CURVE_WITH_KNOTS('',1,(#5138,#5139),.UNSPECIFIED.,.F.,
  .F.,(2,2),(0.,1.),.PIECEWISE_BEZIER_KNOTS.);
#5138 = CARTESIAN_POINT('',(7.539,72.3));
#5139 = CARTESIAN_POINT('',(7.539,0.));
#5140 = ( GEOMETRIC_REPRESENTATION_CONTEXT(2) 
PARAMETRIC_REPRESENTATION_CONTEXT() REPRESENTATION_CONTEXT('2D SPACE',''
  ) );
#5141 = ORIENTED_EDGE('',*,*,#5142,.T.);
#5142 = EDGE_CURVE('',#5123,#5047,#5143,.T.);
#5143 = SURFACE_CURVE('',#5144,(#5150,#5159),.PCURVE_S1.);
#5144 = B_SPLINE_CURVE_WITH_KNOTS('',4,(#5145,#5146,#5147,#5148,#5149),
  .UNSPECIFIED.,.F.,.F.,(5,5),(0.,1.),.PIECEWISE_BEZIER_KNOTS.);
#5145 = CARTESIAN_POINT('',(16.75,-21.85,3.539));
#5146 = CARTESIAN_POINT('',(16.75,-21.92174270609,3.754228118281));
#5147 = CARTESIAN_POINT('',(16.75,-21.9934903359,3.969471007722));
#5148 = CARTESIAN_POINT('',(16.75,-22.06524279678,4.184728390348));
#5149 = CARTESIAN_POINT('',(16.75,-22.137,4.4));
#5150 = PCURVE('',#5027,#5151);
#5151 = DEFINITIONAL_REPRESENTATION('',(#5152),#5158);
#5152 = B_SPLINE_CURVE_WITH_KNOTS('',4,(#5153,#5154,#5155,#5156,#5157),
  .UNSPECIFIED.,.F.,.F.,(5,5),(0.,1.),.PIECEWISE_BEZIER_KNOTS.);
#5153 = CARTESIAN_POINT('',(17.624644921321,4.333333333333E-02));
#5154 = CARTESIAN_POINT('',(17.663023011491,0.282475686979));
#5155 = CARTESIAN_POINT('',(17.701206789807,0.521634453025));
#5156 = CARTESIAN_POINT('',(17.73919841804,0.760809322609));
#5157 = CARTESIAN_POINT('',(17.777,1.));
#5158 = ( GEOMETRIC_REPRESENTATION_CONTEXT(2) 
PARAMETRIC_REPRESENTATION_CONTEXT() REPRESENTATION_CONTEXT('2D SPACE',''
  ) );
#5159 = PCURVE('',#5160,#5165);
#5160 = PLANE('',#5161);
#5161 = AXIS2_PLACEMENT_3D('',#5162,#5163,#5164);
#5162 = CARTESIAN_POINT('',(16.75,-22.4,1.6));
#5163 = DIRECTION('',(1.,0.,0.));
#5164 = DIRECTION('',(0.,0.,1.));
#5165 = DEFINITIONAL_REPRESENTATION('',(#5166),#5172);
#5166 = B_SPLINE_CURVE_WITH_KNOTS('',4,(#5167,#5168,#5169,#5170,#5171),
  .UNSPECIFIED.,.F.,.F.,(5,5),(0.,1.),.PIECEWISE_BEZIER_KNOTS.);
#5167 = CARTESIAN_POINT('',(1.939,-0.55));
#5168 = CARTESIAN_POINT('',(2.154228118281,-0.478257293906));
#5169 = CARTESIAN_POINT('',(2.369471007722,-0.406509664092));
#5170 = CARTESIAN_POINT('',(2.584728390348,-0.334757203217));
#5171 = CARTESIAN_POINT('',(2.8,-0.263));
#5172 = ( GEOMETRIC_REPRESENTATION_CONTEXT(2) 
PARAMETRIC_REPRESENTATION_CONTEXT() REPRESENTATION_CONTEXT('2D SPACE',''
  ) );
#5173 = ADVANCED_FACE('',(#5174),#5089,.F.);
#5174 = FACE_BOUND('',#5175,.F.);
#5175 = EDGE_LOOP('',(#5176,#5206,#5225,#5226));
#5176 = ORIENTED_EDGE('',*,*,#5177,.F.);
#5177 = EDGE_CURVE('',#5178,#5180,#5182,.T.);
#5178 = VERTEX_POINT('',#5179);
#5179 = CARTESIAN_POINT('',(1.95,-22.2,3.6));
#5180 = VERTEX_POINT('',#5181);
#5181 = CARTESIAN_POINT('',(1.95,-22.2,4.4));
#5182 = SURFACE_CURVE('',#5183,(#5187,#5194),.PCURVE_S1.);
#5183 = LINE('',#5184,#5185);
#5184 = CARTESIAN_POINT('',(1.95,-22.2,3.4));
#5185 = VECTOR('',#5186,1.);
#5186 = DIRECTION('',(0.,0.,1.));
#5187 = PCURVE('',#5089,#5188);
#5188 = DEFINITIONAL_REPRESENTATION('',(#5189),#5193);
#5189 = LINE('',#5190,#5191);
#5190 = CARTESIAN_POINT('',(0.,0.));
#5191 = VECTOR('',#5192,1.);
#5192 = DIRECTION('',(1.,0.));
#5193 = ( GEOMETRIC_REPRESENTATION_CONTEXT(2) 
PARAMETRIC_REPRESENTATION_CONTEXT() REPRESENTATION_CONTEXT('2D SPACE',''
  ) );
#5194 = PCURVE('',#5195,#5200);
#5195 = PLANE('',#5196);
#5196 = AXIS2_PLACEMENT_3D('',#5197,#5198,#5199);
#5197 = CARTESIAN_POINT('',(-0.35,-22.2,3.4));
#5198 = DIRECTION('',(0.,1.,0.));
#5199 = DIRECTION('',(0.,0.,1.));
#5200 = DEFINITIONAL_REPRESENTATION('',(#5201),#5205);
#5201 = LINE('',#5202,#5203);
#5202 = CARTESIAN_POINT('',(0.,2.3));
#5203 = VECTOR('',#5204,1.);
#5204 = DIRECTION('',(1.,0.));
#5205 = ( GEOMETRIC_REPRESENTATION_CONTEXT(2) 
PARAMETRIC_REPRESENTATION_CONTEXT() REPRESENTATION_CONTEXT('2D SPACE',''
  ) );
#5206 = ORIENTED_EDGE('',*,*,#5207,.T.);
#5207 = EDGE_CURVE('',#5178,#5070,#5208,.T.);
#5208 = SURFACE_CURVE('',#5209,(#5213,#5219),.PCURVE_S1.);
#5209 = LINE('',#5210,#5211);
#5210 = CARTESIAN_POINT('',(1.95,-22.25,3.6));
#5211 = VECTOR('',#5212,1.);
#5212 = DIRECTION('',(0.,1.,0.));
#5213 = PCURVE('',#5089,#5214);
#5214 = DEFINITIONAL_REPRESENTATION('',(#5215),#5218);
#5215 = B_SPLINE_CURVE_WITH_KNOTS('',1,(#5216,#5217),.UNSPECIFIED.,.F.,
  .F.,(2,2),(5.E-02,2.85),.PIECEWISE_BEZIER_KNOTS.);
#5216 = CARTESIAN_POINT('',(0.2,0.));
#5217 = CARTESIAN_POINT('',(0.2,-2.8));
#5218 = ( GEOMETRIC_REPRESENTATION_CONTEXT(2) 
PARAMETRIC_REPRESENTATION_CONTEXT() REPRESENTATION_CONTEXT('2D SPACE',''
  ) );
#5219 = PCURVE('',#4625,#5220);
#5220 = DEFINITIONAL_REPRESENTATION('',(#5221),#5224);
#5221 = B_SPLINE_CURVE_WITH_KNOTS('',1,(#5222,#5223),.UNSPECIFIED.,.F.,
  .F.,(2,2),(5.E-02,2.85),.PIECEWISE_BEZIER_KNOTS.);
#5222 = CARTESIAN_POINT('',(3.85,0.1));
#5223 = CARTESIAN_POINT('',(3.85,2.9));
#5224 = ( GEOMETRIC_REPRESENTATION_CONTEXT(2) 
PARAMETRIC_REPRESENTATION_CONTEXT() REPRESENTATION_CONTEXT('2D SPACE',''
  ) );
#5225 = ORIENTED_EDGE('',*,*,#5069,.T.);
#5226 = ORIENTED_EDGE('',*,*,#5227,.F.);
#5227 = EDGE_CURVE('',#5180,#5045,#5228,.T.);
#5228 = SURFACE_CURVE('',#5229,(#5233,#5239),.PCURVE_S1.);
#5229 = LINE('',#5230,#5231);
#5230 = CARTESIAN_POINT('',(1.95,-15.99751018114,4.4));
#5231 = VECTOR('',#5232,1.);
#5232 = DIRECTION('',(0.,1.,0.));
#5233 = PCURVE('',#5089,#5234);
#5234 = DEFINITIONAL_REPRESENTATION('',(#5235),#5238);
#5235 = B_SPLINE_CURVE_WITH_KNOTS('',1,(#5236,#5237),.UNSPECIFIED.,.F.,
  .F.,(2,2),(-6.202489818856,-3.402489818856),.PIECEWISE_BEZIER_KNOTS.);
#5236 = CARTESIAN_POINT('',(1.,0.));
#5237 = CARTESIAN_POINT('',(1.,-2.8));
#5238 = ( GEOMETRIC_REPRESENTATION_CONTEXT(2) 
PARAMETRIC_REPRESENTATION_CONTEXT() REPRESENTATION_CONTEXT('2D SPACE',''
  ) );
#5239 = PCURVE('',#72,#5240);
#5240 = DEFINITIONAL_REPRESENTATION('',(#5241),#5245);
#5241 = LINE('',#5242,#5243);
#5242 = CARTESIAN_POINT('',(-35.04066680575,-6.202489818856));
#5243 = VECTOR('',#5244,1.);
#5244 = DIRECTION('',(0.,1.));
#5245 = ( GEOMETRIC_REPRESENTATION_CONTEXT(2) 
PARAMETRIC_REPRESENTATION_CONTEXT() REPRESENTATION_CONTEXT('2D SPACE',''
  ) );
#5246 = ADVANCED_FACE('',(#5247),#5195,.T.);
#5247 = FACE_BOUND('',#5248,.T.);
#5248 = EDGE_LOOP('',(#5249,#5250,#5271,#5299));
#5249 = ORIENTED_EDGE('',*,*,#5177,.F.);
#5250 = ORIENTED_EDGE('',*,*,#5251,.T.);
#5251 = EDGE_CURVE('',#5178,#5252,#5254,.T.);
#5252 = VERTEX_POINT('',#5253);
#5253 = CARTESIAN_POINT('',(-0.35,-22.2,3.6));
#5254 = SURFACE_CURVE('',#5255,(#5259,#5265),.PCURVE_S1.);
#5255 = LINE('',#5256,#5257);
#5256 = CARTESIAN_POINT('',(-1.125,-22.2,3.6));
#5257 = VECTOR('',#5258,1.);
#5258 = DIRECTION('',(-1.,0.,0.));
#5259 = PCURVE('',#5195,#5260);
#5260 = DEFINITIONAL_REPRESENTATION('',(#5261),#5264);
#5261 = B_SPLINE_CURVE_WITH_KNOTS('',1,(#5262,#5263),.UNSPECIFIED.,.F.,
  .F.,(2,2),(-3.075,-0.775),.PIECEWISE_BEZIER_KNOTS.);
#5262 = CARTESIAN_POINT('',(0.2,2.3));
#5263 = CARTESIAN_POINT('',(0.2,0.));
#5264 = ( GEOMETRIC_REPRESENTATION_CONTEXT(2) 
PARAMETRIC_REPRESENTATION_CONTEXT() REPRESENTATION_CONTEXT('2D SPACE',''
  ) );
#5265 = PCURVE('',#4625,#5266);
#5266 = DEFINITIONAL_REPRESENTATION('',(#5267),#5270);
#5267 = B_SPLINE_CURVE_WITH_KNOTS('',1,(#5268,#5269),.UNSPECIFIED.,.F.,
  .F.,(2,2),(-3.075,-0.775),.PIECEWISE_BEZIER_KNOTS.);
#5268 = CARTESIAN_POINT('',(3.85,0.1));
#5269 = CARTESIAN_POINT('',(1.55,0.1));
#5270 = ( GEOMETRIC_REPRESENTATION_CONTEXT(2) 
PARAMETRIC_REPRESENTATION_CONTEXT() REPRESENTATION_CONTEXT('2D SPACE',''
  ) );
#5271 = ORIENTED_EDGE('',*,*,#5272,.T.);
#5272 = EDGE_CURVE('',#5252,#5273,#5275,.T.);
#5273 = VERTEX_POINT('',#5274);
#5274 = CARTESIAN_POINT('',(-0.35,-22.2,4.4));
#5275 = SURFACE_CURVE('',#5276,(#5280,#5287),.PCURVE_S1.);
#5276 = LINE('',#5277,#5278);
#5277 = CARTESIAN_POINT('',(-0.35,-22.2,3.4));
#5278 = VECTOR('',#5279,1.);
#5279 = DIRECTION('',(0.,0.,1.));
#5280 = PCURVE('',#5195,#5281);
#5281 = DEFINITIONAL_REPRESENTATION('',(#5282),#5286);
#5282 = LINE('',#5283,#5284);
#5283 = CARTESIAN_POINT('',(0.,0.));
#5284 = VECTOR('',#5285,1.);
#5285 = DIRECTION('',(1.,0.));
#5286 = ( GEOMETRIC_REPRESENTATION_CONTEXT(2) 
PARAMETRIC_REPRESENTATION_CONTEXT() REPRESENTATION_CONTEXT('2D SPACE',''
  ) );
#5287 = PCURVE('',#5288,#5293);
#5288 = PLANE('',#5289);
#5289 = AXIS2_PLACEMENT_3D('',#5290,#5291,#5292);
#5290 = CARTESIAN_POINT('',(-0.35,-22.2,3.4));
#5291 = DIRECTION('',(1.,0.,0.));
#5292 = DIRECTION('',(0.,0.,1.));
#5293 = DEFINITIONAL_REPRESENTATION('',(#5294),#5298);
#5294 = LINE('',#5295,#5296);
#5295 = CARTESIAN_POINT('',(0.,0.));
#5296 = VECTOR('',#5297,1.);
#5297 = DIRECTION('',(1.,0.));
#5298 = ( GEOMETRIC_REPRESENTATION_CONTEXT(2) 
PARAMETRIC_REPRESENTATION_CONTEXT() REPRESENTATION_CONTEXT('2D SPACE',''
  ) );
#5299 = ORIENTED_EDGE('',*,*,#5300,.F.);
#5300 = EDGE_CURVE('',#5180,#5273,#5301,.T.);
#5301 = SURFACE_CURVE('',#5302,(#5306,#5312),.PCURVE_S1.);
#5302 = LINE('',#5303,#5304);
#5303 = CARTESIAN_POINT('',(18.320333402879,-22.2,4.4));
#5304 = VECTOR('',#5305,1.);
#5305 = DIRECTION('',(-1.,0.,0.));
#5306 = PCURVE('',#5195,#5307);
#5307 = DEFINITIONAL_REPRESENTATION('',(#5308),#5311);
#5308 = B_SPLINE_CURVE_WITH_KNOTS('',1,(#5309,#5310),.UNSPECIFIED.,.F.,
  .F.,(2,2),(16.370333402879,18.670333402879),.PIECEWISE_BEZIER_KNOTS.);
#5309 = CARTESIAN_POINT('',(1.,2.3));
#5310 = CARTESIAN_POINT('',(1.,0.));
#5311 = ( GEOMETRIC_REPRESENTATION_CONTEXT(2) 
PARAMETRIC_REPRESENTATION_CONTEXT() REPRESENTATION_CONTEXT('2D SPACE',''
  ) );
#5312 = PCURVE('',#72,#5313);
#5313 = DEFINITIONAL_REPRESENTATION('',(#5314),#5318);
#5314 = LINE('',#5315,#5316);
#5315 = CARTESIAN_POINT('',(-18.67033340287,-12.40497963771));
#5316 = VECTOR('',#5317,1.);
#5317 = DIRECTION('',(-1.,0.));
#5318 = ( GEOMETRIC_REPRESENTATION_CONTEXT(2) 
PARAMETRIC_REPRESENTATION_CONTEXT() REPRESENTATION_CONTEXT('2D SPACE',''
  ) );
#5319 = ADVANCED_FACE('',(#5320),#5288,.T.);
#5320 = FACE_BOUND('',#5321,.T.);
#5321 = EDGE_LOOP('',(#5322,#5323,#5344,#5373));
#5322 = ORIENTED_EDGE('',*,*,#5272,.F.);
#5323 = ORIENTED_EDGE('',*,*,#5324,.T.);
#5324 = EDGE_CURVE('',#5252,#5325,#5327,.T.);
#5325 = VERTEX_POINT('',#5326);
#5326 = CARTESIAN_POINT('',(-0.35,-21.87033333333,3.6));
#5327 = SURFACE_CURVE('',#5328,(#5332,#5338),.PCURVE_S1.);
#5328 = LINE('',#5329,#5330);
#5329 = CARTESIAN_POINT('',(-0.35,-22.25,3.6));
#5330 = VECTOR('',#5331,1.);
#5331 = DIRECTION('',(0.,1.,0.));
#5332 = PCURVE('',#5288,#5333);
#5333 = DEFINITIONAL_REPRESENTATION('',(#5334),#5337);
#5334 = B_SPLINE_CURVE_WITH_KNOTS('',1,(#5335,#5336),.UNSPECIFIED.,.F.,
  .F.,(2,2),(5.E-02,2.85),.PIECEWISE_BEZIER_KNOTS.);
#5335 = CARTESIAN_POINT('',(0.2,0.));
#5336 = CARTESIAN_POINT('',(0.2,-2.8));
#5337 = ( GEOMETRIC_REPRESENTATION_CONTEXT(2) 
PARAMETRIC_REPRESENTATION_CONTEXT() REPRESENTATION_CONTEXT('2D SPACE',''
  ) );
#5338 = PCURVE('',#4625,#5339);
#5339 = DEFINITIONAL_REPRESENTATION('',(#5340),#5343);
#5340 = B_SPLINE_CURVE_WITH_KNOTS('',1,(#5341,#5342),.UNSPECIFIED.,.F.,
  .F.,(2,2),(5.E-02,2.85),.PIECEWISE_BEZIER_KNOTS.);
#5341 = CARTESIAN_POINT('',(1.55,0.1));
#5342 = CARTESIAN_POINT('',(1.55,2.9));
#5343 = ( GEOMETRIC_REPRESENTATION_CONTEXT(2) 
PARAMETRIC_REPRESENTATION_CONTEXT() REPRESENTATION_CONTEXT('2D SPACE',''
  ) );
#5344 = ORIENTED_EDGE('',*,*,#5345,.T.);
#5345 = EDGE_CURVE('',#5325,#5346,#5348,.T.);
#5346 = VERTEX_POINT('',#5347);
#5347 = CARTESIAN_POINT('',(-0.35,-22.137,4.4));
#5348 = SURFACE_CURVE('',#5349,(#5355,#5364),.PCURVE_S1.);
#5349 = B_SPLINE_CURVE_WITH_KNOTS('',4,(#5350,#5351,#5352,#5353,#5354),
  .UNSPECIFIED.,.F.,.F.,(5,5),(0.,1.),.PIECEWISE_BEZIER_KNOTS.);
#5350 = CARTESIAN_POINT('',(-0.35,-21.87033333333,3.6));
#5351 = CARTESIAN_POINT('',(-0.35,-21.93697885423,3.799936562712));
#5352 = CARTESIAN_POINT('',(-0.35,-22.0036386284,3.9999158852));
#5353 = CARTESIAN_POINT('',(-0.35,-22.07031241955,4.199937258654));
#5354 = CARTESIAN_POINT('',(-0.35,-22.137,4.4));
#5355 = PCURVE('',#5288,#5356);
#5356 = DEFINITIONAL_REPRESENTATION('',(#5357),#5363);
#5357 = B_SPLINE_CURVE_WITH_KNOTS('',4,(#5358,#5359,#5360,#5361,#5362),
  .UNSPECIFIED.,.F.,.F.,(5,5),(0.,1.),.PIECEWISE_BEZIER_KNOTS.);
#5358 = CARTESIAN_POINT('',(0.2,-0.329666666667));
#5359 = CARTESIAN_POINT('',(0.399936562712,-0.263021145763));
#5360 = CARTESIAN_POINT('',(0.5999158852,-0.1963613716));
#5361 = CARTESIAN_POINT('',(0.799937258654,-0.129687580449));
#5362 = CARTESIAN_POINT('',(1.,-6.3E-02));
#5363 = ( GEOMETRIC_REPRESENTATION_CONTEXT(2) 
PARAMETRIC_REPRESENTATION_CONTEXT() REPRESENTATION_CONTEXT('2D SPACE',''
  ) );
#5364 = PCURVE('',#4651,#5365);
#5365 = DEFINITIONAL_REPRESENTATION('',(#5366),#5372);
#5366 = B_SPLINE_CURVE_WITH_KNOTS('',4,(#5367,#5368,#5369,#5370,#5371),
  .UNSPECIFIED.,.F.,.F.,(5,5),(0.,1.),.PIECEWISE_BEZIER_KNOTS.);
#5367 = CARTESIAN_POINT('',(0.413266839199,0.111111111111));
#5368 = CARTESIAN_POINT('',(0.479650429095,0.333262847457));
#5369 = CARTESIAN_POINT('',(0.545731929384,0.555462094667));
#5370 = CARTESIAN_POINT('',(0.611514189484,0.777708065171));
#5371 = CARTESIAN_POINT('',(0.677,1.));
#5372 = ( GEOMETRIC_REPRESENTATION_CONTEXT(2) 
PARAMETRIC_REPRESENTATION_CONTEXT() REPRESENTATION_CONTEXT('2D SPACE',''
  ) );
#5373 = ORIENTED_EDGE('',*,*,#5374,.F.);
#5374 = EDGE_CURVE('',#5273,#5346,#5375,.T.);
#5375 = SURFACE_CURVE('',#5376,(#5380,#5386),.PCURVE_S1.);
#5376 = LINE('',#5377,#5378);
#5377 = CARTESIAN_POINT('',(-0.35,-15.99751018114,4.4));
#5378 = VECTOR('',#5379,1.);
#5379 = DIRECTION('',(0.,1.,0.));
#5380 = PCURVE('',#5288,#5381);
#5381 = DEFINITIONAL_REPRESENTATION('',(#5382),#5385);
#5382 = B_SPLINE_CURVE_WITH_KNOTS('',1,(#5383,#5384),.UNSPECIFIED.,.F.,
  .F.,(2,2),(-6.202489818856,-3.402489818856),.PIECEWISE_BEZIER_KNOTS.);
#5383 = CARTESIAN_POINT('',(1.,0.));
#5384 = CARTESIAN_POINT('',(1.,-2.8));
#5385 = ( GEOMETRIC_REPRESENTATION_CONTEXT(2) 
PARAMETRIC_REPRESENTATION_CONTEXT() REPRESENTATION_CONTEXT('2D SPACE',''
  ) );
#5386 = PCURVE('',#72,#5387);
#5387 = DEFINITIONAL_REPRESENTATION('',(#5388),#5392);
#5388 = LINE('',#5389,#5390);
#5389 = CARTESIAN_POINT('',(-37.34066680575,-6.202489818856));
#5390 = VECTOR('',#5391,1.);
#5391 = DIRECTION('',(0.,1.));
#5392 = ( GEOMETRIC_REPRESENTATION_CONTEXT(2) 
PARAMETRIC_REPRESENTATION_CONTEXT() REPRESENTATION_CONTEXT('2D SPACE',''
  ) );
#5393 = ADVANCED_FACE('',(#5394),#5160,.T.);
#5394 = FACE_BOUND('',#5395,.T.);
#5395 = EDGE_LOOP('',(#5396,#5426,#5454,#5473,#5474));
#5396 = ORIENTED_EDGE('',*,*,#5397,.F.);
#5397 = EDGE_CURVE('',#5398,#5400,#5402,.T.);
#5398 = VERTEX_POINT('',#5399);
#5399 = CARTESIAN_POINT('',(16.75,-22.4,1.6));
#5400 = VERTEX_POINT('',#5401);
#5401 = CARTESIAN_POINT('',(16.75,-22.4,4.4));
#5402 = SURFACE_CURVE('',#5403,(#5407,#5414),.PCURVE_S1.);
#5403 = LINE('',#5404,#5405);
#5404 = CARTESIAN_POINT('',(16.75,-22.4,1.6));
#5405 = VECTOR('',#5406,1.);
#5406 = DIRECTION('',(0.,0.,1.));
#5407 = PCURVE('',#5160,#5408);
#5408 = DEFINITIONAL_REPRESENTATION('',(#5409),#5413);
#5409 = LINE('',#5410,#5411);
#5410 = CARTESIAN_POINT('',(0.,0.));
#5411 = VECTOR('',#5412,1.);
#5412 = DIRECTION('',(1.,0.));
#5413 = ( GEOMETRIC_REPRESENTATION_CONTEXT(2) 
PARAMETRIC_REPRESENTATION_CONTEXT() REPRESENTATION_CONTEXT('2D SPACE',''
  ) );
#5414 = PCURVE('',#5415,#5420);
#5415 = PLANE('',#5416);
#5416 = AXIS2_PLACEMENT_3D('',#5417,#5418,#5419);
#5417 = CARTESIAN_POINT('',(16.75,-22.4,1.6));
#5418 = DIRECTION('',(0.,1.,0.));
#5419 = DIRECTION('',(0.,0.,1.));
#5420 = DEFINITIONAL_REPRESENTATION('',(#5421),#5425);
#5421 = LINE('',#5422,#5423);
#5422 = CARTESIAN_POINT('',(0.,0.));
#5423 = VECTOR('',#5424,1.);
#5424 = DIRECTION('',(1.,0.));
#5425 = ( GEOMETRIC_REPRESENTATION_CONTEXT(2) 
PARAMETRIC_REPRESENTATION_CONTEXT() REPRESENTATION_CONTEXT('2D SPACE',''
  ) );
#5426 = ORIENTED_EDGE('',*,*,#5427,.T.);
#5427 = EDGE_CURVE('',#5398,#5428,#5430,.T.);
#5428 = VERTEX_POINT('',#5429);
#5429 = CARTESIAN_POINT('',(16.75,-21.85,1.6));
#5430 = SURFACE_CURVE('',#5431,(#5435,#5442),.PCURVE_S1.);
#5431 = LINE('',#5432,#5433);
#5432 = CARTESIAN_POINT('',(16.75,-22.4,1.6));
#5433 = VECTOR('',#5434,1.);
#5434 = DIRECTION('',(0.,1.,0.));
#5435 = PCURVE('',#5160,#5436);
#5436 = DEFINITIONAL_REPRESENTATION('',(#5437),#5441);
#5437 = LINE('',#5438,#5439);
#5438 = CARTESIAN_POINT('',(0.,0.));
#5439 = VECTOR('',#5440,1.);
#5440 = DIRECTION('',(0.,-1.));
#5441 = ( GEOMETRIC_REPRESENTATION_CONTEXT(2) 
PARAMETRIC_REPRESENTATION_CONTEXT() REPRESENTATION_CONTEXT('2D SPACE',''
  ) );
#5442 = PCURVE('',#5443,#5448);
#5443 = PLANE('',#5444);
#5444 = AXIS2_PLACEMENT_3D('',#5445,#5446,#5447);
#5445 = CARTESIAN_POINT('',(16.75,-22.4,1.6));
#5446 = DIRECTION('',(0.,0.,1.));
#5447 = DIRECTION('',(1.,0.,0.));
#5448 = DEFINITIONAL_REPRESENTATION('',(#5449),#5453);
#5449 = LINE('',#5450,#5451);
#5450 = CARTESIAN_POINT('',(0.,0.));
#5451 = VECTOR('',#5452,1.);
#5452 = DIRECTION('',(0.,1.));
#5453 = ( GEOMETRIC_REPRESENTATION_CONTEXT(2) 
PARAMETRIC_REPRESENTATION_CONTEXT() REPRESENTATION_CONTEXT('2D SPACE',''
  ) );
#5454 = ORIENTED_EDGE('',*,*,#5455,.F.);
#5455 = EDGE_CURVE('',#5123,#5428,#5456,.T.);
#5456 = SURFACE_CURVE('',#5457,(#5461,#5467),.PCURVE_S1.);
#5457 = LINE('',#5458,#5459);
#5458 = CARTESIAN_POINT('',(16.75,-21.85,-1.2));
#5459 = VECTOR('',#5460,1.);
#5460 = DIRECTION('',(0.,0.,-1.));
#5461 = PCURVE('',#5160,#5462);
#5462 = DEFINITIONAL_REPRESENTATION('',(#5463),#5466);
#5463 = B_SPLINE_CURVE_WITH_KNOTS('',1,(#5464,#5465),.UNSPECIFIED.,.F.,
  .F.,(2,2),(-5.6,-2.8),.PIECEWISE_BEZIER_KNOTS.);
#5464 = CARTESIAN_POINT('',(2.8,-0.55));
#5465 = CARTESIAN_POINT('',(0.,-0.55));
#5466 = ( GEOMETRIC_REPRESENTATION_CONTEXT(2) 
PARAMETRIC_REPRESENTATION_CONTEXT() REPRESENTATION_CONTEXT('2D SPACE',''
  ) );
#5467 = PCURVE('',#1697,#5468);
#5468 = DEFINITIONAL_REPRESENTATION('',(#5469),#5472);
#5469 = B_SPLINE_CURVE_WITH_KNOTS('',1,(#5470,#5471),.UNSPECIFIED.,.F.,
  .F.,(2,2),(-5.6,-2.8),.PIECEWISE_BEZIER_KNOTS.);
#5470 = CARTESIAN_POINT('',(8.4,17.35));
#5471 = CARTESIAN_POINT('',(5.6,17.35));
#5472 = ( GEOMETRIC_REPRESENTATION_CONTEXT(2) 
PARAMETRIC_REPRESENTATION_CONTEXT() REPRESENTATION_CONTEXT('2D SPACE',''
  ) );
#5473 = ORIENTED_EDGE('',*,*,#5142,.T.);
#5474 = ORIENTED_EDGE('',*,*,#5475,.F.);
#5475 = EDGE_CURVE('',#5400,#5047,#5476,.T.);
#5476 = SURFACE_CURVE('',#5477,(#5481,#5487),.PCURVE_S1.);
#5477 = LINE('',#5478,#5479);
#5478 = CARTESIAN_POINT('',(16.75,-16.09751018114,4.4));
#5479 = VECTOR('',#5480,1.);
#5480 = DIRECTION('',(0.,1.,0.));
#5481 = PCURVE('',#5160,#5482);
#5482 = DEFINITIONAL_REPRESENTATION('',(#5483),#5486);
#5483 = B_SPLINE_CURVE_WITH_KNOTS('',1,(#5484,#5485),.UNSPECIFIED.,.F.,
  .F.,(2,2),(-6.302489818856,-4.402489818856),.PIECEWISE_BEZIER_KNOTS.);
#5484 = CARTESIAN_POINT('',(2.8,0.));
#5485 = CARTESIAN_POINT('',(2.8,-1.9));
#5486 = ( GEOMETRIC_REPRESENTATION_CONTEXT(2) 
PARAMETRIC_REPRESENTATION_CONTEXT() REPRESENTATION_CONTEXT('2D SPACE',''
  ) );
#5487 = PCURVE('',#72,#5488);
#5488 = DEFINITIONAL_REPRESENTATION('',(#5489),#5493);
#5489 = LINE('',#5490,#5491);
#5490 = CARTESIAN_POINT('',(-20.24066680575,-6.302489818856));
#5491 = VECTOR('',#5492,1.);
#5492 = DIRECTION('',(0.,1.));
#5493 = ( GEOMETRIC_REPRESENTATION_CONTEXT(2) 
PARAMETRIC_REPRESENTATION_CONTEXT() REPRESENTATION_CONTEXT('2D SPACE',''
  ) );
#5494 = ADVANCED_FACE('',(#5495),#5443,.T.);
#5495 = FACE_BOUND('',#5496,.T.);
#5496 = EDGE_LOOP('',(#5497,#5498,#5521,#5549));
#5497 = ORIENTED_EDGE('',*,*,#5427,.F.);
#5498 = ORIENTED_EDGE('',*,*,#5499,.T.);
#5499 = EDGE_CURVE('',#5398,#5500,#5502,.T.);
#5500 = VERTEX_POINT('',#5501);
#5501 = CARTESIAN_POINT('',(19.25,-22.4,1.6));
#5502 = SURFACE_CURVE('',#5503,(#5507,#5514),.PCURVE_S1.);
#5503 = LINE('',#5504,#5505);
#5504 = CARTESIAN_POINT('',(16.75,-22.4,1.6));
#5505 = VECTOR('',#5506,1.);
#5506 = DIRECTION('',(1.,0.,0.));
#5507 = PCURVE('',#5443,#5508);
#5508 = DEFINITIONAL_REPRESENTATION('',(#5509),#5513);
#5509 = LINE('',#5510,#5511);
#5510 = CARTESIAN_POINT('',(0.,0.));
#5511 = VECTOR('',#5512,1.);
#5512 = DIRECTION('',(1.,0.));
#5513 = ( GEOMETRIC_REPRESENTATION_CONTEXT(2) 
PARAMETRIC_REPRESENTATION_CONTEXT() REPRESENTATION_CONTEXT('2D SPACE',''
  ) );
#5514 = PCURVE('',#5415,#5515);
#5515 = DEFINITIONAL_REPRESENTATION('',(#5516),#5520);
#5516 = LINE('',#5517,#5518);
#5517 = CARTESIAN_POINT('',(0.,0.));
#5518 = VECTOR('',#5519,1.);
#5519 = DIRECTION('',(0.,1.));
#5520 = ( GEOMETRIC_REPRESENTATION_CONTEXT(2) 
PARAMETRIC_REPRESENTATION_CONTEXT() REPRESENTATION_CONTEXT('2D SPACE',''
  ) );
#5521 = ORIENTED_EDGE('',*,*,#5522,.T.);
#5522 = EDGE_CURVE('',#5500,#5523,#5525,.T.);
#5523 = VERTEX_POINT('',#5524);
#5524 = CARTESIAN_POINT('',(19.25,-21.85,1.6));
#5525 = SURFACE_CURVE('',#5526,(#5530,#5537),.PCURVE_S1.);
#5526 = LINE('',#5527,#5528);
#5527 = CARTESIAN_POINT('',(19.25,-22.4,1.6));
#5528 = VECTOR('',#5529,1.);
#5529 = DIRECTION('',(0.,1.,0.));
#5530 = PCURVE('',#5443,#5531);
#5531 = DEFINITIONAL_REPRESENTATION('',(#5532),#5536);
#5532 = LINE('',#5533,#5534);
#5533 = CARTESIAN_POINT('',(2.5,0.));
#5534 = VECTOR('',#5535,1.);
#5535 = DIRECTION('',(0.,1.));
#5536 = ( GEOMETRIC_REPRESENTATION_CONTEXT(2) 
PARAMETRIC_REPRESENTATION_CONTEXT() REPRESENTATION_CONTEXT('2D SPACE',''
  ) );
#5537 = PCURVE('',#5538,#5543);
#5538 = PLANE('',#5539);
#5539 = AXIS2_PLACEMENT_3D('',#5540,#5541,#5542);
#5540 = CARTESIAN_POINT('',(19.25,-22.4,1.6));
#5541 = DIRECTION('',(1.,0.,0.));
#5542 = DIRECTION('',(0.,0.,1.));
#5543 = DEFINITIONAL_REPRESENTATION('',(#5544),#5548);
#5544 = LINE('',#5545,#5546);
#5545 = CARTESIAN_POINT('',(0.,0.));
#5546 = VECTOR('',#5547,1.);
#5547 = DIRECTION('',(0.,-1.));
#5548 = ( GEOMETRIC_REPRESENTATION_CONTEXT(2) 
PARAMETRIC_REPRESENTATION_CONTEXT() REPRESENTATION_CONTEXT('2D SPACE',''
  ) );
#5549 = ORIENTED_EDGE('',*,*,#5550,.F.);
#5550 = EDGE_CURVE('',#5428,#5523,#5551,.T.);
#5551 = SURFACE_CURVE('',#5552,(#5556,#5562),.PCURVE_S1.);
#5552 = LINE('',#5553,#5554);
#5553 = CARTESIAN_POINT('',(8.075,-21.85,1.6));
#5554 = VECTOR('',#5555,1.);
#5555 = DIRECTION('',(1.,0.,0.));
#5556 = PCURVE('',#5443,#5557);
#5557 = DEFINITIONAL_REPRESENTATION('',(#5558),#5561);
#5558 = B_SPLINE_CURVE_WITH_KNOTS('',1,(#5559,#5560),.UNSPECIFIED.,.F.,
  .F.,(2,2),(8.675,11.175),.PIECEWISE_BEZIER_KNOTS.);
#5559 = CARTESIAN_POINT('',(0.,0.55));
#5560 = CARTESIAN_POINT('',(2.5,0.55));
#5561 = ( GEOMETRIC_REPRESENTATION_CONTEXT(2) 
PARAMETRIC_REPRESENTATION_CONTEXT() REPRESENTATION_CONTEXT('2D SPACE',''
  ) );
#5562 = PCURVE('',#1697,#5563);
#5563 = DEFINITIONAL_REPRESENTATION('',(#5564),#5567);
#5564 = B_SPLINE_CURVE_WITH_KNOTS('',1,(#5565,#5566),.UNSPECIFIED.,.F.,
  .F.,(2,2),(8.675,11.175),.PIECEWISE_BEZIER_KNOTS.);
#5565 = CARTESIAN_POINT('',(5.6,17.35));
#5566 = CARTESIAN_POINT('',(5.6,19.85));
#5567 = ( GEOMETRIC_REPRESENTATION_CONTEXT(2) 
PARAMETRIC_REPRESENTATION_CONTEXT() REPRESENTATION_CONTEXT('2D SPACE',''
  ) );
#5568 = ADVANCED_FACE('',(#5569),#5538,.F.);
#5569 = FACE_BOUND('',#5570,.F.);
#5570 = EDGE_LOOP('',(#5571,#5594,#5595,#5616,#5650));
#5571 = ORIENTED_EDGE('',*,*,#5572,.F.);
#5572 = EDGE_CURVE('',#5500,#5573,#5575,.T.);
#5573 = VERTEX_POINT('',#5574);
#5574 = CARTESIAN_POINT('',(19.25,-22.4,4.4));
#5575 = SURFACE_CURVE('',#5576,(#5580,#5587),.PCURVE_S1.);
#5576 = LINE('',#5577,#5578);
#5577 = CARTESIAN_POINT('',(19.25,-22.4,1.6));
#5578 = VECTOR('',#5579,1.);
#5579 = DIRECTION('',(0.,0.,1.));
#5580 = PCURVE('',#5538,#5581);
#5581 = DEFINITIONAL_REPRESENTATION('',(#5582),#5586);
#5582 = LINE('',#5583,#5584);
#5583 = CARTESIAN_POINT('',(0.,0.));
#5584 = VECTOR('',#5585,1.);
#5585 = DIRECTION('',(1.,0.));
#5586 = ( GEOMETRIC_REPRESENTATION_CONTEXT(2) 
PARAMETRIC_REPRESENTATION_CONTEXT() REPRESENTATION_CONTEXT('2D SPACE',''
  ) );
#5587 = PCURVE('',#5415,#5588);
#5588 = DEFINITIONAL_REPRESENTATION('',(#5589),#5593);
#5589 = LINE('',#5590,#5591);
#5590 = CARTESIAN_POINT('',(0.,2.5));
#5591 = VECTOR('',#5592,1.);
#5592 = DIRECTION('',(1.,0.));
#5593 = ( GEOMETRIC_REPRESENTATION_CONTEXT(2) 
PARAMETRIC_REPRESENTATION_CONTEXT() REPRESENTATION_CONTEXT('2D SPACE',''
  ) );
#5594 = ORIENTED_EDGE('',*,*,#5522,.T.);
#5595 = ORIENTED_EDGE('',*,*,#5596,.F.);
#5596 = EDGE_CURVE('',#5597,#5523,#5599,.T.);
#5597 = VERTEX_POINT('',#5598);
#5598 = CARTESIAN_POINT('',(19.25,-21.85,3.539));
#5599 = SURFACE_CURVE('',#5600,(#5604,#5610),.PCURVE_S1.);
#5600 = LINE('',#5601,#5602);
#5601 = CARTESIAN_POINT('',(19.25,-21.85,-1.2));
#5602 = VECTOR('',#5603,1.);
#5603 = DIRECTION('',(0.,0.,-1.));
#5604 = PCURVE('',#5538,#5605);
#5605 = DEFINITIONAL_REPRESENTATION('',(#5606),#5609);
#5606 = B_SPLINE_CURVE_WITH_KNOTS('',1,(#5607,#5608),.UNSPECIFIED.,.F.,
  .F.,(2,2),(-5.6,-2.8),.PIECEWISE_BEZIER_KNOTS.);
#5607 = CARTESIAN_POINT('',(2.8,-0.55));
#5608 = CARTESIAN_POINT('',(0.,-0.55));
#5609 = ( GEOMETRIC_REPRESENTATION_CONTEXT(2) 
PARAMETRIC_REPRESENTATION_CONTEXT() REPRESENTATION_CONTEXT('2D SPACE',''
  ) );
#5610 = PCURVE('',#1697,#5611);
#5611 = DEFINITIONAL_REPRESENTATION('',(#5612),#5615);
#5612 = B_SPLINE_CURVE_WITH_KNOTS('',1,(#5613,#5614),.UNSPECIFIED.,.F.,
  .F.,(2,2),(-5.6,-2.8),.PIECEWISE_BEZIER_KNOTS.);
#5613 = CARTESIAN_POINT('',(8.4,19.85));
#5614 = CARTESIAN_POINT('',(5.6,19.85));
#5615 = ( GEOMETRIC_REPRESENTATION_CONTEXT(2) 
PARAMETRIC_REPRESENTATION_CONTEXT() REPRESENTATION_CONTEXT('2D SPACE',''
  ) );
#5616 = ORIENTED_EDGE('',*,*,#5617,.T.);
#5617 = EDGE_CURVE('',#5597,#5618,#5620,.T.);
#5618 = VERTEX_POINT('',#5619);
#5619 = CARTESIAN_POINT('',(19.25,-22.137,4.4));
#5620 = SURFACE_CURVE('',#5621,(#5627,#5636),.PCURVE_S1.);
#5621 = B_SPLINE_CURVE_WITH_KNOTS('',4,(#5622,#5623,#5624,#5625,#5626),
  .UNSPECIFIED.,.F.,.F.,(5,5),(0.,1.),.PIECEWISE_BEZIER_KNOTS.);
#5622 = CARTESIAN_POINT('',(19.25,-21.85,3.539));
#5623 = CARTESIAN_POINT('',(19.25,-21.92174441488,3.754233244668));
#5624 = CARTESIAN_POINT('',(19.25,-21.99349260022,3.969477800669));
#5625 = CARTESIAN_POINT('',(19.25,-22.06524448468,4.18473345404));
#5626 = CARTESIAN_POINT('',(19.25,-22.137,4.4));
#5627 = PCURVE('',#5538,#5628);
#5628 = DEFINITIONAL_REPRESENTATION('',(#5629),#5635);
#5629 = B_SPLINE_CURVE_WITH_KNOTS('',4,(#5630,#5631,#5632,#5633,#5634),
  .UNSPECIFIED.,.F.,.F.,(5,5),(0.,1.),.PIECEWISE_BEZIER_KNOTS.);
#5630 = CARTESIAN_POINT('',(1.939,-0.55));
#5631 = CARTESIAN_POINT('',(2.154233244668,-0.478255585111));
#5632 = CARTESIAN_POINT('',(2.369477800669,-0.406507399777));
#5633 = CARTESIAN_POINT('',(2.58473345404,-0.33475551532));
#5634 = CARTESIAN_POINT('',(2.8,-0.263));
#5635 = ( GEOMETRIC_REPRESENTATION_CONTEXT(2) 
PARAMETRIC_REPRESENTATION_CONTEXT() REPRESENTATION_CONTEXT('2D SPACE',''
  ) );
#5636 = PCURVE('',#5637,#5642);
#5637 = B_SPLINE_SURFACE_WITH_KNOTS('',1,1,(
    (#5638,#5639)
    ,(#5640,#5641
    )),.UNSPECIFIED.,.F.,.F.,.F.,(2,2),(2,2),(0.,75.135),(0.,1.),
  .PIECEWISE_BEZIER_KNOTS.);
#5638 = CARTESIAN_POINT('',(-0.727,-21.837,3.5));
#5639 = CARTESIAN_POINT('',(-1.027,-22.137,4.4));
#5640 = CARTESIAN_POINT('',(73.808,-21.837,3.5));
#5641 = CARTESIAN_POINT('',(74.108,-22.137,4.4));
#5642 = DEFINITIONAL_REPRESENTATION('',(#5643),#5649);
#5643 = B_SPLINE_CURVE_WITH_KNOTS('',4,(#5644,#5645,#5646,#5647,#5648),
  .UNSPECIFIED.,.F.,.F.,(5,5),(0.,1.),.PIECEWISE_BEZIER_KNOTS.);
#5644 = CARTESIAN_POINT('',(20.143890907865,4.333333333333E-02));
#5645 = CARTESIAN_POINT('',(20.177421752129,0.282481382965));
#5646 = CARTESIAN_POINT('',(20.210782283445,0.521642000743));
#5647 = CARTESIAN_POINT('',(20.243974413053,0.760814948934));
#5648 = CARTESIAN_POINT('',(20.277,1.));
#5649 = ( GEOMETRIC_REPRESENTATION_CONTEXT(2) 
PARAMETRIC_REPRESENTATION_CONTEXT() REPRESENTATION_CONTEXT('2D SPACE',''
  ) );
#5650 = ORIENTED_EDGE('',*,*,#5651,.F.);
#5651 = EDGE_CURVE('',#5573,#5618,#5652,.T.);
#5652 = SURFACE_CURVE('',#5653,(#5657,#5663),.PCURVE_S1.);
#5653 = LINE('',#5654,#5655);
#5654 = CARTESIAN_POINT('',(19.25,-16.09751018114,4.4));
#5655 = VECTOR('',#5656,1.);
#5656 = DIRECTION('',(0.,1.,0.));
#5657 = PCURVE('',#5538,#5658);
#5658 = DEFINITIONAL_REPRESENTATION('',(#5659),#5662);
#5659 = B_SPLINE_CURVE_WITH_KNOTS('',1,(#5660,#5661),.UNSPECIFIED.,.F.,
  .F.,(2,2),(-6.302489818856,-4.402489818856),.PIECEWISE_BEZIER_KNOTS.);
#5660 = CARTESIAN_POINT('',(2.8,0.));
#5661 = CARTESIAN_POINT('',(2.8,-1.9));
#5662 = ( GEOMETRIC_REPRESENTATION_CONTEXT(2) 
PARAMETRIC_REPRESENTATION_CONTEXT() REPRESENTATION_CONTEXT('2D SPACE',''
  ) );
#5663 = PCURVE('',#72,#5664);
#5664 = DEFINITIONAL_REPRESENTATION('',(#5665),#5669);
#5665 = LINE('',#5666,#5667);
#5666 = CARTESIAN_POINT('',(-17.74066680575,-6.302489818856));
#5667 = VECTOR('',#5668,1.);
#5668 = DIRECTION('',(0.,1.));
#5669 = ( GEOMETRIC_REPRESENTATION_CONTEXT(2) 
PARAMETRIC_REPRESENTATION_CONTEXT() REPRESENTATION_CONTEXT('2D SPACE',''
  ) );
#5670 = ADVANCED_FACE('',(#5671),#5637,.F.);
#5671 = FACE_BOUND('',#5672,.F.);
#5672 = EDGE_LOOP('',(#5673,#5696,#5697,#5717,#5751,#5774));
#5673 = ORIENTED_EDGE('',*,*,#5674,.F.);
#5674 = EDGE_CURVE('',#5618,#5675,#5677,.T.);
#5675 = VERTEX_POINT('',#5676);
#5676 = CARTESIAN_POINT('',(29.,-22.137,4.4));
#5677 = SURFACE_CURVE('',#5678,(#5682,#5689),.PCURVE_S1.);
#5678 = LINE('',#5679,#5680);
#5679 = CARTESIAN_POINT('',(-1.027,-22.137,4.4));
#5680 = VECTOR('',#5681,1.);
#5681 = DIRECTION('',(1.,0.,0.));
#5682 = PCURVE('',#5637,#5683);
#5683 = DEFINITIONAL_REPRESENTATION('',(#5684),#5688);
#5684 = LINE('',#5685,#5686);
#5685 = CARTESIAN_POINT('',(0.,1.));
#5686 = VECTOR('',#5687,1.);
#5687 = DIRECTION('',(1.,0.));
#5688 = ( GEOMETRIC_REPRESENTATION_CONTEXT(2) 
PARAMETRIC_REPRESENTATION_CONTEXT() REPRESENTATION_CONTEXT('2D SPACE',''
  ) );
#5689 = PCURVE('',#72,#5690);
#5690 = DEFINITIONAL_REPRESENTATION('',(#5691),#5695);
#5691 = LINE('',#5692,#5693);
#5692 = CARTESIAN_POINT('',(-38.01766680575,-12.34197963771));
#5693 = VECTOR('',#5694,1.);
#5694 = DIRECTION('',(1.,0.));
#5695 = ( GEOMETRIC_REPRESENTATION_CONTEXT(2) 
PARAMETRIC_REPRESENTATION_CONTEXT() REPRESENTATION_CONTEXT('2D SPACE',''
  ) );
#5696 = ORIENTED_EDGE('',*,*,#5617,.F.);
#5697 = ORIENTED_EDGE('',*,*,#5698,.F.);
#5698 = EDGE_CURVE('',#5699,#5597,#5701,.T.);
#5699 = VERTEX_POINT('',#5700);
#5700 = CARTESIAN_POINT('',(39.75,-21.85,3.539));
#5701 = SURFACE_CURVE('',#5702,(#5705,#5711),.PCURVE_S1.);
#5702 = B_SPLINE_CURVE_WITH_KNOTS('',1,(#5703,#5704),.UNSPECIFIED.,.F.,
  .F.,(2,2),(0.,1.),.PIECEWISE_BEZIER_KNOTS.);
#5703 = CARTESIAN_POINT('',(71.7,-21.85,3.539));
#5704 = CARTESIAN_POINT('',(-0.6,-21.85,3.539));
#5705 = PCURVE('',#5637,#5706);
#5706 = DEFINITIONAL_REPRESENTATION('',(#5707),#5710);
#5707 = B_SPLINE_CURVE_WITH_KNOTS('',1,(#5708,#5709),.UNSPECIFIED.,.F.,
  .F.,(2,2),(0.,1.),.PIECEWISE_BEZIER_KNOTS.);
#5708 = CARTESIAN_POINT('',(72.997671705047,4.333333333334E-02));
#5709 = CARTESIAN_POINT('',(0.141077775244,4.333333333334E-02));
#5710 = ( GEOMETRIC_REPRESENTATION_CONTEXT(2) 
PARAMETRIC_REPRESENTATION_CONTEXT() REPRESENTATION_CONTEXT('2D SPACE',''
  ) );
#5711 = PCURVE('',#1697,#5712);
#5712 = DEFINITIONAL_REPRESENTATION('',(#5713),#5716);
#5713 = B_SPLINE_CURVE_WITH_KNOTS('',1,(#5714,#5715),.UNSPECIFIED.,.F.,
  .F.,(2,2),(0.,1.),.PIECEWISE_BEZIER_KNOTS.);
#5714 = CARTESIAN_POINT('',(7.539,72.3));
#5715 = CARTESIAN_POINT('',(7.539,0.));
#5716 = ( GEOMETRIC_REPRESENTATION_CONTEXT(2) 
PARAMETRIC_REPRESENTATION_CONTEXT() REPRESENTATION_CONTEXT('2D SPACE',''
  ) );
#5717 = ORIENTED_EDGE('',*,*,#5718,.T.);
#5718 = EDGE_CURVE('',#5699,#5719,#5721,.T.);
#5719 = VERTEX_POINT('',#5720);
#5720 = CARTESIAN_POINT('',(39.75,-22.137,4.4));
#5721 = SURFACE_CURVE('',#5722,(#5728,#5737),.PCURVE_S1.);
#5722 = B_SPLINE_CURVE_WITH_KNOTS('',4,(#5723,#5724,#5725,#5726,#5727),
  .UNSPECIFIED.,.F.,.F.,(5,5),(0.,1.),.PIECEWISE_BEZIER_KNOTS.);
#5723 = CARTESIAN_POINT('',(39.75,-21.85,3.539));
#5724 = CARTESIAN_POINT('',(39.75,-21.92174980565,3.754249416949));
#5725 = CARTESIAN_POINT('',(39.75,-21.99349974252,3.969499227588));
#5726 = CARTESIAN_POINT('',(39.75,-22.06524980811,4.184749424349));
#5727 = CARTESIAN_POINT('',(39.75,-22.137,4.4));
#5728 = PCURVE('',#5637,#5729);
#5729 = DEFINITIONAL_REPRESENTATION('',(#5730),#5736);
#5730 = B_SPLINE_CURVE_WITH_KNOTS('',4,(#5731,#5732,#5733,#5734,#5735),
  .UNSPECIFIED.,.F.,.F.,(5,5),(0.,1.),.PIECEWISE_BEZIER_KNOTS.);
#5731 = CARTESIAN_POINT('',(40.801707997525,4.333333333333E-02));
#5732 = CARTESIAN_POINT('',(40.795483462037,0.282499352166));
#5733 = CARTESIAN_POINT('',(40.789290860927,0.521665808431));
#5734 = CARTESIAN_POINT('',(40.783129826069,0.760832693721));
#5735 = CARTESIAN_POINT('',(40.777,1.));
#5736 = ( GEOMETRIC_REPRESENTATION_CONTEXT(2) 
PARAMETRIC_REPRESENTATION_CONTEXT() REPRESENTATION_CONTEXT('2D SPACE',''
  ) );
#5737 = PCURVE('',#5738,#5743);
#5738 = PLANE('',#5739);
#5739 = AXIS2_PLACEMENT_3D('',#5740,#5741,#5742);
#5740 = CARTESIAN_POINT('',(39.75,-22.4,1.6));
#5741 = DIRECTION('',(1.,0.,0.));
#5742 = DIRECTION('',(0.,0.,1.));
#5743 = DEFINITIONAL_REPRESENTATION('',(#5744),#5750);
#5744 = B_SPLINE_CURVE_WITH_KNOTS('',4,(#5745,#5746,#5747,#5748,#5749),
  .UNSPECIFIED.,.F.,.F.,(5,5),(0.,1.),.PIECEWISE_BEZIER_KNOTS.);
#5745 = CARTESIAN_POINT('',(1.939,-0.55));
#5746 = CARTESIAN_POINT('',(2.154249416949,-0.47825019435));
#5747 = CARTESIAN_POINT('',(2.369499227588,-0.406500257471));
#5748 = CARTESIAN_POINT('',(2.584749424349,-0.334750191884));
#5749 = CARTESIAN_POINT('',(2.8,-0.263));
#5750 = ( GEOMETRIC_REPRESENTATION_CONTEXT(2) 
PARAMETRIC_REPRESENTATION_CONTEXT() REPRESENTATION_CONTEXT('2D SPACE',''
  ) );
#5751 = ORIENTED_EDGE('',*,*,#5752,.F.);
#5752 = EDGE_CURVE('',#5753,#5719,#5755,.T.);
#5753 = VERTEX_POINT('',#5754);
#5754 = CARTESIAN_POINT('',(39.,-22.137,4.4));
#5755 = SURFACE_CURVE('',#5756,(#5760,#5767),.PCURVE_S1.);
#5756 = LINE('',#5757,#5758);
#5757 = CARTESIAN_POINT('',(-1.027,-22.137,4.4));
#5758 = VECTOR('',#5759,1.);
#5759 = DIRECTION('',(1.,0.,0.));
#5760 = PCURVE('',#5637,#5761);
#5761 = DEFINITIONAL_REPRESENTATION('',(#5762),#5766);
#5762 = LINE('',#5763,#5764);
#5763 = CARTESIAN_POINT('',(0.,1.));
#5764 = VECTOR('',#5765,1.);
#5765 = DIRECTION('',(1.,0.));
#5766 = ( GEOMETRIC_REPRESENTATION_CONTEXT(2) 
PARAMETRIC_REPRESENTATION_CONTEXT() REPRESENTATION_CONTEXT('2D SPACE',''
  ) );
#5767 = PCURVE('',#72,#5768);
#5768 = DEFINITIONAL_REPRESENTATION('',(#5769),#5773);
#5769 = LINE('',#5770,#5771);
#5770 = CARTESIAN_POINT('',(-38.01766680575,-12.34197963771));
#5771 = VECTOR('',#5772,1.);
#5772 = DIRECTION('',(1.,0.));
#5773 = ( GEOMETRIC_REPRESENTATION_CONTEXT(2) 
PARAMETRIC_REPRESENTATION_CONTEXT() REPRESENTATION_CONTEXT('2D SPACE',''
  ) );
#5774 = ORIENTED_EDGE('',*,*,#5775,.F.);
#5775 = EDGE_CURVE('',#5675,#5753,#5776,.T.);
#5776 = SURFACE_CURVE('',#5777,(#5781,#5788),.PCURVE_S1.);
#5777 = LINE('',#5778,#5779);
#5778 = CARTESIAN_POINT('',(-1.027,-22.137,4.4));
#5779 = VECTOR('',#5780,1.);
#5780 = DIRECTION('',(1.,0.,0.));
#5781 = PCURVE('',#5637,#5782);
#5782 = DEFINITIONAL_REPRESENTATION('',(#5783),#5787);
#5783 = LINE('',#5784,#5785);
#5784 = CARTESIAN_POINT('',(0.,1.));
#5785 = VECTOR('',#5786,1.);
#5786 = DIRECTION('',(1.,0.));
#5787 = ( GEOMETRIC_REPRESENTATION_CONTEXT(2) 
PARAMETRIC_REPRESENTATION_CONTEXT() REPRESENTATION_CONTEXT('2D SPACE',''
  ) );
#5788 = PCURVE('',#5789,#5794);
#5789 = PLANE('',#5790);
#5790 = AXIS2_PLACEMENT_3D('',#5791,#5792,#5793);
#5791 = CARTESIAN_POINT('',(-1.027,-22.137,4.4));
#5792 = DIRECTION('',(0.,0.,-1.));
#5793 = DIRECTION('',(0.956069900753,0.29313878091,0.));
#5794 = DEFINITIONAL_REPRESENTATION('',(#5795),#5799);
#5795 = LINE('',#5796,#5797);
#5796 = CARTESIAN_POINT('',(0.,0.));
#5797 = VECTOR('',#5798,1.);
#5798 = DIRECTION('',(0.956069900753,0.29313878091));
#5799 = ( GEOMETRIC_REPRESENTATION_CONTEXT(2) 
PARAMETRIC_REPRESENTATION_CONTEXT() REPRESENTATION_CONTEXT('2D SPACE',''
  ) );
#5800 = ADVANCED_FACE('',(#5801),#5738,.T.);
#5801 = FACE_BOUND('',#5802,.T.);
#5802 = EDGE_LOOP('',(#5803,#5833,#5861,#5880,#5881));
#5803 = ORIENTED_EDGE('',*,*,#5804,.F.);
#5804 = EDGE_CURVE('',#5805,#5807,#5809,.T.);
#5805 = VERTEX_POINT('',#5806);
#5806 = CARTESIAN_POINT('',(39.75,-22.4,1.6));
#5807 = VERTEX_POINT('',#5808);
#5808 = CARTESIAN_POINT('',(39.75,-22.4,4.4));
#5809 = SURFACE_CURVE('',#5810,(#5814,#5821),.PCURVE_S1.);
#5810 = LINE('',#5811,#5812);
#5811 = CARTESIAN_POINT('',(39.75,-22.4,1.6));
#5812 = VECTOR('',#5813,1.);
#5813 = DIRECTION('',(0.,0.,1.));
#5814 = PCURVE('',#5738,#5815);
#5815 = DEFINITIONAL_REPRESENTATION('',(#5816),#5820);
#5816 = LINE('',#5817,#5818);
#5817 = CARTESIAN_POINT('',(0.,0.));
#5818 = VECTOR('',#5819,1.);
#5819 = DIRECTION('',(1.,0.));
#5820 = ( GEOMETRIC_REPRESENTATION_CONTEXT(2) 
PARAMETRIC_REPRESENTATION_CONTEXT() REPRESENTATION_CONTEXT('2D SPACE',''
  ) );
#5821 = PCURVE('',#5822,#5827);
#5822 = PLANE('',#5823);
#5823 = AXIS2_PLACEMENT_3D('',#5824,#5825,#5826);
#5824 = CARTESIAN_POINT('',(39.75,-22.4,1.6));
#5825 = DIRECTION('',(0.,1.,0.));
#5826 = DIRECTION('',(0.,0.,1.));
#5827 = DEFINITIONAL_REPRESENTATION('',(#5828),#5832);
#5828 = LINE('',#5829,#5830);
#5829 = CARTESIAN_POINT('',(0.,0.));
#5830 = VECTOR('',#5831,1.);
#5831 = DIRECTION('',(1.,0.));
#5832 = ( GEOMETRIC_REPRESENTATION_CONTEXT(2) 
PARAMETRIC_REPRESENTATION_CONTEXT() REPRESENTATION_CONTEXT('2D SPACE',''
  ) );
#5833 = ORIENTED_EDGE('',*,*,#5834,.T.);
#5834 = EDGE_CURVE('',#5805,#5835,#5837,.T.);
#5835 = VERTEX_POINT('',#5836);
#5836 = CARTESIAN_POINT('',(39.75,-21.85,1.6));
#5837 = SURFACE_CURVE('',#5838,(#5842,#5849),.PCURVE_S1.);
#5838 = LINE('',#5839,#5840);
#5839 = CARTESIAN_POINT('',(39.75,-22.4,1.6));
#5840 = VECTOR('',#5841,1.);
#5841 = DIRECTION('',(0.,1.,0.));
#5842 = PCURVE('',#5738,#5843);
#5843 = DEFINITIONAL_REPRESENTATION('',(#5844),#5848);
#5844 = LINE('',#5845,#5846);
#5845 = CARTESIAN_POINT('',(0.,0.));
#5846 = VECTOR('',#5847,1.);
#5847 = DIRECTION('',(0.,-1.));
#5848 = ( GEOMETRIC_REPRESENTATION_CONTEXT(2) 
PARAMETRIC_REPRESENTATION_CONTEXT() REPRESENTATION_CONTEXT('2D SPACE',''
  ) );
#5849 = PCURVE('',#5850,#5855);
#5850 = PLANE('',#5851);
#5851 = AXIS2_PLACEMENT_3D('',#5852,#5853,#5854);
#5852 = CARTESIAN_POINT('',(39.75,-22.4,1.6));
#5853 = DIRECTION('',(0.,0.,1.));
#5854 = DIRECTION('',(1.,0.,0.));
#5855 = DEFINITIONAL_REPRESENTATION('',(#5856),#5860);
#5856 = LINE('',#5857,#5858);
#5857 = CARTESIAN_POINT('',(0.,0.));
#5858 = VECTOR('',#5859,1.);
#5859 = DIRECTION('',(0.,1.));
#5860 = ( GEOMETRIC_REPRESENTATION_CONTEXT(2) 
PARAMETRIC_REPRESENTATION_CONTEXT() REPRESENTATION_CONTEXT('2D SPACE',''
  ) );
#5861 = ORIENTED_EDGE('',*,*,#5862,.F.);
#5862 = EDGE_CURVE('',#5699,#5835,#5863,.T.);
#5863 = SURFACE_CURVE('',#5864,(#5868,#5874),.PCURVE_S1.);
#5864 = LINE('',#5865,#5866);
#5865 = CARTESIAN_POINT('',(39.75,-21.85,-1.2));
#5866 = VECTOR('',#5867,1.);
#5867 = DIRECTION('',(0.,0.,-1.));
#5868 = PCURVE('',#5738,#5869);
#5869 = DEFINITIONAL_REPRESENTATION('',(#5870),#5873);
#5870 = B_SPLINE_CURVE_WITH_KNOTS('',1,(#5871,#5872),.UNSPECIFIED.,.F.,
  .F.,(2,2),(-5.6,-2.8),.PIECEWISE_BEZIER_KNOTS.);
#5871 = CARTESIAN_POINT('',(2.8,-0.55));
#5872 = CARTESIAN_POINT('',(0.,-0.55));
#5873 = ( GEOMETRIC_REPRESENTATION_CONTEXT(2) 
PARAMETRIC_REPRESENTATION_CONTEXT() REPRESENTATION_CONTEXT('2D SPACE',''
  ) );
#5874 = PCURVE('',#1697,#5875);
#5875 = DEFINITIONAL_REPRESENTATION('',(#5876),#5879);
#5876 = B_SPLINE_CURVE_WITH_KNOTS('',1,(#5877,#5878),.UNSPECIFIED.,.F.,
  .F.,(2,2),(-5.6,-2.8),.PIECEWISE_BEZIER_KNOTS.);
#5877 = CARTESIAN_POINT('',(8.4,40.35));
#5878 = CARTESIAN_POINT('',(5.6,40.35));
#5879 = ( GEOMETRIC_REPRESENTATION_CONTEXT(2) 
PARAMETRIC_REPRESENTATION_CONTEXT() REPRESENTATION_CONTEXT('2D SPACE',''
  ) );
#5880 = ORIENTED_EDGE('',*,*,#5718,.T.);
#5881 = ORIENTED_EDGE('',*,*,#5882,.F.);
#5882 = EDGE_CURVE('',#5807,#5719,#5883,.T.);
#5883 = SURFACE_CURVE('',#5884,(#5888,#5894),.PCURVE_S1.);
#5884 = LINE('',#5885,#5886);
#5885 = CARTESIAN_POINT('',(39.75,-16.09751018114,4.4));
#5886 = VECTOR('',#5887,1.);
#5887 = DIRECTION('',(0.,1.,0.));
#5888 = PCURVE('',#5738,#5889);
#5889 = DEFINITIONAL_REPRESENTATION('',(#5890),#5893);
#5890 = B_SPLINE_CURVE_WITH_KNOTS('',1,(#5891,#5892),.UNSPECIFIED.,.F.,
  .F.,(2,2),(-6.302489818856,-4.402489818856),.PIECEWISE_BEZIER_KNOTS.);
#5891 = CARTESIAN_POINT('',(2.8,0.));
#5892 = CARTESIAN_POINT('',(2.8,-1.9));
#5893 = ( GEOMETRIC_REPRESENTATION_CONTEXT(2) 
PARAMETRIC_REPRESENTATION_CONTEXT() REPRESENTATION_CONTEXT('2D SPACE',''
  ) );
#5894 = PCURVE('',#72,#5895);
#5895 = DEFINITIONAL_REPRESENTATION('',(#5896),#5900);
#5896 = LINE('',#5897,#5898);
#5897 = CARTESIAN_POINT('',(2.759333194243,-6.302489818856));
#5898 = VECTOR('',#5899,1.);
#5899 = DIRECTION('',(0.,1.));
#5900 = ( GEOMETRIC_REPRESENTATION_CONTEXT(2) 
PARAMETRIC_REPRESENTATION_CONTEXT() REPRESENTATION_CONTEXT('2D SPACE',''
  ) );
#5901 = ADVANCED_FACE('',(#5902),#5850,.T.);
#5902 = FACE_BOUND('',#5903,.T.);
#5903 = EDGE_LOOP('',(#5904,#5905,#5928,#5956));
#5904 = ORIENTED_EDGE('',*,*,#5834,.F.);
#5905 = ORIENTED_EDGE('',*,*,#5906,.T.);
#5906 = EDGE_CURVE('',#5805,#5907,#5909,.T.);
#5907 = VERTEX_POINT('',#5908);
#5908 = CARTESIAN_POINT('',(42.25,-22.4,1.6));
#5909 = SURFACE_CURVE('',#5910,(#5914,#5921),.PCURVE_S1.);
#5910 = LINE('',#5911,#5912);
#5911 = CARTESIAN_POINT('',(39.75,-22.4,1.6));
#5912 = VECTOR('',#5913,1.);
#5913 = DIRECTION('',(1.,0.,0.));
#5914 = PCURVE('',#5850,#5915);
#5915 = DEFINITIONAL_REPRESENTATION('',(#5916),#5920);
#5916 = LINE('',#5917,#5918);
#5917 = CARTESIAN_POINT('',(0.,0.));
#5918 = VECTOR('',#5919,1.);
#5919 = DIRECTION('',(1.,0.));
#5920 = ( GEOMETRIC_REPRESENTATION_CONTEXT(2) 
PARAMETRIC_REPRESENTATION_CONTEXT() REPRESENTATION_CONTEXT('2D SPACE',''
  ) );
#5921 = PCURVE('',#5822,#5922);
#5922 = DEFINITIONAL_REPRESENTATION('',(#5923),#5927);
#5923 = LINE('',#5924,#5925);
#5924 = CARTESIAN_POINT('',(0.,0.));
#5925 = VECTOR('',#5926,1.);
#5926 = DIRECTION('',(0.,1.));
#5927 = ( GEOMETRIC_REPRESENTATION_CONTEXT(2) 
PARAMETRIC_REPRESENTATION_CONTEXT() REPRESENTATION_CONTEXT('2D SPACE',''
  ) );
#5928 = ORIENTED_EDGE('',*,*,#5929,.T.);
#5929 = EDGE_CURVE('',#5907,#5930,#5932,.T.);
#5930 = VERTEX_POINT('',#5931);
#5931 = CARTESIAN_POINT('',(42.25,-21.85,1.6));
#5932 = SURFACE_CURVE('',#5933,(#5937,#5944),.PCURVE_S1.);
#5933 = LINE('',#5934,#5935);
#5934 = CARTESIAN_POINT('',(42.25,-22.4,1.6));
#5935 = VECTOR('',#5936,1.);
#5936 = DIRECTION('',(0.,1.,0.));
#5937 = PCURVE('',#5850,#5938);
#5938 = DEFINITIONAL_REPRESENTATION('',(#5939),#5943);
#5939 = LINE('',#5940,#5941);
#5940 = CARTESIAN_POINT('',(2.5,0.));
#5941 = VECTOR('',#5942,1.);
#5942 = DIRECTION('',(0.,1.));
#5943 = ( GEOMETRIC_REPRESENTATION_CONTEXT(2) 
PARAMETRIC_REPRESENTATION_CONTEXT() REPRESENTATION_CONTEXT('2D SPACE',''
  ) );
#5944 = PCURVE('',#5945,#5950);
#5945 = PLANE('',#5946);
#5946 = AXIS2_PLACEMENT_3D('',#5947,#5948,#5949);
#5947 = CARTESIAN_POINT('',(42.25,-22.4,1.6));
#5948 = DIRECTION('',(1.,0.,0.));
#5949 = DIRECTION('',(0.,0.,1.));
#5950 = DEFINITIONAL_REPRESENTATION('',(#5951),#5955);
#5951 = LINE('',#5952,#5953);
#5952 = CARTESIAN_POINT('',(0.,0.));
#5953 = VECTOR('',#5954,1.);
#5954 = DIRECTION('',(0.,-1.));
#5955 = ( GEOMETRIC_REPRESENTATION_CONTEXT(2) 
PARAMETRIC_REPRESENTATION_CONTEXT() REPRESENTATION_CONTEXT('2D SPACE',''
  ) );
#5956 = ORIENTED_EDGE('',*,*,#5957,.F.);
#5957 = EDGE_CURVE('',#5835,#5930,#5958,.T.);
#5958 = SURFACE_CURVE('',#5959,(#5963,#5969),.PCURVE_S1.);
#5959 = LINE('',#5960,#5961);
#5960 = CARTESIAN_POINT('',(19.575,-21.85,1.6));
#5961 = VECTOR('',#5962,1.);
#5962 = DIRECTION('',(1.,0.,0.));
#5963 = PCURVE('',#5850,#5964);
#5964 = DEFINITIONAL_REPRESENTATION('',(#5965),#5968);
#5965 = B_SPLINE_CURVE_WITH_KNOTS('',1,(#5966,#5967),.UNSPECIFIED.,.F.,
  .F.,(2,2),(20.175,22.675),.PIECEWISE_BEZIER_KNOTS.);
#5966 = CARTESIAN_POINT('',(0.,0.55));
#5967 = CARTESIAN_POINT('',(2.5,0.55));
#5968 = ( GEOMETRIC_REPRESENTATION_CONTEXT(2) 
PARAMETRIC_REPRESENTATION_CONTEXT() REPRESENTATION_CONTEXT('2D SPACE',''
  ) );
#5969 = PCURVE('',#1697,#5970);
#5970 = DEFINITIONAL_REPRESENTATION('',(#5971),#5974);
#5971 = B_SPLINE_CURVE_WITH_KNOTS('',1,(#5972,#5973),.UNSPECIFIED.,.F.,
  .F.,(2,2),(20.175,22.675),.PIECEWISE_BEZIER_KNOTS.);
#5972 = CARTESIAN_POINT('',(5.6,40.35));
#5973 = CARTESIAN_POINT('',(5.6,42.85));
#5974 = ( GEOMETRIC_REPRESENTATION_CONTEXT(2) 
PARAMETRIC_REPRESENTATION_CONTEXT() REPRESENTATION_CONTEXT('2D SPACE',''
  ) );
#5975 = ADVANCED_FACE('',(#5976),#5945,.F.);
#5976 = FACE_BOUND('',#5977,.F.);
#5977 = EDGE_LOOP('',(#5978,#6001,#6002,#6023,#6057));
#5978 = ORIENTED_EDGE('',*,*,#5979,.F.);
#5979 = EDGE_CURVE('',#5907,#5980,#5982,.T.);
#5980 = VERTEX_POINT('',#5981);
#5981 = CARTESIAN_POINT('',(42.25,-22.4,4.4));
#5982 = SURFACE_CURVE('',#5983,(#5987,#5994),.PCURVE_S1.);
#5983 = LINE('',#5984,#5985);
#5984 = CARTESIAN_POINT('',(42.25,-22.4,1.6));
#5985 = VECTOR('',#5986,1.);
#5986 = DIRECTION('',(0.,0.,1.));
#5987 = PCURVE('',#5945,#5988);
#5988 = DEFINITIONAL_REPRESENTATION('',(#5989),#5993);
#5989 = LINE('',#5990,#5991);
#5990 = CARTESIAN_POINT('',(0.,0.));
#5991 = VECTOR('',#5992,1.);
#5992 = DIRECTION('',(1.,0.));
#5993 = ( GEOMETRIC_REPRESENTATION_CONTEXT(2) 
PARAMETRIC_REPRESENTATION_CONTEXT() REPRESENTATION_CONTEXT('2D SPACE',''
  ) );
#5994 = PCURVE('',#5822,#5995);
#5995 = DEFINITIONAL_REPRESENTATION('',(#5996),#6000);
#5996 = LINE('',#5997,#5998);
#5997 = CARTESIAN_POINT('',(0.,2.5));
#5998 = VECTOR('',#5999,1.);
#5999 = DIRECTION('',(1.,0.));
#6000 = ( GEOMETRIC_REPRESENTATION_CONTEXT(2) 
PARAMETRIC_REPRESENTATION_CONTEXT() REPRESENTATION_CONTEXT('2D SPACE',''
  ) );
#6001 = ORIENTED_EDGE('',*,*,#5929,.T.);
#6002 = ORIENTED_EDGE('',*,*,#6003,.F.);
#6003 = EDGE_CURVE('',#6004,#5930,#6006,.T.);
#6004 = VERTEX_POINT('',#6005);
#6005 = CARTESIAN_POINT('',(42.25,-21.85,3.539));
#6006 = SURFACE_CURVE('',#6007,(#6011,#6017),.PCURVE_S1.);
#6007 = LINE('',#6008,#6009);
#6008 = CARTESIAN_POINT('',(42.25,-21.85,-1.2));
#6009 = VECTOR('',#6010,1.);
#6010 = DIRECTION('',(0.,0.,-1.));
#6011 = PCURVE('',#5945,#6012);
#6012 = DEFINITIONAL_REPRESENTATION('',(#6013),#6016);
#6013 = B_SPLINE_CURVE_WITH_KNOTS('',1,(#6014,#6015),.UNSPECIFIED.,.F.,
  .F.,(2,2),(-5.6,-2.8),.PIECEWISE_BEZIER_KNOTS.);
#6014 = CARTESIAN_POINT('',(2.8,-0.55));
#6015 = CARTESIAN_POINT('',(0.,-0.55));
#6016 = ( GEOMETRIC_REPRESENTATION_CONTEXT(2) 
PARAMETRIC_REPRESENTATION_CONTEXT() REPRESENTATION_CONTEXT('2D SPACE',''
  ) );
#6017 = PCURVE('',#1697,#6018);
#6018 = DEFINITIONAL_REPRESENTATION('',(#6019),#6022);
#6019 = B_SPLINE_CURVE_WITH_KNOTS('',1,(#6020,#6021),.UNSPECIFIED.,.F.,
  .F.,(2,2),(-5.6,-2.8),.PIECEWISE_BEZIER_KNOTS.);
#6020 = CARTESIAN_POINT('',(8.4,42.85));
#6021 = CARTESIAN_POINT('',(5.6,42.85));
#6022 = ( GEOMETRIC_REPRESENTATION_CONTEXT(2) 
PARAMETRIC_REPRESENTATION_CONTEXT() REPRESENTATION_CONTEXT('2D SPACE',''
  ) );
#6023 = ORIENTED_EDGE('',*,*,#6024,.T.);
#6024 = EDGE_CURVE('',#6004,#6025,#6027,.T.);
#6025 = VERTEX_POINT('',#6026);
#6026 = CARTESIAN_POINT('',(42.25,-22.137,4.4));
#6027 = SURFACE_CURVE('',#6028,(#6034,#6043),.PCURVE_S1.);
#6028 = B_SPLINE_CURVE_WITH_KNOTS('',4,(#6029,#6030,#6031,#6032,#6033),
  .UNSPECIFIED.,.F.,.F.,(5,5),(0.,1.),.PIECEWISE_BEZIER_KNOTS.);
#6029 = CARTESIAN_POINT('',(42.25,-21.85,3.539));
#6030 = CARTESIAN_POINT('',(42.25,-21.92174938542,3.754248156281));
#6031 = CARTESIAN_POINT('',(42.25,-21.99349918582,3.969497557463));
#6032 = CARTESIAN_POINT('',(42.25,-22.06524939321,4.184748179653));
#6033 = CARTESIAN_POINT('',(42.25,-22.137,4.4));
#6034 = PCURVE('',#5945,#6035);
#6035 = DEFINITIONAL_REPRESENTATION('',(#6036),#6042);
#6036 = B_SPLINE_CURVE_WITH_KNOTS('',4,(#6037,#6038,#6039,#6040,#6041),
  .UNSPECIFIED.,.F.,.F.,(5,5),(0.,1.),.PIECEWISE_BEZIER_KNOTS.);
#6037 = CARTESIAN_POINT('',(1.939,-0.55));
#6038 = CARTESIAN_POINT('',(2.154248156281,-0.478250614573));
#6039 = CARTESIAN_POINT('',(2.369497557463,-0.406500814179));
#6040 = CARTESIAN_POINT('',(2.584748179653,-0.334750606782));
#6041 = CARTESIAN_POINT('',(2.8,-0.263));
#6042 = ( GEOMETRIC_REPRESENTATION_CONTEXT(2) 
PARAMETRIC_REPRESENTATION_CONTEXT() REPRESENTATION_CONTEXT('2D SPACE',''
  ) );
#6043 = PCURVE('',#6044,#6049);
#6044 = B_SPLINE_SURFACE_WITH_KNOTS('',1,1,(
    (#6045,#6046)
    ,(#6047,#6048
    )),.UNSPECIFIED.,.F.,.F.,.F.,(2,2),(2,2),(0.,75.135),(0.,1.),
  .PIECEWISE_BEZIER_KNOTS.);
#6045 = CARTESIAN_POINT('',(-0.727,-21.837,3.5));
#6046 = CARTESIAN_POINT('',(-1.027,-22.137,4.4));
#6047 = CARTESIAN_POINT('',(73.808,-21.837,3.5));
#6048 = CARTESIAN_POINT('',(74.108,-22.137,4.4));
#6049 = DEFINITIONAL_REPRESENTATION('',(#6050),#6056);
#6050 = B_SPLINE_CURVE_WITH_KNOTS('',4,(#6051,#6052,#6053,#6054,#6055),
  .UNSPECIFIED.,.F.,.F.,(5,5),(0.,1.),.PIECEWISE_BEZIER_KNOTS.);
#6051 = CARTESIAN_POINT('',(43.320953984069,4.333333333333E-02));
#6052 = CARTESIAN_POINT('',(43.30988098914,0.282497951424));
#6053 = CARTESIAN_POINT('',(43.298864758995,0.521663952737));
#6054 = CARTESIAN_POINT('',(43.287904640698,0.760831310725));
#6055 = CARTESIAN_POINT('',(43.277,1.));
#6056 = ( GEOMETRIC_REPRESENTATION_CONTEXT(2) 
PARAMETRIC_REPRESENTATION_CONTEXT() REPRESENTATION_CONTEXT('2D SPACE',''
  ) );
#6057 = ORIENTED_EDGE('',*,*,#6058,.F.);
#6058 = EDGE_CURVE('',#5980,#6025,#6059,.T.);
#6059 = SURFACE_CURVE('',#6060,(#6064,#6070),.PCURVE_S1.);
#6060 = LINE('',#6061,#6062);
#6061 = CARTESIAN_POINT('',(42.25,-16.09751018114,4.4));
#6062 = VECTOR('',#6063,1.);
#6063 = DIRECTION('',(0.,1.,0.));
#6064 = PCURVE('',#5945,#6065);
#6065 = DEFINITIONAL_REPRESENTATION('',(#6066),#6069);
#6066 = B_SPLINE_CURVE_WITH_KNOTS('',1,(#6067,#6068),.UNSPECIFIED.,.F.,
  .F.,(2,2),(-6.302489818856,-4.402489818856),.PIECEWISE_BEZIER_KNOTS.);
#6067 = CARTESIAN_POINT('',(2.8,0.));
#6068 = CARTESIAN_POINT('',(2.8,-1.9));
#6069 = ( GEOMETRIC_REPRESENTATION_CONTEXT(2) 
PARAMETRIC_REPRESENTATION_CONTEXT() REPRESENTATION_CONTEXT('2D SPACE',''
  ) );
#6070 = PCURVE('',#72,#6071);
#6071 = DEFINITIONAL_REPRESENTATION('',(#6072),#6076);
#6072 = LINE('',#6073,#6074);
#6073 = CARTESIAN_POINT('',(5.259333194243,-6.302489818856));
#6074 = VECTOR('',#6075,1.);
#6075 = DIRECTION('',(0.,1.));
#6076 = ( GEOMETRIC_REPRESENTATION_CONTEXT(2) 
PARAMETRIC_REPRESENTATION_CONTEXT() REPRESENTATION_CONTEXT('2D SPACE',''
  ) );
#6077 = ADVANCED_FACE('',(#6078),#6044,.F.);
#6078 = FACE_BOUND('',#6079,.F.);
#6079 = EDGE_LOOP('',(#6080,#6116,#6137,#6138));
#6080 = ORIENTED_EDGE('',*,*,#6081,.T.);
#6081 = EDGE_CURVE('',#6082,#6084,#6086,.T.);
#6082 = VERTEX_POINT('',#6083);
#6083 = CARTESIAN_POINT('',(65.75,-21.85,3.539));
#6084 = VERTEX_POINT('',#6085);
#6085 = CARTESIAN_POINT('',(65.75,-22.137,4.4));
#6086 = SURFACE_CURVE('',#6087,(#6093,#6102),.PCURVE_S1.);
#6087 = B_SPLINE_CURVE_WITH_KNOTS('',4,(#6088,#6089,#6090,#6091,#6092),
  .UNSPECIFIED.,.F.,.F.,(5,5),(0.,1.),.PIECEWISE_BEZIER_KNOTS.);
#6088 = CARTESIAN_POINT('',(65.75,-21.85,3.539));
#6089 = CARTESIAN_POINT('',(65.75,-21.92173435636,3.754203069099));
#6090 = CARTESIAN_POINT('',(65.75,-21.99347926962,3.969437808882));
#6091 = CARTESIAN_POINT('',(65.75,-22.0652345461,4.184703638316));
#6092 = CARTESIAN_POINT('',(65.75,-22.137,4.4));
#6093 = PCURVE('',#6044,#6094);
#6094 = DEFINITIONAL_REPRESENTATION('',(#6095),#6101);
#6095 = B_SPLINE_CURVE_WITH_KNOTS('',4,(#6096,#6097,#6098,#6099,#6100),
  .UNSPECIFIED.,.F.,.F.,(5,5),(0.,1.),.PIECEWISE_BEZIER_KNOTS.);
#6096 = CARTESIAN_POINT('',(67.001866257582,4.333333333333E-02));
#6097 = CARTESIAN_POINT('',(66.945229267238,0.282447854555));
#6098 = CARTESIAN_POINT('',(66.888874553391,0.521597565424));
#6099 = CARTESIAN_POINT('',(66.832799108952,0.760781820351));
#6100 = CARTESIAN_POINT('',(66.777,1.));
#6101 = ( GEOMETRIC_REPRESENTATION_CONTEXT(2) 
PARAMETRIC_REPRESENTATION_CONTEXT() REPRESENTATION_CONTEXT('2D SPACE',''
  ) );
#6102 = PCURVE('',#6103,#6108);
#6103 = PLANE('',#6104);
#6104 = AXIS2_PLACEMENT_3D('',#6105,#6106,#6107);
#6105 = CARTESIAN_POINT('',(65.75,-22.4,1.6));
#6106 = DIRECTION('',(1.,0.,0.));
#6107 = DIRECTION('',(0.,0.,1.));
#6108 = DEFINITIONAL_REPRESENTATION('',(#6109),#6115);
#6109 = B_SPLINE_CURVE_WITH_KNOTS('',4,(#6110,#6111,#6112,#6113,#6114),
  .UNSPECIFIED.,.F.,.F.,(5,5),(0.,1.),.PIECEWISE_BEZIER_KNOTS.);
#6110 = CARTESIAN_POINT('',(1.939,-0.55));
#6111 = CARTESIAN_POINT('',(2.154203069099,-0.478265643634));
#6112 = CARTESIAN_POINT('',(2.369437808882,-0.406520730373));
#6113 = CARTESIAN_POINT('',(2.584703638316,-0.334765453895));
#6114 = CARTESIAN_POINT('',(2.8,-0.263));
#6115 = ( GEOMETRIC_REPRESENTATION_CONTEXT(2) 
PARAMETRIC_REPRESENTATION_CONTEXT() REPRESENTATION_CONTEXT('2D SPACE',''
  ) );
#6116 = ORIENTED_EDGE('',*,*,#6117,.F.);
#6117 = EDGE_CURVE('',#6025,#6084,#6118,.T.);
#6118 = SURFACE_CURVE('',#6119,(#6123,#6130),.PCURVE_S1.);
#6119 = LINE('',#6120,#6121);
#6120 = CARTESIAN_POINT('',(-1.027,-22.137,4.4));
#6121 = VECTOR('',#6122,1.);
#6122 = DIRECTION('',(1.,0.,0.));
#6123 = PCURVE('',#6044,#6124);
#6124 = DEFINITIONAL_REPRESENTATION('',(#6125),#6129);
#6125 = LINE('',#6126,#6127);
#6126 = CARTESIAN_POINT('',(0.,1.));
#6127 = VECTOR('',#6128,1.);
#6128 = DIRECTION('',(1.,0.));
#6129 = ( GEOMETRIC_REPRESENTATION_CONTEXT(2) 
PARAMETRIC_REPRESENTATION_CONTEXT() REPRESENTATION_CONTEXT('2D SPACE',''
  ) );
#6130 = PCURVE('',#72,#6131);
#6131 = DEFINITIONAL_REPRESENTATION('',(#6132),#6136);
#6132 = LINE('',#6133,#6134);
#6133 = CARTESIAN_POINT('',(-38.01766680575,-12.34197963771));
#6134 = VECTOR('',#6135,1.);
#6135 = DIRECTION('',(1.,0.));
#6136 = ( GEOMETRIC_REPRESENTATION_CONTEXT(2) 
PARAMETRIC_REPRESENTATION_CONTEXT() REPRESENTATION_CONTEXT('2D SPACE',''
  ) );
#6137 = ORIENTED_EDGE('',*,*,#6024,.F.);
#6138 = ORIENTED_EDGE('',*,*,#6139,.F.);
#6139 = EDGE_CURVE('',#6082,#6004,#6140,.T.);
#6140 = SURFACE_CURVE('',#6141,(#6144,#6150),.PCURVE_S1.);
#6141 = B_SPLINE_CURVE_WITH_KNOTS('',1,(#6142,#6143),.UNSPECIFIED.,.F.,
  .F.,(2,2),(0.,1.),.PIECEWISE_BEZIER_KNOTS.);
#6142 = CARTESIAN_POINT('',(71.7,-21.85,3.539));
#6143 = CARTESIAN_POINT('',(-0.6,-21.85,3.539));
#6144 = PCURVE('',#6044,#6145);
#6145 = DEFINITIONAL_REPRESENTATION('',(#6146),#6149);
#6146 = B_SPLINE_CURVE_WITH_KNOTS('',1,(#6147,#6148),.UNSPECIFIED.,.F.,
  .F.,(2,2),(0.,1.),.PIECEWISE_BEZIER_KNOTS.);
#6147 = CARTESIAN_POINT('',(72.997671705047,4.333333333334E-02));
#6148 = CARTESIAN_POINT('',(0.141077775244,4.333333333334E-02));
#6149 = ( GEOMETRIC_REPRESENTATION_CONTEXT(2) 
PARAMETRIC_REPRESENTATION_CONTEXT() REPRESENTATION_CONTEXT('2D SPACE',''
  ) );
#6150 = PCURVE('',#1697,#6151);
#6151 = DEFINITIONAL_REPRESENTATION('',(#6152),#6155);
#6152 = B_SPLINE_CURVE_WITH_KNOTS('',1,(#6153,#6154),.UNSPECIFIED.,.F.,
  .F.,(2,2),(0.,1.),.PIECEWISE_BEZIER_KNOTS.);
#6153 = CARTESIAN_POINT('',(7.539,72.3));
#6154 = CARTESIAN_POINT('',(7.539,0.));
#6155 = ( GEOMETRIC_REPRESENTATION_CONTEXT(2) 
PARAMETRIC_REPRESENTATION_CONTEXT() REPRESENTATION_CONTEXT('2D SPACE',''
  ) );
#6156 = ADVANCED_FACE('',(#6157),#6103,.T.);
#6157 = FACE_BOUND('',#6158,.T.);
#6158 = EDGE_LOOP('',(#6159,#6189,#6217,#6236,#6237));
#6159 = ORIENTED_EDGE('',*,*,#6160,.F.);
#6160 = EDGE_CURVE('',#6161,#6163,#6165,.T.);
#6161 = VERTEX_POINT('',#6162);
#6162 = CARTESIAN_POINT('',(65.75,-22.4,1.6));
#6163 = VERTEX_POINT('',#6164);
#6164 = CARTESIAN_POINT('',(65.75,-22.4,4.4));
#6165 = SURFACE_CURVE('',#6166,(#6170,#6177),.PCURVE_S1.);
#6166 = LINE('',#6167,#6168);
#6167 = CARTESIAN_POINT('',(65.75,-22.4,1.6));
#6168 = VECTOR('',#6169,1.);
#6169 = DIRECTION('',(0.,0.,1.));
#6170 = PCURVE('',#6103,#6171);
#6171 = DEFINITIONAL_REPRESENTATION('',(#6172),#6176);
#6172 = LINE('',#6173,#6174);
#6173 = CARTESIAN_POINT('',(0.,0.));
#6174 = VECTOR('',#6175,1.);
#6175 = DIRECTION('',(1.,0.));
#6176 = ( GEOMETRIC_REPRESENTATION_CONTEXT(2) 
PARAMETRIC_REPRESENTATION_CONTEXT() REPRESENTATION_CONTEXT('2D SPACE',''
  ) );
#6177 = PCURVE('',#6178,#6183);
#6178 = PLANE('',#6179);
#6179 = AXIS2_PLACEMENT_3D('',#6180,#6181,#6182);
#6180 = CARTESIAN_POINT('',(65.75,-22.4,1.6));
#6181 = DIRECTION('',(0.,1.,0.));
#6182 = DIRECTION('',(0.,0.,1.));
#6183 = DEFINITIONAL_REPRESENTATION('',(#6184),#6188);
#6184 = LINE('',#6185,#6186);
#6185 = CARTESIAN_POINT('',(0.,0.));
#6186 = VECTOR('',#6187,1.);
#6187 = DIRECTION('',(1.,0.));
#6188 = ( GEOMETRIC_REPRESENTATION_CONTEXT(2) 
PARAMETRIC_REPRESENTATION_CONTEXT() REPRESENTATION_CONTEXT('2D SPACE',''
  ) );
#6189 = ORIENTED_EDGE('',*,*,#6190,.T.);
#6190 = EDGE_CURVE('',#6161,#6191,#6193,.T.);
#6191 = VERTEX_POINT('',#6192);
#6192 = CARTESIAN_POINT('',(65.75,-21.85,1.6));
#6193 = SURFACE_CURVE('',#6194,(#6198,#6205),.PCURVE_S1.);
#6194 = LINE('',#6195,#6196);
#6195 = CARTESIAN_POINT('',(65.75,-22.4,1.6));
#6196 = VECTOR('',#6197,1.);
#6197 = DIRECTION('',(0.,1.,0.));
#6198 = PCURVE('',#6103,#6199);
#6199 = DEFINITIONAL_REPRESENTATION('',(#6200),#6204);
#6200 = LINE('',#6201,#6202);
#6201 = CARTESIAN_POINT('',(0.,0.));
#6202 = VECTOR('',#6203,1.);
#6203 = DIRECTION('',(0.,-1.));
#6204 = ( GEOMETRIC_REPRESENTATION_CONTEXT(2) 
PARAMETRIC_REPRESENTATION_CONTEXT() REPRESENTATION_CONTEXT('2D SPACE',''
  ) );
#6205 = PCURVE('',#6206,#6211);
#6206 = PLANE('',#6207);
#6207 = AXIS2_PLACEMENT_3D('',#6208,#6209,#6210);
#6208 = CARTESIAN_POINT('',(65.75,-22.4,1.6));
#6209 = DIRECTION('',(0.,0.,1.));
#6210 = DIRECTION('',(1.,0.,0.));
#6211 = DEFINITIONAL_REPRESENTATION('',(#6212),#6216);
#6212 = LINE('',#6213,#6214);
#6213 = CARTESIAN_POINT('',(0.,0.));
#6214 = VECTOR('',#6215,1.);
#6215 = DIRECTION('',(0.,1.));
#6216 = ( GEOMETRIC_REPRESENTATION_CONTEXT(2) 
PARAMETRIC_REPRESENTATION_CONTEXT() REPRESENTATION_CONTEXT('2D SPACE',''
  ) );
#6217 = ORIENTED_EDGE('',*,*,#6218,.F.);
#6218 = EDGE_CURVE('',#6082,#6191,#6219,.T.);
#6219 = SURFACE_CURVE('',#6220,(#6224,#6230),.PCURVE_S1.);
#6220 = LINE('',#6221,#6222);
#6221 = CARTESIAN_POINT('',(65.75,-21.85,-1.2));
#6222 = VECTOR('',#6223,1.);
#6223 = DIRECTION('',(0.,0.,-1.));
#6224 = PCURVE('',#6103,#6225);
#6225 = DEFINITIONAL_REPRESENTATION('',(#6226),#6229);
#6226 = B_SPLINE_CURVE_WITH_KNOTS('',1,(#6227,#6228),.UNSPECIFIED.,.F.,
  .F.,(2,2),(-5.6,-2.8),.PIECEWISE_BEZIER_KNOTS.);
#6227 = CARTESIAN_POINT('',(2.8,-0.55));
#6228 = CARTESIAN_POINT('',(0.,-0.55));
#6229 = ( GEOMETRIC_REPRESENTATION_CONTEXT(2) 
PARAMETRIC_REPRESENTATION_CONTEXT() REPRESENTATION_CONTEXT('2D SPACE',''
  ) );
#6230 = PCURVE('',#1697,#6231);
#6231 = DEFINITIONAL_REPRESENTATION('',(#6232),#6235);
#6232 = B_SPLINE_CURVE_WITH_KNOTS('',1,(#6233,#6234),.UNSPECIFIED.,.F.,
  .F.,(2,2),(-5.6,-2.8),.PIECEWISE_BEZIER_KNOTS.);
#6233 = CARTESIAN_POINT('',(8.4,66.35));
#6234 = CARTESIAN_POINT('',(5.6,66.35));
#6235 = ( GEOMETRIC_REPRESENTATION_CONTEXT(2) 
PARAMETRIC_REPRESENTATION_CONTEXT() REPRESENTATION_CONTEXT('2D SPACE',''
  ) );
#6236 = ORIENTED_EDGE('',*,*,#6081,.T.);
#6237 = ORIENTED_EDGE('',*,*,#6238,.F.);
#6238 = EDGE_CURVE('',#6163,#6084,#6239,.T.);
#6239 = SURFACE_CURVE('',#6240,(#6244,#6250),.PCURVE_S1.);
#6240 = LINE('',#6241,#6242);
#6241 = CARTESIAN_POINT('',(65.75,-16.09751018114,4.4));
#6242 = VECTOR('',#6243,1.);
#6243 = DIRECTION('',(0.,1.,0.));
#6244 = PCURVE('',#6103,#6245);
#6245 = DEFINITIONAL_REPRESENTATION('',(#6246),#6249);
#6246 = B_SPLINE_CURVE_WITH_KNOTS('',1,(#6247,#6248),.UNSPECIFIED.,.F.,
  .F.,(2,2),(-6.302489818856,-4.402489818856),.PIECEWISE_BEZIER_KNOTS.);
#6247 = CARTESIAN_POINT('',(2.8,0.));
#6248 = CARTESIAN_POINT('',(2.8,-1.9));
#6249 = ( GEOMETRIC_REPRESENTATION_CONTEXT(2) 
PARAMETRIC_REPRESENTATION_CONTEXT() REPRESENTATION_CONTEXT('2D SPACE',''
  ) );
#6250 = PCURVE('',#72,#6251);
#6251 = DEFINITIONAL_REPRESENTATION('',(#6252),#6256);
#6252 = LINE('',#6253,#6254);
#6253 = CARTESIAN_POINT('',(28.759333194243,-6.302489818856));
#6254 = VECTOR('',#6255,1.);
#6255 = DIRECTION('',(0.,1.));
#6256 = ( GEOMETRIC_REPRESENTATION_CONTEXT(2) 
PARAMETRIC_REPRESENTATION_CONTEXT() REPRESENTATION_CONTEXT('2D SPACE',''
  ) );
#6257 = ADVANCED_FACE('',(#6258),#6206,.T.);
#6258 = FACE_BOUND('',#6259,.T.);
#6259 = EDGE_LOOP('',(#6260,#6261,#6284,#6312));
#6260 = ORIENTED_EDGE('',*,*,#6190,.F.);
#6261 = ORIENTED_EDGE('',*,*,#6262,.T.);
#6262 = EDGE_CURVE('',#6161,#6263,#6265,.T.);
#6263 = VERTEX_POINT('',#6264);
#6264 = CARTESIAN_POINT('',(68.25,-22.4,1.6));
#6265 = SURFACE_CURVE('',#6266,(#6270,#6277),.PCURVE_S1.);
#6266 = LINE('',#6267,#6268);
#6267 = CARTESIAN_POINT('',(65.75,-22.4,1.6));
#6268 = VECTOR('',#6269,1.);
#6269 = DIRECTION('',(1.,0.,0.));
#6270 = PCURVE('',#6206,#6271);
#6271 = DEFINITIONAL_REPRESENTATION('',(#6272),#6276);
#6272 = LINE('',#6273,#6274);
#6273 = CARTESIAN_POINT('',(0.,0.));
#6274 = VECTOR('',#6275,1.);
#6275 = DIRECTION('',(1.,0.));
#6276 = ( GEOMETRIC_REPRESENTATION_CONTEXT(2) 
PARAMETRIC_REPRESENTATION_CONTEXT() REPRESENTATION_CONTEXT('2D SPACE',''
  ) );
#6277 = PCURVE('',#6178,#6278);
#6278 = DEFINITIONAL_REPRESENTATION('',(#6279),#6283);
#6279 = LINE('',#6280,#6281);
#6280 = CARTESIAN_POINT('',(0.,0.));
#6281 = VECTOR('',#6282,1.);
#6282 = DIRECTION('',(0.,1.));
#6283 = ( GEOMETRIC_REPRESENTATION_CONTEXT(2) 
PARAMETRIC_REPRESENTATION_CONTEXT() REPRESENTATION_CONTEXT('2D SPACE',''
  ) );
#6284 = ORIENTED_EDGE('',*,*,#6285,.T.);
#6285 = EDGE_CURVE('',#6263,#6286,#6288,.T.);
#6286 = VERTEX_POINT('',#6287);
#6287 = CARTESIAN_POINT('',(68.25,-21.85,1.6));
#6288 = SURFACE_CURVE('',#6289,(#6293,#6300),.PCURVE_S1.);
#6289 = LINE('',#6290,#6291);
#6290 = CARTESIAN_POINT('',(68.25,-22.4,1.6));
#6291 = VECTOR('',#6292,1.);
#6292 = DIRECTION('',(0.,1.,0.));
#6293 = PCURVE('',#6206,#6294);
#6294 = DEFINITIONAL_REPRESENTATION('',(#6295),#6299);
#6295 = LINE('',#6296,#6297);
#6296 = CARTESIAN_POINT('',(2.5,0.));
#6297 = VECTOR('',#6298,1.);
#6298 = DIRECTION('',(0.,1.));
#6299 = ( GEOMETRIC_REPRESENTATION_CONTEXT(2) 
PARAMETRIC_REPRESENTATION_CONTEXT() REPRESENTATION_CONTEXT('2D SPACE',''
  ) );
#6300 = PCURVE('',#6301,#6306);
#6301 = PLANE('',#6302);
#6302 = AXIS2_PLACEMENT_3D('',#6303,#6304,#6305);
#6303 = CARTESIAN_POINT('',(68.25,-22.4,1.6));
#6304 = DIRECTION('',(1.,0.,0.));
#6305 = DIRECTION('',(0.,0.,1.));
#6306 = DEFINITIONAL_REPRESENTATION('',(#6307),#6311);
#6307 = LINE('',#6308,#6309);
#6308 = CARTESIAN_POINT('',(0.,0.));
#6309 = VECTOR('',#6310,1.);
#6310 = DIRECTION('',(0.,-1.));
#6311 = ( GEOMETRIC_REPRESENTATION_CONTEXT(2) 
PARAMETRIC_REPRESENTATION_CONTEXT() REPRESENTATION_CONTEXT('2D SPACE',''
  ) );
#6312 = ORIENTED_EDGE('',*,*,#6313,.F.);
#6313 = EDGE_CURVE('',#6191,#6286,#6314,.T.);
#6314 = SURFACE_CURVE('',#6315,(#6319,#6325),.PCURVE_S1.);
#6315 = LINE('',#6316,#6317);
#6316 = CARTESIAN_POINT('',(32.575,-21.85,1.6));
#6317 = VECTOR('',#6318,1.);
#6318 = DIRECTION('',(1.,0.,0.));
#6319 = PCURVE('',#6206,#6320);
#6320 = DEFINITIONAL_REPRESENTATION('',(#6321),#6324);
#6321 = B_SPLINE_CURVE_WITH_KNOTS('',1,(#6322,#6323),.UNSPECIFIED.,.F.,
  .F.,(2,2),(33.175,35.675),.PIECEWISE_BEZIER_KNOTS.);
#6322 = CARTESIAN_POINT('',(0.,0.55));
#6323 = CARTESIAN_POINT('',(2.5,0.55));
#6324 = ( GEOMETRIC_REPRESENTATION_CONTEXT(2) 
PARAMETRIC_REPRESENTATION_CONTEXT() REPRESENTATION_CONTEXT('2D SPACE',''
  ) );
#6325 = PCURVE('',#1697,#6326);
#6326 = DEFINITIONAL_REPRESENTATION('',(#6327),#6330);
#6327 = B_SPLINE_CURVE_WITH_KNOTS('',1,(#6328,#6329),.UNSPECIFIED.,.F.,
  .F.,(2,2),(33.175,35.675),.PIECEWISE_BEZIER_KNOTS.);
#6328 = CARTESIAN_POINT('',(5.6,66.35));
#6329 = CARTESIAN_POINT('',(5.6,68.85));
#6330 = ( GEOMETRIC_REPRESENTATION_CONTEXT(2) 
PARAMETRIC_REPRESENTATION_CONTEXT() REPRESENTATION_CONTEXT('2D SPACE',''
  ) );
#6331 = ADVANCED_FACE('',(#6332),#6301,.F.);
#6332 = FACE_BOUND('',#6333,.F.);
#6333 = EDGE_LOOP('',(#6334,#6357,#6358,#6379,#6408));
#6334 = ORIENTED_EDGE('',*,*,#6335,.F.);
#6335 = EDGE_CURVE('',#6263,#6336,#6338,.T.);
#6336 = VERTEX_POINT('',#6337);
#6337 = CARTESIAN_POINT('',(68.25,-22.4,4.4));
#6338 = SURFACE_CURVE('',#6339,(#6343,#6350),.PCURVE_S1.);
#6339 = LINE('',#6340,#6341);
#6340 = CARTESIAN_POINT('',(68.25,-22.4,1.6));
#6341 = VECTOR('',#6342,1.);
#6342 = DIRECTION('',(0.,0.,1.));
#6343 = PCURVE('',#6301,#6344);
#6344 = DEFINITIONAL_REPRESENTATION('',(#6345),#6349);
#6345 = LINE('',#6346,#6347);
#6346 = CARTESIAN_POINT('',(0.,0.));
#6347 = VECTOR('',#6348,1.);
#6348 = DIRECTION('',(1.,0.));
#6349 = ( GEOMETRIC_REPRESENTATION_CONTEXT(2) 
PARAMETRIC_REPRESENTATION_CONTEXT() REPRESENTATION_CONTEXT('2D SPACE',''
  ) );
#6350 = PCURVE('',#6178,#6351);
#6351 = DEFINITIONAL_REPRESENTATION('',(#6352),#6356);
#6352 = LINE('',#6353,#6354);
#6353 = CARTESIAN_POINT('',(0.,2.5));
#6354 = VECTOR('',#6355,1.);
#6355 = DIRECTION('',(1.,0.));
#6356 = ( GEOMETRIC_REPRESENTATION_CONTEXT(2) 
PARAMETRIC_REPRESENTATION_CONTEXT() REPRESENTATION_CONTEXT('2D SPACE',''
  ) );
#6357 = ORIENTED_EDGE('',*,*,#6285,.T.);
#6358 = ORIENTED_EDGE('',*,*,#6359,.F.);
#6359 = EDGE_CURVE('',#6360,#6286,#6362,.T.);
#6360 = VERTEX_POINT('',#6361);
#6361 = CARTESIAN_POINT('',(68.25,-21.85,3.539));
#6362 = SURFACE_CURVE('',#6363,(#6367,#6373),.PCURVE_S1.);
#6363 = LINE('',#6364,#6365);
#6364 = CARTESIAN_POINT('',(68.25,-21.85,-1.2));
#6365 = VECTOR('',#6366,1.);
#6366 = DIRECTION('',(0.,0.,-1.));
#6367 = PCURVE('',#6301,#6368);
#6368 = DEFINITIONAL_REPRESENTATION('',(#6369),#6372);
#6369 = B_SPLINE_CURVE_WITH_KNOTS('',1,(#6370,#6371),.UNSPECIFIED.,.F.,
  .F.,(2,2),(-5.6,-2.8),.PIECEWISE_BEZIER_KNOTS.);
#6370 = CARTESIAN_POINT('',(2.8,-0.55));
#6371 = CARTESIAN_POINT('',(0.,-0.55));
#6372 = ( GEOMETRIC_REPRESENTATION_CONTEXT(2) 
PARAMETRIC_REPRESENTATION_CONTEXT() REPRESENTATION_CONTEXT('2D SPACE',''
  ) );
#6373 = PCURVE('',#1697,#6374);
#6374 = DEFINITIONAL_REPRESENTATION('',(#6375),#6378);
#6375 = B_SPLINE_CURVE_WITH_KNOTS('',1,(#6376,#6377),.UNSPECIFIED.,.F.,
  .F.,(2,2),(-5.6,-2.8),.PIECEWISE_BEZIER_KNOTS.);
#6376 = CARTESIAN_POINT('',(8.4,68.85));
#6377 = CARTESIAN_POINT('',(5.6,68.85));
#6378 = ( GEOMETRIC_REPRESENTATION_CONTEXT(2) 
PARAMETRIC_REPRESENTATION_CONTEXT() REPRESENTATION_CONTEXT('2D SPACE',''
  ) );
#6379 = ORIENTED_EDGE('',*,*,#6380,.T.);
#6380 = EDGE_CURVE('',#6360,#6381,#6383,.T.);
#6381 = VERTEX_POINT('',#6382);
#6382 = CARTESIAN_POINT('',(68.25,-22.137,4.4));
#6383 = SURFACE_CURVE('',#6384,(#6390,#6399),.PCURVE_S1.);
#6384 = B_SPLINE_CURVE_WITH_KNOTS('',4,(#6385,#6386,#6387,#6388,#6389),
  .UNSPECIFIED.,.F.,.F.,(5,5),(0.,1.),.PIECEWISE_BEZIER_KNOTS.);
#6385 = CARTESIAN_POINT('',(68.25,-21.85,3.539));
#6386 = CARTESIAN_POINT('',(68.25,-21.92173165738,3.754194972152));
#6387 = CARTESIAN_POINT('',(68.25,-21.99347569179,3.969427075382));
#6388 = CARTESIAN_POINT('',(68.25,-22.06523187805,4.184695634152));
#6389 = CARTESIAN_POINT('',(68.25,-22.137,4.4));
#6390 = PCURVE('',#6301,#6391);
#6391 = DEFINITIONAL_REPRESENTATION('',(#6392),#6398);
#6392 = B_SPLINE_CURVE_WITH_KNOTS('',4,(#6393,#6394,#6395,#6396,#6397),
  .UNSPECIFIED.,.F.,.F.,(5,5),(0.,1.),.PIECEWISE_BEZIER_KNOTS.);
#6393 = CARTESIAN_POINT('',(1.939,-0.55));
#6394 = CARTESIAN_POINT('',(2.154194972152,-0.478268342616));
#6395 = CARTESIAN_POINT('',(2.369427075382,-0.406524308206));
#6396 = CARTESIAN_POINT('',(2.584695634152,-0.334768121949));
#6397 = CARTESIAN_POINT('',(2.8,-0.263));
#6398 = ( GEOMETRIC_REPRESENTATION_CONTEXT(2) 
PARAMETRIC_REPRESENTATION_CONTEXT() REPRESENTATION_CONTEXT('2D SPACE',''
  ) );
#6399 = PCURVE('',#1872,#6400);
#6400 = DEFINITIONAL_REPRESENTATION('',(#6401),#6407);
#6401 = B_SPLINE_CURVE_WITH_KNOTS('',4,(#6402,#6403,#6404,#6405,#6406),
  .UNSPECIFIED.,.F.,.F.,(5,5),(0.,1.),.PIECEWISE_BEZIER_KNOTS.);
#6402 = CARTESIAN_POINT('',(69.521112244126,4.333333333333E-02));
#6403 = CARTESIAN_POINT('',(69.459630086814,0.282438857947));
#6404 = CARTESIAN_POINT('',(69.398452781853,0.521585639314));
#6405 = CARTESIAN_POINT('',(69.337577128181,0.760772926836));
#6406 = CARTESIAN_POINT('',(69.277,1.));
#6407 = ( GEOMETRIC_REPRESENTATION_CONTEXT(2) 
PARAMETRIC_REPRESENTATION_CONTEXT() REPRESENTATION_CONTEXT('2D SPACE',''
  ) );
#6408 = ORIENTED_EDGE('',*,*,#6409,.F.);
#6409 = EDGE_CURVE('',#6336,#6381,#6410,.T.);
#6410 = SURFACE_CURVE('',#6411,(#6415,#6421),.PCURVE_S1.);
#6411 = LINE('',#6412,#6413);
#6412 = CARTESIAN_POINT('',(68.25,-16.09751018114,4.4));
#6413 = VECTOR('',#6414,1.);
#6414 = DIRECTION('',(0.,1.,0.));
#6415 = PCURVE('',#6301,#6416);
#6416 = DEFINITIONAL_REPRESENTATION('',(#6417),#6420);
#6417 = B_SPLINE_CURVE_WITH_KNOTS('',1,(#6418,#6419),.UNSPECIFIED.,.F.,
  .F.,(2,2),(-6.302489818856,-4.402489818856),.PIECEWISE_BEZIER_KNOTS.);
#6418 = CARTESIAN_POINT('',(2.8,0.));
#6419 = CARTESIAN_POINT('',(2.8,-1.9));
#6420 = ( GEOMETRIC_REPRESENTATION_CONTEXT(2) 
PARAMETRIC_REPRESENTATION_CONTEXT() REPRESENTATION_CONTEXT('2D SPACE',''
  ) );
#6421 = PCURVE('',#72,#6422);
#6422 = DEFINITIONAL_REPRESENTATION('',(#6423),#6427);
#6423 = LINE('',#6424,#6425);
#6424 = CARTESIAN_POINT('',(31.259333194243,-6.302489818856));
#6425 = VECTOR('',#6426,1.);
#6426 = DIRECTION('',(0.,1.));
#6427 = ( GEOMETRIC_REPRESENTATION_CONTEXT(2) 
PARAMETRIC_REPRESENTATION_CONTEXT() REPRESENTATION_CONTEXT('2D SPACE',''
  ) );
#6428 = ADVANCED_FACE('',(#6429),#6178,.T.);
#6429 = FACE_BOUND('',#6430,.T.);
#6430 = EDGE_LOOP('',(#6431,#6432,#6433,#6434));
#6431 = ORIENTED_EDGE('',*,*,#6335,.F.);
#6432 = ORIENTED_EDGE('',*,*,#6262,.F.);
#6433 = ORIENTED_EDGE('',*,*,#6160,.T.);
#6434 = ORIENTED_EDGE('',*,*,#6435,.F.);
#6435 = EDGE_CURVE('',#6336,#6163,#6436,.T.);
#6436 = SURFACE_CURVE('',#6437,(#6441,#6447),.PCURVE_S1.);
#6437 = LINE('',#6438,#6439);
#6438 = CARTESIAN_POINT('',(51.370333402879,-22.4,4.4));
#6439 = VECTOR('',#6440,1.);
#6440 = DIRECTION('',(-1.,0.,0.));
#6441 = PCURVE('',#6178,#6442);
#6442 = DEFINITIONAL_REPRESENTATION('',(#6443),#6446);
#6443 = B_SPLINE_CURVE_WITH_KNOTS('',1,(#6444,#6445),.UNSPECIFIED.,.F.,
  .F.,(2,2),(-16.87966659712,-14.37966659712),.PIECEWISE_BEZIER_KNOTS.);
#6444 = CARTESIAN_POINT('',(2.8,2.5));
#6445 = CARTESIAN_POINT('',(2.8,0.));
#6446 = ( GEOMETRIC_REPRESENTATION_CONTEXT(2) 
PARAMETRIC_REPRESENTATION_CONTEXT() REPRESENTATION_CONTEXT('2D SPACE',''
  ) );
#6447 = PCURVE('',#72,#6448);
#6448 = DEFINITIONAL_REPRESENTATION('',(#6449),#6453);
#6449 = LINE('',#6450,#6451);
#6450 = CARTESIAN_POINT('',(14.379666597121,-12.60497963771));
#6451 = VECTOR('',#6452,1.);
#6452 = DIRECTION('',(-1.,0.));
#6453 = ( GEOMETRIC_REPRESENTATION_CONTEXT(2) 
PARAMETRIC_REPRESENTATION_CONTEXT() REPRESENTATION_CONTEXT('2D SPACE',''
  ) );
#6454 = ADVANCED_FACE('',(#6455),#5822,.T.);
#6455 = FACE_BOUND('',#6456,.T.);
#6456 = EDGE_LOOP('',(#6457,#6458,#6459,#6460));
#6457 = ORIENTED_EDGE('',*,*,#5979,.F.);
#6458 = ORIENTED_EDGE('',*,*,#5906,.F.);
#6459 = ORIENTED_EDGE('',*,*,#5804,.T.);
#6460 = ORIENTED_EDGE('',*,*,#6461,.F.);
#6461 = EDGE_CURVE('',#5980,#5807,#6462,.T.);
#6462 = SURFACE_CURVE('',#6463,(#6467,#6473),.PCURVE_S1.);
#6463 = LINE('',#6464,#6465);
#6464 = CARTESIAN_POINT('',(38.370333402879,-22.4,4.4));
#6465 = VECTOR('',#6466,1.);
#6466 = DIRECTION('',(-1.,0.,0.));
#6467 = PCURVE('',#5822,#6468);
#6468 = DEFINITIONAL_REPRESENTATION('',(#6469),#6472);
#6469 = B_SPLINE_CURVE_WITH_KNOTS('',1,(#6470,#6471),.UNSPECIFIED.,.F.,
  .F.,(2,2),(-3.879666597121,-1.379666597121),.PIECEWISE_BEZIER_KNOTS.);
#6470 = CARTESIAN_POINT('',(2.8,2.5));
#6471 = CARTESIAN_POINT('',(2.8,0.));
#6472 = ( GEOMETRIC_REPRESENTATION_CONTEXT(2) 
PARAMETRIC_REPRESENTATION_CONTEXT() REPRESENTATION_CONTEXT('2D SPACE',''
  ) );
#6473 = PCURVE('',#72,#6474);
#6474 = DEFINITIONAL_REPRESENTATION('',(#6475),#6479);
#6475 = LINE('',#6476,#6477);
#6476 = CARTESIAN_POINT('',(1.379666597121,-12.60497963771));
#6477 = VECTOR('',#6478,1.);
#6478 = DIRECTION('',(-1.,0.));
#6479 = ( GEOMETRIC_REPRESENTATION_CONTEXT(2) 
PARAMETRIC_REPRESENTATION_CONTEXT() REPRESENTATION_CONTEXT('2D SPACE',''
  ) );
#6480 = ADVANCED_FACE('',(#6481),#5789,.T.);
#6481 = FACE_BOUND('',#6482,.T.);
#6482 = EDGE_LOOP('',(#6483,#6484,#6511,#6538));
#6483 = ORIENTED_EDGE('',*,*,#5775,.F.);
#6484 = ORIENTED_EDGE('',*,*,#6485,.T.);
#6485 = EDGE_CURVE('',#5675,#6486,#6488,.T.);
#6486 = VERTEX_POINT('',#6487);
#6487 = CARTESIAN_POINT('',(29.,-21.95,4.4));
#6488 = SURFACE_CURVE('',#6489,(#6493,#6500),.PCURVE_S1.);
#6489 = LINE('',#6490,#6491);
#6490 = CARTESIAN_POINT('',(29.,-16.19751018114,4.4));
#6491 = VECTOR('',#6492,1.);
#6492 = DIRECTION('',(0.,1.,0.));
#6493 = PCURVE('',#5789,#6494);
#6494 = DEFINITIONAL_REPRESENTATION('',(#6495),#6499);
#6495 = LINE('',#6496,#6497);
#6496 = CARTESIAN_POINT('',(30.449005714649,3.123510732739));
#6497 = VECTOR('',#6498,1.);
#6498 = DIRECTION('',(0.29313878091,-0.956069900753));
#6499 = ( GEOMETRIC_REPRESENTATION_CONTEXT(2) 
PARAMETRIC_REPRESENTATION_CONTEXT() REPRESENTATION_CONTEXT('2D SPACE',''
  ) );
#6500 = PCURVE('',#6501,#6506);
#6501 = PLANE('',#6502);
#6502 = AXIS2_PLACEMENT_3D('',#6503,#6504,#6505);
#6503 = CARTESIAN_POINT('',(29.,-22.6,4.35));
#6504 = DIRECTION('',(1.,0.,0.));
#6505 = DIRECTION('',(0.,0.,1.));
#6506 = DEFINITIONAL_REPRESENTATION('',(#6507),#6510);
#6507 = B_SPLINE_CURVE_WITH_KNOTS('',1,(#6508,#6509),.UNSPECIFIED.,.F.,
  .F.,(2,2),(-6.402489818856,-5.752489818856),.PIECEWISE_BEZIER_KNOTS.);
#6508 = CARTESIAN_POINT('',(5.E-02,0.));
#6509 = CARTESIAN_POINT('',(5.E-02,-0.65));
#6510 = ( GEOMETRIC_REPRESENTATION_CONTEXT(2) 
PARAMETRIC_REPRESENTATION_CONTEXT() REPRESENTATION_CONTEXT('2D SPACE',''
  ) );
#6511 = ORIENTED_EDGE('',*,*,#6512,.F.);
#6512 = EDGE_CURVE('',#6513,#6486,#6515,.T.);
#6513 = VERTEX_POINT('',#6514);
#6514 = CARTESIAN_POINT('',(39.,-21.95,4.4));
#6515 = SURFACE_CURVE('',#6516,(#6520,#6527),.PCURVE_S1.);
#6516 = LINE('',#6517,#6518);
#6517 = CARTESIAN_POINT('',(32.995333402879,-21.95,4.4));
#6518 = VECTOR('',#6519,1.);
#6519 = DIRECTION('',(-1.,0.,0.));
#6520 = PCURVE('',#5789,#6521);
#6521 = DEFINITIONAL_REPRESENTATION('',(#6522),#6526);
#6522 = LINE('',#6523,#6524);
#6523 = CARTESIAN_POINT('',(32.582545871921,9.794480265985));
#6524 = VECTOR('',#6525,1.);
#6525 = DIRECTION('',(-0.956069900753,-0.29313878091));
#6526 = ( GEOMETRIC_REPRESENTATION_CONTEXT(2) 
PARAMETRIC_REPRESENTATION_CONTEXT() REPRESENTATION_CONTEXT('2D SPACE',''
  ) );
#6527 = PCURVE('',#6528,#6533);
#6528 = PLANE('',#6529);
#6529 = AXIS2_PLACEMENT_3D('',#6530,#6531,#6532);
#6530 = CARTESIAN_POINT('',(29.,-21.95,4.35));
#6531 = DIRECTION('',(0.,1.,0.));
#6532 = DIRECTION('',(0.,0.,1.));
#6533 = DEFINITIONAL_REPRESENTATION('',(#6534),#6537);
#6534 = B_SPLINE_CURVE_WITH_KNOTS('',1,(#6535,#6536),.UNSPECIFIED.,.F.,
  .F.,(2,2),(-6.004666597121,3.995333402879),.PIECEWISE_BEZIER_KNOTS.);
#6535 = CARTESIAN_POINT('',(5.E-02,10.));
#6536 = CARTESIAN_POINT('',(5.E-02,0.));
#6537 = ( GEOMETRIC_REPRESENTATION_CONTEXT(2) 
PARAMETRIC_REPRESENTATION_CONTEXT() REPRESENTATION_CONTEXT('2D SPACE',''
  ) );
#6538 = ORIENTED_EDGE('',*,*,#6539,.F.);
#6539 = EDGE_CURVE('',#5753,#6513,#6540,.T.);
#6540 = SURFACE_CURVE('',#6541,(#6545,#6552),.PCURVE_S1.);
#6541 = LINE('',#6542,#6543);
#6542 = CARTESIAN_POINT('',(39.,-16.19751018114,4.4));
#6543 = VECTOR('',#6544,1.);
#6544 = DIRECTION('',(0.,1.,0.));
#6545 = PCURVE('',#5789,#6546);
#6546 = DEFINITIONAL_REPRESENTATION('',(#6547),#6551);
#6547 = LINE('',#6548,#6549);
#6548 = CARTESIAN_POINT('',(40.009704722184,6.054898541837));
#6549 = VECTOR('',#6550,1.);
#6550 = DIRECTION('',(0.29313878091,-0.956069900753));
#6551 = ( GEOMETRIC_REPRESENTATION_CONTEXT(2) 
PARAMETRIC_REPRESENTATION_CONTEXT() REPRESENTATION_CONTEXT('2D SPACE',''
  ) );
#6552 = PCURVE('',#6553,#6558);
#6553 = PLANE('',#6554);
#6554 = AXIS2_PLACEMENT_3D('',#6555,#6556,#6557);
#6555 = CARTESIAN_POINT('',(39.,-22.6,4.35));
#6556 = DIRECTION('',(1.,0.,0.));
#6557 = DIRECTION('',(0.,0.,1.));
#6558 = DEFINITIONAL_REPRESENTATION('',(#6559),#6562);
#6559 = B_SPLINE_CURVE_WITH_KNOTS('',1,(#6560,#6561),.UNSPECIFIED.,.F.,
  .F.,(2,2),(-6.402489818856,-5.752489818856),.PIECEWISE_BEZIER_KNOTS.);
#6560 = CARTESIAN_POINT('',(5.E-02,0.));
#6561 = CARTESIAN_POINT('',(5.E-02,-0.65));
#6562 = ( GEOMETRIC_REPRESENTATION_CONTEXT(2) 
PARAMETRIC_REPRESENTATION_CONTEXT() REPRESENTATION_CONTEXT('2D SPACE',''
  ) );
#6563 = ADVANCED_FACE('',(#6564),#6501,.F.);
#6564 = FACE_BOUND('',#6565,.F.);
#6565 = EDGE_LOOP('',(#6566,#6596,#6616,#6617,#6640));
#6566 = ORIENTED_EDGE('',*,*,#6567,.F.);
#6567 = EDGE_CURVE('',#6568,#6570,#6572,.T.);
#6568 = VERTEX_POINT('',#6569);
#6569 = CARTESIAN_POINT('',(29.,-22.6,4.4));
#6570 = VERTEX_POINT('',#6571);
#6571 = CARTESIAN_POINT('',(29.,-22.6,5.2));
#6572 = SURFACE_CURVE('',#6573,(#6577,#6584),.PCURVE_S1.);
#6573 = LINE('',#6574,#6575);
#6574 = CARTESIAN_POINT('',(29.,-22.6,4.35));
#6575 = VECTOR('',#6576,1.);
#6576 = DIRECTION('',(0.,0.,1.));
#6577 = PCURVE('',#6501,#6578);
#6578 = DEFINITIONAL_REPRESENTATION('',(#6579),#6583);
#6579 = LINE('',#6580,#6581);
#6580 = CARTESIAN_POINT('',(0.,0.));
#6581 = VECTOR('',#6582,1.);
#6582 = DIRECTION('',(1.,0.));
#6583 = ( GEOMETRIC_REPRESENTATION_CONTEXT(2) 
PARAMETRIC_REPRESENTATION_CONTEXT() REPRESENTATION_CONTEXT('2D SPACE',''
  ) );
#6584 = PCURVE('',#6585,#6590);
#6585 = PLANE('',#6586);
#6586 = AXIS2_PLACEMENT_3D('',#6587,#6588,#6589);
#6587 = CARTESIAN_POINT('',(29.,-22.6,4.35));
#6588 = DIRECTION('',(0.,1.,0.));
#6589 = DIRECTION('',(0.,0.,1.));
#6590 = DEFINITIONAL_REPRESENTATION('',(#6591),#6595);
#6591 = LINE('',#6592,#6593);
#6592 = CARTESIAN_POINT('',(0.,0.));
#6593 = VECTOR('',#6594,1.);
#6594 = DIRECTION('',(1.,0.));
#6595 = ( GEOMETRIC_REPRESENTATION_CONTEXT(2) 
PARAMETRIC_REPRESENTATION_CONTEXT() REPRESENTATION_CONTEXT('2D SPACE',''
  ) );
#6596 = ORIENTED_EDGE('',*,*,#6597,.T.);
#6597 = EDGE_CURVE('',#6568,#5675,#6598,.T.);
#6598 = SURFACE_CURVE('',#6599,(#6603,#6609),.PCURVE_S1.);
#6599 = LINE('',#6600,#6601);
#6600 = CARTESIAN_POINT('',(29.,-16.19751018114,4.4));
#6601 = VECTOR('',#6602,1.);
#6602 = DIRECTION('',(0.,1.,0.));
#6603 = PCURVE('',#6501,#6604);
#6604 = DEFINITIONAL_REPRESENTATION('',(#6605),#6608);
#6605 = B_SPLINE_CURVE_WITH_KNOTS('',1,(#6606,#6607),.UNSPECIFIED.,.F.,
  .F.,(2,2),(-6.402489818856,-5.752489818856),.PIECEWISE_BEZIER_KNOTS.);
#6606 = CARTESIAN_POINT('',(5.E-02,0.));
#6607 = CARTESIAN_POINT('',(5.E-02,-0.65));
#6608 = ( GEOMETRIC_REPRESENTATION_CONTEXT(2) 
PARAMETRIC_REPRESENTATION_CONTEXT() REPRESENTATION_CONTEXT('2D SPACE',''
  ) );
#6609 = PCURVE('',#72,#6610);
#6610 = DEFINITIONAL_REPRESENTATION('',(#6611),#6615);
#6611 = LINE('',#6612,#6613);
#6612 = CARTESIAN_POINT('',(-7.990666805757,-6.402489818856));
#6613 = VECTOR('',#6614,1.);
#6614 = DIRECTION('',(0.,1.));
#6615 = ( GEOMETRIC_REPRESENTATION_CONTEXT(2) 
PARAMETRIC_REPRESENTATION_CONTEXT() REPRESENTATION_CONTEXT('2D SPACE',''
  ) );
#6616 = ORIENTED_EDGE('',*,*,#6485,.T.);
#6617 = ORIENTED_EDGE('',*,*,#6618,.T.);
#6618 = EDGE_CURVE('',#6486,#6619,#6621,.T.);
#6619 = VERTEX_POINT('',#6620);
#6620 = CARTESIAN_POINT('',(29.,-21.95,5.2));
#6621 = SURFACE_CURVE('',#6622,(#6626,#6633),.PCURVE_S1.);
#6622 = LINE('',#6623,#6624);
#6623 = CARTESIAN_POINT('',(29.,-21.95,4.35));
#6624 = VECTOR('',#6625,1.);
#6625 = DIRECTION('',(0.,0.,1.));
#6626 = PCURVE('',#6501,#6627);
#6627 = DEFINITIONAL_REPRESENTATION('',(#6628),#6632);
#6628 = LINE('',#6629,#6630);
#6629 = CARTESIAN_POINT('',(0.,-0.65));
#6630 = VECTOR('',#6631,1.);
#6631 = DIRECTION('',(1.,0.));
#6632 = ( GEOMETRIC_REPRESENTATION_CONTEXT(2) 
PARAMETRIC_REPRESENTATION_CONTEXT() REPRESENTATION_CONTEXT('2D SPACE',''
  ) );
#6633 = PCURVE('',#6528,#6634);
#6634 = DEFINITIONAL_REPRESENTATION('',(#6635),#6639);
#6635 = LINE('',#6636,#6637);
#6636 = CARTESIAN_POINT('',(0.,0.));
#6637 = VECTOR('',#6638,1.);
#6638 = DIRECTION('',(1.,0.));
#6639 = ( GEOMETRIC_REPRESENTATION_CONTEXT(2) 
PARAMETRIC_REPRESENTATION_CONTEXT() REPRESENTATION_CONTEXT('2D SPACE',''
  ) );
#6640 = ORIENTED_EDGE('',*,*,#6641,.F.);
#6641 = EDGE_CURVE('',#6570,#6619,#6642,.T.);
#6642 = SURFACE_CURVE('',#6643,(#6647,#6654),.PCURVE_S1.);
#6643 = LINE('',#6644,#6645);
#6644 = CARTESIAN_POINT('',(29.,-22.6,5.2));
#6645 = VECTOR('',#6646,1.);
#6646 = DIRECTION('',(0.,1.,0.));
#6647 = PCURVE('',#6501,#6648);
#6648 = DEFINITIONAL_REPRESENTATION('',(#6649),#6653);
#6649 = LINE('',#6650,#6651);
#6650 = CARTESIAN_POINT('',(0.85,0.));
#6651 = VECTOR('',#6652,1.);
#6652 = DIRECTION('',(0.,-1.));
#6653 = ( GEOMETRIC_REPRESENTATION_CONTEXT(2) 
PARAMETRIC_REPRESENTATION_CONTEXT() REPRESENTATION_CONTEXT('2D SPACE',''
  ) );
#6654 = PCURVE('',#6655,#6660);
#6655 = PLANE('',#6656);
#6656 = AXIS2_PLACEMENT_3D('',#6657,#6658,#6659);
#6657 = CARTESIAN_POINT('',(29.,-22.6,5.2));
#6658 = DIRECTION('',(0.,0.,1.));
#6659 = DIRECTION('',(1.,0.,0.));
#6660 = DEFINITIONAL_REPRESENTATION('',(#6661),#6665);
#6661 = LINE('',#6662,#6663);
#6662 = CARTESIAN_POINT('',(0.,0.));
#6663 = VECTOR('',#6664,1.);
#6664 = DIRECTION('',(0.,1.));
#6665 = ( GEOMETRIC_REPRESENTATION_CONTEXT(2) 
PARAMETRIC_REPRESENTATION_CONTEXT() REPRESENTATION_CONTEXT('2D SPACE',''
  ) );
#6666 = ADVANCED_FACE('',(#6667),#6655,.T.);
#6667 = FACE_BOUND('',#6668,.T.);
#6668 = EDGE_LOOP('',(#6669,#6670,#6693,#6716));
#6669 = ORIENTED_EDGE('',*,*,#6641,.F.);
#6670 = ORIENTED_EDGE('',*,*,#6671,.T.);
#6671 = EDGE_CURVE('',#6570,#6672,#6674,.T.);
#6672 = VERTEX_POINT('',#6673);
#6673 = CARTESIAN_POINT('',(39.,-22.6,5.2));
#6674 = SURFACE_CURVE('',#6675,(#6679,#6686),.PCURVE_S1.);
#6675 = LINE('',#6676,#6677);
#6676 = CARTESIAN_POINT('',(29.,-22.6,5.2));
#6677 = VECTOR('',#6678,1.);
#6678 = DIRECTION('',(1.,0.,0.));
#6679 = PCURVE('',#6655,#6680);
#6680 = DEFINITIONAL_REPRESENTATION('',(#6681),#6685);
#6681 = LINE('',#6682,#6683);
#6682 = CARTESIAN_POINT('',(0.,0.));
#6683 = VECTOR('',#6684,1.);
#6684 = DIRECTION('',(1.,0.));
#6685 = ( GEOMETRIC_REPRESENTATION_CONTEXT(2) 
PARAMETRIC_REPRESENTATION_CONTEXT() REPRESENTATION_CONTEXT('2D SPACE',''
  ) );
#6686 = PCURVE('',#6585,#6687);
#6687 = DEFINITIONAL_REPRESENTATION('',(#6688),#6692);
#6688 = LINE('',#6689,#6690);
#6689 = CARTESIAN_POINT('',(0.85,0.));
#6690 = VECTOR('',#6691,1.);
#6691 = DIRECTION('',(0.,1.));
#6692 = ( GEOMETRIC_REPRESENTATION_CONTEXT(2) 
PARAMETRIC_REPRESENTATION_CONTEXT() REPRESENTATION_CONTEXT('2D SPACE',''
  ) );
#6693 = ORIENTED_EDGE('',*,*,#6694,.T.);
#6694 = EDGE_CURVE('',#6672,#6695,#6697,.T.);
#6695 = VERTEX_POINT('',#6696);
#6696 = CARTESIAN_POINT('',(39.,-21.95,5.2));
#6697 = SURFACE_CURVE('',#6698,(#6702,#6709),.PCURVE_S1.);
#6698 = LINE('',#6699,#6700);
#6699 = CARTESIAN_POINT('',(39.,-22.6,5.2));
#6700 = VECTOR('',#6701,1.);
#6701 = DIRECTION('',(0.,1.,0.));
#6702 = PCURVE('',#6655,#6703);
#6703 = DEFINITIONAL_REPRESENTATION('',(#6704),#6708);
#6704 = LINE('',#6705,#6706);
#6705 = CARTESIAN_POINT('',(10.,0.));
#6706 = VECTOR('',#6707,1.);
#6707 = DIRECTION('',(0.,1.));
#6708 = ( GEOMETRIC_REPRESENTATION_CONTEXT(2) 
PARAMETRIC_REPRESENTATION_CONTEXT() REPRESENTATION_CONTEXT('2D SPACE',''
  ) );
#6709 = PCURVE('',#6553,#6710);
#6710 = DEFINITIONAL_REPRESENTATION('',(#6711),#6715);
#6711 = LINE('',#6712,#6713);
#6712 = CARTESIAN_POINT('',(0.85,0.));
#6713 = VECTOR('',#6714,1.);
#6714 = DIRECTION('',(0.,-1.));
#6715 = ( GEOMETRIC_REPRESENTATION_CONTEXT(2) 
PARAMETRIC_REPRESENTATION_CONTEXT() REPRESENTATION_CONTEXT('2D SPACE',''
  ) );
#6716 = ORIENTED_EDGE('',*,*,#6717,.F.);
#6717 = EDGE_CURVE('',#6619,#6695,#6718,.T.);
#6718 = SURFACE_CURVE('',#6719,(#6723,#6730),.PCURVE_S1.);
#6719 = LINE('',#6720,#6721);
#6720 = CARTESIAN_POINT('',(29.,-21.95,5.2));
#6721 = VECTOR('',#6722,1.);
#6722 = DIRECTION('',(1.,0.,0.));
#6723 = PCURVE('',#6655,#6724);
#6724 = DEFINITIONAL_REPRESENTATION('',(#6725),#6729);
#6725 = LINE('',#6726,#6727);
#6726 = CARTESIAN_POINT('',(0.,0.65));
#6727 = VECTOR('',#6728,1.);
#6728 = DIRECTION('',(1.,0.));
#6729 = ( GEOMETRIC_REPRESENTATION_CONTEXT(2) 
PARAMETRIC_REPRESENTATION_CONTEXT() REPRESENTATION_CONTEXT('2D SPACE',''
  ) );
#6730 = PCURVE('',#6528,#6731);
#6731 = DEFINITIONAL_REPRESENTATION('',(#6732),#6736);
#6732 = LINE('',#6733,#6734);
#6733 = CARTESIAN_POINT('',(0.85,0.));
#6734 = VECTOR('',#6735,1.);
#6735 = DIRECTION('',(0.,1.));
#6736 = ( GEOMETRIC_REPRESENTATION_CONTEXT(2) 
PARAMETRIC_REPRESENTATION_CONTEXT() REPRESENTATION_CONTEXT('2D SPACE',''
  ) );
#6737 = ADVANCED_FACE('',(#6738),#6585,.F.);
#6738 = FACE_BOUND('',#6739,.F.);
#6739 = EDGE_LOOP('',(#6740,#6763,#6783,#6784));
#6740 = ORIENTED_EDGE('',*,*,#6741,.F.);
#6741 = EDGE_CURVE('',#6742,#6672,#6744,.T.);
#6742 = VERTEX_POINT('',#6743);
#6743 = CARTESIAN_POINT('',(39.,-22.6,4.4));
#6744 = SURFACE_CURVE('',#6745,(#6749,#6756),.PCURVE_S1.);
#6745 = LINE('',#6746,#6747);
#6746 = CARTESIAN_POINT('',(39.,-22.6,4.35));
#6747 = VECTOR('',#6748,1.);
#6748 = DIRECTION('',(0.,0.,1.));
#6749 = PCURVE('',#6585,#6750);
#6750 = DEFINITIONAL_REPRESENTATION('',(#6751),#6755);
#6751 = LINE('',#6752,#6753);
#6752 = CARTESIAN_POINT('',(0.,10.));
#6753 = VECTOR('',#6754,1.);
#6754 = DIRECTION('',(1.,0.));
#6755 = ( GEOMETRIC_REPRESENTATION_CONTEXT(2) 
PARAMETRIC_REPRESENTATION_CONTEXT() REPRESENTATION_CONTEXT('2D SPACE',''
  ) );
#6756 = PCURVE('',#6553,#6757);
#6757 = DEFINITIONAL_REPRESENTATION('',(#6758),#6762);
#6758 = LINE('',#6759,#6760);
#6759 = CARTESIAN_POINT('',(0.,0.));
#6760 = VECTOR('',#6761,1.);
#6761 = DIRECTION('',(1.,0.));
#6762 = ( GEOMETRIC_REPRESENTATION_CONTEXT(2) 
PARAMETRIC_REPRESENTATION_CONTEXT() REPRESENTATION_CONTEXT('2D SPACE',''
  ) );
#6763 = ORIENTED_EDGE('',*,*,#6764,.T.);
#6764 = EDGE_CURVE('',#6742,#6568,#6765,.T.);
#6765 = SURFACE_CURVE('',#6766,(#6770,#6776),.PCURVE_S1.);
#6766 = LINE('',#6767,#6768);
#6767 = CARTESIAN_POINT('',(32.995333402879,-22.6,4.4));
#6768 = VECTOR('',#6769,1.);
#6769 = DIRECTION('',(-1.,0.,0.));
#6770 = PCURVE('',#6585,#6771);
#6771 = DEFINITIONAL_REPRESENTATION('',(#6772),#6775);
#6772 = B_SPLINE_CURVE_WITH_KNOTS('',1,(#6773,#6774),.UNSPECIFIED.,.F.,
  .F.,(2,2),(-6.004666597121,3.995333402879),.PIECEWISE_BEZIER_KNOTS.);
#6773 = CARTESIAN_POINT('',(5.E-02,10.));
#6774 = CARTESIAN_POINT('',(5.E-02,0.));
#6775 = ( GEOMETRIC_REPRESENTATION_CONTEXT(2) 
PARAMETRIC_REPRESENTATION_CONTEXT() REPRESENTATION_CONTEXT('2D SPACE',''
  ) );
#6776 = PCURVE('',#72,#6777);
#6777 = DEFINITIONAL_REPRESENTATION('',(#6778),#6782);
#6778 = LINE('',#6779,#6780);
#6779 = CARTESIAN_POINT('',(-3.995333402879,-12.80497963771));
#6780 = VECTOR('',#6781,1.);
#6781 = DIRECTION('',(-1.,0.));
#6782 = ( GEOMETRIC_REPRESENTATION_CONTEXT(2) 
PARAMETRIC_REPRESENTATION_CONTEXT() REPRESENTATION_CONTEXT('2D SPACE',''
  ) );
#6783 = ORIENTED_EDGE('',*,*,#6567,.T.);
#6784 = ORIENTED_EDGE('',*,*,#6671,.T.);
#6785 = ADVANCED_FACE('',(#6786),#6528,.T.);
#6786 = FACE_BOUND('',#6787,.T.);
#6787 = EDGE_LOOP('',(#6788,#6809,#6810,#6811));
#6788 = ORIENTED_EDGE('',*,*,#6789,.F.);
#6789 = EDGE_CURVE('',#6513,#6695,#6790,.T.);
#6790 = SURFACE_CURVE('',#6791,(#6795,#6802),.PCURVE_S1.);
#6791 = LINE('',#6792,#6793);
#6792 = CARTESIAN_POINT('',(39.,-21.95,4.35));
#6793 = VECTOR('',#6794,1.);
#6794 = DIRECTION('',(0.,0.,1.));
#6795 = PCURVE('',#6528,#6796);
#6796 = DEFINITIONAL_REPRESENTATION('',(#6797),#6801);
#6797 = LINE('',#6798,#6799);
#6798 = CARTESIAN_POINT('',(0.,10.));
#6799 = VECTOR('',#6800,1.);
#6800 = DIRECTION('',(1.,0.));
#6801 = ( GEOMETRIC_REPRESENTATION_CONTEXT(2) 
PARAMETRIC_REPRESENTATION_CONTEXT() REPRESENTATION_CONTEXT('2D SPACE',''
  ) );
#6802 = PCURVE('',#6553,#6803);
#6803 = DEFINITIONAL_REPRESENTATION('',(#6804),#6808);
#6804 = LINE('',#6805,#6806);
#6805 = CARTESIAN_POINT('',(0.,-0.65));
#6806 = VECTOR('',#6807,1.);
#6807 = DIRECTION('',(1.,0.));
#6808 = ( GEOMETRIC_REPRESENTATION_CONTEXT(2) 
PARAMETRIC_REPRESENTATION_CONTEXT() REPRESENTATION_CONTEXT('2D SPACE',''
  ) );
#6809 = ORIENTED_EDGE('',*,*,#6512,.T.);
#6810 = ORIENTED_EDGE('',*,*,#6618,.T.);
#6811 = ORIENTED_EDGE('',*,*,#6717,.T.);
#6812 = ADVANCED_FACE('',(#6813),#6553,.T.);
#6813 = FACE_BOUND('',#6814,.T.);
#6814 = EDGE_LOOP('',(#6815,#6816,#6836,#6837,#6838));
#6815 = ORIENTED_EDGE('',*,*,#6741,.F.);
#6816 = ORIENTED_EDGE('',*,*,#6817,.T.);
#6817 = EDGE_CURVE('',#6742,#5753,#6818,.T.);
#6818 = SURFACE_CURVE('',#6819,(#6823,#6829),.PCURVE_S1.);
#6819 = LINE('',#6820,#6821);
#6820 = CARTESIAN_POINT('',(39.,-16.19751018114,4.4));
#6821 = VECTOR('',#6822,1.);
#6822 = DIRECTION('',(0.,1.,0.));
#6823 = PCURVE('',#6553,#6824);
#6824 = DEFINITIONAL_REPRESENTATION('',(#6825),#6828);
#6825 = B_SPLINE_CURVE_WITH_KNOTS('',1,(#6826,#6827),.UNSPECIFIED.,.F.,
  .F.,(2,2),(-6.402489818856,-5.752489818856),.PIECEWISE_BEZIER_KNOTS.);
#6826 = CARTESIAN_POINT('',(5.E-02,0.));
#6827 = CARTESIAN_POINT('',(5.E-02,-0.65));
#6828 = ( GEOMETRIC_REPRESENTATION_CONTEXT(2) 
PARAMETRIC_REPRESENTATION_CONTEXT() REPRESENTATION_CONTEXT('2D SPACE',''
  ) );
#6829 = PCURVE('',#72,#6830);
#6830 = DEFINITIONAL_REPRESENTATION('',(#6831),#6835);
#6831 = LINE('',#6832,#6833);
#6832 = CARTESIAN_POINT('',(2.009333194243,-6.402489818856));
#6833 = VECTOR('',#6834,1.);
#6834 = DIRECTION('',(0.,1.));
#6835 = ( GEOMETRIC_REPRESENTATION_CONTEXT(2) 
PARAMETRIC_REPRESENTATION_CONTEXT() REPRESENTATION_CONTEXT('2D SPACE',''
  ) );
#6836 = ORIENTED_EDGE('',*,*,#6539,.T.);
#6837 = ORIENTED_EDGE('',*,*,#6789,.T.);
#6838 = ORIENTED_EDGE('',*,*,#6694,.F.);
#6839 = ADVANCED_FACE('',(#6840),#5415,.T.);
#6840 = FACE_BOUND('',#6841,.T.);
#6841 = EDGE_LOOP('',(#6842,#6843,#6844,#6845));
#6842 = ORIENTED_EDGE('',*,*,#5572,.F.);
#6843 = ORIENTED_EDGE('',*,*,#5499,.F.);
#6844 = ORIENTED_EDGE('',*,*,#5397,.T.);
#6845 = ORIENTED_EDGE('',*,*,#6846,.F.);
#6846 = EDGE_CURVE('',#5573,#5400,#6847,.T.);
#6847 = SURFACE_CURVE('',#6848,(#6852,#6858),.PCURVE_S1.);
#6848 = LINE('',#6849,#6850);
#6849 = CARTESIAN_POINT('',(26.870333402879,-22.4,4.4));
#6850 = VECTOR('',#6851,1.);
#6851 = DIRECTION('',(-1.,0.,0.));
#6852 = PCURVE('',#5415,#6853);
#6853 = DEFINITIONAL_REPRESENTATION('',(#6854),#6857);
#6854 = B_SPLINE_CURVE_WITH_KNOTS('',1,(#6855,#6856),.UNSPECIFIED.,.F.,
  .F.,(2,2),(7.620333402879,10.120333402879),.PIECEWISE_BEZIER_KNOTS.);
#6855 = CARTESIAN_POINT('',(2.8,2.5));
#6856 = CARTESIAN_POINT('',(2.8,0.));
#6857 = ( GEOMETRIC_REPRESENTATION_CONTEXT(2) 
PARAMETRIC_REPRESENTATION_CONTEXT() REPRESENTATION_CONTEXT('2D SPACE',''
  ) );
#6858 = PCURVE('',#72,#6859);
#6859 = DEFINITIONAL_REPRESENTATION('',(#6860),#6864);
#6860 = LINE('',#6861,#6862);
#6861 = CARTESIAN_POINT('',(-10.12033340287,-12.60497963771));
#6862 = VECTOR('',#6863,1.);
#6863 = DIRECTION('',(-1.,0.));
#6864 = ( GEOMETRIC_REPRESENTATION_CONTEXT(2) 
PARAMETRIC_REPRESENTATION_CONTEXT() REPRESENTATION_CONTEXT('2D SPACE',''
  ) );
#6865 = ADVANCED_FACE('',(#6866),#4705,.T.);
#6866 = FACE_BOUND('',#6867,.T.);
#6867 = EDGE_LOOP('',(#6868,#6869,#6870,#6871,#6872,#6893,#6914,#6940));
#6868 = ORIENTED_EDGE('',*,*,#4687,.F.);
#6869 = ORIENTED_EDGE('',*,*,#4819,.F.);
#6870 = ORIENTED_EDGE('',*,*,#4865,.T.);
#6871 = ORIENTED_EDGE('',*,*,#4965,.T.);
#6872 = ORIENTED_EDGE('',*,*,#6873,.F.);
#6873 = EDGE_CURVE('',#6874,#4966,#6876,.T.);
#6874 = VERTEX_POINT('',#6875);
#6875 = CARTESIAN_POINT('',(-0.6,-21.85,2.05));
#6876 = SURFACE_CURVE('',#6877,(#6881,#6887),.PCURVE_S1.);
#6877 = LINE('',#6878,#6879);
#6878 = CARTESIAN_POINT('',(-1.25,-21.85,2.05));
#6879 = VECTOR('',#6880,1.);
#6880 = DIRECTION('',(1.,0.,0.));
#6881 = PCURVE('',#4705,#6882);
#6882 = DEFINITIONAL_REPRESENTATION('',(#6883),#6886);
#6883 = B_SPLINE_CURVE_WITH_KNOTS('',1,(#6884,#6885),.UNSPECIFIED.,.F.,
  .F.,(2,2),(0.65,3.25),.PIECEWISE_BEZIER_KNOTS.);
#6884 = CARTESIAN_POINT('',(1.3,0.45));
#6885 = CARTESIAN_POINT('',(3.9,0.45));
#6886 = ( GEOMETRIC_REPRESENTATION_CONTEXT(2) 
PARAMETRIC_REPRESENTATION_CONTEXT() REPRESENTATION_CONTEXT('2D SPACE',''
  ) );
#6887 = PCURVE('',#1697,#6888);
#6888 = DEFINITIONAL_REPRESENTATION('',(#6889),#6892);
#6889 = B_SPLINE_CURVE_WITH_KNOTS('',1,(#6890,#6891),.UNSPECIFIED.,.F.,
  .F.,(2,2),(0.65,3.25),.PIECEWISE_BEZIER_KNOTS.);
#6890 = CARTESIAN_POINT('',(6.05,0.));
#6891 = CARTESIAN_POINT('',(6.05,2.6));
#6892 = ( GEOMETRIC_REPRESENTATION_CONTEXT(2) 
PARAMETRIC_REPRESENTATION_CONTEXT() REPRESENTATION_CONTEXT('2D SPACE',''
  ) );
#6893 = ORIENTED_EDGE('',*,*,#6894,.F.);
#6894 = EDGE_CURVE('',#6895,#6874,#6897,.T.);
#6895 = VERTEX_POINT('',#6896);
#6896 = CARTESIAN_POINT('',(-0.6,-21.837,2.05));
#6897 = SURFACE_CURVE('',#6898,(#6902,#6908),.PCURVE_S1.);
#6898 = LINE('',#6899,#6900);
#6899 = CARTESIAN_POINT('',(-0.6,-22.075,2.05));
#6900 = VECTOR('',#6901,1.);
#6901 = DIRECTION('',(0.,-1.,0.));
#6902 = PCURVE('',#4705,#6903);
#6903 = DEFINITIONAL_REPRESENTATION('',(#6904),#6907);
#6904 = B_SPLINE_CURVE_WITH_KNOTS('',1,(#6905,#6906),.UNSPECIFIED.,.F.,
  .F.,(2,2),(-2.775,-0.225),.PIECEWISE_BEZIER_KNOTS.);
#6905 = CARTESIAN_POINT('',(1.3,3.));
#6906 = CARTESIAN_POINT('',(1.3,0.45));
#6907 = ( GEOMETRIC_REPRESENTATION_CONTEXT(2) 
PARAMETRIC_REPRESENTATION_CONTEXT() REPRESENTATION_CONTEXT('2D SPACE',''
  ) );
#6908 = PCURVE('',#1904,#6909);
#6909 = DEFINITIONAL_REPRESENTATION('',(#6910),#6913);
#6910 = B_SPLINE_CURVE_WITH_KNOTS('',1,(#6911,#6912),.UNSPECIFIED.,.F.,
  .F.,(2,2),(-2.775,-0.225),.PIECEWISE_BEZIER_KNOTS.);
#6911 = CARTESIAN_POINT('',(6.05,-2.55));
#6912 = CARTESIAN_POINT('',(6.05,0.));
#6913 = ( GEOMETRIC_REPRESENTATION_CONTEXT(2) 
PARAMETRIC_REPRESENTATION_CONTEXT() REPRESENTATION_CONTEXT('2D SPACE',''
  ) );
#6914 = ORIENTED_EDGE('',*,*,#6915,.T.);
#6915 = EDGE_CURVE('',#6895,#6916,#6918,.T.);
#6916 = VERTEX_POINT('',#6917);
#6917 = CARTESIAN_POINT('',(-0.727,-21.837,2.05));
#6918 = SURFACE_CURVE('',#6919,(#6923,#6929),.PCURVE_S1.);
#6919 = LINE('',#6920,#6921);
#6920 = CARTESIAN_POINT('',(-1.3135,-21.837,2.05));
#6921 = VECTOR('',#6922,1.);
#6922 = DIRECTION('',(-1.,0.,0.));
#6923 = PCURVE('',#4705,#6924);
#6924 = DEFINITIONAL_REPRESENTATION('',(#6925),#6928);
#6925 = B_SPLINE_CURVE_WITH_KNOTS('',1,(#6926,#6927),.UNSPECIFIED.,.F.,
  .F.,(2,2),(-3.3135,-0.5865),.PIECEWISE_BEZIER_KNOTS.);
#6926 = CARTESIAN_POINT('',(3.9,0.463));
#6927 = CARTESIAN_POINT('',(1.173,0.463));
#6928 = ( GEOMETRIC_REPRESENTATION_CONTEXT(2) 
PARAMETRIC_REPRESENTATION_CONTEXT() REPRESENTATION_CONTEXT('2D SPACE',''
  ) );
#6929 = PCURVE('',#6930,#6935);
#6930 = PLANE('',#6931);
#6931 = AXIS2_PLACEMENT_3D('',#6932,#6933,#6934);
#6932 = CARTESIAN_POINT('',(-0.727,-21.837,0.));
#6933 = DIRECTION('',(0.,1.,0.));
#6934 = DIRECTION('',(0.,0.,1.));
#6935 = DEFINITIONAL_REPRESENTATION('',(#6936),#6939);
#6936 = B_SPLINE_CURVE_WITH_KNOTS('',1,(#6937,#6938),.UNSPECIFIED.,.F.,
  .F.,(2,2),(-3.3135,-0.5865),.PIECEWISE_BEZIER_KNOTS.);
#6937 = CARTESIAN_POINT('',(2.05,2.727));
#6938 = CARTESIAN_POINT('',(2.05,0.));
#6939 = ( GEOMETRIC_REPRESENTATION_CONTEXT(2) 
PARAMETRIC_REPRESENTATION_CONTEXT() REPRESENTATION_CONTEXT('2D SPACE',''
  ) );
#6940 = ORIENTED_EDGE('',*,*,#6941,.T.);
#6941 = EDGE_CURVE('',#6916,#4690,#6942,.T.);
#6942 = SURFACE_CURVE('',#6943,(#6947,#6953),.PCURVE_S1.);
#6943 = LINE('',#6944,#6945);
#6944 = CARTESIAN_POINT('',(-0.727,-22.0685,2.05));
#6945 = VECTOR('',#6946,1.);
#6946 = DIRECTION('',(0.,1.,0.));
#6947 = PCURVE('',#4705,#6948);
#6948 = DEFINITIONAL_REPRESENTATION('',(#6949),#6952);
#6949 = B_SPLINE_CURVE_WITH_KNOTS('',1,(#6950,#6951),.UNSPECIFIED.,.F.,
  .F.,(2,2),(0.2315,2.7685),.PIECEWISE_BEZIER_KNOTS.);
#6950 = CARTESIAN_POINT('',(1.173,0.463));
#6951 = CARTESIAN_POINT('',(1.173,3.));
#6952 = ( GEOMETRIC_REPRESENTATION_CONTEXT(2) 
PARAMETRIC_REPRESENTATION_CONTEXT() REPRESENTATION_CONTEXT('2D SPACE',''
  ) );
#6953 = PCURVE('',#4540,#6954);
#6954 = DEFINITIONAL_REPRESENTATION('',(#6955),#6958);
#6955 = B_SPLINE_CURVE_WITH_KNOTS('',1,(#6956,#6957),.UNSPECIFIED.,.F.,
  .F.,(2,2),(0.2315,2.7685),.PIECEWISE_BEZIER_KNOTS.);
#6956 = CARTESIAN_POINT('',(2.05,0.));
#6957 = CARTESIAN_POINT('',(2.05,-2.537));
#6958 = ( GEOMETRIC_REPRESENTATION_CONTEXT(2) 
PARAMETRIC_REPRESENTATION_CONTEXT() REPRESENTATION_CONTEXT('2D SPACE',''
  ) );
#6959 = ADVANCED_FACE('',(#6960),#6930,.T.);
#6960 = FACE_BOUND('',#6961,.T.);
#6961 = EDGE_LOOP('',(#6962,#6983,#7011,#7032));
#6962 = ORIENTED_EDGE('',*,*,#6963,.F.);
#6963 = EDGE_CURVE('',#6964,#6895,#6966,.T.);
#6964 = VERTEX_POINT('',#6965);
#6965 = CARTESIAN_POINT('',(-0.6,-21.837,0.));
#6966 = SURFACE_CURVE('',#6967,(#6971,#6977),.PCURVE_S1.);
#6967 = LINE('',#6968,#6969);
#6968 = CARTESIAN_POINT('',(-0.6,-21.837,-2.));
#6969 = VECTOR('',#6970,1.);
#6970 = DIRECTION('',(0.,0.,1.));
#6971 = PCURVE('',#6930,#6972);
#6972 = DEFINITIONAL_REPRESENTATION('',(#6973),#6976);
#6973 = B_SPLINE_CURVE_WITH_KNOTS('',1,(#6974,#6975),.UNSPECIFIED.,.F.,
  .F.,(2,2),(2.,6.4),.PIECEWISE_BEZIER_KNOTS.);
#6974 = CARTESIAN_POINT('',(0.,0.127));
#6975 = CARTESIAN_POINT('',(4.4,0.127));
#6976 = ( GEOMETRIC_REPRESENTATION_CONTEXT(2) 
PARAMETRIC_REPRESENTATION_CONTEXT() REPRESENTATION_CONTEXT('2D SPACE',''
  ) );
#6977 = PCURVE('',#1904,#6978);
#6978 = DEFINITIONAL_REPRESENTATION('',(#6979),#6982);
#6979 = B_SPLINE_CURVE_WITH_KNOTS('',1,(#6980,#6981),.UNSPECIFIED.,.F.,
  .F.,(2,2),(2.,6.4),.PIECEWISE_BEZIER_KNOTS.);
#6980 = CARTESIAN_POINT('',(4.,-1.3E-02));
#6981 = CARTESIAN_POINT('',(8.4,-1.3E-02));
#6982 = ( GEOMETRIC_REPRESENTATION_CONTEXT(2) 
PARAMETRIC_REPRESENTATION_CONTEXT() REPRESENTATION_CONTEXT('2D SPACE',''
  ) );
#6983 = ORIENTED_EDGE('',*,*,#6984,.F.);
#6984 = EDGE_CURVE('',#6985,#6964,#6987,.T.);
#6985 = VERTEX_POINT('',#6986);
#6986 = CARTESIAN_POINT('',(-0.727,-21.837,0.));
#6987 = SURFACE_CURVE('',#6988,(#6992,#6999),.PCURVE_S1.);
#6988 = LINE('',#6989,#6990);
#6989 = CARTESIAN_POINT('',(-0.727,-21.837,0.));
#6990 = VECTOR('',#6991,1.);
#6991 = DIRECTION('',(1.,0.,0.));
#6992 = PCURVE('',#6930,#6993);
#6993 = DEFINITIONAL_REPRESENTATION('',(#6994),#6998);
#6994 = LINE('',#6995,#6996);
#6995 = CARTESIAN_POINT('',(0.,0.));
#6996 = VECTOR('',#6997,1.);
#6997 = DIRECTION('',(0.,1.));
#6998 = ( GEOMETRIC_REPRESENTATION_CONTEXT(2) 
PARAMETRIC_REPRESENTATION_CONTEXT() REPRESENTATION_CONTEXT('2D SPACE',''
  ) );
#6999 = PCURVE('',#7000,#7005);
#7000 = PLANE('',#7001);
#7001 = AXIS2_PLACEMENT_3D('',#7002,#7003,#7004);
#7002 = CARTESIAN_POINT('',(-0.727,-21.837,0.));
#7003 = DIRECTION('',(0.,0.,1.));
#7004 = DIRECTION('',(1.,0.,0.));
#7005 = DEFINITIONAL_REPRESENTATION('',(#7006),#7010);
#7006 = LINE('',#7007,#7008);
#7007 = CARTESIAN_POINT('',(0.,0.));
#7008 = VECTOR('',#7009,1.);
#7009 = DIRECTION('',(1.,0.));
#7010 = ( GEOMETRIC_REPRESENTATION_CONTEXT(2) 
PARAMETRIC_REPRESENTATION_CONTEXT() REPRESENTATION_CONTEXT('2D SPACE',''
  ) );
#7011 = ORIENTED_EDGE('',*,*,#7012,.T.);
#7012 = EDGE_CURVE('',#6985,#6916,#7013,.T.);
#7013 = SURFACE_CURVE('',#7014,(#7018,#7025),.PCURVE_S1.);
#7014 = LINE('',#7015,#7016);
#7015 = CARTESIAN_POINT('',(-0.727,-21.837,0.));
#7016 = VECTOR('',#7017,1.);
#7017 = DIRECTION('',(0.,0.,1.));
#7018 = PCURVE('',#6930,#7019);
#7019 = DEFINITIONAL_REPRESENTATION('',(#7020),#7024);
#7020 = LINE('',#7021,#7022);
#7021 = CARTESIAN_POINT('',(0.,0.));
#7022 = VECTOR('',#7023,1.);
#7023 = DIRECTION('',(1.,0.));
#7024 = ( GEOMETRIC_REPRESENTATION_CONTEXT(2) 
PARAMETRIC_REPRESENTATION_CONTEXT() REPRESENTATION_CONTEXT('2D SPACE',''
  ) );
#7025 = PCURVE('',#4540,#7026);
#7026 = DEFINITIONAL_REPRESENTATION('',(#7027),#7031);
#7027 = LINE('',#7028,#7029);
#7028 = CARTESIAN_POINT('',(0.,0.));
#7029 = VECTOR('',#7030,1.);
#7030 = DIRECTION('',(1.,0.));
#7031 = ( GEOMETRIC_REPRESENTATION_CONTEXT(2) 
PARAMETRIC_REPRESENTATION_CONTEXT() REPRESENTATION_CONTEXT('2D SPACE',''
  ) );
#7032 = ORIENTED_EDGE('',*,*,#6915,.F.);
#7033 = ADVANCED_FACE('',(#7034),#7000,.T.);
#7034 = FACE_BOUND('',#7035,.T.);
#7035 = EDGE_LOOP('',(#7036,#7059,#7060,#7081,#7102,#7128));
#7036 = ORIENTED_EDGE('',*,*,#7037,.F.);
#7037 = EDGE_CURVE('',#6985,#7038,#7040,.T.);
#7038 = VERTEX_POINT('',#7039);
#7039 = CARTESIAN_POINT('',(-0.727,-17.55798567332,0.));
#7040 = SURFACE_CURVE('',#7041,(#7045,#7052),.PCURVE_S1.);
#7041 = LINE('',#7042,#7043);
#7042 = CARTESIAN_POINT('',(-0.727,-21.837,0.));
#7043 = VECTOR('',#7044,1.);
#7044 = DIRECTION('',(0.,1.,0.));
#7045 = PCURVE('',#7000,#7046);
#7046 = DEFINITIONAL_REPRESENTATION('',(#7047),#7051);
#7047 = LINE('',#7048,#7049);
#7048 = CARTESIAN_POINT('',(0.,0.));
#7049 = VECTOR('',#7050,1.);
#7050 = DIRECTION('',(0.,1.));
#7051 = ( GEOMETRIC_REPRESENTATION_CONTEXT(2) 
PARAMETRIC_REPRESENTATION_CONTEXT() REPRESENTATION_CONTEXT('2D SPACE',''
  ) );
#7052 = PCURVE('',#4540,#7053);
#7053 = DEFINITIONAL_REPRESENTATION('',(#7054),#7058);
#7054 = LINE('',#7055,#7056);
#7055 = CARTESIAN_POINT('',(0.,0.));
#7056 = VECTOR('',#7057,1.);
#7057 = DIRECTION('',(0.,-1.));
#7058 = ( GEOMETRIC_REPRESENTATION_CONTEXT(2) 
PARAMETRIC_REPRESENTATION_CONTEXT() REPRESENTATION_CONTEXT('2D SPACE',''
  ) );
#7059 = ORIENTED_EDGE('',*,*,#6984,.T.);
#7060 = ORIENTED_EDGE('',*,*,#7061,.F.);
#7061 = EDGE_CURVE('',#7062,#6964,#7064,.T.);
#7062 = VERTEX_POINT('',#7063);
#7063 = CARTESIAN_POINT('',(-0.6,-18.3,0.));
#7064 = SURFACE_CURVE('',#7065,(#7069,#7075),.PCURVE_S1.);
#7065 = LINE('',#7066,#7067);
#7066 = CARTESIAN_POINT('',(-0.6,-21.8435,0.));
#7067 = VECTOR('',#7068,1.);
#7068 = DIRECTION('',(0.,-1.,0.));
#7069 = PCURVE('',#7000,#7070);
#7070 = DEFINITIONAL_REPRESENTATION('',(#7071),#7074);
#7071 = B_SPLINE_CURVE_WITH_KNOTS('',1,(#7072,#7073),.UNSPECIFIED.,.F.,
  .F.,(2,2),(-3.5435,-6.499999999999E-03),.PIECEWISE_BEZIER_KNOTS.);
#7072 = CARTESIAN_POINT('',(0.127,3.537));
#7073 = CARTESIAN_POINT('',(0.127,0.));
#7074 = ( GEOMETRIC_REPRESENTATION_CONTEXT(2) 
PARAMETRIC_REPRESENTATION_CONTEXT() REPRESENTATION_CONTEXT('2D SPACE',''
  ) );
#7075 = PCURVE('',#1904,#7076);
#7076 = DEFINITIONAL_REPRESENTATION('',(#7077),#7080);
#7077 = B_SPLINE_CURVE_WITH_KNOTS('',1,(#7078,#7079),.UNSPECIFIED.,.F.,
  .F.,(2,2),(-3.5435,-6.499999999999E-03),.PIECEWISE_BEZIER_KNOTS.);
#7078 = CARTESIAN_POINT('',(4.,-3.55));
#7079 = CARTESIAN_POINT('',(4.,-1.3E-02));
#7080 = ( GEOMETRIC_REPRESENTATION_CONTEXT(2) 
PARAMETRIC_REPRESENTATION_CONTEXT() REPRESENTATION_CONTEXT('2D SPACE',''
  ) );
#7081 = ORIENTED_EDGE('',*,*,#7082,.T.);
#7082 = EDGE_CURVE('',#7062,#7083,#7085,.T.);
#7083 = VERTEX_POINT('',#7084);
#7084 = CARTESIAN_POINT('',(-0.477,-18.3,0.));
#7085 = SURFACE_CURVE('',#7086,(#7090,#7096),.PCURVE_S1.);
#7086 = LINE('',#7087,#7088);
#7087 = CARTESIAN_POINT('',(-1.6135,-18.3,0.));
#7088 = VECTOR('',#7089,1.);
#7089 = DIRECTION('',(1.,0.,0.));
#7090 = PCURVE('',#7000,#7091);
#7091 = DEFINITIONAL_REPRESENTATION('',(#7092),#7095);
#7092 = B_SPLINE_CURVE_WITH_KNOTS('',1,(#7093,#7094),.UNSPECIFIED.,.F.,
  .F.,(2,2),(1.0135,2.3135),.PIECEWISE_BEZIER_KNOTS.);
#7093 = CARTESIAN_POINT('',(0.127,3.537));
#7094 = CARTESIAN_POINT('',(1.427,3.537));
#7095 = ( GEOMETRIC_REPRESENTATION_CONTEXT(2) 
PARAMETRIC_REPRESENTATION_CONTEXT() REPRESENTATION_CONTEXT('2D SPACE',''
  ) );
#7096 = PCURVE('',#2764,#7097);
#7097 = DEFINITIONAL_REPRESENTATION('',(#7098),#7101);
#7098 = B_SPLINE_CURVE_WITH_KNOTS('',1,(#7099,#7100),.UNSPECIFIED.,.F.,
  .F.,(2,2),(1.0135,2.3135),.PIECEWISE_BEZIER_KNOTS.);
#7099 = CARTESIAN_POINT('',(4.,1.9));
#7100 = CARTESIAN_POINT('',(4.,3.2));
#7101 = ( GEOMETRIC_REPRESENTATION_CONTEXT(2) 
PARAMETRIC_REPRESENTATION_CONTEXT() REPRESENTATION_CONTEXT('2D SPACE',''
  ) );
#7102 = ORIENTED_EDGE('',*,*,#7103,.F.);
#7103 = EDGE_CURVE('',#7104,#7083,#7106,.T.);
#7104 = VERTEX_POINT('',#7105);
#7105 = CARTESIAN_POINT('',(-0.477,-17.55798567332,-2.22044604925E-16));
#7106 = SURFACE_CURVE('',#7107,(#7111,#7117),.PCURVE_S1.);
#7107 = LINE('',#7108,#7109);
#7108 = CARTESIAN_POINT('',(-0.477,-21.712,0.));
#7109 = VECTOR('',#7110,1.);
#7110 = DIRECTION('',(0.,-1.,0.));
#7111 = PCURVE('',#7000,#7112);
#7112 = DEFINITIONAL_REPRESENTATION('',(#7113),#7116);
#7113 = B_SPLINE_CURVE_WITH_KNOTS('',1,(#7114,#7115),.UNSPECIFIED.,.F.,
  .F.,(2,2),(-4.298480608336,-3.412),.PIECEWISE_BEZIER_KNOTS.);
#7114 = CARTESIAN_POINT('',(0.25,4.423480608336));
#7115 = CARTESIAN_POINT('',(0.25,3.537));
#7116 = ( GEOMETRIC_REPRESENTATION_CONTEXT(2) 
PARAMETRIC_REPRESENTATION_CONTEXT() REPRESENTATION_CONTEXT('2D SPACE',''
  ) );
#7117 = PCURVE('',#7118,#7123);
#7118 = PLANE('',#7119);
#7119 = AXIS2_PLACEMENT_3D('',#7120,#7121,#7122);
#7120 = CARTESIAN_POINT('',(-0.477,-21.587,-0.25));
#7121 = DIRECTION('',(1.,0.,0.));
#7122 = DIRECTION('',(0.,0.,1.));
#7123 = DEFINITIONAL_REPRESENTATION('',(#7124),#7127);
#7124 = B_SPLINE_CURVE_WITH_KNOTS('',1,(#7125,#7126),.UNSPECIFIED.,.F.,
  .F.,(2,2),(-4.298480608336,-3.412),.PIECEWISE_BEZIER_KNOTS.);
#7125 = CARTESIAN_POINT('',(0.25,-4.173480608336));
#7126 = CARTESIAN_POINT('',(0.25,-3.287));
#7127 = ( GEOMETRIC_REPRESENTATION_CONTEXT(2) 
PARAMETRIC_REPRESENTATION_CONTEXT() REPRESENTATION_CONTEXT('2D SPACE',''
  ) );
#7128 = ORIENTED_EDGE('',*,*,#7129,.T.);
#7129 = EDGE_CURVE('',#7104,#7038,#7130,.T.);
#7130 = SURFACE_CURVE('',#7131,(#7135,#7141),.PCURVE_S1.);
#7131 = LINE('',#7132,#7133);
#7132 = CARTESIAN_POINT('',(-1.65,-17.55798567332,0.));
#7133 = VECTOR('',#7134,1.);
#7134 = DIRECTION('',(-1.,0.,-0.));
#7135 = PCURVE('',#7000,#7136);
#7136 = DEFINITIONAL_REPRESENTATION('',(#7137),#7140);
#7137 = B_SPLINE_CURVE_WITH_KNOTS('',1,(#7138,#7139),.UNSPECIFIED.,.F.,
  .F.,(2,2),(-1.3000006,5.999999999062E-07),.PIECEWISE_BEZIER_KNOTS.);
#7138 = CARTESIAN_POINT('',(0.3770006,4.279014326677));
#7139 = CARTESIAN_POINT('',(-0.9230006,4.279014326677));
#7140 = ( GEOMETRIC_REPRESENTATION_CONTEXT(2) 
PARAMETRIC_REPRESENTATION_CONTEXT() REPRESENTATION_CONTEXT('2D SPACE',''
  ) );
#7141 = PCURVE('',#4384,#7142);
#7142 = DEFINITIONAL_REPRESENTATION('',(#7143),#7146);
#7143 = B_SPLINE_CURVE_WITH_KNOTS('',1,(#7144,#7145),.UNSPECIFIED.,.F.,
  .F.,(2,2),(-1.3000006,5.999999999062E-07),.PIECEWISE_BEZIER_KNOTS.);
#7144 = CARTESIAN_POINT('',(1.083368941983,-1.3000006));
#7145 = CARTESIAN_POINT('',(1.083368941983,5.999999999062E-07));
#7146 = ( GEOMETRIC_REPRESENTATION_CONTEXT(2) 
PARAMETRIC_REPRESENTATION_CONTEXT() REPRESENTATION_CONTEXT('2D SPACE',''
  ) );
#7147 = ADVANCED_FACE('',(#7148),#7118,.T.);
#7148 = FACE_BOUND('',#7149,.T.);
#7149 = EDGE_LOOP('',(#7150,#7151,#7172,#7200));
#7150 = ORIENTED_EDGE('',*,*,#7103,.T.);
#7151 = ORIENTED_EDGE('',*,*,#7152,.T.);
#7152 = EDGE_CURVE('',#7083,#7153,#7155,.T.);
#7153 = VERTEX_POINT('',#7154);
#7154 = CARTESIAN_POINT('',(-0.477,-18.3,-0.25));
#7155 = SURFACE_CURVE('',#7156,(#7160,#7166),.PCURVE_S1.);
#7156 = LINE('',#7157,#7158);
#7157 = CARTESIAN_POINT('',(-0.477,-18.3,-2.125));
#7158 = VECTOR('',#7159,1.);
#7159 = DIRECTION('',(0.,0.,-1.));
#7160 = PCURVE('',#7118,#7161);
#7161 = DEFINITIONAL_REPRESENTATION('',(#7162),#7165);
#7162 = B_SPLINE_CURVE_WITH_KNOTS('',1,(#7163,#7164),.UNSPECIFIED.,.F.,
  .F.,(2,2),(-3.975,-1.875),.PIECEWISE_BEZIER_KNOTS.);
#7163 = CARTESIAN_POINT('',(2.1,-3.287));
#7164 = CARTESIAN_POINT('',(0.,-3.287));
#7165 = ( GEOMETRIC_REPRESENTATION_CONTEXT(2) 
PARAMETRIC_REPRESENTATION_CONTEXT() REPRESENTATION_CONTEXT('2D SPACE',''
  ) );
#7166 = PCURVE('',#2764,#7167);
#7167 = DEFINITIONAL_REPRESENTATION('',(#7168),#7171);
#7168 = B_SPLINE_CURVE_WITH_KNOTS('',1,(#7169,#7170),.UNSPECIFIED.,.F.,
  .F.,(2,2),(-3.975,-1.875),.PIECEWISE_BEZIER_KNOTS.);
#7169 = CARTESIAN_POINT('',(5.85,2.023));
#7170 = CARTESIAN_POINT('',(3.75,2.023));
#7171 = ( GEOMETRIC_REPRESENTATION_CONTEXT(2) 
PARAMETRIC_REPRESENTATION_CONTEXT() REPRESENTATION_CONTEXT('2D SPACE',''
  ) );
#7172 = ORIENTED_EDGE('',*,*,#7173,.T.);
#7173 = EDGE_CURVE('',#7153,#7174,#7176,.T.);
#7174 = VERTEX_POINT('',#7175);
#7175 = CARTESIAN_POINT('',(-0.477,-17.41351939166,-0.25));
#7176 = SURFACE_CURVE('',#7177,(#7181,#7188),.PCURVE_S1.);
#7177 = LINE('',#7178,#7179);
#7178 = CARTESIAN_POINT('',(-0.477,-21.587,-0.25));
#7179 = VECTOR('',#7180,1.);
#7180 = DIRECTION('',(0.,1.,0.));
#7181 = PCURVE('',#7118,#7182);
#7182 = DEFINITIONAL_REPRESENTATION('',(#7183),#7187);
#7183 = LINE('',#7184,#7185);
#7184 = CARTESIAN_POINT('',(0.,0.));
#7185 = VECTOR('',#7186,1.);
#7186 = DIRECTION('',(0.,-1.));
#7187 = ( GEOMETRIC_REPRESENTATION_CONTEXT(2) 
PARAMETRIC_REPRESENTATION_CONTEXT() REPRESENTATION_CONTEXT('2D SPACE',''
  ) );
#7188 = PCURVE('',#7189,#7194);
#7189 = PLANE('',#7190);
#7190 = AXIS2_PLACEMENT_3D('',#7191,#7192,#7193);
#7191 = CARTESIAN_POINT('',(-0.477,-21.587,-0.25));
#7192 = DIRECTION('',(0.,0.,1.));
#7193 = DIRECTION('',(1.,0.,0.));
#7194 = DEFINITIONAL_REPRESENTATION('',(#7195),#7199);
#7195 = LINE('',#7196,#7197);
#7196 = CARTESIAN_POINT('',(0.,0.));
#7197 = VECTOR('',#7198,1.);
#7198 = DIRECTION('',(0.,1.));
#7199 = ( GEOMETRIC_REPRESENTATION_CONTEXT(2) 
PARAMETRIC_REPRESENTATION_CONTEXT() REPRESENTATION_CONTEXT('2D SPACE',''
  ) );
#7200 = ORIENTED_EDGE('',*,*,#7201,.T.);
#7201 = EDGE_CURVE('',#7174,#7104,#7202,.T.);
#7202 = SURFACE_CURVE('',#7203,(#7208,#7219),.PCURVE_S1.);
#7203 = CIRCLE('',#7204,3.95);
#7204 = AXIS2_PLACEMENT_3D('',#7205,#7206,#7207);
#7205 = CARTESIAN_POINT('',(-0.477,-14.068,1.85));
#7206 = DIRECTION('',(-1.,0.,-0.));
#7207 = DIRECTION('',(0.,1.124276480633E-16,-1.));
#7208 = PCURVE('',#7118,#7209);
#7209 = DEFINITIONAL_REPRESENTATION('',(#7210),#7218);
#7210 = ( BOUNDED_CURVE() B_SPLINE_CURVE(2,(#7211,#7212,#7213,#7214,
#7215,#7216,#7217),.UNSPECIFIED.,.T.,.F.) B_SPLINE_CURVE_WITH_KNOTS((1,2
    ,2,2,2,1),(-2.094395102393,0.,2.094395102393,4.188790204786,
6.28318530718,8.377580409573),.UNSPECIFIED.) CURVE() 
GEOMETRIC_REPRESENTATION_ITEM() RATIONAL_B_SPLINE_CURVE((1.,0.5,1.,0.5,
1.,0.5,1.)) REPRESENTATION_ITEM('') );
#7211 = CARTESIAN_POINT('',(-1.85,-7.519));
#7212 = CARTESIAN_POINT('',(-1.85,-0.677399310103));
#7213 = CARTESIAN_POINT('',(4.075,-4.098199655051));
#7214 = CARTESIAN_POINT('',(10.,-7.519));
#7215 = CARTESIAN_POINT('',(4.075,-10.93980034494));
#7216 = CARTESIAN_POINT('',(-1.85,-14.36060068989));
#7217 = CARTESIAN_POINT('',(-1.85,-7.519));
#7218 = ( GEOMETRIC_REPRESENTATION_CONTEXT(2) 
PARAMETRIC_REPRESENTATION_CONTEXT() REPRESENTATION_CONTEXT('2D SPACE',''
  ) );
#7219 = PCURVE('',#4384,#7220);
#7220 = DEFINITIONAL_REPRESENTATION('',(#7221),#7225);
#7221 = LINE('',#7222,#7223);
#7222 = CARTESIAN_POINT('',(0.,-1.173));
#7223 = VECTOR('',#7224,1.);
#7224 = DIRECTION('',(1.,0.));
#7225 = ( GEOMETRIC_REPRESENTATION_CONTEXT(2) 
PARAMETRIC_REPRESENTATION_CONTEXT() REPRESENTATION_CONTEXT('2D SPACE',''
  ) );
#7226 = ADVANCED_FACE('',(#7227),#7189,.T.);
#7227 = FACE_BOUND('',#7228,.T.);
#7228 = EDGE_LOOP('',(#7229,#7230,#7251,#7272,#7293,#7321,#7342,#7368));
#7229 = ORIENTED_EDGE('',*,*,#7173,.F.);
#7230 = ORIENTED_EDGE('',*,*,#7231,.T.);
#7231 = EDGE_CURVE('',#7153,#7232,#7234,.T.);
#7232 = VERTEX_POINT('',#7233);
#7233 = CARTESIAN_POINT('',(0.7,-18.3,-0.25));
#7234 = SURFACE_CURVE('',#7235,(#7239,#7245),.PCURVE_S1.);
#7235 = LINE('',#7236,#7237);
#7236 = CARTESIAN_POINT('',(-1.4885,-18.3,-0.25));
#7237 = VECTOR('',#7238,1.);
#7238 = DIRECTION('',(1.,0.,0.));
#7239 = PCURVE('',#7189,#7240);
#7240 = DEFINITIONAL_REPRESENTATION('',(#7241),#7244);
#7241 = B_SPLINE_CURVE_WITH_KNOTS('',1,(#7242,#7243),.UNSPECIFIED.,.F.,
  .F.,(2,2),(1.0115,2.1885),.PIECEWISE_BEZIER_KNOTS.);
#7242 = CARTESIAN_POINT('',(0.,3.287));
#7243 = CARTESIAN_POINT('',(1.177,3.287));
#7244 = ( GEOMETRIC_REPRESENTATION_CONTEXT(2) 
PARAMETRIC_REPRESENTATION_CONTEXT() REPRESENTATION_CONTEXT('2D SPACE',''
  ) );
#7245 = PCURVE('',#2764,#7246);
#7246 = DEFINITIONAL_REPRESENTATION('',(#7247),#7250);
#7247 = B_SPLINE_CURVE_WITH_KNOTS('',1,(#7248,#7249),.UNSPECIFIED.,.F.,
  .F.,(2,2),(1.0115,2.1885),.PIECEWISE_BEZIER_KNOTS.);
#7248 = CARTESIAN_POINT('',(3.75,2.023));
#7249 = CARTESIAN_POINT('',(3.75,3.2));
#7250 = ( GEOMETRIC_REPRESENTATION_CONTEXT(2) 
PARAMETRIC_REPRESENTATION_CONTEXT() REPRESENTATION_CONTEXT('2D SPACE',''
  ) );
#7251 = ORIENTED_EDGE('',*,*,#7252,.F.);
#7252 = EDGE_CURVE('',#7253,#7232,#7255,.T.);
#7253 = VERTEX_POINT('',#7254);
#7254 = CARTESIAN_POINT('',(0.7,-3.,-0.25));
#7255 = SURFACE_CURVE('',#7256,(#7260,#7266),.PCURVE_S1.);
#7256 = LINE('',#7257,#7258);
#7257 = CARTESIAN_POINT('',(0.7,-19.9435,-0.25));
#7258 = VECTOR('',#7259,1.);
#7259 = DIRECTION('',(0.,-1.,0.));
#7260 = PCURVE('',#7189,#7261);
#7261 = DEFINITIONAL_REPRESENTATION('',(#7262),#7265);
#7262 = B_SPLINE_CURVE_WITH_KNOTS('',1,(#7263,#7264),.UNSPECIFIED.,.F.,
  .F.,(2,2),(-16.9435,-1.6435),.PIECEWISE_BEZIER_KNOTS.);
#7263 = CARTESIAN_POINT('',(1.177,18.587));
#7264 = CARTESIAN_POINT('',(1.177,3.287));
#7265 = ( GEOMETRIC_REPRESENTATION_CONTEXT(2) 
PARAMETRIC_REPRESENTATION_CONTEXT() REPRESENTATION_CONTEXT('2D SPACE',''
  ) );
#7266 = PCURVE('',#2738,#7267);
#7267 = DEFINITIONAL_REPRESENTATION('',(#7268),#7271);
#7268 = B_SPLINE_CURVE_WITH_KNOTS('',1,(#7269,#7270),.UNSPECIFIED.,.F.,
  .F.,(2,2),(-16.9435,-1.6435),.PIECEWISE_BEZIER_KNOTS.);
#7269 = CARTESIAN_POINT('',(3.75,-15.3));
#7270 = CARTESIAN_POINT('',(3.75,0.));
#7271 = ( GEOMETRIC_REPRESENTATION_CONTEXT(2) 
PARAMETRIC_REPRESENTATION_CONTEXT() REPRESENTATION_CONTEXT('2D SPACE',''
  ) );
#7272 = ORIENTED_EDGE('',*,*,#7273,.F.);
#7273 = EDGE_CURVE('',#7274,#7253,#7276,.T.);
#7274 = VERTEX_POINT('',#7275);
#7275 = CARTESIAN_POINT('',(-0.477,-3.,-0.25));
#7276 = SURFACE_CURVE('',#7277,(#7281,#7287),.PCURVE_S1.);
#7277 = LINE('',#7278,#7279);
#7278 = CARTESIAN_POINT('',(-1.4885,-3.,-0.25));
#7279 = VECTOR('',#7280,1.);
#7280 = DIRECTION('',(1.,0.,0.));
#7281 = PCURVE('',#7189,#7282);
#7282 = DEFINITIONAL_REPRESENTATION('',(#7283),#7286);
#7283 = B_SPLINE_CURVE_WITH_KNOTS('',1,(#7284,#7285),.UNSPECIFIED.,.F.,
  .F.,(2,2),(1.0115,2.1885),.PIECEWISE_BEZIER_KNOTS.);
#7284 = CARTESIAN_POINT('',(0.,18.587));
#7285 = CARTESIAN_POINT('',(1.177,18.587));
#7286 = ( GEOMETRIC_REPRESENTATION_CONTEXT(2) 
PARAMETRIC_REPRESENTATION_CONTEXT() REPRESENTATION_CONTEXT('2D SPACE',''
  ) );
#7287 = PCURVE('',#2710,#7288);
#7288 = DEFINITIONAL_REPRESENTATION('',(#7289),#7292);
#7289 = B_SPLINE_CURVE_WITH_KNOTS('',1,(#7290,#7291),.UNSPECIFIED.,.F.,
  .F.,(2,2),(1.0115,2.1885),.PIECEWISE_BEZIER_KNOTS.);
#7290 = CARTESIAN_POINT('',(3.75,2.023));
#7291 = CARTESIAN_POINT('',(3.75,3.2));
#7292 = ( GEOMETRIC_REPRESENTATION_CONTEXT(2) 
PARAMETRIC_REPRESENTATION_CONTEXT() REPRESENTATION_CONTEXT('2D SPACE',''
  ) );
#7293 = ORIENTED_EDGE('',*,*,#7294,.F.);
#7294 = EDGE_CURVE('',#7295,#7274,#7297,.T.);
#7295 = VERTEX_POINT('',#7296);
#7296 = CARTESIAN_POINT('',(-0.477,-3.922480608336,-0.25));
#7297 = SURFACE_CURVE('',#7298,(#7302,#7309),.PCURVE_S1.);
#7298 = LINE('',#7299,#7300);
#7299 = CARTESIAN_POINT('',(-0.477,-21.587,-0.25));
#7300 = VECTOR('',#7301,1.);
#7301 = DIRECTION('',(0.,1.,0.));
#7302 = PCURVE('',#7189,#7303);
#7303 = DEFINITIONAL_REPRESENTATION('',(#7304),#7308);
#7304 = LINE('',#7305,#7306);
#7305 = CARTESIAN_POINT('',(0.,0.));
#7306 = VECTOR('',#7307,1.);
#7307 = DIRECTION('',(0.,1.));
#7308 = ( GEOMETRIC_REPRESENTATION_CONTEXT(2) 
PARAMETRIC_REPRESENTATION_CONTEXT() REPRESENTATION_CONTEXT('2D SPACE',''
  ) );
#7309 = PCURVE('',#7310,#7315);
#7310 = PLANE('',#7311);
#7311 = AXIS2_PLACEMENT_3D('',#7312,#7313,#7314);
#7312 = CARTESIAN_POINT('',(-0.477,-21.587,-0.25));
#7313 = DIRECTION('',(1.,0.,0.));
#7314 = DIRECTION('',(0.,0.,1.));
#7315 = DEFINITIONAL_REPRESENTATION('',(#7316),#7320);
#7316 = LINE('',#7317,#7318);
#7317 = CARTESIAN_POINT('',(0.,0.));
#7318 = VECTOR('',#7319,1.);
#7319 = DIRECTION('',(0.,-1.));
#7320 = ( GEOMETRIC_REPRESENTATION_CONTEXT(2) 
PARAMETRIC_REPRESENTATION_CONTEXT() REPRESENTATION_CONTEXT('2D SPACE',''
  ) );
#7321 = ORIENTED_EDGE('',*,*,#7322,.F.);
#7322 = EDGE_CURVE('',#7323,#7295,#7325,.T.);
#7323 = VERTEX_POINT('',#7324);
#7324 = CARTESIAN_POINT('',(-0.35,-3.922480608336,-0.25));
#7325 = SURFACE_CURVE('',#7326,(#7330,#7336),.PCURVE_S1.);
#7326 = LINE('',#7327,#7328);
#7327 = CARTESIAN_POINT('',(-1.65,-3.922480608336,-0.25));
#7328 = VECTOR('',#7329,1.);
#7329 = DIRECTION('',(-1.,0.,0.));
#7330 = PCURVE('',#7189,#7331);
#7331 = DEFINITIONAL_REPRESENTATION('',(#7332),#7335);
#7332 = B_SPLINE_CURVE_WITH_KNOTS('',1,(#7333,#7334),.UNSPECIFIED.,.F.,
  .F.,(2,2),(-1.3000006,-1.0553),.PIECEWISE_BEZIER_KNOTS.);
#7333 = CARTESIAN_POINT('',(0.1270006,17.664519391664));
#7334 = CARTESIAN_POINT('',(-0.1177,17.664519391664));
#7335 = ( GEOMETRIC_REPRESENTATION_CONTEXT(2) 
PARAMETRIC_REPRESENTATION_CONTEXT() REPRESENTATION_CONTEXT('2D SPACE',''
  ) );
#7336 = PCURVE('',#4327,#7337);
#7337 = DEFINITIONAL_REPRESENTATION('',(#7338),#7341);
#7338 = B_SPLINE_CURVE_WITH_KNOTS('',1,(#7339,#7340),.UNSPECIFIED.,.F.,
  .F.,(2,2),(-1.3000006,-1.0553),.PIECEWISE_BEZIER_KNOTS.);
#7339 = CARTESIAN_POINT('',(2.131338607176,-1.3000006));
#7340 = CARTESIAN_POINT('',(2.131338607176,-1.0553));
#7341 = ( GEOMETRIC_REPRESENTATION_CONTEXT(2) 
PARAMETRIC_REPRESENTATION_CONTEXT() REPRESENTATION_CONTEXT('2D SPACE',''
  ) );
#7342 = ORIENTED_EDGE('',*,*,#7343,.T.);
#7343 = EDGE_CURVE('',#7323,#7344,#7346,.T.);
#7344 = VERTEX_POINT('',#7345);
#7345 = CARTESIAN_POINT('',(-0.35,-17.41351939166,-0.25));
#7346 = SURFACE_CURVE('',#7347,(#7351,#7357),.PCURVE_S1.);
#7347 = LINE('',#7348,#7349);
#7348 = CARTESIAN_POINT('',(-0.35,-16.1275,-0.25));
#7349 = VECTOR('',#7350,1.);
#7350 = DIRECTION('',(0.,-1.,0.));
#7351 = PCURVE('',#7189,#7352);
#7352 = DEFINITIONAL_REPRESENTATION('',(#7353),#7356);
#7353 = B_SPLINE_CURVE_WITH_KNOTS('',1,(#7354,#7355),.UNSPECIFIED.,.F.,
  .F.,(2,2),(-12.8095,1.8905),.PIECEWISE_BEZIER_KNOTS.);
#7354 = CARTESIAN_POINT('',(0.127,18.269));
#7355 = CARTESIAN_POINT('',(0.127,3.569));
#7356 = ( GEOMETRIC_REPRESENTATION_CONTEXT(2) 
PARAMETRIC_REPRESENTATION_CONTEXT() REPRESENTATION_CONTEXT('2D SPACE',''
  ) );
#7357 = PCURVE('',#7358,#7363);
#7358 = PLANE('',#7359);
#7359 = AXIS2_PLACEMENT_3D('',#7360,#7361,#7362);
#7360 = CARTESIAN_POINT('',(-0.35,-10.668,1.85));
#7361 = DIRECTION('',(-1.,-0.,-0.));
#7362 = DIRECTION('',(0.,0.,-1.));
#7363 = DEFINITIONAL_REPRESENTATION('',(#7364),#7367);
#7364 = B_SPLINE_CURVE_WITH_KNOTS('',1,(#7365,#7366),.UNSPECIFIED.,.F.,
  .F.,(2,2),(-12.8095,1.8905),.PIECEWISE_BEZIER_KNOTS.);
#7365 = CARTESIAN_POINT('',(2.1,-7.35));
#7366 = CARTESIAN_POINT('',(2.1,7.35));
#7367 = ( GEOMETRIC_REPRESENTATION_CONTEXT(2) 
PARAMETRIC_REPRESENTATION_CONTEXT() REPRESENTATION_CONTEXT('2D SPACE',''
  ) );
#7368 = ORIENTED_EDGE('',*,*,#7369,.T.);
#7369 = EDGE_CURVE('',#7344,#7174,#7370,.T.);
#7370 = SURFACE_CURVE('',#7371,(#7375,#7381),.PCURVE_S1.);
#7371 = LINE('',#7372,#7373);
#7372 = CARTESIAN_POINT('',(-1.65,-17.41351939166,-0.25));
#7373 = VECTOR('',#7374,1.);
#7374 = DIRECTION('',(-1.,0.,-0.));
#7375 = PCURVE('',#7189,#7376);
#7376 = DEFINITIONAL_REPRESENTATION('',(#7377),#7380);
#7377 = B_SPLINE_CURVE_WITH_KNOTS('',1,(#7378,#7379),.UNSPECIFIED.,.F.,
  .F.,(2,2),(-1.3000006,-1.0553),.PIECEWISE_BEZIER_KNOTS.);
#7378 = CARTESIAN_POINT('',(0.1270006,4.173480608336));
#7379 = CARTESIAN_POINT('',(-0.1177,4.173480608336));
#7380 = ( GEOMETRIC_REPRESENTATION_CONTEXT(2) 
PARAMETRIC_REPRESENTATION_CONTEXT() REPRESENTATION_CONTEXT('2D SPACE',''
  ) );
#7381 = PCURVE('',#4384,#7382);
#7382 = DEFINITIONAL_REPRESENTATION('',(#7383),#7386);
#7383 = B_SPLINE_CURVE_WITH_KNOTS('',1,(#7384,#7385),.UNSPECIFIED.,.F.,
  .F.,(2,2),(-1.3000006,-1.0553),.PIECEWISE_BEZIER_KNOTS.);
#7384 = CARTESIAN_POINT('',(1.010254046414,-1.3000006));
#7385 = CARTESIAN_POINT('',(1.010254046414,-1.0553));
#7386 = ( GEOMETRIC_REPRESENTATION_CONTEXT(2) 
PARAMETRIC_REPRESENTATION_CONTEXT() REPRESENTATION_CONTEXT('2D SPACE',''
  ) );
#7387 = ADVANCED_FACE('',(#7388),#7310,.T.);
#7388 = FACE_BOUND('',#7389,.T.);
#7389 = EDGE_LOOP('',(#7390,#7418,#7444,#7445));
#7390 = ORIENTED_EDGE('',*,*,#7391,.T.);
#7391 = EDGE_CURVE('',#7392,#7394,#7396,.T.);
#7392 = VERTEX_POINT('',#7393);
#7393 = CARTESIAN_POINT('',(-0.477,-3.,0.));
#7394 = VERTEX_POINT('',#7395);
#7395 = CARTESIAN_POINT('',(-0.477,-3.778014326677,2.22044604925E-16));
#7396 = SURFACE_CURVE('',#7397,(#7401,#7407),.PCURVE_S1.);
#7397 = LINE('',#7398,#7399);
#7398 = CARTESIAN_POINT('',(-0.477,-21.712,0.));
#7399 = VECTOR('',#7400,1.);
#7400 = DIRECTION('',(0.,-1.,0.));
#7401 = PCURVE('',#7310,#7402);
#7402 = DEFINITIONAL_REPRESENTATION('',(#7403),#7406);
#7403 = B_SPLINE_CURVE_WITH_KNOTS('',1,(#7404,#7405),.UNSPECIFIED.,.F.,
  .F.,(2,2),(-18.712,-17.78951939166),.PIECEWISE_BEZIER_KNOTS.);
#7404 = CARTESIAN_POINT('',(0.25,-18.587));
#7405 = CARTESIAN_POINT('',(0.25,-17.66451939166));
#7406 = ( GEOMETRIC_REPRESENTATION_CONTEXT(2) 
PARAMETRIC_REPRESENTATION_CONTEXT() REPRESENTATION_CONTEXT('2D SPACE',''
  ) );
#7407 = PCURVE('',#7408,#7413);
#7408 = PLANE('',#7409);
#7409 = AXIS2_PLACEMENT_3D('',#7410,#7411,#7412);
#7410 = CARTESIAN_POINT('',(-0.727,-21.837,0.));
#7411 = DIRECTION('',(0.,0.,1.));
#7412 = DIRECTION('',(1.,0.,0.));
#7413 = DEFINITIONAL_REPRESENTATION('',(#7414),#7417);
#7414 = B_SPLINE_CURVE_WITH_KNOTS('',1,(#7415,#7416),.UNSPECIFIED.,.F.,
  .F.,(2,2),(-18.712,-17.78951939166),.PIECEWISE_BEZIER_KNOTS.);
#7415 = CARTESIAN_POINT('',(0.25,18.837));
#7416 = CARTESIAN_POINT('',(0.25,17.914519391664));
#7417 = ( GEOMETRIC_REPRESENTATION_CONTEXT(2) 
PARAMETRIC_REPRESENTATION_CONTEXT() REPRESENTATION_CONTEXT('2D SPACE',''
  ) );
#7418 = ORIENTED_EDGE('',*,*,#7419,.T.);
#7419 = EDGE_CURVE('',#7394,#7295,#7420,.T.);
#7420 = SURFACE_CURVE('',#7421,(#7426,#7437),.PCURVE_S1.);
#7421 = CIRCLE('',#7422,3.95);
#7422 = AXIS2_PLACEMENT_3D('',#7423,#7424,#7425);
#7423 = CARTESIAN_POINT('',(-0.477,-7.268,1.85));
#7424 = DIRECTION('',(-1.,0.,0.));
#7425 = DIRECTION('',(0.,-1.124276480633E-16,1.));
#7426 = PCURVE('',#7310,#7427);
#7427 = DEFINITIONAL_REPRESENTATION('',(#7428),#7436);
#7428 = ( BOUNDED_CURVE() B_SPLINE_CURVE(2,(#7429,#7430,#7431,#7432,
#7433,#7434,#7435),.UNSPECIFIED.,.T.,.F.) B_SPLINE_CURVE_WITH_KNOTS((1,2
    ,2,2,2,1),(-2.094395102393,0.,2.094395102393,4.188790204786,
6.28318530718,8.377580409573),.UNSPECIFIED.) CURVE() 
GEOMETRIC_REPRESENTATION_ITEM() RATIONAL_B_SPLINE_CURVE((1.,0.5,1.,0.5,
1.,0.5,1.)) REPRESENTATION_ITEM('') );
#7429 = CARTESIAN_POINT('',(6.05,-14.319));
#7430 = CARTESIAN_POINT('',(6.05,-21.16060068989));
#7431 = CARTESIAN_POINT('',(0.125,-17.73980034494));
#7432 = CARTESIAN_POINT('',(-5.8,-14.319));
#7433 = CARTESIAN_POINT('',(0.125,-10.89819965505));
#7434 = CARTESIAN_POINT('',(6.05,-7.477399310103));
#7435 = CARTESIAN_POINT('',(6.05,-14.319));
#7436 = ( GEOMETRIC_REPRESENTATION_CONTEXT(2) 
PARAMETRIC_REPRESENTATION_CONTEXT() REPRESENTATION_CONTEXT('2D SPACE',''
  ) );
#7437 = PCURVE('',#4327,#7438);
#7438 = DEFINITIONAL_REPRESENTATION('',(#7439),#7443);
#7439 = LINE('',#7440,#7441);
#7440 = CARTESIAN_POINT('',(0.,-1.173));
#7441 = VECTOR('',#7442,1.);
#7442 = DIRECTION('',(1.,0.));
#7443 = ( GEOMETRIC_REPRESENTATION_CONTEXT(2) 
PARAMETRIC_REPRESENTATION_CONTEXT() REPRESENTATION_CONTEXT('2D SPACE',''
  ) );
#7444 = ORIENTED_EDGE('',*,*,#7294,.T.);
#7445 = ORIENTED_EDGE('',*,*,#7446,.F.);
#7446 = EDGE_CURVE('',#7392,#7274,#7447,.T.);
#7447 = SURFACE_CURVE('',#7448,(#7452,#7458),.PCURVE_S1.);
#7448 = LINE('',#7449,#7450);
#7449 = CARTESIAN_POINT('',(-0.477,-3.,-2.125));
#7450 = VECTOR('',#7451,1.);
#7451 = DIRECTION('',(0.,0.,-1.));
#7452 = PCURVE('',#7310,#7453);
#7453 = DEFINITIONAL_REPRESENTATION('',(#7454),#7457);
#7454 = B_SPLINE_CURVE_WITH_KNOTS('',1,(#7455,#7456),.UNSPECIFIED.,.F.,
  .F.,(2,2),(-3.975,-1.875),.PIECEWISE_BEZIER_KNOTS.);
#7455 = CARTESIAN_POINT('',(2.1,-18.587));
#7456 = CARTESIAN_POINT('',(0.,-18.587));
#7457 = ( GEOMETRIC_REPRESENTATION_CONTEXT(2) 
PARAMETRIC_REPRESENTATION_CONTEXT() REPRESENTATION_CONTEXT('2D SPACE',''
  ) );
#7458 = PCURVE('',#2710,#7459);
#7459 = DEFINITIONAL_REPRESENTATION('',(#7460),#7463);
#7460 = B_SPLINE_CURVE_WITH_KNOTS('',1,(#7461,#7462),.UNSPECIFIED.,.F.,
  .F.,(2,2),(-3.975,-1.875),.PIECEWISE_BEZIER_KNOTS.);
#7461 = CARTESIAN_POINT('',(5.85,2.023));
#7462 = CARTESIAN_POINT('',(3.75,2.023));
#7463 = ( GEOMETRIC_REPRESENTATION_CONTEXT(2) 
PARAMETRIC_REPRESENTATION_CONTEXT() REPRESENTATION_CONTEXT('2D SPACE',''
  ) );
#7464 = ADVANCED_FACE('',(#7465),#7408,.T.);
#7465 = FACE_BOUND('',#7466,.T.);
#7466 = EDGE_LOOP('',(#7467,#7497,#7516,#7517,#7538,#7559));
#7467 = ORIENTED_EDGE('',*,*,#7468,.F.);
#7468 = EDGE_CURVE('',#7469,#7471,#7473,.T.);
#7469 = VERTEX_POINT('',#7470);
#7470 = CARTESIAN_POINT('',(-0.727,-3.778014326677,0.));
#7471 = VERTEX_POINT('',#7472);
#7472 = CARTESIAN_POINT('',(-0.727,0.6,0.));
#7473 = SURFACE_CURVE('',#7474,(#7478,#7485),.PCURVE_S1.);
#7474 = LINE('',#7475,#7476);
#7475 = CARTESIAN_POINT('',(-0.727,-21.837,0.));
#7476 = VECTOR('',#7477,1.);
#7477 = DIRECTION('',(0.,1.,0.));
#7478 = PCURVE('',#7408,#7479);
#7479 = DEFINITIONAL_REPRESENTATION('',(#7480),#7484);
#7480 = LINE('',#7481,#7482);
#7481 = CARTESIAN_POINT('',(0.,0.));
#7482 = VECTOR('',#7483,1.);
#7483 = DIRECTION('',(0.,1.));
#7484 = ( GEOMETRIC_REPRESENTATION_CONTEXT(2) 
PARAMETRIC_REPRESENTATION_CONTEXT() REPRESENTATION_CONTEXT('2D SPACE',''
  ) );
#7485 = PCURVE('',#7486,#7491);
#7486 = PLANE('',#7487);
#7487 = AXIS2_PLACEMENT_3D('',#7488,#7489,#7490);
#7488 = CARTESIAN_POINT('',(-0.727,-21.837,0.));
#7489 = DIRECTION('',(1.,0.,0.));
#7490 = DIRECTION('',(0.,0.,1.));
#7491 = DEFINITIONAL_REPRESENTATION('',(#7492),#7496);
#7492 = LINE('',#7493,#7494);
#7493 = CARTESIAN_POINT('',(0.,0.));
#7494 = VECTOR('',#7495,1.);
#7495 = DIRECTION('',(0.,-1.));
#7496 = ( GEOMETRIC_REPRESENTATION_CONTEXT(2) 
PARAMETRIC_REPRESENTATION_CONTEXT() REPRESENTATION_CONTEXT('2D SPACE',''
  ) );
#7497 = ORIENTED_EDGE('',*,*,#7498,.F.);
#7498 = EDGE_CURVE('',#7394,#7469,#7499,.T.);
#7499 = SURFACE_CURVE('',#7500,(#7504,#7510),.PCURVE_S1.);
#7500 = LINE('',#7501,#7502);
#7501 = CARTESIAN_POINT('',(-1.65,-3.778014326677,0.));
#7502 = VECTOR('',#7503,1.);
#7503 = DIRECTION('',(-1.,0.,0.));
#7504 = PCURVE('',#7408,#7505);
#7505 = DEFINITIONAL_REPRESENTATION('',(#7506),#7509);
#7506 = B_SPLINE_CURVE_WITH_KNOTS('',1,(#7507,#7508),.UNSPECIFIED.,.F.,
  .F.,(2,2),(-1.3000006,5.999999999062E-07),.PIECEWISE_BEZIER_KNOTS.);
#7507 = CARTESIAN_POINT('',(0.3770006,18.058985673323));
#7508 = CARTESIAN_POINT('',(-0.9230006,18.058985673323));
#7509 = ( GEOMETRIC_REPRESENTATION_CONTEXT(2) 
PARAMETRIC_REPRESENTATION_CONTEXT() REPRESENTATION_CONTEXT('2D SPACE',''
  ) );
#7510 = PCURVE('',#4327,#7511);
#7511 = DEFINITIONAL_REPRESENTATION('',(#7512),#7515);
#7512 = B_SPLINE_CURVE_WITH_KNOTS('',1,(#7513,#7514),.UNSPECIFIED.,.F.,
  .F.,(2,2),(-1.3000006,5.999999999062E-07),.PIECEWISE_BEZIER_KNOTS.);
#7513 = CARTESIAN_POINT('',(2.058223711607,-1.3000006));
#7514 = CARTESIAN_POINT('',(2.058223711607,5.999999999062E-07));
#7515 = ( GEOMETRIC_REPRESENTATION_CONTEXT(2) 
PARAMETRIC_REPRESENTATION_CONTEXT() REPRESENTATION_CONTEXT('2D SPACE',''
  ) );
#7516 = ORIENTED_EDGE('',*,*,#7391,.F.);
#7517 = ORIENTED_EDGE('',*,*,#7518,.F.);
#7518 = EDGE_CURVE('',#7519,#7392,#7521,.T.);
#7519 = VERTEX_POINT('',#7520);
#7520 = CARTESIAN_POINT('',(-0.6,-3.,0.));
#7521 = SURFACE_CURVE('',#7522,(#7526,#7532),.PCURVE_S1.);
#7522 = LINE('',#7523,#7524);
#7523 = CARTESIAN_POINT('',(-1.6135,-3.,0.));
#7524 = VECTOR('',#7525,1.);
#7525 = DIRECTION('',(1.,0.,0.));
#7526 = PCURVE('',#7408,#7527);
#7527 = DEFINITIONAL_REPRESENTATION('',(#7528),#7531);
#7528 = B_SPLINE_CURVE_WITH_KNOTS('',1,(#7529,#7530),.UNSPECIFIED.,.F.,
  .F.,(2,2),(1.0135,2.3135),.PIECEWISE_BEZIER_KNOTS.);
#7529 = CARTESIAN_POINT('',(0.127,18.837));
#7530 = CARTESIAN_POINT('',(1.427,18.837));
#7531 = ( GEOMETRIC_REPRESENTATION_CONTEXT(2) 
PARAMETRIC_REPRESENTATION_CONTEXT() REPRESENTATION_CONTEXT('2D SPACE',''
  ) );
#7532 = PCURVE('',#2710,#7533);
#7533 = DEFINITIONAL_REPRESENTATION('',(#7534),#7537);
#7534 = B_SPLINE_CURVE_WITH_KNOTS('',1,(#7535,#7536),.UNSPECIFIED.,.F.,
  .F.,(2,2),(1.0135,2.3135),.PIECEWISE_BEZIER_KNOTS.);
#7535 = CARTESIAN_POINT('',(4.,1.9));
#7536 = CARTESIAN_POINT('',(4.,3.2));
#7537 = ( GEOMETRIC_REPRESENTATION_CONTEXT(2) 
PARAMETRIC_REPRESENTATION_CONTEXT() REPRESENTATION_CONTEXT('2D SPACE',''
  ) );
#7538 = ORIENTED_EDGE('',*,*,#7539,.F.);
#7539 = EDGE_CURVE('',#7540,#7519,#7542,.T.);
#7540 = VERTEX_POINT('',#7541);
#7541 = CARTESIAN_POINT('',(-0.6,0.6,0.));
#7542 = SURFACE_CURVE('',#7543,(#7547,#7553),.PCURVE_S1.);
#7543 = LINE('',#7544,#7545);
#7544 = CARTESIAN_POINT('',(-0.6,-21.8435,0.));
#7545 = VECTOR('',#7546,1.);
#7546 = DIRECTION('',(0.,-1.,0.));
#7547 = PCURVE('',#7408,#7548);
#7548 = DEFINITIONAL_REPRESENTATION('',(#7549),#7552);
#7549 = B_SPLINE_CURVE_WITH_KNOTS('',1,(#7550,#7551),.UNSPECIFIED.,.F.,
  .F.,(2,2),(-22.4435,-18.8435),.PIECEWISE_BEZIER_KNOTS.);
#7550 = CARTESIAN_POINT('',(0.127,22.437));
#7551 = CARTESIAN_POINT('',(0.127,18.837));
#7552 = ( GEOMETRIC_REPRESENTATION_CONTEXT(2) 
PARAMETRIC_REPRESENTATION_CONTEXT() REPRESENTATION_CONTEXT('2D SPACE',''
  ) );
#7553 = PCURVE('',#2682,#7554);
#7554 = DEFINITIONAL_REPRESENTATION('',(#7555),#7558);
#7555 = B_SPLINE_CURVE_WITH_KNOTS('',1,(#7556,#7557),.UNSPECIFIED.,.F.,
  .F.,(2,2),(-22.4435,-18.8435),.PIECEWISE_BEZIER_KNOTS.);
#7556 = CARTESIAN_POINT('',(4.,-22.45));
#7557 = CARTESIAN_POINT('',(4.,-18.85));
#7558 = ( GEOMETRIC_REPRESENTATION_CONTEXT(2) 
PARAMETRIC_REPRESENTATION_CONTEXT() REPRESENTATION_CONTEXT('2D SPACE',''
  ) );
#7559 = ORIENTED_EDGE('',*,*,#7560,.F.);
#7560 = EDGE_CURVE('',#7471,#7540,#7561,.T.);
#7561 = SURFACE_CURVE('',#7562,(#7566,#7573),.PCURVE_S1.);
#7562 = LINE('',#7563,#7564);
#7563 = CARTESIAN_POINT('',(-0.727,0.6,0.));
#7564 = VECTOR('',#7565,1.);
#7565 = DIRECTION('',(1.,0.,0.));
#7566 = PCURVE('',#7408,#7567);
#7567 = DEFINITIONAL_REPRESENTATION('',(#7568),#7572);
#7568 = LINE('',#7569,#7570);
#7569 = CARTESIAN_POINT('',(0.,22.437));
#7570 = VECTOR('',#7571,1.);
#7571 = DIRECTION('',(1.,0.));
#7572 = ( GEOMETRIC_REPRESENTATION_CONTEXT(2) 
PARAMETRIC_REPRESENTATION_CONTEXT() REPRESENTATION_CONTEXT('2D SPACE',''
  ) );
#7573 = PCURVE('',#7574,#7579);
#7574 = PLANE('',#7575);
#7575 = AXIS2_PLACEMENT_3D('',#7576,#7577,#7578);
#7576 = CARTESIAN_POINT('',(-1.9,0.6,2.05));
#7577 = DIRECTION('',(0.,1.,0.));
#7578 = DIRECTION('',(0.,0.,1.));
#7579 = DEFINITIONAL_REPRESENTATION('',(#7580),#7584);
#7580 = LINE('',#7581,#7582);
#7581 = CARTESIAN_POINT('',(-2.05,1.173));
#7582 = VECTOR('',#7583,1.);
#7583 = DIRECTION('',(0.,1.));
#7584 = ( GEOMETRIC_REPRESENTATION_CONTEXT(2) 
PARAMETRIC_REPRESENTATION_CONTEXT() REPRESENTATION_CONTEXT('2D SPACE',''
  ) );
#7585 = ADVANCED_FACE('',(#7586),#7574,.F.);
#7586 = FACE_BOUND('',#7587,.F.);
#7587 = EDGE_LOOP('',(#7588,#7618,#7646,#7674,#7708,#7735,#7756,#7757));
#7588 = ORIENTED_EDGE('',*,*,#7589,.F.);
#7589 = EDGE_CURVE('',#7590,#7592,#7594,.T.);
#7590 = VERTEX_POINT('',#7591);
#7591 = CARTESIAN_POINT('',(-1.9,0.6,2.05));
#7592 = VERTEX_POINT('',#7593);
#7593 = CARTESIAN_POINT('',(-0.727,0.6,2.05));
#7594 = SURFACE_CURVE('',#7595,(#7599,#7606),.PCURVE_S1.);
#7595 = LINE('',#7596,#7597);
#7596 = CARTESIAN_POINT('',(-1.9,0.6,2.05));
#7597 = VECTOR('',#7598,1.);
#7598 = DIRECTION('',(1.,0.,0.));
#7599 = PCURVE('',#7574,#7600);
#7600 = DEFINITIONAL_REPRESENTATION('',(#7601),#7605);
#7601 = LINE('',#7602,#7603);
#7602 = CARTESIAN_POINT('',(0.,0.));
#7603 = VECTOR('',#7604,1.);
#7604 = DIRECTION('',(0.,1.));
#7605 = ( GEOMETRIC_REPRESENTATION_CONTEXT(2) 
PARAMETRIC_REPRESENTATION_CONTEXT() REPRESENTATION_CONTEXT('2D SPACE',''
  ) );
#7606 = PCURVE('',#7607,#7612);
#7607 = PLANE('',#7608);
#7608 = AXIS2_PLACEMENT_3D('',#7609,#7610,#7611);
#7609 = CARTESIAN_POINT('',(-1.9,-2.4,2.05));
#7610 = DIRECTION('',(0.,0.,1.));
#7611 = DIRECTION('',(1.,0.,0.));
#7612 = DEFINITIONAL_REPRESENTATION('',(#7613),#7617);
#7613 = LINE('',#7614,#7615);
#7614 = CARTESIAN_POINT('',(0.,3.));
#7615 = VECTOR('',#7616,1.);
#7616 = DIRECTION('',(1.,0.));
#7617 = ( GEOMETRIC_REPRESENTATION_CONTEXT(2) 
PARAMETRIC_REPRESENTATION_CONTEXT() REPRESENTATION_CONTEXT('2D SPACE',''
  ) );
#7618 = ORIENTED_EDGE('',*,*,#7619,.T.);
#7619 = EDGE_CURVE('',#7590,#7620,#7622,.T.);
#7620 = VERTEX_POINT('',#7621);
#7621 = CARTESIAN_POINT('',(-1.9,0.6,3.6));
#7622 = SURFACE_CURVE('',#7623,(#7627,#7634),.PCURVE_S1.);
#7623 = LINE('',#7624,#7625);
#7624 = CARTESIAN_POINT('',(-1.9,0.6,2.05));
#7625 = VECTOR('',#7626,1.);
#7626 = DIRECTION('',(0.,0.,1.));
#7627 = PCURVE('',#7574,#7628);
#7628 = DEFINITIONAL_REPRESENTATION('',(#7629),#7633);
#7629 = LINE('',#7630,#7631);
#7630 = CARTESIAN_POINT('',(0.,0.));
#7631 = VECTOR('',#7632,1.);
#7632 = DIRECTION('',(1.,0.));
#7633 = ( GEOMETRIC_REPRESENTATION_CONTEXT(2) 
PARAMETRIC_REPRESENTATION_CONTEXT() REPRESENTATION_CONTEXT('2D SPACE',''
  ) );
#7634 = PCURVE('',#7635,#7640);
#7635 = PLANE('',#7636);
#7636 = AXIS2_PLACEMENT_3D('',#7637,#7638,#7639);
#7637 = CARTESIAN_POINT('',(-1.9,-2.4,2.05));
#7638 = DIRECTION('',(1.,0.,0.));
#7639 = DIRECTION('',(0.,0.,1.));
#7640 = DEFINITIONAL_REPRESENTATION('',(#7641),#7645);
#7641 = LINE('',#7642,#7643);
#7642 = CARTESIAN_POINT('',(0.,-3.));
#7643 = VECTOR('',#7644,1.);
#7644 = DIRECTION('',(1.,0.));
#7645 = ( GEOMETRIC_REPRESENTATION_CONTEXT(2) 
PARAMETRIC_REPRESENTATION_CONTEXT() REPRESENTATION_CONTEXT('2D SPACE',''
  ) );
#7646 = ORIENTED_EDGE('',*,*,#7647,.T.);
#7647 = EDGE_CURVE('',#7620,#7648,#7650,.T.);
#7648 = VERTEX_POINT('',#7649);
#7649 = CARTESIAN_POINT('',(-0.760333333333,0.6,3.6));
#7650 = SURFACE_CURVE('',#7651,(#7655,#7662),.PCURVE_S1.);
#7651 = LINE('',#7652,#7653);
#7652 = CARTESIAN_POINT('',(-1.9,0.6,3.6));
#7653 = VECTOR('',#7654,1.);
#7654 = DIRECTION('',(1.,0.,0.));
#7655 = PCURVE('',#7574,#7656);
#7656 = DEFINITIONAL_REPRESENTATION('',(#7657),#7661);
#7657 = LINE('',#7658,#7659);
#7658 = CARTESIAN_POINT('',(1.55,0.));
#7659 = VECTOR('',#7660,1.);
#7660 = DIRECTION('',(0.,1.));
#7661 = ( GEOMETRIC_REPRESENTATION_CONTEXT(2) 
PARAMETRIC_REPRESENTATION_CONTEXT() REPRESENTATION_CONTEXT('2D SPACE',''
  ) );
#7662 = PCURVE('',#7663,#7668);
#7663 = PLANE('',#7664);
#7664 = AXIS2_PLACEMENT_3D('',#7665,#7666,#7667);
#7665 = CARTESIAN_POINT('',(-1.9,-2.4,3.6));
#7666 = DIRECTION('',(0.,0.,1.));
#7667 = DIRECTION('',(1.,0.,0.));
#7668 = DEFINITIONAL_REPRESENTATION('',(#7669),#7673);
#7669 = LINE('',#7670,#7671);
#7670 = CARTESIAN_POINT('',(0.,3.));
#7671 = VECTOR('',#7672,1.);
#7672 = DIRECTION('',(1.,0.));
#7673 = ( GEOMETRIC_REPRESENTATION_CONTEXT(2) 
PARAMETRIC_REPRESENTATION_CONTEXT() REPRESENTATION_CONTEXT('2D SPACE',''
  ) );
#7674 = ORIENTED_EDGE('',*,*,#7675,.F.);
#7675 = EDGE_CURVE('',#7676,#7648,#7678,.T.);
#7676 = VERTEX_POINT('',#7677);
#7677 = CARTESIAN_POINT('',(-0.727,0.6,3.5));
#7678 = SURFACE_CURVE('',#7679,(#7685,#7694),.PCURVE_S1.);
#7679 = B_SPLINE_CURVE_WITH_KNOTS('',4,(#7680,#7681,#7682,#7683,#7684),
  .UNSPECIFIED.,.F.,.F.,(5,5),(0.,1.),.PIECEWISE_BEZIER_KNOTS.);
#7680 = CARTESIAN_POINT('',(-0.727,0.6,3.5));
#7681 = CARTESIAN_POINT('',(-0.735332161383,0.6,3.52499648415));
#7682 = CARTESIAN_POINT('',(-0.743665107593,0.6,3.549995322778));
#7683 = CARTESIAN_POINT('',(-0.751998833413,0.6,3.57499650024));
#7684 = CARTESIAN_POINT('',(-0.760333333333,0.6,3.6));
#7685 = PCURVE('',#7574,#7686);
#7686 = DEFINITIONAL_REPRESENTATION('',(#7687),#7693);
#7687 = B_SPLINE_CURVE_WITH_KNOTS('',4,(#7688,#7689,#7690,#7691,#7692),
  .UNSPECIFIED.,.F.,.F.,(5,5),(0.,1.),.PIECEWISE_BEZIER_KNOTS.);
#7688 = CARTESIAN_POINT('',(1.45,1.173));
#7689 = CARTESIAN_POINT('',(1.47499648415,1.164667838617));
#7690 = CARTESIAN_POINT('',(1.499995322778,1.156334892407));
#7691 = CARTESIAN_POINT('',(1.52499650024,1.148001166587));
#7692 = CARTESIAN_POINT('',(1.55,1.139666666667));
#7693 = ( GEOMETRIC_REPRESENTATION_CONTEXT(2) 
PARAMETRIC_REPRESENTATION_CONTEXT() REPRESENTATION_CONTEXT('2D SPACE',''
  ) );
#7694 = PCURVE('',#7695,#7700);
#7695 = B_SPLINE_SURFACE_WITH_KNOTS('',1,1,(
    (#7696,#7697)
    ,(#7698,#7699
    )),.UNSPECIFIED.,.F.,.F.,.F.,(2,2),(2,2),(0.,23.037),(0.,1.),
  .PIECEWISE_BEZIER_KNOTS.);
#7696 = CARTESIAN_POINT('',(-0.727,0.6,3.5));
#7697 = CARTESIAN_POINT('',(-1.027,0.9,4.4));
#7698 = CARTESIAN_POINT('',(-0.727,-21.837,3.5));
#7699 = CARTESIAN_POINT('',(-1.027,-22.137,4.4));
#7700 = DEFINITIONAL_REPRESENTATION('',(#7701),#7707);
#7701 = B_SPLINE_CURVE_WITH_KNOTS('',4,(#7702,#7703,#7704,#7705,#7706),
  .UNSPECIFIED.,.F.,.F.,(5,5),(0.,1.),.PIECEWISE_BEZIER_KNOTS.);
#7702 = CARTESIAN_POINT('',(0.,0.));
#7703 = CARTESIAN_POINT('',(8.554976235252E-03,2.777387127814E-02));
#7704 = CARTESIAN_POINT('',(1.709381550612E-02,5.555035864168E-02));
#7705 = CARTESIAN_POINT('',(2.561657695655E-02,8.332944471112E-02));
#7706 = CARTESIAN_POINT('',(3.412332724556E-02,0.111111111111));
#7707 = ( GEOMETRIC_REPRESENTATION_CONTEXT(2) 
PARAMETRIC_REPRESENTATION_CONTEXT() REPRESENTATION_CONTEXT('2D SPACE',''
  ) );
#7708 = ORIENTED_EDGE('',*,*,#7709,.F.);
#7709 = EDGE_CURVE('',#7710,#7676,#7712,.T.);
#7710 = VERTEX_POINT('',#7711);
#7711 = CARTESIAN_POINT('',(-0.6,0.6,3.5));
#7712 = SURFACE_CURVE('',#7713,(#7717,#7724),.PCURVE_S1.);
#7713 = LINE('',#7714,#7715);
#7714 = CARTESIAN_POINT('',(73.808,0.6,3.5));
#7715 = VECTOR('',#7716,1.);
#7716 = DIRECTION('',(-1.,0.,0.));
#7717 = PCURVE('',#7574,#7718);
#7718 = DEFINITIONAL_REPRESENTATION('',(#7719),#7723);
#7719 = LINE('',#7720,#7721);
#7720 = CARTESIAN_POINT('',(1.45,75.708));
#7721 = VECTOR('',#7722,1.);
#7722 = DIRECTION('',(0.,-1.));
#7723 = ( GEOMETRIC_REPRESENTATION_CONTEXT(2) 
PARAMETRIC_REPRESENTATION_CONTEXT() REPRESENTATION_CONTEXT('2D SPACE',''
  ) );
#7724 = PCURVE('',#7725,#7730);
#7725 = B_SPLINE_SURFACE_WITH_KNOTS('',1,1,(
    (#7726,#7727)
    ,(#7728,#7729
    )),.UNSPECIFIED.,.F.,.F.,.F.,(2,2),(2,2),(0.,75.135),(0.,1.),
  .PIECEWISE_BEZIER_KNOTS.);
#7726 = CARTESIAN_POINT('',(73.808,0.6,3.5));
#7727 = CARTESIAN_POINT('',(74.108,0.9,4.4));
#7728 = CARTESIAN_POINT('',(-0.727,0.6,3.5));
#7729 = CARTESIAN_POINT('',(-1.027,0.9,4.4));
#7730 = DEFINITIONAL_REPRESENTATION('',(#7731),#7734);
#7731 = B_SPLINE_CURVE_WITH_KNOTS('',1,(#7732,#7733),.UNSPECIFIED.,.F.,
  .F.,(2,2),(0.,74.535),.PIECEWISE_BEZIER_KNOTS.);
#7732 = CARTESIAN_POINT('',(0.,0.));
#7733 = CARTESIAN_POINT('',(75.135,0.));
#7734 = ( GEOMETRIC_REPRESENTATION_CONTEXT(2) 
PARAMETRIC_REPRESENTATION_CONTEXT() REPRESENTATION_CONTEXT('2D SPACE',''
  ) );
#7735 = ORIENTED_EDGE('',*,*,#7736,.F.);
#7736 = EDGE_CURVE('',#7540,#7710,#7737,.T.);
#7737 = SURFACE_CURVE('',#7738,(#7742,#7749),.PCURVE_S1.);
#7738 = LINE('',#7739,#7740);
#7739 = CARTESIAN_POINT('',(-0.6,0.6,0.));
#7740 = VECTOR('',#7741,1.);
#7741 = DIRECTION('',(7.930164461608E-16,-9.51619735393E-17,1.));
#7742 = PCURVE('',#7574,#7743);
#7743 = DEFINITIONAL_REPRESENTATION('',(#7744),#7748);
#7744 = LINE('',#7745,#7746);
#7745 = CARTESIAN_POINT('',(-2.05,1.3));
#7746 = VECTOR('',#7747,1.);
#7747 = DIRECTION('',(1.,7.930164461608E-16));
#7748 = ( GEOMETRIC_REPRESENTATION_CONTEXT(2) 
PARAMETRIC_REPRESENTATION_CONTEXT() REPRESENTATION_CONTEXT('2D SPACE',''
  ) );
#7749 = PCURVE('',#2682,#7750);
#7750 = DEFINITIONAL_REPRESENTATION('',(#7751),#7755);
#7751 = LINE('',#7752,#7753);
#7752 = CARTESIAN_POINT('',(4.,-22.45));
#7753 = VECTOR('',#7754,1.);
#7754 = DIRECTION('',(1.,9.51619735393E-17));
#7755 = ( GEOMETRIC_REPRESENTATION_CONTEXT(2) 
PARAMETRIC_REPRESENTATION_CONTEXT() REPRESENTATION_CONTEXT('2D SPACE',''
  ) );
#7756 = ORIENTED_EDGE('',*,*,#7560,.F.);
#7757 = ORIENTED_EDGE('',*,*,#7758,.T.);
#7758 = EDGE_CURVE('',#7471,#7592,#7759,.T.);
#7759 = SURFACE_CURVE('',#7760,(#7764,#7771),.PCURVE_S1.);
#7760 = LINE('',#7761,#7762);
#7761 = CARTESIAN_POINT('',(-0.727,0.6,0.));
#7762 = VECTOR('',#7763,1.);
#7763 = DIRECTION('',(0.,0.,1.));
#7764 = PCURVE('',#7574,#7765);
#7765 = DEFINITIONAL_REPRESENTATION('',(#7766),#7770);
#7766 = LINE('',#7767,#7768);
#7767 = CARTESIAN_POINT('',(-2.05,1.173));
#7768 = VECTOR('',#7769,1.);
#7769 = DIRECTION('',(1.,0.));
#7770 = ( GEOMETRIC_REPRESENTATION_CONTEXT(2) 
PARAMETRIC_REPRESENTATION_CONTEXT() REPRESENTATION_CONTEXT('2D SPACE',''
  ) );
#7771 = PCURVE('',#7486,#7772);
#7772 = DEFINITIONAL_REPRESENTATION('',(#7773),#7777);
#7773 = LINE('',#7774,#7775);
#7774 = CARTESIAN_POINT('',(0.,-22.437));
#7775 = VECTOR('',#7776,1.);
#7776 = DIRECTION('',(1.,0.));
#7777 = ( GEOMETRIC_REPRESENTATION_CONTEXT(2) 
PARAMETRIC_REPRESENTATION_CONTEXT() REPRESENTATION_CONTEXT('2D SPACE',''
  ) );
#7778 = ADVANCED_FACE('',(#7779),#7725,.F.);
#7779 = FACE_BOUND('',#7780,.F.);
#7780 = EDGE_LOOP('',(#7781,#7810,#7811,#7833,#7856,#7890));
#7781 = ORIENTED_EDGE('',*,*,#7782,.F.);
#7782 = EDGE_CURVE('',#7710,#7783,#7785,.T.);
#7783 = VERTEX_POINT('',#7784);
#7784 = CARTESIAN_POINT('',(-0.6,0.7,3.8));
#7785 = SURFACE_CURVE('',#7786,(#7792,#7801),.PCURVE_S1.);
#7786 = B_SPLINE_CURVE_WITH_KNOTS('',4,(#7787,#7788,#7789,#7790,#7791),
  .UNSPECIFIED.,.F.,.F.,(5,5),(0.,1.),.PIECEWISE_BEZIER_KNOTS.);
#7787 = CARTESIAN_POINT('',(-0.6,0.6,3.5));
#7788 = CARTESIAN_POINT('',(-0.6,0.624996952709,3.574990858128));
#7789 = CARTESIAN_POINT('',(-0.6,0.649995945338,3.649987836014));
#7790 = CARTESIAN_POINT('',(-0.6,0.674996965316,3.724990895948));
#7791 = CARTESIAN_POINT('',(-0.6,0.7,3.8));
#7792 = PCURVE('',#7725,#7793);
#7793 = DEFINITIONAL_REPRESENTATION('',(#7794),#7800);
#7794 = B_SPLINE_CURVE_WITH_KNOTS('',4,(#7795,#7796,#7797,#7798,#7799),
  .UNSPECIFIED.,.F.,.F.,(5,5),(0.,1.),.PIECEWISE_BEZIER_KNOTS.);
#7795 = CARTESIAN_POINT('',(75.006977661501,0.));
#7796 = CARTESIAN_POINT('',(74.981865355804,8.332317569824E-02));
#7797 = CARTESIAN_POINT('',(74.956795917245,0.166653151126));
#7798 = CARTESIAN_POINT('',(74.931769196733,0.249989884387));
#7799 = CARTESIAN_POINT('',(74.906785041011,0.333333333333));
#7800 = ( GEOMETRIC_REPRESENTATION_CONTEXT(2) 
PARAMETRIC_REPRESENTATION_CONTEXT() REPRESENTATION_CONTEXT('2D SPACE',''
  ) );
#7801 = PCURVE('',#2682,#7802);
#7802 = DEFINITIONAL_REPRESENTATION('',(#7803),#7809);
#7803 = B_SPLINE_CURVE_WITH_KNOTS('',4,(#7804,#7805,#7806,#7807,#7808),
  .UNSPECIFIED.,.F.,.F.,(5,5),(0.,1.),.PIECEWISE_BEZIER_KNOTS.);
#7804 = CARTESIAN_POINT('',(7.5,-22.45));
#7805 = CARTESIAN_POINT('',(7.574990858128,-22.4749969527));
#7806 = CARTESIAN_POINT('',(7.649987836014,-22.49999594533));
#7807 = CARTESIAN_POINT('',(7.724990895948,-22.52499696531));
#7808 = CARTESIAN_POINT('',(7.8,-22.55));
#7809 = ( GEOMETRIC_REPRESENTATION_CONTEXT(2) 
PARAMETRIC_REPRESENTATION_CONTEXT() REPRESENTATION_CONTEXT('2D SPACE',''
  ) );
#7810 = ORIENTED_EDGE('',*,*,#7709,.T.);
#7811 = ORIENTED_EDGE('',*,*,#7812,.T.);
#7812 = EDGE_CURVE('',#7676,#7813,#7815,.T.);
#7813 = VERTEX_POINT('',#7814);
#7814 = CARTESIAN_POINT('',(-1.027,0.9,4.4));
#7815 = SURFACE_CURVE('',#7816,(#7819,#7826),.PCURVE_S1.);
#7816 = B_SPLINE_CURVE_WITH_KNOTS('',1,(#7817,#7818),.UNSPECIFIED.,.F.,
  .F.,(2,2),(0.,1.),.PIECEWISE_BEZIER_KNOTS.);
#7817 = CARTESIAN_POINT('',(-0.727,0.6,3.5));
#7818 = CARTESIAN_POINT('',(-1.027,0.9,4.4));
#7819 = PCURVE('',#7725,#7820);
#7820 = DEFINITIONAL_REPRESENTATION('',(#7821),#7825);
#7821 = LINE('',#7822,#7823);
#7822 = CARTESIAN_POINT('',(75.135,0.));
#7823 = VECTOR('',#7824,1.);
#7824 = DIRECTION('',(0.,1.));
#7825 = ( GEOMETRIC_REPRESENTATION_CONTEXT(2) 
PARAMETRIC_REPRESENTATION_CONTEXT() REPRESENTATION_CONTEXT('2D SPACE',''
  ) );
#7826 = PCURVE('',#7695,#7827);
#7827 = DEFINITIONAL_REPRESENTATION('',(#7828),#7832);
#7828 = LINE('',#7829,#7830);
#7829 = CARTESIAN_POINT('',(0.,0.));
#7830 = VECTOR('',#7831,1.);
#7831 = DIRECTION('',(0.,1.));
#7832 = ( GEOMETRIC_REPRESENTATION_CONTEXT(2) 
PARAMETRIC_REPRESENTATION_CONTEXT() REPRESENTATION_CONTEXT('2D SPACE',''
  ) );
#7833 = ORIENTED_EDGE('',*,*,#7834,.F.);
#7834 = EDGE_CURVE('',#7835,#7813,#7837,.T.);
#7835 = VERTEX_POINT('',#7836);
#7836 = CARTESIAN_POINT('',(10.75,0.9,4.4));
#7837 = SURFACE_CURVE('',#7838,(#7842,#7849),.PCURVE_S1.);
#7838 = LINE('',#7839,#7840);
#7839 = CARTESIAN_POINT('',(74.108,0.9,4.4));
#7840 = VECTOR('',#7841,1.);
#7841 = DIRECTION('',(-1.,0.,0.));
#7842 = PCURVE('',#7725,#7843);
#7843 = DEFINITIONAL_REPRESENTATION('',(#7844),#7848);
#7844 = LINE('',#7845,#7846);
#7845 = CARTESIAN_POINT('',(0.,1.));
#7846 = VECTOR('',#7847,1.);
#7847 = DIRECTION('',(1.,0.));
#7848 = ( GEOMETRIC_REPRESENTATION_CONTEXT(2) 
PARAMETRIC_REPRESENTATION_CONTEXT() REPRESENTATION_CONTEXT('2D SPACE',''
  ) );
#7849 = PCURVE('',#370,#7850);
#7850 = DEFINITIONAL_REPRESENTATION('',(#7851),#7855);
#7851 = LINE('',#7852,#7853);
#7852 = CARTESIAN_POINT('',(37.117333194243,10.695020362289));
#7853 = VECTOR('',#7854,1.);
#7854 = DIRECTION('',(-1.,0.));
#7855 = ( GEOMETRIC_REPRESENTATION_CONTEXT(2) 
PARAMETRIC_REPRESENTATION_CONTEXT() REPRESENTATION_CONTEXT('2D SPACE',''
  ) );
#7856 = ORIENTED_EDGE('',*,*,#7857,.F.);
#7857 = EDGE_CURVE('',#7858,#7835,#7860,.T.);
#7858 = VERTEX_POINT('',#7859);
#7859 = CARTESIAN_POINT('',(10.75,0.7,3.8));
#7860 = SURFACE_CURVE('',#7861,(#7867,#7876),.PCURVE_S1.);
#7861 = B_SPLINE_CURVE_WITH_KNOTS('',4,(#7862,#7863,#7864,#7865,#7866),
  .UNSPECIFIED.,.F.,.F.,(5,5),(0.,1.),.PIECEWISE_BEZIER_KNOTS.);
#7862 = CARTESIAN_POINT('',(10.75,0.7,3.8));
#7863 = CARTESIAN_POINT('',(10.75,0.74999408516,3.949982255481));
#7864 = CARTESIAN_POINT('',(10.75,0.799992147473,4.099976442418));
#7865 = CARTESIAN_POINT('',(10.75,0.849994135701,4.249982407104));
#7866 = CARTESIAN_POINT('',(10.75,0.9,4.4));
#7867 = PCURVE('',#7725,#7868);
#7868 = DEFINITIONAL_REPRESENTATION('',(#7869),#7875);
#7869 = B_SPLINE_CURVE_WITH_KNOTS('',4,(#7870,#7871,#7872,#7873,#7874),
  .UNSPECIFIED.,.F.,.F.,(5,5),(0.,1.),.PIECEWISE_BEZIER_KNOTS.);
#7870 = CARTESIAN_POINT('',(63.496037064665,0.333333333333));
#7871 = CARTESIAN_POINT('',(63.461347200743,0.499980283868));
#7872 = CARTESIAN_POINT('',(63.426778340766,0.666640491575));
#7873 = CARTESIAN_POINT('',(63.392329573253,0.833313785671));
#7874 = CARTESIAN_POINT('',(63.358,1.));
#7875 = ( GEOMETRIC_REPRESENTATION_CONTEXT(2) 
PARAMETRIC_REPRESENTATION_CONTEXT() REPRESENTATION_CONTEXT('2D SPACE',''
  ) );
#7876 = PCURVE('',#7877,#7882);
#7877 = PLANE('',#7878);
#7878 = AXIS2_PLACEMENT_3D('',#7879,#7880,#7881);
#7879 = CARTESIAN_POINT('',(10.75,-0.75,1.6));
#7880 = DIRECTION('',(1.,0.,0.));
#7881 = DIRECTION('',(0.,0.,1.));
#7882 = DEFINITIONAL_REPRESENTATION('',(#7883),#7889);
#7883 = B_SPLINE_CURVE_WITH_KNOTS('',4,(#7884,#7885,#7886,#7887,#7888),
  .UNSPECIFIED.,.F.,.F.,(5,5),(0.,1.),.PIECEWISE_BEZIER_KNOTS.);
#7884 = CARTESIAN_POINT('',(2.2,-1.45));
#7885 = CARTESIAN_POINT('',(2.349982255481,-1.49999408516));
#7886 = CARTESIAN_POINT('',(2.499976442418,-1.549992147473));
#7887 = CARTESIAN_POINT('',(2.649982407104,-1.599994135701));
#7888 = CARTESIAN_POINT('',(2.8,-1.65));
#7889 = ( GEOMETRIC_REPRESENTATION_CONTEXT(2) 
PARAMETRIC_REPRESENTATION_CONTEXT() REPRESENTATION_CONTEXT('2D SPACE',''
  ) );
#7890 = ORIENTED_EDGE('',*,*,#7891,.F.);
#7891 = EDGE_CURVE('',#7783,#7858,#7892,.T.);
#7892 = SURFACE_CURVE('',#7893,(#7896,#7902),.PCURVE_S1.);
#7893 = B_SPLINE_CURVE_WITH_KNOTS('',1,(#7894,#7895),.UNSPECIFIED.,.F.,
  .F.,(2,2),(0.,1.),.PIECEWISE_BEZIER_KNOTS.);
#7894 = CARTESIAN_POINT('',(-0.6,0.7,3.8));
#7895 = CARTESIAN_POINT('',(66.282443596268,0.7,3.8));
#7896 = PCURVE('',#7725,#7897);
#7897 = DEFINITIONAL_REPRESENTATION('',(#7898),#7901);
#7898 = B_SPLINE_CURVE_WITH_KNOTS('',1,(#7899,#7900),.UNSPECIFIED.,.F.,
  .F.,(2,2),(0.,1.),.PIECEWISE_BEZIER_KNOTS.);
#7899 = CARTESIAN_POINT('',(74.906785040476,0.333333333333));
#7900 = CARTESIAN_POINT('',(7.666370246797,0.333333333333));
#7901 = ( GEOMETRIC_REPRESENTATION_CONTEXT(2) 
PARAMETRIC_REPRESENTATION_CONTEXT() REPRESENTATION_CONTEXT('2D SPACE',''
  ) );
#7902 = PCURVE('',#2440,#7903);
#7903 = DEFINITIONAL_REPRESENTATION('',(#7904),#7907);
#7904 = B_SPLINE_CURVE_WITH_KNOTS('',1,(#7905,#7906),.UNSPECIFIED.,.F.,
  .F.,(2,2),(0.,1.),.PIECEWISE_BEZIER_KNOTS.);
#7905 = CARTESIAN_POINT('',(7.8,0.));
#7906 = CARTESIAN_POINT('',(7.8,66.882443596268));
#7907 = ( GEOMETRIC_REPRESENTATION_CONTEXT(2) 
PARAMETRIC_REPRESENTATION_CONTEXT() REPRESENTATION_CONTEXT('2D SPACE',''
  ) );
#7908 = ADVANCED_FACE('',(#7909),#7877,.T.);
#7909 = FACE_BOUND('',#7910,.T.);
#7910 = EDGE_LOOP('',(#7911,#7912,#7933,#7961,#7989));
#7911 = ORIENTED_EDGE('',*,*,#7857,.F.);
#7912 = ORIENTED_EDGE('',*,*,#7913,.T.);
#7913 = EDGE_CURVE('',#7858,#7914,#7916,.T.);
#7914 = VERTEX_POINT('',#7915);
#7915 = CARTESIAN_POINT('',(10.75,0.7,1.6));
#7916 = SURFACE_CURVE('',#7917,(#7921,#7927),.PCURVE_S1.);
#7917 = LINE('',#7918,#7919);
#7918 = CARTESIAN_POINT('',(10.75,0.7,-1.2));
#7919 = VECTOR('',#7920,1.);
#7920 = DIRECTION('',(0.,0.,-1.));
#7921 = PCURVE('',#7877,#7922);
#7922 = DEFINITIONAL_REPRESENTATION('',(#7923),#7926);
#7923 = B_SPLINE_CURVE_WITH_KNOTS('',1,(#7924,#7925),.UNSPECIFIED.,.F.,
  .F.,(2,2),(-5.6,-2.8),.PIECEWISE_BEZIER_KNOTS.);
#7924 = CARTESIAN_POINT('',(2.8,-1.45));
#7925 = CARTESIAN_POINT('',(0.,-1.45));
#7926 = ( GEOMETRIC_REPRESENTATION_CONTEXT(2) 
PARAMETRIC_REPRESENTATION_CONTEXT() REPRESENTATION_CONTEXT('2D SPACE',''
  ) );
#7927 = PCURVE('',#2440,#7928);
#7928 = DEFINITIONAL_REPRESENTATION('',(#7929),#7932);
#7929 = B_SPLINE_CURVE_WITH_KNOTS('',1,(#7930,#7931),.UNSPECIFIED.,.F.,
  .F.,(2,2),(-5.6,-2.8),.PIECEWISE_BEZIER_KNOTS.);
#7930 = CARTESIAN_POINT('',(8.4,11.35));
#7931 = CARTESIAN_POINT('',(5.6,11.35));
#7932 = ( GEOMETRIC_REPRESENTATION_CONTEXT(2) 
PARAMETRIC_REPRESENTATION_CONTEXT() REPRESENTATION_CONTEXT('2D SPACE',''
  ) );
#7933 = ORIENTED_EDGE('',*,*,#7934,.T.);
#7934 = EDGE_CURVE('',#7914,#7935,#7937,.T.);
#7935 = VERTEX_POINT('',#7936);
#7936 = CARTESIAN_POINT('',(10.75,1.35,1.6));
#7937 = SURFACE_CURVE('',#7938,(#7942,#7949),.PCURVE_S1.);
#7938 = LINE('',#7939,#7940);
#7939 = CARTESIAN_POINT('',(10.75,-0.75,1.6));
#7940 = VECTOR('',#7941,1.);
#7941 = DIRECTION('',(0.,1.,0.));
#7942 = PCURVE('',#7877,#7943);
#7943 = DEFINITIONAL_REPRESENTATION('',(#7944),#7948);
#7944 = LINE('',#7945,#7946);
#7945 = CARTESIAN_POINT('',(0.,0.));
#7946 = VECTOR('',#7947,1.);
#7947 = DIRECTION('',(0.,-1.));
#7948 = ( GEOMETRIC_REPRESENTATION_CONTEXT(2) 
PARAMETRIC_REPRESENTATION_CONTEXT() REPRESENTATION_CONTEXT('2D SPACE',''
  ) );
#7949 = PCURVE('',#7950,#7955);
#7950 = PLANE('',#7951);
#7951 = AXIS2_PLACEMENT_3D('',#7952,#7953,#7954);
#7952 = CARTESIAN_POINT('',(10.75,-0.75,1.6));
#7953 = DIRECTION('',(0.,0.,1.));
#7954 = DIRECTION('',(1.,0.,0.));
#7955 = DEFINITIONAL_REPRESENTATION('',(#7956),#7960);
#7956 = LINE('',#7957,#7958);
#7957 = CARTESIAN_POINT('',(0.,0.));
#7958 = VECTOR('',#7959,1.);
#7959 = DIRECTION('',(0.,1.));
#7960 = ( GEOMETRIC_REPRESENTATION_CONTEXT(2) 
PARAMETRIC_REPRESENTATION_CONTEXT() REPRESENTATION_CONTEXT('2D SPACE',''
  ) );
#7961 = ORIENTED_EDGE('',*,*,#7962,.T.);
#7962 = EDGE_CURVE('',#7935,#7963,#7965,.T.);
#7963 = VERTEX_POINT('',#7964);
#7964 = CARTESIAN_POINT('',(10.75,1.35,4.4));
#7965 = SURFACE_CURVE('',#7966,(#7970,#7977),.PCURVE_S1.);
#7966 = LINE('',#7967,#7968);
#7967 = CARTESIAN_POINT('',(10.75,1.35,1.6));
#7968 = VECTOR('',#7969,1.);
#7969 = DIRECTION('',(0.,0.,1.));
#7970 = PCURVE('',#7877,#7971);
#7971 = DEFINITIONAL_REPRESENTATION('',(#7972),#7976);
#7972 = LINE('',#7973,#7974);
#7973 = CARTESIAN_POINT('',(0.,-2.1));
#7974 = VECTOR('',#7975,1.);
#7975 = DIRECTION('',(1.,0.));
#7976 = ( GEOMETRIC_REPRESENTATION_CONTEXT(2) 
PARAMETRIC_REPRESENTATION_CONTEXT() REPRESENTATION_CONTEXT('2D SPACE',''
  ) );
#7977 = PCURVE('',#7978,#7983);
#7978 = PLANE('',#7979);
#7979 = AXIS2_PLACEMENT_3D('',#7980,#7981,#7982);
#7980 = CARTESIAN_POINT('',(10.75,1.35,1.6));
#7981 = DIRECTION('',(0.,1.,0.));
#7982 = DIRECTION('',(0.,0.,1.));
#7983 = DEFINITIONAL_REPRESENTATION('',(#7984),#7988);
#7984 = LINE('',#7985,#7986);
#7985 = CARTESIAN_POINT('',(0.,0.));
#7986 = VECTOR('',#7987,1.);
#7987 = DIRECTION('',(1.,0.));
#7988 = ( GEOMETRIC_REPRESENTATION_CONTEXT(2) 
PARAMETRIC_REPRESENTATION_CONTEXT() REPRESENTATION_CONTEXT('2D SPACE',''
  ) );
#7989 = ORIENTED_EDGE('',*,*,#7990,.F.);
#7990 = EDGE_CURVE('',#7835,#7963,#7991,.T.);
#7991 = SURFACE_CURVE('',#7992,(#7996,#8002),.PCURVE_S1.);
#7992 = LINE('',#7993,#7994);
#7993 = CARTESIAN_POINT('',(10.75,-5.272510181144,4.4));
#7994 = VECTOR('',#7995,1.);
#7995 = DIRECTION('',(0.,1.,0.));
#7996 = PCURVE('',#7877,#7997);
#7997 = DEFINITIONAL_REPRESENTATION('',(#7998),#8001);
#7998 = B_SPLINE_CURVE_WITH_KNOTS('',1,(#7999,#8000),.UNSPECIFIED.,.F.,
  .F.,(2,2),(4.522510181144,6.622510181144),.PIECEWISE_BEZIER_KNOTS.);
#7999 = CARTESIAN_POINT('',(2.8,0.));
#8000 = CARTESIAN_POINT('',(2.8,-2.1));
#8001 = ( GEOMETRIC_REPRESENTATION_CONTEXT(2) 
PARAMETRIC_REPRESENTATION_CONTEXT() REPRESENTATION_CONTEXT('2D SPACE',''
  ) );
#8002 = PCURVE('',#370,#8003);
#8003 = DEFINITIONAL_REPRESENTATION('',(#8004),#8008);
#8004 = LINE('',#8005,#8006);
#8005 = CARTESIAN_POINT('',(-26.24066680575,4.522510181144));
#8006 = VECTOR('',#8007,1.);
#8007 = DIRECTION('',(0.,1.));
#8008 = ( GEOMETRIC_REPRESENTATION_CONTEXT(2) 
PARAMETRIC_REPRESENTATION_CONTEXT() REPRESENTATION_CONTEXT('2D SPACE',''
  ) );
#8009 = ADVANCED_FACE('',(#8010),#7950,.T.);
#8010 = FACE_BOUND('',#8011,.T.);
#8011 = EDGE_LOOP('',(#8012,#8013,#8034,#8062));
#8012 = ORIENTED_EDGE('',*,*,#7934,.F.);
#8013 = ORIENTED_EDGE('',*,*,#8014,.T.);
#8014 = EDGE_CURVE('',#7914,#8015,#8017,.T.);
#8015 = VERTEX_POINT('',#8016);
#8016 = CARTESIAN_POINT('',(13.25,0.7,1.6));
#8017 = SURFACE_CURVE('',#8018,(#8022,#8028),.PCURVE_S1.);
#8018 = LINE('',#8019,#8020);
#8019 = CARTESIAN_POINT('',(5.075,0.7,1.6));
#8020 = VECTOR('',#8021,1.);
#8021 = DIRECTION('',(1.,0.,0.));
#8022 = PCURVE('',#7950,#8023);
#8023 = DEFINITIONAL_REPRESENTATION('',(#8024),#8027);
#8024 = B_SPLINE_CURVE_WITH_KNOTS('',1,(#8025,#8026),.UNSPECIFIED.,.F.,
  .F.,(2,2),(5.675,8.175),.PIECEWISE_BEZIER_KNOTS.);
#8025 = CARTESIAN_POINT('',(0.,1.45));
#8026 = CARTESIAN_POINT('',(2.5,1.45));
#8027 = ( GEOMETRIC_REPRESENTATION_CONTEXT(2) 
PARAMETRIC_REPRESENTATION_CONTEXT() REPRESENTATION_CONTEXT('2D SPACE',''
  ) );
#8028 = PCURVE('',#2440,#8029);
#8029 = DEFINITIONAL_REPRESENTATION('',(#8030),#8033);
#8030 = B_SPLINE_CURVE_WITH_KNOTS('',1,(#8031,#8032),.UNSPECIFIED.,.F.,
  .F.,(2,2),(5.675,8.175),.PIECEWISE_BEZIER_KNOTS.);
#8031 = CARTESIAN_POINT('',(5.6,11.35));
#8032 = CARTESIAN_POINT('',(5.6,13.85));
#8033 = ( GEOMETRIC_REPRESENTATION_CONTEXT(2) 
PARAMETRIC_REPRESENTATION_CONTEXT() REPRESENTATION_CONTEXT('2D SPACE',''
  ) );
#8034 = ORIENTED_EDGE('',*,*,#8035,.T.);
#8035 = EDGE_CURVE('',#8015,#8036,#8038,.T.);
#8036 = VERTEX_POINT('',#8037);
#8037 = CARTESIAN_POINT('',(13.25,1.35,1.6));
#8038 = SURFACE_CURVE('',#8039,(#8043,#8050),.PCURVE_S1.);
#8039 = LINE('',#8040,#8041);
#8040 = CARTESIAN_POINT('',(13.25,-0.75,1.6));
#8041 = VECTOR('',#8042,1.);
#8042 = DIRECTION('',(0.,1.,0.));
#8043 = PCURVE('',#7950,#8044);
#8044 = DEFINITIONAL_REPRESENTATION('',(#8045),#8049);
#8045 = LINE('',#8046,#8047);
#8046 = CARTESIAN_POINT('',(2.5,0.));
#8047 = VECTOR('',#8048,1.);
#8048 = DIRECTION('',(0.,1.));
#8049 = ( GEOMETRIC_REPRESENTATION_CONTEXT(2) 
PARAMETRIC_REPRESENTATION_CONTEXT() REPRESENTATION_CONTEXT('2D SPACE',''
  ) );
#8050 = PCURVE('',#8051,#8056);
#8051 = PLANE('',#8052);
#8052 = AXIS2_PLACEMENT_3D('',#8053,#8054,#8055);
#8053 = CARTESIAN_POINT('',(13.25,-0.75,1.6));
#8054 = DIRECTION('',(1.,0.,0.));
#8055 = DIRECTION('',(0.,0.,1.));
#8056 = DEFINITIONAL_REPRESENTATION('',(#8057),#8061);
#8057 = LINE('',#8058,#8059);
#8058 = CARTESIAN_POINT('',(0.,0.));
#8059 = VECTOR('',#8060,1.);
#8060 = DIRECTION('',(0.,-1.));
#8061 = ( GEOMETRIC_REPRESENTATION_CONTEXT(2) 
PARAMETRIC_REPRESENTATION_CONTEXT() REPRESENTATION_CONTEXT('2D SPACE',''
  ) );
#8062 = ORIENTED_EDGE('',*,*,#8063,.F.);
#8063 = EDGE_CURVE('',#7935,#8036,#8064,.T.);
#8064 = SURFACE_CURVE('',#8065,(#8069,#8076),.PCURVE_S1.);
#8065 = LINE('',#8066,#8067);
#8066 = CARTESIAN_POINT('',(10.75,1.35,1.6));
#8067 = VECTOR('',#8068,1.);
#8068 = DIRECTION('',(1.,0.,0.));
#8069 = PCURVE('',#7950,#8070);
#8070 = DEFINITIONAL_REPRESENTATION('',(#8071),#8075);
#8071 = LINE('',#8072,#8073);
#8072 = CARTESIAN_POINT('',(0.,2.1));
#8073 = VECTOR('',#8074,1.);
#8074 = DIRECTION('',(1.,0.));
#8075 = ( GEOMETRIC_REPRESENTATION_CONTEXT(2) 
PARAMETRIC_REPRESENTATION_CONTEXT() REPRESENTATION_CONTEXT('2D SPACE',''
  ) );
#8076 = PCURVE('',#7978,#8077);
#8077 = DEFINITIONAL_REPRESENTATION('',(#8078),#8082);
#8078 = LINE('',#8079,#8080);
#8079 = CARTESIAN_POINT('',(0.,0.));
#8080 = VECTOR('',#8081,1.);
#8081 = DIRECTION('',(0.,1.));
#8082 = ( GEOMETRIC_REPRESENTATION_CONTEXT(2) 
PARAMETRIC_REPRESENTATION_CONTEXT() REPRESENTATION_CONTEXT('2D SPACE',''
  ) );
#8083 = ADVANCED_FACE('',(#8084),#8051,.F.);
#8084 = FACE_BOUND('',#8085,.F.);
#8085 = EDGE_LOOP('',(#8086,#8122,#8141,#8142,#8165));
#8086 = ORIENTED_EDGE('',*,*,#8087,.F.);
#8087 = EDGE_CURVE('',#8088,#8090,#8092,.T.);
#8088 = VERTEX_POINT('',#8089);
#8089 = CARTESIAN_POINT('',(13.25,0.7,3.8));
#8090 = VERTEX_POINT('',#8091);
#8091 = CARTESIAN_POINT('',(13.25,0.9,4.4));
#8092 = SURFACE_CURVE('',#8093,(#8099,#8108),.PCURVE_S1.);
#8093 = B_SPLINE_CURVE_WITH_KNOTS('',4,(#8094,#8095,#8096,#8097,#8098),
  .UNSPECIFIED.,.F.,.F.,(5,5),(0.,1.),.PIECEWISE_BEZIER_KNOTS.);
#8094 = CARTESIAN_POINT('',(13.25,0.7,3.8));
#8095 = CARTESIAN_POINT('',(13.25,0.749995156437,3.94998546931));
#8096 = CARTESIAN_POINT('',(13.25,0.799993569883,4.099980709648));
#8097 = CARTESIAN_POINT('',(13.25,0.849995198097,4.249985594291));
#8098 = CARTESIAN_POINT('',(13.25,0.9,4.4));
#8099 = PCURVE('',#8051,#8100);
#8100 = DEFINITIONAL_REPRESENTATION('',(#8101),#8107);
#8101 = B_SPLINE_CURVE_WITH_KNOTS('',4,(#8102,#8103,#8104,#8105,#8106),
  .UNSPECIFIED.,.F.,.F.,(5,5),(0.,1.),.PIECEWISE_BEZIER_KNOTS.);
#8102 = CARTESIAN_POINT('',(2.2,-1.45));
#8103 = CARTESIAN_POINT('',(2.34998546931,-1.499995156437));
#8104 = CARTESIAN_POINT('',(2.499980709648,-1.549993569883));
#8105 = CARTESIAN_POINT('',(2.649985594291,-1.599995198097));
#8106 = CARTESIAN_POINT('',(2.8,-1.65));
#8107 = ( GEOMETRIC_REPRESENTATION_CONTEXT(2) 
PARAMETRIC_REPRESENTATION_CONTEXT() REPRESENTATION_CONTEXT('2D SPACE',''
  ) );
#8108 = PCURVE('',#8109,#8114);
#8109 = B_SPLINE_SURFACE_WITH_KNOTS('',1,1,(
    (#8110,#8111)
    ,(#8112,#8113
    )),.UNSPECIFIED.,.F.,.F.,.F.,(2,2),(2,2),(0.,75.135),(0.,1.),
  .PIECEWISE_BEZIER_KNOTS.);
#8110 = CARTESIAN_POINT('',(73.808,0.6,3.5));
#8111 = CARTESIAN_POINT('',(74.108,0.9,4.4));
#8112 = CARTESIAN_POINT('',(-0.727,0.6,3.5));
#8113 = CARTESIAN_POINT('',(-1.027,0.9,4.4));
#8114 = DEFINITIONAL_REPRESENTATION('',(#8115),#8121);
#8115 = B_SPLINE_CURVE_WITH_KNOTS('',4,(#8116,#8117,#8118,#8119,#8120),
  .UNSPECIFIED.,.F.,.F.,(5,5),(0.,1.),.PIECEWISE_BEZIER_KNOTS.);
#8116 = CARTESIAN_POINT('',(60.982656453135,0.333333333333));
#8117 = CARTESIAN_POINT('',(60.951328577043,0.499983854789));
#8118 = CARTESIAN_POINT('',(60.920110431432,0.666645232942));
#8119 = CARTESIAN_POINT('',(60.889001180241,0.83331732699));
#8120 = CARTESIAN_POINT('',(60.858,1.));
#8121 = ( GEOMETRIC_REPRESENTATION_CONTEXT(2) 
PARAMETRIC_REPRESENTATION_CONTEXT() REPRESENTATION_CONTEXT('2D SPACE',''
  ) );
#8122 = ORIENTED_EDGE('',*,*,#8123,.T.);
#8123 = EDGE_CURVE('',#8088,#8015,#8124,.T.);
#8124 = SURFACE_CURVE('',#8125,(#8129,#8135),.PCURVE_S1.);
#8125 = LINE('',#8126,#8127);
#8126 = CARTESIAN_POINT('',(13.25,0.7,-1.2));
#8127 = VECTOR('',#8128,1.);
#8128 = DIRECTION('',(0.,0.,-1.));
#8129 = PCURVE('',#8051,#8130);
#8130 = DEFINITIONAL_REPRESENTATION('',(#8131),#8134);
#8131 = B_SPLINE_CURVE_WITH_KNOTS('',1,(#8132,#8133),.UNSPECIFIED.,.F.,
  .F.,(2,2),(-5.6,-2.8),.PIECEWISE_BEZIER_KNOTS.);
#8132 = CARTESIAN_POINT('',(2.8,-1.45));
#8133 = CARTESIAN_POINT('',(0.,-1.45));
#8134 = ( GEOMETRIC_REPRESENTATION_CONTEXT(2) 
PARAMETRIC_REPRESENTATION_CONTEXT() REPRESENTATION_CONTEXT('2D SPACE',''
  ) );
#8135 = PCURVE('',#2440,#8136);
#8136 = DEFINITIONAL_REPRESENTATION('',(#8137),#8140);
#8137 = B_SPLINE_CURVE_WITH_KNOTS('',1,(#8138,#8139),.UNSPECIFIED.,.F.,
  .F.,(2,2),(-5.6,-2.8),.PIECEWISE_BEZIER_KNOTS.);
#8138 = CARTESIAN_POINT('',(8.4,13.85));
#8139 = CARTESIAN_POINT('',(5.6,13.85));
#8140 = ( GEOMETRIC_REPRESENTATION_CONTEXT(2) 
PARAMETRIC_REPRESENTATION_CONTEXT() REPRESENTATION_CONTEXT('2D SPACE',''
  ) );
#8141 = ORIENTED_EDGE('',*,*,#8035,.T.);
#8142 = ORIENTED_EDGE('',*,*,#8143,.T.);
#8143 = EDGE_CURVE('',#8036,#8144,#8146,.T.);
#8144 = VERTEX_POINT('',#8145);
#8145 = CARTESIAN_POINT('',(13.25,1.35,4.4));
#8146 = SURFACE_CURVE('',#8147,(#8151,#8158),.PCURVE_S1.);
#8147 = LINE('',#8148,#8149);
#8148 = CARTESIAN_POINT('',(13.25,1.35,1.6));
#8149 = VECTOR('',#8150,1.);
#8150 = DIRECTION('',(0.,0.,1.));
#8151 = PCURVE('',#8051,#8152);
#8152 = DEFINITIONAL_REPRESENTATION('',(#8153),#8157);
#8153 = LINE('',#8154,#8155);
#8154 = CARTESIAN_POINT('',(0.,-2.1));
#8155 = VECTOR('',#8156,1.);
#8156 = DIRECTION('',(1.,0.));
#8157 = ( GEOMETRIC_REPRESENTATION_CONTEXT(2) 
PARAMETRIC_REPRESENTATION_CONTEXT() REPRESENTATION_CONTEXT('2D SPACE',''
  ) );
#8158 = PCURVE('',#7978,#8159);
#8159 = DEFINITIONAL_REPRESENTATION('',(#8160),#8164);
#8160 = LINE('',#8161,#8162);
#8161 = CARTESIAN_POINT('',(0.,2.5));
#8162 = VECTOR('',#8163,1.);
#8163 = DIRECTION('',(1.,0.));
#8164 = ( GEOMETRIC_REPRESENTATION_CONTEXT(2) 
PARAMETRIC_REPRESENTATION_CONTEXT() REPRESENTATION_CONTEXT('2D SPACE',''
  ) );
#8165 = ORIENTED_EDGE('',*,*,#8166,.F.);
#8166 = EDGE_CURVE('',#8090,#8144,#8167,.T.);
#8167 = SURFACE_CURVE('',#8168,(#8172,#8178),.PCURVE_S1.);
#8168 = LINE('',#8169,#8170);
#8169 = CARTESIAN_POINT('',(13.25,-5.272510181144,4.4));
#8170 = VECTOR('',#8171,1.);
#8171 = DIRECTION('',(0.,1.,0.));
#8172 = PCURVE('',#8051,#8173);
#8173 = DEFINITIONAL_REPRESENTATION('',(#8174),#8177);
#8174 = B_SPLINE_CURVE_WITH_KNOTS('',1,(#8175,#8176),.UNSPECIFIED.,.F.,
  .F.,(2,2),(4.522510181144,6.622510181144),.PIECEWISE_BEZIER_KNOTS.);
#8175 = CARTESIAN_POINT('',(2.8,0.));
#8176 = CARTESIAN_POINT('',(2.8,-2.1));
#8177 = ( GEOMETRIC_REPRESENTATION_CONTEXT(2) 
PARAMETRIC_REPRESENTATION_CONTEXT() REPRESENTATION_CONTEXT('2D SPACE',''
  ) );
#8178 = PCURVE('',#370,#8179);
#8179 = DEFINITIONAL_REPRESENTATION('',(#8180),#8184);
#8180 = LINE('',#8181,#8182);
#8181 = CARTESIAN_POINT('',(-23.74066680575,4.522510181144));
#8182 = VECTOR('',#8183,1.);
#8183 = DIRECTION('',(0.,1.));
#8184 = ( GEOMETRIC_REPRESENTATION_CONTEXT(2) 
PARAMETRIC_REPRESENTATION_CONTEXT() REPRESENTATION_CONTEXT('2D SPACE',''
  ) );
#8185 = ADVANCED_FACE('',(#8186),#8109,.F.);
#8186 = FACE_BOUND('',#8187,.F.);
#8187 = EDGE_LOOP('',(#8188,#8213,#8247,#8265,#8266,#8289));
#8188 = ORIENTED_EDGE('',*,*,#8189,.F.);
#8189 = EDGE_CURVE('',#8190,#8192,#8194,.T.);
#8190 = VERTEX_POINT('',#8191);
#8191 = CARTESIAN_POINT('',(43.75,0.9,4.4));
#8192 = VERTEX_POINT('',#8193);
#8193 = CARTESIAN_POINT('',(39.,0.9,4.4));
#8194 = SURFACE_CURVE('',#8195,(#8199,#8206),.PCURVE_S1.);
#8195 = LINE('',#8196,#8197);
#8196 = CARTESIAN_POINT('',(74.108,0.9,4.4));
#8197 = VECTOR('',#8198,1.);
#8198 = DIRECTION('',(-1.,0.,0.));
#8199 = PCURVE('',#8109,#8200);
#8200 = DEFINITIONAL_REPRESENTATION('',(#8201),#8205);
#8201 = LINE('',#8202,#8203);
#8202 = CARTESIAN_POINT('',(0.,1.));
#8203 = VECTOR('',#8204,1.);
#8204 = DIRECTION('',(1.,0.));
#8205 = ( GEOMETRIC_REPRESENTATION_CONTEXT(2) 
PARAMETRIC_REPRESENTATION_CONTEXT() REPRESENTATION_CONTEXT('2D SPACE',''
  ) );
#8206 = PCURVE('',#370,#8207);
#8207 = DEFINITIONAL_REPRESENTATION('',(#8208),#8212);
#8208 = LINE('',#8209,#8210);
#8209 = CARTESIAN_POINT('',(37.117333194243,10.695020362289));
#8210 = VECTOR('',#8211,1.);
#8211 = DIRECTION('',(-1.,0.));
#8212 = ( GEOMETRIC_REPRESENTATION_CONTEXT(2) 
PARAMETRIC_REPRESENTATION_CONTEXT() REPRESENTATION_CONTEXT('2D SPACE',''
  ) );
#8213 = ORIENTED_EDGE('',*,*,#8214,.F.);
#8214 = EDGE_CURVE('',#8215,#8190,#8217,.T.);
#8215 = VERTEX_POINT('',#8216);
#8216 = CARTESIAN_POINT('',(43.75,0.7,3.8));
#8217 = SURFACE_CURVE('',#8218,(#8224,#8233),.PCURVE_S1.);
#8218 = B_SPLINE_CURVE_WITH_KNOTS('',4,(#8219,#8220,#8221,#8222,#8223),
  .UNSPECIFIED.,.F.,.F.,(5,5),(0.,1.),.PIECEWISE_BEZIER_KNOTS.);
#8219 = CARTESIAN_POINT('',(43.75,0.7,3.8));
#8220 = CARTESIAN_POINT('',(43.75,0.74999952813,3.94999858439));
#8221 = CARTESIAN_POINT('',(43.75,0.799999373639,4.099998120916));
#8222 = CARTESIAN_POINT('',(43.75,0.849999532297,4.249998596891));
#8223 = CARTESIAN_POINT('',(43.75,0.9,4.4));
#8224 = PCURVE('',#8109,#8225);
#8225 = DEFINITIONAL_REPRESENTATION('',(#8226),#8232);
#8226 = B_SPLINE_CURVE_WITH_KNOTS('',4,(#8227,#8228,#8229,#8230,#8231),
  .UNSPECIFIED.,.F.,.F.,(5,5),(0.,1.),.PIECEWISE_BEZIER_KNOTS.);
#8227 = CARTESIAN_POINT('',(30.31941299247,0.333333333333));
#8228 = CARTESIAN_POINT('',(30.329111284575,0.4999984271));
#8229 = CARTESIAN_POINT('',(30.338775033711,0.666664578795));
#8230 = CARTESIAN_POINT('',(30.348404515288,0.833331774323));
#8231 = CARTESIAN_POINT('',(30.358,1.));
#8232 = ( GEOMETRIC_REPRESENTATION_CONTEXT(2) 
PARAMETRIC_REPRESENTATION_CONTEXT() REPRESENTATION_CONTEXT('2D SPACE',''
  ) );
#8233 = PCURVE('',#8234,#8239);
#8234 = PLANE('',#8235);
#8235 = AXIS2_PLACEMENT_3D('',#8236,#8237,#8238);
#8236 = CARTESIAN_POINT('',(43.75,-0.75,1.6));
#8237 = DIRECTION('',(1.,0.,0.));
#8238 = DIRECTION('',(0.,0.,1.));
#8239 = DEFINITIONAL_REPRESENTATION('',(#8240),#8246);
#8240 = B_SPLINE_CURVE_WITH_KNOTS('',4,(#8241,#8242,#8243,#8244,#8245),
  .UNSPECIFIED.,.F.,.F.,(5,5),(0.,1.),.PIECEWISE_BEZIER_KNOTS.);
#8241 = CARTESIAN_POINT('',(2.2,-1.45));
#8242 = CARTESIAN_POINT('',(2.34999858439,-1.49999952813));
#8243 = CARTESIAN_POINT('',(2.499998120916,-1.549999373639));
#8244 = CARTESIAN_POINT('',(2.649998596891,-1.599999532297));
#8245 = CARTESIAN_POINT('',(2.8,-1.65));
#8246 = ( GEOMETRIC_REPRESENTATION_CONTEXT(2) 
PARAMETRIC_REPRESENTATION_CONTEXT() REPRESENTATION_CONTEXT('2D SPACE',''
  ) );
#8247 = ORIENTED_EDGE('',*,*,#8248,.F.);
#8248 = EDGE_CURVE('',#8088,#8215,#8249,.T.);
#8249 = SURFACE_CURVE('',#8250,(#8253,#8259),.PCURVE_S1.);
#8250 = B_SPLINE_CURVE_WITH_KNOTS('',1,(#8251,#8252),.UNSPECIFIED.,.F.,
  .F.,(2,2),(0.,1.),.PIECEWISE_BEZIER_KNOTS.);
#8251 = CARTESIAN_POINT('',(-0.6,0.7,3.8));
#8252 = CARTESIAN_POINT('',(66.282443596268,0.7,3.8));
#8253 = PCURVE('',#8109,#8254);
#8254 = DEFINITIONAL_REPRESENTATION('',(#8255),#8258);
#8255 = B_SPLINE_CURVE_WITH_KNOTS('',1,(#8256,#8257),.UNSPECIFIED.,.F.,
  .F.,(2,2),(0.,1.),.PIECEWISE_BEZIER_KNOTS.);
#8256 = CARTESIAN_POINT('',(74.906785040476,0.333333333333));
#8257 = CARTESIAN_POINT('',(7.666370246797,0.333333333333));
#8258 = ( GEOMETRIC_REPRESENTATION_CONTEXT(2) 
PARAMETRIC_REPRESENTATION_CONTEXT() REPRESENTATION_CONTEXT('2D SPACE',''
  ) );
#8259 = PCURVE('',#2440,#8260);
#8260 = DEFINITIONAL_REPRESENTATION('',(#8261),#8264);
#8261 = B_SPLINE_CURVE_WITH_KNOTS('',1,(#8262,#8263),.UNSPECIFIED.,.F.,
  .F.,(2,2),(0.,1.),.PIECEWISE_BEZIER_KNOTS.);
#8262 = CARTESIAN_POINT('',(7.8,0.));
#8263 = CARTESIAN_POINT('',(7.8,66.882443596268));
#8264 = ( GEOMETRIC_REPRESENTATION_CONTEXT(2) 
PARAMETRIC_REPRESENTATION_CONTEXT() REPRESENTATION_CONTEXT('2D SPACE',''
  ) );
#8265 = ORIENTED_EDGE('',*,*,#8087,.T.);
#8266 = ORIENTED_EDGE('',*,*,#8267,.F.);
#8267 = EDGE_CURVE('',#8268,#8090,#8270,.T.);
#8268 = VERTEX_POINT('',#8269);
#8269 = CARTESIAN_POINT('',(29.,0.9,4.4));
#8270 = SURFACE_CURVE('',#8271,(#8275,#8282),.PCURVE_S1.);
#8271 = LINE('',#8272,#8273);
#8272 = CARTESIAN_POINT('',(74.108,0.9,4.4));
#8273 = VECTOR('',#8274,1.);
#8274 = DIRECTION('',(-1.,0.,0.));
#8275 = PCURVE('',#8109,#8276);
#8276 = DEFINITIONAL_REPRESENTATION('',(#8277),#8281);
#8277 = LINE('',#8278,#8279);
#8278 = CARTESIAN_POINT('',(0.,1.));
#8279 = VECTOR('',#8280,1.);
#8280 = DIRECTION('',(1.,0.));
#8281 = ( GEOMETRIC_REPRESENTATION_CONTEXT(2) 
PARAMETRIC_REPRESENTATION_CONTEXT() REPRESENTATION_CONTEXT('2D SPACE',''
  ) );
#8282 = PCURVE('',#370,#8283);
#8283 = DEFINITIONAL_REPRESENTATION('',(#8284),#8288);
#8284 = LINE('',#8285,#8286);
#8285 = CARTESIAN_POINT('',(37.117333194243,10.695020362289));
#8286 = VECTOR('',#8287,1.);
#8287 = DIRECTION('',(-1.,0.));
#8288 = ( GEOMETRIC_REPRESENTATION_CONTEXT(2) 
PARAMETRIC_REPRESENTATION_CONTEXT() REPRESENTATION_CONTEXT('2D SPACE',''
  ) );
#8289 = ORIENTED_EDGE('',*,*,#8290,.F.);
#8290 = EDGE_CURVE('',#8192,#8268,#8291,.T.);
#8291 = SURFACE_CURVE('',#8292,(#8296,#8303),.PCURVE_S1.);
#8292 = LINE('',#8293,#8294);
#8293 = CARTESIAN_POINT('',(74.108,0.9,4.4));
#8294 = VECTOR('',#8295,1.);
#8295 = DIRECTION('',(-1.,0.,0.));
#8296 = PCURVE('',#8109,#8297);
#8297 = DEFINITIONAL_REPRESENTATION('',(#8298),#8302);
#8298 = LINE('',#8299,#8300);
#8299 = CARTESIAN_POINT('',(0.,1.));
#8300 = VECTOR('',#8301,1.);
#8301 = DIRECTION('',(1.,0.));
#8302 = ( GEOMETRIC_REPRESENTATION_CONTEXT(2) 
PARAMETRIC_REPRESENTATION_CONTEXT() REPRESENTATION_CONTEXT('2D SPACE',''
  ) );
#8303 = PCURVE('',#8304,#8309);
#8304 = PLANE('',#8305);
#8305 = AXIS2_PLACEMENT_3D('',#8306,#8307,#8308);
#8306 = CARTESIAN_POINT('',(-1.027,-22.137,4.4));
#8307 = DIRECTION('',(0.,0.,-1.));
#8308 = DIRECTION('',(0.956069900753,0.29313878091,0.));
#8309 = DEFINITIONAL_REPRESENTATION('',(#8310),#8314);
#8310 = LINE('',#8311,#8312);
#8311 = CARTESIAN_POINT('',(78.58735008893,0.));
#8312 = VECTOR('',#8313,1.);
#8313 = DIRECTION('',(-0.956069900753,-0.29313878091));
#8314 = ( GEOMETRIC_REPRESENTATION_CONTEXT(2) 
PARAMETRIC_REPRESENTATION_CONTEXT() REPRESENTATION_CONTEXT('2D SPACE',''
  ) );
#8315 = ADVANCED_FACE('',(#8316),#8234,.T.);
#8316 = FACE_BOUND('',#8317,.T.);
#8317 = EDGE_LOOP('',(#8318,#8319,#8340,#8368,#8396));
#8318 = ORIENTED_EDGE('',*,*,#8214,.F.);
#8319 = ORIENTED_EDGE('',*,*,#8320,.T.);
#8320 = EDGE_CURVE('',#8215,#8321,#8323,.T.);
#8321 = VERTEX_POINT('',#8322);
#8322 = CARTESIAN_POINT('',(43.75,0.7,1.6));
#8323 = SURFACE_CURVE('',#8324,(#8328,#8334),.PCURVE_S1.);
#8324 = LINE('',#8325,#8326);
#8325 = CARTESIAN_POINT('',(43.75,0.7,-1.2));
#8326 = VECTOR('',#8327,1.);
#8327 = DIRECTION('',(0.,0.,-1.));
#8328 = PCURVE('',#8234,#8329);
#8329 = DEFINITIONAL_REPRESENTATION('',(#8330),#8333);
#8330 = B_SPLINE_CURVE_WITH_KNOTS('',1,(#8331,#8332),.UNSPECIFIED.,.F.,
  .F.,(2,2),(-5.6,-2.8),.PIECEWISE_BEZIER_KNOTS.);
#8331 = CARTESIAN_POINT('',(2.8,-1.45));
#8332 = CARTESIAN_POINT('',(0.,-1.45));
#8333 = ( GEOMETRIC_REPRESENTATION_CONTEXT(2) 
PARAMETRIC_REPRESENTATION_CONTEXT() REPRESENTATION_CONTEXT('2D SPACE',''
  ) );
#8334 = PCURVE('',#2440,#8335);
#8335 = DEFINITIONAL_REPRESENTATION('',(#8336),#8339);
#8336 = B_SPLINE_CURVE_WITH_KNOTS('',1,(#8337,#8338),.UNSPECIFIED.,.F.,
  .F.,(2,2),(-5.6,-2.8),.PIECEWISE_BEZIER_KNOTS.);
#8337 = CARTESIAN_POINT('',(8.4,44.35));
#8338 = CARTESIAN_POINT('',(5.6,44.35));
#8339 = ( GEOMETRIC_REPRESENTATION_CONTEXT(2) 
PARAMETRIC_REPRESENTATION_CONTEXT() REPRESENTATION_CONTEXT('2D SPACE',''
  ) );
#8340 = ORIENTED_EDGE('',*,*,#8341,.T.);
#8341 = EDGE_CURVE('',#8321,#8342,#8344,.T.);
#8342 = VERTEX_POINT('',#8343);
#8343 = CARTESIAN_POINT('',(43.75,1.35,1.6));
#8344 = SURFACE_CURVE('',#8345,(#8349,#8356),.PCURVE_S1.);
#8345 = LINE('',#8346,#8347);
#8346 = CARTESIAN_POINT('',(43.75,-0.75,1.6));
#8347 = VECTOR('',#8348,1.);
#8348 = DIRECTION('',(0.,1.,0.));
#8349 = PCURVE('',#8234,#8350);
#8350 = DEFINITIONAL_REPRESENTATION('',(#8351),#8355);
#8351 = LINE('',#8352,#8353);
#8352 = CARTESIAN_POINT('',(0.,0.));
#8353 = VECTOR('',#8354,1.);
#8354 = DIRECTION('',(0.,-1.));
#8355 = ( GEOMETRIC_REPRESENTATION_CONTEXT(2) 
PARAMETRIC_REPRESENTATION_CONTEXT() REPRESENTATION_CONTEXT('2D SPACE',''
  ) );
#8356 = PCURVE('',#8357,#8362);
#8357 = PLANE('',#8358);
#8358 = AXIS2_PLACEMENT_3D('',#8359,#8360,#8361);
#8359 = CARTESIAN_POINT('',(43.75,-0.75,1.6));
#8360 = DIRECTION('',(0.,0.,1.));
#8361 = DIRECTION('',(1.,0.,0.));
#8362 = DEFINITIONAL_REPRESENTATION('',(#8363),#8367);
#8363 = LINE('',#8364,#8365);
#8364 = CARTESIAN_POINT('',(0.,0.));
#8365 = VECTOR('',#8366,1.);
#8366 = DIRECTION('',(0.,1.));
#8367 = ( GEOMETRIC_REPRESENTATION_CONTEXT(2) 
PARAMETRIC_REPRESENTATION_CONTEXT() REPRESENTATION_CONTEXT('2D SPACE',''
  ) );
#8368 = ORIENTED_EDGE('',*,*,#8369,.T.);
#8369 = EDGE_CURVE('',#8342,#8370,#8372,.T.);
#8370 = VERTEX_POINT('',#8371);
#8371 = CARTESIAN_POINT('',(43.75,1.35,4.4));
#8372 = SURFACE_CURVE('',#8373,(#8377,#8384),.PCURVE_S1.);
#8373 = LINE('',#8374,#8375);
#8374 = CARTESIAN_POINT('',(43.75,1.35,1.6));
#8375 = VECTOR('',#8376,1.);
#8376 = DIRECTION('',(0.,0.,1.));
#8377 = PCURVE('',#8234,#8378);
#8378 = DEFINITIONAL_REPRESENTATION('',(#8379),#8383);
#8379 = LINE('',#8380,#8381);
#8380 = CARTESIAN_POINT('',(0.,-2.1));
#8381 = VECTOR('',#8382,1.);
#8382 = DIRECTION('',(1.,0.));
#8383 = ( GEOMETRIC_REPRESENTATION_CONTEXT(2) 
PARAMETRIC_REPRESENTATION_CONTEXT() REPRESENTATION_CONTEXT('2D SPACE',''
  ) );
#8384 = PCURVE('',#8385,#8390);
#8385 = PLANE('',#8386);
#8386 = AXIS2_PLACEMENT_3D('',#8387,#8388,#8389);
#8387 = CARTESIAN_POINT('',(43.75,1.35,1.6));
#8388 = DIRECTION('',(0.,1.,0.));
#8389 = DIRECTION('',(0.,0.,1.));
#8390 = DEFINITIONAL_REPRESENTATION('',(#8391),#8395);
#8391 = LINE('',#8392,#8393);
#8392 = CARTESIAN_POINT('',(0.,0.));
#8393 = VECTOR('',#8394,1.);
#8394 = DIRECTION('',(1.,0.));
#8395 = ( GEOMETRIC_REPRESENTATION_CONTEXT(2) 
PARAMETRIC_REPRESENTATION_CONTEXT() REPRESENTATION_CONTEXT('2D SPACE',''
  ) );
#8396 = ORIENTED_EDGE('',*,*,#8397,.F.);
#8397 = EDGE_CURVE('',#8190,#8370,#8398,.T.);
#8398 = SURFACE_CURVE('',#8399,(#8403,#8409),.PCURVE_S1.);
#8399 = LINE('',#8400,#8401);
#8400 = CARTESIAN_POINT('',(43.75,-5.272510181144,4.4));
#8401 = VECTOR('',#8402,1.);
#8402 = DIRECTION('',(0.,1.,0.));
#8403 = PCURVE('',#8234,#8404);
#8404 = DEFINITIONAL_REPRESENTATION('',(#8405),#8408);
#8405 = B_SPLINE_CURVE_WITH_KNOTS('',1,(#8406,#8407),.UNSPECIFIED.,.F.,
  .F.,(2,2),(4.522510181144,6.622510181144),.PIECEWISE_BEZIER_KNOTS.);
#8406 = CARTESIAN_POINT('',(2.8,0.));
#8407 = CARTESIAN_POINT('',(2.8,-2.1));
#8408 = ( GEOMETRIC_REPRESENTATION_CONTEXT(2) 
PARAMETRIC_REPRESENTATION_CONTEXT() REPRESENTATION_CONTEXT('2D SPACE',''
  ) );
#8409 = PCURVE('',#370,#8410);
#8410 = DEFINITIONAL_REPRESENTATION('',(#8411),#8415);
#8411 = LINE('',#8412,#8413);
#8412 = CARTESIAN_POINT('',(6.759333194243,4.522510181144));
#8413 = VECTOR('',#8414,1.);
#8414 = DIRECTION('',(0.,1.));
#8415 = ( GEOMETRIC_REPRESENTATION_CONTEXT(2) 
PARAMETRIC_REPRESENTATION_CONTEXT() REPRESENTATION_CONTEXT('2D SPACE',''
  ) );
#8416 = ADVANCED_FACE('',(#8417),#8357,.T.);
#8417 = FACE_BOUND('',#8418,.T.);
#8418 = EDGE_LOOP('',(#8419,#8420,#8441,#8469));
#8419 = ORIENTED_EDGE('',*,*,#8341,.F.);
#8420 = ORIENTED_EDGE('',*,*,#8421,.T.);
#8421 = EDGE_CURVE('',#8321,#8422,#8424,.T.);
#8422 = VERTEX_POINT('',#8423);
#8423 = CARTESIAN_POINT('',(46.25,0.7,1.6));
#8424 = SURFACE_CURVE('',#8425,(#8429,#8435),.PCURVE_S1.);
#8425 = LINE('',#8426,#8427);
#8426 = CARTESIAN_POINT('',(21.575,0.7,1.6));
#8427 = VECTOR('',#8428,1.);
#8428 = DIRECTION('',(1.,0.,0.));
#8429 = PCURVE('',#8357,#8430);
#8430 = DEFINITIONAL_REPRESENTATION('',(#8431),#8434);
#8431 = B_SPLINE_CURVE_WITH_KNOTS('',1,(#8432,#8433),.UNSPECIFIED.,.F.,
  .F.,(2,2),(22.175,24.675),.PIECEWISE_BEZIER_KNOTS.);
#8432 = CARTESIAN_POINT('',(0.,1.45));
#8433 = CARTESIAN_POINT('',(2.5,1.45));
#8434 = ( GEOMETRIC_REPRESENTATION_CONTEXT(2) 
PARAMETRIC_REPRESENTATION_CONTEXT() REPRESENTATION_CONTEXT('2D SPACE',''
  ) );
#8435 = PCURVE('',#2440,#8436);
#8436 = DEFINITIONAL_REPRESENTATION('',(#8437),#8440);
#8437 = B_SPLINE_CURVE_WITH_KNOTS('',1,(#8438,#8439),.UNSPECIFIED.,.F.,
  .F.,(2,2),(22.175,24.675),.PIECEWISE_BEZIER_KNOTS.);
#8438 = CARTESIAN_POINT('',(5.6,44.35));
#8439 = CARTESIAN_POINT('',(5.6,46.85));
#8440 = ( GEOMETRIC_REPRESENTATION_CONTEXT(2) 
PARAMETRIC_REPRESENTATION_CONTEXT() REPRESENTATION_CONTEXT('2D SPACE',''
  ) );
#8441 = ORIENTED_EDGE('',*,*,#8442,.T.);
#8442 = EDGE_CURVE('',#8422,#8443,#8445,.T.);
#8443 = VERTEX_POINT('',#8444);
#8444 = CARTESIAN_POINT('',(46.25,1.35,1.6));
#8445 = SURFACE_CURVE('',#8446,(#8450,#8457),.PCURVE_S1.);
#8446 = LINE('',#8447,#8448);
#8447 = CARTESIAN_POINT('',(46.25,-0.75,1.6));
#8448 = VECTOR('',#8449,1.);
#8449 = DIRECTION('',(0.,1.,0.));
#8450 = PCURVE('',#8357,#8451);
#8451 = DEFINITIONAL_REPRESENTATION('',(#8452),#8456);
#8452 = LINE('',#8453,#8454);
#8453 = CARTESIAN_POINT('',(2.5,0.));
#8454 = VECTOR('',#8455,1.);
#8455 = DIRECTION('',(0.,1.));
#8456 = ( GEOMETRIC_REPRESENTATION_CONTEXT(2) 
PARAMETRIC_REPRESENTATION_CONTEXT() REPRESENTATION_CONTEXT('2D SPACE',''
  ) );
#8457 = PCURVE('',#8458,#8463);
#8458 = PLANE('',#8459);
#8459 = AXIS2_PLACEMENT_3D('',#8460,#8461,#8462);
#8460 = CARTESIAN_POINT('',(46.25,-0.75,1.6));
#8461 = DIRECTION('',(1.,0.,0.));
#8462 = DIRECTION('',(0.,0.,1.));
#8463 = DEFINITIONAL_REPRESENTATION('',(#8464),#8468);
#8464 = LINE('',#8465,#8466);
#8465 = CARTESIAN_POINT('',(0.,0.));
#8466 = VECTOR('',#8467,1.);
#8467 = DIRECTION('',(0.,-1.));
#8468 = ( GEOMETRIC_REPRESENTATION_CONTEXT(2) 
PARAMETRIC_REPRESENTATION_CONTEXT() REPRESENTATION_CONTEXT('2D SPACE',''
  ) );
#8469 = ORIENTED_EDGE('',*,*,#8470,.F.);
#8470 = EDGE_CURVE('',#8342,#8443,#8471,.T.);
#8471 = SURFACE_CURVE('',#8472,(#8476,#8483),.PCURVE_S1.);
#8472 = LINE('',#8473,#8474);
#8473 = CARTESIAN_POINT('',(43.75,1.35,1.6));
#8474 = VECTOR('',#8475,1.);
#8475 = DIRECTION('',(1.,0.,0.));
#8476 = PCURVE('',#8357,#8477);
#8477 = DEFINITIONAL_REPRESENTATION('',(#8478),#8482);
#8478 = LINE('',#8479,#8480);
#8479 = CARTESIAN_POINT('',(0.,2.1));
#8480 = VECTOR('',#8481,1.);
#8481 = DIRECTION('',(1.,0.));
#8482 = ( GEOMETRIC_REPRESENTATION_CONTEXT(2) 
PARAMETRIC_REPRESENTATION_CONTEXT() REPRESENTATION_CONTEXT('2D SPACE',''
  ) );
#8483 = PCURVE('',#8385,#8484);
#8484 = DEFINITIONAL_REPRESENTATION('',(#8485),#8489);
#8485 = LINE('',#8486,#8487);
#8486 = CARTESIAN_POINT('',(0.,0.));
#8487 = VECTOR('',#8488,1.);
#8488 = DIRECTION('',(0.,1.));
#8489 = ( GEOMETRIC_REPRESENTATION_CONTEXT(2) 
PARAMETRIC_REPRESENTATION_CONTEXT() REPRESENTATION_CONTEXT('2D SPACE',''
  ) );
#8490 = ADVANCED_FACE('',(#8491),#8458,.F.);
#8491 = FACE_BOUND('',#8492,.F.);
#8492 = EDGE_LOOP('',(#8493,#8529,#8548,#8549,#8572));
#8493 = ORIENTED_EDGE('',*,*,#8494,.F.);
#8494 = EDGE_CURVE('',#8495,#8497,#8499,.T.);
#8495 = VERTEX_POINT('',#8496);
#8496 = CARTESIAN_POINT('',(46.25,0.7,3.8));
#8497 = VERTEX_POINT('',#8498);
#8498 = CARTESIAN_POINT('',(46.25,0.9,4.4));
#8499 = SURFACE_CURVE('',#8500,(#8506,#8515),.PCURVE_S1.);
#8500 = B_SPLINE_CURVE_WITH_KNOTS('',4,(#8501,#8502,#8503,#8504,#8505),
  .UNSPECIFIED.,.F.,.F.,(5,5),(0.,1.),.PIECEWISE_BEZIER_KNOTS.);
#8501 = CARTESIAN_POINT('',(46.25,0.7,3.8));
#8502 = CARTESIAN_POINT('',(46.25,0.749999145367,3.949997436101));
#8503 = CARTESIAN_POINT('',(46.25,0.799998865546,4.099996596637));
#8504 = CARTESIAN_POINT('',(46.25,0.849999152897,4.24999745869));
#8505 = CARTESIAN_POINT('',(46.25,0.9,4.4));
#8506 = PCURVE('',#8458,#8507);
#8507 = DEFINITIONAL_REPRESENTATION('',(#8508),#8514);
#8508 = B_SPLINE_CURVE_WITH_KNOTS('',4,(#8509,#8510,#8511,#8512,#8513),
  .UNSPECIFIED.,.F.,.F.,(5,5),(0.,1.),.PIECEWISE_BEZIER_KNOTS.);
#8509 = CARTESIAN_POINT('',(2.2,-1.45));
#8510 = CARTESIAN_POINT('',(2.349997436101,-1.499999145367));
#8511 = CARTESIAN_POINT('',(2.499996596637,-1.549998865546));
#8512 = CARTESIAN_POINT('',(2.64999745869,-1.599999152897));
#8513 = CARTESIAN_POINT('',(2.8,-1.65));
#8514 = ( GEOMETRIC_REPRESENTATION_CONTEXT(2) 
PARAMETRIC_REPRESENTATION_CONTEXT() REPRESENTATION_CONTEXT('2D SPACE',''
  ) );
#8515 = PCURVE('',#8516,#8521);
#8516 = B_SPLINE_SURFACE_WITH_KNOTS('',1,1,(
    (#8517,#8518)
    ,(#8519,#8520
    )),.UNSPECIFIED.,.F.,.F.,.F.,(2,2),(2,2),(0.,75.135),(0.,1.),
  .PIECEWISE_BEZIER_KNOTS.);
#8517 = CARTESIAN_POINT('',(73.808,0.6,3.5));
#8518 = CARTESIAN_POINT('',(74.108,0.9,4.4));
#8519 = CARTESIAN_POINT('',(-0.727,0.6,3.5));
#8520 = CARTESIAN_POINT('',(-1.027,0.9,4.4));
#8521 = DEFINITIONAL_REPRESENTATION('',(#8522),#8528);
#8522 = B_SPLINE_CURVE_WITH_KNOTS('',4,(#8523,#8524,#8525,#8526,#8527),
  .UNSPECIFIED.,.F.,.F.,(5,5),(0.,1.),.PIECEWISE_BEZIER_KNOTS.);
#8523 = CARTESIAN_POINT('',(27.80603238094,0.333333333333));
#8524 = CARTESIAN_POINT('',(27.819093598267,0.499997151223));
#8525 = CARTESIAN_POINT('',(27.832108362309,0.666662885153));
#8526 = CARTESIAN_POINT('',(27.845077041992,0.833330509656));
#8527 = CARTESIAN_POINT('',(27.858,1.));
#8528 = ( GEOMETRIC_REPRESENTATION_CONTEXT(2) 
PARAMETRIC_REPRESENTATION_CONTEXT() REPRESENTATION_CONTEXT('2D SPACE',''
  ) );
#8529 = ORIENTED_EDGE('',*,*,#8530,.T.);
#8530 = EDGE_CURVE('',#8495,#8422,#8531,.T.);
#8531 = SURFACE_CURVE('',#8532,(#8536,#8542),.PCURVE_S1.);
#8532 = LINE('',#8533,#8534);
#8533 = CARTESIAN_POINT('',(46.25,0.7,-1.2));
#8534 = VECTOR('',#8535,1.);
#8535 = DIRECTION('',(0.,0.,-1.));
#8536 = PCURVE('',#8458,#8537);
#8537 = DEFINITIONAL_REPRESENTATION('',(#8538),#8541);
#8538 = B_SPLINE_CURVE_WITH_KNOTS('',1,(#8539,#8540),.UNSPECIFIED.,.F.,
  .F.,(2,2),(-5.6,-2.8),.PIECEWISE_BEZIER_KNOTS.);
#8539 = CARTESIAN_POINT('',(2.8,-1.45));
#8540 = CARTESIAN_POINT('',(0.,-1.45));
#8541 = ( GEOMETRIC_REPRESENTATION_CONTEXT(2) 
PARAMETRIC_REPRESENTATION_CONTEXT() REPRESENTATION_CONTEXT('2D SPACE',''
  ) );
#8542 = PCURVE('',#2440,#8543);
#8543 = DEFINITIONAL_REPRESENTATION('',(#8544),#8547);
#8544 = B_SPLINE_CURVE_WITH_KNOTS('',1,(#8545,#8546),.UNSPECIFIED.,.F.,
  .F.,(2,2),(-5.6,-2.8),.PIECEWISE_BEZIER_KNOTS.);
#8545 = CARTESIAN_POINT('',(8.4,46.85));
#8546 = CARTESIAN_POINT('',(5.6,46.85));
#8547 = ( GEOMETRIC_REPRESENTATION_CONTEXT(2) 
PARAMETRIC_REPRESENTATION_CONTEXT() REPRESENTATION_CONTEXT('2D SPACE',''
  ) );
#8548 = ORIENTED_EDGE('',*,*,#8442,.T.);
#8549 = ORIENTED_EDGE('',*,*,#8550,.T.);
#8550 = EDGE_CURVE('',#8443,#8551,#8553,.T.);
#8551 = VERTEX_POINT('',#8552);
#8552 = CARTESIAN_POINT('',(46.25,1.35,4.4));
#8553 = SURFACE_CURVE('',#8554,(#8558,#8565),.PCURVE_S1.);
#8554 = LINE('',#8555,#8556);
#8555 = CARTESIAN_POINT('',(46.25,1.35,1.6));
#8556 = VECTOR('',#8557,1.);
#8557 = DIRECTION('',(0.,0.,1.));
#8558 = PCURVE('',#8458,#8559);
#8559 = DEFINITIONAL_REPRESENTATION('',(#8560),#8564);
#8560 = LINE('',#8561,#8562);
#8561 = CARTESIAN_POINT('',(0.,-2.1));
#8562 = VECTOR('',#8563,1.);
#8563 = DIRECTION('',(1.,0.));
#8564 = ( GEOMETRIC_REPRESENTATION_CONTEXT(2) 
PARAMETRIC_REPRESENTATION_CONTEXT() REPRESENTATION_CONTEXT('2D SPACE',''
  ) );
#8565 = PCURVE('',#8385,#8566);
#8566 = DEFINITIONAL_REPRESENTATION('',(#8567),#8571);
#8567 = LINE('',#8568,#8569);
#8568 = CARTESIAN_POINT('',(0.,2.5));
#8569 = VECTOR('',#8570,1.);
#8570 = DIRECTION('',(1.,0.));
#8571 = ( GEOMETRIC_REPRESENTATION_CONTEXT(2) 
PARAMETRIC_REPRESENTATION_CONTEXT() REPRESENTATION_CONTEXT('2D SPACE',''
  ) );
#8572 = ORIENTED_EDGE('',*,*,#8573,.F.);
#8573 = EDGE_CURVE('',#8497,#8551,#8574,.T.);
#8574 = SURFACE_CURVE('',#8575,(#8579,#8585),.PCURVE_S1.);
#8575 = LINE('',#8576,#8577);
#8576 = CARTESIAN_POINT('',(46.25,-5.272510181144,4.4));
#8577 = VECTOR('',#8578,1.);
#8578 = DIRECTION('',(0.,1.,0.));
#8579 = PCURVE('',#8458,#8580);
#8580 = DEFINITIONAL_REPRESENTATION('',(#8581),#8584);
#8581 = B_SPLINE_CURVE_WITH_KNOTS('',1,(#8582,#8583),.UNSPECIFIED.,.F.,
  .F.,(2,2),(4.522510181144,6.622510181144),.PIECEWISE_BEZIER_KNOTS.);
#8582 = CARTESIAN_POINT('',(2.8,0.));
#8583 = CARTESIAN_POINT('',(2.8,-2.1));
#8584 = ( GEOMETRIC_REPRESENTATION_CONTEXT(2) 
PARAMETRIC_REPRESENTATION_CONTEXT() REPRESENTATION_CONTEXT('2D SPACE',''
  ) );
#8585 = PCURVE('',#370,#8586);
#8586 = DEFINITIONAL_REPRESENTATION('',(#8587),#8591);
#8587 = LINE('',#8588,#8589);
#8588 = CARTESIAN_POINT('',(9.259333194243,4.522510181144));
#8589 = VECTOR('',#8590,1.);
#8590 = DIRECTION('',(0.,1.));
#8591 = ( GEOMETRIC_REPRESENTATION_CONTEXT(2) 
PARAMETRIC_REPRESENTATION_CONTEXT() REPRESENTATION_CONTEXT('2D SPACE',''
  ) );
#8592 = ADVANCED_FACE('',(#8593),#8516,.F.);
#8593 = FACE_BOUND('',#8594,.F.);
#8594 = EDGE_LOOP('',(#8595,#8618,#8652,#8670));
#8595 = ORIENTED_EDGE('',*,*,#8596,.F.);
#8596 = EDGE_CURVE('',#8597,#8497,#8599,.T.);
#8597 = VERTEX_POINT('',#8598);
#8598 = CARTESIAN_POINT('',(50.7,0.9,4.4));
#8599 = SURFACE_CURVE('',#8600,(#8604,#8611),.PCURVE_S1.);
#8600 = LINE('',#8601,#8602);
#8601 = CARTESIAN_POINT('',(74.108,0.9,4.4));
#8602 = VECTOR('',#8603,1.);
#8603 = DIRECTION('',(-1.,0.,0.));
#8604 = PCURVE('',#8516,#8605);
#8605 = DEFINITIONAL_REPRESENTATION('',(#8606),#8610);
#8606 = LINE('',#8607,#8608);
#8607 = CARTESIAN_POINT('',(0.,1.));
#8608 = VECTOR('',#8609,1.);
#8609 = DIRECTION('',(1.,0.));
#8610 = ( GEOMETRIC_REPRESENTATION_CONTEXT(2) 
PARAMETRIC_REPRESENTATION_CONTEXT() REPRESENTATION_CONTEXT('2D SPACE',''
  ) );
#8611 = PCURVE('',#370,#8612);
#8612 = DEFINITIONAL_REPRESENTATION('',(#8613),#8617);
#8613 = LINE('',#8614,#8615);
#8614 = CARTESIAN_POINT('',(37.117333194243,10.695020362289));
#8615 = VECTOR('',#8616,1.);
#8616 = DIRECTION('',(-1.,0.));
#8617 = ( GEOMETRIC_REPRESENTATION_CONTEXT(2) 
PARAMETRIC_REPRESENTATION_CONTEXT() REPRESENTATION_CONTEXT('2D SPACE',''
  ) );
#8618 = ORIENTED_EDGE('',*,*,#8619,.F.);
#8619 = EDGE_CURVE('',#8620,#8597,#8622,.T.);
#8620 = VERTEX_POINT('',#8621);
#8621 = CARTESIAN_POINT('',(50.7,0.7,3.8));
#8622 = SURFACE_CURVE('',#8623,(#8629,#8638),.PCURVE_S1.);
#8623 = B_SPLINE_CURVE_WITH_KNOTS('',4,(#8624,#8625,#8626,#8627,#8628),
  .UNSPECIFIED.,.F.,.F.,(5,5),(0.,1.),.PIECEWISE_BEZIER_KNOTS.);
#8624 = CARTESIAN_POINT('',(50.7,0.6,3.5));
#8625 = CARTESIAN_POINT('',(50.7,0.674995888944,3.724987666831));
#8626 = CARTESIAN_POINT('',(50.7,0.749994555003,3.949983665008));
#8627 = CARTESIAN_POINT('',(50.7,0.824995942924,4.174987828771));
#8628 = CARTESIAN_POINT('',(50.7,0.9,4.4));
#8629 = PCURVE('',#8516,#8630);
#8630 = DEFINITIONAL_REPRESENTATION('',(#8631),#8637);
#8631 = B_SPLINE_CURVE_WITH_KNOTS('',4,(#8632,#8633,#8634,#8635,#8636),
  .UNSPECIFIED.,.F.,.F.,(5,5),(0.,1.),.PIECEWISE_BEZIER_KNOTS.);
#8632 = CARTESIAN_POINT('',(23.294017307305,0.));
#8633 = CARTESIAN_POINT('',(23.32274079353,0.249986296479));
#8634 = CARTESIAN_POINT('',(23.351311204234,0.499981850009));
#8635 = CARTESIAN_POINT('',(23.379730353466,0.749986476412));
#8636 = CARTESIAN_POINT('',(23.408,1.));
#8637 = ( GEOMETRIC_REPRESENTATION_CONTEXT(2) 
PARAMETRIC_REPRESENTATION_CONTEXT() REPRESENTATION_CONTEXT('2D SPACE',''
  ) );
#8638 = PCURVE('',#8639,#8644);
#8639 = PLANE('',#8640);
#8640 = AXIS2_PLACEMENT_3D('',#8641,#8642,#8643);
#8641 = CARTESIAN_POINT('',(50.7,-14.8,-2.7));
#8642 = DIRECTION('',(1.,0.,0.));
#8643 = DIRECTION('',(0.,0.,1.));
#8644 = DEFINITIONAL_REPRESENTATION('',(#8645),#8651);
#8645 = B_SPLINE_CURVE_WITH_KNOTS('',4,(#8646,#8647,#8648,#8649,#8650),
  .UNSPECIFIED.,.F.,.F.,(5,5),(0.,1.),.PIECEWISE_BEZIER_KNOTS.);
#8646 = CARTESIAN_POINT('',(6.2,-15.4));
#8647 = CARTESIAN_POINT('',(6.424987666831,-15.47499588894));
#8648 = CARTESIAN_POINT('',(6.649983665008,-15.549994555));
#8649 = CARTESIAN_POINT('',(6.874987828771,-15.62499594292));
#8650 = CARTESIAN_POINT('',(7.1,-15.7));
#8651 = ( GEOMETRIC_REPRESENTATION_CONTEXT(2) 
PARAMETRIC_REPRESENTATION_CONTEXT() REPRESENTATION_CONTEXT('2D SPACE',''
  ) );
#8652 = ORIENTED_EDGE('',*,*,#8653,.F.);
#8653 = EDGE_CURVE('',#8495,#8620,#8654,.T.);
#8654 = SURFACE_CURVE('',#8655,(#8658,#8664),.PCURVE_S1.);
#8655 = B_SPLINE_CURVE_WITH_KNOTS('',1,(#8656,#8657),.UNSPECIFIED.,.F.,
  .F.,(2,2),(0.,1.),.PIECEWISE_BEZIER_KNOTS.);
#8656 = CARTESIAN_POINT('',(-0.6,0.7,3.8));
#8657 = CARTESIAN_POINT('',(66.282443596268,0.7,3.8));
#8658 = PCURVE('',#8516,#8659);
#8659 = DEFINITIONAL_REPRESENTATION('',(#8660),#8663);
#8660 = B_SPLINE_CURVE_WITH_KNOTS('',1,(#8661,#8662),.UNSPECIFIED.,.F.,
  .F.,(2,2),(0.,1.),.PIECEWISE_BEZIER_KNOTS.);
#8661 = CARTESIAN_POINT('',(74.906785040476,0.333333333333));
#8662 = CARTESIAN_POINT('',(7.666370246797,0.333333333333));
#8663 = ( GEOMETRIC_REPRESENTATION_CONTEXT(2) 
PARAMETRIC_REPRESENTATION_CONTEXT() REPRESENTATION_CONTEXT('2D SPACE',''
  ) );
#8664 = PCURVE('',#2440,#8665);
#8665 = DEFINITIONAL_REPRESENTATION('',(#8666),#8669);
#8666 = B_SPLINE_CURVE_WITH_KNOTS('',1,(#8667,#8668),.UNSPECIFIED.,.F.,
  .F.,(2,2),(0.,1.),.PIECEWISE_BEZIER_KNOTS.);
#8667 = CARTESIAN_POINT('',(7.8,0.));
#8668 = CARTESIAN_POINT('',(7.8,66.882443596268));
#8669 = ( GEOMETRIC_REPRESENTATION_CONTEXT(2) 
PARAMETRIC_REPRESENTATION_CONTEXT() REPRESENTATION_CONTEXT('2D SPACE',''
  ) );
#8670 = ORIENTED_EDGE('',*,*,#8494,.T.);
#8671 = ADVANCED_FACE('',(#8672),#8639,.T.);
#8672 = FACE_BOUND('',#8673,.T.);
#8673 = EDGE_LOOP('',(#8674,#8695,#8723,#8751,#8770));
#8674 = ORIENTED_EDGE('',*,*,#8675,.T.);
#8675 = EDGE_CURVE('',#8620,#8676,#8678,.T.);
#8676 = VERTEX_POINT('',#8677);
#8677 = CARTESIAN_POINT('',(50.7,0.7,-2.7));
#8678 = SURFACE_CURVE('',#8679,(#8683,#8689),.PCURVE_S1.);
#8679 = LINE('',#8680,#8681);
#8680 = CARTESIAN_POINT('',(50.7,0.7,-3.35));
#8681 = VECTOR('',#8682,1.);
#8682 = DIRECTION('',(0.,0.,-1.));
#8683 = PCURVE('',#8639,#8684);
#8684 = DEFINITIONAL_REPRESENTATION('',(#8685),#8688);
#8685 = B_SPLINE_CURVE_WITH_KNOTS('',1,(#8686,#8687),.UNSPECIFIED.,.F.,
  .F.,(2,2),(-7.15,-0.65),.PIECEWISE_BEZIER_KNOTS.);
#8686 = CARTESIAN_POINT('',(6.5,-15.5));
#8687 = CARTESIAN_POINT('',(0.,-15.5));
#8688 = ( GEOMETRIC_REPRESENTATION_CONTEXT(2) 
PARAMETRIC_REPRESENTATION_CONTEXT() REPRESENTATION_CONTEXT('2D SPACE',''
  ) );
#8689 = PCURVE('',#2440,#8690);
#8690 = DEFINITIONAL_REPRESENTATION('',(#8691),#8694);
#8691 = B_SPLINE_CURVE_WITH_KNOTS('',1,(#8692,#8693),.UNSPECIFIED.,.F.,
  .F.,(2,2),(-7.15,-0.65),.PIECEWISE_BEZIER_KNOTS.);
#8692 = CARTESIAN_POINT('',(7.8,51.3));
#8693 = CARTESIAN_POINT('',(1.3,51.3));
#8694 = ( GEOMETRIC_REPRESENTATION_CONTEXT(2) 
PARAMETRIC_REPRESENTATION_CONTEXT() REPRESENTATION_CONTEXT('2D SPACE',''
  ) );
#8695 = ORIENTED_EDGE('',*,*,#8696,.T.);
#8696 = EDGE_CURVE('',#8676,#8697,#8699,.T.);
#8697 = VERTEX_POINT('',#8698);
#8698 = CARTESIAN_POINT('',(50.7,2.5,-2.7));
#8699 = SURFACE_CURVE('',#8700,(#8704,#8711),.PCURVE_S1.);
#8700 = LINE('',#8701,#8702);
#8701 = CARTESIAN_POINT('',(50.7,-14.8,-2.7));
#8702 = VECTOR('',#8703,1.);
#8703 = DIRECTION('',(0.,1.,0.));
#8704 = PCURVE('',#8639,#8705);
#8705 = DEFINITIONAL_REPRESENTATION('',(#8706),#8710);
#8706 = LINE('',#8707,#8708);
#8707 = CARTESIAN_POINT('',(0.,0.));
#8708 = VECTOR('',#8709,1.);
#8709 = DIRECTION('',(0.,-1.));
#8710 = ( GEOMETRIC_REPRESENTATION_CONTEXT(2) 
PARAMETRIC_REPRESENTATION_CONTEXT() REPRESENTATION_CONTEXT('2D SPACE',''
  ) );
#8711 = PCURVE('',#8712,#8717);
#8712 = PLANE('',#8713);
#8713 = AXIS2_PLACEMENT_3D('',#8714,#8715,#8716);
#8714 = CARTESIAN_POINT('',(50.7,-14.8,-2.7));
#8715 = DIRECTION('',(0.,0.,1.));
#8716 = DIRECTION('',(1.,0.,0.));
#8717 = DEFINITIONAL_REPRESENTATION('',(#8718),#8722);
#8718 = LINE('',#8719,#8720);
#8719 = CARTESIAN_POINT('',(0.,0.));
#8720 = VECTOR('',#8721,1.);
#8721 = DIRECTION('',(0.,1.));
#8722 = ( GEOMETRIC_REPRESENTATION_CONTEXT(2) 
PARAMETRIC_REPRESENTATION_CONTEXT() REPRESENTATION_CONTEXT('2D SPACE',''
  ) );
#8723 = ORIENTED_EDGE('',*,*,#8724,.T.);
#8724 = EDGE_CURVE('',#8697,#8725,#8727,.T.);
#8725 = VERTEX_POINT('',#8726);
#8726 = CARTESIAN_POINT('',(50.7,2.5,4.4));
#8727 = SURFACE_CURVE('',#8728,(#8732,#8739),.PCURVE_S1.);
#8728 = LINE('',#8729,#8730);
#8729 = CARTESIAN_POINT('',(50.7,2.5,-2.7));
#8730 = VECTOR('',#8731,1.);
#8731 = DIRECTION('',(0.,0.,1.));
#8732 = PCURVE('',#8639,#8733);
#8733 = DEFINITIONAL_REPRESENTATION('',(#8734),#8738);
#8734 = LINE('',#8735,#8736);
#8735 = CARTESIAN_POINT('',(0.,-17.3));
#8736 = VECTOR('',#8737,1.);
#8737 = DIRECTION('',(1.,0.));
#8738 = ( GEOMETRIC_REPRESENTATION_CONTEXT(2) 
PARAMETRIC_REPRESENTATION_CONTEXT() REPRESENTATION_CONTEXT('2D SPACE',''
  ) );
#8739 = PCURVE('',#8740,#8745);
#8740 = PLANE('',#8741);
#8741 = AXIS2_PLACEMENT_3D('',#8742,#8743,#8744);
#8742 = CARTESIAN_POINT('',(50.7,2.5,-2.7));
#8743 = DIRECTION('',(0.,1.,0.));
#8744 = DIRECTION('',(0.,0.,1.));
#8745 = DEFINITIONAL_REPRESENTATION('',(#8746),#8750);
#8746 = LINE('',#8747,#8748);
#8747 = CARTESIAN_POINT('',(0.,0.));
#8748 = VECTOR('',#8749,1.);
#8749 = DIRECTION('',(1.,0.));
#8750 = ( GEOMETRIC_REPRESENTATION_CONTEXT(2) 
PARAMETRIC_REPRESENTATION_CONTEXT() REPRESENTATION_CONTEXT('2D SPACE',''
  ) );
#8751 = ORIENTED_EDGE('',*,*,#8752,.F.);
#8752 = EDGE_CURVE('',#8597,#8725,#8753,.T.);
#8753 = SURFACE_CURVE('',#8754,(#8758,#8764),.PCURVE_S1.);
#8754 = LINE('',#8755,#8756);
#8755 = CARTESIAN_POINT('',(50.7,-12.29751018114,4.4));
#8756 = VECTOR('',#8757,1.);
#8757 = DIRECTION('',(0.,1.,0.));
#8758 = PCURVE('',#8639,#8759);
#8759 = DEFINITIONAL_REPRESENTATION('',(#8760),#8763);
#8760 = B_SPLINE_CURVE_WITH_KNOTS('',1,(#8761,#8762),.UNSPECIFIED.,.F.,
  .F.,(2,2),(7.604510181144,14.797510181144),.PIECEWISE_BEZIER_KNOTS.);
#8761 = CARTESIAN_POINT('',(7.1,-10.107));
#8762 = CARTESIAN_POINT('',(7.1,-17.3));
#8763 = ( GEOMETRIC_REPRESENTATION_CONTEXT(2) 
PARAMETRIC_REPRESENTATION_CONTEXT() REPRESENTATION_CONTEXT('2D SPACE',''
  ) );
#8764 = PCURVE('',#370,#8765);
#8765 = DEFINITIONAL_REPRESENTATION('',(#8766),#8769);
#8766 = B_SPLINE_CURVE_WITH_KNOTS('',1,(#8767,#8768),.UNSPECIFIED.,.F.,
  .F.,(2,2),(7.604510181144,14.797510181144),.PIECEWISE_BEZIER_KNOTS.);
#8767 = CARTESIAN_POINT('',(13.709333194243,5.102020362289));
#8768 = CARTESIAN_POINT('',(13.709333194243,12.295020362289));
#8769 = ( GEOMETRIC_REPRESENTATION_CONTEXT(2) 
PARAMETRIC_REPRESENTATION_CONTEXT() REPRESENTATION_CONTEXT('2D SPACE',''
  ) );
#8770 = ORIENTED_EDGE('',*,*,#8619,.F.);
#8771 = ADVANCED_FACE('',(#8772),#8712,.T.);
#8772 = FACE_BOUND('',#8773,.T.);
#8773 = EDGE_LOOP('',(#8774,#8775,#8796,#8824));
#8774 = ORIENTED_EDGE('',*,*,#8696,.F.);
#8775 = ORIENTED_EDGE('',*,*,#8776,.T.);
#8776 = EDGE_CURVE('',#8676,#8777,#8779,.T.);
#8777 = VERTEX_POINT('',#8778);
#8778 = CARTESIAN_POINT('',(64.1,0.7,-2.7));
#8779 = SURFACE_CURVE('',#8780,(#8784,#8790),.PCURVE_S1.);
#8780 = LINE('',#8781,#8782);
#8781 = CARTESIAN_POINT('',(25.05,0.7,-2.7));
#8782 = VECTOR('',#8783,1.);
#8783 = DIRECTION('',(1.,0.,0.));
#8784 = PCURVE('',#8712,#8785);
#8785 = DEFINITIONAL_REPRESENTATION('',(#8786),#8789);
#8786 = B_SPLINE_CURVE_WITH_KNOTS('',1,(#8787,#8788),.UNSPECIFIED.,.F.,
  .F.,(2,2),(25.65,39.05),.PIECEWISE_BEZIER_KNOTS.);
#8787 = CARTESIAN_POINT('',(0.,15.5));
#8788 = CARTESIAN_POINT('',(13.4,15.5));
#8789 = ( GEOMETRIC_REPRESENTATION_CONTEXT(2) 
PARAMETRIC_REPRESENTATION_CONTEXT() REPRESENTATION_CONTEXT('2D SPACE',''
  ) );
#8790 = PCURVE('',#2440,#8791);
#8791 = DEFINITIONAL_REPRESENTATION('',(#8792),#8795);
#8792 = B_SPLINE_CURVE_WITH_KNOTS('',1,(#8793,#8794),.UNSPECIFIED.,.F.,
  .F.,(2,2),(25.65,39.05),.PIECEWISE_BEZIER_KNOTS.);
#8793 = CARTESIAN_POINT('',(1.3,51.3));
#8794 = CARTESIAN_POINT('',(1.3,64.7));
#8795 = ( GEOMETRIC_REPRESENTATION_CONTEXT(2) 
PARAMETRIC_REPRESENTATION_CONTEXT() REPRESENTATION_CONTEXT('2D SPACE',''
  ) );
#8796 = ORIENTED_EDGE('',*,*,#8797,.T.);
#8797 = EDGE_CURVE('',#8777,#8798,#8800,.T.);
#8798 = VERTEX_POINT('',#8799);
#8799 = CARTESIAN_POINT('',(64.1,2.5,-2.7));
#8800 = SURFACE_CURVE('',#8801,(#8805,#8812),.PCURVE_S1.);
#8801 = LINE('',#8802,#8803);
#8802 = CARTESIAN_POINT('',(64.1,-14.8,-2.7));
#8803 = VECTOR('',#8804,1.);
#8804 = DIRECTION('',(0.,1.,0.));
#8805 = PCURVE('',#8712,#8806);
#8806 = DEFINITIONAL_REPRESENTATION('',(#8807),#8811);
#8807 = LINE('',#8808,#8809);
#8808 = CARTESIAN_POINT('',(13.4,0.));
#8809 = VECTOR('',#8810,1.);
#8810 = DIRECTION('',(0.,1.));
#8811 = ( GEOMETRIC_REPRESENTATION_CONTEXT(2) 
PARAMETRIC_REPRESENTATION_CONTEXT() REPRESENTATION_CONTEXT('2D SPACE',''
  ) );
#8812 = PCURVE('',#8813,#8818);
#8813 = PLANE('',#8814);
#8814 = AXIS2_PLACEMENT_3D('',#8815,#8816,#8817);
#8815 = CARTESIAN_POINT('',(64.1,-14.8,-2.7));
#8816 = DIRECTION('',(1.,0.,0.));
#8817 = DIRECTION('',(0.,0.,1.));
#8818 = DEFINITIONAL_REPRESENTATION('',(#8819),#8823);
#8819 = LINE('',#8820,#8821);
#8820 = CARTESIAN_POINT('',(0.,0.));
#8821 = VECTOR('',#8822,1.);
#8822 = DIRECTION('',(0.,-1.));
#8823 = ( GEOMETRIC_REPRESENTATION_CONTEXT(2) 
PARAMETRIC_REPRESENTATION_CONTEXT() REPRESENTATION_CONTEXT('2D SPACE',''
  ) );
#8824 = ORIENTED_EDGE('',*,*,#8825,.F.);
#8825 = EDGE_CURVE('',#8697,#8798,#8826,.T.);
#8826 = SURFACE_CURVE('',#8827,(#8831,#8838),.PCURVE_S1.);
#8827 = LINE('',#8828,#8829);
#8828 = CARTESIAN_POINT('',(50.7,2.5,-2.7));
#8829 = VECTOR('',#8830,1.);
#8830 = DIRECTION('',(1.,0.,0.));
#8831 = PCURVE('',#8712,#8832);
#8832 = DEFINITIONAL_REPRESENTATION('',(#8833),#8837);
#8833 = LINE('',#8834,#8835);
#8834 = CARTESIAN_POINT('',(0.,17.3));
#8835 = VECTOR('',#8836,1.);
#8836 = DIRECTION('',(1.,0.));
#8837 = ( GEOMETRIC_REPRESENTATION_CONTEXT(2) 
PARAMETRIC_REPRESENTATION_CONTEXT() REPRESENTATION_CONTEXT('2D SPACE',''
  ) );
#8838 = PCURVE('',#8740,#8839);
#8839 = DEFINITIONAL_REPRESENTATION('',(#8840),#8844);
#8840 = LINE('',#8841,#8842);
#8841 = CARTESIAN_POINT('',(0.,0.));
#8842 = VECTOR('',#8843,1.);
#8843 = DIRECTION('',(0.,1.));
#8844 = ( GEOMETRIC_REPRESENTATION_CONTEXT(2) 
PARAMETRIC_REPRESENTATION_CONTEXT() REPRESENTATION_CONTEXT('2D SPACE',''
  ) );
#8845 = ADVANCED_FACE('',(#8846),#8813,.F.);
#8846 = FACE_BOUND('',#8847,.F.);
#8847 = EDGE_LOOP('',(#8848,#8869,#8870,#8893,#8914));
#8848 = ORIENTED_EDGE('',*,*,#8849,.T.);
#8849 = EDGE_CURVE('',#8850,#8777,#8852,.T.);
#8850 = VERTEX_POINT('',#8851);
#8851 = CARTESIAN_POINT('',(64.1,0.7,3.8));
#8852 = SURFACE_CURVE('',#8853,(#8857,#8863),.PCURVE_S1.);
#8853 = LINE('',#8854,#8855);
#8854 = CARTESIAN_POINT('',(64.1,0.7,-3.35));
#8855 = VECTOR('',#8856,1.);
#8856 = DIRECTION('',(0.,0.,-1.));
#8857 = PCURVE('',#8813,#8858);
#8858 = DEFINITIONAL_REPRESENTATION('',(#8859),#8862);
#8859 = B_SPLINE_CURVE_WITH_KNOTS('',1,(#8860,#8861),.UNSPECIFIED.,.F.,
  .F.,(2,2),(-7.15,-0.65),.PIECEWISE_BEZIER_KNOTS.);
#8860 = CARTESIAN_POINT('',(6.5,-15.5));
#8861 = CARTESIAN_POINT('',(0.,-15.5));
#8862 = ( GEOMETRIC_REPRESENTATION_CONTEXT(2) 
PARAMETRIC_REPRESENTATION_CONTEXT() REPRESENTATION_CONTEXT('2D SPACE',''
  ) );
#8863 = PCURVE('',#2440,#8864);
#8864 = DEFINITIONAL_REPRESENTATION('',(#8865),#8868);
#8865 = B_SPLINE_CURVE_WITH_KNOTS('',1,(#8866,#8867),.UNSPECIFIED.,.F.,
  .F.,(2,2),(-7.15,-0.65),.PIECEWISE_BEZIER_KNOTS.);
#8866 = CARTESIAN_POINT('',(7.8,64.7));
#8867 = CARTESIAN_POINT('',(1.3,64.7));
#8868 = ( GEOMETRIC_REPRESENTATION_CONTEXT(2) 
PARAMETRIC_REPRESENTATION_CONTEXT() REPRESENTATION_CONTEXT('2D SPACE',''
  ) );
#8869 = ORIENTED_EDGE('',*,*,#8797,.T.);
#8870 = ORIENTED_EDGE('',*,*,#8871,.T.);
#8871 = EDGE_CURVE('',#8798,#8872,#8874,.T.);
#8872 = VERTEX_POINT('',#8873);
#8873 = CARTESIAN_POINT('',(64.1,2.5,4.4));
#8874 = SURFACE_CURVE('',#8875,(#8879,#8886),.PCURVE_S1.);
#8875 = LINE('',#8876,#8877);
#8876 = CARTESIAN_POINT('',(64.1,2.5,-2.7));
#8877 = VECTOR('',#8878,1.);
#8878 = DIRECTION('',(0.,0.,1.));
#8879 = PCURVE('',#8813,#8880);
#8880 = DEFINITIONAL_REPRESENTATION('',(#8881),#8885);
#8881 = LINE('',#8882,#8883);
#8882 = CARTESIAN_POINT('',(0.,-17.3));
#8883 = VECTOR('',#8884,1.);
#8884 = DIRECTION('',(1.,0.));
#8885 = ( GEOMETRIC_REPRESENTATION_CONTEXT(2) 
PARAMETRIC_REPRESENTATION_CONTEXT() REPRESENTATION_CONTEXT('2D SPACE',''
  ) );
#8886 = PCURVE('',#8740,#8887);
#8887 = DEFINITIONAL_REPRESENTATION('',(#8888),#8892);
#8888 = LINE('',#8889,#8890);
#8889 = CARTESIAN_POINT('',(0.,13.4));
#8890 = VECTOR('',#8891,1.);
#8891 = DIRECTION('',(1.,0.));
#8892 = ( GEOMETRIC_REPRESENTATION_CONTEXT(2) 
PARAMETRIC_REPRESENTATION_CONTEXT() REPRESENTATION_CONTEXT('2D SPACE',''
  ) );
#8893 = ORIENTED_EDGE('',*,*,#8894,.F.);
#8894 = EDGE_CURVE('',#8895,#8872,#8897,.T.);
#8895 = VERTEX_POINT('',#8896);
#8896 = CARTESIAN_POINT('',(64.1,0.9,4.4));
#8897 = SURFACE_CURVE('',#8898,(#8902,#8908),.PCURVE_S1.);
#8898 = LINE('',#8899,#8900);
#8899 = CARTESIAN_POINT('',(64.1,-12.29751018114,4.4));
#8900 = VECTOR('',#8901,1.);
#8901 = DIRECTION('',(0.,1.,0.));
#8902 = PCURVE('',#8813,#8903);
#8903 = DEFINITIONAL_REPRESENTATION('',(#8904),#8907);
#8904 = B_SPLINE_CURVE_WITH_KNOTS('',1,(#8905,#8906),.UNSPECIFIED.,.F.,
  .F.,(2,2),(7.604510181144,14.797510181144),.PIECEWISE_BEZIER_KNOTS.);
#8905 = CARTESIAN_POINT('',(7.1,-10.107));
#8906 = CARTESIAN_POINT('',(7.1,-17.3));
#8907 = ( GEOMETRIC_REPRESENTATION_CONTEXT(2) 
PARAMETRIC_REPRESENTATION_CONTEXT() REPRESENTATION_CONTEXT('2D SPACE',''
  ) );
#8908 = PCURVE('',#370,#8909);
#8909 = DEFINITIONAL_REPRESENTATION('',(#8910),#8913);
#8910 = B_SPLINE_CURVE_WITH_KNOTS('',1,(#8911,#8912),.UNSPECIFIED.,.F.,
  .F.,(2,2),(7.604510181144,14.797510181144),.PIECEWISE_BEZIER_KNOTS.);
#8911 = CARTESIAN_POINT('',(27.109333194243,5.102020362289));
#8912 = CARTESIAN_POINT('',(27.109333194243,12.295020362289));
#8913 = ( GEOMETRIC_REPRESENTATION_CONTEXT(2) 
PARAMETRIC_REPRESENTATION_CONTEXT() REPRESENTATION_CONTEXT('2D SPACE',''
  ) );
#8914 = ORIENTED_EDGE('',*,*,#8915,.F.);
#8915 = EDGE_CURVE('',#8850,#8895,#8916,.T.);
#8916 = SURFACE_CURVE('',#8917,(#8923,#8932),.PCURVE_S1.);
#8917 = B_SPLINE_CURVE_WITH_KNOTS('',4,(#8918,#8919,#8920,#8921,#8922),
  .UNSPECIFIED.,.F.,.F.,(5,5),(0.,1.),.PIECEWISE_BEZIER_KNOTS.);
#8918 = CARTESIAN_POINT('',(64.1,0.6,3.5));
#8919 = CARTESIAN_POINT('',(64.1,0.674984718484,3.724954155451));
#8920 = CARTESIAN_POINT('',(64.1,0.749979755896,3.949939267689));
#8921 = CARTESIAN_POINT('',(64.1,0.824984913183,4.174954739548));
#8922 = CARTESIAN_POINT('',(64.1,0.9,4.4));
#8923 = PCURVE('',#8813,#8924);
#8924 = DEFINITIONAL_REPRESENTATION('',(#8925),#8931);
#8925 = B_SPLINE_CURVE_WITH_KNOTS('',4,(#8926,#8927,#8928,#8929,#8930),
  .UNSPECIFIED.,.F.,.F.,(5,5),(0.,1.),.PIECEWISE_BEZIER_KNOTS.);
#8926 = CARTESIAN_POINT('',(6.2,-15.4));
#8927 = CARTESIAN_POINT('',(6.424954155451,-15.47498471848));
#8928 = CARTESIAN_POINT('',(6.649939267689,-15.54997975589));
#8929 = CARTESIAN_POINT('',(6.874954739548,-15.62498491318));
#8930 = CARTESIAN_POINT('',(7.1,-15.7));
#8931 = ( GEOMETRIC_REPRESENTATION_CONTEXT(2) 
PARAMETRIC_REPRESENTATION_CONTEXT() REPRESENTATION_CONTEXT('2D SPACE',''
  ) );
#8932 = PCURVE('',#8933,#8938);
#8933 = B_SPLINE_SURFACE_WITH_KNOTS('',1,1,(
    (#8934,#8935)
    ,(#8936,#8937
    )),.UNSPECIFIED.,.F.,.F.,.F.,(2,2),(2,2),(0.,75.135),(0.,1.),
  .PIECEWISE_BEZIER_KNOTS.);
#8934 = CARTESIAN_POINT('',(73.808,0.6,3.5));
#8935 = CARTESIAN_POINT('',(74.108,0.9,4.4));
#8936 = CARTESIAN_POINT('',(-0.727,0.6,3.5));
#8937 = CARTESIAN_POINT('',(-1.027,0.9,4.4));
#8938 = DEFINITIONAL_REPRESENTATION('',(#8939),#8945);
#8939 = B_SPLINE_CURVE_WITH_KNOTS('',4,(#8940,#8941,#8942,#8943,#8944),
  .UNSPECIFIED.,.F.,.F.,(5,5),(0.,1.),.PIECEWISE_BEZIER_KNOTS.);
#8940 = CARTESIAN_POINT('',(9.786148520829,0.));
#8941 = CARTESIAN_POINT('',(9.842046469974,0.249949061613));
#8942 = CARTESIAN_POINT('',(9.897652190334,0.499932519654));
#8943 = CARTESIAN_POINT('',(9.952968968253,0.749949710609));
#8944 = CARTESIAN_POINT('',(10.008,1.));
#8945 = ( GEOMETRIC_REPRESENTATION_CONTEXT(2) 
PARAMETRIC_REPRESENTATION_CONTEXT() REPRESENTATION_CONTEXT('2D SPACE',''
  ) );
#8946 = ADVANCED_FACE('',(#8947),#8933,.F.);
#8947 = FACE_BOUND('',#8948,.F.);
#8948 = EDGE_LOOP('',(#8949,#8972,#9006,#9033,#9071,#9089));
#8949 = ORIENTED_EDGE('',*,*,#8950,.F.);
#8950 = EDGE_CURVE('',#8951,#8895,#8953,.T.);
#8951 = VERTEX_POINT('',#8952);
#8952 = CARTESIAN_POINT('',(66.75,0.9,4.4));
#8953 = SURFACE_CURVE('',#8954,(#8958,#8965),.PCURVE_S1.);
#8954 = LINE('',#8955,#8956);
#8955 = CARTESIAN_POINT('',(74.108,0.9,4.4));
#8956 = VECTOR('',#8957,1.);
#8957 = DIRECTION('',(-1.,0.,0.));
#8958 = PCURVE('',#8933,#8959);
#8959 = DEFINITIONAL_REPRESENTATION('',(#8960),#8964);
#8960 = LINE('',#8961,#8962);
#8961 = CARTESIAN_POINT('',(0.,1.));
#8962 = VECTOR('',#8963,1.);
#8963 = DIRECTION('',(1.,0.));
#8964 = ( GEOMETRIC_REPRESENTATION_CONTEXT(2) 
PARAMETRIC_REPRESENTATION_CONTEXT() REPRESENTATION_CONTEXT('2D SPACE',''
  ) );
#8965 = PCURVE('',#370,#8966);
#8966 = DEFINITIONAL_REPRESENTATION('',(#8967),#8971);
#8967 = LINE('',#8968,#8969);
#8968 = CARTESIAN_POINT('',(37.117333194243,10.695020362289));
#8969 = VECTOR('',#8970,1.);
#8970 = DIRECTION('',(-1.,0.));
#8971 = ( GEOMETRIC_REPRESENTATION_CONTEXT(2) 
PARAMETRIC_REPRESENTATION_CONTEXT() REPRESENTATION_CONTEXT('2D SPACE',''
  ) );
#8972 = ORIENTED_EDGE('',*,*,#8973,.F.);
#8973 = EDGE_CURVE('',#8974,#8951,#8976,.T.);
#8974 = VERTEX_POINT('',#8975);
#8975 = CARTESIAN_POINT('',(66.75,0.6,3.5));
#8976 = SURFACE_CURVE('',#8977,(#8983,#8992),.PCURVE_S1.);
#8977 = B_SPLINE_CURVE_WITH_KNOTS('',4,(#8978,#8979,#8980,#8981,#8982),
  .UNSPECIFIED.,.F.,.F.,(5,5),(0.,1.),.PIECEWISE_BEZIER_KNOTS.);
#8978 = CARTESIAN_POINT('',(66.75,0.6,3.5));
#8979 = CARTESIAN_POINT('',(66.75,0.674981732335,3.724945197005));
#8980 = CARTESIAN_POINT('',(66.75,0.749975798705,3.949927396115));
#8981 = CARTESIAN_POINT('',(66.75,0.824981963177,4.174945889532));
#8982 = CARTESIAN_POINT('',(66.75,0.9,4.4));
#8983 = PCURVE('',#8933,#8984);
#8984 = DEFINITIONAL_REPRESENTATION('',(#8985),#8991);
#8985 = B_SPLINE_CURVE_WITH_KNOTS('',4,(#8986,#8987,#8988,#8989,#8990),
  .UNSPECIFIED.,.F.,.F.,(5,5),(0.,1.),.PIECEWISE_BEZIER_KNOTS.);
#8986 = CARTESIAN_POINT('',(7.114816260817,0.));
#8987 = CARTESIAN_POINT('',(7.176086670182,0.249939107784));
#8988 = CARTESIAN_POINT('',(7.237038424129,0.499919329016));
#8989 = CARTESIAN_POINT('',(7.297675054678,0.749939877258));
#8990 = CARTESIAN_POINT('',(7.358,1.));
#8991 = ( GEOMETRIC_REPRESENTATION_CONTEXT(2) 
PARAMETRIC_REPRESENTATION_CONTEXT() REPRESENTATION_CONTEXT('2D SPACE',''
  ) );
#8992 = PCURVE('',#8993,#8998);
#8993 = PLANE('',#8994);
#8994 = AXIS2_PLACEMENT_3D('',#8995,#8996,#8997);
#8995 = CARTESIAN_POINT('',(66.75,-0.75,1.6));
#8996 = DIRECTION('',(1.,0.,0.));
#8997 = DIRECTION('',(0.,0.,1.));
#8998 = DEFINITIONAL_REPRESENTATION('',(#8999),#9005);
#8999 = B_SPLINE_CURVE_WITH_KNOTS('',4,(#9000,#9001,#9002,#9003,#9004),
  .UNSPECIFIED.,.F.,.F.,(5,5),(0.,1.),.PIECEWISE_BEZIER_KNOTS.);
#9000 = CARTESIAN_POINT('',(1.9,-1.35));
#9001 = CARTESIAN_POINT('',(2.124945197005,-1.424981732335));
#9002 = CARTESIAN_POINT('',(2.349927396115,-1.499975798705));
#9003 = CARTESIAN_POINT('',(2.574945889532,-1.574981963177));
#9004 = CARTESIAN_POINT('',(2.8,-1.65));
#9005 = ( GEOMETRIC_REPRESENTATION_CONTEXT(2) 
PARAMETRIC_REPRESENTATION_CONTEXT() REPRESENTATION_CONTEXT('2D SPACE',''
  ) );
#9006 = ORIENTED_EDGE('',*,*,#9007,.T.);
#9007 = EDGE_CURVE('',#8974,#9008,#9010,.T.);
#9008 = VERTEX_POINT('',#9009);
#9009 = CARTESIAN_POINT('',(66.450806661517,0.6,3.5));
#9010 = SURFACE_CURVE('',#9011,(#9015,#9021),.PCURVE_S1.);
#9011 = LINE('',#9012,#9013);
#9012 = CARTESIAN_POINT('',(73.808,0.6,3.5));
#9013 = VECTOR('',#9014,1.);
#9014 = DIRECTION('',(-1.,0.,0.));
#9015 = PCURVE('',#8933,#9016);
#9016 = DEFINITIONAL_REPRESENTATION('',(#9017),#9020);
#9017 = B_SPLINE_CURVE_WITH_KNOTS('',1,(#9018,#9019),.UNSPECIFIED.,.F.,
  .F.,(2,2),(0.,74.535),.PIECEWISE_BEZIER_KNOTS.);
#9018 = CARTESIAN_POINT('',(0.,0.));
#9019 = CARTESIAN_POINT('',(75.135,0.));
#9020 = ( GEOMETRIC_REPRESENTATION_CONTEXT(2) 
PARAMETRIC_REPRESENTATION_CONTEXT() REPRESENTATION_CONTEXT('2D SPACE',''
  ) );
#9021 = PCURVE('',#9022,#9027);
#9022 = PLANE('',#9023);
#9023 = AXIS2_PLACEMENT_3D('',#9024,#9025,#9026);
#9024 = CARTESIAN_POINT('',(-0.727,0.6,0.));
#9025 = DIRECTION('',(0.,1.,0.));
#9026 = DIRECTION('',(0.,0.,1.));
#9027 = DEFINITIONAL_REPRESENTATION('',(#9028),#9032);
#9028 = LINE('',#9029,#9030);
#9029 = CARTESIAN_POINT('',(3.5,74.535));
#9030 = VECTOR('',#9031,1.);
#9031 = DIRECTION('',(0.,-1.));
#9032 = ( GEOMETRIC_REPRESENTATION_CONTEXT(2) 
PARAMETRIC_REPRESENTATION_CONTEXT() REPRESENTATION_CONTEXT('2D SPACE',''
  ) );
#9033 = ORIENTED_EDGE('',*,*,#9034,.T.);
#9034 = EDGE_CURVE('',#9008,#9035,#9037,.T.);
#9035 = VERTEX_POINT('',#9036);
#9036 = CARTESIAN_POINT('',(66.282443596268,0.7,3.8));
#9037 = SURFACE_CURVE('',#9038,(#9047,#9059),.PCURVE_S1.);
#9038 = B_SPLINE_CURVE_WITH_KNOTS('',4,(#9039,#9040,#9041,#9042,#9043,
    #9044,#9045,#9046),.UNSPECIFIED.,.F.,.F.,(5,3,5),(0.,0.823922020908,
    1.),.UNSPECIFIED.);
#9039 = CARTESIAN_POINT('',(66.450806661517,0.6,3.5));
#9040 = CARTESIAN_POINT('',(66.414103160926,0.62030743522,3.560922305659
    ));
#9041 = CARTESIAN_POINT('',(66.378593137145,0.640792234936,
    3.622376704809));
#9042 = CARTESIAN_POINT('',(66.344166862176,0.661430057388,
    3.684290172163));
#9043 = CARTESIAN_POINT('',(66.303600519752,0.68664423008,3.75993269024)
  );
#9044 = CARTESIAN_POINT('',(66.296503465577,0.6910901326,3.7732703978));
#9045 = CARTESIAN_POINT('',(66.28945141656,0.695542101254,3.786626303763
    ));
#9046 = CARTESIAN_POINT('',(66.282443596268,0.7,3.8));
#9047 = PCURVE('',#8933,#9048);
#9048 = DEFINITIONAL_REPRESENTATION('',(#9049),#9058);
#9049 = B_SPLINE_CURVE_WITH_KNOTS('',4,(#9050,#9051,#9052,#9053,#9054,
    #9055,#9056,#9057),.UNSPECIFIED.,.F.,.F.,(5,3,5),(0.,0.823922020908,
    1.),.UNSPECIFIED.);
#9050 = CARTESIAN_POINT('',(7.416418078579,0.));
#9051 = CARTESIAN_POINT('',(7.469846666528,6.769145073236E-02));
#9052 = CARTESIAN_POINT('',(7.522138027901,0.135974116455));
#9053 = CARTESIAN_POINT('',(7.573385282196,0.204766857958));
#9054 = CARTESIAN_POINT('',(7.634402772828,0.288814100267));
#9055 = CARTESIAN_POINT('',(7.645102155307,0.303633738263));
#9056 = CARTESIAN_POINT('',(7.655757749563,0.318473700487));
#9057 = CARTESIAN_POINT('',(7.666370246988,0.333333362973));
#9058 = ( GEOMETRIC_REPRESENTATION_CONTEXT(2) 
PARAMETRIC_REPRESENTATION_CONTEXT() REPRESENTATION_CONTEXT('2D SPACE',''
  ) );
#9059 = PCURVE('',#2412,#9060);
#9060 = DEFINITIONAL_REPRESENTATION('',(#9061),#9070);
#9061 = B_SPLINE_CURVE_WITH_KNOTS('',4,(#9062,#9063,#9064,#9065,#9066,
    #9067,#9068,#9069),.UNSPECIFIED.,.F.,.F.,(5,3,5),(0.,0.823922020908,
    1.),.UNSPECIFIED.);
#9062 = CARTESIAN_POINT('',(-4.207028470101,-7.5));
#9063 = CARTESIAN_POINT('',(-4.193920077032,-7.560922305659));
#9064 = CARTESIAN_POINT('',(-4.181111175216,-7.622376704809));
#9065 = CARTESIAN_POINT('',(-4.168569541127,-7.684290172163));
#9066 = CARTESIAN_POINT('',(-4.153643346915,-7.75993269024));
#9067 = CARTESIAN_POINT('',(-4.151026294979,-7.7732703978));
#9068 = CARTESIAN_POINT('',(-4.14842013876,-7.786626303763));
#9069 = CARTESIAN_POINT('',(-4.145824649764,-7.8));
#9070 = ( GEOMETRIC_REPRESENTATION_CONTEXT(2) 
PARAMETRIC_REPRESENTATION_CONTEXT() REPRESENTATION_CONTEXT('2D SPACE',''
  ) );
#9071 = ORIENTED_EDGE('',*,*,#9072,.F.);
#9072 = EDGE_CURVE('',#8850,#9035,#9073,.T.);
#9073 = SURFACE_CURVE('',#9074,(#9077,#9083),.PCURVE_S1.);
#9074 = B_SPLINE_CURVE_WITH_KNOTS('',1,(#9075,#9076),.UNSPECIFIED.,.F.,
  .F.,(2,2),(0.,1.),.PIECEWISE_BEZIER_KNOTS.);
#9075 = CARTESIAN_POINT('',(-0.6,0.7,3.8));
#9076 = CARTESIAN_POINT('',(66.282443596268,0.7,3.8));
#9077 = PCURVE('',#8933,#9078);
#9078 = DEFINITIONAL_REPRESENTATION('',(#9079),#9082);
#9079 = B_SPLINE_CURVE_WITH_KNOTS('',1,(#9080,#9081),.UNSPECIFIED.,.F.,
  .F.,(2,2),(0.,1.),.PIECEWISE_BEZIER_KNOTS.);
#9080 = CARTESIAN_POINT('',(74.906785040476,0.333333333333));
#9081 = CARTESIAN_POINT('',(7.666370246797,0.333333333333));
#9082 = ( GEOMETRIC_REPRESENTATION_CONTEXT(2) 
PARAMETRIC_REPRESENTATION_CONTEXT() REPRESENTATION_CONTEXT('2D SPACE',''
  ) );
#9083 = PCURVE('',#2440,#9084);
#9084 = DEFINITIONAL_REPRESENTATION('',(#9085),#9088);
#9085 = B_SPLINE_CURVE_WITH_KNOTS('',1,(#9086,#9087),.UNSPECIFIED.,.F.,
  .F.,(2,2),(0.,1.),.PIECEWISE_BEZIER_KNOTS.);
#9086 = CARTESIAN_POINT('',(7.8,0.));
#9087 = CARTESIAN_POINT('',(7.8,66.882443596268));
#9088 = ( GEOMETRIC_REPRESENTATION_CONTEXT(2) 
PARAMETRIC_REPRESENTATION_CONTEXT() REPRESENTATION_CONTEXT('2D SPACE',''
  ) );
#9089 = ORIENTED_EDGE('',*,*,#8915,.T.);
#9090 = ADVANCED_FACE('',(#9091),#8993,.T.);
#9091 = FACE_BOUND('',#9092,.T.);
#9092 = EDGE_LOOP('',(#9093,#9116,#9117,#9138,#9166));
#9093 = ORIENTED_EDGE('',*,*,#9094,.F.);
#9094 = EDGE_CURVE('',#8951,#9095,#9097,.T.);
#9095 = VERTEX_POINT('',#9096);
#9096 = CARTESIAN_POINT('',(66.75,1.35,4.4));
#9097 = SURFACE_CURVE('',#9098,(#9102,#9109),.PCURVE_S1.);
#9098 = LINE('',#9099,#9100);
#9099 = CARTESIAN_POINT('',(66.75,0.454240335669,4.4));
#9100 = VECTOR('',#9101,1.);
#9101 = DIRECTION('',(0.,1.,0.));
#9102 = PCURVE('',#8993,#9103);
#9103 = DEFINITIONAL_REPRESENTATION('',(#9104),#9108);
#9104 = LINE('',#9105,#9106);
#9105 = CARTESIAN_POINT('',(2.8,-1.204240335669));
#9106 = VECTOR('',#9107,1.);
#9107 = DIRECTION('',(0.,-1.));
#9108 = ( GEOMETRIC_REPRESENTATION_CONTEXT(2) 
PARAMETRIC_REPRESENTATION_CONTEXT() REPRESENTATION_CONTEXT('2D SPACE',''
  ) );
#9109 = PCURVE('',#370,#9110);
#9110 = DEFINITIONAL_REPRESENTATION('',(#9111),#9115);
#9111 = LINE('',#9112,#9113);
#9112 = CARTESIAN_POINT('',(29.759333194243,10.249260697958));
#9113 = VECTOR('',#9114,1.);
#9114 = DIRECTION('',(0.,1.));
#9115 = ( GEOMETRIC_REPRESENTATION_CONTEXT(2) 
PARAMETRIC_REPRESENTATION_CONTEXT() REPRESENTATION_CONTEXT('2D SPACE',''
  ) );
#9116 = ORIENTED_EDGE('',*,*,#8973,.F.);
#9117 = ORIENTED_EDGE('',*,*,#9118,.F.);
#9118 = EDGE_CURVE('',#9119,#8974,#9121,.T.);
#9119 = VERTEX_POINT('',#9120);
#9120 = CARTESIAN_POINT('',(66.75,0.6,1.6));
#9121 = SURFACE_CURVE('',#9122,(#9126,#9132),.PCURVE_S1.);
#9122 = LINE('',#9123,#9124);
#9123 = CARTESIAN_POINT('',(66.75,0.6,0.8));
#9124 = VECTOR('',#9125,1.);
#9125 = DIRECTION('',(0.,0.,1.));
#9126 = PCURVE('',#8993,#9127);
#9127 = DEFINITIONAL_REPRESENTATION('',(#9128),#9131);
#9128 = B_SPLINE_CURVE_WITH_KNOTS('',1,(#9129,#9130),.UNSPECIFIED.,.F.,
  .F.,(2,2),(0.8,3.6),.PIECEWISE_BEZIER_KNOTS.);
#9129 = CARTESIAN_POINT('',(0.,-1.35));
#9130 = CARTESIAN_POINT('',(2.8,-1.35));
#9131 = ( GEOMETRIC_REPRESENTATION_CONTEXT(2) 
PARAMETRIC_REPRESENTATION_CONTEXT() REPRESENTATION_CONTEXT('2D SPACE',''
  ) );
#9132 = PCURVE('',#9022,#9133);
#9133 = DEFINITIONAL_REPRESENTATION('',(#9134),#9137);
#9134 = B_SPLINE_CURVE_WITH_KNOTS('',1,(#9135,#9136),.UNSPECIFIED.,.F.,
  .F.,(2,2),(0.8,3.6),.PIECEWISE_BEZIER_KNOTS.);
#9135 = CARTESIAN_POINT('',(1.6,67.477));
#9136 = CARTESIAN_POINT('',(4.4,67.477));
#9137 = ( GEOMETRIC_REPRESENTATION_CONTEXT(2) 
PARAMETRIC_REPRESENTATION_CONTEXT() REPRESENTATION_CONTEXT('2D SPACE',''
  ) );
#9138 = ORIENTED_EDGE('',*,*,#9139,.T.);
#9139 = EDGE_CURVE('',#9119,#9140,#9142,.T.);
#9140 = VERTEX_POINT('',#9141);
#9141 = CARTESIAN_POINT('',(66.75,1.35,1.6));
#9142 = SURFACE_CURVE('',#9143,(#9147,#9154),.PCURVE_S1.);
#9143 = LINE('',#9144,#9145);
#9144 = CARTESIAN_POINT('',(66.75,-0.75,1.6));
#9145 = VECTOR('',#9146,1.);
#9146 = DIRECTION('',(0.,1.,0.));
#9147 = PCURVE('',#8993,#9148);
#9148 = DEFINITIONAL_REPRESENTATION('',(#9149),#9153);
#9149 = LINE('',#9150,#9151);
#9150 = CARTESIAN_POINT('',(0.,0.));
#9151 = VECTOR('',#9152,1.);
#9152 = DIRECTION('',(0.,-1.));
#9153 = ( GEOMETRIC_REPRESENTATION_CONTEXT(2) 
PARAMETRIC_REPRESENTATION_CONTEXT() REPRESENTATION_CONTEXT('2D SPACE',''
  ) );
#9154 = PCURVE('',#9155,#9160);
#9155 = PLANE('',#9156);
#9156 = AXIS2_PLACEMENT_3D('',#9157,#9158,#9159);
#9157 = CARTESIAN_POINT('',(66.75,-0.75,1.6));
#9158 = DIRECTION('',(0.,0.,1.));
#9159 = DIRECTION('',(1.,0.,0.));
#9160 = DEFINITIONAL_REPRESENTATION('',(#9161),#9165);
#9161 = LINE('',#9162,#9163);
#9162 = CARTESIAN_POINT('',(0.,0.));
#9163 = VECTOR('',#9164,1.);
#9164 = DIRECTION('',(0.,1.));
#9165 = ( GEOMETRIC_REPRESENTATION_CONTEXT(2) 
PARAMETRIC_REPRESENTATION_CONTEXT() REPRESENTATION_CONTEXT('2D SPACE',''
  ) );
#9166 = ORIENTED_EDGE('',*,*,#9167,.T.);
#9167 = EDGE_CURVE('',#9140,#9095,#9168,.T.);
#9168 = SURFACE_CURVE('',#9169,(#9173,#9180),.PCURVE_S1.);
#9169 = LINE('',#9170,#9171);
#9170 = CARTESIAN_POINT('',(66.75,1.35,1.6));
#9171 = VECTOR('',#9172,1.);
#9172 = DIRECTION('',(0.,0.,1.));
#9173 = PCURVE('',#8993,#9174);
#9174 = DEFINITIONAL_REPRESENTATION('',(#9175),#9179);
#9175 = LINE('',#9176,#9177);
#9176 = CARTESIAN_POINT('',(0.,-2.1));
#9177 = VECTOR('',#9178,1.);
#9178 = DIRECTION('',(1.,0.));
#9179 = ( GEOMETRIC_REPRESENTATION_CONTEXT(2) 
PARAMETRIC_REPRESENTATION_CONTEXT() REPRESENTATION_CONTEXT('2D SPACE',''
  ) );
#9180 = PCURVE('',#9181,#9186);
#9181 = PLANE('',#9182);
#9182 = AXIS2_PLACEMENT_3D('',#9183,#9184,#9185);
#9183 = CARTESIAN_POINT('',(66.75,1.35,1.6));
#9184 = DIRECTION('',(0.,1.,0.));
#9185 = DIRECTION('',(0.,0.,1.));
#9186 = DEFINITIONAL_REPRESENTATION('',(#9187),#9191);
#9187 = LINE('',#9188,#9189);
#9188 = CARTESIAN_POINT('',(0.,0.));
#9189 = VECTOR('',#9190,1.);
#9190 = DIRECTION('',(1.,0.));
#9191 = ( GEOMETRIC_REPRESENTATION_CONTEXT(2) 
PARAMETRIC_REPRESENTATION_CONTEXT() REPRESENTATION_CONTEXT('2D SPACE',''
  ) );
#9192 = ADVANCED_FACE('',(#9193),#9155,.T.);
#9193 = FACE_BOUND('',#9194,.T.);
#9194 = EDGE_LOOP('',(#9195,#9196,#9217,#9245));
#9195 = ORIENTED_EDGE('',*,*,#9139,.F.);
#9196 = ORIENTED_EDGE('',*,*,#9197,.F.);
#9197 = EDGE_CURVE('',#9198,#9119,#9200,.T.);
#9198 = VERTEX_POINT('',#9199);
#9199 = CARTESIAN_POINT('',(69.25,0.6,1.6));
#9200 = SURFACE_CURVE('',#9201,(#9205,#9211),.PCURVE_S1.);
#9201 = LINE('',#9202,#9203);
#9202 = CARTESIAN_POINT('',(33.0115,0.6,1.6));
#9203 = VECTOR('',#9204,1.);
#9204 = DIRECTION('',(-1.,0.,0.));
#9205 = PCURVE('',#9155,#9206);
#9206 = DEFINITIONAL_REPRESENTATION('',(#9207),#9210);
#9207 = B_SPLINE_CURVE_WITH_KNOTS('',1,(#9208,#9209),.UNSPECIFIED.,.F.,
  .F.,(2,2),(-36.2385,-33.7385),.PIECEWISE_BEZIER_KNOTS.);
#9208 = CARTESIAN_POINT('',(2.5,1.35));
#9209 = CARTESIAN_POINT('',(-7.105427357601E-15,1.35));
#9210 = ( GEOMETRIC_REPRESENTATION_CONTEXT(2) 
PARAMETRIC_REPRESENTATION_CONTEXT() REPRESENTATION_CONTEXT('2D SPACE',''
  ) );
#9211 = PCURVE('',#9022,#9212);
#9212 = DEFINITIONAL_REPRESENTATION('',(#9213),#9216);
#9213 = B_SPLINE_CURVE_WITH_KNOTS('',1,(#9214,#9215),.UNSPECIFIED.,.F.,
  .F.,(2,2),(-36.2385,-33.7385),.PIECEWISE_BEZIER_KNOTS.);
#9214 = CARTESIAN_POINT('',(1.6,69.977));
#9215 = CARTESIAN_POINT('',(1.6,67.477));
#9216 = ( GEOMETRIC_REPRESENTATION_CONTEXT(2) 
PARAMETRIC_REPRESENTATION_CONTEXT() REPRESENTATION_CONTEXT('2D SPACE',''
  ) );
#9217 = ORIENTED_EDGE('',*,*,#9218,.T.);
#9218 = EDGE_CURVE('',#9198,#9219,#9221,.T.);
#9219 = VERTEX_POINT('',#9220);
#9220 = CARTESIAN_POINT('',(69.25,1.35,1.6));
#9221 = SURFACE_CURVE('',#9222,(#9226,#9233),.PCURVE_S1.);
#9222 = LINE('',#9223,#9224);
#9223 = CARTESIAN_POINT('',(69.25,-0.75,1.6));
#9224 = VECTOR('',#9225,1.);
#9225 = DIRECTION('',(0.,1.,0.));
#9226 = PCURVE('',#9155,#9227);
#9227 = DEFINITIONAL_REPRESENTATION('',(#9228),#9232);
#9228 = LINE('',#9229,#9230);
#9229 = CARTESIAN_POINT('',(2.5,0.));
#9230 = VECTOR('',#9231,1.);
#9231 = DIRECTION('',(0.,1.));
#9232 = ( GEOMETRIC_REPRESENTATION_CONTEXT(2) 
PARAMETRIC_REPRESENTATION_CONTEXT() REPRESENTATION_CONTEXT('2D SPACE',''
  ) );
#9233 = PCURVE('',#9234,#9239);
#9234 = PLANE('',#9235);
#9235 = AXIS2_PLACEMENT_3D('',#9236,#9237,#9238);
#9236 = CARTESIAN_POINT('',(69.25,-0.75,1.6));
#9237 = DIRECTION('',(1.,0.,0.));
#9238 = DIRECTION('',(0.,0.,1.));
#9239 = DEFINITIONAL_REPRESENTATION('',(#9240),#9244);
#9240 = LINE('',#9241,#9242);
#9241 = CARTESIAN_POINT('',(0.,0.));
#9242 = VECTOR('',#9243,1.);
#9243 = DIRECTION('',(0.,-1.));
#9244 = ( GEOMETRIC_REPRESENTATION_CONTEXT(2) 
PARAMETRIC_REPRESENTATION_CONTEXT() REPRESENTATION_CONTEXT('2D SPACE',''
  ) );
#9245 = ORIENTED_EDGE('',*,*,#9246,.F.);
#9246 = EDGE_CURVE('',#9140,#9219,#9247,.T.);
#9247 = SURFACE_CURVE('',#9248,(#9252,#9259),.PCURVE_S1.);
#9248 = LINE('',#9249,#9250);
#9249 = CARTESIAN_POINT('',(66.75,1.35,1.6));
#9250 = VECTOR('',#9251,1.);
#9251 = DIRECTION('',(1.,0.,0.));
#9252 = PCURVE('',#9155,#9253);
#9253 = DEFINITIONAL_REPRESENTATION('',(#9254),#9258);
#9254 = LINE('',#9255,#9256);
#9255 = CARTESIAN_POINT('',(0.,2.1));
#9256 = VECTOR('',#9257,1.);
#9257 = DIRECTION('',(1.,0.));
#9258 = ( GEOMETRIC_REPRESENTATION_CONTEXT(2) 
PARAMETRIC_REPRESENTATION_CONTEXT() REPRESENTATION_CONTEXT('2D SPACE',''
  ) );
#9259 = PCURVE('',#9181,#9260);
#9260 = DEFINITIONAL_REPRESENTATION('',(#9261),#9265);
#9261 = LINE('',#9262,#9263);
#9262 = CARTESIAN_POINT('',(0.,0.));
#9263 = VECTOR('',#9264,1.);
#9264 = DIRECTION('',(0.,1.));
#9265 = ( GEOMETRIC_REPRESENTATION_CONTEXT(2) 
PARAMETRIC_REPRESENTATION_CONTEXT() REPRESENTATION_CONTEXT('2D SPACE',''
  ) );
#9266 = ADVANCED_FACE('',(#9267),#9234,.F.);
#9267 = FACE_BOUND('',#9268,.F.);
#9268 = EDGE_LOOP('',(#9269,#9292,#9315,#9344,#9363));
#9269 = ORIENTED_EDGE('',*,*,#9270,.T.);
#9270 = EDGE_CURVE('',#9219,#9271,#9273,.T.);
#9271 = VERTEX_POINT('',#9272);
#9272 = CARTESIAN_POINT('',(69.25,1.35,4.4));
#9273 = SURFACE_CURVE('',#9274,(#9278,#9285),.PCURVE_S1.);
#9274 = LINE('',#9275,#9276);
#9275 = CARTESIAN_POINT('',(69.25,1.35,1.6));
#9276 = VECTOR('',#9277,1.);
#9277 = DIRECTION('',(0.,0.,1.));
#9278 = PCURVE('',#9234,#9279);
#9279 = DEFINITIONAL_REPRESENTATION('',(#9280),#9284);
#9280 = LINE('',#9281,#9282);
#9281 = CARTESIAN_POINT('',(0.,-2.1));
#9282 = VECTOR('',#9283,1.);
#9283 = DIRECTION('',(1.,0.));
#9284 = ( GEOMETRIC_REPRESENTATION_CONTEXT(2) 
PARAMETRIC_REPRESENTATION_CONTEXT() REPRESENTATION_CONTEXT('2D SPACE',''
  ) );
#9285 = PCURVE('',#9181,#9286);
#9286 = DEFINITIONAL_REPRESENTATION('',(#9287),#9291);
#9287 = LINE('',#9288,#9289);
#9288 = CARTESIAN_POINT('',(0.,2.5));
#9289 = VECTOR('',#9290,1.);
#9290 = DIRECTION('',(1.,0.));
#9291 = ( GEOMETRIC_REPRESENTATION_CONTEXT(2) 
PARAMETRIC_REPRESENTATION_CONTEXT() REPRESENTATION_CONTEXT('2D SPACE',''
  ) );
#9292 = ORIENTED_EDGE('',*,*,#9293,.T.);
#9293 = EDGE_CURVE('',#9271,#9294,#9296,.T.);
#9294 = VERTEX_POINT('',#9295);
#9295 = CARTESIAN_POINT('',(69.25,0.9,4.4));
#9296 = SURFACE_CURVE('',#9297,(#9301,#9308),.PCURVE_S1.);
#9297 = LINE('',#9298,#9299);
#9298 = CARTESIAN_POINT('',(69.25,1.35,4.4));
#9299 = VECTOR('',#9300,1.);
#9300 = DIRECTION('',(0.,-1.,0.));
#9301 = PCURVE('',#9234,#9302);
#9302 = DEFINITIONAL_REPRESENTATION('',(#9303),#9307);
#9303 = LINE('',#9304,#9305);
#9304 = CARTESIAN_POINT('',(2.8,-2.1));
#9305 = VECTOR('',#9306,1.);
#9306 = DIRECTION('',(0.,1.));
#9307 = ( GEOMETRIC_REPRESENTATION_CONTEXT(2) 
PARAMETRIC_REPRESENTATION_CONTEXT() REPRESENTATION_CONTEXT('2D SPACE',''
  ) );
#9308 = PCURVE('',#370,#9309);
#9309 = DEFINITIONAL_REPRESENTATION('',(#9310),#9314);
#9310 = LINE('',#9311,#9312);
#9311 = CARTESIAN_POINT('',(32.259333194243,11.145020362289));
#9312 = VECTOR('',#9313,1.);
#9313 = DIRECTION('',(0.,-1.));
#9314 = ( GEOMETRIC_REPRESENTATION_CONTEXT(2) 
PARAMETRIC_REPRESENTATION_CONTEXT() REPRESENTATION_CONTEXT('2D SPACE',''
  ) );
#9315 = ORIENTED_EDGE('',*,*,#9316,.F.);
#9316 = EDGE_CURVE('',#9317,#9294,#9319,.T.);
#9317 = VERTEX_POINT('',#9318);
#9318 = CARTESIAN_POINT('',(69.25,0.6,3.5));
#9319 = SURFACE_CURVE('',#9320,(#9326,#9335),.PCURVE_S1.);
#9320 = B_SPLINE_CURVE_WITH_KNOTS('',4,(#9321,#9322,#9323,#9324,#9325),
  .UNSPECIFIED.,.F.,.F.,(5,5),(0.,1.),.PIECEWISE_BEZIER_KNOTS.);
#9321 = CARTESIAN_POINT('',(69.25,0.6,3.5));
#9322 = CARTESIAN_POINT('',(69.25,0.674978695736,3.724936087207));
#9323 = CARTESIAN_POINT('',(69.25,0.749971774218,3.949915322653));
#9324 = CARTESIAN_POINT('',(69.25,0.824978962693,4.174936888078));
#9325 = CARTESIAN_POINT('',(69.25,0.9,4.4));
#9326 = PCURVE('',#9234,#9327);
#9327 = DEFINITIONAL_REPRESENTATION('',(#9328),#9334);
#9328 = B_SPLINE_CURVE_WITH_KNOTS('',4,(#9329,#9330,#9331,#9332,#9333),
  .UNSPECIFIED.,.F.,.F.,(5,5),(0.,1.),.PIECEWISE_BEZIER_KNOTS.);
#9329 = CARTESIAN_POINT('',(1.9,-1.35));
#9330 = CARTESIAN_POINT('',(2.124936087207,-1.424978695736));
#9331 = CARTESIAN_POINT('',(2.349915322653,-1.499971774218));
#9332 = CARTESIAN_POINT('',(2.574936888078,-1.574978962693));
#9333 = CARTESIAN_POINT('',(2.8,-1.65));
#9334 = ( GEOMETRIC_REPRESENTATION_CONTEXT(2) 
PARAMETRIC_REPRESENTATION_CONTEXT() REPRESENTATION_CONTEXT('2D SPACE',''
  ) );
#9335 = PCURVE('',#1785,#9336);
#9336 = DEFINITIONAL_REPRESENTATION('',(#9337),#9343);
#9337 = B_SPLINE_CURVE_WITH_KNOTS('',4,(#9338,#9339,#9340,#9341,#9342),
  .UNSPECIFIED.,.F.,.F.,(5,5),(0.,1.),.PIECEWISE_BEZIER_KNOTS.);
#9338 = CARTESIAN_POINT('',(4.594691487221,0.));
#9339 = CARTESIAN_POINT('',(4.661029668667,0.249928985785));
#9340 = CARTESIAN_POINT('',(4.727024665672,0.499905914059));
#9341 = CARTESIAN_POINT('',(4.792680225732,0.749929875642));
#9342 = CARTESIAN_POINT('',(4.858,1.));
#9343 = ( GEOMETRIC_REPRESENTATION_CONTEXT(2) 
PARAMETRIC_REPRESENTATION_CONTEXT() REPRESENTATION_CONTEXT('2D SPACE',''
  ) );
#9344 = ORIENTED_EDGE('',*,*,#9345,.F.);
#9345 = EDGE_CURVE('',#9198,#9317,#9346,.T.);
#9346 = SURFACE_CURVE('',#9347,(#9351,#9357),.PCURVE_S1.);
#9347 = LINE('',#9348,#9349);
#9348 = CARTESIAN_POINT('',(69.25,0.6,0.8));
#9349 = VECTOR('',#9350,1.);
#9350 = DIRECTION('',(0.,0.,1.));
#9351 = PCURVE('',#9234,#9352);
#9352 = DEFINITIONAL_REPRESENTATION('',(#9353),#9356);
#9353 = B_SPLINE_CURVE_WITH_KNOTS('',1,(#9354,#9355),.UNSPECIFIED.,.F.,
  .F.,(2,2),(0.8,3.6),.PIECEWISE_BEZIER_KNOTS.);
#9354 = CARTESIAN_POINT('',(0.,-1.35));
#9355 = CARTESIAN_POINT('',(2.8,-1.35));
#9356 = ( GEOMETRIC_REPRESENTATION_CONTEXT(2) 
PARAMETRIC_REPRESENTATION_CONTEXT() REPRESENTATION_CONTEXT('2D SPACE',''
  ) );
#9357 = PCURVE('',#9022,#9358);
#9358 = DEFINITIONAL_REPRESENTATION('',(#9359),#9362);
#9359 = B_SPLINE_CURVE_WITH_KNOTS('',1,(#9360,#9361),.UNSPECIFIED.,.F.,
  .F.,(2,2),(0.8,3.6),.PIECEWISE_BEZIER_KNOTS.);
#9360 = CARTESIAN_POINT('',(1.6,69.977));
#9361 = CARTESIAN_POINT('',(4.4,69.977));
#9362 = ( GEOMETRIC_REPRESENTATION_CONTEXT(2) 
PARAMETRIC_REPRESENTATION_CONTEXT() REPRESENTATION_CONTEXT('2D SPACE',''
  ) );
#9363 = ORIENTED_EDGE('',*,*,#9218,.T.);
#9364 = ADVANCED_FACE('',(#9365),#9181,.F.);
#9365 = FACE_BOUND('',#9366,.F.);
#9366 = EDGE_LOOP('',(#9367,#9368,#9369,#9370));
#9367 = ORIENTED_EDGE('',*,*,#9270,.F.);
#9368 = ORIENTED_EDGE('',*,*,#9246,.F.);
#9369 = ORIENTED_EDGE('',*,*,#9167,.T.);
#9370 = ORIENTED_EDGE('',*,*,#9371,.F.);
#9371 = EDGE_CURVE('',#9271,#9095,#9372,.T.);
#9372 = SURFACE_CURVE('',#9373,(#9377,#9383),.PCURVE_S1.);
#9373 = LINE('',#9374,#9375);
#9374 = CARTESIAN_POINT('',(51.870333402879,1.35,4.4));
#9375 = VECTOR('',#9376,1.);
#9376 = DIRECTION('',(-1.,0.,0.));
#9377 = PCURVE('',#9181,#9378);
#9378 = DEFINITIONAL_REPRESENTATION('',(#9379),#9382);
#9379 = B_SPLINE_CURVE_WITH_KNOTS('',1,(#9380,#9381),.UNSPECIFIED.,.F.,
  .F.,(2,2),(-17.37966659712,-14.87966659712),.PIECEWISE_BEZIER_KNOTS.);
#9380 = CARTESIAN_POINT('',(2.8,2.5));
#9381 = CARTESIAN_POINT('',(2.8,0.));
#9382 = ( GEOMETRIC_REPRESENTATION_CONTEXT(2) 
PARAMETRIC_REPRESENTATION_CONTEXT() REPRESENTATION_CONTEXT('2D SPACE',''
  ) );
#9383 = PCURVE('',#370,#9384);
#9384 = DEFINITIONAL_REPRESENTATION('',(#9385),#9389);
#9385 = LINE('',#9386,#9387);
#9386 = CARTESIAN_POINT('',(14.879666597121,11.145020362289));
#9387 = VECTOR('',#9388,1.);
#9388 = DIRECTION('',(-1.,0.));
#9389 = ( GEOMETRIC_REPRESENTATION_CONTEXT(2) 
PARAMETRIC_REPRESENTATION_CONTEXT() REPRESENTATION_CONTEXT('2D SPACE',''
  ) );
#9390 = ADVANCED_FACE('',(#9391),#9022,.F.);
#9391 = FACE_BOUND('',#9392,.F.);
#9392 = EDGE_LOOP('',(#9393,#9423,#9442,#9443,#9444,#9445,#9446,#9468));
#9393 = ORIENTED_EDGE('',*,*,#9394,.F.);
#9394 = EDGE_CURVE('',#9395,#9397,#9399,.T.);
#9395 = VERTEX_POINT('',#9396);
#9396 = CARTESIAN_POINT('',(66.450806661517,0.6,0.));
#9397 = VERTEX_POINT('',#9398);
#9398 = CARTESIAN_POINT('',(69.549193338483,0.6,0.));
#9399 = SURFACE_CURVE('',#9400,(#9404,#9411),.PCURVE_S1.);
#9400 = LINE('',#9401,#9402);
#9401 = CARTESIAN_POINT('',(-0.727,0.6,0.));
#9402 = VECTOR('',#9403,1.);
#9403 = DIRECTION('',(1.,0.,0.));
#9404 = PCURVE('',#9022,#9405);
#9405 = DEFINITIONAL_REPRESENTATION('',(#9406),#9410);
#9406 = LINE('',#9407,#9408);
#9407 = CARTESIAN_POINT('',(0.,0.));
#9408 = VECTOR('',#9409,1.);
#9409 = DIRECTION('',(0.,1.));
#9410 = ( GEOMETRIC_REPRESENTATION_CONTEXT(2) 
PARAMETRIC_REPRESENTATION_CONTEXT() REPRESENTATION_CONTEXT('2D SPACE',''
  ) );
#9411 = PCURVE('',#9412,#9417);
#9412 = PLANE('',#9413);
#9413 = AXIS2_PLACEMENT_3D('',#9414,#9415,#9416);
#9414 = CARTESIAN_POINT('',(-0.727,-21.837,0.));
#9415 = DIRECTION('',(0.,0.,1.));
#9416 = DIRECTION('',(1.,0.,0.));
#9417 = DEFINITIONAL_REPRESENTATION('',(#9418),#9422);
#9418 = LINE('',#9419,#9420);
#9419 = CARTESIAN_POINT('',(0.,22.437));
#9420 = VECTOR('',#9421,1.);
#9421 = DIRECTION('',(1.,0.));
#9422 = ( GEOMETRIC_REPRESENTATION_CONTEXT(2) 
PARAMETRIC_REPRESENTATION_CONTEXT() REPRESENTATION_CONTEXT('2D SPACE',''
  ) );
#9423 = ORIENTED_EDGE('',*,*,#9424,.F.);
#9424 = EDGE_CURVE('',#9008,#9395,#9425,.T.);
#9425 = SURFACE_CURVE('',#9426,(#9430,#9436),.PCURVE_S1.);
#9426 = LINE('',#9427,#9428);
#9427 = CARTESIAN_POINT('',(66.450806661517,0.6,-4.));
#9428 = VECTOR('',#9429,1.);
#9429 = DIRECTION('',(-0.,-0.,-1.));
#9430 = PCURVE('',#9022,#9431);
#9431 = DEFINITIONAL_REPRESENTATION('',(#9432),#9435);
#9432 = B_SPLINE_CURVE_WITH_KNOTS('',1,(#9433,#9434),.UNSPECIFIED.,.F.,
  .F.,(2,2),(-8.4000006,-2.6),.PIECEWISE_BEZIER_KNOTS.);
#9433 = CARTESIAN_POINT('',(4.4000006,67.177806661517));
#9434 = CARTESIAN_POINT('',(-1.4,67.177806661517));
#9435 = ( GEOMETRIC_REPRESENTATION_CONTEXT(2) 
PARAMETRIC_REPRESENTATION_CONTEXT() REPRESENTATION_CONTEXT('2D SPACE',''
  ) );
#9436 = PCURVE('',#2412,#9437);
#9437 = DEFINITIONAL_REPRESENTATION('',(#9438),#9441);
#9438 = B_SPLINE_CURVE_WITH_KNOTS('',1,(#9439,#9440),.UNSPECIFIED.,.F.,
  .F.,(2,2),(-8.4000006,-2.6),.PIECEWISE_BEZIER_KNOTS.);
#9439 = CARTESIAN_POINT('',(-4.207028470101,-8.4000006));
#9440 = CARTESIAN_POINT('',(-4.207028470101,-2.6));
#9441 = ( GEOMETRIC_REPRESENTATION_CONTEXT(2) 
PARAMETRIC_REPRESENTATION_CONTEXT() REPRESENTATION_CONTEXT('2D SPACE',''
  ) );
#9442 = ORIENTED_EDGE('',*,*,#9007,.F.);
#9443 = ORIENTED_EDGE('',*,*,#9118,.F.);
#9444 = ORIENTED_EDGE('',*,*,#9197,.F.);
#9445 = ORIENTED_EDGE('',*,*,#9345,.T.);
#9446 = ORIENTED_EDGE('',*,*,#9447,.F.);
#9447 = EDGE_CURVE('',#9448,#9317,#9450,.T.);
#9448 = VERTEX_POINT('',#9449);
#9449 = CARTESIAN_POINT('',(69.549193338483,0.6,3.5));
#9450 = SURFACE_CURVE('',#9451,(#9455,#9462),.PCURVE_S1.);
#9451 = LINE('',#9452,#9453);
#9452 = CARTESIAN_POINT('',(73.808,0.6,3.5));
#9453 = VECTOR('',#9454,1.);
#9454 = DIRECTION('',(-1.,0.,0.));
#9455 = PCURVE('',#9022,#9456);
#9456 = DEFINITIONAL_REPRESENTATION('',(#9457),#9461);
#9457 = LINE('',#9458,#9459);
#9458 = CARTESIAN_POINT('',(3.5,74.535));
#9459 = VECTOR('',#9460,1.);
#9460 = DIRECTION('',(0.,-1.));
#9461 = ( GEOMETRIC_REPRESENTATION_CONTEXT(2) 
PARAMETRIC_REPRESENTATION_CONTEXT() REPRESENTATION_CONTEXT('2D SPACE',''
  ) );
#9462 = PCURVE('',#1785,#9463);
#9463 = DEFINITIONAL_REPRESENTATION('',(#9464),#9467);
#9464 = B_SPLINE_CURVE_WITH_KNOTS('',1,(#9465,#9466),.UNSPECIFIED.,.F.,
  .F.,(2,2),(0.,74.535),.PIECEWISE_BEZIER_KNOTS.);
#9465 = CARTESIAN_POINT('',(0.,0.));
#9466 = CARTESIAN_POINT('',(75.135,0.));
#9467 = ( GEOMETRIC_REPRESENTATION_CONTEXT(2) 
PARAMETRIC_REPRESENTATION_CONTEXT() REPRESENTATION_CONTEXT('2D SPACE',''
  ) );
#9468 = ORIENTED_EDGE('',*,*,#9469,.T.);
#9469 = EDGE_CURVE('',#9448,#9397,#9470,.T.);
#9470 = SURFACE_CURVE('',#9471,(#9475,#9481),.PCURVE_S1.);
#9471 = LINE('',#9472,#9473);
#9472 = CARTESIAN_POINT('',(69.549193338483,0.6,-4.));
#9473 = VECTOR('',#9474,1.);
#9474 = DIRECTION('',(-0.,-0.,-1.));
#9475 = PCURVE('',#9022,#9476);
#9476 = DEFINITIONAL_REPRESENTATION('',(#9477),#9480);
#9477 = B_SPLINE_CURVE_WITH_KNOTS('',1,(#9478,#9479),.UNSPECIFIED.,.F.,
  .F.,(2,2),(-8.4000006,-2.6),.PIECEWISE_BEZIER_KNOTS.);
#9478 = CARTESIAN_POINT('',(4.4000006,70.276193338483));
#9479 = CARTESIAN_POINT('',(-1.4,70.276193338483));
#9480 = ( GEOMETRIC_REPRESENTATION_CONTEXT(2) 
PARAMETRIC_REPRESENTATION_CONTEXT() REPRESENTATION_CONTEXT('2D SPACE',''
  ) );
#9481 = PCURVE('',#2299,#9482);
#9482 = DEFINITIONAL_REPRESENTATION('',(#9483),#9486);
#9483 = B_SPLINE_CURVE_WITH_KNOTS('',1,(#9484,#9485),.UNSPECIFIED.,.F.,
  .F.,(2,2),(-8.4000006,-2.6),.PIECEWISE_BEZIER_KNOTS.);
#9484 = CARTESIAN_POINT('',(-5.217749490669,-8.4000006));
#9485 = CARTESIAN_POINT('',(-5.217749490669,-2.6));
#9486 = ( GEOMETRIC_REPRESENTATION_CONTEXT(2) 
PARAMETRIC_REPRESENTATION_CONTEXT() REPRESENTATION_CONTEXT('2D SPACE',''
  ) );
#9487 = ADVANCED_FACE('',(#9488),#9412,.T.);
#9488 = FACE_BOUND('',#9489,.T.);
#9489 = EDGE_LOOP('',(#9490,#9491,#9519,#9542,#9565,#9588));
#9490 = ORIENTED_EDGE('',*,*,#9394,.F.);
#9491 = ORIENTED_EDGE('',*,*,#9492,.F.);
#9492 = EDGE_CURVE('',#9493,#9395,#9495,.T.);
#9493 = VERTEX_POINT('',#9494);
#9494 = CARTESIAN_POINT('',(67.,0.360263169286,0.));
#9495 = SURFACE_CURVE('',#9496,(#9501,#9512),.PCURVE_S1.);
#9496 = CIRCLE('',#9497,3.2);
#9497 = AXIS2_PLACEMENT_3D('',#9498,#9499,#9500);
#9498 = CARTESIAN_POINT('',(68.,3.4,0.));
#9499 = DIRECTION('',(0.,0.,-1.));
#9500 = DIRECTION('',(1.,0.,0.));
#9501 = PCURVE('',#9412,#9502);
#9502 = DEFINITIONAL_REPRESENTATION('',(#9503),#9511);
#9503 = ( BOUNDED_CURVE() B_SPLINE_CURVE(2,(#9504,#9505,#9506,#9507,
#9508,#9509,#9510),.UNSPECIFIED.,.T.,.F.) B_SPLINE_CURVE_WITH_KNOTS((1,2
    ,2,2,2,1),(-2.094395102393,0.,2.094395102393,4.188790204786,
6.28318530718,8.377580409573),.UNSPECIFIED.) CURVE() 
GEOMETRIC_REPRESENTATION_ITEM() RATIONAL_B_SPLINE_CURVE((1.,0.5,1.,0.5,
1.,0.5,1.)) REPRESENTATION_ITEM('') );
#9504 = CARTESIAN_POINT('',(71.927,25.237));
#9505 = CARTESIAN_POINT('',(71.927,19.69443741578));
#9506 = CARTESIAN_POINT('',(67.127,22.46571870789));
#9507 = CARTESIAN_POINT('',(62.327,25.237));
#9508 = CARTESIAN_POINT('',(67.127,28.00828129211));
#9509 = CARTESIAN_POINT('',(71.927,30.77956258422));
#9510 = CARTESIAN_POINT('',(71.927,25.237));
#9511 = ( GEOMETRIC_REPRESENTATION_CONTEXT(2) 
PARAMETRIC_REPRESENTATION_CONTEXT() REPRESENTATION_CONTEXT('2D SPACE',''
  ) );
#9512 = PCURVE('',#2412,#9513);
#9513 = DEFINITIONAL_REPRESENTATION('',(#9514),#9518);
#9514 = LINE('',#9515,#9516);
#9515 = CARTESIAN_POINT('',(-6.28318530718,-4.));
#9516 = VECTOR('',#9517,1.);
#9517 = DIRECTION('',(1.,-0.));
#9518 = ( GEOMETRIC_REPRESENTATION_CONTEXT(2) 
PARAMETRIC_REPRESENTATION_CONTEXT() REPRESENTATION_CONTEXT('2D SPACE',''
  ) );
#9519 = ORIENTED_EDGE('',*,*,#9520,.F.);
#9520 = EDGE_CURVE('',#9521,#9493,#9523,.T.);
#9521 = VERTEX_POINT('',#9522);
#9522 = CARTESIAN_POINT('',(67.,-0.55,0.));
#9523 = SURFACE_CURVE('',#9524,(#9528,#9535),.PCURVE_S1.);
#9524 = LINE('',#9525,#9526);
#9525 = CARTESIAN_POINT('',(67.,-0.55,0.));
#9526 = VECTOR('',#9527,1.);
#9527 = DIRECTION('',(0.,1.,0.));
#9528 = PCURVE('',#9412,#9529);
#9529 = DEFINITIONAL_REPRESENTATION('',(#9530),#9534);
#9530 = LINE('',#9531,#9532);
#9531 = CARTESIAN_POINT('',(67.727,21.287));
#9532 = VECTOR('',#9533,1.);
#9533 = DIRECTION('',(0.,1.));
#9534 = ( GEOMETRIC_REPRESENTATION_CONTEXT(2) 
PARAMETRIC_REPRESENTATION_CONTEXT() REPRESENTATION_CONTEXT('2D SPACE',''
  ) );
#9535 = PCURVE('',#2383,#9536);
#9536 = DEFINITIONAL_REPRESENTATION('',(#9537),#9541);
#9537 = LINE('',#9538,#9539);
#9538 = CARTESIAN_POINT('',(4.,0.));
#9539 = VECTOR('',#9540,1.);
#9540 = DIRECTION('',(0.,-1.));
#9541 = ( GEOMETRIC_REPRESENTATION_CONTEXT(2) 
PARAMETRIC_REPRESENTATION_CONTEXT() REPRESENTATION_CONTEXT('2D SPACE',''
  ) );
#9542 = ORIENTED_EDGE('',*,*,#9543,.T.);
#9543 = EDGE_CURVE('',#9521,#9544,#9546,.T.);
#9544 = VERTEX_POINT('',#9545);
#9545 = CARTESIAN_POINT('',(69.,-0.55,0.));
#9546 = SURFACE_CURVE('',#9547,(#9551,#9558),.PCURVE_S1.);
#9547 = LINE('',#9548,#9549);
#9548 = CARTESIAN_POINT('',(67.,-0.55,0.));
#9549 = VECTOR('',#9550,1.);
#9550 = DIRECTION('',(1.,0.,0.));
#9551 = PCURVE('',#9412,#9552);
#9552 = DEFINITIONAL_REPRESENTATION('',(#9553),#9557);
#9553 = LINE('',#9554,#9555);
#9554 = CARTESIAN_POINT('',(67.727,21.287));
#9555 = VECTOR('',#9556,1.);
#9556 = DIRECTION('',(1.,0.));
#9557 = ( GEOMETRIC_REPRESENTATION_CONTEXT(2) 
PARAMETRIC_REPRESENTATION_CONTEXT() REPRESENTATION_CONTEXT('2D SPACE',''
  ) );
#9558 = PCURVE('',#2355,#9559);
#9559 = DEFINITIONAL_REPRESENTATION('',(#9560),#9564);
#9560 = LINE('',#9561,#9562);
#9561 = CARTESIAN_POINT('',(4.,0.));
#9562 = VECTOR('',#9563,1.);
#9563 = DIRECTION('',(0.,1.));
#9564 = ( GEOMETRIC_REPRESENTATION_CONTEXT(2) 
PARAMETRIC_REPRESENTATION_CONTEXT() REPRESENTATION_CONTEXT('2D SPACE',''
  ) );
#9565 = ORIENTED_EDGE('',*,*,#9566,.T.);
#9566 = EDGE_CURVE('',#9544,#9567,#9569,.T.);
#9567 = VERTEX_POINT('',#9568);
#9568 = CARTESIAN_POINT('',(69.,0.360263169286,0.));
#9569 = SURFACE_CURVE('',#9570,(#9574,#9581),.PCURVE_S1.);
#9570 = LINE('',#9571,#9572);
#9571 = CARTESIAN_POINT('',(69.,-0.55,0.));
#9572 = VECTOR('',#9573,1.);
#9573 = DIRECTION('',(0.,1.,0.));
#9574 = PCURVE('',#9412,#9575);
#9575 = DEFINITIONAL_REPRESENTATION('',(#9576),#9580);
#9576 = LINE('',#9577,#9578);
#9577 = CARTESIAN_POINT('',(69.727,21.287));
#9578 = VECTOR('',#9579,1.);
#9579 = DIRECTION('',(0.,1.));
#9580 = ( GEOMETRIC_REPRESENTATION_CONTEXT(2) 
PARAMETRIC_REPRESENTATION_CONTEXT() REPRESENTATION_CONTEXT('2D SPACE',''
  ) );
#9581 = PCURVE('',#2327,#9582);
#9582 = DEFINITIONAL_REPRESENTATION('',(#9583),#9587);
#9583 = LINE('',#9584,#9585);
#9584 = CARTESIAN_POINT('',(4.,0.));
#9585 = VECTOR('',#9586,1.);
#9586 = DIRECTION('',(0.,-1.));
#9587 = ( GEOMETRIC_REPRESENTATION_CONTEXT(2) 
PARAMETRIC_REPRESENTATION_CONTEXT() REPRESENTATION_CONTEXT('2D SPACE',''
  ) );
#9588 = ORIENTED_EDGE('',*,*,#9589,.F.);
#9589 = EDGE_CURVE('',#9397,#9567,#9590,.T.);
#9590 = SURFACE_CURVE('',#9591,(#9596,#9607),.PCURVE_S1.);
#9591 = CIRCLE('',#9592,3.2);
#9592 = AXIS2_PLACEMENT_3D('',#9593,#9594,#9595);
#9593 = CARTESIAN_POINT('',(68.,3.4,0.));
#9594 = DIRECTION('',(0.,0.,-1.));
#9595 = DIRECTION('',(1.,0.,0.));
#9596 = PCURVE('',#9412,#9597);
#9597 = DEFINITIONAL_REPRESENTATION('',(#9598),#9606);
#9598 = ( BOUNDED_CURVE() B_SPLINE_CURVE(2,(#9599,#9600,#9601,#9602,
#9603,#9604,#9605),.UNSPECIFIED.,.T.,.F.) B_SPLINE_CURVE_WITH_KNOTS((1,2
    ,2,2,2,1),(-2.094395102393,0.,2.094395102393,4.188790204786,
6.28318530718,8.377580409573),.UNSPECIFIED.) CURVE() 
GEOMETRIC_REPRESENTATION_ITEM() RATIONAL_B_SPLINE_CURVE((1.,0.5,1.,0.5,
1.,0.5,1.)) REPRESENTATION_ITEM('') );
#9599 = CARTESIAN_POINT('',(71.927,25.237));
#9600 = CARTESIAN_POINT('',(71.927,19.69443741578));
#9601 = CARTESIAN_POINT('',(67.127,22.46571870789));
#9602 = CARTESIAN_POINT('',(62.327,25.237));
#9603 = CARTESIAN_POINT('',(67.127,28.00828129211));
#9604 = CARTESIAN_POINT('',(71.927,30.77956258422));
#9605 = CARTESIAN_POINT('',(71.927,25.237));
#9606 = ( GEOMETRIC_REPRESENTATION_CONTEXT(2) 
PARAMETRIC_REPRESENTATION_CONTEXT() REPRESENTATION_CONTEXT('2D SPACE',''
  ) );
#9607 = PCURVE('',#2299,#9608);
#9608 = DEFINITIONAL_REPRESENTATION('',(#9609),#9613);
#9609 = LINE('',#9610,#9611);
#9610 = CARTESIAN_POINT('',(-6.28318530718,-4.));
#9611 = VECTOR('',#9612,1.);
#9612 = DIRECTION('',(1.,-0.));
#9613 = ( GEOMETRIC_REPRESENTATION_CONTEXT(2) 
PARAMETRIC_REPRESENTATION_CONTEXT() REPRESENTATION_CONTEXT('2D SPACE',''
  ) );
#9614 = ADVANCED_FACE('',(#9615),#8740,.F.);
#9615 = FACE_BOUND('',#9616,.F.);
#9616 = EDGE_LOOP('',(#9617,#9618,#9619,#9620));
#9617 = ORIENTED_EDGE('',*,*,#8871,.F.);
#9618 = ORIENTED_EDGE('',*,*,#8825,.F.);
#9619 = ORIENTED_EDGE('',*,*,#8724,.T.);
#9620 = ORIENTED_EDGE('',*,*,#9621,.F.);
#9621 = EDGE_CURVE('',#8872,#8725,#9622,.T.);
#9622 = SURFACE_CURVE('',#9623,(#9627,#9633),.PCURVE_S1.);
#9623 = LINE('',#9624,#9625);
#9624 = CARTESIAN_POINT('',(43.845333402879,2.5,4.4));
#9625 = VECTOR('',#9626,1.);
#9626 = DIRECTION('',(-1.,0.,0.));
#9627 = PCURVE('',#8740,#9628);
#9628 = DEFINITIONAL_REPRESENTATION('',(#9629),#9632);
#9629 = B_SPLINE_CURVE_WITH_KNOTS('',1,(#9630,#9631),.UNSPECIFIED.,.F.,
  .F.,(2,2),(-20.25466659712,-6.854666597121),.PIECEWISE_BEZIER_KNOTS.);
#9630 = CARTESIAN_POINT('',(7.1,13.4));
#9631 = CARTESIAN_POINT('',(7.1,0.));
#9632 = ( GEOMETRIC_REPRESENTATION_CONTEXT(2) 
PARAMETRIC_REPRESENTATION_CONTEXT() REPRESENTATION_CONTEXT('2D SPACE',''
  ) );
#9633 = PCURVE('',#370,#9634);
#9634 = DEFINITIONAL_REPRESENTATION('',(#9635),#9638);
#9635 = B_SPLINE_CURVE_WITH_KNOTS('',1,(#9636,#9637),.UNSPECIFIED.,.F.,
  .F.,(2,2),(-20.25466659712,-6.854666597121),.PIECEWISE_BEZIER_KNOTS.);
#9636 = CARTESIAN_POINT('',(27.109333194243,12.295020362289));
#9637 = CARTESIAN_POINT('',(13.709333194243,12.295020362289));
#9638 = ( GEOMETRIC_REPRESENTATION_CONTEXT(2) 
PARAMETRIC_REPRESENTATION_CONTEXT() REPRESENTATION_CONTEXT('2D SPACE',''
  ) );
#9639 = ADVANCED_FACE('',(#9640),#8385,.F.);
#9640 = FACE_BOUND('',#9641,.F.);
#9641 = EDGE_LOOP('',(#9642,#9643,#9644,#9645));
#9642 = ORIENTED_EDGE('',*,*,#8550,.F.);
#9643 = ORIENTED_EDGE('',*,*,#8470,.F.);
#9644 = ORIENTED_EDGE('',*,*,#8369,.T.);
#9645 = ORIENTED_EDGE('',*,*,#9646,.F.);
#9646 = EDGE_CURVE('',#8551,#8370,#9647,.T.);
#9647 = SURFACE_CURVE('',#9648,(#9652,#9658),.PCURVE_S1.);
#9648 = LINE('',#9649,#9650);
#9649 = CARTESIAN_POINT('',(40.370333402879,1.35,4.4));
#9650 = VECTOR('',#9651,1.);
#9651 = DIRECTION('',(-1.,0.,0.));
#9652 = PCURVE('',#8385,#9653);
#9653 = DEFINITIONAL_REPRESENTATION('',(#9654),#9657);
#9654 = B_SPLINE_CURVE_WITH_KNOTS('',1,(#9655,#9656),.UNSPECIFIED.,.F.,
  .F.,(2,2),(-5.879666597121,-3.379666597121),.PIECEWISE_BEZIER_KNOTS.);
#9655 = CARTESIAN_POINT('',(2.8,2.5));
#9656 = CARTESIAN_POINT('',(2.8,0.));
#9657 = ( GEOMETRIC_REPRESENTATION_CONTEXT(2) 
PARAMETRIC_REPRESENTATION_CONTEXT() REPRESENTATION_CONTEXT('2D SPACE',''
  ) );
#9658 = PCURVE('',#370,#9659);
#9659 = DEFINITIONAL_REPRESENTATION('',(#9660),#9664);
#9660 = LINE('',#9661,#9662);
#9661 = CARTESIAN_POINT('',(3.379666597121,11.145020362289));
#9662 = VECTOR('',#9663,1.);
#9663 = DIRECTION('',(-1.,0.));
#9664 = ( GEOMETRIC_REPRESENTATION_CONTEXT(2) 
PARAMETRIC_REPRESENTATION_CONTEXT() REPRESENTATION_CONTEXT('2D SPACE',''
  ) );
#9665 = ADVANCED_FACE('',(#9666),#8304,.T.);
#9666 = FACE_BOUND('',#9667,.T.);
#9667 = EDGE_LOOP('',(#9668,#9695,#9696,#9723));
#9668 = ORIENTED_EDGE('',*,*,#9669,.T.);
#9669 = EDGE_CURVE('',#9670,#8268,#9672,.T.);
#9670 = VERTEX_POINT('',#9671);
#9671 = CARTESIAN_POINT('',(29.,0.8,4.4));
#9672 = SURFACE_CURVE('',#9673,(#9677,#9684),.PCURVE_S1.);
#9673 = LINE('',#9674,#9675);
#9674 = CARTESIAN_POINT('',(29.,-4.497510181144,4.4));
#9675 = VECTOR('',#9676,1.);
#9676 = DIRECTION('',(0.,1.,0.));
#9677 = PCURVE('',#8304,#9678);
#9678 = DEFINITIONAL_REPRESENTATION('',(#9679),#9683);
#9679 = LINE('',#9680,#9681);
#9680 = CARTESIAN_POINT('',(33.878729451294,-8.062507106076));
#9681 = VECTOR('',#9682,1.);
#9682 = DIRECTION('',(0.29313878091,-0.956069900753));
#9683 = ( GEOMETRIC_REPRESENTATION_CONTEXT(2) 
PARAMETRIC_REPRESENTATION_CONTEXT() REPRESENTATION_CONTEXT('2D SPACE',''
  ) );
#9684 = PCURVE('',#9685,#9690);
#9685 = PLANE('',#9686);
#9686 = AXIS2_PLACEMENT_3D('',#9687,#9688,#9689);
#9687 = CARTESIAN_POINT('',(29.,0.8,4.35));
#9688 = DIRECTION('',(1.,0.,0.));
#9689 = DIRECTION('',(0.,0.,1.));
#9690 = DEFINITIONAL_REPRESENTATION('',(#9691),#9694);
#9691 = B_SPLINE_CURVE_WITH_KNOTS('',1,(#9692,#9693),.UNSPECIFIED.,.F.,
  .F.,(2,2),(5.297510181144,5.947510181144),.PIECEWISE_BEZIER_KNOTS.);
#9692 = CARTESIAN_POINT('',(5.E-02,0.));
#9693 = CARTESIAN_POINT('',(5.E-02,-0.65));
#9694 = ( GEOMETRIC_REPRESENTATION_CONTEXT(2) 
PARAMETRIC_REPRESENTATION_CONTEXT() REPRESENTATION_CONTEXT('2D SPACE',''
  ) );
#9695 = ORIENTED_EDGE('',*,*,#8290,.F.);
#9696 = ORIENTED_EDGE('',*,*,#9697,.F.);
#9697 = EDGE_CURVE('',#9698,#8192,#9700,.T.);
#9698 = VERTEX_POINT('',#9699);
#9699 = CARTESIAN_POINT('',(39.,0.8,4.4));
#9700 = SURFACE_CURVE('',#9701,(#9705,#9712),.PCURVE_S1.);
#9701 = LINE('',#9702,#9703);
#9702 = CARTESIAN_POINT('',(39.,-4.497510181144,4.4));
#9703 = VECTOR('',#9704,1.);
#9704 = DIRECTION('',(0.,1.,0.));
#9705 = PCURVE('',#8304,#9706);
#9706 = DEFINITIONAL_REPRESENTATION('',(#9707),#9711);
#9707 = LINE('',#9708,#9709);
#9708 = CARTESIAN_POINT('',(43.439428458829,-5.131119296979));
#9709 = VECTOR('',#9710,1.);
#9710 = DIRECTION('',(0.29313878091,-0.956069900753));
#9711 = ( GEOMETRIC_REPRESENTATION_CONTEXT(2) 
PARAMETRIC_REPRESENTATION_CONTEXT() REPRESENTATION_CONTEXT('2D SPACE',''
  ) );
#9712 = PCURVE('',#9713,#9718);
#9713 = PLANE('',#9714);
#9714 = AXIS2_PLACEMENT_3D('',#9715,#9716,#9717);
#9715 = CARTESIAN_POINT('',(39.,0.8,4.35));
#9716 = DIRECTION('',(1.,0.,0.));
#9717 = DIRECTION('',(0.,0.,1.));
#9718 = DEFINITIONAL_REPRESENTATION('',(#9719),#9722);
#9719 = B_SPLINE_CURVE_WITH_KNOTS('',1,(#9720,#9721),.UNSPECIFIED.,.F.,
  .F.,(2,2),(5.297510181144,5.947510181144),.PIECEWISE_BEZIER_KNOTS.);
#9720 = CARTESIAN_POINT('',(5.E-02,0.));
#9721 = CARTESIAN_POINT('',(5.E-02,-0.65));
#9722 = ( GEOMETRIC_REPRESENTATION_CONTEXT(2) 
PARAMETRIC_REPRESENTATION_CONTEXT() REPRESENTATION_CONTEXT('2D SPACE',''
  ) );
#9723 = ORIENTED_EDGE('',*,*,#9724,.T.);
#9724 = EDGE_CURVE('',#9698,#9670,#9725,.T.);
#9725 = SURFACE_CURVE('',#9726,(#9730,#9737),.PCURVE_S1.);
#9726 = LINE('',#9727,#9728);
#9727 = CARTESIAN_POINT('',(32.995333402879,0.8,4.4));
#9728 = VECTOR('',#9729,1.);
#9729 = DIRECTION('',(-1.,0.,0.));
#9730 = PCURVE('',#8304,#9731);
#9731 = DEFINITIONAL_REPRESENTATION('',(#9732),#9736);
#9732 = LINE('',#9733,#9734);
#9733 = CARTESIAN_POINT('',(39.251453137619,-11.95610997615));
#9734 = VECTOR('',#9735,1.);
#9735 = DIRECTION('',(-0.956069900753,-0.29313878091));
#9736 = ( GEOMETRIC_REPRESENTATION_CONTEXT(2) 
PARAMETRIC_REPRESENTATION_CONTEXT() REPRESENTATION_CONTEXT('2D SPACE',''
  ) );
#9737 = PCURVE('',#9738,#9743);
#9738 = PLANE('',#9739);
#9739 = AXIS2_PLACEMENT_3D('',#9740,#9741,#9742);
#9740 = CARTESIAN_POINT('',(29.,0.8,4.35));
#9741 = DIRECTION('',(0.,1.,0.));
#9742 = DIRECTION('',(0.,0.,1.));
#9743 = DEFINITIONAL_REPRESENTATION('',(#9744),#9747);
#9744 = B_SPLINE_CURVE_WITH_KNOTS('',1,(#9745,#9746),.UNSPECIFIED.,.F.,
  .F.,(2,2),(-6.004666597121,3.995333402879),.PIECEWISE_BEZIER_KNOTS.);
#9745 = CARTESIAN_POINT('',(5.E-02,10.));
#9746 = CARTESIAN_POINT('',(5.E-02,0.));
#9747 = ( GEOMETRIC_REPRESENTATION_CONTEXT(2) 
PARAMETRIC_REPRESENTATION_CONTEXT() REPRESENTATION_CONTEXT('2D SPACE',''
  ) );
#9748 = ADVANCED_FACE('',(#9749),#9713,.T.);
#9749 = FACE_BOUND('',#9750,.T.);
#9750 = EDGE_LOOP('',(#9751,#9774,#9775,#9797,#9825));
#9751 = ORIENTED_EDGE('',*,*,#9752,.F.);
#9752 = EDGE_CURVE('',#9698,#9753,#9755,.T.);
#9753 = VERTEX_POINT('',#9754);
#9754 = CARTESIAN_POINT('',(39.,0.8,5.2));
#9755 = SURFACE_CURVE('',#9756,(#9760,#9767),.PCURVE_S1.);
#9756 = LINE('',#9757,#9758);
#9757 = CARTESIAN_POINT('',(39.,0.8,4.35));
#9758 = VECTOR('',#9759,1.);
#9759 = DIRECTION('',(0.,0.,1.));
#9760 = PCURVE('',#9713,#9761);
#9761 = DEFINITIONAL_REPRESENTATION('',(#9762),#9766);
#9762 = LINE('',#9763,#9764);
#9763 = CARTESIAN_POINT('',(0.,0.));
#9764 = VECTOR('',#9765,1.);
#9765 = DIRECTION('',(1.,0.));
#9766 = ( GEOMETRIC_REPRESENTATION_CONTEXT(2) 
PARAMETRIC_REPRESENTATION_CONTEXT() REPRESENTATION_CONTEXT('2D SPACE',''
  ) );
#9767 = PCURVE('',#9738,#9768);
#9768 = DEFINITIONAL_REPRESENTATION('',(#9769),#9773);
#9769 = LINE('',#9770,#9771);
#9770 = CARTESIAN_POINT('',(0.,10.));
#9771 = VECTOR('',#9772,1.);
#9772 = DIRECTION('',(1.,0.));
#9773 = ( GEOMETRIC_REPRESENTATION_CONTEXT(2) 
PARAMETRIC_REPRESENTATION_CONTEXT() REPRESENTATION_CONTEXT('2D SPACE',''
  ) );
#9774 = ORIENTED_EDGE('',*,*,#9697,.T.);
#9775 = ORIENTED_EDGE('',*,*,#9776,.T.);
#9776 = EDGE_CURVE('',#8192,#9777,#9779,.T.);
#9777 = VERTEX_POINT('',#9778);
#9778 = CARTESIAN_POINT('',(39.,1.45,4.4));
#9779 = SURFACE_CURVE('',#9780,(#9784,#9790),.PCURVE_S1.);
#9780 = LINE('',#9781,#9782);
#9781 = CARTESIAN_POINT('',(39.,-4.497510181144,4.4));
#9782 = VECTOR('',#9783,1.);
#9783 = DIRECTION('',(0.,1.,0.));
#9784 = PCURVE('',#9713,#9785);
#9785 = DEFINITIONAL_REPRESENTATION('',(#9786),#9789);
#9786 = B_SPLINE_CURVE_WITH_KNOTS('',1,(#9787,#9788),.UNSPECIFIED.,.F.,
  .F.,(2,2),(5.297510181144,5.947510181144),.PIECEWISE_BEZIER_KNOTS.);
#9787 = CARTESIAN_POINT('',(5.E-02,0.));
#9788 = CARTESIAN_POINT('',(5.E-02,-0.65));
#9789 = ( GEOMETRIC_REPRESENTATION_CONTEXT(2) 
PARAMETRIC_REPRESENTATION_CONTEXT() REPRESENTATION_CONTEXT('2D SPACE',''
  ) );
#9790 = PCURVE('',#370,#9791);
#9791 = DEFINITIONAL_REPRESENTATION('',(#9792),#9796);
#9792 = LINE('',#9793,#9794);
#9793 = CARTESIAN_POINT('',(2.009333194243,5.297510181144));
#9794 = VECTOR('',#9795,1.);
#9795 = DIRECTION('',(0.,1.));
#9796 = ( GEOMETRIC_REPRESENTATION_CONTEXT(2) 
PARAMETRIC_REPRESENTATION_CONTEXT() REPRESENTATION_CONTEXT('2D SPACE',''
  ) );
#9797 = ORIENTED_EDGE('',*,*,#9798,.T.);
#9798 = EDGE_CURVE('',#9777,#9799,#9801,.T.);
#9799 = VERTEX_POINT('',#9800);
#9800 = CARTESIAN_POINT('',(39.,1.45,5.2));
#9801 = SURFACE_CURVE('',#9802,(#9806,#9813),.PCURVE_S1.);
#9802 = LINE('',#9803,#9804);
#9803 = CARTESIAN_POINT('',(39.,1.45,4.35));
#9804 = VECTOR('',#9805,1.);
#9805 = DIRECTION('',(0.,0.,1.));
#9806 = PCURVE('',#9713,#9807);
#9807 = DEFINITIONAL_REPRESENTATION('',(#9808),#9812);
#9808 = LINE('',#9809,#9810);
#9809 = CARTESIAN_POINT('',(0.,-0.65));
#9810 = VECTOR('',#9811,1.);
#9811 = DIRECTION('',(1.,0.));
#9812 = ( GEOMETRIC_REPRESENTATION_CONTEXT(2) 
PARAMETRIC_REPRESENTATION_CONTEXT() REPRESENTATION_CONTEXT('2D SPACE',''
  ) );
#9813 = PCURVE('',#9814,#9819);
#9814 = PLANE('',#9815);
#9815 = AXIS2_PLACEMENT_3D('',#9816,#9817,#9818);
#9816 = CARTESIAN_POINT('',(29.,1.45,4.35));
#9817 = DIRECTION('',(0.,1.,0.));
#9818 = DIRECTION('',(0.,0.,1.));
#9819 = DEFINITIONAL_REPRESENTATION('',(#9820),#9824);
#9820 = LINE('',#9821,#9822);
#9821 = CARTESIAN_POINT('',(0.,10.));
#9822 = VECTOR('',#9823,1.);
#9823 = DIRECTION('',(1.,0.));
#9824 = ( GEOMETRIC_REPRESENTATION_CONTEXT(2) 
PARAMETRIC_REPRESENTATION_CONTEXT() REPRESENTATION_CONTEXT('2D SPACE',''
  ) );
#9825 = ORIENTED_EDGE('',*,*,#9826,.F.);
#9826 = EDGE_CURVE('',#9753,#9799,#9827,.T.);
#9827 = SURFACE_CURVE('',#9828,(#9832,#9839),.PCURVE_S1.);
#9828 = LINE('',#9829,#9830);
#9829 = CARTESIAN_POINT('',(39.,0.8,5.2));
#9830 = VECTOR('',#9831,1.);
#9831 = DIRECTION('',(0.,1.,0.));
#9832 = PCURVE('',#9713,#9833);
#9833 = DEFINITIONAL_REPRESENTATION('',(#9834),#9838);
#9834 = LINE('',#9835,#9836);
#9835 = CARTESIAN_POINT('',(0.85,0.));
#9836 = VECTOR('',#9837,1.);
#9837 = DIRECTION('',(0.,-1.));
#9838 = ( GEOMETRIC_REPRESENTATION_CONTEXT(2) 
PARAMETRIC_REPRESENTATION_CONTEXT() REPRESENTATION_CONTEXT('2D SPACE',''
  ) );
#9839 = PCURVE('',#9840,#9845);
#9840 = PLANE('',#9841);
#9841 = AXIS2_PLACEMENT_3D('',#9842,#9843,#9844);
#9842 = CARTESIAN_POINT('',(29.,0.8,5.2));
#9843 = DIRECTION('',(0.,0.,1.));
#9844 = DIRECTION('',(1.,0.,0.));
#9845 = DEFINITIONAL_REPRESENTATION('',(#9846),#9850);
#9846 = LINE('',#9847,#9848);
#9847 = CARTESIAN_POINT('',(10.,0.));
#9848 = VECTOR('',#9849,1.);
#9849 = DIRECTION('',(0.,1.));
#9850 = ( GEOMETRIC_REPRESENTATION_CONTEXT(2) 
PARAMETRIC_REPRESENTATION_CONTEXT() REPRESENTATION_CONTEXT('2D SPACE',''
  ) );
#9851 = ADVANCED_FACE('',(#9852),#9814,.T.);
#9852 = FACE_BOUND('',#9853,.T.);
#9853 = EDGE_LOOP('',(#9854,#9855,#9877,#9900));
#9854 = ORIENTED_EDGE('',*,*,#9798,.F.);
#9855 = ORIENTED_EDGE('',*,*,#9856,.T.);
#9856 = EDGE_CURVE('',#9777,#9857,#9859,.T.);
#9857 = VERTEX_POINT('',#9858);
#9858 = CARTESIAN_POINT('',(29.,1.45,4.4));
#9859 = SURFACE_CURVE('',#9860,(#9864,#9870),.PCURVE_S1.);
#9860 = LINE('',#9861,#9862);
#9861 = CARTESIAN_POINT('',(32.995333402879,1.45,4.4));
#9862 = VECTOR('',#9863,1.);
#9863 = DIRECTION('',(-1.,0.,0.));
#9864 = PCURVE('',#9814,#9865);
#9865 = DEFINITIONAL_REPRESENTATION('',(#9866),#9869);
#9866 = B_SPLINE_CURVE_WITH_KNOTS('',1,(#9867,#9868),.UNSPECIFIED.,.F.,
  .F.,(2,2),(-6.004666597121,3.995333402879),.PIECEWISE_BEZIER_KNOTS.);
#9867 = CARTESIAN_POINT('',(5.E-02,10.));
#9868 = CARTESIAN_POINT('',(5.E-02,0.));
#9869 = ( GEOMETRIC_REPRESENTATION_CONTEXT(2) 
PARAMETRIC_REPRESENTATION_CONTEXT() REPRESENTATION_CONTEXT('2D SPACE',''
  ) );
#9870 = PCURVE('',#370,#9871);
#9871 = DEFINITIONAL_REPRESENTATION('',(#9872),#9876);
#9872 = LINE('',#9873,#9874);
#9873 = CARTESIAN_POINT('',(-3.995333402879,11.245020362289));
#9874 = VECTOR('',#9875,1.);
#9875 = DIRECTION('',(-1.,0.));
#9876 = ( GEOMETRIC_REPRESENTATION_CONTEXT(2) 
PARAMETRIC_REPRESENTATION_CONTEXT() REPRESENTATION_CONTEXT('2D SPACE',''
  ) );
#9877 = ORIENTED_EDGE('',*,*,#9878,.T.);
#9878 = EDGE_CURVE('',#9857,#9879,#9881,.T.);
#9879 = VERTEX_POINT('',#9880);
#9880 = CARTESIAN_POINT('',(29.,1.45,5.2));
#9881 = SURFACE_CURVE('',#9882,(#9886,#9893),.PCURVE_S1.);
#9882 = LINE('',#9883,#9884);
#9883 = CARTESIAN_POINT('',(29.,1.45,4.35));
#9884 = VECTOR('',#9885,1.);
#9885 = DIRECTION('',(0.,0.,1.));
#9886 = PCURVE('',#9814,#9887);
#9887 = DEFINITIONAL_REPRESENTATION('',(#9888),#9892);
#9888 = LINE('',#9889,#9890);
#9889 = CARTESIAN_POINT('',(0.,0.));
#9890 = VECTOR('',#9891,1.);
#9891 = DIRECTION('',(1.,0.));
#9892 = ( GEOMETRIC_REPRESENTATION_CONTEXT(2) 
PARAMETRIC_REPRESENTATION_CONTEXT() REPRESENTATION_CONTEXT('2D SPACE',''
  ) );
#9893 = PCURVE('',#9685,#9894);
#9894 = DEFINITIONAL_REPRESENTATION('',(#9895),#9899);
#9895 = LINE('',#9896,#9897);
#9896 = CARTESIAN_POINT('',(0.,-0.65));
#9897 = VECTOR('',#9898,1.);
#9898 = DIRECTION('',(1.,0.));
#9899 = ( GEOMETRIC_REPRESENTATION_CONTEXT(2) 
PARAMETRIC_REPRESENTATION_CONTEXT() REPRESENTATION_CONTEXT('2D SPACE',''
  ) );
#9900 = ORIENTED_EDGE('',*,*,#9901,.T.);
#9901 = EDGE_CURVE('',#9879,#9799,#9902,.T.);
#9902 = SURFACE_CURVE('',#9903,(#9907,#9914),.PCURVE_S1.);
#9903 = LINE('',#9904,#9905);
#9904 = CARTESIAN_POINT('',(29.,1.45,5.2));
#9905 = VECTOR('',#9906,1.);
#9906 = DIRECTION('',(1.,0.,0.));
#9907 = PCURVE('',#9814,#9908);
#9908 = DEFINITIONAL_REPRESENTATION('',(#9909),#9913);
#9909 = LINE('',#9910,#9911);
#9910 = CARTESIAN_POINT('',(0.85,0.));
#9911 = VECTOR('',#9912,1.);
#9912 = DIRECTION('',(0.,1.));
#9913 = ( GEOMETRIC_REPRESENTATION_CONTEXT(2) 
PARAMETRIC_REPRESENTATION_CONTEXT() REPRESENTATION_CONTEXT('2D SPACE',''
  ) );
#9914 = PCURVE('',#9840,#9915);
#9915 = DEFINITIONAL_REPRESENTATION('',(#9916),#9920);
#9916 = LINE('',#9917,#9918);
#9917 = CARTESIAN_POINT('',(0.,0.65));
#9918 = VECTOR('',#9919,1.);
#9919 = DIRECTION('',(1.,0.));
#9920 = ( GEOMETRIC_REPRESENTATION_CONTEXT(2) 
PARAMETRIC_REPRESENTATION_CONTEXT() REPRESENTATION_CONTEXT('2D SPACE',''
  ) );
#9921 = ADVANCED_FACE('',(#9922),#9840,.T.);
#9922 = FACE_BOUND('',#9923,.T.);
#9923 = EDGE_LOOP('',(#9924,#9947,#9968,#9969));
#9924 = ORIENTED_EDGE('',*,*,#9925,.F.);
#9925 = EDGE_CURVE('',#9926,#9879,#9928,.T.);
#9926 = VERTEX_POINT('',#9927);
#9927 = CARTESIAN_POINT('',(29.,0.8,5.2));
#9928 = SURFACE_CURVE('',#9929,(#9933,#9940),.PCURVE_S1.);
#9929 = LINE('',#9930,#9931);
#9930 = CARTESIAN_POINT('',(29.,0.8,5.2));
#9931 = VECTOR('',#9932,1.);
#9932 = DIRECTION('',(0.,1.,0.));
#9933 = PCURVE('',#9840,#9934);
#9934 = DEFINITIONAL_REPRESENTATION('',(#9935),#9939);
#9935 = LINE('',#9936,#9937);
#9936 = CARTESIAN_POINT('',(0.,0.));
#9937 = VECTOR('',#9938,1.);
#9938 = DIRECTION('',(0.,1.));
#9939 = ( GEOMETRIC_REPRESENTATION_CONTEXT(2) 
PARAMETRIC_REPRESENTATION_CONTEXT() REPRESENTATION_CONTEXT('2D SPACE',''
  ) );
#9940 = PCURVE('',#9685,#9941);
#9941 = DEFINITIONAL_REPRESENTATION('',(#9942),#9946);
#9942 = LINE('',#9943,#9944);
#9943 = CARTESIAN_POINT('',(0.85,0.));
#9944 = VECTOR('',#9945,1.);
#9945 = DIRECTION('',(0.,-1.));
#9946 = ( GEOMETRIC_REPRESENTATION_CONTEXT(2) 
PARAMETRIC_REPRESENTATION_CONTEXT() REPRESENTATION_CONTEXT('2D SPACE',''
  ) );
#9947 = ORIENTED_EDGE('',*,*,#9948,.T.);
#9948 = EDGE_CURVE('',#9926,#9753,#9949,.T.);
#9949 = SURFACE_CURVE('',#9950,(#9954,#9961),.PCURVE_S1.);
#9950 = LINE('',#9951,#9952);
#9951 = CARTESIAN_POINT('',(29.,0.8,5.2));
#9952 = VECTOR('',#9953,1.);
#9953 = DIRECTION('',(1.,0.,0.));
#9954 = PCURVE('',#9840,#9955);
#9955 = DEFINITIONAL_REPRESENTATION('',(#9956),#9960);
#9956 = LINE('',#9957,#9958);
#9957 = CARTESIAN_POINT('',(0.,0.));
#9958 = VECTOR('',#9959,1.);
#9959 = DIRECTION('',(1.,0.));
#9960 = ( GEOMETRIC_REPRESENTATION_CONTEXT(2) 
PARAMETRIC_REPRESENTATION_CONTEXT() REPRESENTATION_CONTEXT('2D SPACE',''
  ) );
#9961 = PCURVE('',#9738,#9962);
#9962 = DEFINITIONAL_REPRESENTATION('',(#9963),#9967);
#9963 = LINE('',#9964,#9965);
#9964 = CARTESIAN_POINT('',(0.85,0.));
#9965 = VECTOR('',#9966,1.);
#9966 = DIRECTION('',(0.,1.));
#9967 = ( GEOMETRIC_REPRESENTATION_CONTEXT(2) 
PARAMETRIC_REPRESENTATION_CONTEXT() REPRESENTATION_CONTEXT('2D SPACE',''
  ) );
#9968 = ORIENTED_EDGE('',*,*,#9826,.T.);
#9969 = ORIENTED_EDGE('',*,*,#9901,.F.);
#9970 = ADVANCED_FACE('',(#9971),#9738,.F.);
#9971 = FACE_BOUND('',#9972,.F.);
#9972 = EDGE_LOOP('',(#9973,#9974,#9975,#9996));
#9973 = ORIENTED_EDGE('',*,*,#9752,.F.);
#9974 = ORIENTED_EDGE('',*,*,#9724,.T.);
#9975 = ORIENTED_EDGE('',*,*,#9976,.T.);
#9976 = EDGE_CURVE('',#9670,#9926,#9977,.T.);
#9977 = SURFACE_CURVE('',#9978,(#9982,#9989),.PCURVE_S1.);
#9978 = LINE('',#9979,#9980);
#9979 = CARTESIAN_POINT('',(29.,0.8,4.35));
#9980 = VECTOR('',#9981,1.);
#9981 = DIRECTION('',(0.,0.,1.));
#9982 = PCURVE('',#9738,#9983);
#9983 = DEFINITIONAL_REPRESENTATION('',(#9984),#9988);
#9984 = LINE('',#9985,#9986);
#9985 = CARTESIAN_POINT('',(0.,0.));
#9986 = VECTOR('',#9987,1.);
#9987 = DIRECTION('',(1.,0.));
#9988 = ( GEOMETRIC_REPRESENTATION_CONTEXT(2) 
PARAMETRIC_REPRESENTATION_CONTEXT() REPRESENTATION_CONTEXT('2D SPACE',''
  ) );
#9989 = PCURVE('',#9685,#9990);
#9990 = DEFINITIONAL_REPRESENTATION('',(#9991),#9995);
#9991 = LINE('',#9992,#9993);
#9992 = CARTESIAN_POINT('',(0.,0.));
#9993 = VECTOR('',#9994,1.);
#9994 = DIRECTION('',(1.,0.));
#9995 = ( GEOMETRIC_REPRESENTATION_CONTEXT(2) 
PARAMETRIC_REPRESENTATION_CONTEXT() REPRESENTATION_CONTEXT('2D SPACE',''
  ) );
#9996 = ORIENTED_EDGE('',*,*,#9948,.T.);
#9997 = ADVANCED_FACE('',(#9998),#9685,.F.);
#9998 = FACE_BOUND('',#9999,.F.);
#9999 = EDGE_LOOP('',(#10000,#10001,#10002,#10022,#10023));
#10000 = ORIENTED_EDGE('',*,*,#9976,.F.);
#10001 = ORIENTED_EDGE('',*,*,#9669,.T.);
#10002 = ORIENTED_EDGE('',*,*,#10003,.T.);
#10003 = EDGE_CURVE('',#8268,#9857,#10004,.T.);
#10004 = SURFACE_CURVE('',#10005,(#10009,#10015),.PCURVE_S1.);
#10005 = LINE('',#10006,#10007);
#10006 = CARTESIAN_POINT('',(29.,-4.497510181144,4.4));
#10007 = VECTOR('',#10008,1.);
#10008 = DIRECTION('',(0.,1.,0.));
#10009 = PCURVE('',#9685,#10010);
#10010 = DEFINITIONAL_REPRESENTATION('',(#10011),#10014);
#10011 = B_SPLINE_CURVE_WITH_KNOTS('',1,(#10012,#10013),.UNSPECIFIED.,
  .F.,.F.,(2,2),(5.297510181144,5.947510181144),
  .PIECEWISE_BEZIER_KNOTS.);
#10012 = CARTESIAN_POINT('',(5.E-02,0.));
#10013 = CARTESIAN_POINT('',(5.E-02,-0.65));
#10014 = ( GEOMETRIC_REPRESENTATION_CONTEXT(2) 
PARAMETRIC_REPRESENTATION_CONTEXT() REPRESENTATION_CONTEXT('2D SPACE',''
  ) );
#10015 = PCURVE('',#370,#10016);
#10016 = DEFINITIONAL_REPRESENTATION('',(#10017),#10021);
#10017 = LINE('',#10018,#10019);
#10018 = CARTESIAN_POINT('',(-7.990666805757,5.297510181144));
#10019 = VECTOR('',#10020,1.);
#10020 = DIRECTION('',(0.,1.));
#10021 = ( GEOMETRIC_REPRESENTATION_CONTEXT(2) 
PARAMETRIC_REPRESENTATION_CONTEXT() REPRESENTATION_CONTEXT('2D SPACE',''
  ) );
#10022 = ORIENTED_EDGE('',*,*,#9878,.T.);
#10023 = ORIENTED_EDGE('',*,*,#9925,.F.);
#10024 = ADVANCED_FACE('',(#10025),#7978,.F.);
#10025 = FACE_BOUND('',#10026,.F.);
#10026 = EDGE_LOOP('',(#10027,#10028,#10029,#10030));
#10027 = ORIENTED_EDGE('',*,*,#8143,.F.);
#10028 = ORIENTED_EDGE('',*,*,#8063,.F.);
#10029 = ORIENTED_EDGE('',*,*,#7962,.T.);
#10030 = ORIENTED_EDGE('',*,*,#10031,.F.);
#10031 = EDGE_CURVE('',#8144,#7963,#10032,.T.);
#10032 = SURFACE_CURVE('',#10033,(#10037,#10043),.PCURVE_S1.);
#10033 = LINE('',#10034,#10035);
#10034 = CARTESIAN_POINT('',(23.870333402879,1.35,4.4));
#10035 = VECTOR('',#10036,1.);
#10036 = DIRECTION('',(-1.,0.,0.));
#10037 = PCURVE('',#7978,#10038);
#10038 = DEFINITIONAL_REPRESENTATION('',(#10039),#10042);
#10039 = B_SPLINE_CURVE_WITH_KNOTS('',1,(#10040,#10041),.UNSPECIFIED.,
  .F.,.F.,(2,2),(10.620333402879,13.120333402879),
  .PIECEWISE_BEZIER_KNOTS.);
#10040 = CARTESIAN_POINT('',(2.8,2.5));
#10041 = CARTESIAN_POINT('',(2.8,0.));
#10042 = ( GEOMETRIC_REPRESENTATION_CONTEXT(2) 
PARAMETRIC_REPRESENTATION_CONTEXT() REPRESENTATION_CONTEXT('2D SPACE',''
  ) );
#10043 = PCURVE('',#370,#10044);
#10044 = DEFINITIONAL_REPRESENTATION('',(#10045),#10049);
#10045 = LINE('',#10046,#10047);
#10046 = CARTESIAN_POINT('',(-13.12033340287,11.145020362289));
#10047 = VECTOR('',#10048,1.);
#10048 = DIRECTION('',(-1.,0.));
#10049 = ( GEOMETRIC_REPRESENTATION_CONTEXT(2) 
PARAMETRIC_REPRESENTATION_CONTEXT() REPRESENTATION_CONTEXT('2D SPACE',''
  ) );
#10050 = ADVANCED_FACE('',(#10051),#7695,.F.);
#10051 = FACE_BOUND('',#10052,.F.);
#10052 = EDGE_LOOP('',(#10053,#10054,#10055,#10075,#10109,#10131,#10160)
  );
#10053 = ORIENTED_EDGE('',*,*,#7812,.F.);
#10054 = ORIENTED_EDGE('',*,*,#7675,.T.);
#10055 = ORIENTED_EDGE('',*,*,#10056,.F.);
#10056 = EDGE_CURVE('',#10057,#7648,#10059,.T.);
#10057 = VERTEX_POINT('',#10058);
#10058 = CARTESIAN_POINT('',(-0.760333333333,-2.4,3.6));
#10059 = SURFACE_CURVE('',#10060,(#10063,#10069),.PCURVE_S1.);
#10060 = B_SPLINE_CURVE_WITH_KNOTS('',1,(#10061,#10062),.UNSPECIFIED.,
  .F.,.F.,(2,2),(0.,1.),.PIECEWISE_BEZIER_KNOTS.);
#10061 = CARTESIAN_POINT('',(-0.760333333333,-2.4,3.6));
#10062 = CARTESIAN_POINT('',(-0.760333333333,0.6,3.6));
#10063 = PCURVE('',#7695,#10064);
#10064 = DEFINITIONAL_REPRESENTATION('',(#10065),#10068);
#10065 = B_SPLINE_CURVE_WITH_KNOTS('',1,(#10066,#10067),.UNSPECIFIED.,
  .F.,.F.,(2,2),(0.,1.),.PIECEWISE_BEZIER_KNOTS.);
#10066 = CARTESIAN_POINT('',(3.105222852572,0.111111111111));
#10067 = CARTESIAN_POINT('',(3.412332805025E-02,0.111111111111));
#10068 = ( GEOMETRIC_REPRESENTATION_CONTEXT(2) 
PARAMETRIC_REPRESENTATION_CONTEXT() REPRESENTATION_CONTEXT('2D SPACE',''
  ) );
#10069 = PCURVE('',#7663,#10070);
#10070 = DEFINITIONAL_REPRESENTATION('',(#10071),#10074);
#10071 = B_SPLINE_CURVE_WITH_KNOTS('',1,(#10072,#10073),.UNSPECIFIED.,
  .F.,.F.,(2,2),(0.,1.),.PIECEWISE_BEZIER_KNOTS.);
#10072 = CARTESIAN_POINT('',(1.139666666667,0.));
#10073 = CARTESIAN_POINT('',(1.139666666667,3.));
#10074 = ( GEOMETRIC_REPRESENTATION_CONTEXT(2) 
PARAMETRIC_REPRESENTATION_CONTEXT() REPRESENTATION_CONTEXT('2D SPACE',''
  ) );
#10075 = ORIENTED_EDGE('',*,*,#10076,.F.);
#10076 = EDGE_CURVE('',#10077,#10057,#10079,.T.);
#10077 = VERTEX_POINT('',#10078);
#10078 = CARTESIAN_POINT('',(-0.727,-2.4,3.5));
#10079 = SURFACE_CURVE('',#10080,(#10086,#10095),.PCURVE_S1.);
#10080 = B_SPLINE_CURVE_WITH_KNOTS('',4,(#10081,#10082,#10083,#10084,
    #10085),.UNSPECIFIED.,.F.,.F.,(5,5),(0.,1.),
  .PIECEWISE_BEZIER_KNOTS.);
#10081 = CARTESIAN_POINT('',(-0.727,-2.4,3.5));
#10082 = CARTESIAN_POINT('',(-0.735332690226,-2.4,3.524998070679));
#10083 = CARTESIAN_POINT('',(-0.743665811198,-2.4,3.549997433594));
#10084 = CARTESIAN_POINT('',(-0.751999359944,-2.4,3.574998079833));
#10085 = CARTESIAN_POINT('',(-0.760333333333,-2.4,3.6));
#10086 = PCURVE('',#7695,#10087);
#10087 = DEFINITIONAL_REPRESENTATION('',(#10088),#10094);
#10088 = B_SPLINE_CURVE_WITH_KNOTS('',4,(#10089,#10090,#10091,#10092,
    #10093),.UNSPECIFIED.,.F.,.F.,(5,5),(0.,1.),
  .PIECEWISE_BEZIER_KNOTS.);
#10089 = CARTESIAN_POINT('',(3.080224628961,0.));
#10090 = CARTESIAN_POINT('',(3.086492270331,2.777563408792E-02));
#10091 = CARTESIAN_POINT('',(3.092747822104,5.555270399345E-02));
#10092 = CARTESIAN_POINT('',(3.098991331679,8.333119981473E-02));
#10093 = CARTESIAN_POINT('',(3.105222851982,0.111111111111));
#10094 = ( GEOMETRIC_REPRESENTATION_CONTEXT(2) 
PARAMETRIC_REPRESENTATION_CONTEXT() REPRESENTATION_CONTEXT('2D SPACE',''
  ) );
#10095 = PCURVE('',#10096,#10101);
#10096 = PLANE('',#10097);
#10097 = AXIS2_PLACEMENT_3D('',#10098,#10099,#10100);
#10098 = CARTESIAN_POINT('',(-1.9,-2.4,2.05));
#10099 = DIRECTION('',(0.,1.,0.));
#10100 = DIRECTION('',(0.,0.,1.));
#10101 = DEFINITIONAL_REPRESENTATION('',(#10102),#10108);
#10102 = B_SPLINE_CURVE_WITH_KNOTS('',4,(#10103,#10104,#10105,#10106,
    #10107),.UNSPECIFIED.,.F.,.F.,(5,5),(0.,1.),
  .PIECEWISE_BEZIER_KNOTS.);
#10103 = CARTESIAN_POINT('',(1.45,1.173));
#10104 = CARTESIAN_POINT('',(1.474998070679,1.164667309774));
#10105 = CARTESIAN_POINT('',(1.499997433594,1.156334188802));
#10106 = CARTESIAN_POINT('',(1.524998079833,1.148000640056));
#10107 = CARTESIAN_POINT('',(1.55,1.139666666667));
#10108 = ( GEOMETRIC_REPRESENTATION_CONTEXT(2) 
PARAMETRIC_REPRESENTATION_CONTEXT() REPRESENTATION_CONTEXT('2D SPACE',''
  ) );
#10109 = ORIENTED_EDGE('',*,*,#10110,.T.);
#10110 = EDGE_CURVE('',#10077,#10111,#10113,.T.);
#10111 = VERTEX_POINT('',#10112);
#10112 = CARTESIAN_POINT('',(-0.727,-3.318,3.5));
#10113 = SURFACE_CURVE('',#10114,(#10118,#10124),.PCURVE_S1.);
#10114 = LINE('',#10115,#10116);
#10115 = CARTESIAN_POINT('',(-0.727,0.6,3.5));
#10116 = VECTOR('',#10117,1.);
#10117 = DIRECTION('',(0.,-1.,0.));
#10118 = PCURVE('',#7695,#10119);
#10119 = DEFINITIONAL_REPRESENTATION('',(#10120),#10123);
#10120 = B_SPLINE_CURVE_WITH_KNOTS('',1,(#10121,#10122),.UNSPECIFIED.,
  .F.,.F.,(2,2),(0.,22.437),.PIECEWISE_BEZIER_KNOTS.);
#10121 = CARTESIAN_POINT('',(0.,0.));
#10122 = CARTESIAN_POINT('',(23.037,0.));
#10123 = ( GEOMETRIC_REPRESENTATION_CONTEXT(2) 
PARAMETRIC_REPRESENTATION_CONTEXT() REPRESENTATION_CONTEXT('2D SPACE',''
  ) );
#10124 = PCURVE('',#7486,#10125);
#10125 = DEFINITIONAL_REPRESENTATION('',(#10126),#10130);
#10126 = LINE('',#10127,#10128);
#10127 = CARTESIAN_POINT('',(3.5,-22.437));
#10128 = VECTOR('',#10129,1.);
#10129 = DIRECTION('',(0.,1.));
#10130 = ( GEOMETRIC_REPRESENTATION_CONTEXT(2) 
PARAMETRIC_REPRESENTATION_CONTEXT() REPRESENTATION_CONTEXT('2D SPACE',''
  ) );
#10131 = ORIENTED_EDGE('',*,*,#10132,.T.);
#10132 = EDGE_CURVE('',#10111,#10133,#10135,.T.);
#10133 = VERTEX_POINT('',#10134);
#10134 = CARTESIAN_POINT('',(-1.027,-3.318,4.4));
#10135 = SURFACE_CURVE('',#10136,(#10142,#10151),.PCURVE_S1.);
#10136 = B_SPLINE_CURVE_WITH_KNOTS('',4,(#10137,#10138,#10139,#10140,
    #10141),.UNSPECIFIED.,.F.,.F.,(5,5),(0.,1.),
  .PIECEWISE_BEZIER_KNOTS.);
#10137 = CARTESIAN_POINT('',(-0.727,-3.318,3.5));
#10138 = CARTESIAN_POINT('',(-0.801960231552,-3.318,3.724880694656));
#10139 = CARTESIAN_POINT('',(-0.876948122299,-3.318,3.949844366896));
#10140 = CARTESIAN_POINT('',(-0.951961889764,-3.318,4.174885669292));
#10141 = CARTESIAN_POINT('',(-1.027,-3.318,4.4));
#10142 = PCURVE('',#7695,#10143);
#10143 = DEFINITIONAL_REPRESENTATION('',(#10144),#10150);
#10144 = B_SPLINE_CURVE_WITH_KNOTS('',4,(#10145,#10146,#10147,#10148,
    #10149),.UNSPECIFIED.,.F.,.F.,(5,5),(0.,1.),
  .PIECEWISE_BEZIER_KNOTS.);
#10145 = CARTESIAN_POINT('',(4.022773365423,0.));
#10146 = CARTESIAN_POINT('',(4.072858617835,0.249867438507));
#10147 = CARTESIAN_POINT('',(4.122069925676,0.499827074329));
#10148 = CARTESIAN_POINT('',(4.170440359094,0.74987296588));
#10149 = CARTESIAN_POINT('',(4.218,1.));
#10150 = ( GEOMETRIC_REPRESENTATION_CONTEXT(2) 
PARAMETRIC_REPRESENTATION_CONTEXT() REPRESENTATION_CONTEXT('2D SPACE',''
  ) );
#10151 = PCURVE('',#4298,#10152);
#10152 = DEFINITIONAL_REPRESENTATION('',(#10153),#10159);
#10153 = B_SPLINE_CURVE_WITH_KNOTS('',4,(#10154,#10155,#10156,#10157,
    #10158),.UNSPECIFIED.,.F.,.F.,(5,5),(0.,1.),
  .PIECEWISE_BEZIER_KNOTS.);
#10154 = CARTESIAN_POINT('',(1.65,0.923));
#10155 = CARTESIAN_POINT('',(1.874880694656,0.848039768448));
#10156 = CARTESIAN_POINT('',(2.099844366896,0.773051877701));
#10157 = CARTESIAN_POINT('',(2.324885669292,0.698038110236));
#10158 = CARTESIAN_POINT('',(2.55,0.623));
#10159 = ( GEOMETRIC_REPRESENTATION_CONTEXT(2) 
PARAMETRIC_REPRESENTATION_CONTEXT() REPRESENTATION_CONTEXT('2D SPACE',''
  ) );
#10160 = ORIENTED_EDGE('',*,*,#10161,.F.);
#10161 = EDGE_CURVE('',#7813,#10133,#10162,.T.);
#10162 = SURFACE_CURVE('',#10163,(#10167,#10174),.PCURVE_S1.);
#10163 = LINE('',#10164,#10165);
#10164 = CARTESIAN_POINT('',(-1.027,0.9,4.4));
#10165 = VECTOR('',#10166,1.);
#10166 = DIRECTION('',(0.,-1.,0.));
#10167 = PCURVE('',#7695,#10168);
#10168 = DEFINITIONAL_REPRESENTATION('',(#10169),#10173);
#10169 = LINE('',#10170,#10171);
#10170 = CARTESIAN_POINT('',(0.,1.));
#10171 = VECTOR('',#10172,1.);
#10172 = DIRECTION('',(1.,0.));
#10173 = ( GEOMETRIC_REPRESENTATION_CONTEXT(2) 
PARAMETRIC_REPRESENTATION_CONTEXT() REPRESENTATION_CONTEXT('2D SPACE',''
  ) );
#10174 = PCURVE('',#370,#10175);
#10175 = DEFINITIONAL_REPRESENTATION('',(#10176),#10180);
#10176 = LINE('',#10177,#10178);
#10177 = CARTESIAN_POINT('',(-38.01766680575,10.695020362289));
#10178 = VECTOR('',#10179,1.);
#10179 = DIRECTION('',(0.,-1.));
#10180 = ( GEOMETRIC_REPRESENTATION_CONTEXT(2) 
PARAMETRIC_REPRESENTATION_CONTEXT() REPRESENTATION_CONTEXT('2D SPACE',''
  ) );
#10181 = ADVANCED_FACE('',(#10182),#10096,.T.);
#10182 = FACE_BOUND('',#10183,.T.);
#10183 = EDGE_LOOP('',(#10184,#10209,#10232,#10253,#10254));
#10184 = ORIENTED_EDGE('',*,*,#10185,.F.);
#10185 = EDGE_CURVE('',#10186,#10188,#10190,.T.);
#10186 = VERTEX_POINT('',#10187);
#10187 = CARTESIAN_POINT('',(-1.9,-2.4,2.05));
#10188 = VERTEX_POINT('',#10189);
#10189 = CARTESIAN_POINT('',(-0.727,-2.4,2.05));
#10190 = SURFACE_CURVE('',#10191,(#10195,#10202),.PCURVE_S1.);
#10191 = LINE('',#10192,#10193);
#10192 = CARTESIAN_POINT('',(-1.9,-2.4,2.05));
#10193 = VECTOR('',#10194,1.);
#10194 = DIRECTION('',(1.,0.,0.));
#10195 = PCURVE('',#10096,#10196);
#10196 = DEFINITIONAL_REPRESENTATION('',(#10197),#10201);
#10197 = LINE('',#10198,#10199);
#10198 = CARTESIAN_POINT('',(0.,0.));
#10199 = VECTOR('',#10200,1.);
#10200 = DIRECTION('',(0.,1.));
#10201 = ( GEOMETRIC_REPRESENTATION_CONTEXT(2) 
PARAMETRIC_REPRESENTATION_CONTEXT() REPRESENTATION_CONTEXT('2D SPACE',''
  ) );
#10202 = PCURVE('',#7607,#10203);
#10203 = DEFINITIONAL_REPRESENTATION('',(#10204),#10208);
#10204 = LINE('',#10205,#10206);
#10205 = CARTESIAN_POINT('',(0.,0.));
#10206 = VECTOR('',#10207,1.);
#10207 = DIRECTION('',(1.,0.));
#10208 = ( GEOMETRIC_REPRESENTATION_CONTEXT(2) 
PARAMETRIC_REPRESENTATION_CONTEXT() REPRESENTATION_CONTEXT('2D SPACE',''
  ) );
#10209 = ORIENTED_EDGE('',*,*,#10210,.T.);
#10210 = EDGE_CURVE('',#10186,#10211,#10213,.T.);
#10211 = VERTEX_POINT('',#10212);
#10212 = CARTESIAN_POINT('',(-1.9,-2.4,3.6));
#10213 = SURFACE_CURVE('',#10214,(#10218,#10225),.PCURVE_S1.);
#10214 = LINE('',#10215,#10216);
#10215 = CARTESIAN_POINT('',(-1.9,-2.4,2.05));
#10216 = VECTOR('',#10217,1.);
#10217 = DIRECTION('',(0.,0.,1.));
#10218 = PCURVE('',#10096,#10219);
#10219 = DEFINITIONAL_REPRESENTATION('',(#10220),#10224);
#10220 = LINE('',#10221,#10222);
#10221 = CARTESIAN_POINT('',(0.,0.));
#10222 = VECTOR('',#10223,1.);
#10223 = DIRECTION('',(1.,0.));
#10224 = ( GEOMETRIC_REPRESENTATION_CONTEXT(2) 
PARAMETRIC_REPRESENTATION_CONTEXT() REPRESENTATION_CONTEXT('2D SPACE',''
  ) );
#10225 = PCURVE('',#7635,#10226);
#10226 = DEFINITIONAL_REPRESENTATION('',(#10227),#10231);
#10227 = LINE('',#10228,#10229);
#10228 = CARTESIAN_POINT('',(0.,0.));
#10229 = VECTOR('',#10230,1.);
#10230 = DIRECTION('',(1.,0.));
#10231 = ( GEOMETRIC_REPRESENTATION_CONTEXT(2) 
PARAMETRIC_REPRESENTATION_CONTEXT() REPRESENTATION_CONTEXT('2D SPACE',''
  ) );
#10232 = ORIENTED_EDGE('',*,*,#10233,.T.);
#10233 = EDGE_CURVE('',#10211,#10057,#10234,.T.);
#10234 = SURFACE_CURVE('',#10235,(#10239,#10246),.PCURVE_S1.);
#10235 = LINE('',#10236,#10237);
#10236 = CARTESIAN_POINT('',(-1.9,-2.4,3.6));
#10237 = VECTOR('',#10238,1.);
#10238 = DIRECTION('',(1.,0.,0.));
#10239 = PCURVE('',#10096,#10240);
#10240 = DEFINITIONAL_REPRESENTATION('',(#10241),#10245);
#10241 = LINE('',#10242,#10243);
#10242 = CARTESIAN_POINT('',(1.55,0.));
#10243 = VECTOR('',#10244,1.);
#10244 = DIRECTION('',(0.,1.));
#10245 = ( GEOMETRIC_REPRESENTATION_CONTEXT(2) 
PARAMETRIC_REPRESENTATION_CONTEXT() REPRESENTATION_CONTEXT('2D SPACE',''
  ) );
#10246 = PCURVE('',#7663,#10247);
#10247 = DEFINITIONAL_REPRESENTATION('',(#10248),#10252);
#10248 = LINE('',#10249,#10250);
#10249 = CARTESIAN_POINT('',(0.,0.));
#10250 = VECTOR('',#10251,1.);
#10251 = DIRECTION('',(1.,0.));
#10252 = ( GEOMETRIC_REPRESENTATION_CONTEXT(2) 
PARAMETRIC_REPRESENTATION_CONTEXT() REPRESENTATION_CONTEXT('2D SPACE',''
  ) );
#10253 = ORIENTED_EDGE('',*,*,#10076,.F.);
#10254 = ORIENTED_EDGE('',*,*,#10255,.T.);
#10255 = EDGE_CURVE('',#10077,#10188,#10256,.T.);
#10256 = SURFACE_CURVE('',#10257,(#10261,#10267),.PCURVE_S1.);
#10257 = LINE('',#10258,#10259);
#10258 = CARTESIAN_POINT('',(-0.727,-2.4,1.025));
#10259 = VECTOR('',#10260,1.);
#10260 = DIRECTION('',(0.,0.,-1.));
#10261 = PCURVE('',#10096,#10262);
#10262 = DEFINITIONAL_REPRESENTATION('',(#10263),#10266);
#10263 = B_SPLINE_CURVE_WITH_KNOTS('',1,(#10264,#10265),.UNSPECIFIED.,
  .F.,.F.,(2,2),(-2.575,-1.025),.PIECEWISE_BEZIER_KNOTS.);
#10264 = CARTESIAN_POINT('',(1.55,1.173));
#10265 = CARTESIAN_POINT('',(0.,1.173));
#10266 = ( GEOMETRIC_REPRESENTATION_CONTEXT(2) 
PARAMETRIC_REPRESENTATION_CONTEXT() REPRESENTATION_CONTEXT('2D SPACE',''
  ) );
#10267 = PCURVE('',#7486,#10268);
#10268 = DEFINITIONAL_REPRESENTATION('',(#10269),#10272);
#10269 = B_SPLINE_CURVE_WITH_KNOTS('',1,(#10270,#10271),.UNSPECIFIED.,
  .F.,.F.,(2,2),(-2.575,-1.025),.PIECEWISE_BEZIER_KNOTS.);
#10270 = CARTESIAN_POINT('',(3.6,-19.437));
#10271 = CARTESIAN_POINT('',(2.05,-19.437));
#10272 = ( GEOMETRIC_REPRESENTATION_CONTEXT(2) 
PARAMETRIC_REPRESENTATION_CONTEXT() REPRESENTATION_CONTEXT('2D SPACE',''
  ) );
#10273 = ADVANCED_FACE('',(#10274),#7663,.F.);
#10274 = FACE_BOUND('',#10275,.F.);
#10275 = EDGE_LOOP('',(#10276,#10277,#10298,#10299));
#10276 = ORIENTED_EDGE('',*,*,#7647,.F.);
#10277 = ORIENTED_EDGE('',*,*,#10278,.F.);
#10278 = EDGE_CURVE('',#10211,#7620,#10279,.T.);
#10279 = SURFACE_CURVE('',#10280,(#10284,#10291),.PCURVE_S1.);
#10280 = LINE('',#10281,#10282);
#10281 = CARTESIAN_POINT('',(-1.9,-2.4,3.6));
#10282 = VECTOR('',#10283,1.);
#10283 = DIRECTION('',(0.,1.,0.));
#10284 = PCURVE('',#7663,#10285);
#10285 = DEFINITIONAL_REPRESENTATION('',(#10286),#10290);
#10286 = LINE('',#10287,#10288);
#10287 = CARTESIAN_POINT('',(0.,0.));
#10288 = VECTOR('',#10289,1.);
#10289 = DIRECTION('',(0.,1.));
#10290 = ( GEOMETRIC_REPRESENTATION_CONTEXT(2) 
PARAMETRIC_REPRESENTATION_CONTEXT() REPRESENTATION_CONTEXT('2D SPACE',''
  ) );
#10291 = PCURVE('',#7635,#10292);
#10292 = DEFINITIONAL_REPRESENTATION('',(#10293),#10297);
#10293 = LINE('',#10294,#10295);
#10294 = CARTESIAN_POINT('',(1.55,0.));
#10295 = VECTOR('',#10296,1.);
#10296 = DIRECTION('',(0.,-1.));
#10297 = ( GEOMETRIC_REPRESENTATION_CONTEXT(2) 
PARAMETRIC_REPRESENTATION_CONTEXT() REPRESENTATION_CONTEXT('2D SPACE',''
  ) );
#10298 = ORIENTED_EDGE('',*,*,#10233,.T.);
#10299 = ORIENTED_EDGE('',*,*,#10056,.T.);
#10300 = ADVANCED_FACE('',(#10301),#7635,.T.);
#10301 = FACE_BOUND('',#10302,.T.);
#10302 = EDGE_LOOP('',(#10303,#10304,#10325,#10326));
#10303 = ORIENTED_EDGE('',*,*,#10210,.F.);
#10304 = ORIENTED_EDGE('',*,*,#10305,.T.);
#10305 = EDGE_CURVE('',#10186,#7590,#10306,.T.);
#10306 = SURFACE_CURVE('',#10307,(#10311,#10318),.PCURVE_S1.);
#10307 = LINE('',#10308,#10309);
#10308 = CARTESIAN_POINT('',(-1.9,-2.4,2.05));
#10309 = VECTOR('',#10310,1.);
#10310 = DIRECTION('',(0.,1.,0.));
#10311 = PCURVE('',#7635,#10312);
#10312 = DEFINITIONAL_REPRESENTATION('',(#10313),#10317);
#10313 = LINE('',#10314,#10315);
#10314 = CARTESIAN_POINT('',(0.,0.));
#10315 = VECTOR('',#10316,1.);
#10316 = DIRECTION('',(0.,-1.));
#10317 = ( GEOMETRIC_REPRESENTATION_CONTEXT(2) 
PARAMETRIC_REPRESENTATION_CONTEXT() REPRESENTATION_CONTEXT('2D SPACE',''
  ) );
#10318 = PCURVE('',#7607,#10319);
#10319 = DEFINITIONAL_REPRESENTATION('',(#10320),#10324);
#10320 = LINE('',#10321,#10322);
#10321 = CARTESIAN_POINT('',(0.,0.));
#10322 = VECTOR('',#10323,1.);
#10323 = DIRECTION('',(0.,1.));
#10324 = ( GEOMETRIC_REPRESENTATION_CONTEXT(2) 
PARAMETRIC_REPRESENTATION_CONTEXT() REPRESENTATION_CONTEXT('2D SPACE',''
  ) );
#10325 = ORIENTED_EDGE('',*,*,#7619,.T.);
#10326 = ORIENTED_EDGE('',*,*,#10278,.F.);
#10327 = ADVANCED_FACE('',(#10328),#7607,.T.);
#10328 = FACE_BOUND('',#10329,.T.);
#10329 = EDGE_LOOP('',(#10330,#10331,#10332,#10333));
#10330 = ORIENTED_EDGE('',*,*,#7589,.F.);
#10331 = ORIENTED_EDGE('',*,*,#10305,.F.);
#10332 = ORIENTED_EDGE('',*,*,#10185,.T.);
#10333 = ORIENTED_EDGE('',*,*,#10334,.T.);
#10334 = EDGE_CURVE('',#10188,#7592,#10335,.T.);
#10335 = SURFACE_CURVE('',#10336,(#10340,#10346),.PCURVE_S1.);
#10336 = LINE('',#10337,#10338);
#10337 = CARTESIAN_POINT('',(-0.727,-12.1185,2.05));
#10338 = VECTOR('',#10339,1.);
#10339 = DIRECTION('',(0.,1.,0.));
#10340 = PCURVE('',#7607,#10341);
#10341 = DEFINITIONAL_REPRESENTATION('',(#10342),#10345);
#10342 = B_SPLINE_CURVE_WITH_KNOTS('',1,(#10343,#10344),.UNSPECIFIED.,
  .F.,.F.,(2,2),(9.7185,12.7185),.PIECEWISE_BEZIER_KNOTS.);
#10343 = CARTESIAN_POINT('',(1.173,0.));
#10344 = CARTESIAN_POINT('',(1.173,3.));
#10345 = ( GEOMETRIC_REPRESENTATION_CONTEXT(2) 
PARAMETRIC_REPRESENTATION_CONTEXT() REPRESENTATION_CONTEXT('2D SPACE',''
  ) );
#10346 = PCURVE('',#7486,#10347);
#10347 = DEFINITIONAL_REPRESENTATION('',(#10348),#10351);
#10348 = B_SPLINE_CURVE_WITH_KNOTS('',1,(#10349,#10350),.UNSPECIFIED.,
  .F.,.F.,(2,2),(9.7185,12.7185),.PIECEWISE_BEZIER_KNOTS.);
#10349 = CARTESIAN_POINT('',(2.05,-19.437));
#10350 = CARTESIAN_POINT('',(2.05,-22.437));
#10351 = ( GEOMETRIC_REPRESENTATION_CONTEXT(2) 
PARAMETRIC_REPRESENTATION_CONTEXT() REPRESENTATION_CONTEXT('2D SPACE',''
  ) );
#10352 = ADVANCED_FACE('',(#10353),#7486,.T.);
#10353 = FACE_BOUND('',#10354,.T.);
#10354 = EDGE_LOOP('',(#10355,#10356,#10357,#10378,#10404,#10405,#10406)
  );
#10355 = ORIENTED_EDGE('',*,*,#10255,.F.);
#10356 = ORIENTED_EDGE('',*,*,#10110,.T.);
#10357 = ORIENTED_EDGE('',*,*,#10358,.F.);
#10358 = EDGE_CURVE('',#10359,#10111,#10361,.T.);
#10359 = VERTEX_POINT('',#10360);
#10360 = CARTESIAN_POINT('',(-0.727,-3.318,1.85));
#10361 = SURFACE_CURVE('',#10362,(#10366,#10372),.PCURVE_S1.);
#10362 = LINE('',#10363,#10364);
#10363 = CARTESIAN_POINT('',(-0.727,-3.318,0.925));
#10364 = VECTOR('',#10365,1.);
#10365 = DIRECTION('',(0.,0.,1.));
#10366 = PCURVE('',#7486,#10367);
#10367 = DEFINITIONAL_REPRESENTATION('',(#10368),#10371);
#10368 = B_SPLINE_CURVE_WITH_KNOTS('',1,(#10369,#10370),.UNSPECIFIED.,
  .F.,.F.,(2,2),(0.925,2.575),.PIECEWISE_BEZIER_KNOTS.);
#10369 = CARTESIAN_POINT('',(1.85,-18.519));
#10370 = CARTESIAN_POINT('',(3.5,-18.519));
#10371 = ( GEOMETRIC_REPRESENTATION_CONTEXT(2) 
PARAMETRIC_REPRESENTATION_CONTEXT() REPRESENTATION_CONTEXT('2D SPACE',''
  ) );
#10372 = PCURVE('',#4298,#10373);
#10373 = DEFINITIONAL_REPRESENTATION('',(#10374),#10377);
#10374 = B_SPLINE_CURVE_WITH_KNOTS('',1,(#10375,#10376),.UNSPECIFIED.,
  .F.,.F.,(2,2),(0.925,2.575),.PIECEWISE_BEZIER_KNOTS.);
#10375 = CARTESIAN_POINT('',(0.,0.923));
#10376 = CARTESIAN_POINT('',(1.65,0.923));
#10377 = ( GEOMETRIC_REPRESENTATION_CONTEXT(2) 
PARAMETRIC_REPRESENTATION_CONTEXT() REPRESENTATION_CONTEXT('2D SPACE',''
  ) );
#10378 = ORIENTED_EDGE('',*,*,#10379,.T.);
#10379 = EDGE_CURVE('',#10359,#7469,#10380,.T.);
#10380 = SURFACE_CURVE('',#10381,(#10386,#10397),.PCURVE_S1.);
#10381 = CIRCLE('',#10382,3.95);
#10382 = AXIS2_PLACEMENT_3D('',#10383,#10384,#10385);
#10383 = CARTESIAN_POINT('',(-0.727,-7.268,1.85));
#10384 = DIRECTION('',(-1.,0.,0.));
#10385 = DIRECTION('',(0.,-1.124276480633E-16,1.));
#10386 = PCURVE('',#7486,#10387);
#10387 = DEFINITIONAL_REPRESENTATION('',(#10388),#10396);
#10388 = ( BOUNDED_CURVE() B_SPLINE_CURVE(2,(#10389,#10390,#10391,#10392
    ,#10393,#10394,#10395),.UNSPECIFIED.,.T.,.F.) 
B_SPLINE_CURVE_WITH_KNOTS((1,2,2,2,2,1),(-2.094395102393,0.,
    2.094395102393,4.188790204786,6.28318530718,8.377580409573),
.UNSPECIFIED.) CURVE() GEOMETRIC_REPRESENTATION_ITEM() 
RATIONAL_B_SPLINE_CURVE((1.,0.5,1.,0.5,1.,0.5,1.)) REPRESENTATION_ITEM(
  '') );
#10389 = CARTESIAN_POINT('',(5.8,-14.569));
#10390 = CARTESIAN_POINT('',(5.8,-21.41060068989));
#10391 = CARTESIAN_POINT('',(-0.125,-17.98980034494));
#10392 = CARTESIAN_POINT('',(-6.05,-14.569));
#10393 = CARTESIAN_POINT('',(-0.125,-11.14819965505));
#10394 = CARTESIAN_POINT('',(5.8,-7.727399310103));
#10395 = CARTESIAN_POINT('',(5.8,-14.569));
#10396 = ( GEOMETRIC_REPRESENTATION_CONTEXT(2) 
PARAMETRIC_REPRESENTATION_CONTEXT() REPRESENTATION_CONTEXT('2D SPACE',''
  ) );
#10397 = PCURVE('',#4327,#10398);
#10398 = DEFINITIONAL_REPRESENTATION('',(#10399),#10403);
#10399 = LINE('',#10400,#10401);
#10400 = CARTESIAN_POINT('',(0.,-0.923));
#10401 = VECTOR('',#10402,1.);
#10402 = DIRECTION('',(1.,0.));
#10403 = ( GEOMETRIC_REPRESENTATION_CONTEXT(2) 
PARAMETRIC_REPRESENTATION_CONTEXT() REPRESENTATION_CONTEXT('2D SPACE',''
  ) );
#10404 = ORIENTED_EDGE('',*,*,#7468,.T.);
#10405 = ORIENTED_EDGE('',*,*,#7758,.T.);
#10406 = ORIENTED_EDGE('',*,*,#10334,.F.);
#10407 = ADVANCED_FACE('',(#10408),#7358,.T.);
#10408 = FACE_BOUND('',#10409,.T.);
#10409 = EDGE_LOOP('',(#10410,#10434,#10435,#10459));
#10410 = ORIENTED_EDGE('',*,*,#10411,.T.);
#10411 = EDGE_CURVE('',#10412,#7344,#10414,.T.);
#10412 = VERTEX_POINT('',#10413);
#10413 = CARTESIAN_POINT('',(-0.35,-14.068,-2.1));
#10414 = SURFACE_CURVE('',#10415,(#10420,#10427),.PCURVE_S1.);
#10415 = CIRCLE('',#10416,3.95);
#10416 = AXIS2_PLACEMENT_3D('',#10417,#10418,#10419);
#10417 = CARTESIAN_POINT('',(-0.35,-14.068,1.85));
#10418 = DIRECTION('',(-1.,0.,-0.));
#10419 = DIRECTION('',(0.,1.124276480633E-16,-1.));
#10420 = PCURVE('',#7358,#10421);
#10421 = DEFINITIONAL_REPRESENTATION('',(#10422),#10426);
#10422 = CIRCLE('',#10423,3.95);
#10423 = AXIS2_PLACEMENT_2D('',#10424,#10425);
#10424 = CARTESIAN_POINT('',(-8.881784197001E-16,3.4));
#10425 = DIRECTION('',(1.,-1.124276480633E-16));
#10426 = ( GEOMETRIC_REPRESENTATION_CONTEXT(2) 
PARAMETRIC_REPRESENTATION_CONTEXT() REPRESENTATION_CONTEXT('2D SPACE',''
  ) );
#10427 = PCURVE('',#4384,#10428);
#10428 = DEFINITIONAL_REPRESENTATION('',(#10429),#10433);
#10429 = LINE('',#10430,#10431);
#10430 = CARTESIAN_POINT('',(0.,-1.3));
#10431 = VECTOR('',#10432,1.);
#10432 = DIRECTION('',(1.,0.));
#10433 = ( GEOMETRIC_REPRESENTATION_CONTEXT(2) 
PARAMETRIC_REPRESENTATION_CONTEXT() REPRESENTATION_CONTEXT('2D SPACE',''
  ) );
#10434 = ORIENTED_EDGE('',*,*,#7343,.F.);
#10435 = ORIENTED_EDGE('',*,*,#10436,.T.);
#10436 = EDGE_CURVE('',#7323,#10437,#10439,.T.);
#10437 = VERTEX_POINT('',#10438);
#10438 = CARTESIAN_POINT('',(-0.35,-7.268,-2.1));
#10439 = SURFACE_CURVE('',#10440,(#10445,#10452),.PCURVE_S1.);
#10440 = CIRCLE('',#10441,3.95);
#10441 = AXIS2_PLACEMENT_3D('',#10442,#10443,#10444);
#10442 = CARTESIAN_POINT('',(-0.35,-7.268,1.85));
#10443 = DIRECTION('',(-1.,0.,0.));
#10444 = DIRECTION('',(0.,-1.124276480633E-16,1.));
#10445 = PCURVE('',#7358,#10446);
#10446 = DEFINITIONAL_REPRESENTATION('',(#10447),#10451);
#10447 = CIRCLE('',#10448,3.95);
#10448 = AXIS2_PLACEMENT_2D('',#10449,#10450);
#10449 = CARTESIAN_POINT('',(0.,-3.4));
#10450 = DIRECTION('',(-1.,1.124276480633E-16));
#10451 = ( GEOMETRIC_REPRESENTATION_CONTEXT(2) 
PARAMETRIC_REPRESENTATION_CONTEXT() REPRESENTATION_CONTEXT('2D SPACE',''
  ) );
#10452 = PCURVE('',#4327,#10453);
#10453 = DEFINITIONAL_REPRESENTATION('',(#10454),#10458);
#10454 = LINE('',#10455,#10456);
#10455 = CARTESIAN_POINT('',(0.,-1.3));
#10456 = VECTOR('',#10457,1.);
#10457 = DIRECTION('',(1.,0.));
#10458 = ( GEOMETRIC_REPRESENTATION_CONTEXT(2) 
PARAMETRIC_REPRESENTATION_CONTEXT() REPRESENTATION_CONTEXT('2D SPACE',''
  ) );
#10459 = ORIENTED_EDGE('',*,*,#10460,.T.);
#10460 = EDGE_CURVE('',#10437,#10412,#10461,.T.);
#10461 = SURFACE_CURVE('',#10462,(#10466,#10473),.PCURVE_S1.);
#10462 = LINE('',#10463,#10464);
#10463 = CARTESIAN_POINT('',(-0.35,-7.268,-2.1));
#10464 = VECTOR('',#10465,1.);
#10465 = DIRECTION('',(0.,-1.,0.));
#10466 = PCURVE('',#7358,#10467);
#10467 = DEFINITIONAL_REPRESENTATION('',(#10468),#10472);
#10468 = LINE('',#10469,#10470);
#10469 = CARTESIAN_POINT('',(3.95,-3.4));
#10470 = VECTOR('',#10471,1.);
#10471 = DIRECTION('',(0.,1.));
#10472 = ( GEOMETRIC_REPRESENTATION_CONTEXT(2) 
PARAMETRIC_REPRESENTATION_CONTEXT() REPRESENTATION_CONTEXT('2D SPACE',''
  ) );
#10473 = PCURVE('',#4355,#10474);
#10474 = DEFINITIONAL_REPRESENTATION('',(#10475),#10479);
#10475 = LINE('',#10476,#10477);
#10476 = CARTESIAN_POINT('',(0.,-1.3));
#10477 = VECTOR('',#10478,1.);
#10478 = DIRECTION('',(1.,0.));
#10479 = ( GEOMETRIC_REPRESENTATION_CONTEXT(2) 
PARAMETRIC_REPRESENTATION_CONTEXT() REPRESENTATION_CONTEXT('2D SPACE',''
  ) );
#10480 = ADVANCED_FACE('',(#10481),#4625,.F.);
#10481 = FACE_BOUND('',#10482,.F.);
#10482 = EDGE_LOOP('',(#10483,#10484,#10485,#10486,#10487,#10488,#10489,
    #10490,#10491,#10509));
#10483 = ORIENTED_EDGE('',*,*,#4745,.F.);
#10484 = ORIENTED_EDGE('',*,*,#4841,.F.);
#10485 = ORIENTED_EDGE('',*,*,#4889,.T.);
#10486 = ORIENTED_EDGE('',*,*,#4941,.T.);
#10487 = ORIENTED_EDGE('',*,*,#5103,.T.);
#10488 = ORIENTED_EDGE('',*,*,#5207,.F.);
#10489 = ORIENTED_EDGE('',*,*,#5251,.T.);
#10490 = ORIENTED_EDGE('',*,*,#5324,.T.);
#10491 = ORIENTED_EDGE('',*,*,#10492,.T.);
#10492 = EDGE_CURVE('',#5325,#4612,#10493,.T.);
#10493 = SURFACE_CURVE('',#10494,(#10497,#10503),.PCURVE_S1.);
#10494 = B_SPLINE_CURVE_WITH_KNOTS('',1,(#10495,#10496),.UNSPECIFIED.,
  .F.,.F.,(2,2),(0.,1.),.PIECEWISE_BEZIER_KNOTS.);
#10495 = CARTESIAN_POINT('',(2.,-21.87033333333,3.6));
#10496 = CARTESIAN_POINT('',(-0.760333333333,-21.87033333333,3.6));
#10497 = PCURVE('',#4625,#10498);
#10498 = DEFINITIONAL_REPRESENTATION('',(#10499),#10502);
#10499 = B_SPLINE_CURVE_WITH_KNOTS('',1,(#10500,#10501),.UNSPECIFIED.,
  .F.,.F.,(2,2),(0.,1.),.PIECEWISE_BEZIER_KNOTS.);
#10500 = CARTESIAN_POINT('',(3.9,0.429666666667));
#10501 = CARTESIAN_POINT('',(1.139666666667,0.429666666667));
#10502 = ( GEOMETRIC_REPRESENTATION_CONTEXT(2) 
PARAMETRIC_REPRESENTATION_CONTEXT() REPRESENTATION_CONTEXT('2D SPACE',''
  ) );
#10503 = PCURVE('',#4651,#10504);
#10504 = DEFINITIONAL_REPRESENTATION('',(#10505),#10508);
#10505 = B_SPLINE_CURVE_WITH_KNOTS('',1,(#10506,#10507),.UNSPECIFIED.,
  .F.,.F.,(2,2),(0.,1.),.PIECEWISE_BEZIER_KNOTS.);
#10506 = CARTESIAN_POINT('',(2.780067179017,0.111111111111));
#10507 = CARTESIAN_POINT('',(0.,0.111111111111));
#10508 = ( GEOMETRIC_REPRESENTATION_CONTEXT(2) 
PARAMETRIC_REPRESENTATION_CONTEXT() REPRESENTATION_CONTEXT('2D SPACE',''
  ) );
#10509 = ORIENTED_EDGE('',*,*,#4611,.T.);
#10510 = ADVANCED_FACE('',(#10511),#4651,.F.);
#10511 = FACE_BOUND('',#10512,.F.);
#10512 = EDGE_LOOP('',(#10513,#10514,#10515,#10516));
#10513 = ORIENTED_EDGE('',*,*,#4636,.F.);
#10514 = ORIENTED_EDGE('',*,*,#10492,.F.);
#10515 = ORIENTED_EDGE('',*,*,#5345,.T.);
#10516 = ORIENTED_EDGE('',*,*,#10517,.F.);
#10517 = EDGE_CURVE('',#4637,#5346,#10518,.T.);
#10518 = SURFACE_CURVE('',#10519,(#10523,#10530),.PCURVE_S1.);
#10519 = LINE('',#10520,#10521);
#10520 = CARTESIAN_POINT('',(-1.027,-22.137,4.4));
#10521 = VECTOR('',#10522,1.);
#10522 = DIRECTION('',(1.,0.,0.));
#10523 = PCURVE('',#4651,#10524);
#10524 = DEFINITIONAL_REPRESENTATION('',(#10525),#10529);
#10525 = LINE('',#10526,#10527);
#10526 = CARTESIAN_POINT('',(0.,1.));
#10527 = VECTOR('',#10528,1.);
#10528 = DIRECTION('',(1.,0.));
#10529 = ( GEOMETRIC_REPRESENTATION_CONTEXT(2) 
PARAMETRIC_REPRESENTATION_CONTEXT() REPRESENTATION_CONTEXT('2D SPACE',''
  ) );
#10530 = PCURVE('',#72,#10531);
#10531 = DEFINITIONAL_REPRESENTATION('',(#10532),#10536);
#10532 = LINE('',#10533,#10534);
#10533 = CARTESIAN_POINT('',(-38.01766680575,-12.34197963771));
#10534 = VECTOR('',#10535,1.);
#10535 = DIRECTION('',(1.,0.));
#10536 = ( GEOMETRIC_REPRESENTATION_CONTEXT(2) 
PARAMETRIC_REPRESENTATION_CONTEXT() REPRESENTATION_CONTEXT('2D SPACE',''
  ) );
#10537 = ADVANCED_FACE('',(#10538),#4540,.T.);
#10538 = FACE_BOUND('',#10539,.T.);
#10539 = EDGE_LOOP('',(#10540,#10541,#10542,#10568,#10569,#10570,#10571)
  );
#10540 = ORIENTED_EDGE('',*,*,#7012,.F.);
#10541 = ORIENTED_EDGE('',*,*,#7037,.T.);
#10542 = ORIENTED_EDGE('',*,*,#10543,.T.);
#10543 = EDGE_CURVE('',#7038,#4449,#10544,.T.);
#10544 = SURFACE_CURVE('',#10545,(#10550,#10561),.PCURVE_S1.);
#10545 = CIRCLE('',#10546,3.95);
#10546 = AXIS2_PLACEMENT_3D('',#10547,#10548,#10549);
#10547 = CARTESIAN_POINT('',(-0.727,-14.068,1.85));
#10548 = DIRECTION('',(-1.,0.,-0.));
#10549 = DIRECTION('',(0.,1.124276480633E-16,-1.));
#10550 = PCURVE('',#4540,#10551);
#10551 = DEFINITIONAL_REPRESENTATION('',(#10552),#10560);
#10552 = ( BOUNDED_CURVE() B_SPLINE_CURVE(2,(#10553,#10554,#10555,#10556
    ,#10557,#10558,#10559),.UNSPECIFIED.,.T.,.F.) 
B_SPLINE_CURVE_WITH_KNOTS((1,2,2,2,2,1),(-2.094395102393,0.,
    2.094395102393,4.188790204786,6.28318530718,8.377580409573),
.UNSPECIFIED.) CURVE() GEOMETRIC_REPRESENTATION_ITEM() 
RATIONAL_B_SPLINE_CURVE((1.,0.5,1.,0.5,1.,0.5,1.)) REPRESENTATION_ITEM(
  '') );
#10553 = CARTESIAN_POINT('',(-2.1,-7.769));
#10554 = CARTESIAN_POINT('',(-2.1,-0.927399310103));
#10555 = CARTESIAN_POINT('',(3.825,-4.348199655051));
#10556 = CARTESIAN_POINT('',(9.75,-7.769));
#10557 = CARTESIAN_POINT('',(3.825,-11.18980034494));
#10558 = CARTESIAN_POINT('',(-2.1,-14.61060068989));
#10559 = CARTESIAN_POINT('',(-2.1,-7.769));
#10560 = ( GEOMETRIC_REPRESENTATION_CONTEXT(2) 
PARAMETRIC_REPRESENTATION_CONTEXT() REPRESENTATION_CONTEXT('2D SPACE',''
  ) );
#10561 = PCURVE('',#4384,#10562);
#10562 = DEFINITIONAL_REPRESENTATION('',(#10563),#10567);
#10563 = LINE('',#10564,#10565);
#10564 = CARTESIAN_POINT('',(0.,-0.923));
#10565 = VECTOR('',#10566,1.);
#10566 = DIRECTION('',(1.,0.));
#10567 = ( GEOMETRIC_REPRESENTATION_CONTEXT(2) 
PARAMETRIC_REPRESENTATION_CONTEXT() REPRESENTATION_CONTEXT('2D SPACE',''
  ) );
#10568 = ORIENTED_EDGE('',*,*,#4527,.T.);
#10569 = ORIENTED_EDGE('',*,*,#4555,.T.);
#10570 = ORIENTED_EDGE('',*,*,#4767,.T.);
#10571 = ORIENTED_EDGE('',*,*,#6941,.F.);
#10572 = ADVANCED_FACE('',(#10573),#4384,.F.);
#10573 = FACE_BOUND('',#10574,.F.);
#10574 = EDGE_LOOP('',(#10575,#10576,#10597,#10598,#10599,#10600,#10601,
    #10602));
#10575 = ORIENTED_EDGE('',*,*,#4367,.F.);
#10576 = ORIENTED_EDGE('',*,*,#10577,.T.);
#10577 = EDGE_CURVE('',#4340,#10412,#10578,.T.);
#10578 = SURFACE_CURVE('',#10579,(#10583,#10590),.PCURVE_S1.);
#10579 = LINE('',#10580,#10581);
#10580 = CARTESIAN_POINT('',(-1.65,-14.068,-2.1));
#10581 = VECTOR('',#10582,1.);
#10582 = DIRECTION('',(1.,0.,0.));
#10583 = PCURVE('',#4384,#10584);
#10584 = DEFINITIONAL_REPRESENTATION('',(#10585),#10589);
#10585 = LINE('',#10586,#10587);
#10586 = CARTESIAN_POINT('',(0.,0.));
#10587 = VECTOR('',#10588,1.);
#10588 = DIRECTION('',(0.,-1.));
#10589 = ( GEOMETRIC_REPRESENTATION_CONTEXT(2) 
PARAMETRIC_REPRESENTATION_CONTEXT() REPRESENTATION_CONTEXT('2D SPACE',''
  ) );
#10590 = PCURVE('',#4355,#10591);
#10591 = DEFINITIONAL_REPRESENTATION('',(#10592),#10596);
#10592 = LINE('',#10593,#10594);
#10593 = CARTESIAN_POINT('',(6.8,0.));
#10594 = VECTOR('',#10595,1.);
#10595 = DIRECTION('',(0.,-1.));
#10596 = ( GEOMETRIC_REPRESENTATION_CONTEXT(2) 
PARAMETRIC_REPRESENTATION_CONTEXT() REPRESENTATION_CONTEXT('2D SPACE',''
  ) );
#10597 = ORIENTED_EDGE('',*,*,#10411,.T.);
#10598 = ORIENTED_EDGE('',*,*,#7369,.T.);
#10599 = ORIENTED_EDGE('',*,*,#7201,.T.);
#10600 = ORIENTED_EDGE('',*,*,#7129,.T.);
#10601 = ORIENTED_EDGE('',*,*,#10543,.T.);
#10602 = ORIENTED_EDGE('',*,*,#4448,.F.);
#10603 = ADVANCED_FACE('',(#10604),#4355,.F.);
#10604 = FACE_BOUND('',#10605,.F.);
#10605 = EDGE_LOOP('',(#10606,#10627,#10628,#10629));
#10606 = ORIENTED_EDGE('',*,*,#10607,.T.);
#10607 = EDGE_CURVE('',#4311,#10437,#10608,.T.);
#10608 = SURFACE_CURVE('',#10609,(#10613,#10620),.PCURVE_S1.);
#10609 = LINE('',#10610,#10611);
#10610 = CARTESIAN_POINT('',(-1.65,-7.268,-2.1));
#10611 = VECTOR('',#10612,1.);
#10612 = DIRECTION('',(1.,0.,0.));
#10613 = PCURVE('',#4355,#10614);
#10614 = DEFINITIONAL_REPRESENTATION('',(#10615),#10619);
#10615 = LINE('',#10616,#10617);
#10616 = CARTESIAN_POINT('',(0.,-0.));
#10617 = VECTOR('',#10618,1.);
#10618 = DIRECTION('',(0.,-1.));
#10619 = ( GEOMETRIC_REPRESENTATION_CONTEXT(2) 
PARAMETRIC_REPRESENTATION_CONTEXT() REPRESENTATION_CONTEXT('2D SPACE',''
  ) );
#10620 = PCURVE('',#4327,#10621);
#10621 = DEFINITIONAL_REPRESENTATION('',(#10622),#10626);
#10622 = LINE('',#10623,#10624);
#10623 = CARTESIAN_POINT('',(3.14159265359,0.));
#10624 = VECTOR('',#10625,1.);
#10625 = DIRECTION('',(0.,-1.));
#10626 = ( GEOMETRIC_REPRESENTATION_CONTEXT(2) 
PARAMETRIC_REPRESENTATION_CONTEXT() REPRESENTATION_CONTEXT('2D SPACE',''
  ) );
#10627 = ORIENTED_EDGE('',*,*,#10460,.T.);
#10628 = ORIENTED_EDGE('',*,*,#10577,.F.);
#10629 = ORIENTED_EDGE('',*,*,#4339,.F.);
#10630 = ADVANCED_FACE('',(#10631),#4327,.F.);
#10631 = FACE_BOUND('',#10632,.F.);
#10632 = EDGE_LOOP('',(#10633,#10634,#10655,#10656,#10657,#10658,#10659,
    #10660));
#10633 = ORIENTED_EDGE('',*,*,#4310,.F.);
#10634 = ORIENTED_EDGE('',*,*,#10635,.T.);
#10635 = EDGE_CURVE('',#4283,#10359,#10636,.T.);
#10636 = SURFACE_CURVE('',#10637,(#10641,#10648),.PCURVE_S1.);
#10637 = LINE('',#10638,#10639);
#10638 = CARTESIAN_POINT('',(-1.65,-3.318,1.85));
#10639 = VECTOR('',#10640,1.);
#10640 = DIRECTION('',(1.,0.,0.));
#10641 = PCURVE('',#4327,#10642);
#10642 = DEFINITIONAL_REPRESENTATION('',(#10643),#10647);
#10643 = LINE('',#10644,#10645);
#10644 = CARTESIAN_POINT('',(1.570796326795,0.));
#10645 = VECTOR('',#10646,1.);
#10646 = DIRECTION('',(0.,-1.));
#10647 = ( GEOMETRIC_REPRESENTATION_CONTEXT(2) 
PARAMETRIC_REPRESENTATION_CONTEXT() REPRESENTATION_CONTEXT('2D SPACE',''
  ) );
#10648 = PCURVE('',#4298,#10649);
#10649 = DEFINITIONAL_REPRESENTATION('',(#10650),#10654);
#10650 = LINE('',#10651,#10652);
#10651 = CARTESIAN_POINT('',(0.,0.));
#10652 = VECTOR('',#10653,1.);
#10653 = DIRECTION('',(0.,1.));
#10654 = ( GEOMETRIC_REPRESENTATION_CONTEXT(2) 
PARAMETRIC_REPRESENTATION_CONTEXT() REPRESENTATION_CONTEXT('2D SPACE',''
  ) );
#10655 = ORIENTED_EDGE('',*,*,#10379,.T.);
#10656 = ORIENTED_EDGE('',*,*,#7498,.F.);
#10657 = ORIENTED_EDGE('',*,*,#7419,.T.);
#10658 = ORIENTED_EDGE('',*,*,#7322,.F.);
#10659 = ORIENTED_EDGE('',*,*,#10436,.T.);
#10660 = ORIENTED_EDGE('',*,*,#10607,.F.);
#10661 = ADVANCED_FACE('',(#10662),#4298,.F.);
#10662 = FACE_BOUND('',#10663,.F.);
#10663 = EDGE_LOOP('',(#10664,#10665,#10666,#10685,#10686));
#10664 = ORIENTED_EDGE('',*,*,#10635,.F.);
#10665 = ORIENTED_EDGE('',*,*,#4282,.T.);
#10666 = ORIENTED_EDGE('',*,*,#10667,.F.);
#10667 = EDGE_CURVE('',#10133,#4260,#10668,.T.);
#10668 = SURFACE_CURVE('',#10669,(#10673,#10679),.PCURVE_S1.);
#10669 = LINE('',#10670,#10671);
#10670 = CARTESIAN_POINT('',(17.670333402879,-3.318,4.4));
#10671 = VECTOR('',#10672,1.);
#10672 = DIRECTION('',(-1.,0.,0.));
#10673 = PCURVE('',#4298,#10674);
#10674 = DEFINITIONAL_REPRESENTATION('',(#10675),#10678);
#10675 = B_SPLINE_CURVE_WITH_KNOTS('',1,(#10676,#10677),.UNSPECIFIED.,
  .F.,.F.,(2,2),(18.020333402879,19.320333402879),
  .PIECEWISE_BEZIER_KNOTS.);
#10676 = CARTESIAN_POINT('',(2.55,1.3));
#10677 = CARTESIAN_POINT('',(2.55,0.));
#10678 = ( GEOMETRIC_REPRESENTATION_CONTEXT(2) 
PARAMETRIC_REPRESENTATION_CONTEXT() REPRESENTATION_CONTEXT('2D SPACE',''
  ) );
#10679 = PCURVE('',#370,#10680);
#10680 = DEFINITIONAL_REPRESENTATION('',(#10681),#10684);
#10681 = B_SPLINE_CURVE_WITH_KNOTS('',1,(#10682,#10683),.UNSPECIFIED.,
  .F.,.F.,(2,2),(18.020333402879,19.320333402879),
  .PIECEWISE_BEZIER_KNOTS.);
#10682 = CARTESIAN_POINT('',(-37.34066680575,6.477020362289));
#10683 = CARTESIAN_POINT('',(-38.64066680575,6.477020362289));
#10684 = ( GEOMETRIC_REPRESENTATION_CONTEXT(2) 
PARAMETRIC_REPRESENTATION_CONTEXT() REPRESENTATION_CONTEXT('2D SPACE',''
  ) );
#10685 = ORIENTED_EDGE('',*,*,#10132,.F.);
#10686 = ORIENTED_EDGE('',*,*,#10358,.F.);
#10687 = ADVANCED_FACE('',(#10688),#3945,.F.);
#10688 = FACE_BOUND('',#10689,.F.);
#10689 = EDGE_LOOP('',(#10690,#10691,#10692,#10713));
#10690 = ORIENTED_EDGE('',*,*,#4090,.T.);
#10691 = ORIENTED_EDGE('',*,*,#4236,.T.);
#10692 = ORIENTED_EDGE('',*,*,#10693,.F.);
#10693 = EDGE_CURVE('',#3925,#4214,#10694,.T.);
#10694 = SURFACE_CURVE('',#10695,(#10699,#10706),.PCURVE_S1.);
#10695 = LINE('',#10696,#10697);
#10696 = CARTESIAN_POINT('',(-5.,-7.743,-1.2));
#10697 = VECTOR('',#10698,1.);
#10698 = DIRECTION('',(1.,0.,0.));
#10699 = PCURVE('',#3945,#10700);
#10700 = DEFINITIONAL_REPRESENTATION('',(#10701),#10705);
#10701 = LINE('',#10702,#10703);
#10702 = CARTESIAN_POINT('',(3.14159265359,0.));
#10703 = VECTOR('',#10704,1.);
#10704 = DIRECTION('',(0.,-1.));
#10705 = ( GEOMETRIC_REPRESENTATION_CONTEXT(2) 
PARAMETRIC_REPRESENTATION_CONTEXT() REPRESENTATION_CONTEXT('2D SPACE',''
  ) );
#10706 = PCURVE('',#3973,#10707);
#10707 = DEFINITIONAL_REPRESENTATION('',(#10708),#10712);
#10708 = LINE('',#10709,#10710);
#10709 = CARTESIAN_POINT('',(0.,-0.));
#10710 = VECTOR('',#10711,1.);
#10711 = DIRECTION('',(0.,-1.));
#10712 = ( GEOMETRIC_REPRESENTATION_CONTEXT(2) 
PARAMETRIC_REPRESENTATION_CONTEXT() REPRESENTATION_CONTEXT('2D SPACE',''
  ) );
#10713 = ORIENTED_EDGE('',*,*,#3924,.F.);
#10714 = ADVANCED_FACE('',(#10715),#3973,.F.);
#10715 = FACE_BOUND('',#10716,.F.);
#10716 = EDGE_LOOP('',(#10717,#10718,#10719,#10720));
#10717 = ORIENTED_EDGE('',*,*,#3957,.T.);
#10718 = ORIENTED_EDGE('',*,*,#10693,.T.);
#10719 = ORIENTED_EDGE('',*,*,#4213,.T.);
#10720 = ORIENTED_EDGE('',*,*,#10721,.F.);
#10721 = EDGE_CURVE('',#3958,#4190,#10722,.T.);
#10722 = SURFACE_CURVE('',#10723,(#10727,#10734),.PCURVE_S1.);
#10723 = LINE('',#10724,#10725);
#10724 = CARTESIAN_POINT('',(-5.,-13.593,-1.2));
#10725 = VECTOR('',#10726,1.);
#10726 = DIRECTION('',(1.,0.,0.));
#10727 = PCURVE('',#3973,#10728);
#10728 = DEFINITIONAL_REPRESENTATION('',(#10729),#10733);
#10729 = LINE('',#10730,#10731);
#10730 = CARTESIAN_POINT('',(5.85,0.));
#10731 = VECTOR('',#10732,1.);
#10732 = DIRECTION('',(0.,-1.));
#10733 = ( GEOMETRIC_REPRESENTATION_CONTEXT(2) 
PARAMETRIC_REPRESENTATION_CONTEXT() REPRESENTATION_CONTEXT('2D SPACE',''
  ) );
#10734 = PCURVE('',#4005,#10735);
#10735 = DEFINITIONAL_REPRESENTATION('',(#10736),#10740);
#10736 = LINE('',#10737,#10738);
#10737 = CARTESIAN_POINT('',(0.,0.));
#10738 = VECTOR('',#10739,1.);
#10739 = DIRECTION('',(0.,-1.));
#10740 = ( GEOMETRIC_REPRESENTATION_CONTEXT(2) 
PARAMETRIC_REPRESENTATION_CONTEXT() REPRESENTATION_CONTEXT('2D SPACE',''
  ) );
#10741 = ADVANCED_FACE('',(#10742),#4005,.F.);
#10742 = FACE_BOUND('',#10743,.F.);
#10743 = EDGE_LOOP('',(#10744,#10745,#10746,#10747));
#10744 = ORIENTED_EDGE('',*,*,#3984,.F.);
#10745 = ORIENTED_EDGE('',*,*,#10721,.T.);
#10746 = ORIENTED_EDGE('',*,*,#4189,.T.);
#10747 = ORIENTED_EDGE('',*,*,#10748,.F.);
#10748 = EDGE_CURVE('',#3985,#4165,#10749,.T.);
#10749 = SURFACE_CURVE('',#10750,(#10754,#10761),.PCURVE_S1.);
#10750 = LINE('',#10751,#10752);
#10751 = CARTESIAN_POINT('',(-5.,-16.643,1.85));
#10752 = VECTOR('',#10753,1.);
#10753 = DIRECTION('',(1.,0.,0.));
#10754 = PCURVE('',#4005,#10755);
#10755 = DEFINITIONAL_REPRESENTATION('',(#10756),#10760);
#10756 = LINE('',#10757,#10758);
#10757 = CARTESIAN_POINT('',(1.570796326795,0.));
#10758 = VECTOR('',#10759,1.);
#10759 = DIRECTION('',(0.,-1.));
#10760 = ( GEOMETRIC_REPRESENTATION_CONTEXT(2) 
PARAMETRIC_REPRESENTATION_CONTEXT() REPRESENTATION_CONTEXT('2D SPACE',''
  ) );
#10761 = PCURVE('',#4032,#10762);
#10762 = DEFINITIONAL_REPRESENTATION('',(#10763),#10767);
#10763 = LINE('',#10764,#10765);
#10764 = CARTESIAN_POINT('',(0.,0.));
#10765 = VECTOR('',#10766,1.);
#10766 = DIRECTION('',(0.,1.));
#10767 = ( GEOMETRIC_REPRESENTATION_CONTEXT(2) 
PARAMETRIC_REPRESENTATION_CONTEXT() REPRESENTATION_CONTEXT('2D SPACE',''
  ) );
#10768 = ADVANCED_FACE('',(#10769),#4032,.T.);
#10769 = FACE_BOUND('',#10770,.T.);
#10770 = EDGE_LOOP('',(#10771,#10772,#10773,#10792));
#10771 = ORIENTED_EDGE('',*,*,#10748,.F.);
#10772 = ORIENTED_EDGE('',*,*,#4017,.T.);
#10773 = ORIENTED_EDGE('',*,*,#10774,.F.);
#10774 = EDGE_CURVE('',#4167,#4018,#10775,.T.);
#10775 = SURFACE_CURVE('',#10776,(#10780,#10786),.PCURVE_S1.);
#10776 = LINE('',#10777,#10778);
#10777 = CARTESIAN_POINT('',(15.995333402879,-16.643,4.4));
#10778 = VECTOR('',#10779,1.);
#10779 = DIRECTION('',(-1.,0.,0.));
#10780 = PCURVE('',#4032,#10781);
#10781 = DEFINITIONAL_REPRESENTATION('',(#10782),#10785);
#10782 = B_SPLINE_CURVE_WITH_KNOTS('',1,(#10783,#10784),.UNSPECIFIED.,
  .F.,.F.,(2,2),(17.645333402879,18.495333402879),
  .PIECEWISE_BEZIER_KNOTS.);
#10783 = CARTESIAN_POINT('',(2.55,3.35));
#10784 = CARTESIAN_POINT('',(2.55,2.5));
#10785 = ( GEOMETRIC_REPRESENTATION_CONTEXT(2) 
PARAMETRIC_REPRESENTATION_CONTEXT() REPRESENTATION_CONTEXT('2D SPACE',''
  ) );
#10786 = PCURVE('',#72,#10787);
#10787 = DEFINITIONAL_REPRESENTATION('',(#10788),#10791);
#10788 = B_SPLINE_CURVE_WITH_KNOTS('',1,(#10789,#10790),.UNSPECIFIED.,
  .F.,.F.,(2,2),(17.645333402879,18.495333402879),
  .PIECEWISE_BEZIER_KNOTS.);
#10789 = CARTESIAN_POINT('',(-38.64066680575,-6.847979637711));
#10790 = CARTESIAN_POINT('',(-39.49066680575,-6.847979637711));
#10791 = ( GEOMETRIC_REPRESENTATION_CONTEXT(2) 
PARAMETRIC_REPRESENTATION_CONTEXT() REPRESENTATION_CONTEXT('2D SPACE',''
  ) );
#10792 = ORIENTED_EDGE('',*,*,#4164,.F.);
#10793 = ADVANCED_FACE('',(#10794),#3550,.T.);
#10794 = FACE_BOUND('',#10795,.T.);
#10795 = EDGE_LOOP('',(#10796,#10826,#10848,#10849));
#10796 = ORIENTED_EDGE('',*,*,#10797,.F.);
#10797 = EDGE_CURVE('',#10798,#10800,#10802,.T.);
#10798 = VERTEX_POINT('',#10799);
#10799 = CARTESIAN_POINT('',(63.217400535397,6.9,-5.25));
#10800 = VERTEX_POINT('',#10801);
#10801 = CARTESIAN_POINT('',(63.217400535397,6.9,4.4));
#10802 = SURFACE_CURVE('',#10803,(#10807,#10814),.PCURVE_S1.);
#10803 = LINE('',#10804,#10805);
#10804 = CARTESIAN_POINT('',(63.217400535397,6.9,-5.6));
#10805 = VECTOR('',#10806,1.);
#10806 = DIRECTION('',(0.,0.,1.));
#10807 = PCURVE('',#3550,#10808);
#10808 = DEFINITIONAL_REPRESENTATION('',(#10809),#10813);
#10809 = LINE('',#10810,#10811);
#10810 = CARTESIAN_POINT('',(0.,0.));
#10811 = VECTOR('',#10812,1.);
#10812 = DIRECTION('',(0.,1.));
#10813 = ( GEOMETRIC_REPRESENTATION_CONTEXT(2) 
PARAMETRIC_REPRESENTATION_CONTEXT() REPRESENTATION_CONTEXT('2D SPACE',''
  ) );
#10814 = PCURVE('',#10815,#10820);
#10815 = PLANE('',#10816);
#10816 = AXIS2_PLACEMENT_3D('',#10817,#10818,#10819);
#10817 = CARTESIAN_POINT('',(74.8,6.9,-5.6));
#10818 = DIRECTION('',(0.,-1.,0.));
#10819 = DIRECTION('',(-1.,0.,0.));
#10820 = DEFINITIONAL_REPRESENTATION('',(#10821),#10825);
#10821 = LINE('',#10822,#10823);
#10822 = CARTESIAN_POINT('',(11.582599464603,0.));
#10823 = VECTOR('',#10824,1.);
#10824 = DIRECTION('',(0.,-1.));
#10825 = ( GEOMETRIC_REPRESENTATION_CONTEXT(2) 
PARAMETRIC_REPRESENTATION_CONTEXT() REPRESENTATION_CONTEXT('2D SPACE',''
  ) );
#10826 = ORIENTED_EDGE('',*,*,#10827,.T.);
#10827 = EDGE_CURVE('',#10798,#3459,#10828,.T.);
#10828 = SURFACE_CURVE('',#10829,(#10834,#10841),.PCURVE_S1.);
#10829 = CIRCLE('',#10830,2.);
#10830 = AXIS2_PLACEMENT_3D('',#10831,#10832,#10833);
#10831 = CARTESIAN_POINT('',(63.217400535397,4.9,-5.25));
#10832 = DIRECTION('',(0.,-0.,1.));
#10833 = DIRECTION('',(0.,1.,0.));
#10834 = PCURVE('',#3550,#10835);
#10835 = DEFINITIONAL_REPRESENTATION('',(#10836),#10840);
#10836 = LINE('',#10837,#10838);
#10837 = CARTESIAN_POINT('',(0.,0.35));
#10838 = VECTOR('',#10839,1.);
#10839 = DIRECTION('',(1.,0.));
#10840 = ( GEOMETRIC_REPRESENTATION_CONTEXT(2) 
PARAMETRIC_REPRESENTATION_CONTEXT() REPRESENTATION_CONTEXT('2D SPACE',''
  ) );
#10841 = PCURVE('',#3054,#10842);
#10842 = DEFINITIONAL_REPRESENTATION('',(#10843),#10847);
#10843 = LINE('',#10844,#10845);
#10844 = CARTESIAN_POINT('',(0.,-0.));
#10845 = VECTOR('',#10846,1.);
#10846 = DIRECTION('',(1.,-0.));
#10847 = ( GEOMETRIC_REPRESENTATION_CONTEXT(2) 
PARAMETRIC_REPRESENTATION_CONTEXT() REPRESENTATION_CONTEXT('2D SPACE',''
  ) );
#10848 = ORIENTED_EDGE('',*,*,#3534,.T.);
#10849 = ORIENTED_EDGE('',*,*,#10850,.F.);
#10850 = EDGE_CURVE('',#10800,#3535,#10851,.T.);
#10851 = SURFACE_CURVE('',#10852,(#10857,#10864),.PCURVE_S1.);
#10852 = CIRCLE('',#10853,2.);
#10853 = AXIS2_PLACEMENT_3D('',#10854,#10855,#10856);
#10854 = CARTESIAN_POINT('',(63.217400535397,4.9,4.4));
#10855 = DIRECTION('',(0.,0.,1.));
#10856 = DIRECTION('',(0.,-1.,0.));
#10857 = PCURVE('',#3550,#10858);
#10858 = DEFINITIONAL_REPRESENTATION('',(#10859),#10863);
#10859 = LINE('',#10860,#10861);
#10860 = CARTESIAN_POINT('',(-3.14159265359,10.));
#10861 = VECTOR('',#10862,1.);
#10862 = DIRECTION('',(1.,0.));
#10863 = ( GEOMETRIC_REPRESENTATION_CONTEXT(2) 
PARAMETRIC_REPRESENTATION_CONTEXT() REPRESENTATION_CONTEXT('2D SPACE',''
  ) );
#10864 = PCURVE('',#370,#10865);
#10865 = DEFINITIONAL_REPRESENTATION('',(#10866),#10870);
#10866 = CIRCLE('',#10867,2.);
#10867 = AXIS2_PLACEMENT_2D('',#10868,#10869);
#10868 = CARTESIAN_POINT('',(26.226733729639,14.695020362289));
#10869 = DIRECTION('',(0.,-1.));
#10870 = ( GEOMETRIC_REPRESENTATION_CONTEXT(2) 
PARAMETRIC_REPRESENTATION_CONTEXT() REPRESENTATION_CONTEXT('2D SPACE',''
  ) );
#10871 = ADVANCED_FACE('',(#10872),#10815,.F.);
#10872 = FACE_BOUND('',#10873,.F.);
#10873 = EDGE_LOOP('',(#10874,#10899,#10920,#10921));
#10874 = ORIENTED_EDGE('',*,*,#10875,.T.);
#10875 = EDGE_CURVE('',#10876,#10878,#10880,.T.);
#10876 = VERTEX_POINT('',#10877);
#10877 = CARTESIAN_POINT('',(72.8,6.9,-5.25));
#10878 = VERTEX_POINT('',#10879);
#10879 = CARTESIAN_POINT('',(72.8,6.9,4.4));
#10880 = SURFACE_CURVE('',#10881,(#10885,#10892),.PCURVE_S1.);
#10881 = LINE('',#10882,#10883);
#10882 = CARTESIAN_POINT('',(72.8,6.9,-5.6));
#10883 = VECTOR('',#10884,1.);
#10884 = DIRECTION('',(0.,0.,1.));
#10885 = PCURVE('',#10815,#10886);
#10886 = DEFINITIONAL_REPRESENTATION('',(#10887),#10891);
#10887 = LINE('',#10888,#10889);
#10888 = CARTESIAN_POINT('',(2.,0.));
#10889 = VECTOR('',#10890,1.);
#10890 = DIRECTION('',(0.,-1.));
#10891 = ( GEOMETRIC_REPRESENTATION_CONTEXT(2) 
PARAMETRIC_REPRESENTATION_CONTEXT() REPRESENTATION_CONTEXT('2D SPACE',''
  ) );
#10892 = PCURVE('',#396,#10893);
#10893 = DEFINITIONAL_REPRESENTATION('',(#10894),#10898);
#10894 = LINE('',#10895,#10896);
#10895 = CARTESIAN_POINT('',(1.570796326795,0.));
#10896 = VECTOR('',#10897,1.);
#10897 = DIRECTION('',(0.,1.));
#10898 = ( GEOMETRIC_REPRESENTATION_CONTEXT(2) 
PARAMETRIC_REPRESENTATION_CONTEXT() REPRESENTATION_CONTEXT('2D SPACE',''
  ) );
#10899 = ORIENTED_EDGE('',*,*,#10900,.T.);
#10900 = EDGE_CURVE('',#10878,#10800,#10901,.T.);
#10901 = SURFACE_CURVE('',#10902,(#10906,#10913),.PCURVE_S1.);
#10902 = LINE('',#10903,#10904);
#10903 = CARTESIAN_POINT('',(74.8,6.9,4.4));
#10904 = VECTOR('',#10905,1.);
#10905 = DIRECTION('',(-1.,0.,0.));
#10906 = PCURVE('',#10815,#10907);
#10907 = DEFINITIONAL_REPRESENTATION('',(#10908),#10912);
#10908 = LINE('',#10909,#10910);
#10909 = CARTESIAN_POINT('',(0.,-10.));
#10910 = VECTOR('',#10911,1.);
#10911 = DIRECTION('',(1.,0.));
#10912 = ( GEOMETRIC_REPRESENTATION_CONTEXT(2) 
PARAMETRIC_REPRESENTATION_CONTEXT() REPRESENTATION_CONTEXT('2D SPACE',''
  ) );
#10913 = PCURVE('',#370,#10914);
#10914 = DEFINITIONAL_REPRESENTATION('',(#10915),#10919);
#10915 = LINE('',#10916,#10917);
#10916 = CARTESIAN_POINT('',(37.809333194243,16.695020362289));
#10917 = VECTOR('',#10918,1.);
#10918 = DIRECTION('',(-1.,0.));
#10919 = ( GEOMETRIC_REPRESENTATION_CONTEXT(2) 
PARAMETRIC_REPRESENTATION_CONTEXT() REPRESENTATION_CONTEXT('2D SPACE',''
  ) );
#10920 = ORIENTED_EDGE('',*,*,#10797,.F.);
#10921 = ORIENTED_EDGE('',*,*,#10922,.F.);
#10922 = EDGE_CURVE('',#10876,#10798,#10923,.T.);
#10923 = SURFACE_CURVE('',#10924,(#10928,#10935),.PCURVE_S1.);
#10924 = LINE('',#10925,#10926);
#10925 = CARTESIAN_POINT('',(72.8,6.9,-5.25));
#10926 = VECTOR('',#10927,1.);
#10927 = DIRECTION('',(-1.,0.,0.));
#10928 = PCURVE('',#10815,#10929);
#10929 = DEFINITIONAL_REPRESENTATION('',(#10930),#10934);
#10930 = LINE('',#10931,#10932);
#10931 = CARTESIAN_POINT('',(2.,-0.35));
#10932 = VECTOR('',#10933,1.);
#10933 = DIRECTION('',(1.,0.));
#10934 = ( GEOMETRIC_REPRESENTATION_CONTEXT(2) 
PARAMETRIC_REPRESENTATION_CONTEXT() REPRESENTATION_CONTEXT('2D SPACE',''
  ) );
#10935 = PCURVE('',#3025,#10936);
#10936 = DEFINITIONAL_REPRESENTATION('',(#10937),#10941);
#10937 = LINE('',#10938,#10939);
#10938 = CARTESIAN_POINT('',(-4.333342374871E-34,-0.247487373415));
#10939 = VECTOR('',#10940,1.);
#10940 = DIRECTION('',(-1.,0.));
#10941 = ( GEOMETRIC_REPRESENTATION_CONTEXT(2) 
PARAMETRIC_REPRESENTATION_CONTEXT() REPRESENTATION_CONTEXT('2D SPACE',''
  ) );
#10942 = ADVANCED_FACE('',(#10943),#3054,.T.);
#10943 = FACE_BOUND('',#10944,.F.);
#10944 = EDGE_LOOP('',(#10945,#10966,#10967,#10968));
#10945 = ORIENTED_EDGE('',*,*,#10946,.F.);
#10946 = EDGE_CURVE('',#10798,#3010,#10947,.T.);
#10947 = SURFACE_CURVE('',#10948,(#10952,#10959),.PCURVE_S1.);
#10948 = LINE('',#10949,#10950);
#10949 = CARTESIAN_POINT('',(63.217400535397,6.725,-5.425));
#10950 = VECTOR('',#10951,1.);
#10951 = DIRECTION('',(-0.,-0.707106781187,-0.707106781187));
#10952 = PCURVE('',#3054,#10953);
#10953 = DEFINITIONAL_REPRESENTATION('',(#10954),#10958);
#10954 = LINE('',#10955,#10956);
#10955 = CARTESIAN_POINT('',(0.,-0.175));
#10956 = VECTOR('',#10957,1.);
#10957 = DIRECTION('',(0.,-1.));
#10958 = ( GEOMETRIC_REPRESENTATION_CONTEXT(2) 
PARAMETRIC_REPRESENTATION_CONTEXT() REPRESENTATION_CONTEXT('2D SPACE',''
  ) );
#10959 = PCURVE('',#3025,#10960);
#10960 = DEFINITIONAL_REPRESENTATION('',(#10961),#10965);
#10961 = LINE('',#10962,#10963);
#10962 = CARTESIAN_POINT('',(-9.582599464603,0.));
#10963 = VECTOR('',#10964,1.);
#10964 = DIRECTION('',(-0.,1.));
#10965 = ( GEOMETRIC_REPRESENTATION_CONTEXT(2) 
PARAMETRIC_REPRESENTATION_CONTEXT() REPRESENTATION_CONTEXT('2D SPACE',''
  ) );
#10966 = ORIENTED_EDGE('',*,*,#10827,.T.);
#10967 = ORIENTED_EDGE('',*,*,#3458,.T.);
#10968 = ORIENTED_EDGE('',*,*,#3037,.F.);
#10969 = ADVANCED_FACE('',(#10970),#3115,.F.);
#10970 = FACE_BOUND('',#10971,.F.);
#10971 = EDGE_LOOP('',(#10972,#10973,#10974,#10995));
#10972 = ORIENTED_EDGE('',*,*,#3509,.F.);
#10973 = ORIENTED_EDGE('',*,*,#3616,.T.);
#10974 = ORIENTED_EDGE('',*,*,#10975,.T.);
#10975 = EDGE_CURVE('',#3617,#3095,#10976,.T.);
#10976 = SURFACE_CURVE('',#10977,(#10981,#10988),.PCURVE_S1.);
#10977 = LINE('',#10978,#10979);
#10978 = CARTESIAN_POINT('',(42.782599464603,2.5,-5.25));
#10979 = VECTOR('',#10980,1.);
#10980 = DIRECTION('',(-1.026956297778E-15,-0.707106781187,
    -0.707106781187));
#10981 = PCURVE('',#3115,#10982);
#10982 = DEFINITIONAL_REPRESENTATION('',(#10983),#10987);
#10983 = LINE('',#10984,#10985);
#10984 = CARTESIAN_POINT('',(0.216550304976,0.));
#10985 = VECTOR('',#10986,1.);
#10986 = DIRECTION('',(0.,1.));
#10987 = ( GEOMETRIC_REPRESENTATION_CONTEXT(2) 
PARAMETRIC_REPRESENTATION_CONTEXT() REPRESENTATION_CONTEXT('2D SPACE',''
  ) );
#10988 = PCURVE('',#3143,#10989);
#10989 = DEFINITIONAL_REPRESENTATION('',(#10990),#10994);
#10990 = LINE('',#10991,#10992);
#10991 = CARTESIAN_POINT('',(-9.629649721936E-35,-0.247487373415));
#10992 = VECTOR('',#10993,1.);
#10993 = DIRECTION('',(-1.026956297778E-15,1.));
#10994 = ( GEOMETRIC_REPRESENTATION_CONTEXT(2) 
PARAMETRIC_REPRESENTATION_CONTEXT() REPRESENTATION_CONTEXT('2D SPACE',''
  ) );
#10995 = ORIENTED_EDGE('',*,*,#3094,.F.);
#10996 = ADVANCED_FACE('',(#10997),#3025,.T.);
#10997 = FACE_BOUND('',#10998,.F.);
#10998 = EDGE_LOOP('',(#10999,#11020,#11021,#11022));
#10999 = ORIENTED_EDGE('',*,*,#11000,.F.);
#11000 = EDGE_CURVE('',#10876,#2981,#11001,.T.);
#11001 = SURFACE_CURVE('',#11002,(#11006,#11013),.PCURVE_S1.);
#11002 = LINE('',#11003,#11004);
#11003 = CARTESIAN_POINT('',(72.8,6.9,-5.25));
#11004 = VECTOR('',#11005,1.);
#11005 = DIRECTION('',(-4.329780281177E-17,-0.707106781187,
    -0.707106781187));
#11006 = PCURVE('',#3025,#11007);
#11007 = DEFINITIONAL_REPRESENTATION('',(#11008),#11012);
#11008 = LINE('',#11009,#11010);
#11009 = CARTESIAN_POINT('',(-3.851859888774E-34,-0.247487373415));
#11010 = VECTOR('',#11011,1.);
#11011 = DIRECTION('',(-4.329780281177E-17,1.));
#11012 = ( GEOMETRIC_REPRESENTATION_CONTEXT(2) 
PARAMETRIC_REPRESENTATION_CONTEXT() REPRESENTATION_CONTEXT('2D SPACE',''
  ) );
#11013 = PCURVE('',#2997,#11014);
#11014 = DEFINITIONAL_REPRESENTATION('',(#11015),#11019);
#11015 = LINE('',#11016,#11017);
#11016 = CARTESIAN_POINT('',(1.570796326795,-0.));
#11017 = VECTOR('',#11018,1.);
#11018 = DIRECTION('',(0.,-1.));
#11019 = ( GEOMETRIC_REPRESENTATION_CONTEXT(2) 
PARAMETRIC_REPRESENTATION_CONTEXT() REPRESENTATION_CONTEXT('2D SPACE',''
  ) );
#11020 = ORIENTED_EDGE('',*,*,#10922,.T.);
#11021 = ORIENTED_EDGE('',*,*,#10946,.T.);
#11022 = ORIENTED_EDGE('',*,*,#3009,.F.);
#11023 = ADVANCED_FACE('',(#11024),#3143,.T.);
#11024 = FACE_BOUND('',#11025,.F.);
#11025 = EDGE_LOOP('',(#11026,#11027,#11028,#11049));
#11026 = ORIENTED_EDGE('',*,*,#10975,.F.);
#11027 = ORIENTED_EDGE('',*,*,#3749,.T.);
#11028 = ORIENTED_EDGE('',*,*,#11029,.T.);
#11029 = EDGE_CURVE('',#3722,#3128,#11030,.T.);
#11030 = SURFACE_CURVE('',#11031,(#11035,#11042),.PCURVE_S1.);
#11031 = LINE('',#11032,#11033);
#11032 = CARTESIAN_POINT('',(-0.5,2.325,-5.425));
#11033 = VECTOR('',#11034,1.);
#11034 = DIRECTION('',(-0.,-0.707106781187,-0.707106781187));
#11035 = PCURVE('',#3143,#11036);
#11036 = DEFINITIONAL_REPRESENTATION('',(#11037),#11041);
#11037 = LINE('',#11038,#11039);
#11038 = CARTESIAN_POINT('',(-43.2825994646,0.));
#11039 = VECTOR('',#11040,1.);
#11040 = DIRECTION('',(-0.,1.));
#11041 = ( GEOMETRIC_REPRESENTATION_CONTEXT(2) 
PARAMETRIC_REPRESENTATION_CONTEXT() REPRESENTATION_CONTEXT('2D SPACE',''
  ) );
#11042 = PCURVE('',#3172,#11043);
#11043 = DEFINITIONAL_REPRESENTATION('',(#11044),#11048);
#11044 = LINE('',#11045,#11046);
#11045 = CARTESIAN_POINT('',(0.,-0.175));
#11046 = VECTOR('',#11047,1.);
#11047 = DIRECTION('',(0.,-1.));
#11048 = ( GEOMETRIC_REPRESENTATION_CONTEXT(2) 
PARAMETRIC_REPRESENTATION_CONTEXT() REPRESENTATION_CONTEXT('2D SPACE',''
  ) );
#11049 = ORIENTED_EDGE('',*,*,#3127,.F.);
#11050 = ADVANCED_FACE('',(#11051),#2997,.T.);
#11051 = FACE_BOUND('',#11052,.F.);
#11052 = EDGE_LOOP('',(#11053,#11074,#11096,#11097));
#11053 = ORIENTED_EDGE('',*,*,#11054,.F.);
#11054 = EDGE_CURVE('',#225,#2958,#11055,.T.);
#11055 = SURFACE_CURVE('',#11056,(#11060,#11067),.PCURVE_S1.);
#11056 = LINE('',#11057,#11058);
#11057 = CARTESIAN_POINT('',(74.625,4.9,-5.425));
#11058 = VECTOR('',#11059,1.);
#11059 = DIRECTION('',(-0.707106781187,-0.,-0.707106781187));
#11060 = PCURVE('',#2997,#11061);
#11061 = DEFINITIONAL_REPRESENTATION('',(#11062),#11066);
#11062 = LINE('',#11063,#11064);
#11063 = CARTESIAN_POINT('',(0.,-0.175));
#11064 = VECTOR('',#11065,1.);
#11065 = DIRECTION('',(0.,-1.));
#11066 = ( GEOMETRIC_REPRESENTATION_CONTEXT(2) 
PARAMETRIC_REPRESENTATION_CONTEXT() REPRESENTATION_CONTEXT('2D SPACE',''
  ) );
#11067 = PCURVE('',#240,#11068);
#11068 = DEFINITIONAL_REPRESENTATION('',(#11069),#11073);
#11069 = LINE('',#11070,#11071);
#11070 = CARTESIAN_POINT('',(-26.6,-0.));
#11071 = VECTOR('',#11072,1.);
#11072 = DIRECTION('',(-0.,1.));
#11073 = ( GEOMETRIC_REPRESENTATION_CONTEXT(2) 
PARAMETRIC_REPRESENTATION_CONTEXT() REPRESENTATION_CONTEXT('2D SPACE',''
  ) );
#11074 = ORIENTED_EDGE('',*,*,#11075,.T.);
#11075 = EDGE_CURVE('',#225,#10876,#11076,.T.);
#11076 = SURFACE_CURVE('',#11077,(#11082,#11089),.PCURVE_S1.);
#11077 = CIRCLE('',#11078,2.);
#11078 = AXIS2_PLACEMENT_3D('',#11079,#11080,#11081);
#11079 = CARTESIAN_POINT('',(72.8,4.9,-5.25));
#11080 = DIRECTION('',(0.,0.,1.));
#11081 = DIRECTION('',(1.,0.,-0.));
#11082 = PCURVE('',#2997,#11083);
#11083 = DEFINITIONAL_REPRESENTATION('',(#11084),#11088);
#11084 = LINE('',#11085,#11086);
#11085 = CARTESIAN_POINT('',(0.,-0.));
#11086 = VECTOR('',#11087,1.);
#11087 = DIRECTION('',(1.,-0.));
#11088 = ( GEOMETRIC_REPRESENTATION_CONTEXT(2) 
PARAMETRIC_REPRESENTATION_CONTEXT() REPRESENTATION_CONTEXT('2D SPACE',''
  ) );
#11089 = PCURVE('',#396,#11090);
#11090 = DEFINITIONAL_REPRESENTATION('',(#11091),#11095);
#11091 = LINE('',#11092,#11093);
#11092 = CARTESIAN_POINT('',(0.,0.35));
#11093 = VECTOR('',#11094,1.);
#11094 = DIRECTION('',(1.,0.));
#11095 = ( GEOMETRIC_REPRESENTATION_CONTEXT(2) 
PARAMETRIC_REPRESENTATION_CONTEXT() REPRESENTATION_CONTEXT('2D SPACE',''
  ) );
#11096 = ORIENTED_EDGE('',*,*,#11000,.T.);
#11097 = ORIENTED_EDGE('',*,*,#2980,.F.);
#11098 = ADVANCED_FACE('',(#11099),#3172,.T.);
#11099 = FACE_BOUND('',#11100,.F.);
#11100 = EDGE_LOOP('',(#11101,#11102,#11103,#11124));
#11101 = ORIENTED_EDGE('',*,*,#11029,.F.);
#11102 = ORIENTED_EDGE('',*,*,#3774,.T.);
#11103 = ORIENTED_EDGE('',*,*,#11104,.T.);
#11104 = EDGE_CURVE('',#3775,#3156,#11105,.T.);
#11105 = SURFACE_CURVE('',#11106,(#11110,#11117),.PCURVE_S1.);
#11106 = LINE('',#11107,#11108);
#11107 = CARTESIAN_POINT('',(-2.5,0.5,-5.25));
#11108 = VECTOR('',#11109,1.);
#11109 = DIRECTION('',(0.707106781187,3.520682012241E-17,-0.707106781187
    ));
#11110 = PCURVE('',#3172,#11111);
#11111 = DEFINITIONAL_REPRESENTATION('',(#11112),#11116);
#11112 = LINE('',#11113,#11114);
#11113 = CARTESIAN_POINT('',(1.570796326795,-0.));
#11114 = VECTOR('',#11115,1.);
#11115 = DIRECTION('',(0.,-1.));
#11116 = ( GEOMETRIC_REPRESENTATION_CONTEXT(2) 
PARAMETRIC_REPRESENTATION_CONTEXT() REPRESENTATION_CONTEXT('2D SPACE',''
  ) );
#11117 = PCURVE('',#3200,#11118);
#11118 = DEFINITIONAL_REPRESENTATION('',(#11119),#11123);
#11119 = LINE('',#11120,#11121);
#11120 = CARTESIAN_POINT('',(-9.992007221626E-16,-0.247487373415));
#11121 = VECTOR('',#11122,1.);
#11122 = DIRECTION('',(3.520682012241E-17,1.));
#11123 = ( GEOMETRIC_REPRESENTATION_CONTEXT(2) 
PARAMETRIC_REPRESENTATION_CONTEXT() REPRESENTATION_CONTEXT('2D SPACE',''
  ) );
#11124 = ORIENTED_EDGE('',*,*,#3155,.F.);
#11125 = ADVANCED_FACE('',(#11126),#3200,.T.);
#11126 = FACE_BOUND('',#11127,.F.);
#11127 = EDGE_LOOP('',(#11128,#11129,#11130,#11151));
#11128 = ORIENTED_EDGE('',*,*,#11104,.F.);
#11129 = ORIENTED_EDGE('',*,*,#3851,.T.);
#11130 = ORIENTED_EDGE('',*,*,#11131,.T.);
#11131 = EDGE_CURVE('',#3852,#3185,#11132,.T.);
#11132 = SURFACE_CURVE('',#11133,(#11137,#11144),.PCURVE_S1.);
#11133 = LINE('',#11134,#11135);
#11134 = CARTESIAN_POINT('',(-2.325,-21.7,-5.425));
#11135 = VECTOR('',#11136,1.);
#11136 = DIRECTION('',(0.707106781187,-0.,-0.707106781187));
#11137 = PCURVE('',#3200,#11138);
#11138 = DEFINITIONAL_REPRESENTATION('',(#11139),#11143);
#11139 = LINE('',#11140,#11141);
#11140 = CARTESIAN_POINT('',(-22.2,0.));
#11141 = VECTOR('',#11142,1.);
#11142 = DIRECTION('',(-0.,1.));
#11143 = ( GEOMETRIC_REPRESENTATION_CONTEXT(2) 
PARAMETRIC_REPRESENTATION_CONTEXT() REPRESENTATION_CONTEXT('2D SPACE',''
  ) );
#11144 = PCURVE('',#3227,#11145);
#11145 = DEFINITIONAL_REPRESENTATION('',(#11146),#11150);
#11146 = LINE('',#11147,#11148);
#11147 = CARTESIAN_POINT('',(0.,-0.175));
#11148 = VECTOR('',#11149,1.);
#11149 = DIRECTION('',(0.,-1.));
#11150 = ( GEOMETRIC_REPRESENTATION_CONTEXT(2) 
PARAMETRIC_REPRESENTATION_CONTEXT() REPRESENTATION_CONTEXT('2D SPACE',''
  ) );
#11151 = ORIENTED_EDGE('',*,*,#3184,.F.);
#11152 = ADVANCED_FACE('',(#11153),#3227,.T.);
#11153 = FACE_BOUND('',#11154,.F.);
#11154 = EDGE_LOOP('',(#11155,#11156,#11178,#11199));
#11155 = ORIENTED_EDGE('',*,*,#11131,.F.);
#11156 = ORIENTED_EDGE('',*,*,#11157,.T.);
#11157 = EDGE_CURVE('',#3852,#22,#11158,.T.);
#11158 = SURFACE_CURVE('',#11159,(#11164,#11171),.PCURVE_S1.);
#11159 = CIRCLE('',#11160,2.);
#11160 = AXIS2_PLACEMENT_3D('',#11161,#11162,#11163);
#11161 = CARTESIAN_POINT('',(-0.5,-21.7,-5.25));
#11162 = DIRECTION('',(0.,0.,1.));
#11163 = DIRECTION('',(-1.,0.,0.));
#11164 = PCURVE('',#3227,#11165);
#11165 = DEFINITIONAL_REPRESENTATION('',(#11166),#11170);
#11166 = LINE('',#11167,#11168);
#11167 = CARTESIAN_POINT('',(0.,-0.));
#11168 = VECTOR('',#11169,1.);
#11169 = DIRECTION('',(1.,-0.));
#11170 = ( GEOMETRIC_REPRESENTATION_CONTEXT(2) 
PARAMETRIC_REPRESENTATION_CONTEXT() REPRESENTATION_CONTEXT('2D SPACE',''
  ) );
#11171 = PCURVE('',#44,#11172);
#11172 = DEFINITIONAL_REPRESENTATION('',(#11173),#11177);
#11173 = LINE('',#11174,#11175);
#11174 = CARTESIAN_POINT('',(-1.570796326795,0.35));
#11175 = VECTOR('',#11176,1.);
#11176 = DIRECTION('',(1.,-0.));
#11177 = ( GEOMETRIC_REPRESENTATION_CONTEXT(2) 
PARAMETRIC_REPRESENTATION_CONTEXT() REPRESENTATION_CONTEXT('2D SPACE',''
  ) );
#11178 = ORIENTED_EDGE('',*,*,#11179,.T.);
#11179 = EDGE_CURVE('',#22,#2909,#11180,.T.);
#11180 = SURFACE_CURVE('',#11181,(#11185,#11192),.PCURVE_S1.);
#11181 = LINE('',#11182,#11183);
#11182 = CARTESIAN_POINT('',(-0.5,-23.525,-5.425));
#11183 = VECTOR('',#11184,1.);
#11184 = DIRECTION('',(-0.,0.707106781187,-0.707106781187));
#11185 = PCURVE('',#3227,#11186);
#11186 = DEFINITIONAL_REPRESENTATION('',(#11187),#11191);
#11187 = LINE('',#11188,#11189);
#11188 = CARTESIAN_POINT('',(1.570796326795,-0.175));
#11189 = VECTOR('',#11190,1.);
#11190 = DIRECTION('',(0.,-1.));
#11191 = ( GEOMETRIC_REPRESENTATION_CONTEXT(2) 
PARAMETRIC_REPRESENTATION_CONTEXT() REPRESENTATION_CONTEXT('2D SPACE',''
  ) );
#11192 = PCURVE('',#126,#11193);
#11193 = DEFINITIONAL_REPRESENTATION('',(#11194),#11198);
#11194 = LINE('',#11195,#11196);
#11195 = CARTESIAN_POINT('',(4.440892098501E-16,-0.));
#11196 = VECTOR('',#11197,1.);
#11197 = DIRECTION('',(-0.,1.));
#11198 = ( GEOMETRIC_REPRESENTATION_CONTEXT(2) 
PARAMETRIC_REPRESENTATION_CONTEXT() REPRESENTATION_CONTEXT('2D SPACE',''
  ) );
#11199 = ORIENTED_EDGE('',*,*,#3212,.F.);
#11200 = ADVANCED_FACE('',(#11201),#2799,.F.);
#11201 = FACE_BOUND('',#11202,.T.);
#11202 = EDGE_LOOP('',(#11203,#11204,#11225,#11226));
#11203 = ORIENTED_EDGE('',*,*,#3241,.T.);
#11204 = ORIENTED_EDGE('',*,*,#11205,.T.);
#11205 = EDGE_CURVE('',#3242,#2779,#11206,.T.);
#11206 = SEAM_CURVE('',#11207,(#11211,#11218),.PCURVE_S1.);
#11207 = LINE('',#11208,#11209);
#11208 = CARTESIAN_POINT('',(7.958,-17.526,-6.6));
#11209 = VECTOR('',#11210,1.);
#11210 = DIRECTION('',(0.,0.,1.));
#11211 = PCURVE('',#2799,#11212);
#11212 = DEFINITIONAL_REPRESENTATION('',(#11213),#11217);
#11213 = LINE('',#11214,#11215);
#11214 = CARTESIAN_POINT('',(-6.28318530718,0.));
#11215 = VECTOR('',#11216,1.);
#11216 = DIRECTION('',(-0.,-1.));
#11217 = ( GEOMETRIC_REPRESENTATION_CONTEXT(2) 
PARAMETRIC_REPRESENTATION_CONTEXT() REPRESENTATION_CONTEXT('2D SPACE',''
  ) );
#11218 = PCURVE('',#2799,#11219);
#11219 = DEFINITIONAL_REPRESENTATION('',(#11220),#11224);
#11220 = LINE('',#11221,#11222);
#11221 = CARTESIAN_POINT('',(-0.,0.));
#11222 = VECTOR('',#11223,1.);
#11223 = DIRECTION('',(-0.,-1.));
#11224 = ( GEOMETRIC_REPRESENTATION_CONTEXT(2) 
PARAMETRIC_REPRESENTATION_CONTEXT() REPRESENTATION_CONTEXT('2D SPACE',''
  ) );
#11225 = ORIENTED_EDGE('',*,*,#2778,.F.);
#11226 = ORIENTED_EDGE('',*,*,#11205,.F.);
#11227 = ADVANCED_FACE('',(#11228),#2327,.T.);
#11228 = FACE_BOUND('',#11229,.T.);
#11229 = EDGE_LOOP('',(#11230,#11231,#11252,#11253));
#11230 = ORIENTED_EDGE('',*,*,#9566,.F.);
#11231 = ORIENTED_EDGE('',*,*,#11232,.F.);
#11232 = EDGE_CURVE('',#2312,#9544,#11233,.T.);
#11233 = SURFACE_CURVE('',#11234,(#11238,#11245),.PCURVE_S1.);
#11234 = LINE('',#11235,#11236);
#11235 = CARTESIAN_POINT('',(69.,-0.55,-4.));
#11236 = VECTOR('',#11237,1.);
#11237 = DIRECTION('',(0.,0.,1.));
#11238 = PCURVE('',#2327,#11239);
#11239 = DEFINITIONAL_REPRESENTATION('',(#11240),#11244);
#11240 = LINE('',#11241,#11242);
#11241 = CARTESIAN_POINT('',(0.,0.));
#11242 = VECTOR('',#11243,1.);
#11243 = DIRECTION('',(1.,0.));
#11244 = ( GEOMETRIC_REPRESENTATION_CONTEXT(2) 
PARAMETRIC_REPRESENTATION_CONTEXT() REPRESENTATION_CONTEXT('2D SPACE',''
  ) );
#11245 = PCURVE('',#2355,#11246);
#11246 = DEFINITIONAL_REPRESENTATION('',(#11247),#11251);
#11247 = LINE('',#11248,#11249);
#11248 = CARTESIAN_POINT('',(0.,2.));
#11249 = VECTOR('',#11250,1.);
#11250 = DIRECTION('',(1.,0.));
#11251 = ( GEOMETRIC_REPRESENTATION_CONTEXT(2) 
PARAMETRIC_REPRESENTATION_CONTEXT() REPRESENTATION_CONTEXT('2D SPACE',''
  ) );
#11252 = ORIENTED_EDGE('',*,*,#2311,.T.);
#11253 = ORIENTED_EDGE('',*,*,#11254,.F.);
#11254 = EDGE_CURVE('',#9567,#2283,#11255,.T.);
#11255 = SURFACE_CURVE('',#11256,(#11260,#11266),.PCURVE_S1.);
#11256 = LINE('',#11257,#11258);
#11257 = CARTESIAN_POINT('',(69.,0.360263169286,-4.));
#11258 = VECTOR('',#11259,1.);
#11259 = DIRECTION('',(-0.,-0.,-1.));
#11260 = PCURVE('',#2327,#11261);
#11261 = DEFINITIONAL_REPRESENTATION('',(#11262),#11265);
#11262 = B_SPLINE_CURVE_WITH_KNOTS('',1,(#11263,#11264),.UNSPECIFIED.,
  .F.,.F.,(2,2),(-4.4,5.999999999062E-07),.PIECEWISE_BEZIER_KNOTS.);
#11263 = CARTESIAN_POINT('',(4.4,-0.910263169286));
#11264 = CARTESIAN_POINT('',(-5.999999999062E-07,-0.910263169286));
#11265 = ( GEOMETRIC_REPRESENTATION_CONTEXT(2) 
PARAMETRIC_REPRESENTATION_CONTEXT() REPRESENTATION_CONTEXT('2D SPACE',''
  ) );
#11266 = PCURVE('',#2299,#11267);
#11267 = DEFINITIONAL_REPRESENTATION('',(#11268),#11271);
#11268 = B_SPLINE_CURVE_WITH_KNOTS('',1,(#11269,#11270),.UNSPECIFIED.,
  .F.,.F.,(2,2),(-4.4,5.999999999062E-07),.PIECEWISE_BEZIER_KNOTS.);
#11269 = CARTESIAN_POINT('',(-5.030212684313,-4.4));
#11270 = CARTESIAN_POINT('',(-5.030212684313,5.999999999062E-07));
#11271 = ( GEOMETRIC_REPRESENTATION_CONTEXT(2) 
PARAMETRIC_REPRESENTATION_CONTEXT() REPRESENTATION_CONTEXT('2D SPACE',''
  ) );
#11272 = ADVANCED_FACE('',(#11273),#2355,.F.);
#11273 = FACE_BOUND('',#11274,.F.);
#11274 = EDGE_LOOP('',(#11275,#11276,#11297,#11298));
#11275 = ORIENTED_EDGE('',*,*,#2339,.F.);
#11276 = ORIENTED_EDGE('',*,*,#11277,.T.);
#11277 = EDGE_CURVE('',#2340,#9521,#11278,.T.);
#11278 = SURFACE_CURVE('',#11279,(#11283,#11290),.PCURVE_S1.);
#11279 = LINE('',#11280,#11281);
#11280 = CARTESIAN_POINT('',(67.,-0.55,-4.));
#11281 = VECTOR('',#11282,1.);
#11282 = DIRECTION('',(0.,0.,1.));
#11283 = PCURVE('',#2355,#11284);
#11284 = DEFINITIONAL_REPRESENTATION('',(#11285),#11289);
#11285 = LINE('',#11286,#11287);
#11286 = CARTESIAN_POINT('',(0.,0.));
#11287 = VECTOR('',#11288,1.);
#11288 = DIRECTION('',(1.,0.));
#11289 = ( GEOMETRIC_REPRESENTATION_CONTEXT(2) 
PARAMETRIC_REPRESENTATION_CONTEXT() REPRESENTATION_CONTEXT('2D SPACE',''
  ) );
#11290 = PCURVE('',#2383,#11291);
#11291 = DEFINITIONAL_REPRESENTATION('',(#11292),#11296);
#11292 = LINE('',#11293,#11294);
#11293 = CARTESIAN_POINT('',(0.,0.));
#11294 = VECTOR('',#11295,1.);
#11295 = DIRECTION('',(1.,0.));
#11296 = ( GEOMETRIC_REPRESENTATION_CONTEXT(2) 
PARAMETRIC_REPRESENTATION_CONTEXT() REPRESENTATION_CONTEXT('2D SPACE',''
  ) );
#11297 = ORIENTED_EDGE('',*,*,#9543,.T.);
#11298 = ORIENTED_EDGE('',*,*,#11232,.F.);
#11299 = ADVANCED_FACE('',(#11300),#2299,.T.);
#11300 = FACE_BOUND('',#11301,.F.);
#11301 = EDGE_LOOP('',(#11302,#11303,#11304,#11305,#11343,#11362));
#11302 = ORIENTED_EDGE('',*,*,#11254,.F.);
#11303 = ORIENTED_EDGE('',*,*,#9589,.F.);
#11304 = ORIENTED_EDGE('',*,*,#9469,.F.);
#11305 = ORIENTED_EDGE('',*,*,#11306,.T.);
#11306 = EDGE_CURVE('',#9448,#11307,#11309,.T.);
#11307 = VERTEX_POINT('',#11308);
#11308 = CARTESIAN_POINT('',(69.717556403732,0.7,3.8));
#11309 = SURFACE_CURVE('',#11310,(#11319,#11331),.PCURVE_S1.);
#11310 = B_SPLINE_CURVE_WITH_KNOTS('',4,(#11311,#11312,#11313,#11314,
    #11315,#11316,#11317,#11318),.UNSPECIFIED.,.F.,.F.,(5,3,5),(0.,
    0.823305592876,1.),.UNSPECIFIED.);
#11311 = CARTESIAN_POINT('',(69.549193338483,0.6,3.5));
#11312 = CARTESIAN_POINT('',(69.586024758957,0.620378211159,
    3.561134633477));
#11313 = CARTESIAN_POINT('',(69.621565034962,0.640885557196,
    3.622656671588));
#11314 = CARTESIAN_POINT('',(69.655943025779,0.661498425132,
    3.684495275397));
#11315 = CARTESIAN_POINT('',(69.696401519892,0.686645483573,
    3.75993645072));
#11316 = CARTESIAN_POINT('',(69.703501117518,0.691093010556,
    3.773279031669));
#11317 = CARTESIAN_POINT('',(69.710552442708,0.695544556257,
    3.78663366877));
#11318 = CARTESIAN_POINT('',(69.717556403732,0.7,3.8));
#11319 = PCURVE('',#2299,#11320);
#11320 = DEFINITIONAL_REPRESENTATION('',(#11321),#11330);
#11321 = B_SPLINE_CURVE_WITH_KNOTS('',4,(#11322,#11323,#11324,#11325,
    #11326,#11327,#11328,#11329),.UNSPECIFIED.,.F.,.F.,(5,3,5),(0.,
    0.823305592876,1.),.UNSPECIFIED.);
#11322 = CARTESIAN_POINT('',(-5.217749490669,-7.5));
#11323 = CARTESIAN_POINT('',(-5.23090356941,-7.561134633477));
#11324 = CARTESIAN_POINT('',(-5.243724157421,-7.622656671588));
#11325 = CARTESIAN_POINT('',(-5.256248863358,-7.684495275397));
#11326 = CARTESIAN_POINT('',(-5.27113536198,-7.75993645072));
#11327 = CARTESIAN_POINT('',(-5.273753356943,-7.773279031669));
#11328 = CARTESIAN_POINT('',(-5.276359251367,-7.78663366877));
#11329 = CARTESIAN_POINT('',(-5.278953311006,-7.8));
#11330 = ( GEOMETRIC_REPRESENTATION_CONTEXT(2) 
PARAMETRIC_REPRESENTATION_CONTEXT() REPRESENTATION_CONTEXT('2D SPACE',''
  ) );
#11331 = PCURVE('',#1785,#11332);
#11332 = DEFINITIONAL_REPRESENTATION('',(#11333),#11342);
#11333 = B_SPLINE_CURVE_WITH_KNOTS('',4,(#11334,#11335,#11336,#11337,
    #11338,#11339,#11340,#11341),.UNSPECIFIED.,.F.,.F.,(5,3,5),(0.,
    0.823305592876,1.),.UNSPECIFIED.);
#11334 = CARTESIAN_POINT('',(4.293089669458,0.));
#11335 = CARTESIAN_POINT('',(4.274156512452,6.792737053033E-02));
#11336 = CARTESIAN_POINT('',(4.256667795097,0.136285190653));
#11337 = CARTESIAN_POINT('',(4.240468218739,0.204994750441));
#11338 = CARTESIAN_POINT('',(4.222222560279,0.288818278578));
#11339 = CARTESIAN_POINT('',(4.219052871952,0.303643330857));
#11340 = CARTESIAN_POINT('',(4.215936361018,0.318481884309));
#11341 = CARTESIAN_POINT('',(4.212871889576,0.333333363453));
#11342 = ( GEOMETRIC_REPRESENTATION_CONTEXT(2) 
PARAMETRIC_REPRESENTATION_CONTEXT() REPRESENTATION_CONTEXT('2D SPACE',''
  ) );
#11343 = ORIENTED_EDGE('',*,*,#11344,.T.);
#11344 = EDGE_CURVE('',#11307,#2260,#11345,.T.);
#11345 = SURFACE_CURVE('',#11346,(#11350,#11356),.PCURVE_S1.);
#11346 = LINE('',#11347,#11348);
#11347 = CARTESIAN_POINT('',(69.717556403732,0.7,-4.));
#11348 = VECTOR('',#11349,1.);
#11349 = DIRECTION('',(-0.,-0.,-1.));
#11350 = PCURVE('',#2299,#11351);
#11351 = DEFINITIONAL_REPRESENTATION('',(#11352),#11355);
#11352 = B_SPLINE_CURVE_WITH_KNOTS('',1,(#11353,#11354),.UNSPECIFIED.,
  .F.,.F.,(2,2),(-8.4000006,5.999999999062E-07),
  .PIECEWISE_BEZIER_KNOTS.);
#11353 = CARTESIAN_POINT('',(-5.278953311006,-8.4000006));
#11354 = CARTESIAN_POINT('',(-5.278953311006,5.999999999062E-07));
#11355 = ( GEOMETRIC_REPRESENTATION_CONTEXT(2) 
PARAMETRIC_REPRESENTATION_CONTEXT() REPRESENTATION_CONTEXT('2D SPACE',''
  ) );
#11356 = PCURVE('',#1753,#11357);
#11357 = DEFINITIONAL_REPRESENTATION('',(#11358),#11361);
#11358 = B_SPLINE_CURVE_WITH_KNOTS('',1,(#11359,#11360),.UNSPECIFIED.,
  .F.,.F.,(2,2),(-8.4000006,5.999999999062E-07),
  .PIECEWISE_BEZIER_KNOTS.);
#11359 = CARTESIAN_POINT('',(8.4000006,70.317556403732));
#11360 = CARTESIAN_POINT('',(-5.999999999062E-07,70.317556403732));
#11361 = ( GEOMETRIC_REPRESENTATION_CONTEXT(2) 
PARAMETRIC_REPRESENTATION_CONTEXT() REPRESENTATION_CONTEXT('2D SPACE',''
  ) );
#11362 = ORIENTED_EDGE('',*,*,#2282,.F.);
#11363 = ADVANCED_FACE('',(#11364),#2383,.F.);
#11364 = FACE_BOUND('',#11365,.F.);
#11365 = EDGE_LOOP('',(#11366,#11367,#11368,#11369));
#11366 = ORIENTED_EDGE('',*,*,#9520,.F.);
#11367 = ORIENTED_EDGE('',*,*,#11277,.F.);
#11368 = ORIENTED_EDGE('',*,*,#2367,.T.);
#11369 = ORIENTED_EDGE('',*,*,#11370,.F.);
#11370 = EDGE_CURVE('',#9493,#2368,#11371,.T.);
#11371 = SURFACE_CURVE('',#11372,(#11376,#11382),.PCURVE_S1.);
#11372 = LINE('',#11373,#11374);
#11373 = CARTESIAN_POINT('',(67.,0.360263169286,-4.));
#11374 = VECTOR('',#11375,1.);
#11375 = DIRECTION('',(-0.,-0.,-1.));
#11376 = PCURVE('',#2383,#11377);
#11377 = DEFINITIONAL_REPRESENTATION('',(#11378),#11381);
#11378 = B_SPLINE_CURVE_WITH_KNOTS('',1,(#11379,#11380),.UNSPECIFIED.,
  .F.,.F.,(2,2),(-4.4,5.999999999062E-07),.PIECEWISE_BEZIER_KNOTS.);
#11379 = CARTESIAN_POINT('',(4.4,-0.910263169286));
#11380 = CARTESIAN_POINT('',(-5.999999999062E-07,-0.910263169286));
#11381 = ( GEOMETRIC_REPRESENTATION_CONTEXT(2) 
PARAMETRIC_REPRESENTATION_CONTEXT() REPRESENTATION_CONTEXT('2D SPACE',''
  ) );
#11382 = PCURVE('',#2412,#11383);
#11383 = DEFINITIONAL_REPRESENTATION('',(#11384),#11387);
#11384 = B_SPLINE_CURVE_WITH_KNOTS('',1,(#11385,#11386),.UNSPECIFIED.,
  .F.,.F.,(2,2),(-4.4,5.999999999062E-07),.PIECEWISE_BEZIER_KNOTS.);
#11385 = CARTESIAN_POINT('',(-4.394565276457,-4.4));
#11386 = CARTESIAN_POINT('',(-4.394565276457,5.999999999062E-07));
#11387 = ( GEOMETRIC_REPRESENTATION_CONTEXT(2) 
PARAMETRIC_REPRESENTATION_CONTEXT() REPRESENTATION_CONTEXT('2D SPACE',''
  ) );
#11388 = ADVANCED_FACE('',(#11389),#2412,.T.);
#11389 = FACE_BOUND('',#11390,.F.);
#11390 = EDGE_LOOP('',(#11391,#11392,#11411,#11412,#11413,#11414));
#11391 = ORIENTED_EDGE('',*,*,#2395,.F.);
#11392 = ORIENTED_EDGE('',*,*,#11393,.F.);
#11393 = EDGE_CURVE('',#9035,#2396,#11394,.T.);
#11394 = SURFACE_CURVE('',#11395,(#11399,#11405),.PCURVE_S1.);
#11395 = LINE('',#11396,#11397);
#11396 = CARTESIAN_POINT('',(66.282443596268,0.7,-4.));
#11397 = VECTOR('',#11398,1.);
#11398 = DIRECTION('',(-0.,-0.,-1.));
#11399 = PCURVE('',#2412,#11400);
#11400 = DEFINITIONAL_REPRESENTATION('',(#11401),#11404);
#11401 = B_SPLINE_CURVE_WITH_KNOTS('',1,(#11402,#11403),.UNSPECIFIED.,
  .F.,.F.,(2,2),(-8.4000006,5.999999999062E-07),
  .PIECEWISE_BEZIER_KNOTS.);
#11402 = CARTESIAN_POINT('',(-4.145824649764,-8.4000006));
#11403 = CARTESIAN_POINT('',(-4.145824649764,5.999999999062E-07));
#11404 = ( GEOMETRIC_REPRESENTATION_CONTEXT(2) 
PARAMETRIC_REPRESENTATION_CONTEXT() REPRESENTATION_CONTEXT('2D SPACE',''
  ) );
#11405 = PCURVE('',#2440,#11406);
#11406 = DEFINITIONAL_REPRESENTATION('',(#11407),#11410);
#11407 = B_SPLINE_CURVE_WITH_KNOTS('',1,(#11408,#11409),.UNSPECIFIED.,
  .F.,.F.,(2,2),(-8.4000006,5.999999999062E-07),
  .PIECEWISE_BEZIER_KNOTS.);
#11408 = CARTESIAN_POINT('',(8.4000006,66.882443596268));
#11409 = CARTESIAN_POINT('',(-5.999999999062E-07,66.882443596268));
#11410 = ( GEOMETRIC_REPRESENTATION_CONTEXT(2) 
PARAMETRIC_REPRESENTATION_CONTEXT() REPRESENTATION_CONTEXT('2D SPACE',''
  ) );
#11411 = ORIENTED_EDGE('',*,*,#9034,.F.);
#11412 = ORIENTED_EDGE('',*,*,#9424,.T.);
#11413 = ORIENTED_EDGE('',*,*,#9492,.F.);
#11414 = ORIENTED_EDGE('',*,*,#11370,.T.);
#11415 = ADVANCED_FACE('',(#11416),#2468,.T.);
#11416 = FACE_BOUND('',#11417,.T.);
#11417 = EDGE_LOOP('',(#11418,#11448,#11469,#11470));
#11418 = ORIENTED_EDGE('',*,*,#11419,.T.);
#11419 = EDGE_CURVE('',#11420,#11422,#11424,.T.);
#11420 = VERTEX_POINT('',#11421);
#11421 = CARTESIAN_POINT('',(46.,0.7,0.));
#11422 = VERTEX_POINT('',#11423);
#11423 = CARTESIAN_POINT('',(46.,-0.55,0.));
#11424 = SURFACE_CURVE('',#11425,(#11429,#11436),.PCURVE_S1.);
#11425 = LINE('',#11426,#11427);
#11426 = CARTESIAN_POINT('',(46.,0.7,0.));
#11427 = VECTOR('',#11428,1.);
#11428 = DIRECTION('',(0.,-1.,0.));
#11429 = PCURVE('',#2468,#11430);
#11430 = DEFINITIONAL_REPRESENTATION('',(#11431),#11435);
#11431 = LINE('',#11432,#11433);
#11432 = CARTESIAN_POINT('',(4.,-1.25));
#11433 = VECTOR('',#11434,1.);
#11434 = DIRECTION('',(0.,1.));
#11435 = ( GEOMETRIC_REPRESENTATION_CONTEXT(2) 
PARAMETRIC_REPRESENTATION_CONTEXT() REPRESENTATION_CONTEXT('2D SPACE',''
  ) );
#11436 = PCURVE('',#11437,#11442);
#11437 = PLANE('',#11438);
#11438 = AXIS2_PLACEMENT_3D('',#11439,#11440,#11441);
#11439 = CARTESIAN_POINT('',(44.,-0.55,0.));
#11440 = DIRECTION('',(0.,0.,1.));
#11441 = DIRECTION('',(1.,0.,0.));
#11442 = DEFINITIONAL_REPRESENTATION('',(#11443),#11447);
#11443 = LINE('',#11444,#11445);
#11444 = CARTESIAN_POINT('',(2.,1.25));
#11445 = VECTOR('',#11446,1.);
#11446 = DIRECTION('',(0.,-1.));
#11447 = ( GEOMETRIC_REPRESENTATION_CONTEXT(2) 
PARAMETRIC_REPRESENTATION_CONTEXT() REPRESENTATION_CONTEXT('2D SPACE',''
  ) );
#11448 = ORIENTED_EDGE('',*,*,#11449,.F.);
#11449 = EDGE_CURVE('',#2453,#11422,#11450,.T.);
#11450 = SURFACE_CURVE('',#11451,(#11455,#11462),.PCURVE_S1.);
#11451 = LINE('',#11452,#11453);
#11452 = CARTESIAN_POINT('',(46.,-0.55,-4.));
#11453 = VECTOR('',#11454,1.);
#11454 = DIRECTION('',(0.,0.,1.));
#11455 = PCURVE('',#2468,#11456);
#11456 = DEFINITIONAL_REPRESENTATION('',(#11457),#11461);
#11457 = LINE('',#11458,#11459);
#11458 = CARTESIAN_POINT('',(0.,0.));
#11459 = VECTOR('',#11460,1.);
#11460 = DIRECTION('',(1.,0.));
#11461 = ( GEOMETRIC_REPRESENTATION_CONTEXT(2) 
PARAMETRIC_REPRESENTATION_CONTEXT() REPRESENTATION_CONTEXT('2D SPACE',''
  ) );
#11462 = PCURVE('',#2496,#11463);
#11463 = DEFINITIONAL_REPRESENTATION('',(#11464),#11468);
#11464 = LINE('',#11465,#11466);
#11465 = CARTESIAN_POINT('',(0.,2.));
#11466 = VECTOR('',#11467,1.);
#11467 = DIRECTION('',(1.,0.));
#11468 = ( GEOMETRIC_REPRESENTATION_CONTEXT(2) 
PARAMETRIC_REPRESENTATION_CONTEXT() REPRESENTATION_CONTEXT('2D SPACE',''
  ) );
#11469 = ORIENTED_EDGE('',*,*,#2452,.T.);
#11470 = ORIENTED_EDGE('',*,*,#11471,.F.);
#11471 = EDGE_CURVE('',#11420,#2425,#11472,.T.);
#11472 = SURFACE_CURVE('',#11473,(#11477,#11483),.PCURVE_S1.);
#11473 = LINE('',#11474,#11475);
#11474 = CARTESIAN_POINT('',(46.,0.7,-4.));
#11475 = VECTOR('',#11476,1.);
#11476 = DIRECTION('',(0.,0.,-1.));
#11477 = PCURVE('',#2468,#11478);
#11478 = DEFINITIONAL_REPRESENTATION('',(#11479),#11482);
#11479 = B_SPLINE_CURVE_WITH_KNOTS('',1,(#11480,#11481),.UNSPECIFIED.,
  .F.,.F.,(2,2),(-4.,0.),.PIECEWISE_BEZIER_KNOTS.);
#11480 = CARTESIAN_POINT('',(4.,-1.25));
#11481 = CARTESIAN_POINT('',(0.,-1.25));
#11482 = ( GEOMETRIC_REPRESENTATION_CONTEXT(2) 
PARAMETRIC_REPRESENTATION_CONTEXT() REPRESENTATION_CONTEXT('2D SPACE',''
  ) );
#11483 = PCURVE('',#2440,#11484);
#11484 = DEFINITIONAL_REPRESENTATION('',(#11485),#11488);
#11485 = B_SPLINE_CURVE_WITH_KNOTS('',1,(#11486,#11487),.UNSPECIFIED.,
  .F.,.F.,(2,2),(-4.,0.),.PIECEWISE_BEZIER_KNOTS.);
#11486 = CARTESIAN_POINT('',(4.,46.6));
#11487 = CARTESIAN_POINT('',(0.,46.6));
#11488 = ( GEOMETRIC_REPRESENTATION_CONTEXT(2) 
PARAMETRIC_REPRESENTATION_CONTEXT() REPRESENTATION_CONTEXT('2D SPACE',''
  ) );
#11489 = ADVANCED_FACE('',(#11490),#11437,.T.);
#11490 = FACE_BOUND('',#11491,.T.);
#11491 = EDGE_LOOP('',(#11492,#11517,#11538,#11539));
#11492 = ORIENTED_EDGE('',*,*,#11493,.F.);
#11493 = EDGE_CURVE('',#11494,#11496,#11498,.T.);
#11494 = VERTEX_POINT('',#11495);
#11495 = CARTESIAN_POINT('',(44.,-0.55,0.));
#11496 = VERTEX_POINT('',#11497);
#11497 = CARTESIAN_POINT('',(44.,0.7,0.));
#11498 = SURFACE_CURVE('',#11499,(#11503,#11510),.PCURVE_S1.);
#11499 = LINE('',#11500,#11501);
#11500 = CARTESIAN_POINT('',(44.,-0.55,0.));
#11501 = VECTOR('',#11502,1.);
#11502 = DIRECTION('',(0.,1.,0.));
#11503 = PCURVE('',#11437,#11504);
#11504 = DEFINITIONAL_REPRESENTATION('',(#11505),#11509);
#11505 = LINE('',#11506,#11507);
#11506 = CARTESIAN_POINT('',(0.,0.));
#11507 = VECTOR('',#11508,1.);
#11508 = DIRECTION('',(0.,1.));
#11509 = ( GEOMETRIC_REPRESENTATION_CONTEXT(2) 
PARAMETRIC_REPRESENTATION_CONTEXT() REPRESENTATION_CONTEXT('2D SPACE',''
  ) );
#11510 = PCURVE('',#2524,#11511);
#11511 = DEFINITIONAL_REPRESENTATION('',(#11512),#11516);
#11512 = LINE('',#11513,#11514);
#11513 = CARTESIAN_POINT('',(4.,0.));
#11514 = VECTOR('',#11515,1.);
#11515 = DIRECTION('',(0.,-1.));
#11516 = ( GEOMETRIC_REPRESENTATION_CONTEXT(2) 
PARAMETRIC_REPRESENTATION_CONTEXT() REPRESENTATION_CONTEXT('2D SPACE',''
  ) );
#11517 = ORIENTED_EDGE('',*,*,#11518,.T.);
#11518 = EDGE_CURVE('',#11494,#11422,#11519,.T.);
#11519 = SURFACE_CURVE('',#11520,(#11524,#11531),.PCURVE_S1.);
#11520 = LINE('',#11521,#11522);
#11521 = CARTESIAN_POINT('',(44.,-0.55,0.));
#11522 = VECTOR('',#11523,1.);
#11523 = DIRECTION('',(1.,0.,0.));
#11524 = PCURVE('',#11437,#11525);
#11525 = DEFINITIONAL_REPRESENTATION('',(#11526),#11530);
#11526 = LINE('',#11527,#11528);
#11527 = CARTESIAN_POINT('',(0.,0.));
#11528 = VECTOR('',#11529,1.);
#11529 = DIRECTION('',(1.,0.));
#11530 = ( GEOMETRIC_REPRESENTATION_CONTEXT(2) 
PARAMETRIC_REPRESENTATION_CONTEXT() REPRESENTATION_CONTEXT('2D SPACE',''
  ) );
#11531 = PCURVE('',#2496,#11532);
#11532 = DEFINITIONAL_REPRESENTATION('',(#11533),#11537);
#11533 = LINE('',#11534,#11535);
#11534 = CARTESIAN_POINT('',(4.,0.));
#11535 = VECTOR('',#11536,1.);
#11536 = DIRECTION('',(0.,1.));
#11537 = ( GEOMETRIC_REPRESENTATION_CONTEXT(2) 
PARAMETRIC_REPRESENTATION_CONTEXT() REPRESENTATION_CONTEXT('2D SPACE',''
  ) );
#11538 = ORIENTED_EDGE('',*,*,#11419,.F.);
#11539 = ORIENTED_EDGE('',*,*,#11540,.F.);
#11540 = EDGE_CURVE('',#11496,#11420,#11541,.T.);
#11541 = SURFACE_CURVE('',#11542,(#11546,#11553),.PCURVE_S1.);
#11542 = LINE('',#11543,#11544);
#11543 = CARTESIAN_POINT('',(21.7,0.7,0.));
#11544 = VECTOR('',#11545,1.);
#11545 = DIRECTION('',(1.,0.,0.));
#11546 = PCURVE('',#11437,#11547);
#11547 = DEFINITIONAL_REPRESENTATION('',(#11548),#11552);
#11548 = LINE('',#11549,#11550);
#11549 = CARTESIAN_POINT('',(-22.3,1.25));
#11550 = VECTOR('',#11551,1.);
#11551 = DIRECTION('',(1.,0.));
#11552 = ( GEOMETRIC_REPRESENTATION_CONTEXT(2) 
PARAMETRIC_REPRESENTATION_CONTEXT() REPRESENTATION_CONTEXT('2D SPACE',''
  ) );
#11553 = PCURVE('',#2440,#11554);
#11554 = DEFINITIONAL_REPRESENTATION('',(#11555),#11558);
#11555 = B_SPLINE_CURVE_WITH_KNOTS('',1,(#11556,#11557),.UNSPECIFIED.,
  .F.,.F.,(2,2),(22.3,24.3),.PIECEWISE_BEZIER_KNOTS.);
#11556 = CARTESIAN_POINT('',(4.,44.6));
#11557 = CARTESIAN_POINT('',(4.,46.6));
#11558 = ( GEOMETRIC_REPRESENTATION_CONTEXT(2) 
PARAMETRIC_REPRESENTATION_CONTEXT() REPRESENTATION_CONTEXT('2D SPACE',''
  ) );
#11559 = ADVANCED_FACE('',(#11560),#2225,.T.);
#11560 = FACE_BOUND('',#11561,.T.);
#11561 = EDGE_LOOP('',(#11562,#11592,#11611,#11612));
#11562 = ORIENTED_EDGE('',*,*,#11563,.F.);
#11563 = EDGE_CURVE('',#11564,#11566,#11568,.T.);
#11564 = VERTEX_POINT('',#11565);
#11565 = CARTESIAN_POINT('',(68.,-21.85,0.));
#11566 = VERTEX_POINT('',#11567);
#11567 = CARTESIAN_POINT('',(68.,-20.7,0.));
#11568 = SURFACE_CURVE('',#11569,(#11573,#11580),.PCURVE_S1.);
#11569 = LINE('',#11570,#11571);
#11570 = CARTESIAN_POINT('',(68.,-21.85,0.));
#11571 = VECTOR('',#11572,1.);
#11572 = DIRECTION('',(0.,1.,0.));
#11573 = PCURVE('',#2225,#11574);
#11574 = DEFINITIONAL_REPRESENTATION('',(#11575),#11579);
#11575 = LINE('',#11576,#11577);
#11576 = CARTESIAN_POINT('',(4.,-0.35));
#11577 = VECTOR('',#11578,1.);
#11578 = DIRECTION('',(0.,-1.));
#11579 = ( GEOMETRIC_REPRESENTATION_CONTEXT(2) 
PARAMETRIC_REPRESENTATION_CONTEXT() REPRESENTATION_CONTEXT('2D SPACE',''
  ) );
#11580 = PCURVE('',#11581,#11586);
#11581 = PLANE('',#11582);
#11582 = AXIS2_PLACEMENT_3D('',#11583,#11584,#11585);
#11583 = CARTESIAN_POINT('',(66.,-22.2,0.));
#11584 = DIRECTION('',(0.,0.,1.));
#11585 = DIRECTION('',(1.,0.,0.));
#11586 = DEFINITIONAL_REPRESENTATION('',(#11587),#11591);
#11587 = LINE('',#11588,#11589);
#11588 = CARTESIAN_POINT('',(2.,0.35));
#11589 = VECTOR('',#11590,1.);
#11590 = DIRECTION('',(0.,1.));
#11591 = ( GEOMETRIC_REPRESENTATION_CONTEXT(2) 
PARAMETRIC_REPRESENTATION_CONTEXT() REPRESENTATION_CONTEXT('2D SPACE',''
  ) );
#11592 = ORIENTED_EDGE('',*,*,#11593,.T.);
#11593 = EDGE_CURVE('',#11564,#2210,#11594,.T.);
#11594 = SURFACE_CURVE('',#11595,(#11599,#11605),.PCURVE_S1.);
#11595 = LINE('',#11596,#11597);
#11596 = CARTESIAN_POINT('',(68.,-21.85,-4.));
#11597 = VECTOR('',#11598,1.);
#11598 = DIRECTION('',(0.,0.,-1.));
#11599 = PCURVE('',#2225,#11600);
#11600 = DEFINITIONAL_REPRESENTATION('',(#11601),#11604);
#11601 = B_SPLINE_CURVE_WITH_KNOTS('',1,(#11602,#11603),.UNSPECIFIED.,
  .F.,.F.,(2,2),(-4.,0.),.PIECEWISE_BEZIER_KNOTS.);
#11602 = CARTESIAN_POINT('',(4.,-0.35));
#11603 = CARTESIAN_POINT('',(0.,-0.35));
#11604 = ( GEOMETRIC_REPRESENTATION_CONTEXT(2) 
PARAMETRIC_REPRESENTATION_CONTEXT() REPRESENTATION_CONTEXT('2D SPACE',''
  ) );
#11605 = PCURVE('',#1697,#11606);
#11606 = DEFINITIONAL_REPRESENTATION('',(#11607),#11610);
#11607 = B_SPLINE_CURVE_WITH_KNOTS('',1,(#11608,#11609),.UNSPECIFIED.,
  .F.,.F.,(2,2),(-4.,0.),.PIECEWISE_BEZIER_KNOTS.);
#11608 = CARTESIAN_POINT('',(4.,68.6));
#11609 = CARTESIAN_POINT('',(0.,68.6));
#11610 = ( GEOMETRIC_REPRESENTATION_CONTEXT(2) 
PARAMETRIC_REPRESENTATION_CONTEXT() REPRESENTATION_CONTEXT('2D SPACE',''
  ) );
#11611 = ORIENTED_EDGE('',*,*,#2209,.T.);
#11612 = ORIENTED_EDGE('',*,*,#11613,.T.);
#11613 = EDGE_CURVE('',#2182,#11566,#11614,.T.);
#11614 = SURFACE_CURVE('',#11615,(#11619,#11626),.PCURVE_S1.);
#11615 = LINE('',#11616,#11617);
#11616 = CARTESIAN_POINT('',(68.,-20.7,-4.));
#11617 = VECTOR('',#11618,1.);
#11618 = DIRECTION('',(0.,0.,1.));
#11619 = PCURVE('',#2225,#11620);
#11620 = DEFINITIONAL_REPRESENTATION('',(#11621),#11625);
#11621 = LINE('',#11622,#11623);
#11622 = CARTESIAN_POINT('',(0.,-1.5));
#11623 = VECTOR('',#11624,1.);
#11624 = DIRECTION('',(1.,0.));
#11625 = ( GEOMETRIC_REPRESENTATION_CONTEXT(2) 
PARAMETRIC_REPRESENTATION_CONTEXT() REPRESENTATION_CONTEXT('2D SPACE',''
  ) );
#11626 = PCURVE('',#2197,#11627);
#11627 = DEFINITIONAL_REPRESENTATION('',(#11628),#11632);
#11628 = LINE('',#11629,#11630);
#11629 = CARTESIAN_POINT('',(0.,2.));
#11630 = VECTOR('',#11631,1.);
#11631 = DIRECTION('',(1.,0.));
#11632 = ( GEOMETRIC_REPRESENTATION_CONTEXT(2) 
PARAMETRIC_REPRESENTATION_CONTEXT() REPRESENTATION_CONTEXT('2D SPACE',''
  ) );
#11633 = ADVANCED_FACE('',(#11634),#11581,.T.);
#11634 = FACE_BOUND('',#11635,.T.);
#11635 = EDGE_LOOP('',(#11636,#11661,#11681,#11682));
#11636 = ORIENTED_EDGE('',*,*,#11637,.F.);
#11637 = EDGE_CURVE('',#11638,#11640,#11642,.T.);
#11638 = VERTEX_POINT('',#11639);
#11639 = CARTESIAN_POINT('',(66.,-21.85,0.));
#11640 = VERTEX_POINT('',#11641);
#11641 = CARTESIAN_POINT('',(66.,-20.7,0.));
#11642 = SURFACE_CURVE('',#11643,(#11647,#11654),.PCURVE_S1.);
#11643 = LINE('',#11644,#11645);
#11644 = CARTESIAN_POINT('',(66.,-21.85,0.));
#11645 = VECTOR('',#11646,1.);
#11646 = DIRECTION('',(0.,1.,0.));
#11647 = PCURVE('',#11581,#11648);
#11648 = DEFINITIONAL_REPRESENTATION('',(#11649),#11653);
#11649 = LINE('',#11650,#11651);
#11650 = CARTESIAN_POINT('',(0.,0.35));
#11651 = VECTOR('',#11652,1.);
#11652 = DIRECTION('',(0.,1.));
#11653 = ( GEOMETRIC_REPRESENTATION_CONTEXT(2) 
PARAMETRIC_REPRESENTATION_CONTEXT() REPRESENTATION_CONTEXT('2D SPACE',''
  ) );
#11654 = PCURVE('',#2169,#11655);
#11655 = DEFINITIONAL_REPRESENTATION('',(#11656),#11660);
#11656 = LINE('',#11657,#11658);
#11657 = CARTESIAN_POINT('',(4.,-0.35));
#11658 = VECTOR('',#11659,1.);
#11659 = DIRECTION('',(0.,-1.));
#11660 = ( GEOMETRIC_REPRESENTATION_CONTEXT(2) 
PARAMETRIC_REPRESENTATION_CONTEXT() REPRESENTATION_CONTEXT('2D SPACE',''
  ) );
#11661 = ORIENTED_EDGE('',*,*,#11662,.T.);
#11662 = EDGE_CURVE('',#11638,#11564,#11663,.T.);
#11663 = SURFACE_CURVE('',#11664,(#11668,#11675),.PCURVE_S1.);
#11664 = LINE('',#11665,#11666);
#11665 = CARTESIAN_POINT('',(32.7,-21.85,0.));
#11666 = VECTOR('',#11667,1.);
#11667 = DIRECTION('',(1.,0.,0.));
#11668 = PCURVE('',#11581,#11669);
#11669 = DEFINITIONAL_REPRESENTATION('',(#11670),#11674);
#11670 = LINE('',#11671,#11672);
#11671 = CARTESIAN_POINT('',(-33.3,0.35));
#11672 = VECTOR('',#11673,1.);
#11673 = DIRECTION('',(1.,0.));
#11674 = ( GEOMETRIC_REPRESENTATION_CONTEXT(2) 
PARAMETRIC_REPRESENTATION_CONTEXT() REPRESENTATION_CONTEXT('2D SPACE',''
  ) );
#11675 = PCURVE('',#1697,#11676);
#11676 = DEFINITIONAL_REPRESENTATION('',(#11677),#11680);
#11677 = B_SPLINE_CURVE_WITH_KNOTS('',1,(#11678,#11679),.UNSPECIFIED.,
  .F.,.F.,(2,2),(33.3,35.3),.PIECEWISE_BEZIER_KNOTS.);
#11678 = CARTESIAN_POINT('',(4.,66.6));
#11679 = CARTESIAN_POINT('',(4.,68.6));
#11680 = ( GEOMETRIC_REPRESENTATION_CONTEXT(2) 
PARAMETRIC_REPRESENTATION_CONTEXT() REPRESENTATION_CONTEXT('2D SPACE',''
  ) );
#11681 = ORIENTED_EDGE('',*,*,#11563,.T.);
#11682 = ORIENTED_EDGE('',*,*,#11683,.F.);
#11683 = EDGE_CURVE('',#11640,#11566,#11684,.T.);
#11684 = SURFACE_CURVE('',#11685,(#11689,#11696),.PCURVE_S1.);
#11685 = LINE('',#11686,#11687);
#11686 = CARTESIAN_POINT('',(66.,-20.7,0.));
#11687 = VECTOR('',#11688,1.);
#11688 = DIRECTION('',(1.,0.,0.));
#11689 = PCURVE('',#11581,#11690);
#11690 = DEFINITIONAL_REPRESENTATION('',(#11691),#11695);
#11691 = LINE('',#11692,#11693);
#11692 = CARTESIAN_POINT('',(0.,1.5));
#11693 = VECTOR('',#11694,1.);
#11694 = DIRECTION('',(1.,0.));
#11695 = ( GEOMETRIC_REPRESENTATION_CONTEXT(2) 
PARAMETRIC_REPRESENTATION_CONTEXT() REPRESENTATION_CONTEXT('2D SPACE',''
  ) );
#11696 = PCURVE('',#2197,#11697);
#11697 = DEFINITIONAL_REPRESENTATION('',(#11698),#11702);
#11698 = LINE('',#11699,#11700);
#11699 = CARTESIAN_POINT('',(4.,0.));
#11700 = VECTOR('',#11701,1.);
#11701 = DIRECTION('',(0.,1.));
#11702 = ( GEOMETRIC_REPRESENTATION_CONTEXT(2) 
PARAMETRIC_REPRESENTATION_CONTEXT() REPRESENTATION_CONTEXT('2D SPACE',''
  ) );
#11703 = ADVANCED_FACE('',(#11704),#2496,.F.);
#11704 = FACE_BOUND('',#11705,.F.);
#11705 = EDGE_LOOP('',(#11706,#11707,#11728,#11729));
#11706 = ORIENTED_EDGE('',*,*,#2480,.F.);
#11707 = ORIENTED_EDGE('',*,*,#11708,.T.);
#11708 = EDGE_CURVE('',#2481,#11494,#11709,.T.);
#11709 = SURFACE_CURVE('',#11710,(#11714,#11721),.PCURVE_S1.);
#11710 = LINE('',#11711,#11712);
#11711 = CARTESIAN_POINT('',(44.,-0.55,-4.));
#11712 = VECTOR('',#11713,1.);
#11713 = DIRECTION('',(0.,0.,1.));
#11714 = PCURVE('',#2496,#11715);
#11715 = DEFINITIONAL_REPRESENTATION('',(#11716),#11720);
#11716 = LINE('',#11717,#11718);
#11717 = CARTESIAN_POINT('',(0.,0.));
#11718 = VECTOR('',#11719,1.);
#11719 = DIRECTION('',(1.,0.));
#11720 = ( GEOMETRIC_REPRESENTATION_CONTEXT(2) 
PARAMETRIC_REPRESENTATION_CONTEXT() REPRESENTATION_CONTEXT('2D SPACE',''
  ) );
#11721 = PCURVE('',#2524,#11722);
#11722 = DEFINITIONAL_REPRESENTATION('',(#11723),#11727);
#11723 = LINE('',#11724,#11725);
#11724 = CARTESIAN_POINT('',(0.,0.));
#11725 = VECTOR('',#11726,1.);
#11726 = DIRECTION('',(1.,0.));
#11727 = ( GEOMETRIC_REPRESENTATION_CONTEXT(2) 
PARAMETRIC_REPRESENTATION_CONTEXT() REPRESENTATION_CONTEXT('2D SPACE',''
  ) );
#11728 = ORIENTED_EDGE('',*,*,#11518,.T.);
#11729 = ORIENTED_EDGE('',*,*,#11449,.F.);
#11730 = ADVANCED_FACE('',(#11731),#2197,.T.);
#11731 = FACE_BOUND('',#11732,.T.);
#11732 = EDGE_LOOP('',(#11733,#11734,#11755,#11756));
#11733 = ORIENTED_EDGE('',*,*,#2181,.F.);
#11734 = ORIENTED_EDGE('',*,*,#11735,.T.);
#11735 = EDGE_CURVE('',#2154,#11640,#11736,.T.);
#11736 = SURFACE_CURVE('',#11737,(#11741,#11748),.PCURVE_S1.);
#11737 = LINE('',#11738,#11739);
#11738 = CARTESIAN_POINT('',(66.,-20.7,-4.));
#11739 = VECTOR('',#11740,1.);
#11740 = DIRECTION('',(0.,0.,1.));
#11741 = PCURVE('',#2197,#11742);
#11742 = DEFINITIONAL_REPRESENTATION('',(#11743),#11747);
#11743 = LINE('',#11744,#11745);
#11744 = CARTESIAN_POINT('',(0.,0.));
#11745 = VECTOR('',#11746,1.);
#11746 = DIRECTION('',(1.,0.));
#11747 = ( GEOMETRIC_REPRESENTATION_CONTEXT(2) 
PARAMETRIC_REPRESENTATION_CONTEXT() REPRESENTATION_CONTEXT('2D SPACE',''
  ) );
#11748 = PCURVE('',#2169,#11749);
#11749 = DEFINITIONAL_REPRESENTATION('',(#11750),#11754);
#11750 = LINE('',#11751,#11752);
#11751 = CARTESIAN_POINT('',(0.,-1.5));
#11752 = VECTOR('',#11753,1.);
#11753 = DIRECTION('',(1.,0.));
#11754 = ( GEOMETRIC_REPRESENTATION_CONTEXT(2) 
PARAMETRIC_REPRESENTATION_CONTEXT() REPRESENTATION_CONTEXT('2D SPACE',''
  ) );
#11755 = ORIENTED_EDGE('',*,*,#11683,.T.);
#11756 = ORIENTED_EDGE('',*,*,#11613,.F.);
#11757 = ADVANCED_FACE('',(#11758),#2524,.F.);
#11758 = FACE_BOUND('',#11759,.F.);
#11759 = EDGE_LOOP('',(#11760,#11761,#11762,#11763));
#11760 = ORIENTED_EDGE('',*,*,#11493,.F.);
#11761 = ORIENTED_EDGE('',*,*,#11708,.F.);
#11762 = ORIENTED_EDGE('',*,*,#2508,.T.);
#11763 = ORIENTED_EDGE('',*,*,#11764,.F.);
#11764 = EDGE_CURVE('',#11496,#2509,#11765,.T.);
#11765 = SURFACE_CURVE('',#11766,(#11770,#11776),.PCURVE_S1.);
#11766 = LINE('',#11767,#11768);
#11767 = CARTESIAN_POINT('',(44.,0.7,-4.));
#11768 = VECTOR('',#11769,1.);
#11769 = DIRECTION('',(0.,0.,-1.));
#11770 = PCURVE('',#2524,#11771);
#11771 = DEFINITIONAL_REPRESENTATION('',(#11772),#11775);
#11772 = B_SPLINE_CURVE_WITH_KNOTS('',1,(#11773,#11774),.UNSPECIFIED.,
  .F.,.F.,(2,2),(-4.,0.),.PIECEWISE_BEZIER_KNOTS.);
#11773 = CARTESIAN_POINT('',(4.,-1.25));
#11774 = CARTESIAN_POINT('',(0.,-1.25));
#11775 = ( GEOMETRIC_REPRESENTATION_CONTEXT(2) 
PARAMETRIC_REPRESENTATION_CONTEXT() REPRESENTATION_CONTEXT('2D SPACE',''
  ) );
#11776 = PCURVE('',#2440,#11777);
#11777 = DEFINITIONAL_REPRESENTATION('',(#11778),#11781);
#11778 = B_SPLINE_CURVE_WITH_KNOTS('',1,(#11779,#11780),.UNSPECIFIED.,
  .F.,.F.,(2,2),(-4.,0.),.PIECEWISE_BEZIER_KNOTS.);
#11779 = CARTESIAN_POINT('',(4.,44.6));
#11780 = CARTESIAN_POINT('',(0.,44.6));
#11781 = ( GEOMETRIC_REPRESENTATION_CONTEXT(2) 
PARAMETRIC_REPRESENTATION_CONTEXT() REPRESENTATION_CONTEXT('2D SPACE',''
  ) );
#11782 = ADVANCED_FACE('',(#11783),#2169,.F.);
#11783 = FACE_BOUND('',#11784,.F.);
#11784 = EDGE_LOOP('',(#11785,#11786,#11805,#11806));
#11785 = ORIENTED_EDGE('',*,*,#11637,.F.);
#11786 = ORIENTED_EDGE('',*,*,#11787,.T.);
#11787 = EDGE_CURVE('',#11638,#2131,#11788,.T.);
#11788 = SURFACE_CURVE('',#11789,(#11793,#11799),.PCURVE_S1.);
#11789 = LINE('',#11790,#11791);
#11790 = CARTESIAN_POINT('',(66.,-21.85,-4.));
#11791 = VECTOR('',#11792,1.);
#11792 = DIRECTION('',(0.,0.,-1.));
#11793 = PCURVE('',#2169,#11794);
#11794 = DEFINITIONAL_REPRESENTATION('',(#11795),#11798);
#11795 = B_SPLINE_CURVE_WITH_KNOTS('',1,(#11796,#11797),.UNSPECIFIED.,
  .F.,.F.,(2,2),(-4.,0.),.PIECEWISE_BEZIER_KNOTS.);
#11796 = CARTESIAN_POINT('',(4.,-0.35));
#11797 = CARTESIAN_POINT('',(0.,-0.35));
#11798 = ( GEOMETRIC_REPRESENTATION_CONTEXT(2) 
PARAMETRIC_REPRESENTATION_CONTEXT() REPRESENTATION_CONTEXT('2D SPACE',''
  ) );
#11799 = PCURVE('',#1697,#11800);
#11800 = DEFINITIONAL_REPRESENTATION('',(#11801),#11804);
#11801 = B_SPLINE_CURVE_WITH_KNOTS('',1,(#11802,#11803),.UNSPECIFIED.,
  .F.,.F.,(2,2),(-4.,0.),.PIECEWISE_BEZIER_KNOTS.);
#11802 = CARTESIAN_POINT('',(4.,66.6));
#11803 = CARTESIAN_POINT('',(0.,66.6));
#11804 = ( GEOMETRIC_REPRESENTATION_CONTEXT(2) 
PARAMETRIC_REPRESENTATION_CONTEXT() REPRESENTATION_CONTEXT('2D SPACE',''
  ) );
#11805 = ORIENTED_EDGE('',*,*,#2153,.T.);
#11806 = ORIENTED_EDGE('',*,*,#11735,.T.);
#11807 = ADVANCED_FACE('',(#11808),#2575,.T.);
#11808 = FACE_BOUND('',#11809,.T.);
#11809 = EDGE_LOOP('',(#11810,#11840,#11861,#11862));
#11810 = ORIENTED_EDGE('',*,*,#11811,.T.);
#11811 = EDGE_CURVE('',#11812,#11814,#11816,.T.);
#11812 = VERTEX_POINT('',#11813);
#11813 = CARTESIAN_POINT('',(13.,0.7,0.));
#11814 = VERTEX_POINT('',#11815);
#11815 = CARTESIAN_POINT('',(13.,-0.55,0.));
#11816 = SURFACE_CURVE('',#11817,(#11821,#11828),.PCURVE_S1.);
#11817 = LINE('',#11818,#11819);
#11818 = CARTESIAN_POINT('',(13.,0.7,0.));
#11819 = VECTOR('',#11820,1.);
#11820 = DIRECTION('',(0.,-1.,0.));
#11821 = PCURVE('',#2575,#11822);
#11822 = DEFINITIONAL_REPRESENTATION('',(#11823),#11827);
#11823 = LINE('',#11824,#11825);
#11824 = CARTESIAN_POINT('',(4.,-1.25));
#11825 = VECTOR('',#11826,1.);
#11826 = DIRECTION('',(0.,1.));
#11827 = ( GEOMETRIC_REPRESENTATION_CONTEXT(2) 
PARAMETRIC_REPRESENTATION_CONTEXT() REPRESENTATION_CONTEXT('2D SPACE',''
  ) );
#11828 = PCURVE('',#11829,#11834);
#11829 = PLANE('',#11830);
#11830 = AXIS2_PLACEMENT_3D('',#11831,#11832,#11833);
#11831 = CARTESIAN_POINT('',(11.,-0.55,0.));
#11832 = DIRECTION('',(0.,0.,1.));
#11833 = DIRECTION('',(1.,0.,0.));
#11834 = DEFINITIONAL_REPRESENTATION('',(#11835),#11839);
#11835 = LINE('',#11836,#11837);
#11836 = CARTESIAN_POINT('',(2.,1.25));
#11837 = VECTOR('',#11838,1.);
#11838 = DIRECTION('',(0.,-1.));
#11839 = ( GEOMETRIC_REPRESENTATION_CONTEXT(2) 
PARAMETRIC_REPRESENTATION_CONTEXT() REPRESENTATION_CONTEXT('2D SPACE',''
  ) );
#11840 = ORIENTED_EDGE('',*,*,#11841,.F.);
#11841 = EDGE_CURVE('',#2560,#11814,#11842,.T.);
#11842 = SURFACE_CURVE('',#11843,(#11847,#11854),.PCURVE_S1.);
#11843 = LINE('',#11844,#11845);
#11844 = CARTESIAN_POINT('',(13.,-0.55,-4.));
#11845 = VECTOR('',#11846,1.);
#11846 = DIRECTION('',(0.,0.,1.));
#11847 = PCURVE('',#2575,#11848);
#11848 = DEFINITIONAL_REPRESENTATION('',(#11849),#11853);
#11849 = LINE('',#11850,#11851);
#11850 = CARTESIAN_POINT('',(0.,0.));
#11851 = VECTOR('',#11852,1.);
#11852 = DIRECTION('',(1.,0.));
#11853 = ( GEOMETRIC_REPRESENTATION_CONTEXT(2) 
PARAMETRIC_REPRESENTATION_CONTEXT() REPRESENTATION_CONTEXT('2D SPACE',''
  ) );
#11854 = PCURVE('',#2603,#11855);
#11855 = DEFINITIONAL_REPRESENTATION('',(#11856),#11860);
#11856 = LINE('',#11857,#11858);
#11857 = CARTESIAN_POINT('',(0.,2.));
#11858 = VECTOR('',#11859,1.);
#11859 = DIRECTION('',(1.,0.));
#11860 = ( GEOMETRIC_REPRESENTATION_CONTEXT(2) 
PARAMETRIC_REPRESENTATION_CONTEXT() REPRESENTATION_CONTEXT('2D SPACE',''
  ) );
#11861 = ORIENTED_EDGE('',*,*,#2559,.T.);
#11862 = ORIENTED_EDGE('',*,*,#11863,.F.);
#11863 = EDGE_CURVE('',#11812,#2537,#11864,.T.);
#11864 = SURFACE_CURVE('',#11865,(#11869,#11875),.PCURVE_S1.);
#11865 = LINE('',#11866,#11867);
#11866 = CARTESIAN_POINT('',(13.,0.7,-4.));
#11867 = VECTOR('',#11868,1.);
#11868 = DIRECTION('',(0.,0.,-1.));
#11869 = PCURVE('',#2575,#11870);
#11870 = DEFINITIONAL_REPRESENTATION('',(#11871),#11874);
#11871 = B_SPLINE_CURVE_WITH_KNOTS('',1,(#11872,#11873),.UNSPECIFIED.,
  .F.,.F.,(2,2),(-4.,0.),.PIECEWISE_BEZIER_KNOTS.);
#11872 = CARTESIAN_POINT('',(4.,-1.25));
#11873 = CARTESIAN_POINT('',(0.,-1.25));
#11874 = ( GEOMETRIC_REPRESENTATION_CONTEXT(2) 
PARAMETRIC_REPRESENTATION_CONTEXT() REPRESENTATION_CONTEXT('2D SPACE',''
  ) );
#11875 = PCURVE('',#2440,#11876);
#11876 = DEFINITIONAL_REPRESENTATION('',(#11877),#11880);
#11877 = B_SPLINE_CURVE_WITH_KNOTS('',1,(#11878,#11879),.UNSPECIFIED.,
  .F.,.F.,(2,2),(-4.,0.),.PIECEWISE_BEZIER_KNOTS.);
#11878 = CARTESIAN_POINT('',(4.,13.6));
#11879 = CARTESIAN_POINT('',(0.,13.6));
#11880 = ( GEOMETRIC_REPRESENTATION_CONTEXT(2) 
PARAMETRIC_REPRESENTATION_CONTEXT() REPRESENTATION_CONTEXT('2D SPACE',''
  ) );
#11881 = ADVANCED_FACE('',(#11882),#11829,.T.);
#11882 = FACE_BOUND('',#11883,.T.);
#11883 = EDGE_LOOP('',(#11884,#11909,#11930,#11931));
#11884 = ORIENTED_EDGE('',*,*,#11885,.F.);
#11885 = EDGE_CURVE('',#11886,#11888,#11890,.T.);
#11886 = VERTEX_POINT('',#11887);
#11887 = CARTESIAN_POINT('',(11.,-0.55,0.));
#11888 = VERTEX_POINT('',#11889);
#11889 = CARTESIAN_POINT('',(11.,0.7,0.));
#11890 = SURFACE_CURVE('',#11891,(#11895,#11902),.PCURVE_S1.);
#11891 = LINE('',#11892,#11893);
#11892 = CARTESIAN_POINT('',(11.,-0.55,0.));
#11893 = VECTOR('',#11894,1.);
#11894 = DIRECTION('',(0.,1.,0.));
#11895 = PCURVE('',#11829,#11896);
#11896 = DEFINITIONAL_REPRESENTATION('',(#11897),#11901);
#11897 = LINE('',#11898,#11899);
#11898 = CARTESIAN_POINT('',(0.,0.));
#11899 = VECTOR('',#11900,1.);
#11900 = DIRECTION('',(0.,1.));
#11901 = ( GEOMETRIC_REPRESENTATION_CONTEXT(2) 
PARAMETRIC_REPRESENTATION_CONTEXT() REPRESENTATION_CONTEXT('2D SPACE',''
  ) );
#11902 = PCURVE('',#2631,#11903);
#11903 = DEFINITIONAL_REPRESENTATION('',(#11904),#11908);
#11904 = LINE('',#11905,#11906);
#11905 = CARTESIAN_POINT('',(4.,0.));
#11906 = VECTOR('',#11907,1.);
#11907 = DIRECTION('',(0.,-1.));
#11908 = ( GEOMETRIC_REPRESENTATION_CONTEXT(2) 
PARAMETRIC_REPRESENTATION_CONTEXT() REPRESENTATION_CONTEXT('2D SPACE',''
  ) );
#11909 = ORIENTED_EDGE('',*,*,#11910,.T.);
#11910 = EDGE_CURVE('',#11886,#11814,#11911,.T.);
#11911 = SURFACE_CURVE('',#11912,(#11916,#11923),.PCURVE_S1.);
#11912 = LINE('',#11913,#11914);
#11913 = CARTESIAN_POINT('',(11.,-0.55,0.));
#11914 = VECTOR('',#11915,1.);
#11915 = DIRECTION('',(1.,0.,0.));
#11916 = PCURVE('',#11829,#11917);
#11917 = DEFINITIONAL_REPRESENTATION('',(#11918),#11922);
#11918 = LINE('',#11919,#11920);
#11919 = CARTESIAN_POINT('',(0.,0.));
#11920 = VECTOR('',#11921,1.);
#11921 = DIRECTION('',(1.,0.));
#11922 = ( GEOMETRIC_REPRESENTATION_CONTEXT(2) 
PARAMETRIC_REPRESENTATION_CONTEXT() REPRESENTATION_CONTEXT('2D SPACE',''
  ) );
#11923 = PCURVE('',#2603,#11924);
#11924 = DEFINITIONAL_REPRESENTATION('',(#11925),#11929);
#11925 = LINE('',#11926,#11927);
#11926 = CARTESIAN_POINT('',(4.,0.));
#11927 = VECTOR('',#11928,1.);
#11928 = DIRECTION('',(0.,1.));
#11929 = ( GEOMETRIC_REPRESENTATION_CONTEXT(2) 
PARAMETRIC_REPRESENTATION_CONTEXT() REPRESENTATION_CONTEXT('2D SPACE',''
  ) );
#11930 = ORIENTED_EDGE('',*,*,#11811,.F.);
#11931 = ORIENTED_EDGE('',*,*,#11932,.F.);
#11932 = EDGE_CURVE('',#11888,#11812,#11933,.T.);
#11933 = SURFACE_CURVE('',#11934,(#11938,#11945),.PCURVE_S1.);
#11934 = LINE('',#11935,#11936);
#11935 = CARTESIAN_POINT('',(5.2,0.7,0.));
#11936 = VECTOR('',#11937,1.);
#11937 = DIRECTION('',(1.,0.,0.));
#11938 = PCURVE('',#11829,#11939);
#11939 = DEFINITIONAL_REPRESENTATION('',(#11940),#11944);
#11940 = LINE('',#11941,#11942);
#11941 = CARTESIAN_POINT('',(-5.8,1.25));
#11942 = VECTOR('',#11943,1.);
#11943 = DIRECTION('',(1.,0.));
#11944 = ( GEOMETRIC_REPRESENTATION_CONTEXT(2) 
PARAMETRIC_REPRESENTATION_CONTEXT() REPRESENTATION_CONTEXT('2D SPACE',''
  ) );
#11945 = PCURVE('',#2440,#11946);
#11946 = DEFINITIONAL_REPRESENTATION('',(#11947),#11950);
#11947 = B_SPLINE_CURVE_WITH_KNOTS('',1,(#11948,#11949),.UNSPECIFIED.,
  .F.,.F.,(2,2),(5.8,7.8),.PIECEWISE_BEZIER_KNOTS.);
#11948 = CARTESIAN_POINT('',(4.,11.6));
#11949 = CARTESIAN_POINT('',(4.,13.6));
#11950 = ( GEOMETRIC_REPRESENTATION_CONTEXT(2) 
PARAMETRIC_REPRESENTATION_CONTEXT() REPRESENTATION_CONTEXT('2D SPACE',''
  ) );
#11951 = ADVANCED_FACE('',(#11952),#2118,.T.);
#11952 = FACE_BOUND('',#11953,.T.);
#11953 = EDGE_LOOP('',(#11954,#11984,#12003,#12004));
#11954 = ORIENTED_EDGE('',*,*,#11955,.F.);
#11955 = EDGE_CURVE('',#11956,#11958,#11960,.T.);
#11956 = VERTEX_POINT('',#11957);
#11957 = CARTESIAN_POINT('',(42.,-21.85,0.));
#11958 = VERTEX_POINT('',#11959);
#11959 = CARTESIAN_POINT('',(42.,-20.7,0.));
#11960 = SURFACE_CURVE('',#11961,(#11965,#11972),.PCURVE_S1.);
#11961 = LINE('',#11962,#11963);
#11962 = CARTESIAN_POINT('',(42.,-21.85,0.));
#11963 = VECTOR('',#11964,1.);
#11964 = DIRECTION('',(0.,1.,0.));
#11965 = PCURVE('',#2118,#11966);
#11966 = DEFINITIONAL_REPRESENTATION('',(#11967),#11971);
#11967 = LINE('',#11968,#11969);
#11968 = CARTESIAN_POINT('',(4.,-0.35));
#11969 = VECTOR('',#11970,1.);
#11970 = DIRECTION('',(0.,-1.));
#11971 = ( GEOMETRIC_REPRESENTATION_CONTEXT(2) 
PARAMETRIC_REPRESENTATION_CONTEXT() REPRESENTATION_CONTEXT('2D SPACE',''
  ) );
#11972 = PCURVE('',#11973,#11978);
#11973 = PLANE('',#11974);
#11974 = AXIS2_PLACEMENT_3D('',#11975,#11976,#11977);
#11975 = CARTESIAN_POINT('',(40.,-22.2,0.));
#11976 = DIRECTION('',(0.,0.,1.));
#11977 = DIRECTION('',(1.,0.,0.));
#11978 = DEFINITIONAL_REPRESENTATION('',(#11979),#11983);
#11979 = LINE('',#11980,#11981);
#11980 = CARTESIAN_POINT('',(2.,0.35));
#11981 = VECTOR('',#11982,1.);
#11982 = DIRECTION('',(0.,1.));
#11983 = ( GEOMETRIC_REPRESENTATION_CONTEXT(2) 
PARAMETRIC_REPRESENTATION_CONTEXT() REPRESENTATION_CONTEXT('2D SPACE',''
  ) );
#11984 = ORIENTED_EDGE('',*,*,#11985,.T.);
#11985 = EDGE_CURVE('',#11956,#2103,#11986,.T.);
#11986 = SURFACE_CURVE('',#11987,(#11991,#11997),.PCURVE_S1.);
#11987 = LINE('',#11988,#11989);
#11988 = CARTESIAN_POINT('',(42.,-21.85,-4.));
#11989 = VECTOR('',#11990,1.);
#11990 = DIRECTION('',(0.,0.,-1.));
#11991 = PCURVE('',#2118,#11992);
#11992 = DEFINITIONAL_REPRESENTATION('',(#11993),#11996);
#11993 = B_SPLINE_CURVE_WITH_KNOTS('',1,(#11994,#11995),.UNSPECIFIED.,
  .F.,.F.,(2,2),(-4.,0.),.PIECEWISE_BEZIER_KNOTS.);
#11994 = CARTESIAN_POINT('',(4.,-0.35));
#11995 = CARTESIAN_POINT('',(0.,-0.35));
#11996 = ( GEOMETRIC_REPRESENTATION_CONTEXT(2) 
PARAMETRIC_REPRESENTATION_CONTEXT() REPRESENTATION_CONTEXT('2D SPACE',''
  ) );
#11997 = PCURVE('',#1697,#11998);
#11998 = DEFINITIONAL_REPRESENTATION('',(#11999),#12002);
#11999 = B_SPLINE_CURVE_WITH_KNOTS('',1,(#12000,#12001),.UNSPECIFIED.,
  .F.,.F.,(2,2),(-4.,0.),.PIECEWISE_BEZIER_KNOTS.);
#12000 = CARTESIAN_POINT('',(4.,42.6));
#12001 = CARTESIAN_POINT('',(0.,42.6));
#12002 = ( GEOMETRIC_REPRESENTATION_CONTEXT(2) 
PARAMETRIC_REPRESENTATION_CONTEXT() REPRESENTATION_CONTEXT('2D SPACE',''
  ) );
#12003 = ORIENTED_EDGE('',*,*,#2102,.T.);
#12004 = ORIENTED_EDGE('',*,*,#12005,.T.);
#12005 = EDGE_CURVE('',#2075,#11958,#12006,.T.);
#12006 = SURFACE_CURVE('',#12007,(#12011,#12018),.PCURVE_S1.);
#12007 = LINE('',#12008,#12009);
#12008 = CARTESIAN_POINT('',(42.,-20.7,-4.));
#12009 = VECTOR('',#12010,1.);
#12010 = DIRECTION('',(0.,0.,1.));
#12011 = PCURVE('',#2118,#12012);
#12012 = DEFINITIONAL_REPRESENTATION('',(#12013),#12017);
#12013 = LINE('',#12014,#12015);
#12014 = CARTESIAN_POINT('',(0.,-1.5));
#12015 = VECTOR('',#12016,1.);
#12016 = DIRECTION('',(1.,0.));
#12017 = ( GEOMETRIC_REPRESENTATION_CONTEXT(2) 
PARAMETRIC_REPRESENTATION_CONTEXT() REPRESENTATION_CONTEXT('2D SPACE',''
  ) );
#12018 = PCURVE('',#2090,#12019);
#12019 = DEFINITIONAL_REPRESENTATION('',(#12020),#12024);
#12020 = LINE('',#12021,#12022);
#12021 = CARTESIAN_POINT('',(0.,2.));
#12022 = VECTOR('',#12023,1.);
#12023 = DIRECTION('',(1.,0.));
#12024 = ( GEOMETRIC_REPRESENTATION_CONTEXT(2) 
PARAMETRIC_REPRESENTATION_CONTEXT() REPRESENTATION_CONTEXT('2D SPACE',''
  ) );
#12025 = ADVANCED_FACE('',(#12026),#11973,.T.);
#12026 = FACE_BOUND('',#12027,.T.);
#12027 = EDGE_LOOP('',(#12028,#12053,#12073,#12074));
#12028 = ORIENTED_EDGE('',*,*,#12029,.F.);
#12029 = EDGE_CURVE('',#12030,#12032,#12034,.T.);
#12030 = VERTEX_POINT('',#12031);
#12031 = CARTESIAN_POINT('',(40.,-21.85,0.));
#12032 = VERTEX_POINT('',#12033);
#12033 = CARTESIAN_POINT('',(40.,-20.7,0.));
#12034 = SURFACE_CURVE('',#12035,(#12039,#12046),.PCURVE_S1.);
#12035 = LINE('',#12036,#12037);
#12036 = CARTESIAN_POINT('',(40.,-21.85,0.));
#12037 = VECTOR('',#12038,1.);
#12038 = DIRECTION('',(0.,1.,0.));
#12039 = PCURVE('',#11973,#12040);
#12040 = DEFINITIONAL_REPRESENTATION('',(#12041),#12045);
#12041 = LINE('',#12042,#12043);
#12042 = CARTESIAN_POINT('',(0.,0.35));
#12043 = VECTOR('',#12044,1.);
#12044 = DIRECTION('',(0.,1.));
#12045 = ( GEOMETRIC_REPRESENTATION_CONTEXT(2) 
PARAMETRIC_REPRESENTATION_CONTEXT() REPRESENTATION_CONTEXT('2D SPACE',''
  ) );
#12046 = PCURVE('',#2062,#12047);
#12047 = DEFINITIONAL_REPRESENTATION('',(#12048),#12052);
#12048 = LINE('',#12049,#12050);
#12049 = CARTESIAN_POINT('',(4.,-0.35));
#12050 = VECTOR('',#12051,1.);
#12051 = DIRECTION('',(0.,-1.));
#12052 = ( GEOMETRIC_REPRESENTATION_CONTEXT(2) 
PARAMETRIC_REPRESENTATION_CONTEXT() REPRESENTATION_CONTEXT('2D SPACE',''
  ) );
#12053 = ORIENTED_EDGE('',*,*,#12054,.T.);
#12054 = EDGE_CURVE('',#12030,#11956,#12055,.T.);
#12055 = SURFACE_CURVE('',#12056,(#12060,#12067),.PCURVE_S1.);
#12056 = LINE('',#12057,#12058);
#12057 = CARTESIAN_POINT('',(19.7,-21.85,0.));
#12058 = VECTOR('',#12059,1.);
#12059 = DIRECTION('',(1.,0.,0.));
#12060 = PCURVE('',#11973,#12061);
#12061 = DEFINITIONAL_REPRESENTATION('',(#12062),#12066);
#12062 = LINE('',#12063,#12064);
#12063 = CARTESIAN_POINT('',(-20.3,0.35));
#12064 = VECTOR('',#12065,1.);
#12065 = DIRECTION('',(1.,0.));
#12066 = ( GEOMETRIC_REPRESENTATION_CONTEXT(2) 
PARAMETRIC_REPRESENTATION_CONTEXT() REPRESENTATION_CONTEXT('2D SPACE',''
  ) );
#12067 = PCURVE('',#1697,#12068);
#12068 = DEFINITIONAL_REPRESENTATION('',(#12069),#12072);
#12069 = B_SPLINE_CURVE_WITH_KNOTS('',1,(#12070,#12071),.UNSPECIFIED.,
  .F.,.F.,(2,2),(20.3,22.3),.PIECEWISE_BEZIER_KNOTS.);
#12070 = CARTESIAN_POINT('',(4.,40.6));
#12071 = CARTESIAN_POINT('',(4.,42.6));
#12072 = ( GEOMETRIC_REPRESENTATION_CONTEXT(2) 
PARAMETRIC_REPRESENTATION_CONTEXT() REPRESENTATION_CONTEXT('2D SPACE',''
  ) );
#12073 = ORIENTED_EDGE('',*,*,#11955,.T.);
#12074 = ORIENTED_EDGE('',*,*,#12075,.F.);
#12075 = EDGE_CURVE('',#12032,#11958,#12076,.T.);
#12076 = SURFACE_CURVE('',#12077,(#12081,#12088),.PCURVE_S1.);
#12077 = LINE('',#12078,#12079);
#12078 = CARTESIAN_POINT('',(40.,-20.7,0.));
#12079 = VECTOR('',#12080,1.);
#12080 = DIRECTION('',(1.,0.,0.));
#12081 = PCURVE('',#11973,#12082);
#12082 = DEFINITIONAL_REPRESENTATION('',(#12083),#12087);
#12083 = LINE('',#12084,#12085);
#12084 = CARTESIAN_POINT('',(0.,1.5));
#12085 = VECTOR('',#12086,1.);
#12086 = DIRECTION('',(1.,0.));
#12087 = ( GEOMETRIC_REPRESENTATION_CONTEXT(2) 
PARAMETRIC_REPRESENTATION_CONTEXT() REPRESENTATION_CONTEXT('2D SPACE',''
  ) );
#12088 = PCURVE('',#2090,#12089);
#12089 = DEFINITIONAL_REPRESENTATION('',(#12090),#12094);
#12090 = LINE('',#12091,#12092);
#12091 = CARTESIAN_POINT('',(4.,0.));
#12092 = VECTOR('',#12093,1.);
#12093 = DIRECTION('',(0.,1.));
#12094 = ( GEOMETRIC_REPRESENTATION_CONTEXT(2) 
PARAMETRIC_REPRESENTATION_CONTEXT() REPRESENTATION_CONTEXT('2D SPACE',''
  ) );
#12095 = ADVANCED_FACE('',(#12096),#2603,.F.);
#12096 = FACE_BOUND('',#12097,.F.);
#12097 = EDGE_LOOP('',(#12098,#12099,#12120,#12121));
#12098 = ORIENTED_EDGE('',*,*,#2587,.F.);
#12099 = ORIENTED_EDGE('',*,*,#12100,.T.);
#12100 = EDGE_CURVE('',#2588,#11886,#12101,.T.);
#12101 = SURFACE_CURVE('',#12102,(#12106,#12113),.PCURVE_S1.);
#12102 = LINE('',#12103,#12104);
#12103 = CARTESIAN_POINT('',(11.,-0.55,-4.));
#12104 = VECTOR('',#12105,1.);
#12105 = DIRECTION('',(0.,0.,1.));
#12106 = PCURVE('',#2603,#12107);
#12107 = DEFINITIONAL_REPRESENTATION('',(#12108),#12112);
#12108 = LINE('',#12109,#12110);
#12109 = CARTESIAN_POINT('',(0.,0.));
#12110 = VECTOR('',#12111,1.);
#12111 = DIRECTION('',(1.,0.));
#12112 = ( GEOMETRIC_REPRESENTATION_CONTEXT(2) 
PARAMETRIC_REPRESENTATION_CONTEXT() REPRESENTATION_CONTEXT('2D SPACE',''
  ) );
#12113 = PCURVE('',#2631,#12114);
#12114 = DEFINITIONAL_REPRESENTATION('',(#12115),#12119);
#12115 = LINE('',#12116,#12117);
#12116 = CARTESIAN_POINT('',(0.,0.));
#12117 = VECTOR('',#12118,1.);
#12118 = DIRECTION('',(1.,0.));
#12119 = ( GEOMETRIC_REPRESENTATION_CONTEXT(2) 
PARAMETRIC_REPRESENTATION_CONTEXT() REPRESENTATION_CONTEXT('2D SPACE',''
  ) );
#12120 = ORIENTED_EDGE('',*,*,#11910,.T.);
#12121 = ORIENTED_EDGE('',*,*,#11841,.F.);
#12122 = ADVANCED_FACE('',(#12123),#2090,.T.);
#12123 = FACE_BOUND('',#12124,.T.);
#12124 = EDGE_LOOP('',(#12125,#12126,#12147,#12148));
#12125 = ORIENTED_EDGE('',*,*,#2074,.F.);
#12126 = ORIENTED_EDGE('',*,*,#12127,.T.);
#12127 = EDGE_CURVE('',#2047,#12032,#12128,.T.);
#12128 = SURFACE_CURVE('',#12129,(#12133,#12140),.PCURVE_S1.);
#12129 = LINE('',#12130,#12131);
#12130 = CARTESIAN_POINT('',(40.,-20.7,-4.));
#12131 = VECTOR('',#12132,1.);
#12132 = DIRECTION('',(0.,0.,1.));
#12133 = PCURVE('',#2090,#12134);
#12134 = DEFINITIONAL_REPRESENTATION('',(#12135),#12139);
#12135 = LINE('',#12136,#12137);
#12136 = CARTESIAN_POINT('',(0.,0.));
#12137 = VECTOR('',#12138,1.);
#12138 = DIRECTION('',(1.,0.));
#12139 = ( GEOMETRIC_REPRESENTATION_CONTEXT(2) 
PARAMETRIC_REPRESENTATION_CONTEXT() REPRESENTATION_CONTEXT('2D SPACE',''
  ) );
#12140 = PCURVE('',#2062,#12141);
#12141 = DEFINITIONAL_REPRESENTATION('',(#12142),#12146);
#12142 = LINE('',#12143,#12144);
#12143 = CARTESIAN_POINT('',(0.,-1.5));
#12144 = VECTOR('',#12145,1.);
#12145 = DIRECTION('',(1.,0.));
#12146 = ( GEOMETRIC_REPRESENTATION_CONTEXT(2) 
PARAMETRIC_REPRESENTATION_CONTEXT() REPRESENTATION_CONTEXT('2D SPACE',''
  ) );
#12147 = ORIENTED_EDGE('',*,*,#12075,.T.);
#12148 = ORIENTED_EDGE('',*,*,#12005,.F.);
#12149 = ADVANCED_FACE('',(#12150),#2631,.F.);
#12150 = FACE_BOUND('',#12151,.F.);
#12151 = EDGE_LOOP('',(#12152,#12153,#12154,#12155));
#12152 = ORIENTED_EDGE('',*,*,#11885,.F.);
#12153 = ORIENTED_EDGE('',*,*,#12100,.F.);
#12154 = ORIENTED_EDGE('',*,*,#2615,.T.);
#12155 = ORIENTED_EDGE('',*,*,#12156,.F.);
#12156 = EDGE_CURVE('',#11888,#2616,#12157,.T.);
#12157 = SURFACE_CURVE('',#12158,(#12162,#12168),.PCURVE_S1.);
#12158 = LINE('',#12159,#12160);
#12159 = CARTESIAN_POINT('',(11.,0.7,-4.));
#12160 = VECTOR('',#12161,1.);
#12161 = DIRECTION('',(0.,0.,-1.));
#12162 = PCURVE('',#2631,#12163);
#12163 = DEFINITIONAL_REPRESENTATION('',(#12164),#12167);
#12164 = B_SPLINE_CURVE_WITH_KNOTS('',1,(#12165,#12166),.UNSPECIFIED.,
  .F.,.F.,(2,2),(-4.,0.),.PIECEWISE_BEZIER_KNOTS.);
#12165 = CARTESIAN_POINT('',(4.,-1.25));
#12166 = CARTESIAN_POINT('',(0.,-1.25));
#12167 = ( GEOMETRIC_REPRESENTATION_CONTEXT(2) 
PARAMETRIC_REPRESENTATION_CONTEXT() REPRESENTATION_CONTEXT('2D SPACE',''
  ) );
#12168 = PCURVE('',#2440,#12169);
#12169 = DEFINITIONAL_REPRESENTATION('',(#12170),#12173);
#12170 = B_SPLINE_CURVE_WITH_KNOTS('',1,(#12171,#12172),.UNSPECIFIED.,
  .F.,.F.,(2,2),(-4.,0.),.PIECEWISE_BEZIER_KNOTS.);
#12171 = CARTESIAN_POINT('',(4.,11.6));
#12172 = CARTESIAN_POINT('',(0.,11.6));
#12173 = ( GEOMETRIC_REPRESENTATION_CONTEXT(2) 
PARAMETRIC_REPRESENTATION_CONTEXT() REPRESENTATION_CONTEXT('2D SPACE',''
  ) );
#12174 = ADVANCED_FACE('',(#12175),#2062,.F.);
#12175 = FACE_BOUND('',#12176,.F.);
#12176 = EDGE_LOOP('',(#12177,#12178,#12197,#12198));
#12177 = ORIENTED_EDGE('',*,*,#12029,.F.);
#12178 = ORIENTED_EDGE('',*,*,#12179,.T.);
#12179 = EDGE_CURVE('',#12030,#2024,#12180,.T.);
#12180 = SURFACE_CURVE('',#12181,(#12185,#12191),.PCURVE_S1.);
#12181 = LINE('',#12182,#12183);
#12182 = CARTESIAN_POINT('',(40.,-21.85,-4.));
#12183 = VECTOR('',#12184,1.);
#12184 = DIRECTION('',(0.,0.,-1.));
#12185 = PCURVE('',#2062,#12186);
#12186 = DEFINITIONAL_REPRESENTATION('',(#12187),#12190);
#12187 = B_SPLINE_CURVE_WITH_KNOTS('',1,(#12188,#12189),.UNSPECIFIED.,
  .F.,.F.,(2,2),(-4.,0.),.PIECEWISE_BEZIER_KNOTS.);
#12188 = CARTESIAN_POINT('',(4.,-0.35));
#12189 = CARTESIAN_POINT('',(0.,-0.35));
#12190 = ( GEOMETRIC_REPRESENTATION_CONTEXT(2) 
PARAMETRIC_REPRESENTATION_CONTEXT() REPRESENTATION_CONTEXT('2D SPACE',''
  ) );
#12191 = PCURVE('',#1697,#12192);
#12192 = DEFINITIONAL_REPRESENTATION('',(#12193),#12196);
#12193 = B_SPLINE_CURVE_WITH_KNOTS('',1,(#12194,#12195),.UNSPECIFIED.,
  .F.,.F.,(2,2),(-4.,0.),.PIECEWISE_BEZIER_KNOTS.);
#12194 = CARTESIAN_POINT('',(4.,40.6));
#12195 = CARTESIAN_POINT('',(0.,40.6));
#12196 = ( GEOMETRIC_REPRESENTATION_CONTEXT(2) 
PARAMETRIC_REPRESENTATION_CONTEXT() REPRESENTATION_CONTEXT('2D SPACE',''
  ) );
#12197 = ORIENTED_EDGE('',*,*,#2046,.T.);
#12198 = ORIENTED_EDGE('',*,*,#12127,.T.);
#12199 = ADVANCED_FACE('',(#12200),#2440,.F.);
#12200 = FACE_BOUND('',#12201,.F.);
#12201 = EDGE_LOOP('',(#12202,#12203,#12204,#12205,#12206,#12207,#12208,
    #12209,#12210,#12211,#12212,#12213,#12214,#12215,#12216,#12217,
    #12218,#12239,#12240,#12241,#12242,#12243,#12244,#12245));
#12202 = ORIENTED_EDGE('',*,*,#8530,.F.);
#12203 = ORIENTED_EDGE('',*,*,#8653,.T.);
#12204 = ORIENTED_EDGE('',*,*,#8675,.T.);
#12205 = ORIENTED_EDGE('',*,*,#8776,.T.);
#12206 = ORIENTED_EDGE('',*,*,#8849,.F.);
#12207 = ORIENTED_EDGE('',*,*,#9072,.T.);
#12208 = ORIENTED_EDGE('',*,*,#11393,.T.);
#12209 = ORIENTED_EDGE('',*,*,#2424,.F.);
#12210 = ORIENTED_EDGE('',*,*,#11471,.F.);
#12211 = ORIENTED_EDGE('',*,*,#11540,.F.);
#12212 = ORIENTED_EDGE('',*,*,#11764,.T.);
#12213 = ORIENTED_EDGE('',*,*,#2536,.F.);
#12214 = ORIENTED_EDGE('',*,*,#11863,.F.);
#12215 = ORIENTED_EDGE('',*,*,#11932,.F.);
#12216 = ORIENTED_EDGE('',*,*,#12156,.T.);
#12217 = ORIENTED_EDGE('',*,*,#2643,.F.);
#12218 = ORIENTED_EDGE('',*,*,#12219,.T.);
#12219 = EDGE_CURVE('',#2644,#7783,#12220,.T.);
#12220 = SURFACE_CURVE('',#12221,(#12225,#12232),.PCURVE_S1.);
#12221 = LINE('',#12222,#12223);
#12222 = CARTESIAN_POINT('',(-0.6,0.7,-4.));
#12223 = VECTOR('',#12224,1.);
#12224 = DIRECTION('',(0.,0.,1.));
#12225 = PCURVE('',#2440,#12226);
#12226 = DEFINITIONAL_REPRESENTATION('',(#12227),#12231);
#12227 = LINE('',#12228,#12229);
#12228 = CARTESIAN_POINT('',(0.,0.));
#12229 = VECTOR('',#12230,1.);
#12230 = DIRECTION('',(1.,0.));
#12231 = ( GEOMETRIC_REPRESENTATION_CONTEXT(2) 
PARAMETRIC_REPRESENTATION_CONTEXT() REPRESENTATION_CONTEXT('2D SPACE',''
  ) );
#12232 = PCURVE('',#2682,#12233);
#12233 = DEFINITIONAL_REPRESENTATION('',(#12234),#12238);
#12234 = LINE('',#12235,#12236);
#12235 = CARTESIAN_POINT('',(0.,-22.55));
#12236 = VECTOR('',#12237,1.);
#12237 = DIRECTION('',(1.,0.));
#12238 = ( GEOMETRIC_REPRESENTATION_CONTEXT(2) 
PARAMETRIC_REPRESENTATION_CONTEXT() REPRESENTATION_CONTEXT('2D SPACE',''
  ) );
#12239 = ORIENTED_EDGE('',*,*,#7891,.T.);
#12240 = ORIENTED_EDGE('',*,*,#7913,.T.);
#12241 = ORIENTED_EDGE('',*,*,#8014,.T.);
#12242 = ORIENTED_EDGE('',*,*,#8123,.F.);
#12243 = ORIENTED_EDGE('',*,*,#8248,.T.);
#12244 = ORIENTED_EDGE('',*,*,#8320,.T.);
#12245 = ORIENTED_EDGE('',*,*,#8421,.T.);
#12246 = ADVANCED_FACE('',(#12247),#2682,.T.);
#12247 = FACE_BOUND('',#12248,.T.);
#12248 = EDGE_LOOP('',(#12249,#12268,#12269,#12270,#12271,#12272));
#12249 = ORIENTED_EDGE('',*,*,#12250,.F.);
#12250 = EDGE_CURVE('',#2667,#7519,#12251,.T.);
#12251 = SURFACE_CURVE('',#12252,(#12256,#12262),.PCURVE_S1.);
#12252 = LINE('',#12253,#12254);
#12253 = CARTESIAN_POINT('',(-0.6,-3.,-4.));
#12254 = VECTOR('',#12255,1.);
#12255 = DIRECTION('',(0.,0.,1.));
#12256 = PCURVE('',#2682,#12257);
#12257 = DEFINITIONAL_REPRESENTATION('',(#12258),#12261);
#12258 = B_SPLINE_CURVE_WITH_KNOTS('',1,(#12259,#12260),.UNSPECIFIED.,
  .F.,.F.,(2,2),(0.,8.4),.PIECEWISE_BEZIER_KNOTS.);
#12259 = CARTESIAN_POINT('',(0.,-18.85));
#12260 = CARTESIAN_POINT('',(8.4,-18.85));
#12261 = ( GEOMETRIC_REPRESENTATION_CONTEXT(2) 
PARAMETRIC_REPRESENTATION_CONTEXT() REPRESENTATION_CONTEXT('2D SPACE',''
  ) );
#12262 = PCURVE('',#2710,#12263);
#12263 = DEFINITIONAL_REPRESENTATION('',(#12264),#12267);
#12264 = B_SPLINE_CURVE_WITH_KNOTS('',1,(#12265,#12266),.UNSPECIFIED.,
  .F.,.F.,(2,2),(0.,8.4),.PIECEWISE_BEZIER_KNOTS.);
#12265 = CARTESIAN_POINT('',(0.,1.9));
#12266 = CARTESIAN_POINT('',(8.4,1.9));
#12267 = ( GEOMETRIC_REPRESENTATION_CONTEXT(2) 
PARAMETRIC_REPRESENTATION_CONTEXT() REPRESENTATION_CONTEXT('2D SPACE',''
  ) );
#12268 = ORIENTED_EDGE('',*,*,#2666,.T.);
#12269 = ORIENTED_EDGE('',*,*,#12219,.T.);
#12270 = ORIENTED_EDGE('',*,*,#7782,.F.);
#12271 = ORIENTED_EDGE('',*,*,#7736,.F.);
#12272 = ORIENTED_EDGE('',*,*,#7539,.T.);
#12273 = ADVANCED_FACE('',(#12274),#2011,.T.);
#12274 = FACE_BOUND('',#12275,.T.);
#12275 = EDGE_LOOP('',(#12276,#12306,#12325,#12326));
#12276 = ORIENTED_EDGE('',*,*,#12277,.F.);
#12277 = EDGE_CURVE('',#12278,#12280,#12282,.T.);
#12278 = VERTEX_POINT('',#12279);
#12279 = CARTESIAN_POINT('',(19.,-21.85,0.));
#12280 = VERTEX_POINT('',#12281);
#12281 = CARTESIAN_POINT('',(19.,-20.7,0.));
#12282 = SURFACE_CURVE('',#12283,(#12287,#12294),.PCURVE_S1.);
#12283 = LINE('',#12284,#12285);
#12284 = CARTESIAN_POINT('',(19.,-21.85,0.));
#12285 = VECTOR('',#12286,1.);
#12286 = DIRECTION('',(0.,1.,0.));
#12287 = PCURVE('',#2011,#12288);
#12288 = DEFINITIONAL_REPRESENTATION('',(#12289),#12293);
#12289 = LINE('',#12290,#12291);
#12290 = CARTESIAN_POINT('',(4.,-0.35));
#12291 = VECTOR('',#12292,1.);
#12292 = DIRECTION('',(0.,-1.));
#12293 = ( GEOMETRIC_REPRESENTATION_CONTEXT(2) 
PARAMETRIC_REPRESENTATION_CONTEXT() REPRESENTATION_CONTEXT('2D SPACE',''
  ) );
#12294 = PCURVE('',#12295,#12300);
#12295 = PLANE('',#12296);
#12296 = AXIS2_PLACEMENT_3D('',#12297,#12298,#12299);
#12297 = CARTESIAN_POINT('',(17.,-22.2,0.));
#12298 = DIRECTION('',(0.,0.,1.));
#12299 = DIRECTION('',(1.,0.,0.));
#12300 = DEFINITIONAL_REPRESENTATION('',(#12301),#12305);
#12301 = LINE('',#12302,#12303);
#12302 = CARTESIAN_POINT('',(2.,0.35));
#12303 = VECTOR('',#12304,1.);
#12304 = DIRECTION('',(0.,1.));
#12305 = ( GEOMETRIC_REPRESENTATION_CONTEXT(2) 
PARAMETRIC_REPRESENTATION_CONTEXT() REPRESENTATION_CONTEXT('2D SPACE',''
  ) );
#12306 = ORIENTED_EDGE('',*,*,#12307,.T.);
#12307 = EDGE_CURVE('',#12278,#1996,#12308,.T.);
#12308 = SURFACE_CURVE('',#12309,(#12313,#12319),.PCURVE_S1.);
#12309 = LINE('',#12310,#12311);
#12310 = CARTESIAN_POINT('',(19.,-21.85,-4.));
#12311 = VECTOR('',#12312,1.);
#12312 = DIRECTION('',(0.,0.,-1.));
#12313 = PCURVE('',#2011,#12314);
#12314 = DEFINITIONAL_REPRESENTATION('',(#12315),#12318);
#12315 = B_SPLINE_CURVE_WITH_KNOTS('',1,(#12316,#12317),.UNSPECIFIED.,
  .F.,.F.,(2,2),(-4.,0.),.PIECEWISE_BEZIER_KNOTS.);
#12316 = CARTESIAN_POINT('',(4.,-0.35));
#12317 = CARTESIAN_POINT('',(0.,-0.35));
#12318 = ( GEOMETRIC_REPRESENTATION_CONTEXT(2) 
PARAMETRIC_REPRESENTATION_CONTEXT() REPRESENTATION_CONTEXT('2D SPACE',''
  ) );
#12319 = PCURVE('',#1697,#12320);
#12320 = DEFINITIONAL_REPRESENTATION('',(#12321),#12324);
#12321 = B_SPLINE_CURVE_WITH_KNOTS('',1,(#12322,#12323),.UNSPECIFIED.,
  .F.,.F.,(2,2),(-4.,0.),.PIECEWISE_BEZIER_KNOTS.);
#12322 = CARTESIAN_POINT('',(4.,19.6));
#12323 = CARTESIAN_POINT('',(0.,19.6));
#12324 = ( GEOMETRIC_REPRESENTATION_CONTEXT(2) 
PARAMETRIC_REPRESENTATION_CONTEXT() REPRESENTATION_CONTEXT('2D SPACE',''
  ) );
#12325 = ORIENTED_EDGE('',*,*,#1995,.T.);
#12326 = ORIENTED_EDGE('',*,*,#12327,.T.);
#12327 = EDGE_CURVE('',#1968,#12280,#12328,.T.);
#12328 = SURFACE_CURVE('',#12329,(#12333,#12340),.PCURVE_S1.);
#12329 = LINE('',#12330,#12331);
#12330 = CARTESIAN_POINT('',(19.,-20.7,-4.));
#12331 = VECTOR('',#12332,1.);
#12332 = DIRECTION('',(0.,0.,1.));
#12333 = PCURVE('',#2011,#12334);
#12334 = DEFINITIONAL_REPRESENTATION('',(#12335),#12339);
#12335 = LINE('',#12336,#12337);
#12336 = CARTESIAN_POINT('',(0.,-1.5));
#12337 = VECTOR('',#12338,1.);
#12338 = DIRECTION('',(1.,0.));
#12339 = ( GEOMETRIC_REPRESENTATION_CONTEXT(2) 
PARAMETRIC_REPRESENTATION_CONTEXT() REPRESENTATION_CONTEXT('2D SPACE',''
  ) );
#12340 = PCURVE('',#1983,#12341);
#12341 = DEFINITIONAL_REPRESENTATION('',(#12342),#12346);
#12342 = LINE('',#12343,#12344);
#12343 = CARTESIAN_POINT('',(0.,2.));
#12344 = VECTOR('',#12345,1.);
#12345 = DIRECTION('',(1.,0.));
#12346 = ( GEOMETRIC_REPRESENTATION_CONTEXT(2) 
PARAMETRIC_REPRESENTATION_CONTEXT() REPRESENTATION_CONTEXT('2D SPACE',''
  ) );
#12347 = ADVANCED_FACE('',(#12348),#12295,.T.);
#12348 = FACE_BOUND('',#12349,.T.);
#12349 = EDGE_LOOP('',(#12350,#12375,#12395,#12396));
#12350 = ORIENTED_EDGE('',*,*,#12351,.F.);
#12351 = EDGE_CURVE('',#12352,#12354,#12356,.T.);
#12352 = VERTEX_POINT('',#12353);
#12353 = CARTESIAN_POINT('',(17.,-21.85,0.));
#12354 = VERTEX_POINT('',#12355);
#12355 = CARTESIAN_POINT('',(17.,-20.7,0.));
#12356 = SURFACE_CURVE('',#12357,(#12361,#12368),.PCURVE_S1.);
#12357 = LINE('',#12358,#12359);
#12358 = CARTESIAN_POINT('',(17.,-21.85,0.));
#12359 = VECTOR('',#12360,1.);
#12360 = DIRECTION('',(0.,1.,0.));
#12361 = PCURVE('',#12295,#12362);
#12362 = DEFINITIONAL_REPRESENTATION('',(#12363),#12367);
#12363 = LINE('',#12364,#12365);
#12364 = CARTESIAN_POINT('',(0.,0.35));
#12365 = VECTOR('',#12366,1.);
#12366 = DIRECTION('',(0.,1.));
#12367 = ( GEOMETRIC_REPRESENTATION_CONTEXT(2) 
PARAMETRIC_REPRESENTATION_CONTEXT() REPRESENTATION_CONTEXT('2D SPACE',''
  ) );
#12368 = PCURVE('',#1955,#12369);
#12369 = DEFINITIONAL_REPRESENTATION('',(#12370),#12374);
#12370 = LINE('',#12371,#12372);
#12371 = CARTESIAN_POINT('',(4.,-0.35));
#12372 = VECTOR('',#12373,1.);
#12373 = DIRECTION('',(0.,-1.));
#12374 = ( GEOMETRIC_REPRESENTATION_CONTEXT(2) 
PARAMETRIC_REPRESENTATION_CONTEXT() REPRESENTATION_CONTEXT('2D SPACE',''
  ) );
#12375 = ORIENTED_EDGE('',*,*,#12376,.T.);
#12376 = EDGE_CURVE('',#12352,#12278,#12377,.T.);
#12377 = SURFACE_CURVE('',#12378,(#12382,#12389),.PCURVE_S1.);
#12378 = LINE('',#12379,#12380);
#12379 = CARTESIAN_POINT('',(8.2,-21.85,0.));
#12380 = VECTOR('',#12381,1.);
#12381 = DIRECTION('',(1.,0.,0.));
#12382 = PCURVE('',#12295,#12383);
#12383 = DEFINITIONAL_REPRESENTATION('',(#12384),#12388);
#12384 = LINE('',#12385,#12386);
#12385 = CARTESIAN_POINT('',(-8.8,0.35));
#12386 = VECTOR('',#12387,1.);
#12387 = DIRECTION('',(1.,0.));
#12388 = ( GEOMETRIC_REPRESENTATION_CONTEXT(2) 
PARAMETRIC_REPRESENTATION_CONTEXT() REPRESENTATION_CONTEXT('2D SPACE',''
  ) );
#12389 = PCURVE('',#1697,#12390);
#12390 = DEFINITIONAL_REPRESENTATION('',(#12391),#12394);
#12391 = B_SPLINE_CURVE_WITH_KNOTS('',1,(#12392,#12393),.UNSPECIFIED.,
  .F.,.F.,(2,2),(8.8,10.8),.PIECEWISE_BEZIER_KNOTS.);
#12392 = CARTESIAN_POINT('',(4.,17.6));
#12393 = CARTESIAN_POINT('',(4.,19.6));
#12394 = ( GEOMETRIC_REPRESENTATION_CONTEXT(2) 
PARAMETRIC_REPRESENTATION_CONTEXT() REPRESENTATION_CONTEXT('2D SPACE',''
  ) );
#12395 = ORIENTED_EDGE('',*,*,#12277,.T.);
#12396 = ORIENTED_EDGE('',*,*,#12397,.F.);
#12397 = EDGE_CURVE('',#12354,#12280,#12398,.T.);
#12398 = SURFACE_CURVE('',#12399,(#12403,#12410),.PCURVE_S1.);
#12399 = LINE('',#12400,#12401);
#12400 = CARTESIAN_POINT('',(17.,-20.7,0.));
#12401 = VECTOR('',#12402,1.);
#12402 = DIRECTION('',(1.,0.,0.));
#12403 = PCURVE('',#12295,#12404);
#12404 = DEFINITIONAL_REPRESENTATION('',(#12405),#12409);
#12405 = LINE('',#12406,#12407);
#12406 = CARTESIAN_POINT('',(0.,1.5));
#12407 = VECTOR('',#12408,1.);
#12408 = DIRECTION('',(1.,0.));
#12409 = ( GEOMETRIC_REPRESENTATION_CONTEXT(2) 
PARAMETRIC_REPRESENTATION_CONTEXT() REPRESENTATION_CONTEXT('2D SPACE',''
  ) );
#12410 = PCURVE('',#1983,#12411);
#12411 = DEFINITIONAL_REPRESENTATION('',(#12412),#12416);
#12412 = LINE('',#12413,#12414);
#12413 = CARTESIAN_POINT('',(4.,0.));
#12414 = VECTOR('',#12415,1.);
#12415 = DIRECTION('',(0.,1.));
#12416 = ( GEOMETRIC_REPRESENTATION_CONTEXT(2) 
PARAMETRIC_REPRESENTATION_CONTEXT() REPRESENTATION_CONTEXT('2D SPACE',''
  ) );
#12417 = ADVANCED_FACE('',(#12418),#2710,.T.);
#12418 = FACE_BOUND('',#12419,.T.);
#12419 = EDGE_LOOP('',(#12420,#12421,#12422,#12423,#12424,#12425));
#12420 = ORIENTED_EDGE('',*,*,#2694,.F.);
#12421 = ORIENTED_EDGE('',*,*,#12250,.T.);
#12422 = ORIENTED_EDGE('',*,*,#7518,.T.);
#12423 = ORIENTED_EDGE('',*,*,#7446,.T.);
#12424 = ORIENTED_EDGE('',*,*,#7273,.T.);
#12425 = ORIENTED_EDGE('',*,*,#12426,.F.);
#12426 = EDGE_CURVE('',#2695,#7253,#12427,.T.);
#12427 = SURFACE_CURVE('',#12428,(#12432,#12439),.PCURVE_S1.);
#12428 = LINE('',#12429,#12430);
#12429 = CARTESIAN_POINT('',(0.7,-3.,-4.));
#12430 = VECTOR('',#12431,1.);
#12431 = DIRECTION('',(0.,0.,1.));
#12432 = PCURVE('',#2710,#12433);
#12433 = DEFINITIONAL_REPRESENTATION('',(#12434),#12438);
#12434 = LINE('',#12435,#12436);
#12435 = CARTESIAN_POINT('',(0.,3.2));
#12436 = VECTOR('',#12437,1.);
#12437 = DIRECTION('',(1.,0.));
#12438 = ( GEOMETRIC_REPRESENTATION_CONTEXT(2) 
PARAMETRIC_REPRESENTATION_CONTEXT() REPRESENTATION_CONTEXT('2D SPACE',''
  ) );
#12439 = PCURVE('',#2738,#12440);
#12440 = DEFINITIONAL_REPRESENTATION('',(#12441),#12445);
#12441 = LINE('',#12442,#12443);
#12442 = CARTESIAN_POINT('',(0.,-15.3));
#12443 = VECTOR('',#12444,1.);
#12444 = DIRECTION('',(1.,0.));
#12445 = ( GEOMETRIC_REPRESENTATION_CONTEXT(2) 
PARAMETRIC_REPRESENTATION_CONTEXT() REPRESENTATION_CONTEXT('2D SPACE',''
  ) );
#12446 = ADVANCED_FACE('',(#12447),#1983,.T.);
#12447 = FACE_BOUND('',#12448,.T.);
#12448 = EDGE_LOOP('',(#12449,#12450,#12471,#12472));
#12449 = ORIENTED_EDGE('',*,*,#1967,.F.);
#12450 = ORIENTED_EDGE('',*,*,#12451,.T.);
#12451 = EDGE_CURVE('',#1940,#12354,#12452,.T.);
#12452 = SURFACE_CURVE('',#12453,(#12457,#12464),.PCURVE_S1.);
#12453 = LINE('',#12454,#12455);
#12454 = CARTESIAN_POINT('',(17.,-20.7,-4.));
#12455 = VECTOR('',#12456,1.);
#12456 = DIRECTION('',(0.,0.,1.));
#12457 = PCURVE('',#1983,#12458);
#12458 = DEFINITIONAL_REPRESENTATION('',(#12459),#12463);
#12459 = LINE('',#12460,#12461);
#12460 = CARTESIAN_POINT('',(0.,0.));
#12461 = VECTOR('',#12462,1.);
#12462 = DIRECTION('',(1.,0.));
#12463 = ( GEOMETRIC_REPRESENTATION_CONTEXT(2) 
PARAMETRIC_REPRESENTATION_CONTEXT() REPRESENTATION_CONTEXT('2D SPACE',''
  ) );
#12464 = PCURVE('',#1955,#12465);
#12465 = DEFINITIONAL_REPRESENTATION('',(#12466),#12470);
#12466 = LINE('',#12467,#12468);
#12467 = CARTESIAN_POINT('',(0.,-1.5));
#12468 = VECTOR('',#12469,1.);
#12469 = DIRECTION('',(1.,0.));
#12470 = ( GEOMETRIC_REPRESENTATION_CONTEXT(2) 
PARAMETRIC_REPRESENTATION_CONTEXT() REPRESENTATION_CONTEXT('2D SPACE',''
  ) );
#12471 = ORIENTED_EDGE('',*,*,#12397,.T.);
#12472 = ORIENTED_EDGE('',*,*,#12327,.F.);
#12473 = ADVANCED_FACE('',(#12474),#2738,.T.);
#12474 = FACE_BOUND('',#12475,.T.);
#12475 = EDGE_LOOP('',(#12476,#12497,#12498,#12499));
#12476 = ORIENTED_EDGE('',*,*,#12477,.F.);
#12477 = EDGE_CURVE('',#2723,#7232,#12478,.T.);
#12478 = SURFACE_CURVE('',#12479,(#12483,#12490),.PCURVE_S1.);
#12479 = LINE('',#12480,#12481);
#12480 = CARTESIAN_POINT('',(0.7,-18.3,-4.));
#12481 = VECTOR('',#12482,1.);
#12482 = DIRECTION('',(0.,0.,1.));
#12483 = PCURVE('',#2738,#12484);
#12484 = DEFINITIONAL_REPRESENTATION('',(#12485),#12489);
#12485 = LINE('',#12486,#12487);
#12486 = CARTESIAN_POINT('',(0.,0.));
#12487 = VECTOR('',#12488,1.);
#12488 = DIRECTION('',(1.,0.));
#12489 = ( GEOMETRIC_REPRESENTATION_CONTEXT(2) 
PARAMETRIC_REPRESENTATION_CONTEXT() REPRESENTATION_CONTEXT('2D SPACE',''
  ) );
#12490 = PCURVE('',#2764,#12491);
#12491 = DEFINITIONAL_REPRESENTATION('',(#12492),#12496);
#12492 = LINE('',#12493,#12494);
#12493 = CARTESIAN_POINT('',(0.,3.2));
#12494 = VECTOR('',#12495,1.);
#12495 = DIRECTION('',(1.,0.));
#12496 = ( GEOMETRIC_REPRESENTATION_CONTEXT(2) 
PARAMETRIC_REPRESENTATION_CONTEXT() REPRESENTATION_CONTEXT('2D SPACE',''
  ) );
#12497 = ORIENTED_EDGE('',*,*,#2722,.T.);
#12498 = ORIENTED_EDGE('',*,*,#12426,.T.);
#12499 = ORIENTED_EDGE('',*,*,#7252,.T.);
#12500 = ADVANCED_FACE('',(#12501),#1955,.F.);
#12501 = FACE_BOUND('',#12502,.F.);
#12502 = EDGE_LOOP('',(#12503,#12504,#12523,#12524));
#12503 = ORIENTED_EDGE('',*,*,#12351,.F.);
#12504 = ORIENTED_EDGE('',*,*,#12505,.T.);
#12505 = EDGE_CURVE('',#12352,#1917,#12506,.T.);
#12506 = SURFACE_CURVE('',#12507,(#12511,#12517),.PCURVE_S1.);
#12507 = LINE('',#12508,#12509);
#12508 = CARTESIAN_POINT('',(17.,-21.85,-4.));
#12509 = VECTOR('',#12510,1.);
#12510 = DIRECTION('',(0.,0.,-1.));
#12511 = PCURVE('',#1955,#12512);
#12512 = DEFINITIONAL_REPRESENTATION('',(#12513),#12516);
#12513 = B_SPLINE_CURVE_WITH_KNOTS('',1,(#12514,#12515),.UNSPECIFIED.,
  .F.,.F.,(2,2),(-4.,0.),.PIECEWISE_BEZIER_KNOTS.);
#12514 = CARTESIAN_POINT('',(4.,-0.35));
#12515 = CARTESIAN_POINT('',(0.,-0.35));
#12516 = ( GEOMETRIC_REPRESENTATION_CONTEXT(2) 
PARAMETRIC_REPRESENTATION_CONTEXT() REPRESENTATION_CONTEXT('2D SPACE',''
  ) );
#12517 = PCURVE('',#1697,#12518);
#12518 = DEFINITIONAL_REPRESENTATION('',(#12519),#12522);
#12519 = B_SPLINE_CURVE_WITH_KNOTS('',1,(#12520,#12521),.UNSPECIFIED.,
  .F.,.F.,(2,2),(-4.,0.),.PIECEWISE_BEZIER_KNOTS.);
#12520 = CARTESIAN_POINT('',(4.,17.6));
#12521 = CARTESIAN_POINT('',(0.,17.6));
#12522 = ( GEOMETRIC_REPRESENTATION_CONTEXT(2) 
PARAMETRIC_REPRESENTATION_CONTEXT() REPRESENTATION_CONTEXT('2D SPACE',''
  ) );
#12523 = ORIENTED_EDGE('',*,*,#1939,.T.);
#12524 = ORIENTED_EDGE('',*,*,#12451,.T.);
#12525 = ADVANCED_FACE('',(#12526),#2764,.F.);
#12526 = FACE_BOUND('',#12527,.F.);
#12527 = EDGE_LOOP('',(#12528,#12529,#12548,#12549,#12550,#12551));
#12528 = ORIENTED_EDGE('',*,*,#2750,.F.);
#12529 = ORIENTED_EDGE('',*,*,#12530,.T.);
#12530 = EDGE_CURVE('',#1889,#7062,#12531,.T.);
#12531 = SURFACE_CURVE('',#12532,(#12536,#12542),.PCURVE_S1.);
#12532 = LINE('',#12533,#12534);
#12533 = CARTESIAN_POINT('',(-0.6,-18.3,-4.));
#12534 = VECTOR('',#12535,1.);
#12535 = DIRECTION('',(0.,0.,1.));
#12536 = PCURVE('',#2764,#12537);
#12537 = DEFINITIONAL_REPRESENTATION('',(#12538),#12541);
#12538 = B_SPLINE_CURVE_WITH_KNOTS('',1,(#12539,#12540),.UNSPECIFIED.,
  .F.,.F.,(2,2),(0.,8.4),.PIECEWISE_BEZIER_KNOTS.);
#12539 = CARTESIAN_POINT('',(0.,1.9));
#12540 = CARTESIAN_POINT('',(8.4,1.9));
#12541 = ( GEOMETRIC_REPRESENTATION_CONTEXT(2) 
PARAMETRIC_REPRESENTATION_CONTEXT() REPRESENTATION_CONTEXT('2D SPACE',''
  ) );
#12542 = PCURVE('',#1904,#12543);
#12543 = DEFINITIONAL_REPRESENTATION('',(#12544),#12547);
#12544 = B_SPLINE_CURVE_WITH_KNOTS('',1,(#12545,#12546),.UNSPECIFIED.,
  .F.,.F.,(2,2),(0.,8.4),.PIECEWISE_BEZIER_KNOTS.);
#12545 = CARTESIAN_POINT('',(0.,-3.55));
#12546 = CARTESIAN_POINT('',(8.4,-3.55));
#12547 = ( GEOMETRIC_REPRESENTATION_CONTEXT(2) 
PARAMETRIC_REPRESENTATION_CONTEXT() REPRESENTATION_CONTEXT('2D SPACE',''
  ) );
#12548 = ORIENTED_EDGE('',*,*,#7082,.T.);
#12549 = ORIENTED_EDGE('',*,*,#7152,.T.);
#12550 = ORIENTED_EDGE('',*,*,#7231,.T.);
#12551 = ORIENTED_EDGE('',*,*,#12477,.F.);
#12552 = ADVANCED_FACE('',(#12553),#1904,.T.);
#12553 = FACE_BOUND('',#12554,.T.);
#12554 = EDGE_LOOP('',(#12555,#12576,#12577,#12578,#12579,#12580));
#12555 = ORIENTED_EDGE('',*,*,#12556,.F.);
#12556 = EDGE_CURVE('',#1887,#6874,#12557,.T.);
#12557 = SURFACE_CURVE('',#12558,(#12562,#12569),.PCURVE_S1.);
#12558 = LINE('',#12559,#12560);
#12559 = CARTESIAN_POINT('',(-0.6,-21.85,-4.));
#12560 = VECTOR('',#12561,1.);
#12561 = DIRECTION('',(0.,0.,1.));
#12562 = PCURVE('',#1904,#12563);
#12563 = DEFINITIONAL_REPRESENTATION('',(#12564),#12568);
#12564 = LINE('',#12565,#12566);
#12565 = CARTESIAN_POINT('',(0.,0.));
#12566 = VECTOR('',#12567,1.);
#12567 = DIRECTION('',(1.,0.));
#12568 = ( GEOMETRIC_REPRESENTATION_CONTEXT(2) 
PARAMETRIC_REPRESENTATION_CONTEXT() REPRESENTATION_CONTEXT('2D SPACE',''
  ) );
#12569 = PCURVE('',#1697,#12570);
#12570 = DEFINITIONAL_REPRESENTATION('',(#12571),#12575);
#12571 = LINE('',#12572,#12573);
#12572 = CARTESIAN_POINT('',(0.,0.));
#12573 = VECTOR('',#12574,1.);
#12574 = DIRECTION('',(1.,0.));
#12575 = ( GEOMETRIC_REPRESENTATION_CONTEXT(2) 
PARAMETRIC_REPRESENTATION_CONTEXT() REPRESENTATION_CONTEXT('2D SPACE',''
  ) );
#12576 = ORIENTED_EDGE('',*,*,#1886,.T.);
#12577 = ORIENTED_EDGE('',*,*,#12530,.T.);
#12578 = ORIENTED_EDGE('',*,*,#7061,.T.);
#12579 = ORIENTED_EDGE('',*,*,#6963,.T.);
#12580 = ORIENTED_EDGE('',*,*,#6894,.T.);
#12581 = ADVANCED_FACE('',(#12582),#1753,.F.);
#12582 = FACE_BOUND('',#12583,.F.);
#12583 = EDGE_LOOP('',(#12584,#12585,#12586,#12587));
#12584 = ORIENTED_EDGE('',*,*,#1737,.F.);
#12585 = ORIENTED_EDGE('',*,*,#2259,.F.);
#12586 = ORIENTED_EDGE('',*,*,#11344,.F.);
#12587 = ORIENTED_EDGE('',*,*,#12588,.T.);
#12588 = EDGE_CURVE('',#11307,#1738,#12589,.T.);
#12589 = SURFACE_CURVE('',#12590,(#12593,#12599),.PCURVE_S1.);
#12590 = B_SPLINE_CURVE_WITH_KNOTS('',1,(#12591,#12592),.UNSPECIFIED.,
  .F.,.F.,(2,2),(0.,1.),.PIECEWISE_BEZIER_KNOTS.);
#12591 = CARTESIAN_POINT('',(69.717556403732,0.7,3.8));
#12592 = CARTESIAN_POINT('',(71.7,0.7,3.8));
#12593 = PCURVE('',#1753,#12594);
#12594 = DEFINITIONAL_REPRESENTATION('',(#12595),#12598);
#12595 = B_SPLINE_CURVE_WITH_KNOTS('',1,(#12596,#12597),.UNSPECIFIED.,
  .F.,.F.,(2,2),(0.,1.),.PIECEWISE_BEZIER_KNOTS.);
#12596 = CARTESIAN_POINT('',(7.8,70.317556403732));
#12597 = CARTESIAN_POINT('',(7.8,72.3));
#12598 = ( GEOMETRIC_REPRESENTATION_CONTEXT(2) 
PARAMETRIC_REPRESENTATION_CONTEXT() REPRESENTATION_CONTEXT('2D SPACE',''
  ) );
#12599 = PCURVE('',#1785,#12600);
#12600 = DEFINITIONAL_REPRESENTATION('',(#12601),#12604);
#12601 = B_SPLINE_CURVE_WITH_KNOTS('',1,(#12602,#12603),.UNSPECIFIED.,
  .F.,.F.,(2,2),(0.,1.),.PIECEWISE_BEZIER_KNOTS.);
#12602 = CARTESIAN_POINT('',(4.212871875368,0.333333333333));
#12603 = CARTESIAN_POINT('',(2.219817756071,0.333333333333));
#12604 = ( GEOMETRIC_REPRESENTATION_CONTEXT(2) 
PARAMETRIC_REPRESENTATION_CONTEXT() REPRESENTATION_CONTEXT('2D SPACE',''
  ) );
#12605 = ADVANCED_FACE('',(#12606),#1785,.F.);
#12606 = FACE_BOUND('',#12607,.F.);
#12607 = EDGE_LOOP('',(#12608,#12630,#12650,#12651,#12652,#12653,#12654,
    #12655));
#12608 = ORIENTED_EDGE('',*,*,#12609,.F.);
#12609 = EDGE_CURVE('',#577,#12610,#12612,.T.);
#12610 = VERTEX_POINT('',#12611);
#12611 = CARTESIAN_POINT('',(74.108,0.9,4.4));
#12612 = SURFACE_CURVE('',#12613,(#12616,#12623),.PCURVE_S1.);
#12613 = B_SPLINE_CURVE_WITH_KNOTS('',1,(#12614,#12615),.UNSPECIFIED.,
  .F.,.F.,(2,2),(0.,1.),.PIECEWISE_BEZIER_KNOTS.);
#12614 = CARTESIAN_POINT('',(73.808,0.6,3.5));
#12615 = CARTESIAN_POINT('',(74.108,0.9,4.4));
#12616 = PCURVE('',#1785,#12617);
#12617 = DEFINITIONAL_REPRESENTATION('',(#12618),#12622);
#12618 = LINE('',#12619,#12620);
#12619 = CARTESIAN_POINT('',(0.,0.));
#12620 = VECTOR('',#12621,1.);
#12621 = DIRECTION('',(0.,1.));
#12622 = ( GEOMETRIC_REPRESENTATION_CONTEXT(2) 
PARAMETRIC_REPRESENTATION_CONTEXT() REPRESENTATION_CONTEXT('2D SPACE',''
  ) );
#12623 = PCURVE('',#620,#12624);
#12624 = DEFINITIONAL_REPRESENTATION('',(#12625),#12629);
#12625 = LINE('',#12626,#12627);
#12626 = CARTESIAN_POINT('',(23.037,0.));
#12627 = VECTOR('',#12628,1.);
#12628 = DIRECTION('',(0.,1.));
#12629 = ( GEOMETRIC_REPRESENTATION_CONTEXT(2) 
PARAMETRIC_REPRESENTATION_CONTEXT() REPRESENTATION_CONTEXT('2D SPACE',''
  ) );
#12630 = ORIENTED_EDGE('',*,*,#12631,.T.);
#12631 = EDGE_CURVE('',#577,#1766,#12632,.T.);
#12632 = SURFACE_CURVE('',#12633,(#12637,#12643),.PCURVE_S1.);
#12633 = LINE('',#12634,#12635);
#12634 = CARTESIAN_POINT('',(73.808,0.6,3.5));
#12635 = VECTOR('',#12636,1.);
#12636 = DIRECTION('',(-1.,0.,0.));
#12637 = PCURVE('',#1785,#12638);
#12638 = DEFINITIONAL_REPRESENTATION('',(#12639),#12642);
#12639 = B_SPLINE_CURVE_WITH_KNOTS('',1,(#12640,#12641),.UNSPECIFIED.,
  .F.,.F.,(2,2),(0.,74.535),.PIECEWISE_BEZIER_KNOTS.);
#12640 = CARTESIAN_POINT('',(0.,0.));
#12641 = CARTESIAN_POINT('',(75.135,0.));
#12642 = ( GEOMETRIC_REPRESENTATION_CONTEXT(2) 
PARAMETRIC_REPRESENTATION_CONTEXT() REPRESENTATION_CONTEXT('2D SPACE',''
  ) );
#12643 = PCURVE('',#592,#12644);
#12644 = DEFINITIONAL_REPRESENTATION('',(#12645),#12649);
#12645 = LINE('',#12646,#12647);
#12646 = CARTESIAN_POINT('',(3.5,74.535));
#12647 = VECTOR('',#12648,1.);
#12648 = DIRECTION('',(0.,-1.));
#12649 = ( GEOMETRIC_REPRESENTATION_CONTEXT(2) 
PARAMETRIC_REPRESENTATION_CONTEXT() REPRESENTATION_CONTEXT('2D SPACE',''
  ) );
#12650 = ORIENTED_EDGE('',*,*,#1765,.T.);
#12651 = ORIENTED_EDGE('',*,*,#12588,.F.);
#12652 = ORIENTED_EDGE('',*,*,#11306,.F.);
#12653 = ORIENTED_EDGE('',*,*,#9447,.T.);
#12654 = ORIENTED_EDGE('',*,*,#9316,.T.);
#12655 = ORIENTED_EDGE('',*,*,#12656,.F.);
#12656 = EDGE_CURVE('',#12610,#9294,#12657,.T.);
#12657 = SURFACE_CURVE('',#12658,(#12662,#12669),.PCURVE_S1.);
#12658 = LINE('',#12659,#12660);
#12659 = CARTESIAN_POINT('',(74.108,0.9,4.4));
#12660 = VECTOR('',#12661,1.);
#12661 = DIRECTION('',(-1.,0.,0.));
#12662 = PCURVE('',#1785,#12663);
#12663 = DEFINITIONAL_REPRESENTATION('',(#12664),#12668);
#12664 = LINE('',#12665,#12666);
#12665 = CARTESIAN_POINT('',(0.,1.));
#12666 = VECTOR('',#12667,1.);
#12667 = DIRECTION('',(1.,0.));
#12668 = ( GEOMETRIC_REPRESENTATION_CONTEXT(2) 
PARAMETRIC_REPRESENTATION_CONTEXT() REPRESENTATION_CONTEXT('2D SPACE',''
  ) );
#12669 = PCURVE('',#370,#12670);
#12670 = DEFINITIONAL_REPRESENTATION('',(#12671),#12675);
#12671 = LINE('',#12672,#12673);
#12672 = CARTESIAN_POINT('',(37.117333194243,10.695020362289));
#12673 = VECTOR('',#12674,1.);
#12674 = DIRECTION('',(-1.,0.));
#12675 = ( GEOMETRIC_REPRESENTATION_CONTEXT(2) 
PARAMETRIC_REPRESENTATION_CONTEXT() REPRESENTATION_CONTEXT('2D SPACE',''
  ) );
#12676 = ADVANCED_FACE('',(#12677),#1872,.F.);
#12677 = FACE_BOUND('',#12678,.F.);
#12678 = EDGE_LOOP('',(#12679,#12680,#12700,#12722,#12743,#12744));
#12679 = ORIENTED_EDGE('',*,*,#1860,.F.);
#12680 = ORIENTED_EDGE('',*,*,#12681,.T.);
#12681 = EDGE_CURVE('',#1840,#521,#12682,.T.);
#12682 = SURFACE_CURVE('',#12683,(#12687,#12693),.PCURVE_S1.);
#12683 = LINE('',#12684,#12685);
#12684 = CARTESIAN_POINT('',(-0.727,-21.837,3.5));
#12685 = VECTOR('',#12686,1.);
#12686 = DIRECTION('',(1.,0.,0.));
#12687 = PCURVE('',#1872,#12688);
#12688 = DEFINITIONAL_REPRESENTATION('',(#12689),#12692);
#12689 = B_SPLINE_CURVE_WITH_KNOTS('',1,(#12690,#12691),.UNSPECIFIED.,
  .F.,.F.,(2,2),(0.,74.535),.PIECEWISE_BEZIER_KNOTS.);
#12690 = CARTESIAN_POINT('',(0.,0.));
#12691 = CARTESIAN_POINT('',(75.135,0.));
#12692 = ( GEOMETRIC_REPRESENTATION_CONTEXT(2) 
PARAMETRIC_REPRESENTATION_CONTEXT() REPRESENTATION_CONTEXT('2D SPACE',''
  ) );
#12693 = PCURVE('',#536,#12694);
#12694 = DEFINITIONAL_REPRESENTATION('',(#12695),#12699);
#12695 = LINE('',#12696,#12697);
#12696 = CARTESIAN_POINT('',(3.5,-3.885780586188E-15));
#12697 = VECTOR('',#12698,1.);
#12698 = DIRECTION('',(0.,1.));
#12699 = ( GEOMETRIC_REPRESENTATION_CONTEXT(2) 
PARAMETRIC_REPRESENTATION_CONTEXT() REPRESENTATION_CONTEXT('2D SPACE',''
  ) );
#12700 = ORIENTED_EDGE('',*,*,#12701,.T.);
#12701 = EDGE_CURVE('',#521,#12702,#12704,.T.);
#12702 = VERTEX_POINT('',#12703);
#12703 = CARTESIAN_POINT('',(74.108,-22.137,4.4));
#12704 = SURFACE_CURVE('',#12705,(#12708,#12715),.PCURVE_S1.);
#12705 = B_SPLINE_CURVE_WITH_KNOTS('',1,(#12706,#12707),.UNSPECIFIED.,
  .F.,.F.,(2,2),(0.,1.),.PIECEWISE_BEZIER_KNOTS.);
#12706 = CARTESIAN_POINT('',(73.808,-21.837,3.5));
#12707 = CARTESIAN_POINT('',(74.108,-22.137,4.4));
#12708 = PCURVE('',#1872,#12709);
#12709 = DEFINITIONAL_REPRESENTATION('',(#12710),#12714);
#12710 = LINE('',#12711,#12712);
#12711 = CARTESIAN_POINT('',(75.135,0.));
#12712 = VECTOR('',#12713,1.);
#12713 = DIRECTION('',(0.,1.));
#12714 = ( GEOMETRIC_REPRESENTATION_CONTEXT(2) 
PARAMETRIC_REPRESENTATION_CONTEXT() REPRESENTATION_CONTEXT('2D SPACE',''
  ) );
#12715 = PCURVE('',#480,#12716);
#12716 = DEFINITIONAL_REPRESENTATION('',(#12717),#12721);
#12717 = LINE('',#12718,#12719);
#12718 = CARTESIAN_POINT('',(0.,0.));
#12719 = VECTOR('',#12720,1.);
#12720 = DIRECTION('',(0.,1.));
#12721 = ( GEOMETRIC_REPRESENTATION_CONTEXT(2) 
PARAMETRIC_REPRESENTATION_CONTEXT() REPRESENTATION_CONTEXT('2D SPACE',''
  ) );
#12722 = ORIENTED_EDGE('',*,*,#12723,.F.);
#12723 = EDGE_CURVE('',#6381,#12702,#12724,.T.);
#12724 = SURFACE_CURVE('',#12725,(#12729,#12736),.PCURVE_S1.);
#12725 = LINE('',#12726,#12727);
#12726 = CARTESIAN_POINT('',(-1.027,-22.137,4.4));
#12727 = VECTOR('',#12728,1.);
#12728 = DIRECTION('',(1.,0.,0.));
#12729 = PCURVE('',#1872,#12730);
#12730 = DEFINITIONAL_REPRESENTATION('',(#12731),#12735);
#12731 = LINE('',#12732,#12733);
#12732 = CARTESIAN_POINT('',(0.,1.));
#12733 = VECTOR('',#12734,1.);
#12734 = DIRECTION('',(1.,0.));
#12735 = ( GEOMETRIC_REPRESENTATION_CONTEXT(2) 
PARAMETRIC_REPRESENTATION_CONTEXT() REPRESENTATION_CONTEXT('2D SPACE',''
  ) );
#12736 = PCURVE('',#72,#12737);
#12737 = DEFINITIONAL_REPRESENTATION('',(#12738),#12742);
#12738 = LINE('',#12739,#12740);
#12739 = CARTESIAN_POINT('',(-38.01766680575,-12.34197963771));
#12740 = VECTOR('',#12741,1.);
#12741 = DIRECTION('',(1.,0.));
#12742 = ( GEOMETRIC_REPRESENTATION_CONTEXT(2) 
PARAMETRIC_REPRESENTATION_CONTEXT() REPRESENTATION_CONTEXT('2D SPACE',''
  ) );
#12743 = ORIENTED_EDGE('',*,*,#6380,.F.);
#12744 = ORIENTED_EDGE('',*,*,#12745,.F.);
#12745 = EDGE_CURVE('',#1682,#6360,#12746,.T.);
#12746 = SURFACE_CURVE('',#12747,(#12750,#12756),.PCURVE_S1.);
#12747 = B_SPLINE_CURVE_WITH_KNOTS('',1,(#12748,#12749),.UNSPECIFIED.,
  .F.,.F.,(2,2),(0.,1.),.PIECEWISE_BEZIER_KNOTS.);
#12748 = CARTESIAN_POINT('',(71.7,-21.85,3.539));
#12749 = CARTESIAN_POINT('',(-0.6,-21.85,3.539));
#12750 = PCURVE('',#1872,#12751);
#12751 = DEFINITIONAL_REPRESENTATION('',(#12752),#12755);
#12752 = B_SPLINE_CURVE_WITH_KNOTS('',1,(#12753,#12754),.UNSPECIFIED.,
  .F.,.F.,(2,2),(0.,1.),.PIECEWISE_BEZIER_KNOTS.);
#12753 = CARTESIAN_POINT('',(72.997671705047,4.333333333334E-02));
#12754 = CARTESIAN_POINT('',(0.141077775244,4.333333333334E-02));
#12755 = ( GEOMETRIC_REPRESENTATION_CONTEXT(2) 
PARAMETRIC_REPRESENTATION_CONTEXT() REPRESENTATION_CONTEXT('2D SPACE',''
  ) );
#12756 = PCURVE('',#1697,#12757);
#12757 = DEFINITIONAL_REPRESENTATION('',(#12758),#12761);
#12758 = B_SPLINE_CURVE_WITH_KNOTS('',1,(#12759,#12760),.UNSPECIFIED.,
  .F.,.F.,(2,2),(0.,1.),.PIECEWISE_BEZIER_KNOTS.);
#12759 = CARTESIAN_POINT('',(7.539,72.3));
#12760 = CARTESIAN_POINT('',(7.539,0.));
#12761 = ( GEOMETRIC_REPRESENTATION_CONTEXT(2) 
PARAMETRIC_REPRESENTATION_CONTEXT() REPRESENTATION_CONTEXT('2D SPACE',''
  ) );
#12762 = ADVANCED_FACE('',(#12763),#1697,.T.);
#12763 = FACE_BOUND('',#12764,.T.);
#12764 = EDGE_LOOP('',(#12765,#12766,#12767,#12768,#12769,#12770,#12771,
    #12772,#12773,#12774,#12775,#12776,#12777,#12778,#12779,#12780,
    #12781,#12782,#12783,#12784,#12785,#12786,#12787,#12788,#12789,
    #12790,#12791,#12792,#12793,#12794));
#12765 = ORIENTED_EDGE('',*,*,#1679,.F.);
#12766 = ORIENTED_EDGE('',*,*,#2237,.F.);
#12767 = ORIENTED_EDGE('',*,*,#11593,.F.);
#12768 = ORIENTED_EDGE('',*,*,#11662,.F.);
#12769 = ORIENTED_EDGE('',*,*,#11787,.T.);
#12770 = ORIENTED_EDGE('',*,*,#2130,.F.);
#12771 = ORIENTED_EDGE('',*,*,#11985,.F.);
#12772 = ORIENTED_EDGE('',*,*,#12054,.F.);
#12773 = ORIENTED_EDGE('',*,*,#12179,.T.);
#12774 = ORIENTED_EDGE('',*,*,#2023,.F.);
#12775 = ORIENTED_EDGE('',*,*,#12307,.F.);
#12776 = ORIENTED_EDGE('',*,*,#12376,.F.);
#12777 = ORIENTED_EDGE('',*,*,#12505,.T.);
#12778 = ORIENTED_EDGE('',*,*,#1916,.F.);
#12779 = ORIENTED_EDGE('',*,*,#12556,.T.);
#12780 = ORIENTED_EDGE('',*,*,#6873,.T.);
#12781 = ORIENTED_EDGE('',*,*,#4988,.F.);
#12782 = ORIENTED_EDGE('',*,*,#5122,.F.);
#12783 = ORIENTED_EDGE('',*,*,#5455,.T.);
#12784 = ORIENTED_EDGE('',*,*,#5550,.T.);
#12785 = ORIENTED_EDGE('',*,*,#5596,.F.);
#12786 = ORIENTED_EDGE('',*,*,#5698,.F.);
#12787 = ORIENTED_EDGE('',*,*,#5862,.T.);
#12788 = ORIENTED_EDGE('',*,*,#5957,.T.);
#12789 = ORIENTED_EDGE('',*,*,#6003,.F.);
#12790 = ORIENTED_EDGE('',*,*,#6139,.F.);
#12791 = ORIENTED_EDGE('',*,*,#6218,.T.);
#12792 = ORIENTED_EDGE('',*,*,#6313,.T.);
#12793 = ORIENTED_EDGE('',*,*,#6359,.F.);
#12794 = ORIENTED_EDGE('',*,*,#12745,.F.);
#12795 = ADVANCED_FACE('',(#12796),#592,.F.);
#12796 = FACE_BOUND('',#12797,.F.);
#12797 = EDGE_LOOP('',(#12798,#12799,#12800,#12801));
#12798 = ORIENTED_EDGE('',*,*,#745,.F.);
#12799 = ORIENTED_EDGE('',*,*,#1799,.T.);
#12800 = ORIENTED_EDGE('',*,*,#12631,.F.);
#12801 = ORIENTED_EDGE('',*,*,#576,.F.);
#12802 = ADVANCED_FACE('',(#12803),#620,.F.);
#12803 = FACE_BOUND('',#12804,.F.);
#12804 = EDGE_LOOP('',(#12805,#12834,#12835,#12836));
#12805 = ORIENTED_EDGE('',*,*,#12806,.F.);
#12806 = EDGE_CURVE('',#605,#12807,#12809,.T.);
#12807 = VERTEX_POINT('',#12808);
#12808 = CARTESIAN_POINT('',(74.108,-4.3,4.4));
#12809 = SURFACE_CURVE('',#12810,(#12816,#12825),.PCURVE_S1.);
#12810 = B_SPLINE_CURVE_WITH_KNOTS('',4,(#12811,#12812,#12813,#12814,
    #12815),.UNSPECIFIED.,.F.,.F.,(5,5),(0.,1.),
  .PIECEWISE_BEZIER_KNOTS.);
#12811 = CARTESIAN_POINT('',(73.808,-4.3,3.5));
#12812 = CARTESIAN_POINT('',(73.882970057606,-4.3,3.724910172817));
#12813 = CARTESIAN_POINT('',(73.957960947563,-4.3,3.949882842689));
#12814 = CARTESIAN_POINT('',(74.032971315912,-4.3,4.174913947737));
#12815 = CARTESIAN_POINT('',(74.108,-4.3,4.4));
#12816 = PCURVE('',#620,#12817);
#12817 = DEFINITIONAL_REPRESENTATION('',(#12818),#12824);
#12818 = B_SPLINE_CURVE_WITH_KNOTS('',4,(#12819,#12820,#12821,#12822,
    #12823),.UNSPECIFIED.,.F.,.F.,(5,5),(0.,1.),
  .PIECEWISE_BEZIER_KNOTS.);
#12819 = CARTESIAN_POINT('',(18.005966439364,0.));
#12820 = CARTESIAN_POINT('',(17.962612538871,0.249900192019));
#12821 = CARTESIAN_POINT('',(17.920019177425,0.49986982521));
#12822 = CARTESIAN_POINT('',(17.878157159388,0.749904386375));
#12823 = CARTESIAN_POINT('',(17.837,1.));
#12824 = ( GEOMETRIC_REPRESENTATION_CONTEXT(2) 
PARAMETRIC_REPRESENTATION_CONTEXT() REPRESENTATION_CONTEXT('2D SPACE',''
  ) );
#12825 = PCURVE('',#343,#12826);
#12826 = DEFINITIONAL_REPRESENTATION('',(#12827),#12833);
#12827 = B_SPLINE_CURVE_WITH_KNOTS('',4,(#12828,#12829,#12830,#12831,
    #12832),.UNSPECIFIED.,.F.,.F.,(5,5),(0.,1.),
  .PIECEWISE_BEZIER_KNOTS.);
#12828 = CARTESIAN_POINT('',(2.45,4.408));
#12829 = CARTESIAN_POINT('',(2.674910172817,4.482970057606));
#12830 = CARTESIAN_POINT('',(2.899882842689,4.557960947563));
#12831 = CARTESIAN_POINT('',(3.124913947737,4.632971315912));
#12832 = CARTESIAN_POINT('',(3.35,4.708));
#12833 = ( GEOMETRIC_REPRESENTATION_CONTEXT(2) 
PARAMETRIC_REPRESENTATION_CONTEXT() REPRESENTATION_CONTEXT('2D SPACE',''
  ) );
#12834 = ORIENTED_EDGE('',*,*,#604,.T.);
#12835 = ORIENTED_EDGE('',*,*,#12609,.T.);
#12836 = ORIENTED_EDGE('',*,*,#12837,.F.);
#12837 = EDGE_CURVE('',#12807,#12610,#12838,.T.);
#12838 = SURFACE_CURVE('',#12839,(#12843,#12850),.PCURVE_S1.);
#12839 = LINE('',#12840,#12841);
#12840 = CARTESIAN_POINT('',(74.108,-22.137,4.4));
#12841 = VECTOR('',#12842,1.);
#12842 = DIRECTION('',(0.,1.,0.));
#12843 = PCURVE('',#620,#12844);
#12844 = DEFINITIONAL_REPRESENTATION('',(#12845),#12849);
#12845 = LINE('',#12846,#12847);
#12846 = CARTESIAN_POINT('',(0.,1.));
#12847 = VECTOR('',#12848,1.);
#12848 = DIRECTION('',(1.,0.));
#12849 = ( GEOMETRIC_REPRESENTATION_CONTEXT(2) 
PARAMETRIC_REPRESENTATION_CONTEXT() REPRESENTATION_CONTEXT('2D SPACE',''
  ) );
#12850 = PCURVE('',#370,#12851);
#12851 = DEFINITIONAL_REPRESENTATION('',(#12852),#12856);
#12852 = LINE('',#12853,#12854);
#12853 = CARTESIAN_POINT('',(37.117333194243,-12.34197963771));
#12854 = VECTOR('',#12855,1.);
#12855 = DIRECTION('',(0.,1.));
#12856 = ( GEOMETRIC_REPRESENTATION_CONTEXT(2) 
PARAMETRIC_REPRESENTATION_CONTEXT() REPRESENTATION_CONTEXT('2D SPACE',''
  ) );
#12857 = ADVANCED_FACE('',(#12858),#536,.T.);
#12858 = FACE_BOUND('',#12859,.T.);
#12859 = EDGE_LOOP('',(#12860,#12861,#12862,#12863));
#12860 = ORIENTED_EDGE('',*,*,#723,.F.);
#12861 = ORIENTED_EDGE('',*,*,#1839,.T.);
#12862 = ORIENTED_EDGE('',*,*,#12681,.T.);
#12863 = ORIENTED_EDGE('',*,*,#518,.F.);
#12864 = ADVANCED_FACE('',(#12865),#480,.F.);
#12865 = FACE_BOUND('',#12866,.F.);
#12866 = EDGE_LOOP('',(#12867,#12868,#12869,#12870));
#12867 = ORIENTED_EDGE('',*,*,#12701,.F.);
#12868 = ORIENTED_EDGE('',*,*,#672,.T.);
#12869 = ORIENTED_EDGE('',*,*,#460,.T.);
#12870 = ORIENTED_EDGE('',*,*,#12871,.F.);
#12871 = EDGE_CURVE('',#12702,#461,#12872,.T.);
#12872 = SURFACE_CURVE('',#12873,(#12877,#12884),.PCURVE_S1.);
#12873 = LINE('',#12874,#12875);
#12874 = CARTESIAN_POINT('',(74.108,-22.137,4.4));
#12875 = VECTOR('',#12876,1.);
#12876 = DIRECTION('',(0.,1.,0.));
#12877 = PCURVE('',#480,#12878);
#12878 = DEFINITIONAL_REPRESENTATION('',(#12879),#12883);
#12879 = LINE('',#12880,#12881);
#12880 = CARTESIAN_POINT('',(0.,1.));
#12881 = VECTOR('',#12882,1.);
#12882 = DIRECTION('',(1.,0.));
#12883 = ( GEOMETRIC_REPRESENTATION_CONTEXT(2) 
PARAMETRIC_REPRESENTATION_CONTEXT() REPRESENTATION_CONTEXT('2D SPACE',''
  ) );
#12884 = PCURVE('',#72,#12885);
#12885 = DEFINITIONAL_REPRESENTATION('',(#12886),#12890);
#12886 = LINE('',#12887,#12888);
#12887 = CARTESIAN_POINT('',(37.117333194243,-12.34197963771));
#12888 = VECTOR('',#12889,1.);
#12889 = DIRECTION('',(0.,1.));
#12890 = ( GEOMETRIC_REPRESENTATION_CONTEXT(2) 
PARAMETRIC_REPRESENTATION_CONTEXT() REPRESENTATION_CONTEXT('2D SPACE',''
  ) );
#12891 = ADVANCED_FACE('',(#12892),#317,.T.);
#12892 = FACE_BOUND('',#12893,.T.);
#12893 = EDGE_LOOP('',(#12894,#12915,#12916,#12917));
#12894 = ORIENTED_EDGE('',*,*,#12895,.F.);
#12895 = EDGE_CURVE('',#632,#303,#12896,.T.);
#12896 = SURFACE_CURVE('',#12897,(#12901,#12908),.PCURVE_S1.);
#12897 = LINE('',#12898,#12899);
#12898 = CARTESIAN_POINT('',(69.4,-4.3,1.05));
#12899 = VECTOR('',#12900,1.);
#12900 = DIRECTION('',(1.,0.,0.));
#12901 = PCURVE('',#317,#12902);
#12902 = DEFINITIONAL_REPRESENTATION('',(#12903),#12907);
#12903 = LINE('',#12904,#12905);
#12904 = CARTESIAN_POINT('',(0.,13.5));
#12905 = VECTOR('',#12906,1.);
#12906 = DIRECTION('',(1.,0.));
#12907 = ( GEOMETRIC_REPRESENTATION_CONTEXT(2) 
PARAMETRIC_REPRESENTATION_CONTEXT() REPRESENTATION_CONTEXT('2D SPACE',''
  ) );
#12908 = PCURVE('',#343,#12909);
#12909 = DEFINITIONAL_REPRESENTATION('',(#12910),#12914);
#12910 = LINE('',#12911,#12912);
#12911 = CARTESIAN_POINT('',(0.,0.));
#12912 = VECTOR('',#12913,1.);
#12913 = DIRECTION('',(0.,1.));
#12914 = ( GEOMETRIC_REPRESENTATION_CONTEXT(2) 
PARAMETRIC_REPRESENTATION_CONTEXT() REPRESENTATION_CONTEXT('2D SPACE',''
  ) );
#12915 = ORIENTED_EDGE('',*,*,#652,.F.);
#12916 = ORIENTED_EDGE('',*,*,#411,.T.);
#12917 = ORIENTED_EDGE('',*,*,#302,.T.);
#12918 = ADVANCED_FACE('',(#12919),#343,.F.);
#12919 = FACE_BOUND('',#12920,.F.);
#12920 = EDGE_LOOP('',(#12921,#12922,#12923,#12924,#12944));
#12921 = ORIENTED_EDGE('',*,*,#12895,.F.);
#12922 = ORIENTED_EDGE('',*,*,#631,.F.);
#12923 = ORIENTED_EDGE('',*,*,#12806,.T.);
#12924 = ORIENTED_EDGE('',*,*,#12925,.F.);
#12925 = EDGE_CURVE('',#329,#12807,#12926,.T.);
#12926 = SURFACE_CURVE('',#12927,(#12931,#12937),.PCURVE_S1.);
#12927 = LINE('',#12928,#12929);
#12928 = CARTESIAN_POINT('',(53.195333402879,-4.3,4.4));
#12929 = VECTOR('',#12930,1.);
#12930 = DIRECTION('',(-1.,0.,0.));
#12931 = PCURVE('',#343,#12932);
#12932 = DEFINITIONAL_REPRESENTATION('',(#12933),#12936);
#12933 = B_SPLINE_CURVE_WITH_KNOTS('',1,(#12934,#12935),.UNSPECIFIED.,
  .F.,.F.,(2,2),(-21.60466659712,-16.20466659712),
  .PIECEWISE_BEZIER_KNOTS.);
#12934 = CARTESIAN_POINT('',(3.35,5.4));
#12935 = CARTESIAN_POINT('',(3.35,0.));
#12936 = ( GEOMETRIC_REPRESENTATION_CONTEXT(2) 
PARAMETRIC_REPRESENTATION_CONTEXT() REPRESENTATION_CONTEXT('2D SPACE',''
  ) );
#12937 = PCURVE('',#370,#12938);
#12938 = DEFINITIONAL_REPRESENTATION('',(#12939),#12943);
#12939 = LINE('',#12940,#12941);
#12940 = CARTESIAN_POINT('',(16.204666597121,5.495020362289));
#12941 = VECTOR('',#12942,1.);
#12942 = DIRECTION('',(-1.,0.));
#12943 = ( GEOMETRIC_REPRESENTATION_CONTEXT(2) 
PARAMETRIC_REPRESENTATION_CONTEXT() REPRESENTATION_CONTEXT('2D SPACE',''
  ) );
#12944 = ORIENTED_EDGE('',*,*,#328,.T.);
#12945 = ADVANCED_FACE('',(#12946,#13005),#370,.T.);
#12946 = FACE_BOUND('',#12947,.T.);
#12947 = EDGE_LOOP('',(#12948,#12949,#12950,#12951,#12952,#12953,#12954,
    #12955,#12956,#12957,#12958,#12959,#12960,#12961,#12962,#12963,
    #12964,#12965,#12966,#12967,#12968,#12969,#12970,#12971,#12972,
    #12973,#12974,#12975,#12997,#12998,#12999,#13000,#13001,#13002,
    #13003,#13004));
#12948 = ORIENTED_EDGE('',*,*,#4259,.F.);
#12949 = ORIENTED_EDGE('',*,*,#10667,.F.);
#12950 = ORIENTED_EDGE('',*,*,#10161,.F.);
#12951 = ORIENTED_EDGE('',*,*,#7834,.F.);
#12952 = ORIENTED_EDGE('',*,*,#7990,.T.);
#12953 = ORIENTED_EDGE('',*,*,#10031,.F.);
#12954 = ORIENTED_EDGE('',*,*,#8166,.F.);
#12955 = ORIENTED_EDGE('',*,*,#8267,.F.);
#12956 = ORIENTED_EDGE('',*,*,#10003,.T.);
#12957 = ORIENTED_EDGE('',*,*,#9856,.F.);
#12958 = ORIENTED_EDGE('',*,*,#9776,.F.);
#12959 = ORIENTED_EDGE('',*,*,#8189,.F.);
#12960 = ORIENTED_EDGE('',*,*,#8397,.T.);
#12961 = ORIENTED_EDGE('',*,*,#9646,.F.);
#12962 = ORIENTED_EDGE('',*,*,#8573,.F.);
#12963 = ORIENTED_EDGE('',*,*,#8596,.F.);
#12964 = ORIENTED_EDGE('',*,*,#8752,.T.);
#12965 = ORIENTED_EDGE('',*,*,#9621,.F.);
#12966 = ORIENTED_EDGE('',*,*,#8894,.F.);
#12967 = ORIENTED_EDGE('',*,*,#8950,.F.);
#12968 = ORIENTED_EDGE('',*,*,#9094,.T.);
#12969 = ORIENTED_EDGE('',*,*,#9371,.F.);
#12970 = ORIENTED_EDGE('',*,*,#9293,.T.);
#12971 = ORIENTED_EDGE('',*,*,#12656,.F.);
#12972 = ORIENTED_EDGE('',*,*,#12837,.F.);
#12973 = ORIENTED_EDGE('',*,*,#12925,.F.);
#12974 = ORIENTED_EDGE('',*,*,#354,.T.);
#12975 = ORIENTED_EDGE('',*,*,#12976,.T.);
#12976 = EDGE_CURVE('',#355,#10878,#12977,.T.);
#12977 = SURFACE_CURVE('',#12978,(#12983,#12990),.PCURVE_S1.);
#12978 = CIRCLE('',#12979,2.);
#12979 = AXIS2_PLACEMENT_3D('',#12980,#12981,#12982);
#12980 = CARTESIAN_POINT('',(72.8,4.9,4.4));
#12981 = DIRECTION('',(0.,0.,1.));
#12982 = DIRECTION('',(0.,-1.,0.));
#12983 = PCURVE('',#370,#12984);
#12984 = DEFINITIONAL_REPRESENTATION('',(#12985),#12989);
#12985 = CIRCLE('',#12986,2.);
#12986 = AXIS2_PLACEMENT_2D('',#12987,#12988);
#12987 = CARTESIAN_POINT('',(35.809333194243,14.695020362289));
#12988 = DIRECTION('',(0.,-1.));
#12989 = ( GEOMETRIC_REPRESENTATION_CONTEXT(2) 
PARAMETRIC_REPRESENTATION_CONTEXT() REPRESENTATION_CONTEXT('2D SPACE',''
  ) );
#12990 = PCURVE('',#396,#12991);
#12991 = DEFINITIONAL_REPRESENTATION('',(#12992),#12996);
#12992 = LINE('',#12993,#12994);
#12993 = CARTESIAN_POINT('',(-1.570796326795,10.));
#12994 = VECTOR('',#12995,1.);
#12995 = DIRECTION('',(1.,0.));
#12996 = ( GEOMETRIC_REPRESENTATION_CONTEXT(2) 
PARAMETRIC_REPRESENTATION_CONTEXT() REPRESENTATION_CONTEXT('2D SPACE',''
  ) );
#12997 = ORIENTED_EDGE('',*,*,#10900,.T.);
#12998 = ORIENTED_EDGE('',*,*,#10850,.T.);
#12999 = ORIENTED_EDGE('',*,*,#3562,.T.);
#13000 = ORIENTED_EDGE('',*,*,#3668,.T.);
#13001 = ORIENTED_EDGE('',*,*,#3698,.T.);
#13002 = ORIENTED_EDGE('',*,*,#3826,.T.);
#13003 = ORIENTED_EDGE('',*,*,#3875,.T.);
#13004 = ORIENTED_EDGE('',*,*,#4114,.F.);
#13005 = FACE_BOUND('',#13006,.T.);
#13006 = EDGE_LOOP('',(#13007));
#13007 = ORIENTED_EDGE('',*,*,#3428,.T.);
#13008 = ADVANCED_FACE('',(#13009),#396,.T.);
#13009 = FACE_BOUND('',#13010,.T.);
#13010 = EDGE_LOOP('',(#13011,#13012,#13013,#13014));
#13011 = ORIENTED_EDGE('',*,*,#382,.F.);
#13012 = ORIENTED_EDGE('',*,*,#11075,.T.);
#13013 = ORIENTED_EDGE('',*,*,#10875,.T.);
#13014 = ORIENTED_EDGE('',*,*,#12976,.F.);
#13015 = ADVANCED_FACE('',(#13016),#240,.T.);
#13016 = FACE_BOUND('',#13017,.F.);
#13017 = EDGE_LOOP('',(#13018,#13039,#13040,#13041));
#13018 = ORIENTED_EDGE('',*,*,#13019,.F.);
#13019 = EDGE_CURVE('',#143,#2934,#13020,.T.);
#13020 = SURFACE_CURVE('',#13021,(#13025,#13032),.PCURVE_S1.);
#13021 = LINE('',#13022,#13023);
#13022 = CARTESIAN_POINT('',(74.8,-21.7,-5.25));
#13023 = VECTOR('',#13024,1.);
#13024 = DIRECTION('',(-0.707106781187,4.329780281177E-17,
    -0.707106781187));
#13025 = PCURVE('',#240,#13026);
#13026 = DEFINITIONAL_REPRESENTATION('',(#13027),#13031);
#13027 = LINE('',#13028,#13029);
#13028 = CARTESIAN_POINT('',(3.851859888774E-34,-0.247487373415));
#13029 = VECTOR('',#13030,1.);
#13030 = DIRECTION('',(-4.329780281177E-17,1.));
#13031 = ( GEOMETRIC_REPRESENTATION_CONTEXT(2) 
PARAMETRIC_REPRESENTATION_CONTEXT() REPRESENTATION_CONTEXT('2D SPACE',''
  ) );
#13032 = PCURVE('',#159,#13033);
#13033 = DEFINITIONAL_REPRESENTATION('',(#13034),#13038);
#13034 = LINE('',#13035,#13036);
#13035 = CARTESIAN_POINT('',(1.570796326795,-0.));
#13036 = VECTOR('',#13037,1.);
#13037 = DIRECTION('',(0.,-1.));
#13038 = ( GEOMETRIC_REPRESENTATION_CONTEXT(2) 
PARAMETRIC_REPRESENTATION_CONTEXT() REPRESENTATION_CONTEXT('2D SPACE',''
  ) );
#13039 = ORIENTED_EDGE('',*,*,#224,.T.);
#13040 = ORIENTED_EDGE('',*,*,#11054,.T.);
#13041 = ORIENTED_EDGE('',*,*,#2957,.F.);
#13042 = ADVANCED_FACE('',(#13043),#159,.T.);
#13043 = FACE_BOUND('',#13044,.F.);
#13044 = EDGE_LOOP('',(#13045,#13066,#13067,#13068));
#13045 = ORIENTED_EDGE('',*,*,#13046,.F.);
#13046 = EDGE_CURVE('',#85,#2911,#13047,.T.);
#13047 = SURFACE_CURVE('',#13048,(#13052,#13059),.PCURVE_S1.);
#13048 = LINE('',#13049,#13050);
#13049 = CARTESIAN_POINT('',(72.8,-23.525,-5.425));
#13050 = VECTOR('',#13051,1.);
#13051 = DIRECTION('',(-0.,0.707106781187,-0.707106781187));
#13052 = PCURVE('',#159,#13053);
#13053 = DEFINITIONAL_REPRESENTATION('',(#13054),#13058);
#13054 = LINE('',#13055,#13056);
#13055 = CARTESIAN_POINT('',(0.,-0.175));
#13056 = VECTOR('',#13057,1.);
#13057 = DIRECTION('',(0.,-1.));
#13058 = ( GEOMETRIC_REPRESENTATION_CONTEXT(2) 
PARAMETRIC_REPRESENTATION_CONTEXT() REPRESENTATION_CONTEXT('2D SPACE',''
  ) );
#13059 = PCURVE('',#126,#13060);
#13060 = DEFINITIONAL_REPRESENTATION('',(#13061),#13065);
#13061 = LINE('',#13062,#13063);
#13062 = CARTESIAN_POINT('',(-73.3,0.));
#13063 = VECTOR('',#13064,1.);
#13064 = DIRECTION('',(-0.,1.));
#13065 = ( GEOMETRIC_REPRESENTATION_CONTEXT(2) 
PARAMETRIC_REPRESENTATION_CONTEXT() REPRESENTATION_CONTEXT('2D SPACE',''
  ) );
#13066 = ORIENTED_EDGE('',*,*,#142,.T.);
#13067 = ORIENTED_EDGE('',*,*,#13019,.T.);
#13068 = ORIENTED_EDGE('',*,*,#2933,.F.);
#13069 = ADVANCED_FACE('',(#13070),#72,.T.);
#13070 = FACE_BOUND('',#13071,.T.);
#13071 = EDGE_LOOP('',(#13072,#13098,#13099,#13100,#13101,#13102,#13103,
    #13104,#13105,#13106,#13107,#13108,#13109,#13110,#13111,#13112,
    #13113,#13114,#13115,#13116,#13117,#13118,#13119,#13120,#13121,
    #13122,#13123,#13124,#13125,#13126,#13127,#13128));
#13072 = ORIENTED_EDGE('',*,*,#13073,.F.);
#13073 = EDGE_CURVE('',#24,#4044,#13074,.T.);
#13074 = SURFACE_CURVE('',#13075,(#13080,#13091),.PCURVE_S1.);
#13075 = CIRCLE('',#13076,2.);
#13076 = AXIS2_PLACEMENT_3D('',#13077,#13078,#13079);
#13077 = CARTESIAN_POINT('',(-0.5,-21.7,4.4));
#13078 = DIRECTION('',(-0.,-0.,-1.));
#13079 = DIRECTION('',(0.,-1.,0.));
#13080 = PCURVE('',#72,#13081);
#13081 = DEFINITIONAL_REPRESENTATION('',(#13082),#13090);
#13082 = ( BOUNDED_CURVE() B_SPLINE_CURVE(2,(#13083,#13084,#13085,#13086
    ,#13087,#13088,#13089),.UNSPECIFIED.,.T.,.F.) 
B_SPLINE_CURVE_WITH_KNOTS((1,2,2,2,2,1),(-2.094395102393,0.,
    2.094395102393,4.188790204786,6.28318530718,8.377580409573),
.UNSPECIFIED.) CURVE() GEOMETRIC_REPRESENTATION_ITEM() 
RATIONAL_B_SPLINE_CURVE((1.,0.5,1.,0.5,1.,0.5,1.)) REPRESENTATION_ITEM(
  '') );
#13083 = CARTESIAN_POINT('',(-37.49066680575,-13.90497963771));
#13084 = CARTESIAN_POINT('',(-40.95476842089,-13.90497963771));
#13085 = CARTESIAN_POINT('',(-39.22271761332,-10.90497963771));
#13086 = CARTESIAN_POINT('',(-37.49066680575,-7.904979637711));
#13087 = CARTESIAN_POINT('',(-35.75861599818,-10.90497963771));
#13088 = CARTESIAN_POINT('',(-34.02656519062,-13.90497963771));
#13089 = CARTESIAN_POINT('',(-37.49066680575,-13.90497963771));
#13090 = ( GEOMETRIC_REPRESENTATION_CONTEXT(2) 
PARAMETRIC_REPRESENTATION_CONTEXT() REPRESENTATION_CONTEXT('2D SPACE',''
  ) );
#13091 = PCURVE('',#44,#13092);
#13092 = DEFINITIONAL_REPRESENTATION('',(#13093),#13097);
#13093 = LINE('',#13094,#13095);
#13094 = CARTESIAN_POINT('',(-0.,10.));
#13095 = VECTOR('',#13096,1.);
#13096 = DIRECTION('',(-1.,0.));
#13097 = ( GEOMETRIC_REPRESENTATION_CONTEXT(2) 
PARAMETRIC_REPRESENTATION_CONTEXT() REPRESENTATION_CONTEXT('2D SPACE',''
  ) );
#13098 = ORIENTED_EDGE('',*,*,#56,.T.);
#13099 = ORIENTED_EDGE('',*,*,#199,.T.);
#13100 = ORIENTED_EDGE('',*,*,#253,.T.);
#13101 = ORIENTED_EDGE('',*,*,#494,.T.);
#13102 = ORIENTED_EDGE('',*,*,#12871,.F.);
#13103 = ORIENTED_EDGE('',*,*,#12723,.F.);
#13104 = ORIENTED_EDGE('',*,*,#6409,.F.);
#13105 = ORIENTED_EDGE('',*,*,#6435,.T.);
#13106 = ORIENTED_EDGE('',*,*,#6238,.T.);
#13107 = ORIENTED_EDGE('',*,*,#6117,.F.);
#13108 = ORIENTED_EDGE('',*,*,#6058,.F.);
#13109 = ORIENTED_EDGE('',*,*,#6461,.T.);
#13110 = ORIENTED_EDGE('',*,*,#5882,.T.);
#13111 = ORIENTED_EDGE('',*,*,#5752,.F.);
#13112 = ORIENTED_EDGE('',*,*,#6817,.F.);
#13113 = ORIENTED_EDGE('',*,*,#6764,.T.);
#13114 = ORIENTED_EDGE('',*,*,#6597,.T.);
#13115 = ORIENTED_EDGE('',*,*,#5674,.F.);
#13116 = ORIENTED_EDGE('',*,*,#5651,.F.);
#13117 = ORIENTED_EDGE('',*,*,#6846,.T.);
#13118 = ORIENTED_EDGE('',*,*,#5475,.T.);
#13119 = ORIENTED_EDGE('',*,*,#5044,.F.);
#13120 = ORIENTED_EDGE('',*,*,#5227,.F.);
#13121 = ORIENTED_EDGE('',*,*,#5300,.T.);
#13122 = ORIENTED_EDGE('',*,*,#5374,.T.);
#13123 = ORIENTED_EDGE('',*,*,#10517,.F.);
#13124 = ORIENTED_EDGE('',*,*,#4663,.F.);
#13125 = ORIENTED_EDGE('',*,*,#4472,.T.);
#13126 = ORIENTED_EDGE('',*,*,#4424,.T.);
#13127 = ORIENTED_EDGE('',*,*,#10774,.T.);
#13128 = ORIENTED_EDGE('',*,*,#4043,.T.);
#13129 = ADVANCED_FACE('',(#13130),#126,.T.);
#13130 = FACE_BOUND('',#13131,.F.);
#13131 = EDGE_LOOP('',(#13132,#13133,#13134,#13135));
#13132 = ORIENTED_EDGE('',*,*,#11179,.F.);
#13133 = ORIENTED_EDGE('',*,*,#112,.T.);
#13134 = ORIENTED_EDGE('',*,*,#13046,.T.);
#13135 = ORIENTED_EDGE('',*,*,#2908,.F.);
#13136 = ADVANCED_FACE('',(#13137),#44,.T.);
#13137 = FACE_BOUND('',#13138,.F.);
#13138 = EDGE_LOOP('',(#13139,#13140,#13141,#13142));
#13139 = ORIENTED_EDGE('',*,*,#21,.F.);
#13140 = ORIENTED_EDGE('',*,*,#11157,.F.);
#13141 = ORIENTED_EDGE('',*,*,#4066,.T.);
#13142 = ORIENTED_EDGE('',*,*,#13073,.F.);
#13143 = ( GEOMETRIC_REPRESENTATION_CONTEXT(3) 
GLOBAL_UNCERTAINTY_ASSIGNED_CONTEXT((#13147)) 
GLOBAL_UNIT_ASSIGNED_CONTEXT((#13144,#13145,#13146)) 
REPRESENTATION_CONTEXT('Context #1',
  '3D Context with UNIT and UNCERTAINTY') );
#13144 = ( LENGTH_UNIT() NAMED_UNIT(*) SI_UNIT(.MILLI.,.METRE.) );
#13145 = ( NAMED_UNIT(*) PLANE_ANGLE_UNIT() SI_UNIT($,.RADIAN.) );
#13146 = ( NAMED_UNIT(*) SI_UNIT($,.STERADIAN.) SOLID_ANGLE_UNIT() );
#13147 = UNCERTAINTY_MEASURE_WITH_UNIT(LENGTH_MEASURE(1.E-06),#13144,
  'distance_accuracy_value','confusion accuracy');
#13148 = PRODUCT_RELATED_PRODUCT_CATEGORY('part',$,(#7));
ENDSEC;
END-ISO-10303-21;
