ISO-10303-21;
HEADER;
FILE_DESCRIPTION(('Open CASCADE Model'),'2;1');
FILE_NAME('Open CASCADE Shape Model','2026-09-21T21:41:28',('Author'),(
    'Open CASCADE'),'Open CASCADE STEP processor 7.9','Open CASCADE 7.9'
  ,'Unknown');
FILE_SCHEMA(('AUTOMOTIVE_DESIGN { 1 0 10303 214 1 1 1 1 }'));
ENDSEC;
DATA;
#1 = APPLICATION_PROTOCOL_DEFINITION('international standard',
  'automotive_design',2000,#2);
#2 = APPLICATION_CONTEXT(
  'core data for automotive mechanical design processes');
#3 = SHAPE_DEFINITION_REPRESENTATION(#4,#10);
#4 = PRODUCT_DEFINITION_SHAPE('','',#5);
#5 = PRODUCT_DEFINITION('design','',#6,#9);
#6 = PRODUCT_DEFINITION_FORMATION('','',#7);
#7 = PRODUCT('Open CASCADE STEP translator 7.9 5',
  'Open CASCADE STEP translator 7.9 5','',(#8));
#8 = PRODUCT_CONTEXT('',#2,'mechanical');
#9 = PRODUCT_DEFINITION_CONTEXT('part definition',#2,'design');
#10 = ADVANCED_BREP_SHAPE_REPRESENTATION('',(#11,#15),#11942);
#11 = AXIS2_PLACEMENT_3D('',#12,#13,#14);
#12 = CARTESIAN_POINT('',(0.,0.,0.));
#13 = DIRECTION('',(0.,0.,1.));
#14 = DIRECTION('',(1.,0.,-0.));
#15 = MANIFOLD_SOLID_BREP('',#16);
#16 = CLOSED_SHELL('',(#17,#163,#251,#451,#525,#709,#794,#973,#1047,
    #1233,#1307,#1493,#1567,#1653,#1770,#2057,#2139,#2208,#2236,#2268,
    #2366,#2440,#2534,#2663,#2794,#2865,#2914,#3011,#3083,#3211,#3287,
    #3403,#3574,#3702,#3778,#3894,#4065,#4193,#4269,#4385,#4459,#4531,
    #4657,#4731,#4850,#5687,#5763,#5915,#5970,#5974,#6001,#6028,#6055,
    #6082,#6089,#6166,#6253,#6329,#6407,#6483,#6565,#6641,#6712,#7014,
    #7087,#7166,#7239,#7307,#7351,#7377,#7403,#7410,#7464,#7523,#7558,
    #7617,#7652,#7706,#7776,#7803,#7830,#7857,#7884,#7911,#7959,#8054,
    #8121,#8224,#8295,#8342,#8369,#8416,#8490,#8559,#8586,#8611,#8662,
    #8765,#8836,#8883,#8910,#8957,#9056,#9131,#9155,#9260,#9331,#9378,
    #9405,#9504,#9551,#9603,#9654,#9681,#9706,#9759,#9784,#9809,#9883,
    #9952,#9979,#10004,#10029,#10054,#10128,#10197,#10224,#10249,#10274,
    #10299,#10326,#10354,#10559,#10691,#10761,#10810,#10859,#10886,
    #10913,#10922,#10949,#10975,#11007,#11070,#11196,#11243,#11273,
    #11399,#11452,#11476,#11507,#11538,#11569,#11600,#11627,#11658,
    #11689,#11716,#11749,#11797,#11804,#11831,#11838,#11866,#11918));
#17 = ADVANCED_FACE('',(#18),#32,.F.);
#18 = FACE_BOUND('',#19,.F.);
#19 = EDGE_LOOP('',(#20,#53,#81,#109,#137));
#20 = ORIENTED_EDGE('',*,*,#21,.T.);
#21 = EDGE_CURVE('',#22,#24,#26,.T.);
#22 = VERTEX_POINT('',#23);
#23 = CARTESIAN_POINT('',(-0.21,-23.7,4.4));
#24 = VERTEX_POINT('',#25);
#25 = CARTESIAN_POINT('',(-0.5,-23.7,4.493548387097));
#26 = SURFACE_CURVE('',#27,(#31,#42),.PCURVE_S1.);
#27 = LINE('',#28,#29);
#28 = CARTESIAN_POINT('',(-1.092082940622,-23.7,4.684542884072));
#29 = VECTOR('',#30,1.);
#30 = DIRECTION('',(-0.951708617761,0.,0.307002779923));
#31 = PCURVE('',#32,#37);
#32 = PLANE('',#33);
#33 = AXIS2_PLACEMENT_3D('',#34,#35,#36);
#34 = CARTESIAN_POINT('',(-2.5,-23.7,4.4));
#35 = DIRECTION('',(0.,1.,0.));
#36 = DIRECTION('',(1.,0.,0.));
#37 = DEFINITIONAL_REPRESENTATION('',(#38),#41);
#38 = B_SPLINE_CURVE_WITH_KNOTS('',1,(#39,#40),.UNSPECIFIED.,.F.,.F.,(2,
    2),(-0.926841392587,-0.62212627854),.PIECEWISE_BEZIER_KNOTS.);
#39 = CARTESIAN_POINT('',(2.29,1.110223024625E-16));
#40 = CARTESIAN_POINT('',(2.,-9.354838709677E-02));
#41 = ( GEOMETRIC_REPRESENTATION_CONTEXT(2) 
PARAMETRIC_REPRESENTATION_CONTEXT() REPRESENTATION_CONTEXT('2D SPACE',''
  ) );
#42 = PCURVE('',#43,#48);
#43 = PLANE('',#44);
#44 = AXIS2_PLACEMENT_3D('',#45,#46,#47);
#45 = CARTESIAN_POINT('',(0.1,10.,4.3));
#46 = DIRECTION('',(-0.307002779923,-0.,-0.951708617761));
#47 = DIRECTION('',(-0.951708617761,0.,0.307002779923));
#48 = DEFINITIONAL_REPRESENTATION('',(#49),#52);
#49 = B_SPLINE_CURVE_WITH_KNOTS('',1,(#50,#51),.UNSPECIFIED.,.F.,.F.,(2,
    2),(-0.926841392587,-0.62212627854),.PIECEWISE_BEZIER_KNOTS.);
#50 = CARTESIAN_POINT('',(0.325729949498,-33.7));
#51 = CARTESIAN_POINT('',(0.630445063545,-33.7));
#52 = ( GEOMETRIC_REPRESENTATION_CONTEXT(2) 
PARAMETRIC_REPRESENTATION_CONTEXT() REPRESENTATION_CONTEXT('2D SPACE',''
  ) );
#53 = ORIENTED_EDGE('',*,*,#54,.T.);
#54 = EDGE_CURVE('',#24,#55,#57,.T.);
#55 = VERTEX_POINT('',#56);
#56 = CARTESIAN_POINT('',(-0.5,-23.7,7.85));
#57 = SURFACE_CURVE('',#58,(#62,#69),.PCURVE_S1.);
#58 = LINE('',#59,#60);
#59 = CARTESIAN_POINT('',(-0.5,-23.7,4.4));
#60 = VECTOR('',#61,1.);
#61 = DIRECTION('',(0.,0.,1.));
#62 = PCURVE('',#32,#63);
#63 = DEFINITIONAL_REPRESENTATION('',(#64),#68);
#64 = LINE('',#65,#66);
#65 = CARTESIAN_POINT('',(2.,0.));
#66 = VECTOR('',#67,1.);
#67 = DIRECTION('',(0.,-1.));
#68 = ( GEOMETRIC_REPRESENTATION_CONTEXT(2) 
PARAMETRIC_REPRESENTATION_CONTEXT() REPRESENTATION_CONTEXT('2D SPACE',''
  ) );
#69 = PCURVE('',#70,#75);
#70 = CYLINDRICAL_SURFACE('',#71,2.);
#71 = AXIS2_PLACEMENT_3D('',#72,#73,#74);
#72 = CARTESIAN_POINT('',(-0.5,-21.7,4.4));
#73 = DIRECTION('',(0.,0.,1.));
#74 = DIRECTION('',(0.,-1.,0.));
#75 = DEFINITIONAL_REPRESENTATION('',(#76),#80);
#76 = LINE('',#77,#78);
#77 = CARTESIAN_POINT('',(-0.,0.));
#78 = VECTOR('',#79,1.);
#79 = DIRECTION('',(-0.,1.));
#80 = ( GEOMETRIC_REPRESENTATION_CONTEXT(2) 
PARAMETRIC_REPRESENTATION_CONTEXT() REPRESENTATION_CONTEXT('2D SPACE',''
  ) );
#81 = ORIENTED_EDGE('',*,*,#82,.T.);
#82 = EDGE_CURVE('',#55,#83,#85,.T.);
#83 = VERTEX_POINT('',#84);
#84 = CARTESIAN_POINT('',(71.6,-23.7,7.85));
#85 = SURFACE_CURVE('',#86,(#90,#97),.PCURVE_S1.);
#86 = LINE('',#87,#88);
#87 = CARTESIAN_POINT('',(-0.5,-23.7,7.85));
#88 = VECTOR('',#89,1.);
#89 = DIRECTION('',(1.,0.,0.));
#90 = PCURVE('',#32,#91);
#91 = DEFINITIONAL_REPRESENTATION('',(#92),#96);
#92 = LINE('',#93,#94);
#93 = CARTESIAN_POINT('',(2.,-3.45));
#94 = VECTOR('',#95,1.);
#95 = DIRECTION('',(1.,0.));
#96 = ( GEOMETRIC_REPRESENTATION_CONTEXT(2) 
PARAMETRIC_REPRESENTATION_CONTEXT() REPRESENTATION_CONTEXT('2D SPACE',''
  ) );
#97 = PCURVE('',#98,#103);
#98 = PLANE('',#99);
#99 = AXIS2_PLACEMENT_3D('',#100,#101,#102);
#100 = CARTESIAN_POINT('',(-0.5,-23.525,8.025));
#101 = DIRECTION('',(3.473694424484E-18,0.707106781187,-0.707106781187)
  );
#102 = DIRECTION('',(-1.,2.456272883323E-18,-2.456272883323E-18));
#103 = DEFINITIONAL_REPRESENTATION('',(#104),#108);
#104 = LINE('',#105,#106);
#105 = CARTESIAN_POINT('',(-4.814824860968E-34,-0.247487373415));
#106 = VECTOR('',#107,1.);
#107 = DIRECTION('',(-1.,0.));
#108 = ( GEOMETRIC_REPRESENTATION_CONTEXT(2) 
PARAMETRIC_REPRESENTATION_CONTEXT() REPRESENTATION_CONTEXT('2D SPACE',''
  ) );
#109 = ORIENTED_EDGE('',*,*,#110,.F.);
#110 = EDGE_CURVE('',#111,#83,#113,.T.);
#111 = VERTEX_POINT('',#112);
#112 = CARTESIAN_POINT('',(71.6,-23.7,4.4));
#113 = SURFACE_CURVE('',#114,(#118,#125),.PCURVE_S1.);
#114 = LINE('',#115,#116);
#115 = CARTESIAN_POINT('',(71.6,-23.7,4.4));
#116 = VECTOR('',#117,1.);
#117 = DIRECTION('',(0.,0.,1.));
#118 = PCURVE('',#32,#119);
#119 = DEFINITIONAL_REPRESENTATION('',(#120),#124);
#120 = LINE('',#121,#122);
#121 = CARTESIAN_POINT('',(74.1,0.));
#122 = VECTOR('',#123,1.);
#123 = DIRECTION('',(0.,-1.));
#124 = ( GEOMETRIC_REPRESENTATION_CONTEXT(2) 
PARAMETRIC_REPRESENTATION_CONTEXT() REPRESENTATION_CONTEXT('2D SPACE',''
  ) );
#125 = PCURVE('',#126,#131);
#126 = CYLINDRICAL_SURFACE('',#127,2.);
#127 = AXIS2_PLACEMENT_3D('',#128,#129,#130);
#128 = CARTESIAN_POINT('',(71.6,-21.7,4.4));
#129 = DIRECTION('',(0.,0.,1.));
#130 = DIRECTION('',(0.,-1.,0.));
#131 = DEFINITIONAL_REPRESENTATION('',(#132),#136);
#132 = LINE('',#133,#134);
#133 = CARTESIAN_POINT('',(0.,0.));
#134 = VECTOR('',#135,1.);
#135 = DIRECTION('',(0.,1.));
#136 = ( GEOMETRIC_REPRESENTATION_CONTEXT(2) 
PARAMETRIC_REPRESENTATION_CONTEXT() REPRESENTATION_CONTEXT('2D SPACE',''
  ) );
#137 = ORIENTED_EDGE('',*,*,#138,.F.);
#138 = EDGE_CURVE('',#22,#111,#139,.T.);
#139 = SURFACE_CURVE('',#140,(#144,#151),.PCURVE_S1.);
#140 = LINE('',#141,#142);
#141 = CARTESIAN_POINT('',(-2.5,-23.7,4.4));
#142 = VECTOR('',#143,1.);
#143 = DIRECTION('',(1.,0.,0.));
#144 = PCURVE('',#32,#145);
#145 = DEFINITIONAL_REPRESENTATION('',(#146),#150);
#146 = LINE('',#147,#148);
#147 = CARTESIAN_POINT('',(0.,0.));
#148 = VECTOR('',#149,1.);
#149 = DIRECTION('',(1.,0.));
#150 = ( GEOMETRIC_REPRESENTATION_CONTEXT(2) 
PARAMETRIC_REPRESENTATION_CONTEXT() REPRESENTATION_CONTEXT('2D SPACE',''
  ) );
#151 = PCURVE('',#152,#157);
#152 = PLANE('',#153);
#153 = AXIS2_PLACEMENT_3D('',#154,#155,#156);
#154 = CARTESIAN_POINT('',(36.389065537322,-9.811003159411,4.4));
#155 = DIRECTION('',(0.,0.,1.));
#156 = DIRECTION('',(1.,0.,-0.));
#157 = DEFINITIONAL_REPRESENTATION('',(#158),#162);
#158 = LINE('',#159,#160);
#159 = CARTESIAN_POINT('',(-38.88906553732,-13.88899684058));
#160 = VECTOR('',#161,1.);
#161 = DIRECTION('',(1.,0.));
#162 = ( GEOMETRIC_REPRESENTATION_CONTEXT(2) 
PARAMETRIC_REPRESENTATION_CONTEXT() REPRESENTATION_CONTEXT('2D SPACE',''
  ) );
#163 = ADVANCED_FACE('',(#164),#70,.T.);
#164 = FACE_BOUND('',#165,.F.);
#165 = EDGE_LOOP('',(#166,#167,#196,#224));
#166 = ORIENTED_EDGE('',*,*,#54,.F.);
#167 = ORIENTED_EDGE('',*,*,#168,.T.);
#168 = EDGE_CURVE('',#24,#169,#171,.T.);
#169 = VERTEX_POINT('',#170);
#170 = CARTESIAN_POINT('',(-2.5,-21.7,5.138709677419));
#171 = SURFACE_CURVE('',#172,(#177,#189),.PCURVE_S1.);
#172 = ELLIPSE('',#173,2.101483545149,2.);
#173 = AXIS2_PLACEMENT_3D('',#174,#175,#176);
#174 = CARTESIAN_POINT('',(-0.5,-21.7,4.493548387097));
#175 = DIRECTION('',(-0.307002779923,0.,-0.951708617761));
#176 = DIRECTION('',(-0.951708617761,0.,0.307002779923));
#177 = PCURVE('',#70,#178);
#178 = DEFINITIONAL_REPRESENTATION('',(#179),#188);
#179 = B_SPLINE_CURVE_WITH_KNOTS('',7,(#180,#181,#182,#183,#184,#185,
    #186,#187),.UNSPECIFIED.,.F.,.F.,(8,8),(4.712388980385,6.28318530718
    ),.PIECEWISE_BEZIER_KNOTS.);
#180 = CARTESIAN_POINT('',(0.,9.354838709677E-02));
#181 = CARTESIAN_POINT('',(-0.224399475256,0.238322242101));
#182 = CARTESIAN_POINT('',(-0.448798950513,0.383095509238));
#183 = CARTESIAN_POINT('',(-0.673198425769,0.515965694048));
#184 = CARTESIAN_POINT('',(-0.897597901026,0.6250080675));
#185 = CARTESIAN_POINT('',(-1.121997376282,0.700807307994));
#186 = CARTESIAN_POINT('',(-1.346396851538,0.738709677419));
#187 = CARTESIAN_POINT('',(-1.570796326795,0.738709677419));
#188 = ( GEOMETRIC_REPRESENTATION_CONTEXT(2) 
PARAMETRIC_REPRESENTATION_CONTEXT() REPRESENTATION_CONTEXT('2D SPACE',''
  ) );
#189 = PCURVE('',#43,#190);
#190 = DEFINITIONAL_REPRESENTATION('',(#191),#195);
#191 = ELLIPSE('',#192,2.101483545149,2.);
#192 = AXIS2_PLACEMENT_2D('',#193,#194);
#193 = CARTESIAN_POINT('',(0.630445063545,-31.7));
#194 = DIRECTION('',(1.,0.));
#195 = ( GEOMETRIC_REPRESENTATION_CONTEXT(2) 
PARAMETRIC_REPRESENTATION_CONTEXT() REPRESENTATION_CONTEXT('2D SPACE',''
  ) );
#196 = ORIENTED_EDGE('',*,*,#197,.T.);
#197 = EDGE_CURVE('',#169,#198,#200,.T.);
#198 = VERTEX_POINT('',#199);
#199 = CARTESIAN_POINT('',(-2.5,-21.7,7.85));
#200 = SURFACE_CURVE('',#201,(#205,#212),.PCURVE_S1.);
#201 = LINE('',#202,#203);
#202 = CARTESIAN_POINT('',(-2.5,-21.7,4.4));
#203 = VECTOR('',#204,1.);
#204 = DIRECTION('',(0.,0.,1.));
#205 = PCURVE('',#70,#206);
#206 = DEFINITIONAL_REPRESENTATION('',(#207),#211);
#207 = LINE('',#208,#209);
#208 = CARTESIAN_POINT('',(-1.570796326795,0.));
#209 = VECTOR('',#210,1.);
#210 = DIRECTION('',(-0.,1.));
#211 = ( GEOMETRIC_REPRESENTATION_CONTEXT(2) 
PARAMETRIC_REPRESENTATION_CONTEXT() REPRESENTATION_CONTEXT('2D SPACE',''
  ) );
#212 = PCURVE('',#213,#218);
#213 = PLANE('',#214);
#214 = AXIS2_PLACEMENT_3D('',#215,#216,#217);
#215 = CARTESIAN_POINT('',(-2.5,-18.3,4.4));
#216 = DIRECTION('',(1.,0.,0.));
#217 = DIRECTION('',(0.,0.,1.));
#218 = DEFINITIONAL_REPRESENTATION('',(#219),#223);
#219 = LINE('',#220,#221);
#220 = CARTESIAN_POINT('',(0.,3.4));
#221 = VECTOR('',#222,1.);
#222 = DIRECTION('',(1.,0.));
#223 = ( GEOMETRIC_REPRESENTATION_CONTEXT(2) 
PARAMETRIC_REPRESENTATION_CONTEXT() REPRESENTATION_CONTEXT('2D SPACE',''
  ) );
#224 = ORIENTED_EDGE('',*,*,#225,.T.);
#225 = EDGE_CURVE('',#198,#55,#226,.T.);
#226 = SURFACE_CURVE('',#227,(#232,#239),.PCURVE_S1.);
#227 = CIRCLE('',#228,2.);
#228 = AXIS2_PLACEMENT_3D('',#229,#230,#231);
#229 = CARTESIAN_POINT('',(-0.5,-21.7,7.85));
#230 = DIRECTION('',(0.,0.,1.));
#231 = DIRECTION('',(-1.,0.,0.));
#232 = PCURVE('',#70,#233);
#233 = DEFINITIONAL_REPRESENTATION('',(#234),#238);
#234 = LINE('',#235,#236);
#235 = CARTESIAN_POINT('',(-1.570796326795,3.45));
#236 = VECTOR('',#237,1.);
#237 = DIRECTION('',(1.,-0.));
#238 = ( GEOMETRIC_REPRESENTATION_CONTEXT(2) 
PARAMETRIC_REPRESENTATION_CONTEXT() REPRESENTATION_CONTEXT('2D SPACE',''
  ) );
#239 = PCURVE('',#240,#245);
#240 = CONICAL_SURFACE('',#241,2.,0.785398163397);
#241 = AXIS2_PLACEMENT_3D('',#242,#243,#244);
#242 = CARTESIAN_POINT('',(-0.5,-21.7,7.85));
#243 = DIRECTION('',(-0.,-0.,-1.));
#244 = DIRECTION('',(-1.,0.,0.));
#245 = DEFINITIONAL_REPRESENTATION('',(#246),#250);
#246 = LINE('',#247,#248);
#247 = CARTESIAN_POINT('',(-0.,-0.));
#248 = VECTOR('',#249,1.);
#249 = DIRECTION('',(-1.,-0.));
#250 = ( GEOMETRIC_REPRESENTATION_CONTEXT(2) 
PARAMETRIC_REPRESENTATION_CONTEXT() REPRESENTATION_CONTEXT('2D SPACE',''
  ) );
#251 = ADVANCED_FACE('',(#252),#213,.F.);
#252 = FACE_BOUND('',#253,.F.);
#253 = EDGE_LOOP('',(#254,#288,#316,#344,#370,#371,#394,#426));
#254 = ORIENTED_EDGE('',*,*,#255,.F.);
#255 = EDGE_CURVE('',#256,#258,#260,.T.);
#256 = VERTEX_POINT('',#257);
#257 = CARTESIAN_POINT('',(-2.5,-6.333953536577,5.138709677419));
#258 = VERTEX_POINT('',#259);
#259 = CARTESIAN_POINT('',(-2.5,-7.743,5.495867891559));
#260 = SURFACE_CURVE('',#261,(#266,#273),.PCURVE_S1.);
#261 = ELLIPSE('',#262,3.157592350251,3.05);
#262 = AXIS2_PLACEMENT_3D('',#263,#264,#265);
#263 = CARTESIAN_POINT('',(-2.5,-7.743,2.338275541309));
#264 = DIRECTION('',(1.,0.,0.));
#265 = DIRECTION('',(-0.,0.,1.));
#266 = PCURVE('',#213,#267);
#267 = DEFINITIONAL_REPRESENTATION('',(#268),#272);
#268 = ELLIPSE('',#269,3.157592350251,3.05);
#269 = AXIS2_PLACEMENT_2D('',#270,#271);
#270 = CARTESIAN_POINT('',(-2.061724458691,-10.557));
#271 = DIRECTION('',(1.,0.));
#272 = ( GEOMETRIC_REPRESENTATION_CONTEXT(2) 
PARAMETRIC_REPRESENTATION_CONTEXT() REPRESENTATION_CONTEXT('2D SPACE',''
  ) );
#273 = PCURVE('',#274,#279);
#274 = CYLINDRICAL_SURFACE('',#275,3.05);
#275 = AXIS2_PLACEMENT_3D('',#276,#277,#278);
#276 = CARTESIAN_POINT('',(-5.196071929189,-7.743,3.060685837471));
#277 = DIRECTION('',(-0.965925826289,0.,0.258819045103));
#278 = DIRECTION('',(0.258819045103,2.912060392459E-16,0.965925826289));
#279 = DEFINITIONAL_REPRESENTATION('',(#280),#287);
#280 = B_SPLINE_CURVE_WITH_KNOTS('',5,(#281,#282,#283,#284,#285,#286),
  .UNSPECIFIED.,.F.,.F.,(6,6),(5.710213810628,6.28318530718),
  .PIECEWISE_BEZIER_KNOTS.);
#281 = CARTESIAN_POINT('',(0.572971496551,-2.104453155617));
#282 = CARTESIAN_POINT('',(0.458377197241,-2.053681673421));
#283 = CARTESIAN_POINT('',(0.343782897931,-2.014181839389));
#284 = CARTESIAN_POINT('',(0.229188598621,-1.987348092095));
#285 = CARTESIAN_POINT('',(0.11459429931,-1.973934012047));
#286 = CARTESIAN_POINT('',(0.,-1.973934012047));
#287 = ( GEOMETRIC_REPRESENTATION_CONTEXT(2) 
PARAMETRIC_REPRESENTATION_CONTEXT() REPRESENTATION_CONTEXT('2D SPACE',''
  ) );
#288 = ORIENTED_EDGE('',*,*,#289,.F.);
#289 = EDGE_CURVE('',#290,#256,#292,.T.);
#290 = VERTEX_POINT('',#291);
#291 = CARTESIAN_POINT('',(-2.5,0.5,5.138709677419));
#292 = SURFACE_CURVE('',#293,(#297,#304),.PCURVE_S1.);
#293 = LINE('',#294,#295);
#294 = CARTESIAN_POINT('',(-2.5,0.5,5.138709677419));
#295 = VECTOR('',#296,1.);
#296 = DIRECTION('',(6.498276692594E-17,-1.,0.));
#297 = PCURVE('',#213,#298);
#298 = DEFINITIONAL_REPRESENTATION('',(#299),#303);
#299 = LINE('',#300,#301);
#300 = CARTESIAN_POINT('',(0.738709677419,-18.8));
#301 = VECTOR('',#302,1.);
#302 = DIRECTION('',(0.,1.));
#303 = ( GEOMETRIC_REPRESENTATION_CONTEXT(2) 
PARAMETRIC_REPRESENTATION_CONTEXT() REPRESENTATION_CONTEXT('2D SPACE',''
  ) );
#304 = PCURVE('',#305,#310);
#305 = PLANE('',#306);
#306 = AXIS2_PLACEMENT_3D('',#307,#308,#309);
#307 = CARTESIAN_POINT('',(0.1,10.,4.3));
#308 = DIRECTION('',(-0.307002779923,-0.,-0.951708617761));
#309 = DIRECTION('',(-0.951708617761,0.,0.307002779923));
#310 = DEFINITIONAL_REPRESENTATION('',(#311),#315);
#311 = LINE('',#312,#313);
#312 = CARTESIAN_POINT('',(2.731928608693,-9.5));
#313 = VECTOR('',#314,1.);
#314 = DIRECTION('',(-6.184465928934E-17,-1.));
#315 = ( GEOMETRIC_REPRESENTATION_CONTEXT(2) 
PARAMETRIC_REPRESENTATION_CONTEXT() REPRESENTATION_CONTEXT('2D SPACE',''
  ) );
#316 = ORIENTED_EDGE('',*,*,#317,.T.);
#317 = EDGE_CURVE('',#290,#318,#320,.T.);
#318 = VERTEX_POINT('',#319);
#319 = CARTESIAN_POINT('',(-2.5,0.5,7.85));
#320 = SURFACE_CURVE('',#321,(#325,#332),.PCURVE_S1.);
#321 = LINE('',#322,#323);
#322 = CARTESIAN_POINT('',(-2.5,0.5,4.4));
#323 = VECTOR('',#324,1.);
#324 = DIRECTION('',(0.,0.,1.));
#325 = PCURVE('',#213,#326);
#326 = DEFINITIONAL_REPRESENTATION('',(#327),#331);
#327 = LINE('',#328,#329);
#328 = CARTESIAN_POINT('',(0.,-18.8));
#329 = VECTOR('',#330,1.);
#330 = DIRECTION('',(1.,0.));
#331 = ( GEOMETRIC_REPRESENTATION_CONTEXT(2) 
PARAMETRIC_REPRESENTATION_CONTEXT() REPRESENTATION_CONTEXT('2D SPACE',''
  ) );
#332 = PCURVE('',#333,#338);
#333 = CYLINDRICAL_SURFACE('',#334,2.);
#334 = AXIS2_PLACEMENT_3D('',#335,#336,#337);
#335 = CARTESIAN_POINT('',(-0.5,0.5,4.4));
#336 = DIRECTION('',(0.,0.,1.));
#337 = DIRECTION('',(-0.,1.,0.));
#338 = DEFINITIONAL_REPRESENTATION('',(#339),#343);
#339 = LINE('',#340,#341);
#340 = CARTESIAN_POINT('',(1.570796326795,0.));
#341 = VECTOR('',#342,1.);
#342 = DIRECTION('',(0.,1.));
#343 = ( GEOMETRIC_REPRESENTATION_CONTEXT(2) 
PARAMETRIC_REPRESENTATION_CONTEXT() REPRESENTATION_CONTEXT('2D SPACE',''
  ) );
#344 = ORIENTED_EDGE('',*,*,#345,.T.);
#345 = EDGE_CURVE('',#318,#198,#346,.T.);
#346 = SURFACE_CURVE('',#347,(#351,#358),.PCURVE_S1.);
#347 = LINE('',#348,#349);
#348 = CARTESIAN_POINT('',(-2.5,0.5,7.85));
#349 = VECTOR('',#350,1.);
#350 = DIRECTION('',(0.,-1.,0.));
#351 = PCURVE('',#213,#352);
#352 = DEFINITIONAL_REPRESENTATION('',(#353),#357);
#353 = LINE('',#354,#355);
#354 = CARTESIAN_POINT('',(3.45,-18.8));
#355 = VECTOR('',#356,1.);
#356 = DIRECTION('',(0.,1.));
#357 = ( GEOMETRIC_REPRESENTATION_CONTEXT(2) 
PARAMETRIC_REPRESENTATION_CONTEXT() REPRESENTATION_CONTEXT('2D SPACE',''
  ) );
#358 = PCURVE('',#359,#364);
#359 = PLANE('',#360);
#360 = AXIS2_PLACEMENT_3D('',#361,#362,#363);
#361 = CARTESIAN_POINT('',(-2.325,0.5,8.025));
#362 = DIRECTION('',(0.707106781187,0.,-0.707106781187));
#363 = DIRECTION('',(-0.,1.,-0.));
#364 = DEFINITIONAL_REPRESENTATION('',(#365),#369);
#365 = LINE('',#366,#367);
#366 = CARTESIAN_POINT('',(-0.,-0.247487373415));
#367 = VECTOR('',#368,1.);
#368 = DIRECTION('',(-1.,0.));
#369 = ( GEOMETRIC_REPRESENTATION_CONTEXT(2) 
PARAMETRIC_REPRESENTATION_CONTEXT() REPRESENTATION_CONTEXT('2D SPACE',''
  ) );
#370 = ORIENTED_EDGE('',*,*,#197,.F.);
#371 = ORIENTED_EDGE('',*,*,#372,.T.);
#372 = EDGE_CURVE('',#169,#373,#375,.T.);
#373 = VERTEX_POINT('',#374);
#374 = CARTESIAN_POINT('',(-2.5,-15.00204646342,5.138709677419));
#375 = SURFACE_CURVE('',#376,(#380,#387),.PCURVE_S1.);
#376 = LINE('',#377,#378);
#377 = CARTESIAN_POINT('',(-2.5,-21.7,5.138709677419));
#378 = VECTOR('',#379,1.);
#379 = DIRECTION('',(6.630222312307E-17,1.,0.));
#380 = PCURVE('',#213,#381);
#381 = DEFINITIONAL_REPRESENTATION('',(#382),#386);
#382 = LINE('',#383,#384);
#383 = CARTESIAN_POINT('',(0.738709677419,3.4));
#384 = VECTOR('',#385,1.);
#385 = DIRECTION('',(0.,-1.));
#386 = ( GEOMETRIC_REPRESENTATION_CONTEXT(2) 
PARAMETRIC_REPRESENTATION_CONTEXT() REPRESENTATION_CONTEXT('2D SPACE',''
  ) );
#387 = PCURVE('',#43,#388);
#388 = DEFINITIONAL_REPRESENTATION('',(#389),#393);
#389 = LINE('',#390,#391);
#390 = CARTESIAN_POINT('',(2.731928608693,-31.7));
#391 = VECTOR('',#392,1.);
#392 = DIRECTION('',(-6.31003971229E-17,1.));
#393 = ( GEOMETRIC_REPRESENTATION_CONTEXT(2) 
PARAMETRIC_REPRESENTATION_CONTEXT() REPRESENTATION_CONTEXT('2D SPACE',''
  ) );
#394 = ORIENTED_EDGE('',*,*,#395,.F.);
#395 = EDGE_CURVE('',#396,#373,#398,.T.);
#396 = VERTEX_POINT('',#397);
#397 = CARTESIAN_POINT('',(-2.5,-13.593,5.495867891559));
#398 = SURFACE_CURVE('',#399,(#404,#411),.PCURVE_S1.);
#399 = ELLIPSE('',#400,3.157592350251,3.05);
#400 = AXIS2_PLACEMENT_3D('',#401,#402,#403);
#401 = CARTESIAN_POINT('',(-2.5,-13.593,2.338275541309));
#402 = DIRECTION('',(1.,0.,0.));
#403 = DIRECTION('',(-0.,0.,1.));
#404 = PCURVE('',#213,#405);
#405 = DEFINITIONAL_REPRESENTATION('',(#406),#410);
#406 = ELLIPSE('',#407,3.157592350251,3.05);
#407 = AXIS2_PLACEMENT_2D('',#408,#409);
#408 = CARTESIAN_POINT('',(-2.061724458691,-4.707));
#409 = DIRECTION('',(1.,0.));
#410 = ( GEOMETRIC_REPRESENTATION_CONTEXT(2) 
PARAMETRIC_REPRESENTATION_CONTEXT() REPRESENTATION_CONTEXT('2D SPACE',''
  ) );
#411 = PCURVE('',#412,#417);
#412 = CYLINDRICAL_SURFACE('',#413,3.05);
#413 = AXIS2_PLACEMENT_3D('',#414,#415,#416);
#414 = CARTESIAN_POINT('',(-5.196071929189,-13.593,3.060685837471));
#415 = DIRECTION('',(-0.965925826289,0.,0.258819045103));
#416 = DIRECTION('',(-0.258819045103,-2.912060392459E-16,-0.965925826289
    ));
#417 = DEFINITIONAL_REPRESENTATION('',(#418),#425);
#418 = B_SPLINE_CURVE_WITH_KNOTS('',5,(#419,#420,#421,#422,#423,#424),
  .UNSPECIFIED.,.F.,.F.,(6,6),(0.,0.572971496551),
  .PIECEWISE_BEZIER_KNOTS.);
#419 = CARTESIAN_POINT('',(3.14159265359,-1.973934012047));
#420 = CARTESIAN_POINT('',(3.02699835428,-1.973934012047));
#421 = CARTESIAN_POINT('',(2.912404054969,-1.987348092095));
#422 = CARTESIAN_POINT('',(2.797809755659,-2.014181839389));
#423 = CARTESIAN_POINT('',(2.683215456349,-2.053681673421));
#424 = CARTESIAN_POINT('',(2.568621157038,-2.104453155617));
#425 = ( GEOMETRIC_REPRESENTATION_CONTEXT(2) 
PARAMETRIC_REPRESENTATION_CONTEXT() REPRESENTATION_CONTEXT('2D SPACE',''
  ) );
#426 = ORIENTED_EDGE('',*,*,#427,.F.);
#427 = EDGE_CURVE('',#258,#396,#428,.T.);
#428 = SURFACE_CURVE('',#429,(#433,#440),.PCURVE_S1.);
#429 = LINE('',#430,#431);
#430 = CARTESIAN_POINT('',(-2.5,-15.9465,5.495867891559));
#431 = VECTOR('',#432,1.);
#432 = DIRECTION('',(0.,-1.,0.));
#433 = PCURVE('',#213,#434);
#434 = DEFINITIONAL_REPRESENTATION('',(#435),#439);
#435 = LINE('',#436,#437);
#436 = CARTESIAN_POINT('',(1.095867891559,-2.3535));
#437 = VECTOR('',#438,1.);
#438 = DIRECTION('',(0.,1.));
#439 = ( GEOMETRIC_REPRESENTATION_CONTEXT(2) 
PARAMETRIC_REPRESENTATION_CONTEXT() REPRESENTATION_CONTEXT('2D SPACE',''
  ) );
#440 = PCURVE('',#441,#446);
#441 = PLANE('',#442);
#442 = AXIS2_PLACEMENT_3D('',#443,#444,#445);
#443 = CARTESIAN_POINT('',(-4.406673841627,-13.593,6.006759607653));
#444 = DIRECTION('',(0.258819045103,0.,0.965925826289));
#445 = DIRECTION('',(0.,1.,0.));
#446 = DEFINITIONAL_REPRESENTATION('',(#447),#450);
#447 = B_SPLINE_CURVE_WITH_KNOTS('',1,(#448,#449),.UNSPECIFIED.,.F.,.F.,
  (2,2),(-8.2035,-2.3535),.PIECEWISE_BEZIER_KNOTS.);
#448 = CARTESIAN_POINT('',(5.85,-1.973934012047));
#449 = CARTESIAN_POINT('',(0.,-1.973934012047));
#450 = ( GEOMETRIC_REPRESENTATION_CONTEXT(2) 
PARAMETRIC_REPRESENTATION_CONTEXT() REPRESENTATION_CONTEXT('2D SPACE',''
  ) );
#451 = ADVANCED_FACE('',(#452),#441,.F.);
#452 = FACE_BOUND('',#453,.F.);
#453 = EDGE_LOOP('',(#454,#455,#478,#504));
#454 = ORIENTED_EDGE('',*,*,#427,.T.);
#455 = ORIENTED_EDGE('',*,*,#456,.T.);
#456 = EDGE_CURVE('',#396,#457,#459,.T.);
#457 = VERTEX_POINT('',#458);
#458 = CARTESIAN_POINT('',(-1.65,-13.593,5.268111077993));
#459 = SURFACE_CURVE('',#460,(#464,#471),.PCURVE_S1.);
#460 = LINE('',#461,#462);
#461 = CARTESIAN_POINT('',(-4.406673841627,-13.593,6.006759607653));
#462 = VECTOR('',#463,1.);
#463 = DIRECTION('',(0.965925826289,0.,-0.258819045103));
#464 = PCURVE('',#441,#465);
#465 = DEFINITIONAL_REPRESENTATION('',(#466),#470);
#466 = LINE('',#467,#468);
#467 = CARTESIAN_POINT('',(0.,0.));
#468 = VECTOR('',#469,1.);
#469 = DIRECTION('',(0.,-1.));
#470 = ( GEOMETRIC_REPRESENTATION_CONTEXT(2) 
PARAMETRIC_REPRESENTATION_CONTEXT() REPRESENTATION_CONTEXT('2D SPACE',''
  ) );
#471 = PCURVE('',#412,#472);
#472 = DEFINITIONAL_REPRESENTATION('',(#473),#477);
#473 = LINE('',#474,#475);
#474 = CARTESIAN_POINT('',(3.14159265359,0.));
#475 = VECTOR('',#476,1.);
#476 = DIRECTION('',(0.,-1.));
#477 = ( GEOMETRIC_REPRESENTATION_CONTEXT(2) 
PARAMETRIC_REPRESENTATION_CONTEXT() REPRESENTATION_CONTEXT('2D SPACE',''
  ) );
#478 = ORIENTED_EDGE('',*,*,#479,.T.);
#479 = EDGE_CURVE('',#457,#480,#482,.T.);
#480 = VERTEX_POINT('',#481);
#481 = CARTESIAN_POINT('',(-1.65,-7.743,5.268111077993));
#482 = SURFACE_CURVE('',#483,(#487,#493),.PCURVE_S1.);
#483 = LINE('',#484,#485);
#484 = CARTESIAN_POINT('',(-1.65,-12.1305,5.268111077993));
#485 = VECTOR('',#486,1.);
#486 = DIRECTION('',(0.,1.,0.));
#487 = PCURVE('',#441,#488);
#488 = DEFINITIONAL_REPRESENTATION('',(#489),#492);
#489 = B_SPLINE_CURVE_WITH_KNOTS('',1,(#490,#491),.UNSPECIFIED.,.F.,.F.,
  (2,2),(-1.4625,4.3875),.PIECEWISE_BEZIER_KNOTS.);
#490 = CARTESIAN_POINT('',(0.,-2.853918765395));
#491 = CARTESIAN_POINT('',(5.85,-2.853918765395));
#492 = ( GEOMETRIC_REPRESENTATION_CONTEXT(2) 
PARAMETRIC_REPRESENTATION_CONTEXT() REPRESENTATION_CONTEXT('2D SPACE',''
  ) );
#493 = PCURVE('',#494,#499);
#494 = PLANE('',#495);
#495 = AXIS2_PLACEMENT_3D('',#496,#497,#498);
#496 = CARTESIAN_POINT('',(-1.65,-10.668,1.85));
#497 = DIRECTION('',(-1.,-0.,-0.));
#498 = DIRECTION('',(0.,0.,-1.));
#499 = DEFINITIONAL_REPRESENTATION('',(#500),#503);
#500 = B_SPLINE_CURVE_WITH_KNOTS('',1,(#501,#502),.UNSPECIFIED.,.F.,.F.,
  (2,2),(-1.4625,4.3875),.PIECEWISE_BEZIER_KNOTS.);
#501 = CARTESIAN_POINT('',(-3.418111077993,2.925));
#502 = CARTESIAN_POINT('',(-3.418111077993,-2.925));
#503 = ( GEOMETRIC_REPRESENTATION_CONTEXT(2) 
PARAMETRIC_REPRESENTATION_CONTEXT() REPRESENTATION_CONTEXT('2D SPACE',''
  ) );
#504 = ORIENTED_EDGE('',*,*,#505,.F.);
#505 = EDGE_CURVE('',#258,#480,#506,.T.);
#506 = SURFACE_CURVE('',#507,(#511,#518),.PCURVE_S1.);
#507 = LINE('',#508,#509);
#508 = CARTESIAN_POINT('',(-4.406673841627,-7.743,6.006759607653));
#509 = VECTOR('',#510,1.);
#510 = DIRECTION('',(0.965925826289,0.,-0.258819045103));
#511 = PCURVE('',#441,#512);
#512 = DEFINITIONAL_REPRESENTATION('',(#513),#517);
#513 = LINE('',#514,#515);
#514 = CARTESIAN_POINT('',(5.85,0.));
#515 = VECTOR('',#516,1.);
#516 = DIRECTION('',(0.,-1.));
#517 = ( GEOMETRIC_REPRESENTATION_CONTEXT(2) 
PARAMETRIC_REPRESENTATION_CONTEXT() REPRESENTATION_CONTEXT('2D SPACE',''
  ) );
#518 = PCURVE('',#274,#519);
#519 = DEFINITIONAL_REPRESENTATION('',(#520),#524);
#520 = LINE('',#521,#522);
#521 = CARTESIAN_POINT('',(0.,0.));
#522 = VECTOR('',#523,1.);
#523 = DIRECTION('',(0.,-1.));
#524 = ( GEOMETRIC_REPRESENTATION_CONTEXT(2) 
PARAMETRIC_REPRESENTATION_CONTEXT() REPRESENTATION_CONTEXT('2D SPACE',''
  ) );
#525 = ADVANCED_FACE('',(#526),#494,.F.);
#526 = FACE_BOUND('',#527,.F.);
#527 = EDGE_LOOP('',(#528,#555,#576,#605,#633,#662,#683,#708));
#528 = ORIENTED_EDGE('',*,*,#529,.F.);
#529 = EDGE_CURVE('',#530,#457,#532,.T.);
#530 = VERTEX_POINT('',#531);
#531 = CARTESIAN_POINT('',(-1.65,-15.08499986231,4.864516129032));
#532 = SURFACE_CURVE('',#533,(#538,#545),.PCURVE_S1.);
#533 = ELLIPSE('',#534,3.157592350251,3.05);
#534 = AXIS2_PLACEMENT_3D('',#535,#536,#537);
#535 = CARTESIAN_POINT('',(-1.65,-13.593,2.110518727742));
#536 = DIRECTION('',(-1.,0.,-0.));
#537 = DIRECTION('',(-0.,0.,1.));
#538 = PCURVE('',#494,#539);
#539 = DEFINITIONAL_REPRESENTATION('',(#540),#544);
#540 = ELLIPSE('',#541,3.157592350251,3.05);
#541 = AXIS2_PLACEMENT_2D('',#542,#543);
#542 = CARTESIAN_POINT('',(-0.260518727742,2.925));
#543 = DIRECTION('',(-1.,0.));
#544 = ( GEOMETRIC_REPRESENTATION_CONTEXT(2) 
PARAMETRIC_REPRESENTATION_CONTEXT() REPRESENTATION_CONTEXT('2D SPACE',''
  ) );
#545 = PCURVE('',#412,#546);
#546 = DEFINITIONAL_REPRESENTATION('',(#547),#554);
#547 = B_SPLINE_CURVE_WITH_KNOTS('',5,(#548,#549,#550,#551,#552,#553),
  .UNSPECIFIED.,.F.,.F.,(6,6),(5.714400667818,6.28318530718),
  .PIECEWISE_BEZIER_KNOTS.);
#548 = CARTESIAN_POINT('',(2.572808014228,-2.982588928913));
#549 = CARTESIAN_POINT('',(2.6865649421,-2.932515964986));
#550 = CARTESIAN_POINT('',(2.800321869973,-2.893580452906));
#551 = CARTESIAN_POINT('',(2.914078797845,-2.867137544813));
#552 = CARTESIAN_POINT('',(3.027835725717,-2.853918765395));
#553 = CARTESIAN_POINT('',(3.14159265359,-2.853918765395));
#554 = ( GEOMETRIC_REPRESENTATION_CONTEXT(2) 
PARAMETRIC_REPRESENTATION_CONTEXT() REPRESENTATION_CONTEXT('2D SPACE',''
  ) );
#555 = ORIENTED_EDGE('',*,*,#556,.T.);
#556 = EDGE_CURVE('',#530,#557,#559,.T.);
#557 = VERTEX_POINT('',#558);
#558 = CARTESIAN_POINT('',(-1.65,-16.62048751374,4.864516129032));
#559 = SURFACE_CURVE('',#560,(#564,#570),.PCURVE_S1.);
#560 = LINE('',#561,#562);
#561 = CARTESIAN_POINT('',(-1.65,-0.334,4.864516129032));
#562 = VECTOR('',#563,1.);
#563 = DIRECTION('',(0.,-1.,0.));
#564 = PCURVE('',#494,#565);
#565 = DEFINITIONAL_REPRESENTATION('',(#566),#569);
#566 = B_SPLINE_CURVE_WITH_KNOTS('',1,(#567,#568),.UNSPECIFIED.,.F.,.F.,
  (2,2),(3.9173793742,16.7506206258),.PIECEWISE_BEZIER_KNOTS.);
#567 = CARTESIAN_POINT('',(-3.014516129032,-6.4166206258));
#568 = CARTESIAN_POINT('',(-3.014516129032,6.4166206258));
#569 = ( GEOMETRIC_REPRESENTATION_CONTEXT(2) 
PARAMETRIC_REPRESENTATION_CONTEXT() REPRESENTATION_CONTEXT('2D SPACE',''
  ) );
#570 = PCURVE('',#43,#571);
#571 = DEFINITIONAL_REPRESENTATION('',(#572),#575);
#572 = B_SPLINE_CURVE_WITH_KNOTS('',1,(#573,#574),.UNSPECIFIED.,.F.,.F.,
  (2,2),(3.9173793742,16.7506206258),.PIECEWISE_BEZIER_KNOTS.);
#573 = CARTESIAN_POINT('',(1.838798102005,-14.2513793742));
#574 = CARTESIAN_POINT('',(1.838798102005,-27.0846206258));
#575 = ( GEOMETRIC_REPRESENTATION_CONTEXT(2) 
PARAMETRIC_REPRESENTATION_CONTEXT() REPRESENTATION_CONTEXT('2D SPACE',''
  ) );
#576 = ORIENTED_EDGE('',*,*,#577,.T.);
#577 = EDGE_CURVE('',#557,#578,#580,.T.);
#578 = VERTEX_POINT('',#579);
#579 = CARTESIAN_POINT('',(-1.65,-14.068,5.8));
#580 = SURFACE_CURVE('',#581,(#586,#593),.PCURVE_S1.);
#581 = CIRCLE('',#582,3.95);
#582 = AXIS2_PLACEMENT_3D('',#583,#584,#585);
#583 = CARTESIAN_POINT('',(-1.65,-14.068,1.85));
#584 = DIRECTION('',(-1.,0.,-0.));
#585 = DIRECTION('',(0.,1.124276480633E-16,-1.));
#586 = PCURVE('',#494,#587);
#587 = DEFINITIONAL_REPRESENTATION('',(#588),#592);
#588 = CIRCLE('',#589,3.95);
#589 = AXIS2_PLACEMENT_2D('',#590,#591);
#590 = CARTESIAN_POINT('',(-8.881784197001E-16,3.4));
#591 = DIRECTION('',(1.,-1.124276480633E-16));
#592 = ( GEOMETRIC_REPRESENTATION_CONTEXT(2) 
PARAMETRIC_REPRESENTATION_CONTEXT() REPRESENTATION_CONTEXT('2D SPACE',''
  ) );
#593 = PCURVE('',#594,#599);
#594 = CYLINDRICAL_SURFACE('',#595,3.95);
#595 = AXIS2_PLACEMENT_3D('',#596,#597,#598);
#596 = CARTESIAN_POINT('',(-1.65,-14.068,1.85));
#597 = DIRECTION('',(-1.,0.,-0.));
#598 = DIRECTION('',(0.,1.124276480633E-16,-1.));
#599 = DEFINITIONAL_REPRESENTATION('',(#600),#604);
#600 = LINE('',#601,#602);
#601 = CARTESIAN_POINT('',(0.,0.));
#602 = VECTOR('',#603,1.);
#603 = DIRECTION('',(1.,0.));
#604 = ( GEOMETRIC_REPRESENTATION_CONTEXT(2) 
PARAMETRIC_REPRESENTATION_CONTEXT() REPRESENTATION_CONTEXT('2D SPACE',''
  ) );
#605 = ORIENTED_EDGE('',*,*,#606,.T.);
#606 = EDGE_CURVE('',#578,#607,#609,.T.);
#607 = VERTEX_POINT('',#608);
#608 = CARTESIAN_POINT('',(-1.65,-7.268,5.8));
#609 = SURFACE_CURVE('',#610,(#614,#621),.PCURVE_S1.);
#610 = LINE('',#611,#612);
#611 = CARTESIAN_POINT('',(-1.65,-14.068,5.8));
#612 = VECTOR('',#613,1.);
#613 = DIRECTION('',(0.,1.,0.));
#614 = PCURVE('',#494,#615);
#615 = DEFINITIONAL_REPRESENTATION('',(#616),#620);
#616 = LINE('',#617,#618);
#617 = CARTESIAN_POINT('',(-3.95,3.4));
#618 = VECTOR('',#619,1.);
#619 = DIRECTION('',(0.,-1.));
#620 = ( GEOMETRIC_REPRESENTATION_CONTEXT(2) 
PARAMETRIC_REPRESENTATION_CONTEXT() REPRESENTATION_CONTEXT('2D SPACE',''
  ) );
#621 = PCURVE('',#622,#627);
#622 = PLANE('',#623);
#623 = AXIS2_PLACEMENT_3D('',#624,#625,#626);
#624 = CARTESIAN_POINT('',(-1.65,-14.068,5.8));
#625 = DIRECTION('',(0.,0.,1.));
#626 = DIRECTION('',(0.,1.,0.));
#627 = DEFINITIONAL_REPRESENTATION('',(#628),#632);
#628 = LINE('',#629,#630);
#629 = CARTESIAN_POINT('',(0.,0.));
#630 = VECTOR('',#631,1.);
#631 = DIRECTION('',(1.,0.));
#632 = ( GEOMETRIC_REPRESENTATION_CONTEXT(2) 
PARAMETRIC_REPRESENTATION_CONTEXT() REPRESENTATION_CONTEXT('2D SPACE',''
  ) );
#633 = ORIENTED_EDGE('',*,*,#634,.T.);
#634 = EDGE_CURVE('',#607,#635,#637,.T.);
#635 = VERTEX_POINT('',#636);
#636 = CARTESIAN_POINT('',(-1.65,-4.715512486259,4.864516129032));
#637 = SURFACE_CURVE('',#638,(#643,#650),.PCURVE_S1.);
#638 = CIRCLE('',#639,3.95);
#639 = AXIS2_PLACEMENT_3D('',#640,#641,#642);
#640 = CARTESIAN_POINT('',(-1.65,-7.268,1.85));
#641 = DIRECTION('',(-1.,0.,0.));
#642 = DIRECTION('',(0.,-1.124276480633E-16,1.));
#643 = PCURVE('',#494,#644);
#644 = DEFINITIONAL_REPRESENTATION('',(#645),#649);
#645 = CIRCLE('',#646,3.95);
#646 = AXIS2_PLACEMENT_2D('',#647,#648);
#647 = CARTESIAN_POINT('',(0.,-3.4));
#648 = DIRECTION('',(-1.,1.124276480633E-16));
#649 = ( GEOMETRIC_REPRESENTATION_CONTEXT(2) 
PARAMETRIC_REPRESENTATION_CONTEXT() REPRESENTATION_CONTEXT('2D SPACE',''
  ) );
#650 = PCURVE('',#651,#656);
#651 = CYLINDRICAL_SURFACE('',#652,3.95);
#652 = AXIS2_PLACEMENT_3D('',#653,#654,#655);
#653 = CARTESIAN_POINT('',(-1.65,-7.268,1.85));
#654 = DIRECTION('',(-1.,0.,0.));
#655 = DIRECTION('',(0.,-1.124276480633E-16,1.));
#656 = DEFINITIONAL_REPRESENTATION('',(#657),#661);
#657 = LINE('',#658,#659);
#658 = CARTESIAN_POINT('',(0.,0.));
#659 = VECTOR('',#660,1.);
#660 = DIRECTION('',(1.,0.));
#661 = ( GEOMETRIC_REPRESENTATION_CONTEXT(2) 
PARAMETRIC_REPRESENTATION_CONTEXT() REPRESENTATION_CONTEXT('2D SPACE',''
  ) );
#662 = ORIENTED_EDGE('',*,*,#663,.T.);
#663 = EDGE_CURVE('',#635,#664,#666,.T.);
#664 = VERTEX_POINT('',#665);
#665 = CARTESIAN_POINT('',(-1.65,-6.251000137685,4.864516129032));
#666 = SURFACE_CURVE('',#667,(#671,#677),.PCURVE_S1.);
#667 = LINE('',#668,#669);
#668 = CARTESIAN_POINT('',(-1.65,-0.334,4.864516129032));
#669 = VECTOR('',#670,1.);
#670 = DIRECTION('',(0.,-1.,0.));
#671 = PCURVE('',#494,#672);
#672 = DEFINITIONAL_REPRESENTATION('',(#673),#676);
#673 = B_SPLINE_CURVE_WITH_KNOTS('',1,(#674,#675),.UNSPECIFIED.,.F.,.F.,
  (2,2),(3.9173793742,16.7506206258),.PIECEWISE_BEZIER_KNOTS.);
#674 = CARTESIAN_POINT('',(-3.014516129032,-6.4166206258));
#675 = CARTESIAN_POINT('',(-3.014516129032,6.4166206258));
#676 = ( GEOMETRIC_REPRESENTATION_CONTEXT(2) 
PARAMETRIC_REPRESENTATION_CONTEXT() REPRESENTATION_CONTEXT('2D SPACE',''
  ) );
#677 = PCURVE('',#305,#678);
#678 = DEFINITIONAL_REPRESENTATION('',(#679),#682);
#679 = B_SPLINE_CURVE_WITH_KNOTS('',1,(#680,#681),.UNSPECIFIED.,.F.,.F.,
  (2,2),(3.9173793742,16.7506206258),.PIECEWISE_BEZIER_KNOTS.);
#680 = CARTESIAN_POINT('',(1.838798102005,-14.2513793742));
#681 = CARTESIAN_POINT('',(1.838798102005,-27.0846206258));
#682 = ( GEOMETRIC_REPRESENTATION_CONTEXT(2) 
PARAMETRIC_REPRESENTATION_CONTEXT() REPRESENTATION_CONTEXT('2D SPACE',''
  ) );
#683 = ORIENTED_EDGE('',*,*,#684,.F.);
#684 = EDGE_CURVE('',#480,#664,#685,.T.);
#685 = SURFACE_CURVE('',#686,(#691,#698),.PCURVE_S1.);
#686 = ELLIPSE('',#687,3.157592350251,3.05);
#687 = AXIS2_PLACEMENT_3D('',#688,#689,#690);
#688 = CARTESIAN_POINT('',(-1.65,-7.743,2.110518727742));
#689 = DIRECTION('',(-1.,0.,-0.));
#690 = DIRECTION('',(-0.,0.,1.));
#691 = PCURVE('',#494,#692);
#692 = DEFINITIONAL_REPRESENTATION('',(#693),#697);
#693 = ELLIPSE('',#694,3.157592350251,3.05);
#694 = AXIS2_PLACEMENT_2D('',#695,#696);
#695 = CARTESIAN_POINT('',(-0.260518727742,-2.925));
#696 = DIRECTION('',(-1.,0.));
#697 = ( GEOMETRIC_REPRESENTATION_CONTEXT(2) 
PARAMETRIC_REPRESENTATION_CONTEXT() REPRESENTATION_CONTEXT('2D SPACE',''
  ) );
#698 = PCURVE('',#274,#699);
#699 = DEFINITIONAL_REPRESENTATION('',(#700),#707);
#700 = B_SPLINE_CURVE_WITH_KNOTS('',5,(#701,#702,#703,#704,#705,#706),
  .UNSPECIFIED.,.F.,.F.,(6,6),(2.912060392459E-16,0.568784639362),
  .PIECEWISE_BEZIER_KNOTS.);
#701 = CARTESIAN_POINT('',(0.,-2.853918765395));
#702 = CARTESIAN_POINT('',(0.113756927872,-2.853918765395));
#703 = CARTESIAN_POINT('',(0.227513855745,-2.867137544813));
#704 = CARTESIAN_POINT('',(0.341270783617,-2.893580452906));
#705 = CARTESIAN_POINT('',(0.455027711489,-2.932515964986));
#706 = CARTESIAN_POINT('',(0.568784639362,-2.982588928913));
#707 = ( GEOMETRIC_REPRESENTATION_CONTEXT(2) 
PARAMETRIC_REPRESENTATION_CONTEXT() REPRESENTATION_CONTEXT('2D SPACE',''
  ) );
#708 = ORIENTED_EDGE('',*,*,#479,.F.);
#709 = ADVANCED_FACE('',(#710),#594,.F.);
#710 = FACE_BOUND('',#711,.F.);
#711 = EDGE_LOOP('',(#712,#713,#740,#773));
#712 = ORIENTED_EDGE('',*,*,#577,.F.);
#713 = ORIENTED_EDGE('',*,*,#714,.F.);
#714 = EDGE_CURVE('',#715,#557,#717,.T.);
#715 = VERTEX_POINT('',#716);
#716 = CARTESIAN_POINT('',(-1.512643030558,-16.67191394394,
    4.820207429212));
#717 = SURFACE_CURVE('',#718,(#723,#733),.PCURVE_S1.);
#718 = ELLIPSE('',#719,12.866333005173,3.95);
#719 = AXIS2_PLACEMENT_3D('',#720,#721,#722);
#720 = CARTESIAN_POINT('',(7.695,-14.068,1.85));
#721 = DIRECTION('',(-0.307002779923,0.,-0.951708617761));
#722 = DIRECTION('',(-0.951708617761,0.,0.307002779923));
#723 = PCURVE('',#594,#724);
#724 = DEFINITIONAL_REPRESENTATION('',(#725),#732);
#725 = B_SPLINE_CURVE_WITH_KNOTS('',5,(#726,#727,#728,#729,#730,#731),
  .UNSPECIFIED.,.F.,.F.,(6,6),(5.429225175652,5.580591576493),
  .PIECEWISE_BEZIER_KNOTS.);
#726 = CARTESIAN_POINT('',(2.287632522062,-1.3000006));
#727 = CARTESIAN_POINT('',(2.31790580223,-1.020537048771));
#728 = CARTESIAN_POINT('',(2.348179082399,-0.750289760136));
#729 = CARTESIAN_POINT('',(2.378452362567,-0.48979233889));
#730 = CARTESIAN_POINT('',(2.408725642735,-0.2395431044));
#731 = CARTESIAN_POINT('',(2.438998922904,5.99999998574E-07));
#732 = ( GEOMETRIC_REPRESENTATION_CONTEXT(2) 
PARAMETRIC_REPRESENTATION_CONTEXT() REPRESENTATION_CONTEXT('2D SPACE',''
  ) );
#733 = PCURVE('',#43,#734);
#734 = DEFINITIONAL_REPRESENTATION('',(#735),#739);
#735 = ELLIPSE('',#736,12.866333005173,3.95);
#736 = AXIS2_PLACEMENT_2D('',#737,#738);
#737 = CARTESIAN_POINT('',(-7.980383762702,-24.068));
#738 = DIRECTION('',(1.,0.));
#739 = ( GEOMETRIC_REPRESENTATION_CONTEXT(2) 
PARAMETRIC_REPRESENTATION_CONTEXT() REPRESENTATION_CONTEXT('2D SPACE',''
  ) );
#740 = ORIENTED_EDGE('',*,*,#741,.T.);
#741 = EDGE_CURVE('',#715,#742,#744,.T.);
#742 = VERTEX_POINT('',#743);
#743 = CARTESIAN_POINT('',(-1.426922288007,-14.068,5.8));
#744 = SURFACE_CURVE('',#745,(#750,#761),.PCURVE_S1.);
#745 = ELLIPSE('',#746,3.965088358296,3.95);
#746 = AXIS2_PLACEMENT_3D('',#747,#748,#749);
#747 = CARTESIAN_POINT('',(-1.772502508935,-14.068,1.85));
#748 = DIRECTION('',(-0.996194698092,-0.,8.715574274766E-02));
#749 = DIRECTION('',(-8.715574274766E-02,0.,-0.996194698092));
#750 = PCURVE('',#594,#751);
#751 = DEFINITIONAL_REPRESENTATION('',(#752),#760);
#752 = B_SPLINE_CURVE_WITH_KNOTS('',6,(#753,#754,#755,#756,#757,#758,
    #759),.UNSPECIFIED.,.F.,.F.,(7,7),(2.287632587058,3.14159265359),
  .PIECEWISE_BEZIER_KNOTS.);
#753 = CARTESIAN_POINT('',(2.287632587058,-0.10454468399));
#754 = CARTESIAN_POINT('',(2.429959264813,-0.141624884097));
#755 = CARTESIAN_POINT('',(2.572285942568,-0.173185903367));
#756 = CARTESIAN_POINT('',(2.714612620324,-0.197876151381));
#757 = CARTESIAN_POINT('',(2.856939298079,-0.214677307627));
#758 = CARTESIAN_POINT('',(2.999265975834,-0.223077711993));
#759 = CARTESIAN_POINT('',(3.14159265359,-0.223077711993));
#760 = ( GEOMETRIC_REPRESENTATION_CONTEXT(2) 
PARAMETRIC_REPRESENTATION_CONTEXT() REPRESENTATION_CONTEXT('2D SPACE',''
  ) );
#761 = PCURVE('',#762,#767);
#762 = PLANE('',#763);
#763 = AXIS2_PLACEMENT_3D('',#764,#765,#766);
#764 = CARTESIAN_POINT('',(-1.763284155515,-10.668,1.955366261736));
#765 = DIRECTION('',(-0.996194698092,-0.,8.715574274766E-02));
#766 = DIRECTION('',(-8.715574274766E-02,0.,-0.996194698092));
#767 = DEFINITIONAL_REPRESENTATION('',(#768),#772);
#768 = ELLIPSE('',#769,3.965088358296,3.95);
#769 = AXIS2_PLACEMENT_2D('',#770,#771);
#770 = CARTESIAN_POINT('',(0.105768743738,3.4));
#771 = DIRECTION('',(1.,-0.));
#772 = ( GEOMETRIC_REPRESENTATION_CONTEXT(2) 
PARAMETRIC_REPRESENTATION_CONTEXT() REPRESENTATION_CONTEXT('2D SPACE',''
  ) );
#773 = ORIENTED_EDGE('',*,*,#774,.F.);
#774 = EDGE_CURVE('',#578,#742,#775,.T.);
#775 = SURFACE_CURVE('',#776,(#780,#787),.PCURVE_S1.);
#776 = LINE('',#777,#778);
#777 = CARTESIAN_POINT('',(-1.65,-14.068,5.8));
#778 = VECTOR('',#779,1.);
#779 = DIRECTION('',(1.,0.,0.));
#780 = PCURVE('',#594,#781);
#781 = DEFINITIONAL_REPRESENTATION('',(#782),#786);
#782 = LINE('',#783,#784);
#783 = CARTESIAN_POINT('',(3.14159265359,0.));
#784 = VECTOR('',#785,1.);
#785 = DIRECTION('',(0.,-1.));
#786 = ( GEOMETRIC_REPRESENTATION_CONTEXT(2) 
PARAMETRIC_REPRESENTATION_CONTEXT() REPRESENTATION_CONTEXT('2D SPACE',''
  ) );
#787 = PCURVE('',#622,#788);
#788 = DEFINITIONAL_REPRESENTATION('',(#789),#793);
#789 = LINE('',#790,#791);
#790 = CARTESIAN_POINT('',(0.,0.));
#791 = VECTOR('',#792,1.);
#792 = DIRECTION('',(0.,-1.));
#793 = ( GEOMETRIC_REPRESENTATION_CONTEXT(2) 
PARAMETRIC_REPRESENTATION_CONTEXT() REPRESENTATION_CONTEXT('2D SPACE',''
  ) );
#794 = ADVANCED_FACE('',(#795),#762,.F.);
#795 = FACE_BOUND('',#796,.F.);
#796 = EDGE_LOOP('',(#797,#828,#856,#885,#906,#934,#953,#954));
#797 = ORIENTED_EDGE('',*,*,#798,.T.);
#798 = EDGE_CURVE('',#799,#801,#803,.T.);
#799 = VERTEX_POINT('',#800);
#800 = CARTESIAN_POINT('',(-1.512643030558,-16.77583384121,
    4.820207429212));
#801 = VERTEX_POINT('',#802);
#802 = CARTESIAN_POINT('',(-1.419018971662,-14.068,5.890335319198));
#803 = SURFACE_CURVE('',#804,(#809,#816),.PCURVE_S1.);
#804 = CIRCLE('',#805,3.95);
#805 = AXIS2_PLACEMENT_3D('',#806,#807,#808);
#806 = CARTESIAN_POINT('',(-1.763284155515,-14.068,1.955366261736));
#807 = DIRECTION('',(-0.996194698092,0.,8.715574274766E-02));
#808 = DIRECTION('',(-8.715574274766E-02,1.124276480633E-16,
    -0.996194698092));
#809 = PCURVE('',#762,#810);
#810 = DEFINITIONAL_REPRESENTATION('',(#811),#815);
#811 = CIRCLE('',#812,3.95);
#812 = AXIS2_PLACEMENT_2D('',#813,#814);
#813 = CARTESIAN_POINT('',(-8.847986326648E-16,3.4));
#814 = DIRECTION('',(1.,-1.124276480633E-16));
#815 = ( GEOMETRIC_REPRESENTATION_CONTEXT(2) 
PARAMETRIC_REPRESENTATION_CONTEXT() REPRESENTATION_CONTEXT('2D SPACE',''
  ) );
#816 = PCURVE('',#817,#822);
#817 = CYLINDRICAL_SURFACE('',#818,3.95);
#818 = AXIS2_PLACEMENT_3D('',#819,#820,#821);
#819 = CARTESIAN_POINT('',(-1.763284155515,-14.068,1.955366261736));
#820 = DIRECTION('',(-0.996194698092,0.,8.715574274766E-02));
#821 = DIRECTION('',(-8.715574274766E-02,1.124276480633E-16,
    -0.996194698092));
#822 = DEFINITIONAL_REPRESENTATION('',(#823),#827);
#823 = LINE('',#824,#825);
#824 = CARTESIAN_POINT('',(0.,0.));
#825 = VECTOR('',#826,1.);
#826 = DIRECTION('',(1.,0.));
#827 = ( GEOMETRIC_REPRESENTATION_CONTEXT(2) 
PARAMETRIC_REPRESENTATION_CONTEXT() REPRESENTATION_CONTEXT('2D SPACE',''
  ) );
#828 = ORIENTED_EDGE('',*,*,#829,.T.);
#829 = EDGE_CURVE('',#801,#830,#832,.T.);
#830 = VERTEX_POINT('',#831);
#831 = CARTESIAN_POINT('',(-1.419018971662,-7.268,5.890335319198));
#832 = SURFACE_CURVE('',#833,(#837,#844),.PCURVE_S1.);
#833 = LINE('',#834,#835);
#834 = CARTESIAN_POINT('',(-1.419018971662,-14.068,5.890335319198));
#835 = VECTOR('',#836,1.);
#836 = DIRECTION('',(0.,1.,0.));
#837 = PCURVE('',#762,#838);
#838 = DEFINITIONAL_REPRESENTATION('',(#839),#843);
#839 = LINE('',#840,#841);
#840 = CARTESIAN_POINT('',(-3.95,3.4));
#841 = VECTOR('',#842,1.);
#842 = DIRECTION('',(0.,-1.));
#843 = ( GEOMETRIC_REPRESENTATION_CONTEXT(2) 
PARAMETRIC_REPRESENTATION_CONTEXT() REPRESENTATION_CONTEXT('2D SPACE',''
  ) );
#844 = PCURVE('',#845,#850);
#845 = PLANE('',#846);
#846 = AXIS2_PLACEMENT_3D('',#847,#848,#849);
#847 = CARTESIAN_POINT('',(-1.419018971662,-14.068,5.890335319198));
#848 = DIRECTION('',(8.715574274766E-02,0.,0.996194698092));
#849 = DIRECTION('',(0.,1.,0.));
#850 = DEFINITIONAL_REPRESENTATION('',(#851),#855);
#851 = LINE('',#852,#853);
#852 = CARTESIAN_POINT('',(0.,0.));
#853 = VECTOR('',#854,1.);
#854 = DIRECTION('',(1.,0.));
#855 = ( GEOMETRIC_REPRESENTATION_CONTEXT(2) 
PARAMETRIC_REPRESENTATION_CONTEXT() REPRESENTATION_CONTEXT('2D SPACE',''
  ) );
#856 = ORIENTED_EDGE('',*,*,#857,.T.);
#857 = EDGE_CURVE('',#830,#858,#860,.T.);
#858 = VERTEX_POINT('',#859);
#859 = CARTESIAN_POINT('',(-1.512643030558,-4.560166158788,
    4.820207429212));
#860 = SURFACE_CURVE('',#861,(#866,#873),.PCURVE_S1.);
#861 = CIRCLE('',#862,3.95);
#862 = AXIS2_PLACEMENT_3D('',#863,#864,#865);
#863 = CARTESIAN_POINT('',(-1.763284155515,-7.268,1.955366261736));
#864 = DIRECTION('',(-0.996194698092,0.,8.715574274766E-02));
#865 = DIRECTION('',(8.715574274766E-02,-1.124276480633E-16,
    0.996194698092));
#866 = PCURVE('',#762,#867);
#867 = DEFINITIONAL_REPRESENTATION('',(#868),#872);
#868 = CIRCLE('',#869,3.95);
#869 = AXIS2_PLACEMENT_2D('',#870,#871);
#870 = CARTESIAN_POINT('',(0.,-3.4));
#871 = DIRECTION('',(-1.,1.124276480633E-16));
#872 = ( GEOMETRIC_REPRESENTATION_CONTEXT(2) 
PARAMETRIC_REPRESENTATION_CONTEXT() REPRESENTATION_CONTEXT('2D SPACE',''
  ) );
#873 = PCURVE('',#874,#879);
#874 = CYLINDRICAL_SURFACE('',#875,3.95);
#875 = AXIS2_PLACEMENT_3D('',#876,#877,#878);
#876 = CARTESIAN_POINT('',(-1.763284155515,-7.268,1.955366261736));
#877 = DIRECTION('',(-0.996194698092,0.,8.715574274766E-02));
#878 = DIRECTION('',(8.715574274766E-02,-1.124276480633E-16,
    0.996194698092));
#879 = DEFINITIONAL_REPRESENTATION('',(#880),#884);
#880 = LINE('',#881,#882);
#881 = CARTESIAN_POINT('',(0.,0.));
#882 = VECTOR('',#883,1.);
#883 = DIRECTION('',(1.,0.));
#884 = ( GEOMETRIC_REPRESENTATION_CONTEXT(2) 
PARAMETRIC_REPRESENTATION_CONTEXT() REPRESENTATION_CONTEXT('2D SPACE',''
  ) );
#885 = ORIENTED_EDGE('',*,*,#886,.F.);
#886 = EDGE_CURVE('',#887,#858,#889,.T.);
#887 = VERTEX_POINT('',#888);
#888 = CARTESIAN_POINT('',(-1.512643030558,-4.664086056059,
    4.820207429212));
#889 = SURFACE_CURVE('',#890,(#894,#900),.PCURVE_S1.);
#890 = LINE('',#891,#892);
#891 = CARTESIAN_POINT('',(-1.512643030558,-0.334,4.820207429212));
#892 = VECTOR('',#893,1.);
#893 = DIRECTION('',(-0.,1.,0.));
#894 = PCURVE('',#762,#895);
#895 = DEFINITIONAL_REPRESENTATION('',(#896),#899);
#896 = B_SPLINE_CURVE_WITH_KNOTS('',1,(#897,#898),.UNSPECIFIED.,.F.,.F.,
  (2,2),(-17.684,-2.984),.PIECEWISE_BEZIER_KNOTS.);
#897 = CARTESIAN_POINT('',(-2.875784395324,7.35));
#898 = CARTESIAN_POINT('',(-2.875784395324,-7.35));
#899 = ( GEOMETRIC_REPRESENTATION_CONTEXT(2) 
PARAMETRIC_REPRESENTATION_CONTEXT() REPRESENTATION_CONTEXT('2D SPACE',''
  ) );
#900 = PCURVE('',#305,#901);
#901 = DEFINITIONAL_REPRESENTATION('',(#902),#905);
#902 = B_SPLINE_CURVE_WITH_KNOTS('',1,(#903,#904),.UNSPECIFIED.,.F.,.F.,
  (2,2),(-17.684,-2.984),.PIECEWISE_BEZIER_KNOTS.);
#903 = CARTESIAN_POINT('',(1.694471396458,-28.018));
#904 = CARTESIAN_POINT('',(1.694471396458,-13.318));
#905 = ( GEOMETRIC_REPRESENTATION_CONTEXT(2) 
PARAMETRIC_REPRESENTATION_CONTEXT() REPRESENTATION_CONTEXT('2D SPACE',''
  ) );
#906 = ORIENTED_EDGE('',*,*,#907,.F.);
#907 = EDGE_CURVE('',#908,#887,#910,.T.);
#908 = VERTEX_POINT('',#909);
#909 = CARTESIAN_POINT('',(-1.426922288007,-7.268,5.8));
#910 = SURFACE_CURVE('',#911,(#916,#923),.PCURVE_S1.);
#911 = ELLIPSE('',#912,3.965088358296,3.95);
#912 = AXIS2_PLACEMENT_3D('',#913,#914,#915);
#913 = CARTESIAN_POINT('',(-1.772502508935,-7.268,1.85));
#914 = DIRECTION('',(-0.996194698092,-0.,8.715574274766E-02));
#915 = DIRECTION('',(-8.715574274766E-02,0.,-0.996194698092));
#916 = PCURVE('',#762,#917);
#917 = DEFINITIONAL_REPRESENTATION('',(#918),#922);
#918 = ELLIPSE('',#919,3.965088358296,3.95);
#919 = AXIS2_PLACEMENT_2D('',#920,#921);
#920 = CARTESIAN_POINT('',(0.105768743738,-3.4));
#921 = DIRECTION('',(1.,-0.));
#922 = ( GEOMETRIC_REPRESENTATION_CONTEXT(2) 
PARAMETRIC_REPRESENTATION_CONTEXT() REPRESENTATION_CONTEXT('2D SPACE',''
  ) );
#923 = PCURVE('',#651,#924);
#924 = DEFINITIONAL_REPRESENTATION('',(#925),#933);
#925 = B_SPLINE_CURVE_WITH_KNOTS('',6,(#926,#927,#928,#929,#930,#931,
    #932),.UNSPECIFIED.,.F.,.F.,(7,7),(3.14159265359,3.995552720122),
  .PIECEWISE_BEZIER_KNOTS.);
#926 = CARTESIAN_POINT('',(0.,-0.223077711993));
#927 = CARTESIAN_POINT('',(0.142326677755,-0.223077711993));
#928 = CARTESIAN_POINT('',(0.284653355511,-0.214677307627));
#929 = CARTESIAN_POINT('',(0.426980033266,-0.197876151381));
#930 = CARTESIAN_POINT('',(0.569306711021,-0.173185903367));
#931 = CARTESIAN_POINT('',(0.711633388777,-0.141624884097));
#932 = CARTESIAN_POINT('',(0.853960066532,-0.10454468399));
#933 = ( GEOMETRIC_REPRESENTATION_CONTEXT(2) 
PARAMETRIC_REPRESENTATION_CONTEXT() REPRESENTATION_CONTEXT('2D SPACE',''
  ) );
#934 = ORIENTED_EDGE('',*,*,#935,.T.);
#935 = EDGE_CURVE('',#908,#742,#936,.T.);
#936 = SURFACE_CURVE('',#937,(#941,#947),.PCURVE_S1.);
#937 = LINE('',#938,#939);
#938 = CARTESIAN_POINT('',(-1.426922288007,-12.368,5.8));
#939 = VECTOR('',#940,1.);
#940 = DIRECTION('',(0.,-1.,0.));
#941 = PCURVE('',#762,#942);
#942 = DEFINITIONAL_REPRESENTATION('',(#943),#946);
#943 = B_SPLINE_CURVE_WITH_KNOTS('',1,(#944,#945),.UNSPECIFIED.,.F.,.F.,
  (2,2),(-5.1,1.7),.PIECEWISE_BEZIER_KNOTS.);
#944 = CARTESIAN_POINT('',(-3.859319614558,-3.4));
#945 = CARTESIAN_POINT('',(-3.859319614558,3.4));
#946 = ( GEOMETRIC_REPRESENTATION_CONTEXT(2) 
PARAMETRIC_REPRESENTATION_CONTEXT() REPRESENTATION_CONTEXT('2D SPACE',''
  ) );
#947 = PCURVE('',#622,#948);
#948 = DEFINITIONAL_REPRESENTATION('',(#949),#952);
#949 = B_SPLINE_CURVE_WITH_KNOTS('',1,(#950,#951),.UNSPECIFIED.,.F.,.F.,
  (2,2),(-5.1,1.7),.PIECEWISE_BEZIER_KNOTS.);
#950 = CARTESIAN_POINT('',(6.8,-0.223077711993));
#951 = CARTESIAN_POINT('',(0.,-0.223077711993));
#952 = ( GEOMETRIC_REPRESENTATION_CONTEXT(2) 
PARAMETRIC_REPRESENTATION_CONTEXT() REPRESENTATION_CONTEXT('2D SPACE',''
  ) );
#953 = ORIENTED_EDGE('',*,*,#741,.F.);
#954 = ORIENTED_EDGE('',*,*,#955,.F.);
#955 = EDGE_CURVE('',#799,#715,#956,.T.);
#956 = SURFACE_CURVE('',#957,(#961,#967),.PCURVE_S1.);
#957 = LINE('',#958,#959);
#958 = CARTESIAN_POINT('',(-1.512643030558,-0.334,4.820207429212));
#959 = VECTOR('',#960,1.);
#960 = DIRECTION('',(-0.,1.,0.));
#961 = PCURVE('',#762,#962);
#962 = DEFINITIONAL_REPRESENTATION('',(#963),#966);
#963 = B_SPLINE_CURVE_WITH_KNOTS('',1,(#964,#965),.UNSPECIFIED.,.F.,.F.,
  (2,2),(-17.684,-2.984),.PIECEWISE_BEZIER_KNOTS.);
#964 = CARTESIAN_POINT('',(-2.875784395324,7.35));
#965 = CARTESIAN_POINT('',(-2.875784395324,-7.35));
#966 = ( GEOMETRIC_REPRESENTATION_CONTEXT(2) 
PARAMETRIC_REPRESENTATION_CONTEXT() REPRESENTATION_CONTEXT('2D SPACE',''
  ) );
#967 = PCURVE('',#43,#968);
#968 = DEFINITIONAL_REPRESENTATION('',(#969),#972);
#969 = B_SPLINE_CURVE_WITH_KNOTS('',1,(#970,#971),.UNSPECIFIED.,.F.,.F.,
  (2,2),(-17.684,-2.984),.PIECEWISE_BEZIER_KNOTS.);
#970 = CARTESIAN_POINT('',(1.694471396458,-28.018));
#971 = CARTESIAN_POINT('',(1.694471396458,-13.318));
#972 = ( GEOMETRIC_REPRESENTATION_CONTEXT(2) 
PARAMETRIC_REPRESENTATION_CONTEXT() REPRESENTATION_CONTEXT('2D SPACE',''
  ) );
#973 = ADVANCED_FACE('',(#974),#845,.F.);
#974 = FACE_BOUND('',#975,.F.);
#975 = EDGE_LOOP('',(#976,#977,#1000,#1026));
#976 = ORIENTED_EDGE('',*,*,#829,.F.);
#977 = ORIENTED_EDGE('',*,*,#978,.T.);
#978 = EDGE_CURVE('',#801,#979,#981,.T.);
#979 = VERTEX_POINT('',#980);
#980 = CARTESIAN_POINT('',(-1.196790137712,-14.068,5.870892815519));
#981 = SURFACE_CURVE('',#982,(#986,#993),.PCURVE_S1.);
#982 = LINE('',#983,#984);
#983 = CARTESIAN_POINT('',(-1.419018971662,-14.068,5.890335319198));
#984 = VECTOR('',#985,1.);
#985 = DIRECTION('',(0.996194698092,0.,-8.715574274766E-02));
#986 = PCURVE('',#845,#987);
#987 = DEFINITIONAL_REPRESENTATION('',(#988),#992);
#988 = LINE('',#989,#990);
#989 = CARTESIAN_POINT('',(0.,0.));
#990 = VECTOR('',#991,1.);
#991 = DIRECTION('',(0.,-1.));
#992 = ( GEOMETRIC_REPRESENTATION_CONTEXT(2) 
PARAMETRIC_REPRESENTATION_CONTEXT() REPRESENTATION_CONTEXT('2D SPACE',''
  ) );
#993 = PCURVE('',#817,#994);
#994 = DEFINITIONAL_REPRESENTATION('',(#995),#999);
#995 = LINE('',#996,#997);
#996 = CARTESIAN_POINT('',(3.14159265359,0.));
#997 = VECTOR('',#998,1.);
#998 = DIRECTION('',(0.,-1.));
#999 = ( GEOMETRIC_REPRESENTATION_CONTEXT(2) 
PARAMETRIC_REPRESENTATION_CONTEXT() REPRESENTATION_CONTEXT('2D SPACE',''
  ) );
#1000 = ORIENTED_EDGE('',*,*,#1001,.F.);
#1001 = EDGE_CURVE('',#1002,#979,#1004,.T.);
#1002 = VERTEX_POINT('',#1003);
#1003 = CARTESIAN_POINT('',(-1.196790137712,-7.268,5.870892815519));
#1004 = SURFACE_CURVE('',#1005,(#1009,#1015),.PCURVE_S1.);
#1005 = LINE('',#1006,#1007);
#1006 = CARTESIAN_POINT('',(-1.196790137712,-12.368,5.870892815519));
#1007 = VECTOR('',#1008,1.);
#1008 = DIRECTION('',(0.,-1.,0.));
#1009 = PCURVE('',#845,#1010);
#1010 = DEFINITIONAL_REPRESENTATION('',(#1011),#1014);
#1011 = B_SPLINE_CURVE_WITH_KNOTS('',1,(#1012,#1013),.UNSPECIFIED.,.F.,
  .F.,(2,2),(-5.1,1.7),.PIECEWISE_BEZIER_KNOTS.);
#1012 = CARTESIAN_POINT('',(6.8,-0.223077711993));
#1013 = CARTESIAN_POINT('',(0.,-0.223077711993));
#1014 = ( GEOMETRIC_REPRESENTATION_CONTEXT(2) 
PARAMETRIC_REPRESENTATION_CONTEXT() REPRESENTATION_CONTEXT('2D SPACE',''
  ) );
#1015 = PCURVE('',#1016,#1021);
#1016 = PLANE('',#1017);
#1017 = AXIS2_PLACEMENT_3D('',#1018,#1019,#1020);
#1018 = CARTESIAN_POINT('',(-1.866953955814,-10.668,2.07020493775));
#1019 = DIRECTION('',(-0.984807753012,-0.,0.173648177667));
#1020 = DIRECTION('',(-0.173648177667,0.,-0.984807753012));
#1021 = DEFINITIONAL_REPRESENTATION('',(#1022),#1025);
#1022 = B_SPLINE_CURVE_WITH_KNOTS('',1,(#1023,#1024),.UNSPECIFIED.,.F.,
  .F.,(2,2),(-5.1,1.7),.PIECEWISE_BEZIER_KNOTS.);
#1023 = CARTESIAN_POINT('',(-3.859319614558,-3.4));
#1024 = CARTESIAN_POINT('',(-3.859319614558,3.4));
#1025 = ( GEOMETRIC_REPRESENTATION_CONTEXT(2) 
PARAMETRIC_REPRESENTATION_CONTEXT() REPRESENTATION_CONTEXT('2D SPACE',''
  ) );
#1026 = ORIENTED_EDGE('',*,*,#1027,.F.);
#1027 = EDGE_CURVE('',#830,#1002,#1028,.T.);
#1028 = SURFACE_CURVE('',#1029,(#1033,#1040),.PCURVE_S1.);
#1029 = LINE('',#1030,#1031);
#1030 = CARTESIAN_POINT('',(-1.419018971662,-7.268,5.890335319198));
#1031 = VECTOR('',#1032,1.);
#1032 = DIRECTION('',(0.996194698092,0.,-8.715574274766E-02));
#1033 = PCURVE('',#845,#1034);
#1034 = DEFINITIONAL_REPRESENTATION('',(#1035),#1039);
#1035 = LINE('',#1036,#1037);
#1036 = CARTESIAN_POINT('',(6.8,-2.211996581662E-16));
#1037 = VECTOR('',#1038,1.);
#1038 = DIRECTION('',(0.,-1.));
#1039 = ( GEOMETRIC_REPRESENTATION_CONTEXT(2) 
PARAMETRIC_REPRESENTATION_CONTEXT() REPRESENTATION_CONTEXT('2D SPACE',''
  ) );
#1040 = PCURVE('',#874,#1041);
#1041 = DEFINITIONAL_REPRESENTATION('',(#1042),#1046);
#1042 = LINE('',#1043,#1044);
#1043 = CARTESIAN_POINT('',(0.,0.));
#1044 = VECTOR('',#1045,1.);
#1045 = DIRECTION('',(0.,-1.));
#1046 = ( GEOMETRIC_REPRESENTATION_CONTEXT(2) 
PARAMETRIC_REPRESENTATION_CONTEXT() REPRESENTATION_CONTEXT('2D SPACE',''
  ) );
#1047 = ADVANCED_FACE('',(#1048),#1016,.F.);
#1048 = FACE_BOUND('',#1049,.F.);
#1049 = EDGE_LOOP('',(#1050,#1081,#1109,#1138,#1159,#1185,#1186,#1214));
#1050 = ORIENTED_EDGE('',*,*,#1051,.T.);
#1051 = EDGE_CURVE('',#1052,#1054,#1056,.T.);
#1052 = VERTEX_POINT('',#1053);
#1053 = CARTESIAN_POINT('',(-1.389082407184,-16.90159437077,
    4.780349163608));
#1054 = VERTEX_POINT('',#1055);
#1055 = CARTESIAN_POINT('',(-1.18104365403,-14.068,5.960195562149));
#1056 = SURFACE_CURVE('',#1057,(#1062,#1069),.PCURVE_S1.);
#1057 = CIRCLE('',#1058,3.95);
#1058 = AXIS2_PLACEMENT_3D('',#1059,#1060,#1061);
#1059 = CARTESIAN_POINT('',(-1.866953955814,-14.068,2.07020493775));
#1060 = DIRECTION('',(-0.984807753012,-3.08148791102E-33,0.173648177667)
  );
#1061 = DIRECTION('',(-0.173648177667,1.124276480633E-16,-0.984807753012
    ));
#1062 = PCURVE('',#1016,#1063);
#1063 = DEFINITIONAL_REPRESENTATION('',(#1064),#1068);
#1064 = CIRCLE('',#1065,3.95);
#1065 = AXIS2_PLACEMENT_2D('',#1066,#1067);
#1066 = CARTESIAN_POINT('',(-9.132426347848E-16,3.4));
#1067 = DIRECTION('',(1.,-1.124276480633E-16));
#1068 = ( GEOMETRIC_REPRESENTATION_CONTEXT(2) 
PARAMETRIC_REPRESENTATION_CONTEXT() REPRESENTATION_CONTEXT('2D SPACE',''
  ) );
#1069 = PCURVE('',#1070,#1075);
#1070 = CYLINDRICAL_SURFACE('',#1071,3.95);
#1071 = AXIS2_PLACEMENT_3D('',#1072,#1073,#1074);
#1072 = CARTESIAN_POINT('',(-1.866953955814,-14.068,2.07020493775));
#1073 = DIRECTION('',(-0.984807753012,0.,0.173648177667));
#1074 = DIRECTION('',(-0.173648177667,1.124276480633E-16,-0.984807753012
    ));
#1075 = DEFINITIONAL_REPRESENTATION('',(#1076),#1080);
#1076 = LINE('',#1077,#1078);
#1077 = CARTESIAN_POINT('',(0.,0.));
#1078 = VECTOR('',#1079,1.);
#1079 = DIRECTION('',(1.,0.));
#1080 = ( GEOMETRIC_REPRESENTATION_CONTEXT(2) 
PARAMETRIC_REPRESENTATION_CONTEXT() REPRESENTATION_CONTEXT('2D SPACE',''
  ) );
#1081 = ORIENTED_EDGE('',*,*,#1082,.T.);
#1082 = EDGE_CURVE('',#1054,#1083,#1085,.T.);
#1083 = VERTEX_POINT('',#1084);
#1084 = CARTESIAN_POINT('',(-1.18104365403,-7.268,5.960195562149));
#1085 = SURFACE_CURVE('',#1086,(#1090,#1097),.PCURVE_S1.);
#1086 = LINE('',#1087,#1088);
#1087 = CARTESIAN_POINT('',(-1.18104365403,-14.068,5.960195562149));
#1088 = VECTOR('',#1089,1.);
#1089 = DIRECTION('',(0.,1.,0.));
#1090 = PCURVE('',#1016,#1091);
#1091 = DEFINITIONAL_REPRESENTATION('',(#1092),#1096);
#1092 = LINE('',#1093,#1094);
#1093 = CARTESIAN_POINT('',(-3.95,3.4));
#1094 = VECTOR('',#1095,1.);
#1095 = DIRECTION('',(0.,-1.));
#1096 = ( GEOMETRIC_REPRESENTATION_CONTEXT(2) 
PARAMETRIC_REPRESENTATION_CONTEXT() REPRESENTATION_CONTEXT('2D SPACE',''
  ) );
#1097 = PCURVE('',#1098,#1103);
#1098 = PLANE('',#1099);
#1099 = AXIS2_PLACEMENT_3D('',#1100,#1101,#1102);
#1100 = CARTESIAN_POINT('',(-1.18104365403,-14.068,5.960195562149));
#1101 = DIRECTION('',(0.173648177667,0.,0.984807753012));
#1102 = DIRECTION('',(0.,1.,0.));
#1103 = DEFINITIONAL_REPRESENTATION('',(#1104),#1108);
#1104 = LINE('',#1105,#1106);
#1105 = CARTESIAN_POINT('',(0.,0.));
#1106 = VECTOR('',#1107,1.);
#1107 = DIRECTION('',(1.,0.));
#1108 = ( GEOMETRIC_REPRESENTATION_CONTEXT(2) 
PARAMETRIC_REPRESENTATION_CONTEXT() REPRESENTATION_CONTEXT('2D SPACE',''
  ) );
#1109 = ORIENTED_EDGE('',*,*,#1110,.T.);
#1110 = EDGE_CURVE('',#1083,#1111,#1113,.T.);
#1111 = VERTEX_POINT('',#1112);
#1112 = CARTESIAN_POINT('',(-1.389082407184,-4.43440562923,
    4.780349163608));
#1113 = SURFACE_CURVE('',#1114,(#1119,#1126),.PCURVE_S1.);
#1114 = CIRCLE('',#1115,3.95);
#1115 = AXIS2_PLACEMENT_3D('',#1116,#1117,#1118);
#1116 = CARTESIAN_POINT('',(-1.866953955814,-7.268,2.07020493775));
#1117 = DIRECTION('',(-0.984807753012,-3.08148791102E-33,0.173648177667)
  );
#1118 = DIRECTION('',(0.173648177667,-1.124276480633E-16,0.984807753012)
  );
#1119 = PCURVE('',#1016,#1120);
#1120 = DEFINITIONAL_REPRESENTATION('',(#1121),#1125);
#1121 = CIRCLE('',#1122,3.95);
#1122 = AXIS2_PLACEMENT_2D('',#1123,#1124);
#1123 = CARTESIAN_POINT('',(0.,-3.4));
#1124 = DIRECTION('',(-1.,1.124276480633E-16));
#1125 = ( GEOMETRIC_REPRESENTATION_CONTEXT(2) 
PARAMETRIC_REPRESENTATION_CONTEXT() REPRESENTATION_CONTEXT('2D SPACE',''
  ) );
#1126 = PCURVE('',#1127,#1132);
#1127 = CYLINDRICAL_SURFACE('',#1128,3.95);
#1128 = AXIS2_PLACEMENT_3D('',#1129,#1130,#1131);
#1129 = CARTESIAN_POINT('',(-1.866953955814,-7.268,2.07020493775));
#1130 = DIRECTION('',(-0.984807753012,0.,0.173648177667));
#1131 = DIRECTION('',(0.173648177667,-1.124276480633E-16,0.984807753012)
  );
#1132 = DEFINITIONAL_REPRESENTATION('',(#1133),#1137);
#1133 = LINE('',#1134,#1135);
#1134 = CARTESIAN_POINT('',(0.,0.));
#1135 = VECTOR('',#1136,1.);
#1136 = DIRECTION('',(1.,0.));
#1137 = ( GEOMETRIC_REPRESENTATION_CONTEXT(2) 
PARAMETRIC_REPRESENTATION_CONTEXT() REPRESENTATION_CONTEXT('2D SPACE',''
  ) );
#1138 = ORIENTED_EDGE('',*,*,#1139,.F.);
#1139 = EDGE_CURVE('',#1140,#1111,#1142,.T.);
#1140 = VERTEX_POINT('',#1141);
#1141 = CARTESIAN_POINT('',(-1.389082407184,-4.52975910822,
    4.780349163608));
#1142 = SURFACE_CURVE('',#1143,(#1147,#1153),.PCURVE_S1.);
#1143 = LINE('',#1144,#1145);
#1144 = CARTESIAN_POINT('',(-1.389082407184,-0.334,4.780349163608));
#1145 = VECTOR('',#1146,1.);
#1146 = DIRECTION('',(-0.,1.,0.));
#1147 = PCURVE('',#1016,#1148);
#1148 = DEFINITIONAL_REPRESENTATION('',(#1149),#1152);
#1149 = B_SPLINE_CURVE_WITH_KNOTS('',1,(#1150,#1151),.UNSPECIFIED.,.F.,
  .F.,(2,2),(-17.684,-2.984),.PIECEWISE_BEZIER_KNOTS.);
#1150 = CARTESIAN_POINT('',(-2.751952568984,7.35));
#1151 = CARTESIAN_POINT('',(-2.751952568984,-7.35));
#1152 = ( GEOMETRIC_REPRESENTATION_CONTEXT(2) 
PARAMETRIC_REPRESENTATION_CONTEXT() REPRESENTATION_CONTEXT('2D SPACE',''
  ) );
#1153 = PCURVE('',#305,#1154);
#1154 = DEFINITIONAL_REPRESENTATION('',(#1155),#1158);
#1155 = B_SPLINE_CURVE_WITH_KNOTS('',1,(#1156,#1157),.UNSPECIFIED.,.F.,
  .F.,(2,2),(-17.684,-2.984),.PIECEWISE_BEZIER_KNOTS.);
#1156 = CARTESIAN_POINT('',(1.564641088034,-28.018));
#1157 = CARTESIAN_POINT('',(1.564641088034,-13.318));
#1158 = ( GEOMETRIC_REPRESENTATION_CONTEXT(2) 
PARAMETRIC_REPRESENTATION_CONTEXT() REPRESENTATION_CONTEXT('2D SPACE',''
  ) );
#1159 = ORIENTED_EDGE('',*,*,#1160,.F.);
#1160 = EDGE_CURVE('',#1002,#1140,#1161,.T.);
#1161 = SURFACE_CURVE('',#1162,(#1167,#1174),.PCURVE_S1.);
#1162 = ELLIPSE('',#1163,3.965088358296,3.95);
#1163 = AXIS2_PLACEMENT_3D('',#1164,#1165,#1166);
#1164 = CARTESIAN_POINT('',(-1.885320505419,-7.268,1.966043058891));
#1165 = DIRECTION('',(-0.984807753012,-0.,0.173648177667));
#1166 = DIRECTION('',(-0.173648177667,0.,-0.984807753012));
#1167 = PCURVE('',#1016,#1168);
#1168 = DEFINITIONAL_REPRESENTATION('',(#1169),#1173);
#1169 = ELLIPSE('',#1170,3.965088358296,3.95);
#1170 = AXIS2_PLACEMENT_2D('',#1171,#1172);
#1171 = CARTESIAN_POINT('',(0.105768743738,-3.4));
#1172 = DIRECTION('',(1.,-0.));
#1173 = ( GEOMETRIC_REPRESENTATION_CONTEXT(2) 
PARAMETRIC_REPRESENTATION_CONTEXT() REPRESENTATION_CONTEXT('2D SPACE',''
  ) );
#1174 = PCURVE('',#874,#1175);
#1175 = DEFINITIONAL_REPRESENTATION('',(#1176),#1184);
#1176 = B_SPLINE_CURVE_WITH_KNOTS('',6,(#1177,#1178,#1179,#1180,#1181,
    #1182,#1183),.UNSPECIFIED.,.F.,.F.,(7,7),(3.14159265359,
    3.985290730987),.PIECEWISE_BEZIER_KNOTS.);
#1177 = CARTESIAN_POINT('',(0.,-0.223077711993));
#1178 = CARTESIAN_POINT('',(0.140616346233,-0.223077711993));
#1179 = CARTESIAN_POINT('',(0.281232692466,-0.214877985564));
#1180 = CARTESIAN_POINT('',(0.421849038698,-0.198478216992));
#1181 = CARTESIAN_POINT('',(0.562465384931,-0.174365860395));
#1182 = CARTESIAN_POINT('',(0.703081731164,-0.143511282401));
#1183 = CARTESIAN_POINT('',(0.843698077397,-0.107206226006));
#1184 = ( GEOMETRIC_REPRESENTATION_CONTEXT(2) 
PARAMETRIC_REPRESENTATION_CONTEXT() REPRESENTATION_CONTEXT('2D SPACE',''
  ) );
#1185 = ORIENTED_EDGE('',*,*,#1001,.T.);
#1186 = ORIENTED_EDGE('',*,*,#1187,.F.);
#1187 = EDGE_CURVE('',#1188,#979,#1190,.T.);
#1188 = VERTEX_POINT('',#1189);
#1189 = CARTESIAN_POINT('',(-1.389082407184,-16.80624089178,
    4.780349163608));
#1190 = SURFACE_CURVE('',#1191,(#1196,#1203),.PCURVE_S1.);
#1191 = ELLIPSE('',#1192,3.965088358296,3.95);
#1192 = AXIS2_PLACEMENT_3D('',#1193,#1194,#1195);
#1193 = CARTESIAN_POINT('',(-1.885320505419,-14.068,1.966043058891));
#1194 = DIRECTION('',(-0.984807753012,-0.,0.173648177667));
#1195 = DIRECTION('',(-0.173648177667,0.,-0.984807753012));
#1196 = PCURVE('',#1016,#1197);
#1197 = DEFINITIONAL_REPRESENTATION('',(#1198),#1202);
#1198 = ELLIPSE('',#1199,3.965088358296,3.95);
#1199 = AXIS2_PLACEMENT_2D('',#1200,#1201);
#1200 = CARTESIAN_POINT('',(0.105768743738,3.4));
#1201 = DIRECTION('',(1.,-0.));
#1202 = ( GEOMETRIC_REPRESENTATION_CONTEXT(2) 
PARAMETRIC_REPRESENTATION_CONTEXT() REPRESENTATION_CONTEXT('2D SPACE',''
  ) );
#1203 = PCURVE('',#817,#1204);
#1204 = DEFINITIONAL_REPRESENTATION('',(#1205),#1213);
#1205 = B_SPLINE_CURVE_WITH_KNOTS('',6,(#1206,#1207,#1208,#1209,#1210,
    #1211,#1212),.UNSPECIFIED.,.F.,.F.,(7,7),(2.297894576193,
    3.14159265359),.PIECEWISE_BEZIER_KNOTS.);
#1206 = CARTESIAN_POINT('',(2.297894576193,-0.107206226006));
#1207 = CARTESIAN_POINT('',(2.438510922426,-0.143511282401));
#1208 = CARTESIAN_POINT('',(2.579127268659,-0.174365860395));
#1209 = CARTESIAN_POINT('',(2.719743614891,-0.198478216992));
#1210 = CARTESIAN_POINT('',(2.860359961124,-0.214877985564));
#1211 = CARTESIAN_POINT('',(3.000976307357,-0.223077711993));
#1212 = CARTESIAN_POINT('',(3.14159265359,-0.223077711993));
#1213 = ( GEOMETRIC_REPRESENTATION_CONTEXT(2) 
PARAMETRIC_REPRESENTATION_CONTEXT() REPRESENTATION_CONTEXT('2D SPACE',''
  ) );
#1214 = ORIENTED_EDGE('',*,*,#1215,.F.);
#1215 = EDGE_CURVE('',#1052,#1188,#1216,.T.);
#1216 = SURFACE_CURVE('',#1217,(#1221,#1227),.PCURVE_S1.);
#1217 = LINE('',#1218,#1219);
#1218 = CARTESIAN_POINT('',(-1.389082407184,-0.334,4.780349163608));
#1219 = VECTOR('',#1220,1.);
#1220 = DIRECTION('',(-0.,1.,0.));
#1221 = PCURVE('',#1016,#1222);
#1222 = DEFINITIONAL_REPRESENTATION('',(#1223),#1226);
#1223 = B_SPLINE_CURVE_WITH_KNOTS('',1,(#1224,#1225),.UNSPECIFIED.,.F.,
  .F.,(2,2),(-17.684,-2.984),.PIECEWISE_BEZIER_KNOTS.);
#1224 = CARTESIAN_POINT('',(-2.751952568984,7.35));
#1225 = CARTESIAN_POINT('',(-2.751952568984,-7.35));
#1226 = ( GEOMETRIC_REPRESENTATION_CONTEXT(2) 
PARAMETRIC_REPRESENTATION_CONTEXT() REPRESENTATION_CONTEXT('2D SPACE',''
  ) );
#1227 = PCURVE('',#43,#1228);
#1228 = DEFINITIONAL_REPRESENTATION('',(#1229),#1232);
#1229 = B_SPLINE_CURVE_WITH_KNOTS('',1,(#1230,#1231),.UNSPECIFIED.,.F.,
  .F.,(2,2),(-17.684,-2.984),.PIECEWISE_BEZIER_KNOTS.);
#1230 = CARTESIAN_POINT('',(1.564641088034,-28.018));
#1231 = CARTESIAN_POINT('',(1.564641088034,-13.318));
#1232 = ( GEOMETRIC_REPRESENTATION_CONTEXT(2) 
PARAMETRIC_REPRESENTATION_CONTEXT() REPRESENTATION_CONTEXT('2D SPACE',''
  ) );
#1233 = ADVANCED_FACE('',(#1234),#1098,.F.);
#1234 = FACE_BOUND('',#1235,.F.);
#1235 = EDGE_LOOP('',(#1236,#1237,#1260,#1286));
#1236 = ORIENTED_EDGE('',*,*,#1082,.F.);
#1237 = ORIENTED_EDGE('',*,*,#1238,.T.);
#1238 = EDGE_CURVE('',#1054,#1239,#1241,.T.);
#1239 = VERTEX_POINT('',#1240);
#1240 = CARTESIAN_POINT('',(-0.961354993736,-14.068,5.921458523983));
#1241 = SURFACE_CURVE('',#1242,(#1246,#1253),.PCURVE_S1.);
#1242 = LINE('',#1243,#1244);
#1243 = CARTESIAN_POINT('',(-1.18104365403,-14.068,5.960195562149));
#1244 = VECTOR('',#1245,1.);
#1245 = DIRECTION('',(0.984807753012,0.,-0.173648177667));
#1246 = PCURVE('',#1098,#1247);
#1247 = DEFINITIONAL_REPRESENTATION('',(#1248),#1252);
#1248 = LINE('',#1249,#1250);
#1249 = CARTESIAN_POINT('',(0.,0.));
#1250 = VECTOR('',#1251,1.);
#1251 = DIRECTION('',(0.,-1.));
#1252 = ( GEOMETRIC_REPRESENTATION_CONTEXT(2) 
PARAMETRIC_REPRESENTATION_CONTEXT() REPRESENTATION_CONTEXT('2D SPACE',''
  ) );
#1253 = PCURVE('',#1070,#1254);
#1254 = DEFINITIONAL_REPRESENTATION('',(#1255),#1259);
#1255 = LINE('',#1256,#1257);
#1256 = CARTESIAN_POINT('',(3.14159265359,0.));
#1257 = VECTOR('',#1258,1.);
#1258 = DIRECTION('',(0.,-1.));
#1259 = ( GEOMETRIC_REPRESENTATION_CONTEXT(2) 
PARAMETRIC_REPRESENTATION_CONTEXT() REPRESENTATION_CONTEXT('2D SPACE',''
  ) );
#1260 = ORIENTED_EDGE('',*,*,#1261,.F.);
#1261 = EDGE_CURVE('',#1262,#1239,#1264,.T.);
#1262 = VERTEX_POINT('',#1263);
#1263 = CARTESIAN_POINT('',(-0.961354993736,-7.268,5.921458523983));
#1264 = SURFACE_CURVE('',#1265,(#1269,#1275),.PCURVE_S1.);
#1265 = LINE('',#1266,#1267);
#1266 = CARTESIAN_POINT('',(-0.961354993736,-12.368,5.921458523983));
#1267 = VECTOR('',#1268,1.);
#1268 = DIRECTION('',(0.,-1.,0.));
#1269 = PCURVE('',#1098,#1270);
#1270 = DEFINITIONAL_REPRESENTATION('',(#1271),#1274);
#1271 = B_SPLINE_CURVE_WITH_KNOTS('',1,(#1272,#1273),.UNSPECIFIED.,.F.,
  .F.,(2,2),(-5.1,1.7),.PIECEWISE_BEZIER_KNOTS.);
#1272 = CARTESIAN_POINT('',(6.8,-0.223077711993));
#1273 = CARTESIAN_POINT('',(0.,-0.223077711993));
#1274 = ( GEOMETRIC_REPRESENTATION_CONTEXT(2) 
PARAMETRIC_REPRESENTATION_CONTEXT() REPRESENTATION_CONTEXT('2D SPACE',''
  ) );
#1275 = PCURVE('',#1276,#1281);
#1276 = PLANE('',#1277);
#1277 = AXIS2_PLACEMENT_3D('',#1278,#1279,#1280);
#1278 = CARTESIAN_POINT('',(-1.960220411121,-10.668,2.193642036378));
#1279 = DIRECTION('',(-0.965925826289,-0.,0.258819045103));
#1280 = DIRECTION('',(-0.258819045103,0.,-0.965925826289));
#1281 = DEFINITIONAL_REPRESENTATION('',(#1282),#1285);
#1282 = B_SPLINE_CURVE_WITH_KNOTS('',1,(#1283,#1284),.UNSPECIFIED.,.F.,
  .F.,(2,2),(-5.1,1.7),.PIECEWISE_BEZIER_KNOTS.);
#1283 = CARTESIAN_POINT('',(-3.859319614558,-3.4));
#1284 = CARTESIAN_POINT('',(-3.859319614558,3.4));
#1285 = ( GEOMETRIC_REPRESENTATION_CONTEXT(2) 
PARAMETRIC_REPRESENTATION_CONTEXT() REPRESENTATION_CONTEXT('2D SPACE',''
  ) );
#1286 = ORIENTED_EDGE('',*,*,#1287,.F.);
#1287 = EDGE_CURVE('',#1083,#1262,#1288,.T.);
#1288 = SURFACE_CURVE('',#1289,(#1293,#1300),.PCURVE_S1.);
#1289 = LINE('',#1290,#1291);
#1290 = CARTESIAN_POINT('',(-1.18104365403,-7.268,5.960195562149));
#1291 = VECTOR('',#1292,1.);
#1292 = DIRECTION('',(0.984807753012,0.,-0.173648177667));
#1293 = PCURVE('',#1098,#1294);
#1294 = DEFINITIONAL_REPRESENTATION('',(#1295),#1299);
#1295 = LINE('',#1296,#1297);
#1296 = CARTESIAN_POINT('',(6.8,0.));
#1297 = VECTOR('',#1298,1.);
#1298 = DIRECTION('',(0.,-1.));
#1299 = ( GEOMETRIC_REPRESENTATION_CONTEXT(2) 
PARAMETRIC_REPRESENTATION_CONTEXT() REPRESENTATION_CONTEXT('2D SPACE',''
  ) );
#1300 = PCURVE('',#1127,#1301);
#1301 = DEFINITIONAL_REPRESENTATION('',(#1302),#1306);
#1302 = LINE('',#1303,#1304);
#1303 = CARTESIAN_POINT('',(0.,0.));
#1304 = VECTOR('',#1305,1.);
#1305 = DIRECTION('',(0.,-1.));
#1306 = ( GEOMETRIC_REPRESENTATION_CONTEXT(2) 
PARAMETRIC_REPRESENTATION_CONTEXT() REPRESENTATION_CONTEXT('2D SPACE',''
  ) );
#1307 = ADVANCED_FACE('',(#1308),#1276,.F.);
#1308 = FACE_BOUND('',#1309,.F.);
#1309 = EDGE_LOOP('',(#1310,#1341,#1369,#1398,#1419,#1445,#1446,#1474));
#1310 = ORIENTED_EDGE('',*,*,#1311,.T.);
#1311 = EDGE_CURVE('',#1312,#1314,#1316,.T.);
#1312 = VERTEX_POINT('',#1313);
#1313 = CARTESIAN_POINT('',(-1.276817930446,-17.00576235068,
    4.744134816273));
#1314 = VERTEX_POINT('',#1315);
#1315 = CARTESIAN_POINT('',(-0.937885182966,-14.068,6.009049050219));
#1316 = SURFACE_CURVE('',#1317,(#1322,#1329),.PCURVE_S1.);
#1317 = CIRCLE('',#1318,3.95);
#1318 = AXIS2_PLACEMENT_3D('',#1319,#1320,#1321);
#1319 = CARTESIAN_POINT('',(-1.960220411121,-14.068,2.193642036378));
#1320 = DIRECTION('',(-0.965925826289,6.162975822039E-33,0.258819045103)
  );
#1321 = DIRECTION('',(-0.258819045103,1.124276480633E-16,-0.965925826289
    ));
#1322 = PCURVE('',#1276,#1323);
#1323 = DEFINITIONAL_REPRESENTATION('',(#1324),#1328);
#1324 = CIRCLE('',#1325,3.95);
#1325 = AXIS2_PLACEMENT_2D('',#1326,#1327);
#1326 = CARTESIAN_POINT('',(-9.153838465578E-16,3.4));
#1327 = DIRECTION('',(1.,-1.124276480633E-16));
#1328 = ( GEOMETRIC_REPRESENTATION_CONTEXT(2) 
PARAMETRIC_REPRESENTATION_CONTEXT() REPRESENTATION_CONTEXT('2D SPACE',''
  ) );
#1329 = PCURVE('',#1330,#1335);
#1330 = CYLINDRICAL_SURFACE('',#1331,3.95);
#1331 = AXIS2_PLACEMENT_3D('',#1332,#1333,#1334);
#1332 = CARTESIAN_POINT('',(-1.960220411121,-14.068,2.193642036378));
#1333 = DIRECTION('',(-0.965925826289,0.,0.258819045103));
#1334 = DIRECTION('',(-0.258819045103,1.124276480633E-16,-0.965925826289
    ));
#1335 = DEFINITIONAL_REPRESENTATION('',(#1336),#1340);
#1336 = LINE('',#1337,#1338);
#1337 = CARTESIAN_POINT('',(0.,0.));
#1338 = VECTOR('',#1339,1.);
#1339 = DIRECTION('',(1.,0.));
#1340 = ( GEOMETRIC_REPRESENTATION_CONTEXT(2) 
PARAMETRIC_REPRESENTATION_CONTEXT() REPRESENTATION_CONTEXT('2D SPACE',''
  ) );
#1341 = ORIENTED_EDGE('',*,*,#1342,.T.);
#1342 = EDGE_CURVE('',#1314,#1343,#1345,.T.);
#1343 = VERTEX_POINT('',#1344);
#1344 = CARTESIAN_POINT('',(-0.937885182966,-7.268,6.009049050219));
#1345 = SURFACE_CURVE('',#1346,(#1350,#1357),.PCURVE_S1.);
#1346 = LINE('',#1347,#1348);
#1347 = CARTESIAN_POINT('',(-0.937885182966,-14.068,6.009049050219));
#1348 = VECTOR('',#1349,1.);
#1349 = DIRECTION('',(0.,1.,0.));
#1350 = PCURVE('',#1276,#1351);
#1351 = DEFINITIONAL_REPRESENTATION('',(#1352),#1356);
#1352 = LINE('',#1353,#1354);
#1353 = CARTESIAN_POINT('',(-3.95,3.4));
#1354 = VECTOR('',#1355,1.);
#1355 = DIRECTION('',(0.,-1.));
#1356 = ( GEOMETRIC_REPRESENTATION_CONTEXT(2) 
PARAMETRIC_REPRESENTATION_CONTEXT() REPRESENTATION_CONTEXT('2D SPACE',''
  ) );
#1357 = PCURVE('',#1358,#1363);
#1358 = PLANE('',#1359);
#1359 = AXIS2_PLACEMENT_3D('',#1360,#1361,#1362);
#1360 = CARTESIAN_POINT('',(-0.937885182966,-14.068,6.009049050219));
#1361 = DIRECTION('',(0.258819045103,0.,0.965925826289));
#1362 = DIRECTION('',(0.,1.,0.));
#1363 = DEFINITIONAL_REPRESENTATION('',(#1364),#1368);
#1364 = LINE('',#1365,#1366);
#1365 = CARTESIAN_POINT('',(0.,0.));
#1366 = VECTOR('',#1367,1.);
#1367 = DIRECTION('',(1.,0.));
#1368 = ( GEOMETRIC_REPRESENTATION_CONTEXT(2) 
PARAMETRIC_REPRESENTATION_CONTEXT() REPRESENTATION_CONTEXT('2D SPACE',''
  ) );
#1369 = ORIENTED_EDGE('',*,*,#1370,.T.);
#1370 = EDGE_CURVE('',#1343,#1371,#1373,.T.);
#1371 = VERTEX_POINT('',#1372);
#1372 = CARTESIAN_POINT('',(-1.276817930446,-4.330237649314,
    4.744134816273));
#1373 = SURFACE_CURVE('',#1374,(#1379,#1386),.PCURVE_S1.);
#1374 = CIRCLE('',#1375,3.95);
#1375 = AXIS2_PLACEMENT_3D('',#1376,#1377,#1378);
#1376 = CARTESIAN_POINT('',(-1.960220411121,-7.268,2.193642036378));
#1377 = DIRECTION('',(-0.965925826289,6.162975822039E-33,0.258819045103)
  );
#1378 = DIRECTION('',(0.258819045103,-1.124276480633E-16,0.965925826289)
  );
#1379 = PCURVE('',#1276,#1380);
#1380 = DEFINITIONAL_REPRESENTATION('',(#1381),#1385);
#1381 = CIRCLE('',#1382,3.95);
#1382 = AXIS2_PLACEMENT_2D('',#1383,#1384);
#1383 = CARTESIAN_POINT('',(0.,-3.4));
#1384 = DIRECTION('',(-1.,1.124276480633E-16));
#1385 = ( GEOMETRIC_REPRESENTATION_CONTEXT(2) 
PARAMETRIC_REPRESENTATION_CONTEXT() REPRESENTATION_CONTEXT('2D SPACE',''
  ) );
#1386 = PCURVE('',#1387,#1392);
#1387 = CYLINDRICAL_SURFACE('',#1388,3.95);
#1388 = AXIS2_PLACEMENT_3D('',#1389,#1390,#1391);
#1389 = CARTESIAN_POINT('',(-1.960220411121,-7.268,2.193642036378));
#1390 = DIRECTION('',(-0.965925826289,0.,0.258819045103));
#1391 = DIRECTION('',(0.258819045103,-1.124276480633E-16,0.965925826289)
  );
#1392 = DEFINITIONAL_REPRESENTATION('',(#1393),#1397);
#1393 = LINE('',#1394,#1395);
#1394 = CARTESIAN_POINT('',(0.,0.));
#1395 = VECTOR('',#1396,1.);
#1396 = DIRECTION('',(1.,0.));
#1397 = ( GEOMETRIC_REPRESENTATION_CONTEXT(2) 
PARAMETRIC_REPRESENTATION_CONTEXT() REPRESENTATION_CONTEXT('2D SPACE',''
  ) );
#1398 = ORIENTED_EDGE('',*,*,#1399,.F.);
#1399 = EDGE_CURVE('',#1400,#1371,#1402,.T.);
#1400 = VERTEX_POINT('',#1401);
#1401 = CARTESIAN_POINT('',(-1.276817930446,-4.418791020217,
    4.744134816273));
#1402 = SURFACE_CURVE('',#1403,(#1407,#1413),.PCURVE_S1.);
#1403 = LINE('',#1404,#1405);
#1404 = CARTESIAN_POINT('',(-1.276817930446,-0.334,4.744134816273));
#1405 = VECTOR('',#1406,1.);
#1406 = DIRECTION('',(-0.,1.,0.));
#1407 = PCURVE('',#1276,#1408);
#1408 = DEFINITIONAL_REPRESENTATION('',(#1409),#1412);
#1409 = B_SPLINE_CURVE_WITH_KNOTS('',1,(#1410,#1411),.UNSPECIFIED.,.F.,
  .F.,(2,2),(-6.501812501513,-2.984),.PIECEWISE_BEZIER_KNOTS.);
#1410 = CARTESIAN_POINT('',(-2.640464423334,-3.832187498487));
#1411 = CARTESIAN_POINT('',(-2.640464423334,-7.35));
#1412 = ( GEOMETRIC_REPRESENTATION_CONTEXT(2) 
PARAMETRIC_REPRESENTATION_CONTEXT() REPRESENTATION_CONTEXT('2D SPACE',''
  ) );
#1413 = PCURVE('',#305,#1414);
#1414 = DEFINITIONAL_REPRESENTATION('',(#1415),#1418);
#1415 = B_SPLINE_CURVE_WITH_KNOTS('',1,(#1416,#1417),.UNSPECIFIED.,.F.,
  .F.,(2,2),(-6.501812501513,-2.984),.PIECEWISE_BEZIER_KNOTS.);
#1416 = CARTESIAN_POINT('',(1.446680112749,-16.83581250151));
#1417 = CARTESIAN_POINT('',(1.446680112749,-13.318));
#1418 = ( GEOMETRIC_REPRESENTATION_CONTEXT(2) 
PARAMETRIC_REPRESENTATION_CONTEXT() REPRESENTATION_CONTEXT('2D SPACE',''
  ) );
#1419 = ORIENTED_EDGE('',*,*,#1420,.F.);
#1420 = EDGE_CURVE('',#1262,#1400,#1421,.T.);
#1421 = SURFACE_CURVE('',#1422,(#1427,#1434),.PCURVE_S1.);
#1422 = ELLIPSE('',#1423,3.965088358296,3.95);
#1423 = AXIS2_PLACEMENT_3D('',#1424,#1425,#1426);
#1424 = CARTESIAN_POINT('',(-1.987595376377,-7.268,2.091477275187));
#1425 = DIRECTION('',(-0.965925826289,-0.,0.258819045103));
#1426 = DIRECTION('',(-0.258819045103,0.,-0.965925826289));
#1427 = PCURVE('',#1276,#1428);
#1428 = DEFINITIONAL_REPRESENTATION('',(#1429),#1433);
#1429 = ELLIPSE('',#1430,3.965088358296,3.95);
#1430 = AXIS2_PLACEMENT_2D('',#1431,#1432);
#1431 = CARTESIAN_POINT('',(0.105768743738,-3.4));
#1432 = DIRECTION('',(1.,-0.));
#1433 = ( GEOMETRIC_REPRESENTATION_CONTEXT(2) 
PARAMETRIC_REPRESENTATION_CONTEXT() REPRESENTATION_CONTEXT('2D SPACE',''
  ) );
#1434 = PCURVE('',#1127,#1435);
#1435 = DEFINITIONAL_REPRESENTATION('',(#1436),#1444);
#1436 = B_SPLINE_CURVE_WITH_KNOTS('',6,(#1437,#1438,#1439,#1440,#1441,
    #1442,#1443),.UNSPECIFIED.,.F.,.F.,(7,7),(3.14159265359,
    3.993803149914),.PIECEWISE_BEZIER_KNOTS.);
#1437 = CARTESIAN_POINT('',(0.,-0.223077711993));
#1438 = CARTESIAN_POINT('',(0.142035082721,-0.223077711993));
#1439 = CARTESIAN_POINT('',(0.284070165441,-0.214711692812));
#1440 = CARTESIAN_POINT('',(0.426105248162,-0.197979312547));
#1441 = CARTESIAN_POINT('',(0.568140330883,-0.173388041818));
#1442 = CARTESIAN_POINT('',(0.710175413604,-0.141947902995));
#1443 = CARTESIAN_POINT('',(0.852210496324,-0.105000149708));
#1444 = ( GEOMETRIC_REPRESENTATION_CONTEXT(2) 
PARAMETRIC_REPRESENTATION_CONTEXT() REPRESENTATION_CONTEXT('2D SPACE',''
  ) );
#1445 = ORIENTED_EDGE('',*,*,#1261,.T.);
#1446 = ORIENTED_EDGE('',*,*,#1447,.F.);
#1447 = EDGE_CURVE('',#1448,#1239,#1450,.T.);
#1448 = VERTEX_POINT('',#1449);
#1449 = CARTESIAN_POINT('',(-1.276817930446,-16.91720897978,
    4.744134816273));
#1450 = SURFACE_CURVE('',#1451,(#1456,#1463),.PCURVE_S1.);
#1451 = ELLIPSE('',#1452,3.965088358296,3.95);
#1452 = AXIS2_PLACEMENT_3D('',#1453,#1454,#1455);
#1453 = CARTESIAN_POINT('',(-1.987595376377,-14.068,2.091477275187));
#1454 = DIRECTION('',(-0.965925826289,-0.,0.258819045103));
#1455 = DIRECTION('',(-0.258819045103,0.,-0.965925826289));
#1456 = PCURVE('',#1276,#1457);
#1457 = DEFINITIONAL_REPRESENTATION('',(#1458),#1462);
#1458 = ELLIPSE('',#1459,3.965088358296,3.95);
#1459 = AXIS2_PLACEMENT_2D('',#1460,#1461);
#1460 = CARTESIAN_POINT('',(0.105768743738,3.4));
#1461 = DIRECTION('',(1.,-0.));
#1462 = ( GEOMETRIC_REPRESENTATION_CONTEXT(2) 
PARAMETRIC_REPRESENTATION_CONTEXT() REPRESENTATION_CONTEXT('2D SPACE',''
  ) );
#1463 = PCURVE('',#1070,#1464);
#1464 = DEFINITIONAL_REPRESENTATION('',(#1465),#1473);
#1465 = B_SPLINE_CURVE_WITH_KNOTS('',6,(#1466,#1467,#1468,#1469,#1470,
    #1471,#1472),.UNSPECIFIED.,.F.,.F.,(7,7),(2.289382157265,
    3.14159265359),.PIECEWISE_BEZIER_KNOTS.);
#1466 = CARTESIAN_POINT('',(2.289382157265,-0.105000149708));
#1467 = CARTESIAN_POINT('',(2.431417239986,-0.141947902995));
#1468 = CARTESIAN_POINT('',(2.573452322707,-0.173388041818));
#1469 = CARTESIAN_POINT('',(2.715487405427,-0.197979312547));
#1470 = CARTESIAN_POINT('',(2.857522488148,-0.214711692812));
#1471 = CARTESIAN_POINT('',(2.999557570869,-0.223077711993));
#1472 = CARTESIAN_POINT('',(3.14159265359,-0.223077711993));
#1473 = ( GEOMETRIC_REPRESENTATION_CONTEXT(2) 
PARAMETRIC_REPRESENTATION_CONTEXT() REPRESENTATION_CONTEXT('2D SPACE',''
  ) );
#1474 = ORIENTED_EDGE('',*,*,#1475,.F.);
#1475 = EDGE_CURVE('',#1312,#1448,#1476,.T.);
#1476 = SURFACE_CURVE('',#1477,(#1481,#1487),.PCURVE_S1.);
#1477 = LINE('',#1478,#1479);
#1478 = CARTESIAN_POINT('',(-1.276817930446,-0.334,4.744134816273));
#1479 = VECTOR('',#1480,1.);
#1480 = DIRECTION('',(-0.,1.,0.));
#1481 = PCURVE('',#1276,#1482);
#1482 = DEFINITIONAL_REPRESENTATION('',(#1483),#1486);
#1483 = B_SPLINE_CURVE_WITH_KNOTS('',1,(#1484,#1485),.UNSPECIFIED.,.F.,
  .F.,(2,2),(-17.684,-14.16618749848),.PIECEWISE_BEZIER_KNOTS.);
#1484 = CARTESIAN_POINT('',(-2.640464423334,7.35));
#1485 = CARTESIAN_POINT('',(-2.640464423334,3.832187498487));
#1486 = ( GEOMETRIC_REPRESENTATION_CONTEXT(2) 
PARAMETRIC_REPRESENTATION_CONTEXT() REPRESENTATION_CONTEXT('2D SPACE',''
  ) );
#1487 = PCURVE('',#43,#1488);
#1488 = DEFINITIONAL_REPRESENTATION('',(#1489),#1492);
#1489 = B_SPLINE_CURVE_WITH_KNOTS('',1,(#1490,#1491),.UNSPECIFIED.,.F.,
  .F.,(2,2),(-17.684,-14.16618749848),.PIECEWISE_BEZIER_KNOTS.);
#1490 = CARTESIAN_POINT('',(1.446680112749,-28.018));
#1491 = CARTESIAN_POINT('',(1.446680112749,-24.50018749848));
#1492 = ( GEOMETRIC_REPRESENTATION_CONTEXT(2) 
PARAMETRIC_REPRESENTATION_CONTEXT() REPRESENTATION_CONTEXT('2D SPACE',''
  ) );
#1493 = ADVANCED_FACE('',(#1494),#1358,.F.);
#1494 = FACE_BOUND('',#1495,.F.);
#1495 = EDGE_LOOP('',(#1496,#1497,#1520,#1546));
#1496 = ORIENTED_EDGE('',*,*,#1342,.F.);
#1497 = ORIENTED_EDGE('',*,*,#1498,.T.);
#1498 = EDGE_CURVE('',#1314,#1499,#1501,.T.);
#1499 = VERTEX_POINT('',#1500);
#1500 = CARTESIAN_POINT('',(6.327911314234E-02,-14.068,5.740787885586));
#1501 = SURFACE_CURVE('',#1502,(#1506,#1513),.PCURVE_S1.);
#1502 = LINE('',#1503,#1504);
#1503 = CARTESIAN_POINT('',(-0.937885182966,-14.068,6.009049050219));
#1504 = VECTOR('',#1505,1.);
#1505 = DIRECTION('',(0.965925826289,0.,-0.258819045103));
#1506 = PCURVE('',#1358,#1507);
#1507 = DEFINITIONAL_REPRESENTATION('',(#1508),#1512);
#1508 = LINE('',#1509,#1510);
#1509 = CARTESIAN_POINT('',(0.,0.));
#1510 = VECTOR('',#1511,1.);
#1511 = DIRECTION('',(0.,-1.));
#1512 = ( GEOMETRIC_REPRESENTATION_CONTEXT(2) 
PARAMETRIC_REPRESENTATION_CONTEXT() REPRESENTATION_CONTEXT('2D SPACE',''
  ) );
#1513 = PCURVE('',#1330,#1514);
#1514 = DEFINITIONAL_REPRESENTATION('',(#1515),#1519);
#1515 = LINE('',#1516,#1517);
#1516 = CARTESIAN_POINT('',(3.14159265359,0.));
#1517 = VECTOR('',#1518,1.);
#1518 = DIRECTION('',(0.,-1.));
#1519 = ( GEOMETRIC_REPRESENTATION_CONTEXT(2) 
PARAMETRIC_REPRESENTATION_CONTEXT() REPRESENTATION_CONTEXT('2D SPACE',''
  ) );
#1520 = ORIENTED_EDGE('',*,*,#1521,.T.);
#1521 = EDGE_CURVE('',#1499,#1522,#1524,.T.);
#1522 = VERTEX_POINT('',#1523);
#1523 = CARTESIAN_POINT('',(6.327911314235E-02,-7.268,5.740787885586));
#1524 = SURFACE_CURVE('',#1525,(#1529,#1535),.PCURVE_S1.);
#1525 = LINE('',#1526,#1527);
#1526 = CARTESIAN_POINT('',(6.327911314233E-02,-14.068,5.740787885586));
#1527 = VECTOR('',#1528,1.);
#1528 = DIRECTION('',(0.,1.,0.));
#1529 = PCURVE('',#1358,#1530);
#1530 = DEFINITIONAL_REPRESENTATION('',(#1531),#1534);
#1531 = B_SPLINE_CURVE_WITH_KNOTS('',1,(#1532,#1533),.UNSPECIFIED.,.F.,
  .F.,(2,2),(0.,6.8),.PIECEWISE_BEZIER_KNOTS.);
#1532 = CARTESIAN_POINT('',(0.,-1.036481548438));
#1533 = CARTESIAN_POINT('',(6.8,-1.036481548438));
#1534 = ( GEOMETRIC_REPRESENTATION_CONTEXT(2) 
PARAMETRIC_REPRESENTATION_CONTEXT() REPRESENTATION_CONTEXT('2D SPACE',''
  ) );
#1535 = PCURVE('',#1536,#1541);
#1536 = PLANE('',#1537);
#1537 = AXIS2_PLACEMENT_3D('',#1538,#1539,#1540);
#1538 = CARTESIAN_POINT('',(-1.18104365403,-14.068,5.960195562149));
#1539 = DIRECTION('',(0.173648177667,0.,0.984807753012));
#1540 = DIRECTION('',(0.,1.,0.));
#1541 = DEFINITIONAL_REPRESENTATION('',(#1542),#1545);
#1542 = B_SPLINE_CURVE_WITH_KNOTS('',1,(#1543,#1544),.UNSPECIFIED.,.F.,
  .F.,(2,2),(0.,6.8),.PIECEWISE_BEZIER_KNOTS.);
#1543 = CARTESIAN_POINT('',(0.,-1.263518451562));
#1544 = CARTESIAN_POINT('',(6.8,-1.263518451562));
#1545 = ( GEOMETRIC_REPRESENTATION_CONTEXT(2) 
PARAMETRIC_REPRESENTATION_CONTEXT() REPRESENTATION_CONTEXT('2D SPACE',''
  ) );
#1546 = ORIENTED_EDGE('',*,*,#1547,.F.);
#1547 = EDGE_CURVE('',#1343,#1522,#1548,.T.);
#1548 = SURFACE_CURVE('',#1549,(#1553,#1560),.PCURVE_S1.);
#1549 = LINE('',#1550,#1551);
#1550 = CARTESIAN_POINT('',(-0.937885182966,-7.268,6.009049050219));
#1551 = VECTOR('',#1552,1.);
#1552 = DIRECTION('',(0.965925826289,0.,-0.258819045103));
#1553 = PCURVE('',#1358,#1554);
#1554 = DEFINITIONAL_REPRESENTATION('',(#1555),#1559);
#1555 = LINE('',#1556,#1557);
#1556 = CARTESIAN_POINT('',(6.8,0.));
#1557 = VECTOR('',#1558,1.);
#1558 = DIRECTION('',(0.,-1.));
#1559 = ( GEOMETRIC_REPRESENTATION_CONTEXT(2) 
PARAMETRIC_REPRESENTATION_CONTEXT() REPRESENTATION_CONTEXT('2D SPACE',''
  ) );
#1560 = PCURVE('',#1387,#1561);
#1561 = DEFINITIONAL_REPRESENTATION('',(#1562),#1566);
#1562 = LINE('',#1563,#1564);
#1563 = CARTESIAN_POINT('',(0.,0.));
#1564 = VECTOR('',#1565,1.);
#1565 = DIRECTION('',(0.,-1.));
#1566 = ( GEOMETRIC_REPRESENTATION_CONTEXT(2) 
PARAMETRIC_REPRESENTATION_CONTEXT() REPRESENTATION_CONTEXT('2D SPACE',''
  ) );
#1567 = ADVANCED_FACE('',(#1568),#1536,.F.);
#1568 = FACE_BOUND('',#1569,.F.);
#1569 = EDGE_LOOP('',(#1570,#1571,#1599,#1627));
#1570 = ORIENTED_EDGE('',*,*,#1521,.F.);
#1571 = ORIENTED_EDGE('',*,*,#1572,.T.);
#1572 = EDGE_CURVE('',#1499,#1573,#1575,.T.);
#1573 = VERTEX_POINT('',#1574);
#1574 = CARTESIAN_POINT('',(9.920642488585E-02,-14.068,5.734452931182));
#1575 = SURFACE_CURVE('',#1576,(#1580,#1587),.PCURVE_S1.);
#1576 = LINE('',#1577,#1578);
#1577 = CARTESIAN_POINT('',(-1.18104365403,-14.068,5.960195562149));
#1578 = VECTOR('',#1579,1.);
#1579 = DIRECTION('',(0.984807753012,0.,-0.173648177667));
#1580 = PCURVE('',#1536,#1581);
#1581 = DEFINITIONAL_REPRESENTATION('',(#1582),#1586);
#1582 = LINE('',#1583,#1584);
#1583 = CARTESIAN_POINT('',(0.,0.));
#1584 = VECTOR('',#1585,1.);
#1585 = DIRECTION('',(0.,-1.));
#1586 = ( GEOMETRIC_REPRESENTATION_CONTEXT(2) 
PARAMETRIC_REPRESENTATION_CONTEXT() REPRESENTATION_CONTEXT('2D SPACE',''
  ) );
#1587 = PCURVE('',#1588,#1593);
#1588 = CYLINDRICAL_SURFACE('',#1589,3.95);
#1589 = AXIS2_PLACEMENT_3D('',#1590,#1591,#1592);
#1590 = CARTESIAN_POINT('',(-1.866953955814,-14.068,2.07020493775));
#1591 = DIRECTION('',(-0.984807753012,0.,0.173648177667));
#1592 = DIRECTION('',(-0.173648177667,1.124276480633E-16,-0.984807753012
    ));
#1593 = DEFINITIONAL_REPRESENTATION('',(#1594),#1598);
#1594 = LINE('',#1595,#1596);
#1595 = CARTESIAN_POINT('',(3.14159265359,0.));
#1596 = VECTOR('',#1597,1.);
#1597 = DIRECTION('',(0.,-1.));
#1598 = ( GEOMETRIC_REPRESENTATION_CONTEXT(2) 
PARAMETRIC_REPRESENTATION_CONTEXT() REPRESENTATION_CONTEXT('2D SPACE',''
  ) );
#1599 = ORIENTED_EDGE('',*,*,#1600,.T.);
#1600 = EDGE_CURVE('',#1573,#1601,#1603,.T.);
#1601 = VERTEX_POINT('',#1602);
#1602 = CARTESIAN_POINT('',(9.920642488585E-02,-7.268,5.734452931182));
#1603 = SURFACE_CURVE('',#1604,(#1608,#1615),.PCURVE_S1.);
#1604 = LINE('',#1605,#1606);
#1605 = CARTESIAN_POINT('',(9.920642488585E-02,-14.068,5.734452931182));
#1606 = VECTOR('',#1607,1.);
#1607 = DIRECTION('',(0.,1.,0.));
#1608 = PCURVE('',#1536,#1609);
#1609 = DEFINITIONAL_REPRESENTATION('',(#1610),#1614);
#1610 = LINE('',#1611,#1612);
#1611 = CARTESIAN_POINT('',(0.,-1.3));
#1612 = VECTOR('',#1613,1.);
#1613 = DIRECTION('',(1.,0.));
#1614 = ( GEOMETRIC_REPRESENTATION_CONTEXT(2) 
PARAMETRIC_REPRESENTATION_CONTEXT() REPRESENTATION_CONTEXT('2D SPACE',''
  ) );
#1615 = PCURVE('',#1616,#1621);
#1616 = PLANE('',#1617);
#1617 = AXIS2_PLACEMENT_3D('',#1618,#1619,#1620);
#1618 = CARTESIAN_POINT('',(-0.586703876899,-10.668,1.844462306783));
#1619 = DIRECTION('',(-0.984807753012,-0.,0.173648177667));
#1620 = DIRECTION('',(-0.173648177667,0.,-0.984807753012));
#1621 = DEFINITIONAL_REPRESENTATION('',(#1622),#1626);
#1622 = LINE('',#1623,#1624);
#1623 = CARTESIAN_POINT('',(-3.95,3.4));
#1624 = VECTOR('',#1625,1.);
#1625 = DIRECTION('',(0.,-1.));
#1626 = ( GEOMETRIC_REPRESENTATION_CONTEXT(2) 
PARAMETRIC_REPRESENTATION_CONTEXT() REPRESENTATION_CONTEXT('2D SPACE',''
  ) );
#1627 = ORIENTED_EDGE('',*,*,#1628,.F.);
#1628 = EDGE_CURVE('',#1522,#1601,#1629,.T.);
#1629 = SURFACE_CURVE('',#1630,(#1634,#1641),.PCURVE_S1.);
#1630 = LINE('',#1631,#1632);
#1631 = CARTESIAN_POINT('',(-1.18104365403,-7.268,5.960195562149));
#1632 = VECTOR('',#1633,1.);
#1633 = DIRECTION('',(0.984807753012,0.,-0.173648177667));
#1634 = PCURVE('',#1536,#1635);
#1635 = DEFINITIONAL_REPRESENTATION('',(#1636),#1640);
#1636 = LINE('',#1637,#1638);
#1637 = CARTESIAN_POINT('',(6.8,0.));
#1638 = VECTOR('',#1639,1.);
#1639 = DIRECTION('',(0.,-1.));
#1640 = ( GEOMETRIC_REPRESENTATION_CONTEXT(2) 
PARAMETRIC_REPRESENTATION_CONTEXT() REPRESENTATION_CONTEXT('2D SPACE',''
  ) );
#1641 = PCURVE('',#1642,#1647);
#1642 = CYLINDRICAL_SURFACE('',#1643,3.95);
#1643 = AXIS2_PLACEMENT_3D('',#1644,#1645,#1646);
#1644 = CARTESIAN_POINT('',(-1.866953955814,-7.268,2.07020493775));
#1645 = DIRECTION('',(-0.984807753012,0.,0.173648177667));
#1646 = DIRECTION('',(0.173648177667,-1.124276480633E-16,0.984807753012)
  );
#1647 = DEFINITIONAL_REPRESENTATION('',(#1648),#1652);
#1648 = LINE('',#1649,#1650);
#1649 = CARTESIAN_POINT('',(0.,0.));
#1650 = VECTOR('',#1651,1.);
#1651 = DIRECTION('',(0.,-1.));
#1652 = ( GEOMETRIC_REPRESENTATION_CONTEXT(2) 
PARAMETRIC_REPRESENTATION_CONTEXT() REPRESENTATION_CONTEXT('2D SPACE',''
  ) );
#1653 = ADVANCED_FACE('',(#1654),#1588,.F.);
#1654 = FACE_BOUND('',#1655,.F.);
#1655 = EDGE_LOOP('',(#1656,#1685,#1717,#1739,#1740));
#1656 = ORIENTED_EDGE('',*,*,#1657,.F.);
#1657 = EDGE_CURVE('',#1658,#1660,#1662,.T.);
#1658 = VERTEX_POINT('',#1659);
#1659 = CARTESIAN_POINT('',(-0.21,-17.05716689647,4.4));
#1660 = VERTEX_POINT('',#1661);
#1661 = CARTESIAN_POINT('',(-0.23236685262,-17.0543810073,4.407215113748
    ));
#1662 = SURFACE_CURVE('',#1663,(#1668,#1678),.PCURVE_S1.);
#1663 = ELLIPSE('',#1664,28.816078490961,3.95);
#1664 = AXIS2_PLACEMENT_3D('',#1665,#1666,#1667);
#1665 = CARTESIAN_POINT('',(17.717487562521,-14.068,-1.383060504039));
#1666 = DIRECTION('',(-0.307002779923,0.,-0.951708617761));
#1667 = DIRECTION('',(-0.951708617761,0.,0.307002779923));
#1668 = PCURVE('',#1588,#1669);
#1669 = DEFINITIONAL_REPRESENTATION('',(#1670),#1677);
#1670 = B_SPLINE_CURVE_WITH_KNOTS('',5,(#1671,#1672,#1673,#1674,#1675,
    #1676),.UNSPECIFIED.,.F.,.F.,(6,6),(5.42149193013,5.483171596619),
  .PIECEWISE_BEZIER_KNOTS.);
#1671 = CARTESIAN_POINT('',(2.279899276541,-1.3000006));
#1672 = CARTESIAN_POINT('',(2.292235209838,-1.032762150528));
#1673 = CARTESIAN_POINT('',(2.304571143136,-0.769059219526));
#1674 = CARTESIAN_POINT('',(2.316907076434,-0.508976530281));
#1675 = CARTESIAN_POINT('',(2.329243009731,-0.252596563401));
#1676 = CARTESIAN_POINT('',(2.341578943029,5.999999959094E-07));
#1677 = ( GEOMETRIC_REPRESENTATION_CONTEXT(2) 
PARAMETRIC_REPRESENTATION_CONTEXT() REPRESENTATION_CONTEXT('2D SPACE',''
  ) );
#1678 = PCURVE('',#43,#1679);
#1679 = DEFINITIONAL_REPRESENTATION('',(#1680),#1684);
#1680 = ELLIPSE('',#1681,28.816078490961,3.95);
#1681 = AXIS2_PLACEMENT_2D('',#1682,#1683);
#1682 = CARTESIAN_POINT('',(-18.51143010975,-24.068));
#1683 = DIRECTION('',(1.,0.));
#1684 = ( GEOMETRIC_REPRESENTATION_CONTEXT(2) 
PARAMETRIC_REPRESENTATION_CONTEXT() REPRESENTATION_CONTEXT('2D SPACE',''
  ) );
#1685 = ORIENTED_EDGE('',*,*,#1686,.T.);
#1686 = EDGE_CURVE('',#1658,#1687,#1689,.T.);
#1687 = VERTEX_POINT('',#1688);
#1688 = CARTESIAN_POINT('',(-0.136093631367,-17.04603248893,4.4));
#1689 = SURFACE_CURVE('',#1690,(#1695,#1705),.PCURVE_S1.);
#1690 = ELLIPSE('',#1691,22.747143408417,3.95);
#1691 = AXIS2_PLACEMENT_3D('',#1692,#1693,#1694);
#1692 = CARTESIAN_POINT('',(-15.07987833578,-14.068,4.4));
#1693 = DIRECTION('',(0.,0.,1.));
#1694 = DIRECTION('',(-1.,0.,0.));
#1695 = PCURVE('',#1588,#1696);
#1696 = DEFINITIONAL_REPRESENTATION('',(#1697),#1704);
#1697 = B_SPLINE_CURVE_WITH_KNOTS('',5,(#1698,#1699,#1700,#1701,#1702,
    #1703),.UNSPECIFIED.,.F.,.F.,(6,6),(2.277989486303,2.287565358433),
  .PIECEWISE_BEZIER_KNOTS.);
#1698 = CARTESIAN_POINT('',(2.277989486303,-1.137598929649));
#1699 = CARTESIAN_POINT('',(2.279904660729,-1.170213220673));
#1700 = CARTESIAN_POINT('',(2.281819835155,-1.20276078193));
#1701 = CARTESIAN_POINT('',(2.283735009581,-1.235241364198));
#1702 = CARTESIAN_POINT('',(2.285650184007,-1.267654719278));
#1703 = CARTESIAN_POINT('',(2.287565358433,-1.3000006));
#1704 = ( GEOMETRIC_REPRESENTATION_CONTEXT(2) 
PARAMETRIC_REPRESENTATION_CONTEXT() REPRESENTATION_CONTEXT('2D SPACE',''
  ) );
#1705 = PCURVE('',#1706,#1711);
#1706 = PLANE('',#1707);
#1707 = AXIS2_PLACEMENT_3D('',#1708,#1709,#1710);
#1708 = CARTESIAN_POINT('',(-2.5,-18.3,4.4));
#1709 = DIRECTION('',(0.,0.,1.));
#1710 = DIRECTION('',(1.,0.,0.));
#1711 = DEFINITIONAL_REPRESENTATION('',(#1712),#1716);
#1712 = ELLIPSE('',#1713,22.747143408417,3.95);
#1713 = AXIS2_PLACEMENT_2D('',#1714,#1715);
#1714 = CARTESIAN_POINT('',(-12.57987833578,4.232));
#1715 = DIRECTION('',(-1.,0.));
#1716 = ( GEOMETRIC_REPRESENTATION_CONTEXT(2) 
PARAMETRIC_REPRESENTATION_CONTEXT() REPRESENTATION_CONTEXT('2D SPACE',''
  ) );
#1717 = ORIENTED_EDGE('',*,*,#1718,.T.);
#1718 = EDGE_CURVE('',#1687,#1573,#1719,.T.);
#1719 = SURFACE_CURVE('',#1720,(#1725,#1732),.PCURVE_S1.);
#1720 = CIRCLE('',#1721,3.95);
#1721 = AXIS2_PLACEMENT_3D('',#1722,#1723,#1724);
#1722 = CARTESIAN_POINT('',(-0.586703876899,-14.068,1.844462306783));
#1723 = DIRECTION('',(-0.984807753012,-3.08148791102E-33,0.173648177667)
  );
#1724 = DIRECTION('',(-0.173648177667,1.124276480633E-16,-0.984807753012
    ));
#1725 = PCURVE('',#1588,#1726);
#1726 = DEFINITIONAL_REPRESENTATION('',(#1727),#1731);
#1727 = LINE('',#1728,#1729);
#1728 = CARTESIAN_POINT('',(0.,-1.3));
#1729 = VECTOR('',#1730,1.);
#1730 = DIRECTION('',(1.,0.));
#1731 = ( GEOMETRIC_REPRESENTATION_CONTEXT(2) 
PARAMETRIC_REPRESENTATION_CONTEXT() REPRESENTATION_CONTEXT('2D SPACE',''
  ) );
#1732 = PCURVE('',#1616,#1733);
#1733 = DEFINITIONAL_REPRESENTATION('',(#1734),#1738);
#1734 = CIRCLE('',#1735,3.95);
#1735 = AXIS2_PLACEMENT_2D('',#1736,#1737);
#1736 = CARTESIAN_POINT('',(-8.939638142818E-16,3.4));
#1737 = DIRECTION('',(1.,-1.124276480633E-16));
#1738 = ( GEOMETRIC_REPRESENTATION_CONTEXT(2) 
PARAMETRIC_REPRESENTATION_CONTEXT() REPRESENTATION_CONTEXT('2D SPACE',''
  ) );
#1739 = ORIENTED_EDGE('',*,*,#1572,.F.);
#1740 = ORIENTED_EDGE('',*,*,#1741,.F.);
#1741 = EDGE_CURVE('',#1660,#1499,#1742,.T.);
#1742 = SURFACE_CURVE('',#1743,(#1748,#1759),.PCURVE_S1.);
#1743 = ELLIPSE('',#1744,3.953763106395,3.95);
#1744 = AXIS2_PLACEMENT_3D('',#1745,#1746,#1747);
#1745 = CARTESIAN_POINT('',(-0.792471847209,-14.068,1.880744751715));
#1746 = DIRECTION('',(-0.97629600712,0.,0.216439613938));
#1747 = DIRECTION('',(-0.216439613938,0.,-0.97629600712));
#1748 = PCURVE('',#1588,#1749);
#1749 = DEFINITIONAL_REPRESENTATION('',(#1750),#1758);
#1750 = B_SPLINE_CURVE_WITH_KNOTS('',6,(#1751,#1752,#1753,#1754,#1755,
    #1756,#1757),.UNSPECIFIED.,.F.,.F.,(7,7),(2.28326391261,
    3.14159265359),.PIECEWISE_BEZIER_KNOTS.);
#1751 = CARTESIAN_POINT('',(2.28326391261,-1.203795838616));
#1752 = CARTESIAN_POINT('',(2.426318702773,-1.222465897137));
#1753 = CARTESIAN_POINT('',(2.569373492937,-1.238367346866));
#1754 = CARTESIAN_POINT('',(2.7124282831,-1.250812679657));
#1755 = CARTESIAN_POINT('',(2.855483073263,-1.259283254459));
#1756 = CARTESIAN_POINT('',(2.998537863426,-1.263518451562));
#1757 = CARTESIAN_POINT('',(3.14159265359,-1.263518451562));
#1758 = ( GEOMETRIC_REPRESENTATION_CONTEXT(2) 
PARAMETRIC_REPRESENTATION_CONTEXT() REPRESENTATION_CONTEXT('2D SPACE',''
  ) );
#1759 = PCURVE('',#1330,#1760);
#1760 = DEFINITIONAL_REPRESENTATION('',(#1761),#1769);
#1761 = B_SPLINE_CURVE_WITH_KNOTS('',6,(#1762,#1763,#1764,#1765,#1766,
    #1767,#1768),.UNSPECIFIED.,.F.,.F.,(7,7),(2.28326391261,
    3.14159265359),.PIECEWISE_BEZIER_KNOTS.);
#1762 = CARTESIAN_POINT('',(2.28326391261,-1.096204161384));
#1763 = CARTESIAN_POINT('',(2.426318702773,-1.077534102863));
#1764 = CARTESIAN_POINT('',(2.569373492937,-1.061632653134));
#1765 = CARTESIAN_POINT('',(2.7124282831,-1.049187320343));
#1766 = CARTESIAN_POINT('',(2.855483073263,-1.040716745541));
#1767 = CARTESIAN_POINT('',(2.998537863426,-1.036481548438));
#1768 = CARTESIAN_POINT('',(3.14159265359,-1.036481548438));
#1769 = ( GEOMETRIC_REPRESENTATION_CONTEXT(2) 
PARAMETRIC_REPRESENTATION_CONTEXT() REPRESENTATION_CONTEXT('2D SPACE',''
  ) );
#1770 = ADVANCED_FACE('',(#1771),#1706,.F.);
#1771 = FACE_BOUND('',#1772,.F.);
#1772 = EDGE_LOOP('',(#1773,#1803,#1824,#1851,#1872,#1904,#1930,#1962,
    #1981,#1982,#2003,#2031));
#1773 = ORIENTED_EDGE('',*,*,#1774,.F.);
#1774 = EDGE_CURVE('',#1775,#1777,#1779,.T.);
#1775 = VERTEX_POINT('',#1776);
#1776 = CARTESIAN_POINT('',(-0.21,-3.,4.4));
#1777 = VERTEX_POINT('',#1778);
#1778 = CARTESIAN_POINT('',(0.7,-3.,4.4));
#1779 = SURFACE_CURVE('',#1780,(#1784,#1791),.PCURVE_S1.);
#1780 = LINE('',#1781,#1782);
#1781 = CARTESIAN_POINT('',(-2.5,-3.,4.4));
#1782 = VECTOR('',#1783,1.);
#1783 = DIRECTION('',(1.,0.,0.));
#1784 = PCURVE('',#1706,#1785);
#1785 = DEFINITIONAL_REPRESENTATION('',(#1786),#1790);
#1786 = LINE('',#1787,#1788);
#1787 = CARTESIAN_POINT('',(0.,15.3));
#1788 = VECTOR('',#1789,1.);
#1789 = DIRECTION('',(1.,0.));
#1790 = ( GEOMETRIC_REPRESENTATION_CONTEXT(2) 
PARAMETRIC_REPRESENTATION_CONTEXT() REPRESENTATION_CONTEXT('2D SPACE',''
  ) );
#1791 = PCURVE('',#1792,#1797);
#1792 = PLANE('',#1793);
#1793 = AXIS2_PLACEMENT_3D('',#1794,#1795,#1796);
#1794 = CARTESIAN_POINT('',(-2.5,-3.,4.4));
#1795 = DIRECTION('',(0.,1.,0.));
#1796 = DIRECTION('',(0.,0.,1.));
#1797 = DEFINITIONAL_REPRESENTATION('',(#1798),#1802);
#1798 = LINE('',#1799,#1800);
#1799 = CARTESIAN_POINT('',(0.,0.));
#1800 = VECTOR('',#1801,1.);
#1801 = DIRECTION('',(0.,1.));
#1802 = ( GEOMETRIC_REPRESENTATION_CONTEXT(2) 
PARAMETRIC_REPRESENTATION_CONTEXT() REPRESENTATION_CONTEXT('2D SPACE',''
  ) );
#1803 = ORIENTED_EDGE('',*,*,#1804,.T.);
#1804 = EDGE_CURVE('',#1775,#1805,#1807,.T.);
#1805 = VERTEX_POINT('',#1806);
#1806 = CARTESIAN_POINT('',(-0.21,-4.278833103524,4.4));
#1807 = SURFACE_CURVE('',#1808,(#1812,#1818),.PCURVE_S1.);
#1808 = LINE('',#1809,#1810);
#1809 = CARTESIAN_POINT('',(-0.21,-4.15,4.4));
#1810 = VECTOR('',#1811,1.);
#1811 = DIRECTION('',(0.,-1.,0.));
#1812 = PCURVE('',#1706,#1813);
#1813 = DEFINITIONAL_REPRESENTATION('',(#1814),#1817);
#1814 = B_SPLINE_CURVE_WITH_KNOTS('',1,(#1815,#1816),.UNSPECIFIED.,.F.,
  .F.,(2,2),(-1.15,14.15),.PIECEWISE_BEZIER_KNOTS.);
#1815 = CARTESIAN_POINT('',(2.29,15.3));
#1816 = CARTESIAN_POINT('',(2.29,0.));
#1817 = ( GEOMETRIC_REPRESENTATION_CONTEXT(2) 
PARAMETRIC_REPRESENTATION_CONTEXT() REPRESENTATION_CONTEXT('2D SPACE',''
  ) );
#1818 = PCURVE('',#305,#1819);
#1819 = DEFINITIONAL_REPRESENTATION('',(#1820),#1823);
#1820 = B_SPLINE_CURVE_WITH_KNOTS('',1,(#1821,#1822),.UNSPECIFIED.,.F.,
  .F.,(2,2),(-1.15,14.15),.PIECEWISE_BEZIER_KNOTS.);
#1821 = CARTESIAN_POINT('',(0.325729949498,-13.));
#1822 = CARTESIAN_POINT('',(0.325729949498,-28.3));
#1823 = ( GEOMETRIC_REPRESENTATION_CONTEXT(2) 
PARAMETRIC_REPRESENTATION_CONTEXT() REPRESENTATION_CONTEXT('2D SPACE',''
  ) );
#1824 = ORIENTED_EDGE('',*,*,#1825,.F.);
#1825 = EDGE_CURVE('',#1826,#1805,#1828,.T.);
#1826 = VERTEX_POINT('',#1827);
#1827 = CARTESIAN_POINT('',(-0.136093631367,-4.289967511062,4.4));
#1828 = SURFACE_CURVE('',#1829,(#1834,#1841),.PCURVE_S1.);
#1829 = ELLIPSE('',#1830,22.747143408417,3.95);
#1830 = AXIS2_PLACEMENT_3D('',#1831,#1832,#1833);
#1831 = CARTESIAN_POINT('',(-15.07987833578,-7.268,4.4));
#1832 = DIRECTION('',(0.,0.,1.));
#1833 = DIRECTION('',(-1.,0.,0.));
#1834 = PCURVE('',#1706,#1835);
#1835 = DEFINITIONAL_REPRESENTATION('',(#1836),#1840);
#1836 = ELLIPSE('',#1837,22.747143408417,3.95);
#1837 = AXIS2_PLACEMENT_2D('',#1838,#1839);
#1838 = CARTESIAN_POINT('',(-12.57987833578,11.032));
#1839 = DIRECTION('',(-1.,0.));
#1840 = ( GEOMETRIC_REPRESENTATION_CONTEXT(2) 
PARAMETRIC_REPRESENTATION_CONTEXT() REPRESENTATION_CONTEXT('2D SPACE',''
  ) );
#1841 = PCURVE('',#1642,#1842);
#1842 = DEFINITIONAL_REPRESENTATION('',(#1843),#1850);
#1843 = B_SPLINE_CURVE_WITH_KNOTS('',5,(#1844,#1845,#1846,#1847,#1848,
    #1849),.UNSPECIFIED.,.F.,.F.,(6,6),(3.995619948746,4.005195820876),
  .PIECEWISE_BEZIER_KNOTS.);
#1844 = CARTESIAN_POINT('',(0.854027295156,-1.3000006));
#1845 = CARTESIAN_POINT('',(0.855942469582,-1.267654719278));
#1846 = CARTESIAN_POINT('',(0.857857644008,-1.235241364198));
#1847 = CARTESIAN_POINT('',(0.859772818434,-1.20276078193));
#1848 = CARTESIAN_POINT('',(0.86168799286,-1.170213220673));
#1849 = CARTESIAN_POINT('',(0.863603167286,-1.137598929649));
#1850 = ( GEOMETRIC_REPRESENTATION_CONTEXT(2) 
PARAMETRIC_REPRESENTATION_CONTEXT() REPRESENTATION_CONTEXT('2D SPACE',''
  ) );
#1851 = ORIENTED_EDGE('',*,*,#1852,.T.);
#1852 = EDGE_CURVE('',#1826,#1853,#1855,.T.);
#1853 = VERTEX_POINT('',#1854);
#1854 = CARTESIAN_POINT('',(-0.136093631367,-4.29725172717,4.4));
#1855 = SURFACE_CURVE('',#1856,(#1860,#1866),.PCURVE_S1.);
#1856 = LINE('',#1857,#1858);
#1857 = CARTESIAN_POINT('',(-0.136093631367,-14.484,4.4));
#1858 = VECTOR('',#1859,1.);
#1859 = DIRECTION('',(0.,-1.,0.));
#1860 = PCURVE('',#1706,#1861);
#1861 = DEFINITIONAL_REPRESENTATION('',(#1862),#1865);
#1862 = B_SPLINE_CURVE_WITH_KNOTS('',1,(#1863,#1864),.UNSPECIFIED.,.F.,
  .F.,(2,2),(-11.166,3.534),.PIECEWISE_BEZIER_KNOTS.);
#1863 = CARTESIAN_POINT('',(2.363906368633,14.982));
#1864 = CARTESIAN_POINT('',(2.363906368633,0.282));
#1865 = ( GEOMETRIC_REPRESENTATION_CONTEXT(2) 
PARAMETRIC_REPRESENTATION_CONTEXT() REPRESENTATION_CONTEXT('2D SPACE',''
  ) );
#1866 = PCURVE('',#1616,#1867);
#1867 = DEFINITIONAL_REPRESENTATION('',(#1868),#1871);
#1868 = B_SPLINE_CURVE_WITH_KNOTS('',1,(#1869,#1870),.UNSPECIFIED.,.F.,
  .F.,(2,2),(-11.166,3.534),.PIECEWISE_BEZIER_KNOTS.);
#1869 = CARTESIAN_POINT('',(-2.594960981369,-7.35));
#1870 = CARTESIAN_POINT('',(-2.594960981369,7.35));
#1871 = ( GEOMETRIC_REPRESENTATION_CONTEXT(2) 
PARAMETRIC_REPRESENTATION_CONTEXT() REPRESENTATION_CONTEXT('2D SPACE',''
  ) );
#1872 = ORIENTED_EDGE('',*,*,#1873,.F.);
#1873 = EDGE_CURVE('',#1874,#1853,#1876,.T.);
#1874 = VERTEX_POINT('',#1875);
#1875 = CARTESIAN_POINT('',(-2.316954202114E-02,-4.323119957132,4.4));
#1876 = SURFACE_CURVE('',#1877,(#1882,#1889),.PCURVE_S1.);
#1877 = ELLIPSE('',#1878,15.261628055367,3.95);
#1878 = AXIS2_PLACEMENT_3D('',#1879,#1880,#1881);
#1879 = CARTESIAN_POINT('',(-10.19446043104,-7.268,4.4));
#1880 = DIRECTION('',(0.,0.,1.));
#1881 = DIRECTION('',(-1.,0.,0.));
#1882 = PCURVE('',#1706,#1883);
#1883 = DEFINITIONAL_REPRESENTATION('',(#1884),#1888);
#1884 = ELLIPSE('',#1885,15.261628055367,3.95);
#1885 = AXIS2_PLACEMENT_2D('',#1886,#1887);
#1886 = CARTESIAN_POINT('',(-7.694460431044,11.032));
#1887 = DIRECTION('',(-1.,0.));
#1888 = ( GEOMETRIC_REPRESENTATION_CONTEXT(2) 
PARAMETRIC_REPRESENTATION_CONTEXT() REPRESENTATION_CONTEXT('2D SPACE',''
  ) );
#1889 = PCURVE('',#1890,#1895);
#1890 = CYLINDRICAL_SURFACE('',#1891,3.95);
#1891 = AXIS2_PLACEMENT_3D('',#1892,#1893,#1894);
#1892 = CARTESIAN_POINT('',(-1.960220411121,-7.268,2.193642036378));
#1893 = DIRECTION('',(-0.965925826289,0.,0.258819045103));
#1894 = DIRECTION('',(0.258819045103,-1.124276480633E-16,0.965925826289)
  );
#1895 = DEFINITIONAL_REPRESENTATION('',(#1896),#1903);
#1896 = B_SPLINE_CURVE_WITH_KNOTS('',5,(#1897,#1898,#1899,#1900,#1901,
    #1902),.UNSPECIFIED.,.F.,.F.,(6,6),(3.982936200111,4.007095643368),
  .PIECEWISE_BEZIER_KNOTS.);
#1897 = CARTESIAN_POINT('',(0.841343546521,-1.3000006));
#1898 = CARTESIAN_POINT('',(0.846175435173,-1.246896010897));
#1899 = CARTESIAN_POINT('',(0.851007323824,-1.193504698004));
#1900 = CARTESIAN_POINT('',(0.855839212476,-1.139829244322));
#1901 = CARTESIAN_POINT('',(0.860671101127,-1.085872260748));
#1902 = CARTESIAN_POINT('',(0.865502989779,-1.031636385309));
#1903 = ( GEOMETRIC_REPRESENTATION_CONTEXT(2) 
PARAMETRIC_REPRESENTATION_CONTEXT() REPRESENTATION_CONTEXT('2D SPACE',''
  ) );
#1904 = ORIENTED_EDGE('',*,*,#1905,.T.);
#1905 = EDGE_CURVE('',#1874,#1906,#1908,.T.);
#1906 = VERTEX_POINT('',#1907);
#1907 = CARTESIAN_POINT('',(-2.316954202114E-02,-17.01288004286,4.4));
#1908 = SURFACE_CURVE('',#1909,(#1913,#1919),.PCURVE_S1.);
#1909 = LINE('',#1910,#1911);
#1910 = CARTESIAN_POINT('',(-2.316954202114E-02,-14.484,4.4));
#1911 = VECTOR('',#1912,1.);
#1912 = DIRECTION('',(0.,-1.,0.));
#1913 = PCURVE('',#1706,#1914);
#1914 = DEFINITIONAL_REPRESENTATION('',(#1915),#1918);
#1915 = B_SPLINE_CURVE_WITH_KNOTS('',1,(#1916,#1917),.UNSPECIFIED.,.F.,
  .F.,(2,2),(-11.166,3.534),.PIECEWISE_BEZIER_KNOTS.);
#1916 = CARTESIAN_POINT('',(2.476830457979,14.982));
#1917 = CARTESIAN_POINT('',(2.476830457979,0.282));
#1918 = ( GEOMETRIC_REPRESENTATION_CONTEXT(2) 
PARAMETRIC_REPRESENTATION_CONTEXT() REPRESENTATION_CONTEXT('2D SPACE',''
  ) );
#1919 = PCURVE('',#1920,#1925);
#1920 = PLANE('',#1921);
#1921 = AXIS2_PLACEMENT_3D('',#1922,#1923,#1924);
#1922 = CARTESIAN_POINT('',(-0.704516836945,-10.668,1.857177277744));
#1923 = DIRECTION('',(-0.965925826289,-0.,0.258819045103));
#1924 = DIRECTION('',(-0.258819045103,0.,-0.965925826289));
#1925 = DEFINITIONAL_REPRESENTATION('',(#1926),#1929);
#1926 = B_SPLINE_CURVE_WITH_KNOTS('',1,(#1927,#1928),.UNSPECIFIED.,.F.,
  .F.,(2,2),(-11.166,3.534),.PIECEWISE_BEZIER_KNOTS.);
#1927 = CARTESIAN_POINT('',(-2.632523795357,-7.35));
#1928 = CARTESIAN_POINT('',(-2.632523795357,7.35));
#1929 = ( GEOMETRIC_REPRESENTATION_CONTEXT(2) 
PARAMETRIC_REPRESENTATION_CONTEXT() REPRESENTATION_CONTEXT('2D SPACE',''
  ) );
#1930 = ORIENTED_EDGE('',*,*,#1931,.F.);
#1931 = EDGE_CURVE('',#1932,#1906,#1934,.T.);
#1932 = VERTEX_POINT('',#1933);
#1933 = CARTESIAN_POINT('',(-0.136093631367,-17.03874827283,4.4));
#1934 = SURFACE_CURVE('',#1935,(#1940,#1947),.PCURVE_S1.);
#1935 = ELLIPSE('',#1936,15.261628055367,3.95);
#1936 = AXIS2_PLACEMENT_3D('',#1937,#1938,#1939);
#1937 = CARTESIAN_POINT('',(-10.19446043104,-14.068,4.4));
#1938 = DIRECTION('',(0.,0.,1.));
#1939 = DIRECTION('',(-1.,0.,0.));
#1940 = PCURVE('',#1706,#1941);
#1941 = DEFINITIONAL_REPRESENTATION('',(#1942),#1946);
#1942 = ELLIPSE('',#1943,15.261628055367,3.95);
#1943 = AXIS2_PLACEMENT_2D('',#1944,#1945);
#1944 = CARTESIAN_POINT('',(-7.694460431044,4.232));
#1945 = DIRECTION('',(-1.,0.));
#1946 = ( GEOMETRIC_REPRESENTATION_CONTEXT(2) 
PARAMETRIC_REPRESENTATION_CONTEXT() REPRESENTATION_CONTEXT('2D SPACE',''
  ) );
#1947 = PCURVE('',#1948,#1953);
#1948 = CYLINDRICAL_SURFACE('',#1949,3.95);
#1949 = AXIS2_PLACEMENT_3D('',#1950,#1951,#1952);
#1950 = CARTESIAN_POINT('',(-1.960220411121,-14.068,2.193642036378));
#1951 = DIRECTION('',(-0.965925826289,0.,0.258819045103));
#1952 = DIRECTION('',(-0.258819045103,1.124276480633E-16,-0.965925826289
    ));
#1953 = DEFINITIONAL_REPRESENTATION('',(#1954),#1961);
#1954 = B_SPLINE_CURVE_WITH_KNOTS('',5,(#1955,#1956,#1957,#1958,#1959,
    #1960),.UNSPECIFIED.,.F.,.F.,(6,6),(2.276089663811,2.300249107069),
  .PIECEWISE_BEZIER_KNOTS.);
#1955 = CARTESIAN_POINT('',(2.276089663811,-1.031636385309));
#1956 = CARTESIAN_POINT('',(2.280921552463,-1.085872260748));
#1957 = CARTESIAN_POINT('',(2.285753441114,-1.139829244322));
#1958 = CARTESIAN_POINT('',(2.290585329766,-1.193504698004));
#1959 = CARTESIAN_POINT('',(2.295417218417,-1.246896010897));
#1960 = CARTESIAN_POINT('',(2.300249107069,-1.3000006));
#1961 = ( GEOMETRIC_REPRESENTATION_CONTEXT(2) 
PARAMETRIC_REPRESENTATION_CONTEXT() REPRESENTATION_CONTEXT('2D SPACE',''
  ) );
#1962 = ORIENTED_EDGE('',*,*,#1963,.T.);
#1963 = EDGE_CURVE('',#1932,#1687,#1964,.T.);
#1964 = SURFACE_CURVE('',#1965,(#1969,#1975),.PCURVE_S1.);
#1965 = LINE('',#1966,#1967);
#1966 = CARTESIAN_POINT('',(-0.136093631367,-14.484,4.4));
#1967 = VECTOR('',#1968,1.);
#1968 = DIRECTION('',(0.,-1.,0.));
#1969 = PCURVE('',#1706,#1970);
#1970 = DEFINITIONAL_REPRESENTATION('',(#1971),#1974);
#1971 = B_SPLINE_CURVE_WITH_KNOTS('',1,(#1972,#1973),.UNSPECIFIED.,.F.,
  .F.,(2,2),(-11.166,3.534),.PIECEWISE_BEZIER_KNOTS.);
#1972 = CARTESIAN_POINT('',(2.363906368633,14.982));
#1973 = CARTESIAN_POINT('',(2.363906368633,0.282));
#1974 = ( GEOMETRIC_REPRESENTATION_CONTEXT(2) 
PARAMETRIC_REPRESENTATION_CONTEXT() REPRESENTATION_CONTEXT('2D SPACE',''
  ) );
#1975 = PCURVE('',#1616,#1976);
#1976 = DEFINITIONAL_REPRESENTATION('',(#1977),#1980);
#1977 = B_SPLINE_CURVE_WITH_KNOTS('',1,(#1978,#1979),.UNSPECIFIED.,.F.,
  .F.,(2,2),(-11.166,3.534),.PIECEWISE_BEZIER_KNOTS.);
#1978 = CARTESIAN_POINT('',(-2.594960981369,-7.35));
#1979 = CARTESIAN_POINT('',(-2.594960981369,7.35));
#1980 = ( GEOMETRIC_REPRESENTATION_CONTEXT(2) 
PARAMETRIC_REPRESENTATION_CONTEXT() REPRESENTATION_CONTEXT('2D SPACE',''
  ) );
#1981 = ORIENTED_EDGE('',*,*,#1686,.F.);
#1982 = ORIENTED_EDGE('',*,*,#1983,.T.);
#1983 = EDGE_CURVE('',#1658,#1984,#1986,.T.);
#1984 = VERTEX_POINT('',#1985);
#1985 = CARTESIAN_POINT('',(-0.21,-18.3,4.4));
#1986 = SURFACE_CURVE('',#1987,(#1991,#1997),.PCURVE_S1.);
#1987 = LINE('',#1988,#1989);
#1988 = CARTESIAN_POINT('',(-0.21,-4.15,4.4));
#1989 = VECTOR('',#1990,1.);
#1990 = DIRECTION('',(0.,-1.,0.));
#1991 = PCURVE('',#1706,#1992);
#1992 = DEFINITIONAL_REPRESENTATION('',(#1993),#1996);
#1993 = B_SPLINE_CURVE_WITH_KNOTS('',1,(#1994,#1995),.UNSPECIFIED.,.F.,
  .F.,(2,2),(-1.15,14.15),.PIECEWISE_BEZIER_KNOTS.);
#1994 = CARTESIAN_POINT('',(2.29,15.3));
#1995 = CARTESIAN_POINT('',(2.29,0.));
#1996 = ( GEOMETRIC_REPRESENTATION_CONTEXT(2) 
PARAMETRIC_REPRESENTATION_CONTEXT() REPRESENTATION_CONTEXT('2D SPACE',''
  ) );
#1997 = PCURVE('',#43,#1998);
#1998 = DEFINITIONAL_REPRESENTATION('',(#1999),#2002);
#1999 = B_SPLINE_CURVE_WITH_KNOTS('',1,(#2000,#2001),.UNSPECIFIED.,.F.,
  .F.,(2,2),(-1.15,14.15),.PIECEWISE_BEZIER_KNOTS.);
#2000 = CARTESIAN_POINT('',(0.325729949498,-13.));
#2001 = CARTESIAN_POINT('',(0.325729949498,-28.3));
#2002 = ( GEOMETRIC_REPRESENTATION_CONTEXT(2) 
PARAMETRIC_REPRESENTATION_CONTEXT() REPRESENTATION_CONTEXT('2D SPACE',''
  ) );
#2003 = ORIENTED_EDGE('',*,*,#2004,.T.);
#2004 = EDGE_CURVE('',#1984,#2005,#2007,.T.);
#2005 = VERTEX_POINT('',#2006);
#2006 = CARTESIAN_POINT('',(0.7,-18.3,4.4));
#2007 = SURFACE_CURVE('',#2008,(#2012,#2019),.PCURVE_S1.);
#2008 = LINE('',#2009,#2010);
#2009 = CARTESIAN_POINT('',(-2.5,-18.3,4.4));
#2010 = VECTOR('',#2011,1.);
#2011 = DIRECTION('',(1.,0.,0.));
#2012 = PCURVE('',#1706,#2013);
#2013 = DEFINITIONAL_REPRESENTATION('',(#2014),#2018);
#2014 = LINE('',#2015,#2016);
#2015 = CARTESIAN_POINT('',(0.,0.));
#2016 = VECTOR('',#2017,1.);
#2017 = DIRECTION('',(1.,0.));
#2018 = ( GEOMETRIC_REPRESENTATION_CONTEXT(2) 
PARAMETRIC_REPRESENTATION_CONTEXT() REPRESENTATION_CONTEXT('2D SPACE',''
  ) );
#2019 = PCURVE('',#2020,#2025);
#2020 = PLANE('',#2021);
#2021 = AXIS2_PLACEMENT_3D('',#2022,#2023,#2024);
#2022 = CARTESIAN_POINT('',(-2.5,-18.3,4.4));
#2023 = DIRECTION('',(0.,1.,0.));
#2024 = DIRECTION('',(0.,0.,1.));
#2025 = DEFINITIONAL_REPRESENTATION('',(#2026),#2030);
#2026 = LINE('',#2027,#2028);
#2027 = CARTESIAN_POINT('',(0.,0.));
#2028 = VECTOR('',#2029,1.);
#2029 = DIRECTION('',(0.,1.));
#2030 = ( GEOMETRIC_REPRESENTATION_CONTEXT(2) 
PARAMETRIC_REPRESENTATION_CONTEXT() REPRESENTATION_CONTEXT('2D SPACE',''
  ) );
#2031 = ORIENTED_EDGE('',*,*,#2032,.T.);
#2032 = EDGE_CURVE('',#2005,#1777,#2033,.T.);
#2033 = SURFACE_CURVE('',#2034,(#2038,#2045),.PCURVE_S1.);
#2034 = LINE('',#2035,#2036);
#2035 = CARTESIAN_POINT('',(0.7,-18.3,4.4));
#2036 = VECTOR('',#2037,1.);
#2037 = DIRECTION('',(0.,1.,0.));
#2038 = PCURVE('',#1706,#2039);
#2039 = DEFINITIONAL_REPRESENTATION('',(#2040),#2044);
#2040 = LINE('',#2041,#2042);
#2041 = CARTESIAN_POINT('',(3.2,0.));
#2042 = VECTOR('',#2043,1.);
#2043 = DIRECTION('',(0.,1.));
#2044 = ( GEOMETRIC_REPRESENTATION_CONTEXT(2) 
PARAMETRIC_REPRESENTATION_CONTEXT() REPRESENTATION_CONTEXT('2D SPACE',''
  ) );
#2045 = PCURVE('',#2046,#2051);
#2046 = PLANE('',#2047);
#2047 = AXIS2_PLACEMENT_3D('',#2048,#2049,#2050);
#2048 = CARTESIAN_POINT('',(0.7,-18.3,4.4));
#2049 = DIRECTION('',(1.,0.,0.));
#2050 = DIRECTION('',(0.,0.,1.));
#2051 = DEFINITIONAL_REPRESENTATION('',(#2052),#2056);
#2052 = LINE('',#2053,#2054);
#2053 = CARTESIAN_POINT('',(0.,0.));
#2054 = VECTOR('',#2055,1.);
#2055 = DIRECTION('',(0.,-1.));
#2056 = ( GEOMETRIC_REPRESENTATION_CONTEXT(2) 
PARAMETRIC_REPRESENTATION_CONTEXT() REPRESENTATION_CONTEXT('2D SPACE',''
  ) );
#2057 = ADVANCED_FACE('',(#2058),#1890,.F.);
#2058 = FACE_BOUND('',#2059,.F.);
#2059 = EDGE_LOOP('',(#2060,#2088,#2116,#2138));
#2060 = ORIENTED_EDGE('',*,*,#2061,.F.);
#2061 = EDGE_CURVE('',#2062,#1853,#2064,.T.);
#2062 = VERTEX_POINT('',#2063);
#2063 = CARTESIAN_POINT('',(9.865218819148E-02,-7.268,5.731309698693));
#2064 = SURFACE_CURVE('',#2065,(#2070,#2081),.PCURVE_S1.);
#2065 = ELLIPSE('',#2066,3.965088358296,3.95);
#2066 = AXIS2_PLACEMENT_3D('',#2067,#2068,#2069);
#2067 = CARTESIAN_POINT('',(-0.589878179515,-7.268,1.826459942065));
#2068 = DIRECTION('',(-0.984807753012,-0.,0.173648177667));
#2069 = DIRECTION('',(0.173648177667,0.,0.984807753012));
#2070 = PCURVE('',#1890,#2071);
#2071 = DEFINITIONAL_REPRESENTATION('',(#2072),#2080);
#2072 = B_SPLINE_CURVE_WITH_KNOTS('',6,(#2073,#2074,#2075,#2076,#2077,
    #2078,#2079),.UNSPECIFIED.,.F.,.F.,(7,7),(0.,0.89580792911),
  .PIECEWISE_BEZIER_KNOTS.);
#2073 = CARTESIAN_POINT('',(2.248552961266E-16,-1.073102450464));
#2074 = CARTESIAN_POINT('',(0.149301321518,-1.073102450464));
#2075 = CARTESIAN_POINT('',(0.298602643037,-1.082346324802));
#2076 = CARTESIAN_POINT('',(0.447903964555,-1.100834581434));
#2077 = CARTESIAN_POINT('',(0.597205286073,-1.127947358445));
#2078 = CARTESIAN_POINT('',(0.746506607592,-1.162452244001));
#2079 = CARTESIAN_POINT('',(0.89580792911,-1.202733648903));
#2080 = ( GEOMETRIC_REPRESENTATION_CONTEXT(2) 
PARAMETRIC_REPRESENTATION_CONTEXT() REPRESENTATION_CONTEXT('2D SPACE',''
  ) );
#2081 = PCURVE('',#1616,#2082);
#2082 = DEFINITIONAL_REPRESENTATION('',(#2083),#2087);
#2083 = ELLIPSE('',#2084,3.965088358296,3.95);
#2084 = AXIS2_PLACEMENT_2D('',#2085,#2086);
#2085 = CARTESIAN_POINT('',(1.828008021241E-02,-3.4));
#2086 = DIRECTION('',(-1.,0.));
#2087 = ( GEOMETRIC_REPRESENTATION_CONTEXT(2) 
PARAMETRIC_REPRESENTATION_CONTEXT() REPRESENTATION_CONTEXT('2D SPACE',''
  ) );
#2088 = ORIENTED_EDGE('',*,*,#2089,.T.);
#2089 = EDGE_CURVE('',#2062,#2090,#2092,.T.);
#2090 = VERTEX_POINT('',#2091);
#2091 = CARTESIAN_POINT('',(0.31781839121,-7.268,5.672584291586));
#2092 = SURFACE_CURVE('',#2093,(#2097,#2104),.PCURVE_S1.);
#2093 = LINE('',#2094,#2095);
#2094 = CARTESIAN_POINT('',(-0.937885182966,-7.268,6.009049050219));
#2095 = VECTOR('',#2096,1.);
#2096 = DIRECTION('',(0.965925826289,0.,-0.258819045103));
#2097 = PCURVE('',#1890,#2098);
#2098 = DEFINITIONAL_REPRESENTATION('',(#2099),#2103);
#2099 = LINE('',#2100,#2101);
#2100 = CARTESIAN_POINT('',(0.,0.));
#2101 = VECTOR('',#2102,1.);
#2102 = DIRECTION('',(0.,-1.));
#2103 = ( GEOMETRIC_REPRESENTATION_CONTEXT(2) 
PARAMETRIC_REPRESENTATION_CONTEXT() REPRESENTATION_CONTEXT('2D SPACE',''
  ) );
#2104 = PCURVE('',#2105,#2110);
#2105 = PLANE('',#2106);
#2106 = AXIS2_PLACEMENT_3D('',#2107,#2108,#2109);
#2107 = CARTESIAN_POINT('',(-0.937885182966,-14.068,6.009049050219));
#2108 = DIRECTION('',(0.258819045103,0.,0.965925826289));
#2109 = DIRECTION('',(0.,1.,0.));
#2110 = DEFINITIONAL_REPRESENTATION('',(#2111),#2115);
#2111 = LINE('',#2112,#2113);
#2112 = CARTESIAN_POINT('',(6.8,0.));
#2113 = VECTOR('',#2114,1.);
#2114 = DIRECTION('',(0.,-1.));
#2115 = ( GEOMETRIC_REPRESENTATION_CONTEXT(2) 
PARAMETRIC_REPRESENTATION_CONTEXT() REPRESENTATION_CONTEXT('2D SPACE',''
  ) );
#2116 = ORIENTED_EDGE('',*,*,#2117,.T.);
#2117 = EDGE_CURVE('',#2090,#1874,#2118,.T.);
#2118 = SURFACE_CURVE('',#2119,(#2124,#2131),.PCURVE_S1.);
#2119 = CIRCLE('',#2120,3.95);
#2120 = AXIS2_PLACEMENT_3D('',#2121,#2122,#2123);
#2121 = CARTESIAN_POINT('',(-0.704516836945,-7.268,1.857177277744));
#2122 = DIRECTION('',(-0.965925826289,6.162975822039E-33,0.258819045103)
  );
#2123 = DIRECTION('',(0.258819045103,-1.124276480633E-16,0.965925826289)
  );
#2124 = PCURVE('',#1890,#2125);
#2125 = DEFINITIONAL_REPRESENTATION('',(#2126),#2130);
#2126 = LINE('',#2127,#2128);
#2127 = CARTESIAN_POINT('',(0.,-1.3));
#2128 = VECTOR('',#2129,1.);
#2129 = DIRECTION('',(1.,0.));
#2130 = ( GEOMETRIC_REPRESENTATION_CONTEXT(2) 
PARAMETRIC_REPRESENTATION_CONTEXT() REPRESENTATION_CONTEXT('2D SPACE',''
  ) );
#2131 = PCURVE('',#1920,#2132);
#2132 = DEFINITIONAL_REPRESENTATION('',(#2133),#2137);
#2133 = CIRCLE('',#2134,3.95);
#2134 = AXIS2_PLACEMENT_2D('',#2135,#2136);
#2135 = CARTESIAN_POINT('',(0.,-3.4));
#2136 = DIRECTION('',(-1.,1.124276480633E-16));
#2137 = ( GEOMETRIC_REPRESENTATION_CONTEXT(2) 
PARAMETRIC_REPRESENTATION_CONTEXT() REPRESENTATION_CONTEXT('2D SPACE',''
  ) );
#2138 = ORIENTED_EDGE('',*,*,#1873,.T.);
#2139 = ADVANCED_FACE('',(#2140),#2105,.F.);
#2140 = FACE_BOUND('',#2141,.F.);
#2141 = EDGE_LOOP('',(#2142,#2163,#2186,#2207));
#2142 = ORIENTED_EDGE('',*,*,#2143,.F.);
#2143 = EDGE_CURVE('',#2144,#2062,#2146,.T.);
#2144 = VERTEX_POINT('',#2145);
#2145 = CARTESIAN_POINT('',(9.865218819149E-02,-14.068,5.731309698693));
#2146 = SURFACE_CURVE('',#2147,(#2151,#2157),.PCURVE_S1.);
#2147 = LINE('',#2148,#2149);
#2148 = CARTESIAN_POINT('',(9.865218819149E-02,-12.368,5.731309698693));
#2149 = VECTOR('',#2150,1.);
#2150 = DIRECTION('',(-0.,1.,0.));
#2151 = PCURVE('',#2105,#2152);
#2152 = DEFINITIONAL_REPRESENTATION('',(#2153),#2156);
#2153 = B_SPLINE_CURVE_WITH_KNOTS('',1,(#2154,#2155),.UNSPECIFIED.,.F.,
  .F.,(2,2),(-1.7,5.1),.PIECEWISE_BEZIER_KNOTS.);
#2154 = CARTESIAN_POINT('',(0.,-1.073102450464));
#2155 = CARTESIAN_POINT('',(6.8,-1.073102450464));
#2156 = ( GEOMETRIC_REPRESENTATION_CONTEXT(2) 
PARAMETRIC_REPRESENTATION_CONTEXT() REPRESENTATION_CONTEXT('2D SPACE',''
  ) );
#2157 = PCURVE('',#1616,#2158);
#2158 = DEFINITIONAL_REPRESENTATION('',(#2159),#2162);
#2159 = B_SPLINE_CURVE_WITH_KNOTS('',1,(#2160,#2161),.UNSPECIFIED.,.F.,
  .F.,(2,2),(-1.7,5.1),.PIECEWISE_BEZIER_KNOTS.);
#2160 = CARTESIAN_POINT('',(-3.946808278084,3.4));
#2161 = CARTESIAN_POINT('',(-3.946808278084,-3.4));
#2162 = ( GEOMETRIC_REPRESENTATION_CONTEXT(2) 
PARAMETRIC_REPRESENTATION_CONTEXT() REPRESENTATION_CONTEXT('2D SPACE',''
  ) );
#2163 = ORIENTED_EDGE('',*,*,#2164,.T.);
#2164 = EDGE_CURVE('',#2144,#2165,#2167,.T.);
#2165 = VERTEX_POINT('',#2166);
#2166 = CARTESIAN_POINT('',(0.31781839121,-14.068,5.672584291586));
#2167 = SURFACE_CURVE('',#2168,(#2172,#2179),.PCURVE_S1.);
#2168 = LINE('',#2169,#2170);
#2169 = CARTESIAN_POINT('',(-0.937885182966,-14.068,6.009049050219));
#2170 = VECTOR('',#2171,1.);
#2171 = DIRECTION('',(0.965925826289,0.,-0.258819045103));
#2172 = PCURVE('',#2105,#2173);
#2173 = DEFINITIONAL_REPRESENTATION('',(#2174),#2178);
#2174 = LINE('',#2175,#2176);
#2175 = CARTESIAN_POINT('',(0.,0.));
#2176 = VECTOR('',#2177,1.);
#2177 = DIRECTION('',(0.,-1.));
#2178 = ( GEOMETRIC_REPRESENTATION_CONTEXT(2) 
PARAMETRIC_REPRESENTATION_CONTEXT() REPRESENTATION_CONTEXT('2D SPACE',''
  ) );
#2179 = PCURVE('',#1948,#2180);
#2180 = DEFINITIONAL_REPRESENTATION('',(#2181),#2185);
#2181 = LINE('',#2182,#2183);
#2182 = CARTESIAN_POINT('',(3.14159265359,0.));
#2183 = VECTOR('',#2184,1.);
#2184 = DIRECTION('',(0.,-1.));
#2185 = ( GEOMETRIC_REPRESENTATION_CONTEXT(2) 
PARAMETRIC_REPRESENTATION_CONTEXT() REPRESENTATION_CONTEXT('2D SPACE',''
  ) );
#2186 = ORIENTED_EDGE('',*,*,#2187,.T.);
#2187 = EDGE_CURVE('',#2165,#2090,#2188,.T.);
#2188 = SURFACE_CURVE('',#2189,(#2193,#2200),.PCURVE_S1.);
#2189 = LINE('',#2190,#2191);
#2190 = CARTESIAN_POINT('',(0.31781839121,-14.068,5.672584291586));
#2191 = VECTOR('',#2192,1.);
#2192 = DIRECTION('',(0.,1.,0.));
#2193 = PCURVE('',#2105,#2194);
#2194 = DEFINITIONAL_REPRESENTATION('',(#2195),#2199);
#2195 = LINE('',#2196,#2197);
#2196 = CARTESIAN_POINT('',(0.,-1.3));
#2197 = VECTOR('',#2198,1.);
#2198 = DIRECTION('',(1.,0.));
#2199 = ( GEOMETRIC_REPRESENTATION_CONTEXT(2) 
PARAMETRIC_REPRESENTATION_CONTEXT() REPRESENTATION_CONTEXT('2D SPACE',''
  ) );
#2200 = PCURVE('',#1920,#2201);
#2201 = DEFINITIONAL_REPRESENTATION('',(#2202),#2206);
#2202 = LINE('',#2203,#2204);
#2203 = CARTESIAN_POINT('',(-3.95,3.4));
#2204 = VECTOR('',#2205,1.);
#2205 = DIRECTION('',(0.,-1.));
#2206 = ( GEOMETRIC_REPRESENTATION_CONTEXT(2) 
PARAMETRIC_REPRESENTATION_CONTEXT() REPRESENTATION_CONTEXT('2D SPACE',''
  ) );
#2207 = ORIENTED_EDGE('',*,*,#2089,.F.);
#2208 = ADVANCED_FACE('',(#2209),#1920,.T.);
#2209 = FACE_BOUND('',#2210,.T.);
#2210 = EDGE_LOOP('',(#2211,#2233,#2234,#2235));
#2211 = ORIENTED_EDGE('',*,*,#2212,.T.);
#2212 = EDGE_CURVE('',#1906,#2165,#2213,.T.);
#2213 = SURFACE_CURVE('',#2214,(#2219,#2226),.PCURVE_S1.);
#2214 = CIRCLE('',#2215,3.95);
#2215 = AXIS2_PLACEMENT_3D('',#2216,#2217,#2218);
#2216 = CARTESIAN_POINT('',(-0.704516836945,-14.068,1.857177277744));
#2217 = DIRECTION('',(-0.965925826289,6.162975822039E-33,0.258819045103)
  );
#2218 = DIRECTION('',(-0.258819045103,1.124276480633E-16,-0.965925826289
    ));
#2219 = PCURVE('',#1920,#2220);
#2220 = DEFINITIONAL_REPRESENTATION('',(#2221),#2225);
#2221 = CIRCLE('',#2222,3.95);
#2222 = AXIS2_PLACEMENT_2D('',#2223,#2224);
#2223 = CARTESIAN_POINT('',(-9.153838465578E-16,3.4));
#2224 = DIRECTION('',(1.,-1.124276480633E-16));
#2225 = ( GEOMETRIC_REPRESENTATION_CONTEXT(2) 
PARAMETRIC_REPRESENTATION_CONTEXT() REPRESENTATION_CONTEXT('2D SPACE',''
  ) );
#2226 = PCURVE('',#1948,#2227);
#2227 = DEFINITIONAL_REPRESENTATION('',(#2228),#2232);
#2228 = LINE('',#2229,#2230);
#2229 = CARTESIAN_POINT('',(0.,-1.3));
#2230 = VECTOR('',#2231,1.);
#2231 = DIRECTION('',(1.,0.));
#2232 = ( GEOMETRIC_REPRESENTATION_CONTEXT(2) 
PARAMETRIC_REPRESENTATION_CONTEXT() REPRESENTATION_CONTEXT('2D SPACE',''
  ) );
#2233 = ORIENTED_EDGE('',*,*,#2187,.T.);
#2234 = ORIENTED_EDGE('',*,*,#2117,.T.);
#2235 = ORIENTED_EDGE('',*,*,#1905,.T.);
#2236 = ADVANCED_FACE('',(#2237),#1948,.F.);
#2237 = FACE_BOUND('',#2238,.F.);
#2238 = EDGE_LOOP('',(#2239,#2240,#2241,#2242));
#2239 = ORIENTED_EDGE('',*,*,#1931,.T.);
#2240 = ORIENTED_EDGE('',*,*,#2212,.T.);
#2241 = ORIENTED_EDGE('',*,*,#2164,.F.);
#2242 = ORIENTED_EDGE('',*,*,#2243,.F.);
#2243 = EDGE_CURVE('',#1932,#2144,#2244,.T.);
#2244 = SURFACE_CURVE('',#2245,(#2250,#2261),.PCURVE_S1.);
#2245 = ELLIPSE('',#2246,3.965088358296,3.95);
#2246 = AXIS2_PLACEMENT_3D('',#2247,#2248,#2249);
#2247 = CARTESIAN_POINT('',(-0.589878179515,-14.068,1.826459942065));
#2248 = DIRECTION('',(-0.984807753012,-0.,0.173648177667));
#2249 = DIRECTION('',(0.173648177667,0.,0.984807753012));
#2250 = PCURVE('',#1948,#2251);
#2251 = DEFINITIONAL_REPRESENTATION('',(#2252),#2260);
#2252 = B_SPLINE_CURVE_WITH_KNOTS('',6,(#2253,#2254,#2255,#2256,#2257,
    #2258,#2259),.UNSPECIFIED.,.F.,.F.,(7,7),(5.38737737807,
    6.28318530718),.PIECEWISE_BEZIER_KNOTS.);
#2253 = CARTESIAN_POINT('',(2.24578472448,-1.202733648903));
#2254 = CARTESIAN_POINT('',(2.395086045998,-1.162452244001));
#2255 = CARTESIAN_POINT('',(2.544387367516,-1.127947358445));
#2256 = CARTESIAN_POINT('',(2.693688689035,-1.100834581434));
#2257 = CARTESIAN_POINT('',(2.842990010553,-1.082346324802));
#2258 = CARTESIAN_POINT('',(2.992291332071,-1.073102450464));
#2259 = CARTESIAN_POINT('',(3.14159265359,-1.073102450464));
#2260 = ( GEOMETRIC_REPRESENTATION_CONTEXT(2) 
PARAMETRIC_REPRESENTATION_CONTEXT() REPRESENTATION_CONTEXT('2D SPACE',''
  ) );
#2261 = PCURVE('',#1616,#2262);
#2262 = DEFINITIONAL_REPRESENTATION('',(#2263),#2267);
#2263 = ELLIPSE('',#2264,3.965088358296,3.95);
#2264 = AXIS2_PLACEMENT_2D('',#2265,#2266);
#2265 = CARTESIAN_POINT('',(1.828008021241E-02,3.4));
#2266 = DIRECTION('',(-1.,0.));
#2267 = ( GEOMETRIC_REPRESENTATION_CONTEXT(2) 
PARAMETRIC_REPRESENTATION_CONTEXT() REPRESENTATION_CONTEXT('2D SPACE',''
  ) );
#2268 = ADVANCED_FACE('',(#2269),#2020,.F.);
#2269 = FACE_BOUND('',#2270,.F.);
#2270 = EDGE_LOOP('',(#2271,#2272,#2293,#2319,#2345));
#2271 = ORIENTED_EDGE('',*,*,#2004,.F.);
#2272 = ORIENTED_EDGE('',*,*,#2273,.T.);
#2273 = EDGE_CURVE('',#1984,#2274,#2276,.T.);
#2274 = VERTEX_POINT('',#2275);
#2275 = CARTESIAN_POINT('',(-0.6,-18.3,4.525806451613));
#2276 = SURFACE_CURVE('',#2277,(#2281,#2287),.PCURVE_S1.);
#2277 = LINE('',#2278,#2279);
#2278 = CARTESIAN_POINT('',(-1.092082940622,-18.3,4.684542884072));
#2279 = VECTOR('',#2280,1.);
#2280 = DIRECTION('',(-0.951708617761,0.,0.307002779923));
#2281 = PCURVE('',#2020,#2282);
#2282 = DEFINITIONAL_REPRESENTATION('',(#2283),#2286);
#2283 = B_SPLINE_CURVE_WITH_KNOTS('',1,(#2284,#2285),.UNSPECIFIED.,.F.,
  .F.,(2,2),(-0.926841392587,-0.517052101283),.PIECEWISE_BEZIER_KNOTS.);
#2284 = CARTESIAN_POINT('',(-1.110223024625E-16,2.29));
#2285 = CARTESIAN_POINT('',(0.125806451613,1.9));
#2286 = ( GEOMETRIC_REPRESENTATION_CONTEXT(2) 
PARAMETRIC_REPRESENTATION_CONTEXT() REPRESENTATION_CONTEXT('2D SPACE',''
  ) );
#2287 = PCURVE('',#43,#2288);
#2288 = DEFINITIONAL_REPRESENTATION('',(#2289),#2292);
#2289 = B_SPLINE_CURVE_WITH_KNOTS('',1,(#2290,#2291),.UNSPECIFIED.,.F.,
  .F.,(2,2),(-0.926841392587,-0.517052101283),.PIECEWISE_BEZIER_KNOTS.);
#2290 = CARTESIAN_POINT('',(0.325729949498,-28.3));
#2291 = CARTESIAN_POINT('',(0.735519240802,-28.3));
#2292 = ( GEOMETRIC_REPRESENTATION_CONTEXT(2) 
PARAMETRIC_REPRESENTATION_CONTEXT() REPRESENTATION_CONTEXT('2D SPACE',''
  ) );
#2293 = ORIENTED_EDGE('',*,*,#2294,.T.);
#2294 = EDGE_CURVE('',#2274,#2295,#2297,.T.);
#2295 = VERTEX_POINT('',#2296);
#2296 = CARTESIAN_POINT('',(-0.6,-18.3,6.6));
#2297 = SURFACE_CURVE('',#2298,(#2302,#2308),.PCURVE_S1.);
#2298 = LINE('',#2299,#2300);
#2299 = CARTESIAN_POINT('',(-0.6,-18.3,0.2));
#2300 = VECTOR('',#2301,1.);
#2301 = DIRECTION('',(0.,0.,1.));
#2302 = PCURVE('',#2020,#2303);
#2303 = DEFINITIONAL_REPRESENTATION('',(#2304),#2307);
#2304 = B_SPLINE_CURVE_WITH_KNOTS('',1,(#2305,#2306),.UNSPECIFIED.,.F.,
  .F.,(2,2),(4.2,6.4),.PIECEWISE_BEZIER_KNOTS.);
#2305 = CARTESIAN_POINT('',(0.,1.9));
#2306 = CARTESIAN_POINT('',(2.2,1.9));
#2307 = ( GEOMETRIC_REPRESENTATION_CONTEXT(2) 
PARAMETRIC_REPRESENTATION_CONTEXT() REPRESENTATION_CONTEXT('2D SPACE',''
  ) );
#2308 = PCURVE('',#2309,#2314);
#2309 = PLANE('',#2310);
#2310 = AXIS2_PLACEMENT_3D('',#2311,#2312,#2313);
#2311 = CARTESIAN_POINT('',(-0.6,-21.85,-4.));
#2312 = DIRECTION('',(1.,0.,0.));
#2313 = DIRECTION('',(0.,0.,1.));
#2314 = DEFINITIONAL_REPRESENTATION('',(#2315),#2318);
#2315 = B_SPLINE_CURVE_WITH_KNOTS('',1,(#2316,#2317),.UNSPECIFIED.,.F.,
  .F.,(2,2),(4.2,6.4),.PIECEWISE_BEZIER_KNOTS.);
#2316 = CARTESIAN_POINT('',(8.4,-3.55));
#2317 = CARTESIAN_POINT('',(10.6,-3.55));
#2318 = ( GEOMETRIC_REPRESENTATION_CONTEXT(2) 
PARAMETRIC_REPRESENTATION_CONTEXT() REPRESENTATION_CONTEXT('2D SPACE',''
  ) );
#2319 = ORIENTED_EDGE('',*,*,#2320,.F.);
#2320 = EDGE_CURVE('',#2321,#2295,#2323,.T.);
#2321 = VERTEX_POINT('',#2322);
#2322 = CARTESIAN_POINT('',(0.7,-18.3,6.6));
#2323 = SURFACE_CURVE('',#2324,(#2328,#2334),.PCURVE_S1.);
#2324 = LINE('',#2325,#2326);
#2325 = CARTESIAN_POINT('',(-1.55,-18.3,6.6));
#2326 = VECTOR('',#2327,1.);
#2327 = DIRECTION('',(-1.,0.,0.));
#2328 = PCURVE('',#2020,#2329);
#2329 = DEFINITIONAL_REPRESENTATION('',(#2330),#2333);
#2330 = B_SPLINE_CURVE_WITH_KNOTS('',1,(#2331,#2332),.UNSPECIFIED.,.F.,
  .F.,(2,2),(-2.25,-0.95),.PIECEWISE_BEZIER_KNOTS.);
#2331 = CARTESIAN_POINT('',(2.2,3.2));
#2332 = CARTESIAN_POINT('',(2.2,1.9));
#2333 = ( GEOMETRIC_REPRESENTATION_CONTEXT(2) 
PARAMETRIC_REPRESENTATION_CONTEXT() REPRESENTATION_CONTEXT('2D SPACE',''
  ) );
#2334 = PCURVE('',#2335,#2340);
#2335 = PLANE('',#2336);
#2336 = AXIS2_PLACEMENT_3D('',#2337,#2338,#2339);
#2337 = CARTESIAN_POINT('',(-0.6,-21.85,6.6));
#2338 = DIRECTION('',(0.,0.,1.));
#2339 = DIRECTION('',(1.,0.,0.));
#2340 = DEFINITIONAL_REPRESENTATION('',(#2341),#2344);
#2341 = B_SPLINE_CURVE_WITH_KNOTS('',1,(#2342,#2343),.UNSPECIFIED.,.F.,
  .F.,(2,2),(-2.25,-0.95),.PIECEWISE_BEZIER_KNOTS.);
#2342 = CARTESIAN_POINT('',(1.3,3.55));
#2343 = CARTESIAN_POINT('',(0.,3.55));
#2344 = ( GEOMETRIC_REPRESENTATION_CONTEXT(2) 
PARAMETRIC_REPRESENTATION_CONTEXT() REPRESENTATION_CONTEXT('2D SPACE',''
  ) );
#2345 = ORIENTED_EDGE('',*,*,#2346,.F.);
#2346 = EDGE_CURVE('',#2005,#2321,#2347,.T.);
#2347 = SURFACE_CURVE('',#2348,(#2352,#2359),.PCURVE_S1.);
#2348 = LINE('',#2349,#2350);
#2349 = CARTESIAN_POINT('',(0.7,-18.3,4.4));
#2350 = VECTOR('',#2351,1.);
#2351 = DIRECTION('',(0.,0.,1.));
#2352 = PCURVE('',#2020,#2353);
#2353 = DEFINITIONAL_REPRESENTATION('',(#2354),#2358);
#2354 = LINE('',#2355,#2356);
#2355 = CARTESIAN_POINT('',(0.,3.2));
#2356 = VECTOR('',#2357,1.);
#2357 = DIRECTION('',(1.,0.));
#2358 = ( GEOMETRIC_REPRESENTATION_CONTEXT(2) 
PARAMETRIC_REPRESENTATION_CONTEXT() REPRESENTATION_CONTEXT('2D SPACE',''
  ) );
#2359 = PCURVE('',#2046,#2360);
#2360 = DEFINITIONAL_REPRESENTATION('',(#2361),#2365);
#2361 = LINE('',#2362,#2363);
#2362 = CARTESIAN_POINT('',(0.,0.));
#2363 = VECTOR('',#2364,1.);
#2364 = DIRECTION('',(1.,0.));
#2365 = ( GEOMETRIC_REPRESENTATION_CONTEXT(2) 
PARAMETRIC_REPRESENTATION_CONTEXT() REPRESENTATION_CONTEXT('2D SPACE',''
  ) );
#2366 = ADVANCED_FACE('',(#2367),#2309,.T.);
#2367 = FACE_BOUND('',#2368,.T.);
#2368 = EDGE_LOOP('',(#2369,#2399,#2418,#2419));
#2369 = ORIENTED_EDGE('',*,*,#2370,.F.);
#2370 = EDGE_CURVE('',#2371,#2373,#2375,.T.);
#2371 = VERTEX_POINT('',#2372);
#2372 = CARTESIAN_POINT('',(-0.6,-21.85,4.525806451613));
#2373 = VERTEX_POINT('',#2374);
#2374 = CARTESIAN_POINT('',(-0.6,-21.85,6.6));
#2375 = SURFACE_CURVE('',#2376,(#2380,#2387),.PCURVE_S1.);
#2376 = LINE('',#2377,#2378);
#2377 = CARTESIAN_POINT('',(-0.6,-21.85,-4.));
#2378 = VECTOR('',#2379,1.);
#2379 = DIRECTION('',(0.,0.,1.));
#2380 = PCURVE('',#2309,#2381);
#2381 = DEFINITIONAL_REPRESENTATION('',(#2382),#2386);
#2382 = LINE('',#2383,#2384);
#2383 = CARTESIAN_POINT('',(0.,0.));
#2384 = VECTOR('',#2385,1.);
#2385 = DIRECTION('',(1.,0.));
#2386 = ( GEOMETRIC_REPRESENTATION_CONTEXT(2) 
PARAMETRIC_REPRESENTATION_CONTEXT() REPRESENTATION_CONTEXT('2D SPACE',''
  ) );
#2387 = PCURVE('',#2388,#2393);
#2388 = PLANE('',#2389);
#2389 = AXIS2_PLACEMENT_3D('',#2390,#2391,#2392);
#2390 = CARTESIAN_POINT('',(-0.6,-21.85,-4.));
#2391 = DIRECTION('',(0.,1.,0.));
#2392 = DIRECTION('',(0.,0.,1.));
#2393 = DEFINITIONAL_REPRESENTATION('',(#2394),#2398);
#2394 = LINE('',#2395,#2396);
#2395 = CARTESIAN_POINT('',(0.,0.));
#2396 = VECTOR('',#2397,1.);
#2397 = DIRECTION('',(1.,0.));
#2398 = ( GEOMETRIC_REPRESENTATION_CONTEXT(2) 
PARAMETRIC_REPRESENTATION_CONTEXT() REPRESENTATION_CONTEXT('2D SPACE',''
  ) );
#2399 = ORIENTED_EDGE('',*,*,#2400,.T.);
#2400 = EDGE_CURVE('',#2371,#2274,#2401,.T.);
#2401 = SURFACE_CURVE('',#2402,(#2406,#2412),.PCURVE_S1.);
#2402 = LINE('',#2403,#2404);
#2403 = CARTESIAN_POINT('',(-0.6,-5.925,4.525806451613));
#2404 = VECTOR('',#2405,1.);
#2405 = DIRECTION('',(0.,1.,0.));
#2406 = PCURVE('',#2309,#2407);
#2407 = DEFINITIONAL_REPRESENTATION('',(#2408),#2411);
#2408 = B_SPLINE_CURVE_WITH_KNOTS('',1,(#2409,#2410),.UNSPECIFIED.,.F.,
  .F.,(2,2),(-15.925,-12.375),.PIECEWISE_BEZIER_KNOTS.);
#2409 = CARTESIAN_POINT('',(8.525806451613,0.));
#2410 = CARTESIAN_POINT('',(8.525806451613,-3.55));
#2411 = ( GEOMETRIC_REPRESENTATION_CONTEXT(2) 
PARAMETRIC_REPRESENTATION_CONTEXT() REPRESENTATION_CONTEXT('2D SPACE',''
  ) );
#2412 = PCURVE('',#43,#2413);
#2413 = DEFINITIONAL_REPRESENTATION('',(#2414),#2417);
#2414 = B_SPLINE_CURVE_WITH_KNOTS('',1,(#2415,#2416),.UNSPECIFIED.,.F.,
  .F.,(2,2),(-15.925,-12.375),.PIECEWISE_BEZIER_KNOTS.);
#2415 = CARTESIAN_POINT('',(0.735519240802,-31.85));
#2416 = CARTESIAN_POINT('',(0.735519240802,-28.3));
#2417 = ( GEOMETRIC_REPRESENTATION_CONTEXT(2) 
PARAMETRIC_REPRESENTATION_CONTEXT() REPRESENTATION_CONTEXT('2D SPACE',''
  ) );
#2418 = ORIENTED_EDGE('',*,*,#2294,.T.);
#2419 = ORIENTED_EDGE('',*,*,#2420,.F.);
#2420 = EDGE_CURVE('',#2373,#2295,#2421,.T.);
#2421 = SURFACE_CURVE('',#2422,(#2426,#2433),.PCURVE_S1.);
#2422 = LINE('',#2423,#2424);
#2423 = CARTESIAN_POINT('',(-0.6,-21.85,6.6));
#2424 = VECTOR('',#2425,1.);
#2425 = DIRECTION('',(0.,1.,0.));
#2426 = PCURVE('',#2309,#2427);
#2427 = DEFINITIONAL_REPRESENTATION('',(#2428),#2432);
#2428 = LINE('',#2429,#2430);
#2429 = CARTESIAN_POINT('',(10.6,0.));
#2430 = VECTOR('',#2431,1.);
#2431 = DIRECTION('',(0.,-1.));
#2432 = ( GEOMETRIC_REPRESENTATION_CONTEXT(2) 
PARAMETRIC_REPRESENTATION_CONTEXT() REPRESENTATION_CONTEXT('2D SPACE',''
  ) );
#2433 = PCURVE('',#2335,#2434);
#2434 = DEFINITIONAL_REPRESENTATION('',(#2435),#2439);
#2435 = LINE('',#2436,#2437);
#2436 = CARTESIAN_POINT('',(0.,0.));
#2437 = VECTOR('',#2438,1.);
#2438 = DIRECTION('',(0.,1.));
#2439 = ( GEOMETRIC_REPRESENTATION_CONTEXT(2) 
PARAMETRIC_REPRESENTATION_CONTEXT() REPRESENTATION_CONTEXT('2D SPACE',''
  ) );
#2440 = ADVANCED_FACE('',(#2441),#2388,.T.);
#2441 = FACE_BOUND('',#2442,.T.);
#2442 = EDGE_LOOP('',(#2443,#2444,#2467,#2494,#2515));
#2443 = ORIENTED_EDGE('',*,*,#2370,.T.);
#2444 = ORIENTED_EDGE('',*,*,#2445,.T.);
#2445 = EDGE_CURVE('',#2373,#2446,#2448,.T.);
#2446 = VERTEX_POINT('',#2447);
#2447 = CARTESIAN_POINT('',(1.E-01,-21.85,6.6));
#2448 = SURFACE_CURVE('',#2449,(#2453,#2460),.PCURVE_S1.);
#2449 = LINE('',#2450,#2451);
#2450 = CARTESIAN_POINT('',(-0.6,-21.85,6.6));
#2451 = VECTOR('',#2452,1.);
#2452 = DIRECTION('',(1.,0.,0.));
#2453 = PCURVE('',#2388,#2454);
#2454 = DEFINITIONAL_REPRESENTATION('',(#2455),#2459);
#2455 = LINE('',#2456,#2457);
#2456 = CARTESIAN_POINT('',(10.6,0.));
#2457 = VECTOR('',#2458,1.);
#2458 = DIRECTION('',(0.,1.));
#2459 = ( GEOMETRIC_REPRESENTATION_CONTEXT(2) 
PARAMETRIC_REPRESENTATION_CONTEXT() REPRESENTATION_CONTEXT('2D SPACE',''
  ) );
#2460 = PCURVE('',#2335,#2461);
#2461 = DEFINITIONAL_REPRESENTATION('',(#2462),#2466);
#2462 = LINE('',#2463,#2464);
#2463 = CARTESIAN_POINT('',(0.,0.));
#2464 = VECTOR('',#2465,1.);
#2465 = DIRECTION('',(1.,0.));
#2466 = ( GEOMETRIC_REPRESENTATION_CONTEXT(2) 
PARAMETRIC_REPRESENTATION_CONTEXT() REPRESENTATION_CONTEXT('2D SPACE',''
  ) );
#2467 = ORIENTED_EDGE('',*,*,#2468,.T.);
#2468 = EDGE_CURVE('',#2446,#2469,#2471,.T.);
#2469 = VERTEX_POINT('',#2470);
#2470 = CARTESIAN_POINT('',(0.1,-21.85,4.4));
#2471 = SURFACE_CURVE('',#2472,(#2476,#2482),.PCURVE_S1.);
#2472 = LINE('',#2473,#2474);
#2473 = CARTESIAN_POINT('',(1.E-01,-21.85,-0.775));
#2474 = VECTOR('',#2475,1.);
#2475 = DIRECTION('',(0.,0.,-1.));
#2476 = PCURVE('',#2388,#2477);
#2477 = DEFINITIONAL_REPRESENTATION('',(#2478),#2481);
#2478 = B_SPLINE_CURVE_WITH_KNOTS('',1,(#2479,#2480),.UNSPECIFIED.,.F.,
  .F.,(2,2),(-7.375,-5.175),.PIECEWISE_BEZIER_KNOTS.);
#2479 = CARTESIAN_POINT('',(10.6,0.7));
#2480 = CARTESIAN_POINT('',(8.4,0.7));
#2481 = ( GEOMETRIC_REPRESENTATION_CONTEXT(2) 
PARAMETRIC_REPRESENTATION_CONTEXT() REPRESENTATION_CONTEXT('2D SPACE',''
  ) );
#2482 = PCURVE('',#2483,#2488);
#2483 = PLANE('',#2484);
#2484 = AXIS2_PLACEMENT_3D('',#2485,#2486,#2487);
#2485 = CARTESIAN_POINT('',(0.1,-21.95,2.45));
#2486 = DIRECTION('',(1.,0.,0.));
#2487 = DIRECTION('',(0.,0.,1.));
#2488 = DEFINITIONAL_REPRESENTATION('',(#2489),#2493);
#2489 = LINE('',#2490,#2491);
#2490 = CARTESIAN_POINT('',(-3.225,-1.E-01));
#2491 = VECTOR('',#2492,1.);
#2492 = DIRECTION('',(-1.,0.));
#2493 = ( GEOMETRIC_REPRESENTATION_CONTEXT(2) 
PARAMETRIC_REPRESENTATION_CONTEXT() REPRESENTATION_CONTEXT('2D SPACE',''
  ) );
#2494 = ORIENTED_EDGE('',*,*,#2495,.T.);
#2495 = EDGE_CURVE('',#2469,#2496,#2498,.T.);
#2496 = VERTEX_POINT('',#2497);
#2497 = CARTESIAN_POINT('',(-0.21,-21.85,4.4));
#2498 = SURFACE_CURVE('',#2499,(#2503,#2509),.PCURVE_S1.);
#2499 = LINE('',#2500,#2501);
#2500 = CARTESIAN_POINT('',(17.894532768661,-21.85,4.4));
#2501 = VECTOR('',#2502,1.);
#2502 = DIRECTION('',(-1.,0.,0.));
#2503 = PCURVE('',#2388,#2504);
#2504 = DEFINITIONAL_REPRESENTATION('',(#2505),#2508);
#2505 = B_SPLINE_CURVE_WITH_KNOTS('',1,(#2506,#2507),.UNSPECIFIED.,.F.,
  .F.,(2,2),(-53.80546723133,18.494532768661),.PIECEWISE_BEZIER_KNOTS.);
#2506 = CARTESIAN_POINT('',(8.4,72.3));
#2507 = CARTESIAN_POINT('',(8.4,0.));
#2508 = ( GEOMETRIC_REPRESENTATION_CONTEXT(2) 
PARAMETRIC_REPRESENTATION_CONTEXT() REPRESENTATION_CONTEXT('2D SPACE',''
  ) );
#2509 = PCURVE('',#152,#2510);
#2510 = DEFINITIONAL_REPRESENTATION('',(#2511),#2514);
#2511 = B_SPLINE_CURVE_WITH_KNOTS('',1,(#2512,#2513),.UNSPECIFIED.,.F.,
  .F.,(2,2),(-53.80546723133,18.494532768661),.PIECEWISE_BEZIER_KNOTS.);
#2512 = CARTESIAN_POINT('',(35.310934462678,-12.03899684058));
#2513 = CARTESIAN_POINT('',(-36.98906553732,-12.03899684058));
#2514 = ( GEOMETRIC_REPRESENTATION_CONTEXT(2) 
PARAMETRIC_REPRESENTATION_CONTEXT() REPRESENTATION_CONTEXT('2D SPACE',''
  ) );
#2515 = ORIENTED_EDGE('',*,*,#2516,.T.);
#2516 = EDGE_CURVE('',#2496,#2371,#2517,.T.);
#2517 = SURFACE_CURVE('',#2518,(#2522,#2528),.PCURVE_S1.);
#2518 = LINE('',#2519,#2520);
#2519 = CARTESIAN_POINT('',(0.995523091423,-21.85,4.011121583412));
#2520 = VECTOR('',#2521,1.);
#2521 = DIRECTION('',(-0.951708617761,0.,0.307002779923));
#2522 = PCURVE('',#2388,#2523);
#2523 = DEFINITIONAL_REPRESENTATION('',(#2524),#2527);
#2524 = B_SPLINE_CURVE_WITH_KNOTS('',1,(#2525,#2526),.UNSPECIFIED.,.F.,
  .F.,(2,2),(1.266693469961,1.676482761265),.PIECEWISE_BEZIER_KNOTS.);
#2525 = CARTESIAN_POINT('',(8.4,0.39));
#2526 = CARTESIAN_POINT('',(8.525806451613,0.));
#2527 = ( GEOMETRIC_REPRESENTATION_CONTEXT(2) 
PARAMETRIC_REPRESENTATION_CONTEXT() REPRESENTATION_CONTEXT('2D SPACE',''
  ) );
#2528 = PCURVE('',#43,#2529);
#2529 = DEFINITIONAL_REPRESENTATION('',(#2530),#2533);
#2530 = B_SPLINE_CURVE_WITH_KNOTS('',1,(#2531,#2532),.UNSPECIFIED.,.F.,
  .F.,(2,2),(1.266693469961,1.676482761265),.PIECEWISE_BEZIER_KNOTS.);
#2531 = CARTESIAN_POINT('',(0.325729949498,-31.85));
#2532 = CARTESIAN_POINT('',(0.735519240802,-31.85));
#2533 = ( GEOMETRIC_REPRESENTATION_CONTEXT(2) 
PARAMETRIC_REPRESENTATION_CONTEXT() REPRESENTATION_CONTEXT('2D SPACE',''
  ) );
#2534 = ADVANCED_FACE('',(#2535),#2483,.F.);
#2535 = FACE_BOUND('',#2536,.F.);
#2536 = EDGE_LOOP('',(#2537,#2567,#2594,#2622,#2642,#2643));
#2537 = ORIENTED_EDGE('',*,*,#2538,.F.);
#2538 = EDGE_CURVE('',#2539,#2541,#2543,.T.);
#2539 = VERTEX_POINT('',#2540);
#2540 = CARTESIAN_POINT('',(0.1,-21.95,3.05));
#2541 = VERTEX_POINT('',#2542);
#2542 = CARTESIAN_POINT('',(0.1,-21.95,4.4));
#2543 = SURFACE_CURVE('',#2544,(#2548,#2555),.PCURVE_S1.);
#2544 = LINE('',#2545,#2546);
#2545 = CARTESIAN_POINT('',(0.1,-21.95,3.05));
#2546 = VECTOR('',#2547,1.);
#2547 = DIRECTION('',(-3.083952846181E-17,0.,1.));
#2548 = PCURVE('',#2483,#2549);
#2549 = DEFINITIONAL_REPRESENTATION('',(#2550),#2554);
#2550 = LINE('',#2551,#2552);
#2551 = CARTESIAN_POINT('',(0.6,0.));
#2552 = VECTOR('',#2553,1.);
#2553 = DIRECTION('',(1.,0.));
#2554 = ( GEOMETRIC_REPRESENTATION_CONTEXT(2) 
PARAMETRIC_REPRESENTATION_CONTEXT() REPRESENTATION_CONTEXT('2D SPACE',''
  ) );
#2555 = PCURVE('',#2556,#2561);
#2556 = PLANE('',#2557);
#2557 = AXIS2_PLACEMENT_3D('',#2558,#2559,#2560);
#2558 = CARTESIAN_POINT('',(0.1,-21.95,2.45));
#2559 = DIRECTION('',(0.,1.,0.));
#2560 = DIRECTION('',(0.,0.,1.));
#2561 = DEFINITIONAL_REPRESENTATION('',(#2562),#2566);
#2562 = LINE('',#2563,#2564);
#2563 = CARTESIAN_POINT('',(0.6,4.163336342344E-17));
#2564 = VECTOR('',#2565,1.);
#2565 = DIRECTION('',(1.,-3.083952846181E-17));
#2566 = ( GEOMETRIC_REPRESENTATION_CONTEXT(2) 
PARAMETRIC_REPRESENTATION_CONTEXT() REPRESENTATION_CONTEXT('2D SPACE',''
  ) );
#2567 = ORIENTED_EDGE('',*,*,#2568,.F.);
#2568 = EDGE_CURVE('',#2569,#2539,#2571,.T.);
#2569 = VERTEX_POINT('',#2570);
#2570 = CARTESIAN_POINT('',(0.1,-19.65,3.05));
#2571 = SURFACE_CURVE('',#2572,(#2576,#2583),.PCURVE_S1.);
#2572 = LINE('',#2573,#2574);
#2573 = CARTESIAN_POINT('',(0.1,-21.95,3.05));
#2574 = VECTOR('',#2575,1.);
#2575 = DIRECTION('',(0.,-1.,0.));
#2576 = PCURVE('',#2483,#2577);
#2577 = DEFINITIONAL_REPRESENTATION('',(#2578),#2582);
#2578 = LINE('',#2579,#2580);
#2579 = CARTESIAN_POINT('',(0.6,0.));
#2580 = VECTOR('',#2581,1.);
#2581 = DIRECTION('',(0.,1.));
#2582 = ( GEOMETRIC_REPRESENTATION_CONTEXT(2) 
PARAMETRIC_REPRESENTATION_CONTEXT() REPRESENTATION_CONTEXT('2D SPACE',''
  ) );
#2583 = PCURVE('',#2584,#2589);
#2584 = PLANE('',#2585);
#2585 = AXIS2_PLACEMENT_3D('',#2586,#2587,#2588);
#2586 = CARTESIAN_POINT('',(-1.55,-21.95,3.05));
#2587 = DIRECTION('',(0.,0.,1.));
#2588 = DIRECTION('',(1.,0.,0.));
#2589 = DEFINITIONAL_REPRESENTATION('',(#2590),#2593);
#2590 = B_SPLINE_CURVE_WITH_KNOTS('',1,(#2591,#2592),.UNSPECIFIED.,.F.,
  .F.,(2,2),(-2.3,0.),.PIECEWISE_BEZIER_KNOTS.);
#2591 = CARTESIAN_POINT('',(1.65,2.3));
#2592 = CARTESIAN_POINT('',(1.65,0.));
#2593 = ( GEOMETRIC_REPRESENTATION_CONTEXT(2) 
PARAMETRIC_REPRESENTATION_CONTEXT() REPRESENTATION_CONTEXT('2D SPACE',''
  ) );
#2594 = ORIENTED_EDGE('',*,*,#2595,.F.);
#2595 = EDGE_CURVE('',#2596,#2569,#2598,.T.);
#2596 = VERTEX_POINT('',#2597);
#2597 = CARTESIAN_POINT('',(0.1,-19.65,6.6));
#2598 = SURFACE_CURVE('',#2599,(#2603,#2610),.PCURVE_S1.);
#2599 = LINE('',#2600,#2601);
#2600 = CARTESIAN_POINT('',(0.1,-19.65,6.6));
#2601 = VECTOR('',#2602,1.);
#2602 = DIRECTION('',(1.17277080066E-17,0.,-1.));
#2603 = PCURVE('',#2483,#2604);
#2604 = DEFINITIONAL_REPRESENTATION('',(#2605),#2609);
#2605 = LINE('',#2606,#2607);
#2606 = CARTESIAN_POINT('',(4.15,-2.3));
#2607 = VECTOR('',#2608,1.);
#2608 = DIRECTION('',(-1.,0.));
#2609 = ( GEOMETRIC_REPRESENTATION_CONTEXT(2) 
PARAMETRIC_REPRESENTATION_CONTEXT() REPRESENTATION_CONTEXT('2D SPACE',''
  ) );
#2610 = PCURVE('',#2611,#2616);
#2611 = PLANE('',#2612);
#2612 = AXIS2_PLACEMENT_3D('',#2613,#2614,#2615);
#2613 = CARTESIAN_POINT('',(0.1,-19.65,2.45));
#2614 = DIRECTION('',(0.,1.,0.));
#2615 = DIRECTION('',(0.,0.,1.));
#2616 = DEFINITIONAL_REPRESENTATION('',(#2617),#2621);
#2617 = LINE('',#2618,#2619);
#2618 = CARTESIAN_POINT('',(4.15,0.));
#2619 = VECTOR('',#2620,1.);
#2620 = DIRECTION('',(-1.,1.17277080066E-17));
#2621 = ( GEOMETRIC_REPRESENTATION_CONTEXT(2) 
PARAMETRIC_REPRESENTATION_CONTEXT() REPRESENTATION_CONTEXT('2D SPACE',''
  ) );
#2622 = ORIENTED_EDGE('',*,*,#2623,.F.);
#2623 = EDGE_CURVE('',#2446,#2596,#2624,.T.);
#2624 = SURFACE_CURVE('',#2625,(#2629,#2636),.PCURVE_S1.);
#2625 = LINE('',#2626,#2627);
#2626 = CARTESIAN_POINT('',(1.E-01,-21.9,6.6));
#2627 = VECTOR('',#2628,1.);
#2628 = DIRECTION('',(0.,1.,0.));
#2629 = PCURVE('',#2483,#2630);
#2630 = DEFINITIONAL_REPRESENTATION('',(#2631),#2635);
#2631 = LINE('',#2632,#2633);
#2632 = CARTESIAN_POINT('',(4.15,-5.E-02));
#2633 = VECTOR('',#2634,1.);
#2634 = DIRECTION('',(0.,-1.));
#2635 = ( GEOMETRIC_REPRESENTATION_CONTEXT(2) 
PARAMETRIC_REPRESENTATION_CONTEXT() REPRESENTATION_CONTEXT('2D SPACE',''
  ) );
#2636 = PCURVE('',#2335,#2637);
#2637 = DEFINITIONAL_REPRESENTATION('',(#2638),#2641);
#2638 = B_SPLINE_CURVE_WITH_KNOTS('',1,(#2639,#2640),.UNSPECIFIED.,.F.,
  .F.,(2,2),(5.E-02,2.25),.PIECEWISE_BEZIER_KNOTS.);
#2639 = CARTESIAN_POINT('',(0.7,0.));
#2640 = CARTESIAN_POINT('',(0.7,2.2));
#2641 = ( GEOMETRIC_REPRESENTATION_CONTEXT(2) 
PARAMETRIC_REPRESENTATION_CONTEXT() REPRESENTATION_CONTEXT('2D SPACE',''
  ) );
#2642 = ORIENTED_EDGE('',*,*,#2468,.T.);
#2643 = ORIENTED_EDGE('',*,*,#2644,.F.);
#2644 = EDGE_CURVE('',#2541,#2469,#2645,.T.);
#2645 = SURFACE_CURVE('',#2646,(#2650,#2657),.PCURVE_S1.);
#2646 = LINE('',#2647,#2648);
#2647 = CARTESIAN_POINT('',(0.1,-15.8805015797,4.4));
#2648 = VECTOR('',#2649,1.);
#2649 = DIRECTION('',(0.,1.,0.));
#2650 = PCURVE('',#2483,#2651);
#2651 = DEFINITIONAL_REPRESENTATION('',(#2652),#2656);
#2652 = LINE('',#2653,#2654);
#2653 = CARTESIAN_POINT('',(1.95,-6.069498420295));
#2654 = VECTOR('',#2655,1.);
#2655 = DIRECTION('',(0.,-1.));
#2656 = ( GEOMETRIC_REPRESENTATION_CONTEXT(2) 
PARAMETRIC_REPRESENTATION_CONTEXT() REPRESENTATION_CONTEXT('2D SPACE',''
  ) );
#2657 = PCURVE('',#152,#2658);
#2658 = DEFINITIONAL_REPRESENTATION('',(#2659),#2662);
#2659 = B_SPLINE_CURVE_WITH_KNOTS('',1,(#2660,#2661),.UNSPECIFIED.,.F.,
  .F.,(2,2),(-6.069498420295,-3.769498420295),.PIECEWISE_BEZIER_KNOTS.);
#2660 = CARTESIAN_POINT('',(-36.28906553732,-12.13899684058));
#2661 = CARTESIAN_POINT('',(-36.28906553732,-9.838996840589));
#2662 = ( GEOMETRIC_REPRESENTATION_CONTEXT(2) 
PARAMETRIC_REPRESENTATION_CONTEXT() REPRESENTATION_CONTEXT('2D SPACE',''
  ) );
#2663 = ADVANCED_FACE('',(#2664),#2611,.T.);
#2664 = FACE_BOUND('',#2665,.T.);
#2665 = EDGE_LOOP('',(#2666,#2696,#2724,#2752,#2773,#2774));
#2666 = ORIENTED_EDGE('',*,*,#2667,.F.);
#2667 = EDGE_CURVE('',#2668,#2670,#2672,.T.);
#2668 = VERTEX_POINT('',#2669);
#2669 = CARTESIAN_POINT('',(1.7,-19.65,2.45));
#2670 = VERTEX_POINT('',#2671);
#2671 = CARTESIAN_POINT('',(1.7,-19.65,6.6));
#2672 = SURFACE_CURVE('',#2673,(#2677,#2684),.PCURVE_S1.);
#2673 = LINE('',#2674,#2675);
#2674 = CARTESIAN_POINT('',(1.7,-19.65,2.45));
#2675 = VECTOR('',#2676,1.);
#2676 = DIRECTION('',(0.,0.,1.));
#2677 = PCURVE('',#2611,#2678);
#2678 = DEFINITIONAL_REPRESENTATION('',(#2679),#2683);
#2679 = LINE('',#2680,#2681);
#2680 = CARTESIAN_POINT('',(0.,1.6));
#2681 = VECTOR('',#2682,1.);
#2682 = DIRECTION('',(1.,0.));
#2683 = ( GEOMETRIC_REPRESENTATION_CONTEXT(2) 
PARAMETRIC_REPRESENTATION_CONTEXT() REPRESENTATION_CONTEXT('2D SPACE',''
  ) );
#2684 = PCURVE('',#2685,#2690);
#2685 = PLANE('',#2686);
#2686 = AXIS2_PLACEMENT_3D('',#2687,#2688,#2689);
#2687 = CARTESIAN_POINT('',(1.7,-21.95,2.45));
#2688 = DIRECTION('',(1.,0.,0.));
#2689 = DIRECTION('',(0.,0.,1.));
#2690 = DEFINITIONAL_REPRESENTATION('',(#2691),#2695);
#2691 = LINE('',#2692,#2693);
#2692 = CARTESIAN_POINT('',(0.,-2.3));
#2693 = VECTOR('',#2694,1.);
#2694 = DIRECTION('',(1.,0.));
#2695 = ( GEOMETRIC_REPRESENTATION_CONTEXT(2) 
PARAMETRIC_REPRESENTATION_CONTEXT() REPRESENTATION_CONTEXT('2D SPACE',''
  ) );
#2696 = ORIENTED_EDGE('',*,*,#2697,.T.);
#2697 = EDGE_CURVE('',#2668,#2698,#2700,.T.);
#2698 = VERTEX_POINT('',#2699);
#2699 = CARTESIAN_POINT('',(-1.55,-19.65,2.45));
#2700 = SURFACE_CURVE('',#2701,(#2705,#2712),.PCURVE_S1.);
#2701 = LINE('',#2702,#2703);
#2702 = CARTESIAN_POINT('',(1.7,-19.65,2.45));
#2703 = VECTOR('',#2704,1.);
#2704 = DIRECTION('',(-1.,0.,0.));
#2705 = PCURVE('',#2611,#2706);
#2706 = DEFINITIONAL_REPRESENTATION('',(#2707),#2711);
#2707 = LINE('',#2708,#2709);
#2708 = CARTESIAN_POINT('',(0.,1.6));
#2709 = VECTOR('',#2710,1.);
#2710 = DIRECTION('',(0.,-1.));
#2711 = ( GEOMETRIC_REPRESENTATION_CONTEXT(2) 
PARAMETRIC_REPRESENTATION_CONTEXT() REPRESENTATION_CONTEXT('2D SPACE',''
  ) );
#2712 = PCURVE('',#2713,#2718);
#2713 = PLANE('',#2714);
#2714 = AXIS2_PLACEMENT_3D('',#2715,#2716,#2717);
#2715 = CARTESIAN_POINT('',(0.1,-21.95,2.45));
#2716 = DIRECTION('',(0.,0.,1.));
#2717 = DIRECTION('',(1.,0.,0.));
#2718 = DEFINITIONAL_REPRESENTATION('',(#2719),#2723);
#2719 = LINE('',#2720,#2721);
#2720 = CARTESIAN_POINT('',(1.6,2.3));
#2721 = VECTOR('',#2722,1.);
#2722 = DIRECTION('',(-1.,0.));
#2723 = ( GEOMETRIC_REPRESENTATION_CONTEXT(2) 
PARAMETRIC_REPRESENTATION_CONTEXT() REPRESENTATION_CONTEXT('2D SPACE',''
  ) );
#2724 = ORIENTED_EDGE('',*,*,#2725,.T.);
#2725 = EDGE_CURVE('',#2698,#2726,#2728,.T.);
#2726 = VERTEX_POINT('',#2727);
#2727 = CARTESIAN_POINT('',(-1.55,-19.65,3.05));
#2728 = SURFACE_CURVE('',#2729,(#2733,#2740),.PCURVE_S1.);
#2729 = LINE('',#2730,#2731);
#2730 = CARTESIAN_POINT('',(-1.55,-19.65,2.45));
#2731 = VECTOR('',#2732,1.);
#2732 = DIRECTION('',(0.,0.,1.));
#2733 = PCURVE('',#2611,#2734);
#2734 = DEFINITIONAL_REPRESENTATION('',(#2735),#2739);
#2735 = LINE('',#2736,#2737);
#2736 = CARTESIAN_POINT('',(0.,-1.65));
#2737 = VECTOR('',#2738,1.);
#2738 = DIRECTION('',(1.,0.));
#2739 = ( GEOMETRIC_REPRESENTATION_CONTEXT(2) 
PARAMETRIC_REPRESENTATION_CONTEXT() REPRESENTATION_CONTEXT('2D SPACE',''
  ) );
#2740 = PCURVE('',#2741,#2746);
#2741 = PLANE('',#2742);
#2742 = AXIS2_PLACEMENT_3D('',#2743,#2744,#2745);
#2743 = CARTESIAN_POINT('',(-1.55,-21.95,2.45));
#2744 = DIRECTION('',(1.,0.,0.));
#2745 = DIRECTION('',(0.,0.,1.));
#2746 = DEFINITIONAL_REPRESENTATION('',(#2747),#2751);
#2747 = LINE('',#2748,#2749);
#2748 = CARTESIAN_POINT('',(0.,-2.3));
#2749 = VECTOR('',#2750,1.);
#2750 = DIRECTION('',(1.,0.));
#2751 = ( GEOMETRIC_REPRESENTATION_CONTEXT(2) 
PARAMETRIC_REPRESENTATION_CONTEXT() REPRESENTATION_CONTEXT('2D SPACE',''
  ) );
#2752 = ORIENTED_EDGE('',*,*,#2753,.T.);
#2753 = EDGE_CURVE('',#2726,#2569,#2754,.T.);
#2754 = SURFACE_CURVE('',#2755,(#2759,#2766),.PCURVE_S1.);
#2755 = LINE('',#2756,#2757);
#2756 = CARTESIAN_POINT('',(-1.55,-19.65,3.05));
#2757 = VECTOR('',#2758,1.);
#2758 = DIRECTION('',(1.,0.,0.));
#2759 = PCURVE('',#2611,#2760);
#2760 = DEFINITIONAL_REPRESENTATION('',(#2761),#2765);
#2761 = LINE('',#2762,#2763);
#2762 = CARTESIAN_POINT('',(0.6,-1.65));
#2763 = VECTOR('',#2764,1.);
#2764 = DIRECTION('',(0.,1.));
#2765 = ( GEOMETRIC_REPRESENTATION_CONTEXT(2) 
PARAMETRIC_REPRESENTATION_CONTEXT() REPRESENTATION_CONTEXT('2D SPACE',''
  ) );
#2766 = PCURVE('',#2584,#2767);
#2767 = DEFINITIONAL_REPRESENTATION('',(#2768),#2772);
#2768 = LINE('',#2769,#2770);
#2769 = CARTESIAN_POINT('',(0.,2.3));
#2770 = VECTOR('',#2771,1.);
#2771 = DIRECTION('',(1.,0.));
#2772 = ( GEOMETRIC_REPRESENTATION_CONTEXT(2) 
PARAMETRIC_REPRESENTATION_CONTEXT() REPRESENTATION_CONTEXT('2D SPACE',''
  ) );
#2773 = ORIENTED_EDGE('',*,*,#2595,.F.);
#2774 = ORIENTED_EDGE('',*,*,#2775,.F.);
#2775 = EDGE_CURVE('',#2670,#2596,#2776,.T.);
#2776 = SURFACE_CURVE('',#2777,(#2781,#2788),.PCURVE_S1.);
#2777 = LINE('',#2778,#2779);
#2778 = CARTESIAN_POINT('',(-0.25,-19.65,6.6));
#2779 = VECTOR('',#2780,1.);
#2780 = DIRECTION('',(-1.,0.,0.));
#2781 = PCURVE('',#2611,#2782);
#2782 = DEFINITIONAL_REPRESENTATION('',(#2783),#2787);
#2783 = LINE('',#2784,#2785);
#2784 = CARTESIAN_POINT('',(4.15,-0.35));
#2785 = VECTOR('',#2786,1.);
#2786 = DIRECTION('',(0.,-1.));
#2787 = ( GEOMETRIC_REPRESENTATION_CONTEXT(2) 
PARAMETRIC_REPRESENTATION_CONTEXT() REPRESENTATION_CONTEXT('2D SPACE',''
  ) );
#2788 = PCURVE('',#2335,#2789);
#2789 = DEFINITIONAL_REPRESENTATION('',(#2790),#2793);
#2790 = B_SPLINE_CURVE_WITH_KNOTS('',1,(#2791,#2792),.UNSPECIFIED.,.F.,
  .F.,(2,2),(-1.95,-0.35),.PIECEWISE_BEZIER_KNOTS.);
#2791 = CARTESIAN_POINT('',(2.3,2.2));
#2792 = CARTESIAN_POINT('',(0.7,2.2));
#2793 = ( GEOMETRIC_REPRESENTATION_CONTEXT(2) 
PARAMETRIC_REPRESENTATION_CONTEXT() REPRESENTATION_CONTEXT('2D SPACE',''
  ) );
#2794 = ADVANCED_FACE('',(#2795),#2741,.F.);
#2795 = FACE_BOUND('',#2796,.F.);
#2796 = EDGE_LOOP('',(#2797,#2822,#2843,#2844));
#2797 = ORIENTED_EDGE('',*,*,#2798,.F.);
#2798 = EDGE_CURVE('',#2799,#2801,#2803,.T.);
#2799 = VERTEX_POINT('',#2800);
#2800 = CARTESIAN_POINT('',(-1.55,-21.95,2.45));
#2801 = VERTEX_POINT('',#2802);
#2802 = CARTESIAN_POINT('',(-1.55,-21.95,3.05));
#2803 = SURFACE_CURVE('',#2804,(#2808,#2815),.PCURVE_S1.);
#2804 = LINE('',#2805,#2806);
#2805 = CARTESIAN_POINT('',(-1.55,-21.95,2.45));
#2806 = VECTOR('',#2807,1.);
#2807 = DIRECTION('',(0.,0.,1.));
#2808 = PCURVE('',#2741,#2809);
#2809 = DEFINITIONAL_REPRESENTATION('',(#2810),#2814);
#2810 = LINE('',#2811,#2812);
#2811 = CARTESIAN_POINT('',(0.,0.));
#2812 = VECTOR('',#2813,1.);
#2813 = DIRECTION('',(1.,0.));
#2814 = ( GEOMETRIC_REPRESENTATION_CONTEXT(2) 
PARAMETRIC_REPRESENTATION_CONTEXT() REPRESENTATION_CONTEXT('2D SPACE',''
  ) );
#2815 = PCURVE('',#2556,#2816);
#2816 = DEFINITIONAL_REPRESENTATION('',(#2817),#2821);
#2817 = LINE('',#2818,#2819);
#2818 = CARTESIAN_POINT('',(0.,-1.65));
#2819 = VECTOR('',#2820,1.);
#2820 = DIRECTION('',(1.,0.));
#2821 = ( GEOMETRIC_REPRESENTATION_CONTEXT(2) 
PARAMETRIC_REPRESENTATION_CONTEXT() REPRESENTATION_CONTEXT('2D SPACE',''
  ) );
#2822 = ORIENTED_EDGE('',*,*,#2823,.T.);
#2823 = EDGE_CURVE('',#2799,#2698,#2824,.T.);
#2824 = SURFACE_CURVE('',#2825,(#2829,#2836),.PCURVE_S1.);
#2825 = LINE('',#2826,#2827);
#2826 = CARTESIAN_POINT('',(-1.55,-21.95,2.45));
#2827 = VECTOR('',#2828,1.);
#2828 = DIRECTION('',(0.,1.,0.));
#2829 = PCURVE('',#2741,#2830);
#2830 = DEFINITIONAL_REPRESENTATION('',(#2831),#2835);
#2831 = LINE('',#2832,#2833);
#2832 = CARTESIAN_POINT('',(0.,0.));
#2833 = VECTOR('',#2834,1.);
#2834 = DIRECTION('',(0.,-1.));
#2835 = ( GEOMETRIC_REPRESENTATION_CONTEXT(2) 
PARAMETRIC_REPRESENTATION_CONTEXT() REPRESENTATION_CONTEXT('2D SPACE',''
  ) );
#2836 = PCURVE('',#2713,#2837);
#2837 = DEFINITIONAL_REPRESENTATION('',(#2838),#2842);
#2838 = LINE('',#2839,#2840);
#2839 = CARTESIAN_POINT('',(-1.65,0.));
#2840 = VECTOR('',#2841,1.);
#2841 = DIRECTION('',(0.,1.));
#2842 = ( GEOMETRIC_REPRESENTATION_CONTEXT(2) 
PARAMETRIC_REPRESENTATION_CONTEXT() REPRESENTATION_CONTEXT('2D SPACE',''
  ) );
#2843 = ORIENTED_EDGE('',*,*,#2725,.T.);
#2844 = ORIENTED_EDGE('',*,*,#2845,.F.);
#2845 = EDGE_CURVE('',#2801,#2726,#2846,.T.);
#2846 = SURFACE_CURVE('',#2847,(#2851,#2858),.PCURVE_S1.);
#2847 = LINE('',#2848,#2849);
#2848 = CARTESIAN_POINT('',(-1.55,-21.95,3.05));
#2849 = VECTOR('',#2850,1.);
#2850 = DIRECTION('',(0.,1.,0.));
#2851 = PCURVE('',#2741,#2852);
#2852 = DEFINITIONAL_REPRESENTATION('',(#2853),#2857);
#2853 = LINE('',#2854,#2855);
#2854 = CARTESIAN_POINT('',(0.6,0.));
#2855 = VECTOR('',#2856,1.);
#2856 = DIRECTION('',(0.,-1.));
#2857 = ( GEOMETRIC_REPRESENTATION_CONTEXT(2) 
PARAMETRIC_REPRESENTATION_CONTEXT() REPRESENTATION_CONTEXT('2D SPACE',''
  ) );
#2858 = PCURVE('',#2584,#2859);
#2859 = DEFINITIONAL_REPRESENTATION('',(#2860),#2864);
#2860 = LINE('',#2861,#2862);
#2861 = CARTESIAN_POINT('',(0.,0.));
#2862 = VECTOR('',#2863,1.);
#2863 = DIRECTION('',(0.,1.));
#2864 = ( GEOMETRIC_REPRESENTATION_CONTEXT(2) 
PARAMETRIC_REPRESENTATION_CONTEXT() REPRESENTATION_CONTEXT('2D SPACE',''
  ) );
#2865 = ADVANCED_FACE('',(#2866),#2713,.F.);
#2866 = FACE_BOUND('',#2867,.F.);
#2867 = EDGE_LOOP('',(#2868,#2869,#2870,#2893));
#2868 = ORIENTED_EDGE('',*,*,#2697,.T.);
#2869 = ORIENTED_EDGE('',*,*,#2823,.F.);
#2870 = ORIENTED_EDGE('',*,*,#2871,.T.);
#2871 = EDGE_CURVE('',#2799,#2872,#2874,.T.);
#2872 = VERTEX_POINT('',#2873);
#2873 = CARTESIAN_POINT('',(1.7,-21.95,2.45));
#2874 = SURFACE_CURVE('',#2875,(#2879,#2886),.PCURVE_S1.);
#2875 = LINE('',#2876,#2877);
#2876 = CARTESIAN_POINT('',(-1.55,-21.95,2.45));
#2877 = VECTOR('',#2878,1.);
#2878 = DIRECTION('',(1.,0.,0.));
#2879 = PCURVE('',#2713,#2880);
#2880 = DEFINITIONAL_REPRESENTATION('',(#2881),#2885);
#2881 = LINE('',#2882,#2883);
#2882 = CARTESIAN_POINT('',(-1.65,0.));
#2883 = VECTOR('',#2884,1.);
#2884 = DIRECTION('',(1.,0.));
#2885 = ( GEOMETRIC_REPRESENTATION_CONTEXT(2) 
PARAMETRIC_REPRESENTATION_CONTEXT() REPRESENTATION_CONTEXT('2D SPACE',''
  ) );
#2886 = PCURVE('',#2556,#2887);
#2887 = DEFINITIONAL_REPRESENTATION('',(#2888),#2892);
#2888 = LINE('',#2889,#2890);
#2889 = CARTESIAN_POINT('',(0.,-1.65));
#2890 = VECTOR('',#2891,1.);
#2891 = DIRECTION('',(0.,1.));
#2892 = ( GEOMETRIC_REPRESENTATION_CONTEXT(2) 
PARAMETRIC_REPRESENTATION_CONTEXT() REPRESENTATION_CONTEXT('2D SPACE',''
  ) );
#2893 = ORIENTED_EDGE('',*,*,#2894,.T.);
#2894 = EDGE_CURVE('',#2872,#2668,#2895,.T.);
#2895 = SURFACE_CURVE('',#2896,(#2900,#2907),.PCURVE_S1.);
#2896 = LINE('',#2897,#2898);
#2897 = CARTESIAN_POINT('',(1.7,-21.95,2.45));
#2898 = VECTOR('',#2899,1.);
#2899 = DIRECTION('',(0.,1.,0.));
#2900 = PCURVE('',#2713,#2901);
#2901 = DEFINITIONAL_REPRESENTATION('',(#2902),#2906);
#2902 = LINE('',#2903,#2904);
#2903 = CARTESIAN_POINT('',(1.6,0.));
#2904 = VECTOR('',#2905,1.);
#2905 = DIRECTION('',(0.,1.));
#2906 = ( GEOMETRIC_REPRESENTATION_CONTEXT(2) 
PARAMETRIC_REPRESENTATION_CONTEXT() REPRESENTATION_CONTEXT('2D SPACE',''
  ) );
#2907 = PCURVE('',#2685,#2908);
#2908 = DEFINITIONAL_REPRESENTATION('',(#2909),#2913);
#2909 = LINE('',#2910,#2911);
#2910 = CARTESIAN_POINT('',(0.,0.));
#2911 = VECTOR('',#2912,1.);
#2912 = DIRECTION('',(0.,-1.));
#2913 = ( GEOMETRIC_REPRESENTATION_CONTEXT(2) 
PARAMETRIC_REPRESENTATION_CONTEXT() REPRESENTATION_CONTEXT('2D SPACE',''
  ) );
#2914 = ADVANCED_FACE('',(#2915),#2685,.T.);
#2915 = FACE_BOUND('',#2916,.T.);
#2916 = EDGE_LOOP('',(#2917,#2940,#2941,#2942,#2964,#2991));
#2917 = ORIENTED_EDGE('',*,*,#2918,.F.);
#2918 = EDGE_CURVE('',#2872,#2919,#2921,.T.);
#2919 = VERTEX_POINT('',#2920);
#2920 = CARTESIAN_POINT('',(1.7,-21.95,4.4));
#2921 = SURFACE_CURVE('',#2922,(#2926,#2933),.PCURVE_S1.);
#2922 = LINE('',#2923,#2924);
#2923 = CARTESIAN_POINT('',(1.7,-21.95,2.45));
#2924 = VECTOR('',#2925,1.);
#2925 = DIRECTION('',(0.,0.,1.));
#2926 = PCURVE('',#2685,#2927);
#2927 = DEFINITIONAL_REPRESENTATION('',(#2928),#2932);
#2928 = LINE('',#2929,#2930);
#2929 = CARTESIAN_POINT('',(0.,0.));
#2930 = VECTOR('',#2931,1.);
#2931 = DIRECTION('',(1.,0.));
#2932 = ( GEOMETRIC_REPRESENTATION_CONTEXT(2) 
PARAMETRIC_REPRESENTATION_CONTEXT() REPRESENTATION_CONTEXT('2D SPACE',''
  ) );
#2933 = PCURVE('',#2556,#2934);
#2934 = DEFINITIONAL_REPRESENTATION('',(#2935),#2939);
#2935 = LINE('',#2936,#2937);
#2936 = CARTESIAN_POINT('',(0.,1.6));
#2937 = VECTOR('',#2938,1.);
#2938 = DIRECTION('',(1.,0.));
#2939 = ( GEOMETRIC_REPRESENTATION_CONTEXT(2) 
PARAMETRIC_REPRESENTATION_CONTEXT() REPRESENTATION_CONTEXT('2D SPACE',''
  ) );
#2940 = ORIENTED_EDGE('',*,*,#2894,.T.);
#2941 = ORIENTED_EDGE('',*,*,#2667,.T.);
#2942 = ORIENTED_EDGE('',*,*,#2943,.F.);
#2943 = EDGE_CURVE('',#2944,#2670,#2946,.T.);
#2944 = VERTEX_POINT('',#2945);
#2945 = CARTESIAN_POINT('',(1.7,-21.85,6.6));
#2946 = SURFACE_CURVE('',#2947,(#2951,#2958),.PCURVE_S1.);
#2947 = LINE('',#2948,#2949);
#2948 = CARTESIAN_POINT('',(1.7,-21.9,6.6));
#2949 = VECTOR('',#2950,1.);
#2950 = DIRECTION('',(0.,1.,0.));
#2951 = PCURVE('',#2685,#2952);
#2952 = DEFINITIONAL_REPRESENTATION('',(#2953),#2957);
#2953 = LINE('',#2954,#2955);
#2954 = CARTESIAN_POINT('',(4.15,-5.E-02));
#2955 = VECTOR('',#2956,1.);
#2956 = DIRECTION('',(0.,-1.));
#2957 = ( GEOMETRIC_REPRESENTATION_CONTEXT(2) 
PARAMETRIC_REPRESENTATION_CONTEXT() REPRESENTATION_CONTEXT('2D SPACE',''
  ) );
#2958 = PCURVE('',#2335,#2959);
#2959 = DEFINITIONAL_REPRESENTATION('',(#2960),#2963);
#2960 = B_SPLINE_CURVE_WITH_KNOTS('',1,(#2961,#2962),.UNSPECIFIED.,.F.,
  .F.,(2,2),(5.E-02,2.25),.PIECEWISE_BEZIER_KNOTS.);
#2961 = CARTESIAN_POINT('',(2.3,0.));
#2962 = CARTESIAN_POINT('',(2.3,2.2));
#2963 = ( GEOMETRIC_REPRESENTATION_CONTEXT(2) 
PARAMETRIC_REPRESENTATION_CONTEXT() REPRESENTATION_CONTEXT('2D SPACE',''
  ) );
#2964 = ORIENTED_EDGE('',*,*,#2965,.T.);
#2965 = EDGE_CURVE('',#2944,#2966,#2968,.T.);
#2966 = VERTEX_POINT('',#2967);
#2967 = CARTESIAN_POINT('',(1.7,-21.85,4.4));
#2968 = SURFACE_CURVE('',#2969,(#2973,#2980),.PCURVE_S1.);
#2969 = LINE('',#2970,#2971);
#2970 = CARTESIAN_POINT('',(1.7,-21.85,-0.775));
#2971 = VECTOR('',#2972,1.);
#2972 = DIRECTION('',(0.,0.,-1.));
#2973 = PCURVE('',#2685,#2974);
#2974 = DEFINITIONAL_REPRESENTATION('',(#2975),#2979);
#2975 = LINE('',#2976,#2977);
#2976 = CARTESIAN_POINT('',(-3.225,-1.E-01));
#2977 = VECTOR('',#2978,1.);
#2978 = DIRECTION('',(-1.,0.));
#2979 = ( GEOMETRIC_REPRESENTATION_CONTEXT(2) 
PARAMETRIC_REPRESENTATION_CONTEXT() REPRESENTATION_CONTEXT('2D SPACE',''
  ) );
#2980 = PCURVE('',#2981,#2986);
#2981 = PLANE('',#2982);
#2982 = AXIS2_PLACEMENT_3D('',#2983,#2984,#2985);
#2983 = CARTESIAN_POINT('',(-0.6,-21.85,-4.));
#2984 = DIRECTION('',(0.,1.,0.));
#2985 = DIRECTION('',(0.,0.,1.));
#2986 = DEFINITIONAL_REPRESENTATION('',(#2987),#2990);
#2987 = B_SPLINE_CURVE_WITH_KNOTS('',1,(#2988,#2989),.UNSPECIFIED.,.F.,
  .F.,(2,2),(-7.375,-5.175),.PIECEWISE_BEZIER_KNOTS.);
#2988 = CARTESIAN_POINT('',(10.6,2.3));
#2989 = CARTESIAN_POINT('',(8.4,2.3));
#2990 = ( GEOMETRIC_REPRESENTATION_CONTEXT(2) 
PARAMETRIC_REPRESENTATION_CONTEXT() REPRESENTATION_CONTEXT('2D SPACE',''
  ) );
#2991 = ORIENTED_EDGE('',*,*,#2992,.F.);
#2992 = EDGE_CURVE('',#2919,#2966,#2993,.T.);
#2993 = SURFACE_CURVE('',#2994,(#2998,#3005),.PCURVE_S1.);
#2994 = LINE('',#2995,#2996);
#2995 = CARTESIAN_POINT('',(1.7,-15.8805015797,4.4));
#2996 = VECTOR('',#2997,1.);
#2997 = DIRECTION('',(0.,1.,0.));
#2998 = PCURVE('',#2685,#2999);
#2999 = DEFINITIONAL_REPRESENTATION('',(#3000),#3004);
#3000 = LINE('',#3001,#3002);
#3001 = CARTESIAN_POINT('',(1.95,-6.069498420295));
#3002 = VECTOR('',#3003,1.);
#3003 = DIRECTION('',(0.,-1.));
#3004 = ( GEOMETRIC_REPRESENTATION_CONTEXT(2) 
PARAMETRIC_REPRESENTATION_CONTEXT() REPRESENTATION_CONTEXT('2D SPACE',''
  ) );
#3005 = PCURVE('',#152,#3006);
#3006 = DEFINITIONAL_REPRESENTATION('',(#3007),#3010);
#3007 = B_SPLINE_CURVE_WITH_KNOTS('',1,(#3008,#3009),.UNSPECIFIED.,.F.,
  .F.,(2,2),(-6.069498420295,-3.769498420295),.PIECEWISE_BEZIER_KNOTS.);
#3008 = CARTESIAN_POINT('',(-34.68906553732,-12.13899684058));
#3009 = CARTESIAN_POINT('',(-34.68906553732,-9.838996840589));
#3010 = ( GEOMETRIC_REPRESENTATION_CONTEXT(2) 
PARAMETRIC_REPRESENTATION_CONTEXT() REPRESENTATION_CONTEXT('2D SPACE',''
  ) );
#3011 = ADVANCED_FACE('',(#3012),#2981,.T.);
#3012 = FACE_BOUND('',#3013,.T.);
#3013 = EDGE_LOOP('',(#3014,#3037,#3063,#3082));
#3014 = ORIENTED_EDGE('',*,*,#3015,.T.);
#3015 = EDGE_CURVE('',#2944,#3016,#3018,.T.);
#3016 = VERTEX_POINT('',#3017);
#3017 = CARTESIAN_POINT('',(17.,-21.85,6.6));
#3018 = SURFACE_CURVE('',#3019,(#3023,#3030),.PCURVE_S1.);
#3019 = LINE('',#3020,#3021);
#3020 = CARTESIAN_POINT('',(-0.6,-21.85,6.6));
#3021 = VECTOR('',#3022,1.);
#3022 = DIRECTION('',(1.,0.,0.));
#3023 = PCURVE('',#2981,#3024);
#3024 = DEFINITIONAL_REPRESENTATION('',(#3025),#3029);
#3025 = LINE('',#3026,#3027);
#3026 = CARTESIAN_POINT('',(10.6,0.));
#3027 = VECTOR('',#3028,1.);
#3028 = DIRECTION('',(0.,1.));
#3029 = ( GEOMETRIC_REPRESENTATION_CONTEXT(2) 
PARAMETRIC_REPRESENTATION_CONTEXT() REPRESENTATION_CONTEXT('2D SPACE',''
  ) );
#3030 = PCURVE('',#2335,#3031);
#3031 = DEFINITIONAL_REPRESENTATION('',(#3032),#3036);
#3032 = LINE('',#3033,#3034);
#3033 = CARTESIAN_POINT('',(0.,0.));
#3034 = VECTOR('',#3035,1.);
#3035 = DIRECTION('',(1.,0.));
#3036 = ( GEOMETRIC_REPRESENTATION_CONTEXT(2) 
PARAMETRIC_REPRESENTATION_CONTEXT() REPRESENTATION_CONTEXT('2D SPACE',''
  ) );
#3037 = ORIENTED_EDGE('',*,*,#3038,.T.);
#3038 = EDGE_CURVE('',#3016,#3039,#3041,.T.);
#3039 = VERTEX_POINT('',#3040);
#3040 = CARTESIAN_POINT('',(17.,-21.85,4.4));
#3041 = SURFACE_CURVE('',#3042,(#3046,#3052),.PCURVE_S1.);
#3042 = LINE('',#3043,#3044);
#3043 = CARTESIAN_POINT('',(17.,-21.85,-1.1));
#3044 = VECTOR('',#3045,1.);
#3045 = DIRECTION('',(0.,0.,-1.));
#3046 = PCURVE('',#2981,#3047);
#3047 = DEFINITIONAL_REPRESENTATION('',(#3048),#3051);
#3048 = B_SPLINE_CURVE_WITH_KNOTS('',1,(#3049,#3050),.UNSPECIFIED.,.F.,
  .F.,(2,2),(-7.7,-5.5),.PIECEWISE_BEZIER_KNOTS.);
#3049 = CARTESIAN_POINT('',(10.6,17.6));
#3050 = CARTESIAN_POINT('',(8.4,17.6));
#3051 = ( GEOMETRIC_REPRESENTATION_CONTEXT(2) 
PARAMETRIC_REPRESENTATION_CONTEXT() REPRESENTATION_CONTEXT('2D SPACE',''
  ) );
#3052 = PCURVE('',#3053,#3058);
#3053 = PLANE('',#3054);
#3054 = AXIS2_PLACEMENT_3D('',#3055,#3056,#3057);
#3055 = CARTESIAN_POINT('',(17.,-22.2,1.8));
#3056 = DIRECTION('',(1.,0.,0.));
#3057 = DIRECTION('',(0.,0.,1.));
#3058 = DEFINITIONAL_REPRESENTATION('',(#3059),#3062);
#3059 = B_SPLINE_CURVE_WITH_KNOTS('',1,(#3060,#3061),.UNSPECIFIED.,.F.,
  .F.,(2,2),(-7.7,-5.5),.PIECEWISE_BEZIER_KNOTS.);
#3060 = CARTESIAN_POINT('',(4.8,-0.35));
#3061 = CARTESIAN_POINT('',(2.6,-0.35));
#3062 = ( GEOMETRIC_REPRESENTATION_CONTEXT(2) 
PARAMETRIC_REPRESENTATION_CONTEXT() REPRESENTATION_CONTEXT('2D SPACE',''
  ) );
#3063 = ORIENTED_EDGE('',*,*,#3064,.T.);
#3064 = EDGE_CURVE('',#3039,#2966,#3065,.T.);
#3065 = SURFACE_CURVE('',#3066,(#3070,#3076),.PCURVE_S1.);
#3066 = LINE('',#3067,#3068);
#3067 = CARTESIAN_POINT('',(17.894532768661,-21.85,4.4));
#3068 = VECTOR('',#3069,1.);
#3069 = DIRECTION('',(-1.,0.,0.));
#3070 = PCURVE('',#2981,#3071);
#3071 = DEFINITIONAL_REPRESENTATION('',(#3072),#3075);
#3072 = B_SPLINE_CURVE_WITH_KNOTS('',1,(#3073,#3074),.UNSPECIFIED.,.F.,
  .F.,(2,2),(-53.80546723133,18.494532768661),.PIECEWISE_BEZIER_KNOTS.);
#3073 = CARTESIAN_POINT('',(8.4,72.3));
#3074 = CARTESIAN_POINT('',(8.4,0.));
#3075 = ( GEOMETRIC_REPRESENTATION_CONTEXT(2) 
PARAMETRIC_REPRESENTATION_CONTEXT() REPRESENTATION_CONTEXT('2D SPACE',''
  ) );
#3076 = PCURVE('',#152,#3077);
#3077 = DEFINITIONAL_REPRESENTATION('',(#3078),#3081);
#3078 = B_SPLINE_CURVE_WITH_KNOTS('',1,(#3079,#3080),.UNSPECIFIED.,.F.,
  .F.,(2,2),(-53.80546723133,18.494532768661),.PIECEWISE_BEZIER_KNOTS.);
#3079 = CARTESIAN_POINT('',(35.310934462678,-12.03899684058));
#3080 = CARTESIAN_POINT('',(-36.98906553732,-12.03899684058));
#3081 = ( GEOMETRIC_REPRESENTATION_CONTEXT(2) 
PARAMETRIC_REPRESENTATION_CONTEXT() REPRESENTATION_CONTEXT('2D SPACE',''
  ) );
#3082 = ORIENTED_EDGE('',*,*,#2965,.F.);
#3083 = ADVANCED_FACE('',(#3084),#3053,.F.);
#3084 = FACE_BOUND('',#3085,.F.);
#3085 = EDGE_LOOP('',(#3086,#3116,#3144,#3172,#3191,#3192));
#3086 = ORIENTED_EDGE('',*,*,#3087,.F.);
#3087 = EDGE_CURVE('',#3088,#3090,#3092,.T.);
#3088 = VERTEX_POINT('',#3089);
#3089 = CARTESIAN_POINT('',(17.,-22.2,1.8));
#3090 = VERTEX_POINT('',#3091);
#3091 = CARTESIAN_POINT('',(17.,-22.2,4.4));
#3092 = SURFACE_CURVE('',#3093,(#3097,#3104),.PCURVE_S1.);
#3093 = LINE('',#3094,#3095);
#3094 = CARTESIAN_POINT('',(17.,-22.2,1.8));
#3095 = VECTOR('',#3096,1.);
#3096 = DIRECTION('',(0.,0.,1.));
#3097 = PCURVE('',#3053,#3098);
#3098 = DEFINITIONAL_REPRESENTATION('',(#3099),#3103);
#3099 = LINE('',#3100,#3101);
#3100 = CARTESIAN_POINT('',(0.,0.));
#3101 = VECTOR('',#3102,1.);
#3102 = DIRECTION('',(1.,0.));
#3103 = ( GEOMETRIC_REPRESENTATION_CONTEXT(2) 
PARAMETRIC_REPRESENTATION_CONTEXT() REPRESENTATION_CONTEXT('2D SPACE',''
  ) );
#3104 = PCURVE('',#3105,#3110);
#3105 = PLANE('',#3106);
#3106 = AXIS2_PLACEMENT_3D('',#3107,#3108,#3109);
#3107 = CARTESIAN_POINT('',(17.,-22.2,1.8));
#3108 = DIRECTION('',(0.,1.,0.));
#3109 = DIRECTION('',(0.,0.,1.));
#3110 = DEFINITIONAL_REPRESENTATION('',(#3111),#3115);
#3111 = LINE('',#3112,#3113);
#3112 = CARTESIAN_POINT('',(0.,0.));
#3113 = VECTOR('',#3114,1.);
#3114 = DIRECTION('',(1.,0.));
#3115 = ( GEOMETRIC_REPRESENTATION_CONTEXT(2) 
PARAMETRIC_REPRESENTATION_CONTEXT() REPRESENTATION_CONTEXT('2D SPACE',''
  ) );
#3116 = ORIENTED_EDGE('',*,*,#3117,.T.);
#3117 = EDGE_CURVE('',#3088,#3118,#3120,.T.);
#3118 = VERTEX_POINT('',#3119);
#3119 = CARTESIAN_POINT('',(17.,-20.7,1.8));
#3120 = SURFACE_CURVE('',#3121,(#3125,#3132),.PCURVE_S1.);
#3121 = LINE('',#3122,#3123);
#3122 = CARTESIAN_POINT('',(17.,-22.2,1.8));
#3123 = VECTOR('',#3124,1.);
#3124 = DIRECTION('',(0.,1.,0.));
#3125 = PCURVE('',#3053,#3126);
#3126 = DEFINITIONAL_REPRESENTATION('',(#3127),#3131);
#3127 = LINE('',#3128,#3129);
#3128 = CARTESIAN_POINT('',(0.,0.));
#3129 = VECTOR('',#3130,1.);
#3130 = DIRECTION('',(0.,-1.));
#3131 = ( GEOMETRIC_REPRESENTATION_CONTEXT(2) 
PARAMETRIC_REPRESENTATION_CONTEXT() REPRESENTATION_CONTEXT('2D SPACE',''
  ) );
#3132 = PCURVE('',#3133,#3138);
#3133 = PLANE('',#3134);
#3134 = AXIS2_PLACEMENT_3D('',#3135,#3136,#3137);
#3135 = CARTESIAN_POINT('',(17.,-22.2,1.8));
#3136 = DIRECTION('',(0.,0.,1.));
#3137 = DIRECTION('',(1.,0.,0.));
#3138 = DEFINITIONAL_REPRESENTATION('',(#3139),#3143);
#3139 = LINE('',#3140,#3141);
#3140 = CARTESIAN_POINT('',(0.,0.));
#3141 = VECTOR('',#3142,1.);
#3142 = DIRECTION('',(0.,1.));
#3143 = ( GEOMETRIC_REPRESENTATION_CONTEXT(2) 
PARAMETRIC_REPRESENTATION_CONTEXT() REPRESENTATION_CONTEXT('2D SPACE',''
  ) );
#3144 = ORIENTED_EDGE('',*,*,#3145,.T.);
#3145 = EDGE_CURVE('',#3118,#3146,#3148,.T.);
#3146 = VERTEX_POINT('',#3147);
#3147 = CARTESIAN_POINT('',(17.,-20.7,6.6));
#3148 = SURFACE_CURVE('',#3149,(#3153,#3160),.PCURVE_S1.);
#3149 = LINE('',#3150,#3151);
#3150 = CARTESIAN_POINT('',(17.,-20.7,1.8));
#3151 = VECTOR('',#3152,1.);
#3152 = DIRECTION('',(0.,0.,1.));
#3153 = PCURVE('',#3053,#3154);
#3154 = DEFINITIONAL_REPRESENTATION('',(#3155),#3159);
#3155 = LINE('',#3156,#3157);
#3156 = CARTESIAN_POINT('',(0.,-1.5));
#3157 = VECTOR('',#3158,1.);
#3158 = DIRECTION('',(1.,0.));
#3159 = ( GEOMETRIC_REPRESENTATION_CONTEXT(2) 
PARAMETRIC_REPRESENTATION_CONTEXT() REPRESENTATION_CONTEXT('2D SPACE',''
  ) );
#3160 = PCURVE('',#3161,#3166);
#3161 = PLANE('',#3162);
#3162 = AXIS2_PLACEMENT_3D('',#3163,#3164,#3165);
#3163 = CARTESIAN_POINT('',(17.,-20.7,1.8));
#3164 = DIRECTION('',(0.,1.,0.));
#3165 = DIRECTION('',(0.,0.,1.));
#3166 = DEFINITIONAL_REPRESENTATION('',(#3167),#3171);
#3167 = LINE('',#3168,#3169);
#3168 = CARTESIAN_POINT('',(0.,0.));
#3169 = VECTOR('',#3170,1.);
#3170 = DIRECTION('',(1.,0.));
#3171 = ( GEOMETRIC_REPRESENTATION_CONTEXT(2) 
PARAMETRIC_REPRESENTATION_CONTEXT() REPRESENTATION_CONTEXT('2D SPACE',''
  ) );
#3172 = ORIENTED_EDGE('',*,*,#3173,.F.);
#3173 = EDGE_CURVE('',#3016,#3146,#3174,.T.);
#3174 = SURFACE_CURVE('',#3175,(#3179,#3185),.PCURVE_S1.);
#3175 = LINE('',#3176,#3177);
#3176 = CARTESIAN_POINT('',(17.,-22.025,6.6));
#3177 = VECTOR('',#3178,1.);
#3178 = DIRECTION('',(0.,1.,0.));
#3179 = PCURVE('',#3053,#3180);
#3180 = DEFINITIONAL_REPRESENTATION('',(#3181),#3184);
#3181 = B_SPLINE_CURVE_WITH_KNOTS('',1,(#3182,#3183),.UNSPECIFIED.,.F.,
  .F.,(2,2),(0.175,1.325),.PIECEWISE_BEZIER_KNOTS.);
#3182 = CARTESIAN_POINT('',(4.8,-0.35));
#3183 = CARTESIAN_POINT('',(4.8,-1.5));
#3184 = ( GEOMETRIC_REPRESENTATION_CONTEXT(2) 
PARAMETRIC_REPRESENTATION_CONTEXT() REPRESENTATION_CONTEXT('2D SPACE',''
  ) );
#3185 = PCURVE('',#2335,#3186);
#3186 = DEFINITIONAL_REPRESENTATION('',(#3187),#3190);
#3187 = B_SPLINE_CURVE_WITH_KNOTS('',1,(#3188,#3189),.UNSPECIFIED.,.F.,
  .F.,(2,2),(0.175,1.325),.PIECEWISE_BEZIER_KNOTS.);
#3188 = CARTESIAN_POINT('',(17.6,0.));
#3189 = CARTESIAN_POINT('',(17.6,1.15));
#3190 = ( GEOMETRIC_REPRESENTATION_CONTEXT(2) 
PARAMETRIC_REPRESENTATION_CONTEXT() REPRESENTATION_CONTEXT('2D SPACE',''
  ) );
#3191 = ORIENTED_EDGE('',*,*,#3038,.T.);
#3192 = ORIENTED_EDGE('',*,*,#3193,.F.);
#3193 = EDGE_CURVE('',#3090,#3039,#3194,.T.);
#3194 = SURFACE_CURVE('',#3195,(#3199,#3205),.PCURVE_S1.);
#3195 = LINE('',#3196,#3197);
#3196 = CARTESIAN_POINT('',(17.,-16.0055015797,4.4));
#3197 = VECTOR('',#3198,1.);
#3198 = DIRECTION('',(0.,1.,0.));
#3199 = PCURVE('',#3053,#3200);
#3200 = DEFINITIONAL_REPRESENTATION('',(#3201),#3204);
#3201 = B_SPLINE_CURVE_WITH_KNOTS('',1,(#3202,#3203),.UNSPECIFIED.,.F.,
  .F.,(2,2),(-6.194498420295,-4.694498420295),.PIECEWISE_BEZIER_KNOTS.);
#3202 = CARTESIAN_POINT('',(2.6,0.));
#3203 = CARTESIAN_POINT('',(2.6,-1.5));
#3204 = ( GEOMETRIC_REPRESENTATION_CONTEXT(2) 
PARAMETRIC_REPRESENTATION_CONTEXT() REPRESENTATION_CONTEXT('2D SPACE',''
  ) );
#3205 = PCURVE('',#152,#3206);
#3206 = DEFINITIONAL_REPRESENTATION('',(#3207),#3210);
#3207 = B_SPLINE_CURVE_WITH_KNOTS('',1,(#3208,#3209),.UNSPECIFIED.,.F.,
  .F.,(2,2),(-6.194498420295,-4.694498420295),.PIECEWISE_BEZIER_KNOTS.);
#3208 = CARTESIAN_POINT('',(-19.38906553732,-12.38899684058));
#3209 = CARTESIAN_POINT('',(-19.38906553732,-10.88899684058));
#3210 = ( GEOMETRIC_REPRESENTATION_CONTEXT(2) 
PARAMETRIC_REPRESENTATION_CONTEXT() REPRESENTATION_CONTEXT('2D SPACE',''
  ) );
#3211 = ADVANCED_FACE('',(#3212),#3133,.F.);
#3212 = FACE_BOUND('',#3213,.F.);
#3213 = EDGE_LOOP('',(#3214,#3215,#3238,#3266));
#3214 = ORIENTED_EDGE('',*,*,#3117,.F.);
#3215 = ORIENTED_EDGE('',*,*,#3216,.T.);
#3216 = EDGE_CURVE('',#3088,#3217,#3219,.T.);
#3217 = VERTEX_POINT('',#3218);
#3218 = CARTESIAN_POINT('',(19.,-22.2,1.8));
#3219 = SURFACE_CURVE('',#3220,(#3224,#3231),.PCURVE_S1.);
#3220 = LINE('',#3221,#3222);
#3221 = CARTESIAN_POINT('',(17.,-22.2,1.8));
#3222 = VECTOR('',#3223,1.);
#3223 = DIRECTION('',(1.,0.,0.));
#3224 = PCURVE('',#3133,#3225);
#3225 = DEFINITIONAL_REPRESENTATION('',(#3226),#3230);
#3226 = LINE('',#3227,#3228);
#3227 = CARTESIAN_POINT('',(0.,0.));
#3228 = VECTOR('',#3229,1.);
#3229 = DIRECTION('',(1.,0.));
#3230 = ( GEOMETRIC_REPRESENTATION_CONTEXT(2) 
PARAMETRIC_REPRESENTATION_CONTEXT() REPRESENTATION_CONTEXT('2D SPACE',''
  ) );
#3231 = PCURVE('',#3105,#3232);
#3232 = DEFINITIONAL_REPRESENTATION('',(#3233),#3237);
#3233 = LINE('',#3234,#3235);
#3234 = CARTESIAN_POINT('',(0.,0.));
#3235 = VECTOR('',#3236,1.);
#3236 = DIRECTION('',(0.,1.));
#3237 = ( GEOMETRIC_REPRESENTATION_CONTEXT(2) 
PARAMETRIC_REPRESENTATION_CONTEXT() REPRESENTATION_CONTEXT('2D SPACE',''
  ) );
#3238 = ORIENTED_EDGE('',*,*,#3239,.T.);
#3239 = EDGE_CURVE('',#3217,#3240,#3242,.T.);
#3240 = VERTEX_POINT('',#3241);
#3241 = CARTESIAN_POINT('',(19.,-20.7,1.8));
#3242 = SURFACE_CURVE('',#3243,(#3247,#3254),.PCURVE_S1.);
#3243 = LINE('',#3244,#3245);
#3244 = CARTESIAN_POINT('',(19.,-22.2,1.8));
#3245 = VECTOR('',#3246,1.);
#3246 = DIRECTION('',(0.,1.,0.));
#3247 = PCURVE('',#3133,#3248);
#3248 = DEFINITIONAL_REPRESENTATION('',(#3249),#3253);
#3249 = LINE('',#3250,#3251);
#3250 = CARTESIAN_POINT('',(2.,0.));
#3251 = VECTOR('',#3252,1.);
#3252 = DIRECTION('',(0.,1.));
#3253 = ( GEOMETRIC_REPRESENTATION_CONTEXT(2) 
PARAMETRIC_REPRESENTATION_CONTEXT() REPRESENTATION_CONTEXT('2D SPACE',''
  ) );
#3254 = PCURVE('',#3255,#3260);
#3255 = PLANE('',#3256);
#3256 = AXIS2_PLACEMENT_3D('',#3257,#3258,#3259);
#3257 = CARTESIAN_POINT('',(19.,-22.2,1.8));
#3258 = DIRECTION('',(1.,0.,0.));
#3259 = DIRECTION('',(0.,0.,1.));
#3260 = DEFINITIONAL_REPRESENTATION('',(#3261),#3265);
#3261 = LINE('',#3262,#3263);
#3262 = CARTESIAN_POINT('',(0.,0.));
#3263 = VECTOR('',#3264,1.);
#3264 = DIRECTION('',(0.,-1.));
#3265 = ( GEOMETRIC_REPRESENTATION_CONTEXT(2) 
PARAMETRIC_REPRESENTATION_CONTEXT() REPRESENTATION_CONTEXT('2D SPACE',''
  ) );
#3266 = ORIENTED_EDGE('',*,*,#3267,.F.);
#3267 = EDGE_CURVE('',#3118,#3240,#3268,.T.);
#3268 = SURFACE_CURVE('',#3269,(#3273,#3280),.PCURVE_S1.);
#3269 = LINE('',#3270,#3271);
#3270 = CARTESIAN_POINT('',(17.,-20.7,1.8));
#3271 = VECTOR('',#3272,1.);
#3272 = DIRECTION('',(1.,0.,0.));
#3273 = PCURVE('',#3133,#3274);
#3274 = DEFINITIONAL_REPRESENTATION('',(#3275),#3279);
#3275 = LINE('',#3276,#3277);
#3276 = CARTESIAN_POINT('',(0.,1.5));
#3277 = VECTOR('',#3278,1.);
#3278 = DIRECTION('',(1.,0.));
#3279 = ( GEOMETRIC_REPRESENTATION_CONTEXT(2) 
PARAMETRIC_REPRESENTATION_CONTEXT() REPRESENTATION_CONTEXT('2D SPACE',''
  ) );
#3280 = PCURVE('',#3161,#3281);
#3281 = DEFINITIONAL_REPRESENTATION('',(#3282),#3286);
#3282 = LINE('',#3283,#3284);
#3283 = CARTESIAN_POINT('',(0.,0.));
#3284 = VECTOR('',#3285,1.);
#3285 = DIRECTION('',(0.,1.));
#3286 = ( GEOMETRIC_REPRESENTATION_CONTEXT(2) 
PARAMETRIC_REPRESENTATION_CONTEXT() REPRESENTATION_CONTEXT('2D SPACE',''
  ) );
#3287 = ADVANCED_FACE('',(#3288),#3255,.T.);
#3288 = FACE_BOUND('',#3289,.T.);
#3289 = EDGE_LOOP('',(#3290,#3313,#3314,#3337,#3358,#3384));
#3290 = ORIENTED_EDGE('',*,*,#3291,.F.);
#3291 = EDGE_CURVE('',#3217,#3292,#3294,.T.);
#3292 = VERTEX_POINT('',#3293);
#3293 = CARTESIAN_POINT('',(19.,-22.2,4.4));
#3294 = SURFACE_CURVE('',#3295,(#3299,#3306),.PCURVE_S1.);
#3295 = LINE('',#3296,#3297);
#3296 = CARTESIAN_POINT('',(19.,-22.2,1.8));
#3297 = VECTOR('',#3298,1.);
#3298 = DIRECTION('',(0.,0.,1.));
#3299 = PCURVE('',#3255,#3300);
#3300 = DEFINITIONAL_REPRESENTATION('',(#3301),#3305);
#3301 = LINE('',#3302,#3303);
#3302 = CARTESIAN_POINT('',(0.,0.));
#3303 = VECTOR('',#3304,1.);
#3304 = DIRECTION('',(1.,0.));
#3305 = ( GEOMETRIC_REPRESENTATION_CONTEXT(2) 
PARAMETRIC_REPRESENTATION_CONTEXT() REPRESENTATION_CONTEXT('2D SPACE',''
  ) );
#3306 = PCURVE('',#3105,#3307);
#3307 = DEFINITIONAL_REPRESENTATION('',(#3308),#3312);
#3308 = LINE('',#3309,#3310);
#3309 = CARTESIAN_POINT('',(0.,2.));
#3310 = VECTOR('',#3311,1.);
#3311 = DIRECTION('',(1.,0.));
#3312 = ( GEOMETRIC_REPRESENTATION_CONTEXT(2) 
PARAMETRIC_REPRESENTATION_CONTEXT() REPRESENTATION_CONTEXT('2D SPACE',''
  ) );
#3313 = ORIENTED_EDGE('',*,*,#3239,.T.);
#3314 = ORIENTED_EDGE('',*,*,#3315,.T.);
#3315 = EDGE_CURVE('',#3240,#3316,#3318,.T.);
#3316 = VERTEX_POINT('',#3317);
#3317 = CARTESIAN_POINT('',(19.,-20.7,6.6));
#3318 = SURFACE_CURVE('',#3319,(#3323,#3330),.PCURVE_S1.);
#3319 = LINE('',#3320,#3321);
#3320 = CARTESIAN_POINT('',(19.,-20.7,1.8));
#3321 = VECTOR('',#3322,1.);
#3322 = DIRECTION('',(0.,0.,1.));
#3323 = PCURVE('',#3255,#3324);
#3324 = DEFINITIONAL_REPRESENTATION('',(#3325),#3329);
#3325 = LINE('',#3326,#3327);
#3326 = CARTESIAN_POINT('',(0.,-1.5));
#3327 = VECTOR('',#3328,1.);
#3328 = DIRECTION('',(1.,0.));
#3329 = ( GEOMETRIC_REPRESENTATION_CONTEXT(2) 
PARAMETRIC_REPRESENTATION_CONTEXT() REPRESENTATION_CONTEXT('2D SPACE',''
  ) );
#3330 = PCURVE('',#3161,#3331);
#3331 = DEFINITIONAL_REPRESENTATION('',(#3332),#3336);
#3332 = LINE('',#3333,#3334);
#3333 = CARTESIAN_POINT('',(0.,2.));
#3334 = VECTOR('',#3335,1.);
#3335 = DIRECTION('',(1.,0.));
#3336 = ( GEOMETRIC_REPRESENTATION_CONTEXT(2) 
PARAMETRIC_REPRESENTATION_CONTEXT() REPRESENTATION_CONTEXT('2D SPACE',''
  ) );
#3337 = ORIENTED_EDGE('',*,*,#3338,.F.);
#3338 = EDGE_CURVE('',#3339,#3316,#3341,.T.);
#3339 = VERTEX_POINT('',#3340);
#3340 = CARTESIAN_POINT('',(19.,-21.85,6.6));
#3341 = SURFACE_CURVE('',#3342,(#3346,#3352),.PCURVE_S1.);
#3342 = LINE('',#3343,#3344);
#3343 = CARTESIAN_POINT('',(19.,-22.025,6.6));
#3344 = VECTOR('',#3345,1.);
#3345 = DIRECTION('',(0.,1.,0.));
#3346 = PCURVE('',#3255,#3347);
#3347 = DEFINITIONAL_REPRESENTATION('',(#3348),#3351);
#3348 = B_SPLINE_CURVE_WITH_KNOTS('',1,(#3349,#3350),.UNSPECIFIED.,.F.,
  .F.,(2,2),(0.175,1.325),.PIECEWISE_BEZIER_KNOTS.);
#3349 = CARTESIAN_POINT('',(4.8,-0.35));
#3350 = CARTESIAN_POINT('',(4.8,-1.5));
#3351 = ( GEOMETRIC_REPRESENTATION_CONTEXT(2) 
PARAMETRIC_REPRESENTATION_CONTEXT() REPRESENTATION_CONTEXT('2D SPACE',''
  ) );
#3352 = PCURVE('',#2335,#3353);
#3353 = DEFINITIONAL_REPRESENTATION('',(#3354),#3357);
#3354 = B_SPLINE_CURVE_WITH_KNOTS('',1,(#3355,#3356),.UNSPECIFIED.,.F.,
  .F.,(2,2),(0.175,1.325),.PIECEWISE_BEZIER_KNOTS.);
#3355 = CARTESIAN_POINT('',(19.6,0.));
#3356 = CARTESIAN_POINT('',(19.6,1.15));
#3357 = ( GEOMETRIC_REPRESENTATION_CONTEXT(2) 
PARAMETRIC_REPRESENTATION_CONTEXT() REPRESENTATION_CONTEXT('2D SPACE',''
  ) );
#3358 = ORIENTED_EDGE('',*,*,#3359,.T.);
#3359 = EDGE_CURVE('',#3339,#3360,#3362,.T.);
#3360 = VERTEX_POINT('',#3361);
#3361 = CARTESIAN_POINT('',(19.,-21.85,4.4));
#3362 = SURFACE_CURVE('',#3363,(#3367,#3373),.PCURVE_S1.);
#3363 = LINE('',#3364,#3365);
#3364 = CARTESIAN_POINT('',(19.,-21.85,-1.1));
#3365 = VECTOR('',#3366,1.);
#3366 = DIRECTION('',(0.,0.,-1.));
#3367 = PCURVE('',#3255,#3368);
#3368 = DEFINITIONAL_REPRESENTATION('',(#3369),#3372);
#3369 = B_SPLINE_CURVE_WITH_KNOTS('',1,(#3370,#3371),.UNSPECIFIED.,.F.,
  .F.,(2,2),(-7.7,-5.5),.PIECEWISE_BEZIER_KNOTS.);
#3370 = CARTESIAN_POINT('',(4.8,-0.35));
#3371 = CARTESIAN_POINT('',(2.6,-0.35));
#3372 = ( GEOMETRIC_REPRESENTATION_CONTEXT(2) 
PARAMETRIC_REPRESENTATION_CONTEXT() REPRESENTATION_CONTEXT('2D SPACE',''
  ) );
#3373 = PCURVE('',#3374,#3379);
#3374 = PLANE('',#3375);
#3375 = AXIS2_PLACEMENT_3D('',#3376,#3377,#3378);
#3376 = CARTESIAN_POINT('',(-0.6,-21.85,-4.));
#3377 = DIRECTION('',(0.,1.,0.));
#3378 = DIRECTION('',(0.,0.,1.));
#3379 = DEFINITIONAL_REPRESENTATION('',(#3380),#3383);
#3380 = B_SPLINE_CURVE_WITH_KNOTS('',1,(#3381,#3382),.UNSPECIFIED.,.F.,
  .F.,(2,2),(-7.7,-5.5),.PIECEWISE_BEZIER_KNOTS.);
#3381 = CARTESIAN_POINT('',(10.6,19.6));
#3382 = CARTESIAN_POINT('',(8.4,19.6));
#3383 = ( GEOMETRIC_REPRESENTATION_CONTEXT(2) 
PARAMETRIC_REPRESENTATION_CONTEXT() REPRESENTATION_CONTEXT('2D SPACE',''
  ) );
#3384 = ORIENTED_EDGE('',*,*,#3385,.F.);
#3385 = EDGE_CURVE('',#3292,#3360,#3386,.T.);
#3386 = SURFACE_CURVE('',#3387,(#3391,#3397),.PCURVE_S1.);
#3387 = LINE('',#3388,#3389);
#3388 = CARTESIAN_POINT('',(19.,-16.0055015797,4.4));
#3389 = VECTOR('',#3390,1.);
#3390 = DIRECTION('',(0.,1.,0.));
#3391 = PCURVE('',#3255,#3392);
#3392 = DEFINITIONAL_REPRESENTATION('',(#3393),#3396);
#3393 = B_SPLINE_CURVE_WITH_KNOTS('',1,(#3394,#3395),.UNSPECIFIED.,.F.,
  .F.,(2,2),(-6.194498420295,-4.694498420295),.PIECEWISE_BEZIER_KNOTS.);
#3394 = CARTESIAN_POINT('',(2.6,0.));
#3395 = CARTESIAN_POINT('',(2.6,-1.5));
#3396 = ( GEOMETRIC_REPRESENTATION_CONTEXT(2) 
PARAMETRIC_REPRESENTATION_CONTEXT() REPRESENTATION_CONTEXT('2D SPACE',''
  ) );
#3397 = PCURVE('',#152,#3398);
#3398 = DEFINITIONAL_REPRESENTATION('',(#3399),#3402);
#3399 = B_SPLINE_CURVE_WITH_KNOTS('',1,(#3400,#3401),.UNSPECIFIED.,.F.,
  .F.,(2,2),(-6.194498420295,-4.694498420295),.PIECEWISE_BEZIER_KNOTS.);
#3400 = CARTESIAN_POINT('',(-17.38906553732,-12.38899684058));
#3401 = CARTESIAN_POINT('',(-17.38906553732,-10.88899684058));
#3402 = ( GEOMETRIC_REPRESENTATION_CONTEXT(2) 
PARAMETRIC_REPRESENTATION_CONTEXT() REPRESENTATION_CONTEXT('2D SPACE',''
  ) );
#3403 = ADVANCED_FACE('',(#3404),#3374,.T.);
#3404 = FACE_BOUND('',#3405,.T.);
#3405 = EDGE_LOOP('',(#3406,#3429,#3455,#3476,#3502,#3528,#3554,#3573));
#3406 = ORIENTED_EDGE('',*,*,#3407,.T.);
#3407 = EDGE_CURVE('',#3339,#3408,#3410,.T.);
#3408 = VERTEX_POINT('',#3409);
#3409 = CARTESIAN_POINT('',(40.,-21.85,6.6));
#3410 = SURFACE_CURVE('',#3411,(#3415,#3422),.PCURVE_S1.);
#3411 = LINE('',#3412,#3413);
#3412 = CARTESIAN_POINT('',(-0.6,-21.85,6.6));
#3413 = VECTOR('',#3414,1.);
#3414 = DIRECTION('',(1.,0.,0.));
#3415 = PCURVE('',#3374,#3416);
#3416 = DEFINITIONAL_REPRESENTATION('',(#3417),#3421);
#3417 = LINE('',#3418,#3419);
#3418 = CARTESIAN_POINT('',(10.6,0.));
#3419 = VECTOR('',#3420,1.);
#3420 = DIRECTION('',(0.,1.));
#3421 = ( GEOMETRIC_REPRESENTATION_CONTEXT(2) 
PARAMETRIC_REPRESENTATION_CONTEXT() REPRESENTATION_CONTEXT('2D SPACE',''
  ) );
#3422 = PCURVE('',#2335,#3423);
#3423 = DEFINITIONAL_REPRESENTATION('',(#3424),#3428);
#3424 = LINE('',#3425,#3426);
#3425 = CARTESIAN_POINT('',(0.,0.));
#3426 = VECTOR('',#3427,1.);
#3427 = DIRECTION('',(1.,0.));
#3428 = ( GEOMETRIC_REPRESENTATION_CONTEXT(2) 
PARAMETRIC_REPRESENTATION_CONTEXT() REPRESENTATION_CONTEXT('2D SPACE',''
  ) );
#3429 = ORIENTED_EDGE('',*,*,#3430,.T.);
#3430 = EDGE_CURVE('',#3408,#3431,#3433,.T.);
#3431 = VERTEX_POINT('',#3432);
#3432 = CARTESIAN_POINT('',(40.,-21.85,4.4));
#3433 = SURFACE_CURVE('',#3434,(#3438,#3444),.PCURVE_S1.);
#3434 = LINE('',#3435,#3436);
#3435 = CARTESIAN_POINT('',(40.,-21.85,-1.1));
#3436 = VECTOR('',#3437,1.);
#3437 = DIRECTION('',(0.,0.,-1.));
#3438 = PCURVE('',#3374,#3439);
#3439 = DEFINITIONAL_REPRESENTATION('',(#3440),#3443);
#3440 = B_SPLINE_CURVE_WITH_KNOTS('',1,(#3441,#3442),.UNSPECIFIED.,.F.,
  .F.,(2,2),(-7.7,-5.5),.PIECEWISE_BEZIER_KNOTS.);
#3441 = CARTESIAN_POINT('',(10.6,40.6));
#3442 = CARTESIAN_POINT('',(8.4,40.6));
#3443 = ( GEOMETRIC_REPRESENTATION_CONTEXT(2) 
PARAMETRIC_REPRESENTATION_CONTEXT() REPRESENTATION_CONTEXT('2D SPACE',''
  ) );
#3444 = PCURVE('',#3445,#3450);
#3445 = PLANE('',#3446);
#3446 = AXIS2_PLACEMENT_3D('',#3447,#3448,#3449);
#3447 = CARTESIAN_POINT('',(40.,-22.2,1.8));
#3448 = DIRECTION('',(1.,0.,0.));
#3449 = DIRECTION('',(0.,0.,1.));
#3450 = DEFINITIONAL_REPRESENTATION('',(#3451),#3454);
#3451 = B_SPLINE_CURVE_WITH_KNOTS('',1,(#3452,#3453),.UNSPECIFIED.,.F.,
  .F.,(2,2),(-7.7,-5.5),.PIECEWISE_BEZIER_KNOTS.);
#3452 = CARTESIAN_POINT('',(4.8,-0.35));
#3453 = CARTESIAN_POINT('',(2.6,-0.35));
#3454 = ( GEOMETRIC_REPRESENTATION_CONTEXT(2) 
PARAMETRIC_REPRESENTATION_CONTEXT() REPRESENTATION_CONTEXT('2D SPACE',''
  ) );
#3455 = ORIENTED_EDGE('',*,*,#3456,.T.);
#3456 = EDGE_CURVE('',#3431,#3457,#3459,.T.);
#3457 = VERTEX_POINT('',#3458);
#3458 = CARTESIAN_POINT('',(39.3,-21.85,4.4));
#3459 = SURFACE_CURVE('',#3460,(#3464,#3470),.PCURVE_S1.);
#3460 = LINE('',#3461,#3462);
#3461 = CARTESIAN_POINT('',(17.894532768661,-21.85,4.4));
#3462 = VECTOR('',#3463,1.);
#3463 = DIRECTION('',(-1.,0.,0.));
#3464 = PCURVE('',#3374,#3465);
#3465 = DEFINITIONAL_REPRESENTATION('',(#3466),#3469);
#3466 = B_SPLINE_CURVE_WITH_KNOTS('',1,(#3467,#3468),.UNSPECIFIED.,.F.,
  .F.,(2,2),(-53.80546723133,18.494532768661),.PIECEWISE_BEZIER_KNOTS.);
#3467 = CARTESIAN_POINT('',(8.4,72.3));
#3468 = CARTESIAN_POINT('',(8.4,0.));
#3469 = ( GEOMETRIC_REPRESENTATION_CONTEXT(2) 
PARAMETRIC_REPRESENTATION_CONTEXT() REPRESENTATION_CONTEXT('2D SPACE',''
  ) );
#3470 = PCURVE('',#152,#3471);
#3471 = DEFINITIONAL_REPRESENTATION('',(#3472),#3475);
#3472 = B_SPLINE_CURVE_WITH_KNOTS('',1,(#3473,#3474),.UNSPECIFIED.,.F.,
  .F.,(2,2),(-53.80546723133,18.494532768661),.PIECEWISE_BEZIER_KNOTS.);
#3473 = CARTESIAN_POINT('',(35.310934462678,-12.03899684058));
#3474 = CARTESIAN_POINT('',(-36.98906553732,-12.03899684058));
#3475 = ( GEOMETRIC_REPRESENTATION_CONTEXT(2) 
PARAMETRIC_REPRESENTATION_CONTEXT() REPRESENTATION_CONTEXT('2D SPACE',''
  ) );
#3476 = ORIENTED_EDGE('',*,*,#3477,.F.);
#3477 = EDGE_CURVE('',#3478,#3457,#3480,.T.);
#3478 = VERTEX_POINT('',#3479);
#3479 = CARTESIAN_POINT('',(39.3,-21.85,5.45));
#3480 = SURFACE_CURVE('',#3481,(#3485,#3491),.PCURVE_S1.);
#3481 = LINE('',#3482,#3483);
#3482 = CARTESIAN_POINT('',(39.3,-21.85,0.15));
#3483 = VECTOR('',#3484,1.);
#3484 = DIRECTION('',(0.,0.,-1.));
#3485 = PCURVE('',#3374,#3486);
#3486 = DEFINITIONAL_REPRESENTATION('',(#3487),#3490);
#3487 = B_SPLINE_CURVE_WITH_KNOTS('',1,(#3488,#3489),.UNSPECIFIED.,.F.,
  .F.,(2,2),(-5.3,-4.25),.PIECEWISE_BEZIER_KNOTS.);
#3488 = CARTESIAN_POINT('',(9.45,39.9));
#3489 = CARTESIAN_POINT('',(8.4,39.9));
#3490 = ( GEOMETRIC_REPRESENTATION_CONTEXT(2) 
PARAMETRIC_REPRESENTATION_CONTEXT() REPRESENTATION_CONTEXT('2D SPACE',''
  ) );
#3491 = PCURVE('',#3492,#3497);
#3492 = PLANE('',#3493);
#3493 = AXIS2_PLACEMENT_3D('',#3494,#3495,#3496);
#3494 = CARTESIAN_POINT('',(39.3,-22.85,4.3));
#3495 = DIRECTION('',(1.,0.,0.));
#3496 = DIRECTION('',(0.,0.,1.));
#3497 = DEFINITIONAL_REPRESENTATION('',(#3498),#3501);
#3498 = B_SPLINE_CURVE_WITH_KNOTS('',1,(#3499,#3500),.UNSPECIFIED.,.F.,
  .F.,(2,2),(-5.3,-4.25),.PIECEWISE_BEZIER_KNOTS.);
#3499 = CARTESIAN_POINT('',(1.15,-1.));
#3500 = CARTESIAN_POINT('',(1.E-01,-1.));
#3501 = ( GEOMETRIC_REPRESENTATION_CONTEXT(2) 
PARAMETRIC_REPRESENTATION_CONTEXT() REPRESENTATION_CONTEXT('2D SPACE',''
  ) );
#3502 = ORIENTED_EDGE('',*,*,#3503,.F.);
#3503 = EDGE_CURVE('',#3504,#3478,#3506,.T.);
#3504 = VERTEX_POINT('',#3505);
#3505 = CARTESIAN_POINT('',(28.7,-21.85,5.45));
#3506 = SURFACE_CURVE('',#3507,(#3511,#3517),.PCURVE_S1.);
#3507 = LINE('',#3508,#3509);
#3508 = CARTESIAN_POINT('',(14.05,-21.85,5.45));
#3509 = VECTOR('',#3510,1.);
#3510 = DIRECTION('',(1.,0.,0.));
#3511 = PCURVE('',#3374,#3512);
#3512 = DEFINITIONAL_REPRESENTATION('',(#3513),#3516);
#3513 = B_SPLINE_CURVE_WITH_KNOTS('',1,(#3514,#3515),.UNSPECIFIED.,.F.,
  .F.,(2,2),(14.65,25.25),.PIECEWISE_BEZIER_KNOTS.);
#3514 = CARTESIAN_POINT('',(9.45,29.3));
#3515 = CARTESIAN_POINT('',(9.45,39.9));
#3516 = ( GEOMETRIC_REPRESENTATION_CONTEXT(2) 
PARAMETRIC_REPRESENTATION_CONTEXT() REPRESENTATION_CONTEXT('2D SPACE',''
  ) );
#3517 = PCURVE('',#3518,#3523);
#3518 = PLANE('',#3519);
#3519 = AXIS2_PLACEMENT_3D('',#3520,#3521,#3522);
#3520 = CARTESIAN_POINT('',(28.7,-22.85,5.45));
#3521 = DIRECTION('',(0.,0.,1.));
#3522 = DIRECTION('',(1.,0.,0.));
#3523 = DEFINITIONAL_REPRESENTATION('',(#3524),#3527);
#3524 = B_SPLINE_CURVE_WITH_KNOTS('',1,(#3525,#3526),.UNSPECIFIED.,.F.,
  .F.,(2,2),(14.65,25.25),.PIECEWISE_BEZIER_KNOTS.);
#3525 = CARTESIAN_POINT('',(0.,1.));
#3526 = CARTESIAN_POINT('',(10.6,1.));
#3527 = ( GEOMETRIC_REPRESENTATION_CONTEXT(2) 
PARAMETRIC_REPRESENTATION_CONTEXT() REPRESENTATION_CONTEXT('2D SPACE',''
  ) );
#3528 = ORIENTED_EDGE('',*,*,#3529,.T.);
#3529 = EDGE_CURVE('',#3504,#3530,#3532,.T.);
#3530 = VERTEX_POINT('',#3531);
#3531 = CARTESIAN_POINT('',(28.7,-21.85,4.4));
#3532 = SURFACE_CURVE('',#3533,(#3537,#3543),.PCURVE_S1.);
#3533 = LINE('',#3534,#3535);
#3534 = CARTESIAN_POINT('',(28.7,-21.85,0.15));
#3535 = VECTOR('',#3536,1.);
#3536 = DIRECTION('',(0.,0.,-1.));
#3537 = PCURVE('',#3374,#3538);
#3538 = DEFINITIONAL_REPRESENTATION('',(#3539),#3542);
#3539 = B_SPLINE_CURVE_WITH_KNOTS('',1,(#3540,#3541),.UNSPECIFIED.,.F.,
  .F.,(2,2),(-5.3,-4.25),.PIECEWISE_BEZIER_KNOTS.);
#3540 = CARTESIAN_POINT('',(9.45,29.3));
#3541 = CARTESIAN_POINT('',(8.4,29.3));
#3542 = ( GEOMETRIC_REPRESENTATION_CONTEXT(2) 
PARAMETRIC_REPRESENTATION_CONTEXT() REPRESENTATION_CONTEXT('2D SPACE',''
  ) );
#3543 = PCURVE('',#3544,#3549);
#3544 = PLANE('',#3545);
#3545 = AXIS2_PLACEMENT_3D('',#3546,#3547,#3548);
#3546 = CARTESIAN_POINT('',(28.7,-22.85,4.3));
#3547 = DIRECTION('',(1.,0.,0.));
#3548 = DIRECTION('',(0.,0.,1.));
#3549 = DEFINITIONAL_REPRESENTATION('',(#3550),#3553);
#3550 = B_SPLINE_CURVE_WITH_KNOTS('',1,(#3551,#3552),.UNSPECIFIED.,.F.,
  .F.,(2,2),(-5.3,-4.25),.PIECEWISE_BEZIER_KNOTS.);
#3551 = CARTESIAN_POINT('',(1.15,-1.));
#3552 = CARTESIAN_POINT('',(1.E-01,-1.));
#3553 = ( GEOMETRIC_REPRESENTATION_CONTEXT(2) 
PARAMETRIC_REPRESENTATION_CONTEXT() REPRESENTATION_CONTEXT('2D SPACE',''
  ) );
#3554 = ORIENTED_EDGE('',*,*,#3555,.T.);
#3555 = EDGE_CURVE('',#3530,#3360,#3556,.T.);
#3556 = SURFACE_CURVE('',#3557,(#3561,#3567),.PCURVE_S1.);
#3557 = LINE('',#3558,#3559);
#3558 = CARTESIAN_POINT('',(17.894532768661,-21.85,4.4));
#3559 = VECTOR('',#3560,1.);
#3560 = DIRECTION('',(-1.,0.,0.));
#3561 = PCURVE('',#3374,#3562);
#3562 = DEFINITIONAL_REPRESENTATION('',(#3563),#3566);
#3563 = B_SPLINE_CURVE_WITH_KNOTS('',1,(#3564,#3565),.UNSPECIFIED.,.F.,
  .F.,(2,2),(-53.80546723133,18.494532768661),.PIECEWISE_BEZIER_KNOTS.);
#3564 = CARTESIAN_POINT('',(8.4,72.3));
#3565 = CARTESIAN_POINT('',(8.4,0.));
#3566 = ( GEOMETRIC_REPRESENTATION_CONTEXT(2) 
PARAMETRIC_REPRESENTATION_CONTEXT() REPRESENTATION_CONTEXT('2D SPACE',''
  ) );
#3567 = PCURVE('',#152,#3568);
#3568 = DEFINITIONAL_REPRESENTATION('',(#3569),#3572);
#3569 = B_SPLINE_CURVE_WITH_KNOTS('',1,(#3570,#3571),.UNSPECIFIED.,.F.,
  .F.,(2,2),(-53.80546723133,18.494532768661),.PIECEWISE_BEZIER_KNOTS.);
#3570 = CARTESIAN_POINT('',(35.310934462678,-12.03899684058));
#3571 = CARTESIAN_POINT('',(-36.98906553732,-12.03899684058));
#3572 = ( GEOMETRIC_REPRESENTATION_CONTEXT(2) 
PARAMETRIC_REPRESENTATION_CONTEXT() REPRESENTATION_CONTEXT('2D SPACE',''
  ) );
#3573 = ORIENTED_EDGE('',*,*,#3359,.F.);
#3574 = ADVANCED_FACE('',(#3575),#3445,.F.);
#3575 = FACE_BOUND('',#3576,.F.);
#3576 = EDGE_LOOP('',(#3577,#3607,#3635,#3663,#3682,#3683));
#3577 = ORIENTED_EDGE('',*,*,#3578,.F.);
#3578 = EDGE_CURVE('',#3579,#3581,#3583,.T.);
#3579 = VERTEX_POINT('',#3580);
#3580 = CARTESIAN_POINT('',(40.,-22.2,1.8));
#3581 = VERTEX_POINT('',#3582);
#3582 = CARTESIAN_POINT('',(40.,-22.2,4.4));
#3583 = SURFACE_CURVE('',#3584,(#3588,#3595),.PCURVE_S1.);
#3584 = LINE('',#3585,#3586);
#3585 = CARTESIAN_POINT('',(40.,-22.2,1.8));
#3586 = VECTOR('',#3587,1.);
#3587 = DIRECTION('',(0.,0.,1.));
#3588 = PCURVE('',#3445,#3589);
#3589 = DEFINITIONAL_REPRESENTATION('',(#3590),#3594);
#3590 = LINE('',#3591,#3592);
#3591 = CARTESIAN_POINT('',(0.,0.));
#3592 = VECTOR('',#3593,1.);
#3593 = DIRECTION('',(1.,0.));
#3594 = ( GEOMETRIC_REPRESENTATION_CONTEXT(2) 
PARAMETRIC_REPRESENTATION_CONTEXT() REPRESENTATION_CONTEXT('2D SPACE',''
  ) );
#3595 = PCURVE('',#3596,#3601);
#3596 = PLANE('',#3597);
#3597 = AXIS2_PLACEMENT_3D('',#3598,#3599,#3600);
#3598 = CARTESIAN_POINT('',(40.,-22.2,1.8));
#3599 = DIRECTION('',(0.,1.,0.));
#3600 = DIRECTION('',(0.,0.,1.));
#3601 = DEFINITIONAL_REPRESENTATION('',(#3602),#3606);
#3602 = LINE('',#3603,#3604);
#3603 = CARTESIAN_POINT('',(0.,0.));
#3604 = VECTOR('',#3605,1.);
#3605 = DIRECTION('',(1.,0.));
#3606 = ( GEOMETRIC_REPRESENTATION_CONTEXT(2) 
PARAMETRIC_REPRESENTATION_CONTEXT() REPRESENTATION_CONTEXT('2D SPACE',''
  ) );
#3607 = ORIENTED_EDGE('',*,*,#3608,.T.);
#3608 = EDGE_CURVE('',#3579,#3609,#3611,.T.);
#3609 = VERTEX_POINT('',#3610);
#3610 = CARTESIAN_POINT('',(40.,-20.7,1.8));
#3611 = SURFACE_CURVE('',#3612,(#3616,#3623),.PCURVE_S1.);
#3612 = LINE('',#3613,#3614);
#3613 = CARTESIAN_POINT('',(40.,-22.2,1.8));
#3614 = VECTOR('',#3615,1.);
#3615 = DIRECTION('',(0.,1.,0.));
#3616 = PCURVE('',#3445,#3617);
#3617 = DEFINITIONAL_REPRESENTATION('',(#3618),#3622);
#3618 = LINE('',#3619,#3620);
#3619 = CARTESIAN_POINT('',(0.,0.));
#3620 = VECTOR('',#3621,1.);
#3621 = DIRECTION('',(0.,-1.));
#3622 = ( GEOMETRIC_REPRESENTATION_CONTEXT(2) 
PARAMETRIC_REPRESENTATION_CONTEXT() REPRESENTATION_CONTEXT('2D SPACE',''
  ) );
#3623 = PCURVE('',#3624,#3629);
#3624 = PLANE('',#3625);
#3625 = AXIS2_PLACEMENT_3D('',#3626,#3627,#3628);
#3626 = CARTESIAN_POINT('',(40.,-22.2,1.8));
#3627 = DIRECTION('',(0.,0.,1.));
#3628 = DIRECTION('',(1.,0.,0.));
#3629 = DEFINITIONAL_REPRESENTATION('',(#3630),#3634);
#3630 = LINE('',#3631,#3632);
#3631 = CARTESIAN_POINT('',(0.,0.));
#3632 = VECTOR('',#3633,1.);
#3633 = DIRECTION('',(0.,1.));
#3634 = ( GEOMETRIC_REPRESENTATION_CONTEXT(2) 
PARAMETRIC_REPRESENTATION_CONTEXT() REPRESENTATION_CONTEXT('2D SPACE',''
  ) );
#3635 = ORIENTED_EDGE('',*,*,#3636,.T.);
#3636 = EDGE_CURVE('',#3609,#3637,#3639,.T.);
#3637 = VERTEX_POINT('',#3638);
#3638 = CARTESIAN_POINT('',(40.,-20.7,6.6));
#3639 = SURFACE_CURVE('',#3640,(#3644,#3651),.PCURVE_S1.);
#3640 = LINE('',#3641,#3642);
#3641 = CARTESIAN_POINT('',(40.,-20.7,1.8));
#3642 = VECTOR('',#3643,1.);
#3643 = DIRECTION('',(0.,0.,1.));
#3644 = PCURVE('',#3445,#3645);
#3645 = DEFINITIONAL_REPRESENTATION('',(#3646),#3650);
#3646 = LINE('',#3647,#3648);
#3647 = CARTESIAN_POINT('',(0.,-1.5));
#3648 = VECTOR('',#3649,1.);
#3649 = DIRECTION('',(1.,0.));
#3650 = ( GEOMETRIC_REPRESENTATION_CONTEXT(2) 
PARAMETRIC_REPRESENTATION_CONTEXT() REPRESENTATION_CONTEXT('2D SPACE',''
  ) );
#3651 = PCURVE('',#3652,#3657);
#3652 = PLANE('',#3653);
#3653 = AXIS2_PLACEMENT_3D('',#3654,#3655,#3656);
#3654 = CARTESIAN_POINT('',(40.,-20.7,1.8));
#3655 = DIRECTION('',(0.,1.,0.));
#3656 = DIRECTION('',(0.,0.,1.));
#3657 = DEFINITIONAL_REPRESENTATION('',(#3658),#3662);
#3658 = LINE('',#3659,#3660);
#3659 = CARTESIAN_POINT('',(0.,0.));
#3660 = VECTOR('',#3661,1.);
#3661 = DIRECTION('',(1.,0.));
#3662 = ( GEOMETRIC_REPRESENTATION_CONTEXT(2) 
PARAMETRIC_REPRESENTATION_CONTEXT() REPRESENTATION_CONTEXT('2D SPACE',''
  ) );
#3663 = ORIENTED_EDGE('',*,*,#3664,.F.);
#3664 = EDGE_CURVE('',#3408,#3637,#3665,.T.);
#3665 = SURFACE_CURVE('',#3666,(#3670,#3676),.PCURVE_S1.);
#3666 = LINE('',#3667,#3668);
#3667 = CARTESIAN_POINT('',(40.,-22.025,6.6));
#3668 = VECTOR('',#3669,1.);
#3669 = DIRECTION('',(0.,1.,0.));
#3670 = PCURVE('',#3445,#3671);
#3671 = DEFINITIONAL_REPRESENTATION('',(#3672),#3675);
#3672 = B_SPLINE_CURVE_WITH_KNOTS('',1,(#3673,#3674),.UNSPECIFIED.,.F.,
  .F.,(2,2),(0.175,1.325),.PIECEWISE_BEZIER_KNOTS.);
#3673 = CARTESIAN_POINT('',(4.8,-0.35));
#3674 = CARTESIAN_POINT('',(4.8,-1.5));
#3675 = ( GEOMETRIC_REPRESENTATION_CONTEXT(2) 
PARAMETRIC_REPRESENTATION_CONTEXT() REPRESENTATION_CONTEXT('2D SPACE',''
  ) );
#3676 = PCURVE('',#2335,#3677);
#3677 = DEFINITIONAL_REPRESENTATION('',(#3678),#3681);
#3678 = B_SPLINE_CURVE_WITH_KNOTS('',1,(#3679,#3680),.UNSPECIFIED.,.F.,
  .F.,(2,2),(0.175,1.325),.PIECEWISE_BEZIER_KNOTS.);
#3679 = CARTESIAN_POINT('',(40.6,0.));
#3680 = CARTESIAN_POINT('',(40.6,1.15));
#3681 = ( GEOMETRIC_REPRESENTATION_CONTEXT(2) 
PARAMETRIC_REPRESENTATION_CONTEXT() REPRESENTATION_CONTEXT('2D SPACE',''
  ) );
#3682 = ORIENTED_EDGE('',*,*,#3430,.T.);
#3683 = ORIENTED_EDGE('',*,*,#3684,.F.);
#3684 = EDGE_CURVE('',#3581,#3431,#3685,.T.);
#3685 = SURFACE_CURVE('',#3686,(#3690,#3696),.PCURVE_S1.);
#3686 = LINE('',#3687,#3688);
#3687 = CARTESIAN_POINT('',(40.,-16.0055015797,4.4));
#3688 = VECTOR('',#3689,1.);
#3689 = DIRECTION('',(0.,1.,0.));
#3690 = PCURVE('',#3445,#3691);
#3691 = DEFINITIONAL_REPRESENTATION('',(#3692),#3695);
#3692 = B_SPLINE_CURVE_WITH_KNOTS('',1,(#3693,#3694),.UNSPECIFIED.,.F.,
  .F.,(2,2),(-6.194498420295,-4.694498420295),.PIECEWISE_BEZIER_KNOTS.);
#3693 = CARTESIAN_POINT('',(2.6,0.));
#3694 = CARTESIAN_POINT('',(2.6,-1.5));
#3695 = ( GEOMETRIC_REPRESENTATION_CONTEXT(2) 
PARAMETRIC_REPRESENTATION_CONTEXT() REPRESENTATION_CONTEXT('2D SPACE',''
  ) );
#3696 = PCURVE('',#152,#3697);
#3697 = DEFINITIONAL_REPRESENTATION('',(#3698),#3701);
#3698 = B_SPLINE_CURVE_WITH_KNOTS('',1,(#3699,#3700),.UNSPECIFIED.,.F.,
  .F.,(2,2),(-6.194498420295,-4.694498420295),.PIECEWISE_BEZIER_KNOTS.);
#3699 = CARTESIAN_POINT('',(3.610934462678,-12.38899684058));
#3700 = CARTESIAN_POINT('',(3.610934462678,-10.88899684058));
#3701 = ( GEOMETRIC_REPRESENTATION_CONTEXT(2) 
PARAMETRIC_REPRESENTATION_CONTEXT() REPRESENTATION_CONTEXT('2D SPACE',''
  ) );
#3702 = ADVANCED_FACE('',(#3703),#3624,.F.);
#3703 = FACE_BOUND('',#3704,.F.);
#3704 = EDGE_LOOP('',(#3705,#3706,#3729,#3757));
#3705 = ORIENTED_EDGE('',*,*,#3608,.F.);
#3706 = ORIENTED_EDGE('',*,*,#3707,.T.);
#3707 = EDGE_CURVE('',#3579,#3708,#3710,.T.);
#3708 = VERTEX_POINT('',#3709);
#3709 = CARTESIAN_POINT('',(42.,-22.2,1.8));
#3710 = SURFACE_CURVE('',#3711,(#3715,#3722),.PCURVE_S1.);
#3711 = LINE('',#3712,#3713);
#3712 = CARTESIAN_POINT('',(40.,-22.2,1.8));
#3713 = VECTOR('',#3714,1.);
#3714 = DIRECTION('',(1.,0.,0.));
#3715 = PCURVE('',#3624,#3716);
#3716 = DEFINITIONAL_REPRESENTATION('',(#3717),#3721);
#3717 = LINE('',#3718,#3719);
#3718 = CARTESIAN_POINT('',(0.,0.));
#3719 = VECTOR('',#3720,1.);
#3720 = DIRECTION('',(1.,0.));
#3721 = ( GEOMETRIC_REPRESENTATION_CONTEXT(2) 
PARAMETRIC_REPRESENTATION_CONTEXT() REPRESENTATION_CONTEXT('2D SPACE',''
  ) );
#3722 = PCURVE('',#3596,#3723);
#3723 = DEFINITIONAL_REPRESENTATION('',(#3724),#3728);
#3724 = LINE('',#3725,#3726);
#3725 = CARTESIAN_POINT('',(0.,0.));
#3726 = VECTOR('',#3727,1.);
#3727 = DIRECTION('',(0.,1.));
#3728 = ( GEOMETRIC_REPRESENTATION_CONTEXT(2) 
PARAMETRIC_REPRESENTATION_CONTEXT() REPRESENTATION_CONTEXT('2D SPACE',''
  ) );
#3729 = ORIENTED_EDGE('',*,*,#3730,.T.);
#3730 = EDGE_CURVE('',#3708,#3731,#3733,.T.);
#3731 = VERTEX_POINT('',#3732);
#3732 = CARTESIAN_POINT('',(42.,-20.7,1.8));
#3733 = SURFACE_CURVE('',#3734,(#3738,#3745),.PCURVE_S1.);
#3734 = LINE('',#3735,#3736);
#3735 = CARTESIAN_POINT('',(42.,-22.2,1.8));
#3736 = VECTOR('',#3737,1.);
#3737 = DIRECTION('',(0.,1.,0.));
#3738 = PCURVE('',#3624,#3739);
#3739 = DEFINITIONAL_REPRESENTATION('',(#3740),#3744);
#3740 = LINE('',#3741,#3742);
#3741 = CARTESIAN_POINT('',(2.,0.));
#3742 = VECTOR('',#3743,1.);
#3743 = DIRECTION('',(0.,1.));
#3744 = ( GEOMETRIC_REPRESENTATION_CONTEXT(2) 
PARAMETRIC_REPRESENTATION_CONTEXT() REPRESENTATION_CONTEXT('2D SPACE',''
  ) );
#3745 = PCURVE('',#3746,#3751);
#3746 = PLANE('',#3747);
#3747 = AXIS2_PLACEMENT_3D('',#3748,#3749,#3750);
#3748 = CARTESIAN_POINT('',(42.,-22.2,1.8));
#3749 = DIRECTION('',(1.,0.,0.));
#3750 = DIRECTION('',(0.,0.,1.));
#3751 = DEFINITIONAL_REPRESENTATION('',(#3752),#3756);
#3752 = LINE('',#3753,#3754);
#3753 = CARTESIAN_POINT('',(0.,0.));
#3754 = VECTOR('',#3755,1.);
#3755 = DIRECTION('',(0.,-1.));
#3756 = ( GEOMETRIC_REPRESENTATION_CONTEXT(2) 
PARAMETRIC_REPRESENTATION_CONTEXT() REPRESENTATION_CONTEXT('2D SPACE',''
  ) );
#3757 = ORIENTED_EDGE('',*,*,#3758,.F.);
#3758 = EDGE_CURVE('',#3609,#3731,#3759,.T.);
#3759 = SURFACE_CURVE('',#3760,(#3764,#3771),.PCURVE_S1.);
#3760 = LINE('',#3761,#3762);
#3761 = CARTESIAN_POINT('',(40.,-20.7,1.8));
#3762 = VECTOR('',#3763,1.);
#3763 = DIRECTION('',(1.,0.,0.));
#3764 = PCURVE('',#3624,#3765);
#3765 = DEFINITIONAL_REPRESENTATION('',(#3766),#3770);
#3766 = LINE('',#3767,#3768);
#3767 = CARTESIAN_POINT('',(0.,1.5));
#3768 = VECTOR('',#3769,1.);
#3769 = DIRECTION('',(1.,0.));
#3770 = ( GEOMETRIC_REPRESENTATION_CONTEXT(2) 
PARAMETRIC_REPRESENTATION_CONTEXT() REPRESENTATION_CONTEXT('2D SPACE',''
  ) );
#3771 = PCURVE('',#3652,#3772);
#3772 = DEFINITIONAL_REPRESENTATION('',(#3773),#3777);
#3773 = LINE('',#3774,#3775);
#3774 = CARTESIAN_POINT('',(0.,0.));
#3775 = VECTOR('',#3776,1.);
#3776 = DIRECTION('',(0.,1.));
#3777 = ( GEOMETRIC_REPRESENTATION_CONTEXT(2) 
PARAMETRIC_REPRESENTATION_CONTEXT() REPRESENTATION_CONTEXT('2D SPACE',''
  ) );
#3778 = ADVANCED_FACE('',(#3779),#3746,.T.);
#3779 = FACE_BOUND('',#3780,.T.);
#3780 = EDGE_LOOP('',(#3781,#3804,#3805,#3828,#3849,#3875));
#3781 = ORIENTED_EDGE('',*,*,#3782,.F.);
#3782 = EDGE_CURVE('',#3708,#3783,#3785,.T.);
#3783 = VERTEX_POINT('',#3784);
#3784 = CARTESIAN_POINT('',(42.,-22.2,4.4));
#3785 = SURFACE_CURVE('',#3786,(#3790,#3797),.PCURVE_S1.);
#3786 = LINE('',#3787,#3788);
#3787 = CARTESIAN_POINT('',(42.,-22.2,1.8));
#3788 = VECTOR('',#3789,1.);
#3789 = DIRECTION('',(0.,0.,1.));
#3790 = PCURVE('',#3746,#3791);
#3791 = DEFINITIONAL_REPRESENTATION('',(#3792),#3796);
#3792 = LINE('',#3793,#3794);
#3793 = CARTESIAN_POINT('',(0.,0.));
#3794 = VECTOR('',#3795,1.);
#3795 = DIRECTION('',(1.,0.));
#3796 = ( GEOMETRIC_REPRESENTATION_CONTEXT(2) 
PARAMETRIC_REPRESENTATION_CONTEXT() REPRESENTATION_CONTEXT('2D SPACE',''
  ) );
#3797 = PCURVE('',#3596,#3798);
#3798 = DEFINITIONAL_REPRESENTATION('',(#3799),#3803);
#3799 = LINE('',#3800,#3801);
#3800 = CARTESIAN_POINT('',(0.,2.));
#3801 = VECTOR('',#3802,1.);
#3802 = DIRECTION('',(1.,0.));
#3803 = ( GEOMETRIC_REPRESENTATION_CONTEXT(2) 
PARAMETRIC_REPRESENTATION_CONTEXT() REPRESENTATION_CONTEXT('2D SPACE',''
  ) );
#3804 = ORIENTED_EDGE('',*,*,#3730,.T.);
#3805 = ORIENTED_EDGE('',*,*,#3806,.T.);
#3806 = EDGE_CURVE('',#3731,#3807,#3809,.T.);
#3807 = VERTEX_POINT('',#3808);
#3808 = CARTESIAN_POINT('',(42.,-20.7,6.6));
#3809 = SURFACE_CURVE('',#3810,(#3814,#3821),.PCURVE_S1.);
#3810 = LINE('',#3811,#3812);
#3811 = CARTESIAN_POINT('',(42.,-20.7,1.8));
#3812 = VECTOR('',#3813,1.);
#3813 = DIRECTION('',(0.,0.,1.));
#3814 = PCURVE('',#3746,#3815);
#3815 = DEFINITIONAL_REPRESENTATION('',(#3816),#3820);
#3816 = LINE('',#3817,#3818);
#3817 = CARTESIAN_POINT('',(0.,-1.5));
#3818 = VECTOR('',#3819,1.);
#3819 = DIRECTION('',(1.,0.));
#3820 = ( GEOMETRIC_REPRESENTATION_CONTEXT(2) 
PARAMETRIC_REPRESENTATION_CONTEXT() REPRESENTATION_CONTEXT('2D SPACE',''
  ) );
#3821 = PCURVE('',#3652,#3822);
#3822 = DEFINITIONAL_REPRESENTATION('',(#3823),#3827);
#3823 = LINE('',#3824,#3825);
#3824 = CARTESIAN_POINT('',(0.,2.));
#3825 = VECTOR('',#3826,1.);
#3826 = DIRECTION('',(1.,0.));
#3827 = ( GEOMETRIC_REPRESENTATION_CONTEXT(2) 
PARAMETRIC_REPRESENTATION_CONTEXT() REPRESENTATION_CONTEXT('2D SPACE',''
  ) );
#3828 = ORIENTED_EDGE('',*,*,#3829,.F.);
#3829 = EDGE_CURVE('',#3830,#3807,#3832,.T.);
#3830 = VERTEX_POINT('',#3831);
#3831 = CARTESIAN_POINT('',(42.,-21.85,6.6));
#3832 = SURFACE_CURVE('',#3833,(#3837,#3843),.PCURVE_S1.);
#3833 = LINE('',#3834,#3835);
#3834 = CARTESIAN_POINT('',(42.,-22.025,6.6));
#3835 = VECTOR('',#3836,1.);
#3836 = DIRECTION('',(0.,1.,0.));
#3837 = PCURVE('',#3746,#3838);
#3838 = DEFINITIONAL_REPRESENTATION('',(#3839),#3842);
#3839 = B_SPLINE_CURVE_WITH_KNOTS('',1,(#3840,#3841),.UNSPECIFIED.,.F.,
  .F.,(2,2),(0.175,1.325),.PIECEWISE_BEZIER_KNOTS.);
#3840 = CARTESIAN_POINT('',(4.8,-0.35));
#3841 = CARTESIAN_POINT('',(4.8,-1.5));
#3842 = ( GEOMETRIC_REPRESENTATION_CONTEXT(2) 
PARAMETRIC_REPRESENTATION_CONTEXT() REPRESENTATION_CONTEXT('2D SPACE',''
  ) );
#3843 = PCURVE('',#2335,#3844);
#3844 = DEFINITIONAL_REPRESENTATION('',(#3845),#3848);
#3845 = B_SPLINE_CURVE_WITH_KNOTS('',1,(#3846,#3847),.UNSPECIFIED.,.F.,
  .F.,(2,2),(0.175,1.325),.PIECEWISE_BEZIER_KNOTS.);
#3846 = CARTESIAN_POINT('',(42.6,0.));
#3847 = CARTESIAN_POINT('',(42.6,1.15));
#3848 = ( GEOMETRIC_REPRESENTATION_CONTEXT(2) 
PARAMETRIC_REPRESENTATION_CONTEXT() REPRESENTATION_CONTEXT('2D SPACE',''
  ) );
#3849 = ORIENTED_EDGE('',*,*,#3850,.T.);
#3850 = EDGE_CURVE('',#3830,#3851,#3853,.T.);
#3851 = VERTEX_POINT('',#3852);
#3852 = CARTESIAN_POINT('',(42.,-21.85,4.4));
#3853 = SURFACE_CURVE('',#3854,(#3858,#3864),.PCURVE_S1.);
#3854 = LINE('',#3855,#3856);
#3855 = CARTESIAN_POINT('',(42.,-21.85,-1.1));
#3856 = VECTOR('',#3857,1.);
#3857 = DIRECTION('',(0.,0.,-1.));
#3858 = PCURVE('',#3746,#3859);
#3859 = DEFINITIONAL_REPRESENTATION('',(#3860),#3863);
#3860 = B_SPLINE_CURVE_WITH_KNOTS('',1,(#3861,#3862),.UNSPECIFIED.,.F.,
  .F.,(2,2),(-7.7,-5.5),.PIECEWISE_BEZIER_KNOTS.);
#3861 = CARTESIAN_POINT('',(4.8,-0.35));
#3862 = CARTESIAN_POINT('',(2.6,-0.35));
#3863 = ( GEOMETRIC_REPRESENTATION_CONTEXT(2) 
PARAMETRIC_REPRESENTATION_CONTEXT() REPRESENTATION_CONTEXT('2D SPACE',''
  ) );
#3864 = PCURVE('',#3865,#3870);
#3865 = PLANE('',#3866);
#3866 = AXIS2_PLACEMENT_3D('',#3867,#3868,#3869);
#3867 = CARTESIAN_POINT('',(-0.6,-21.85,-4.));
#3868 = DIRECTION('',(0.,1.,0.));
#3869 = DIRECTION('',(0.,0.,1.));
#3870 = DEFINITIONAL_REPRESENTATION('',(#3871),#3874);
#3871 = B_SPLINE_CURVE_WITH_KNOTS('',1,(#3872,#3873),.UNSPECIFIED.,.F.,
  .F.,(2,2),(-7.7,-5.5),.PIECEWISE_BEZIER_KNOTS.);
#3872 = CARTESIAN_POINT('',(10.6,42.6));
#3873 = CARTESIAN_POINT('',(8.4,42.6));
#3874 = ( GEOMETRIC_REPRESENTATION_CONTEXT(2) 
PARAMETRIC_REPRESENTATION_CONTEXT() REPRESENTATION_CONTEXT('2D SPACE',''
  ) );
#3875 = ORIENTED_EDGE('',*,*,#3876,.F.);
#3876 = EDGE_CURVE('',#3783,#3851,#3877,.T.);
#3877 = SURFACE_CURVE('',#3878,(#3882,#3888),.PCURVE_S1.);
#3878 = LINE('',#3879,#3880);
#3879 = CARTESIAN_POINT('',(42.,-16.0055015797,4.4));
#3880 = VECTOR('',#3881,1.);
#3881 = DIRECTION('',(0.,1.,0.));
#3882 = PCURVE('',#3746,#3883);
#3883 = DEFINITIONAL_REPRESENTATION('',(#3884),#3887);
#3884 = B_SPLINE_CURVE_WITH_KNOTS('',1,(#3885,#3886),.UNSPECIFIED.,.F.,
  .F.,(2,2),(-6.194498420295,-4.694498420295),.PIECEWISE_BEZIER_KNOTS.);
#3885 = CARTESIAN_POINT('',(2.6,0.));
#3886 = CARTESIAN_POINT('',(2.6,-1.5));
#3887 = ( GEOMETRIC_REPRESENTATION_CONTEXT(2) 
PARAMETRIC_REPRESENTATION_CONTEXT() REPRESENTATION_CONTEXT('2D SPACE',''
  ) );
#3888 = PCURVE('',#152,#3889);
#3889 = DEFINITIONAL_REPRESENTATION('',(#3890),#3893);
#3890 = B_SPLINE_CURVE_WITH_KNOTS('',1,(#3891,#3892),.UNSPECIFIED.,.F.,
  .F.,(2,2),(-6.194498420295,-4.694498420295),.PIECEWISE_BEZIER_KNOTS.);
#3891 = CARTESIAN_POINT('',(5.610934462678,-12.38899684058));
#3892 = CARTESIAN_POINT('',(5.610934462678,-10.88899684058));
#3893 = ( GEOMETRIC_REPRESENTATION_CONTEXT(2) 
PARAMETRIC_REPRESENTATION_CONTEXT() REPRESENTATION_CONTEXT('2D SPACE',''
  ) );
#3894 = ADVANCED_FACE('',(#3895),#3865,.T.);
#3895 = FACE_BOUND('',#3896,.T.);
#3896 = EDGE_LOOP('',(#3897,#3920,#3946,#3967,#3993,#4019,#4045,#4064));
#3897 = ORIENTED_EDGE('',*,*,#3898,.T.);
#3898 = EDGE_CURVE('',#3830,#3899,#3901,.T.);
#3899 = VERTEX_POINT('',#3900);
#3900 = CARTESIAN_POINT('',(66.,-21.85,6.6));
#3901 = SURFACE_CURVE('',#3902,(#3906,#3913),.PCURVE_S1.);
#3902 = LINE('',#3903,#3904);
#3903 = CARTESIAN_POINT('',(-0.6,-21.85,6.6));
#3904 = VECTOR('',#3905,1.);
#3905 = DIRECTION('',(1.,0.,0.));
#3906 = PCURVE('',#3865,#3907);
#3907 = DEFINITIONAL_REPRESENTATION('',(#3908),#3912);
#3908 = LINE('',#3909,#3910);
#3909 = CARTESIAN_POINT('',(10.6,0.));
#3910 = VECTOR('',#3911,1.);
#3911 = DIRECTION('',(0.,1.));
#3912 = ( GEOMETRIC_REPRESENTATION_CONTEXT(2) 
PARAMETRIC_REPRESENTATION_CONTEXT() REPRESENTATION_CONTEXT('2D SPACE',''
  ) );
#3913 = PCURVE('',#2335,#3914);
#3914 = DEFINITIONAL_REPRESENTATION('',(#3915),#3919);
#3915 = LINE('',#3916,#3917);
#3916 = CARTESIAN_POINT('',(0.,0.));
#3917 = VECTOR('',#3918,1.);
#3918 = DIRECTION('',(1.,0.));
#3919 = ( GEOMETRIC_REPRESENTATION_CONTEXT(2) 
PARAMETRIC_REPRESENTATION_CONTEXT() REPRESENTATION_CONTEXT('2D SPACE',''
  ) );
#3920 = ORIENTED_EDGE('',*,*,#3921,.T.);
#3921 = EDGE_CURVE('',#3899,#3922,#3924,.T.);
#3922 = VERTEX_POINT('',#3923);
#3923 = CARTESIAN_POINT('',(66.,-21.85,4.4));
#3924 = SURFACE_CURVE('',#3925,(#3929,#3935),.PCURVE_S1.);
#3925 = LINE('',#3926,#3927);
#3926 = CARTESIAN_POINT('',(66.,-21.85,-1.1));
#3927 = VECTOR('',#3928,1.);
#3928 = DIRECTION('',(0.,0.,-1.));
#3929 = PCURVE('',#3865,#3930);
#3930 = DEFINITIONAL_REPRESENTATION('',(#3931),#3934);
#3931 = B_SPLINE_CURVE_WITH_KNOTS('',1,(#3932,#3933),.UNSPECIFIED.,.F.,
  .F.,(2,2),(-7.7,-5.5),.PIECEWISE_BEZIER_KNOTS.);
#3932 = CARTESIAN_POINT('',(10.6,66.6));
#3933 = CARTESIAN_POINT('',(8.4,66.6));
#3934 = ( GEOMETRIC_REPRESENTATION_CONTEXT(2) 
PARAMETRIC_REPRESENTATION_CONTEXT() REPRESENTATION_CONTEXT('2D SPACE',''
  ) );
#3935 = PCURVE('',#3936,#3941);
#3936 = PLANE('',#3937);
#3937 = AXIS2_PLACEMENT_3D('',#3938,#3939,#3940);
#3938 = CARTESIAN_POINT('',(66.,-22.2,1.8));
#3939 = DIRECTION('',(1.,0.,0.));
#3940 = DIRECTION('',(0.,0.,1.));
#3941 = DEFINITIONAL_REPRESENTATION('',(#3942),#3945);
#3942 = B_SPLINE_CURVE_WITH_KNOTS('',1,(#3943,#3944),.UNSPECIFIED.,.F.,
  .F.,(2,2),(-7.7,-5.5),.PIECEWISE_BEZIER_KNOTS.);
#3943 = CARTESIAN_POINT('',(4.8,-0.35));
#3944 = CARTESIAN_POINT('',(2.6,-0.35));
#3945 = ( GEOMETRIC_REPRESENTATION_CONTEXT(2) 
PARAMETRIC_REPRESENTATION_CONTEXT() REPRESENTATION_CONTEXT('2D SPACE',''
  ) );
#3946 = ORIENTED_EDGE('',*,*,#3947,.T.);
#3947 = EDGE_CURVE('',#3922,#3948,#3950,.T.);
#3948 = VERTEX_POINT('',#3949);
#3949 = CARTESIAN_POINT('',(50.399,-21.85,4.4));
#3950 = SURFACE_CURVE('',#3951,(#3955,#3961),.PCURVE_S1.);
#3951 = LINE('',#3952,#3953);
#3952 = CARTESIAN_POINT('',(17.894532768661,-21.85,4.4));
#3953 = VECTOR('',#3954,1.);
#3954 = DIRECTION('',(-1.,0.,0.));
#3955 = PCURVE('',#3865,#3956);
#3956 = DEFINITIONAL_REPRESENTATION('',(#3957),#3960);
#3957 = B_SPLINE_CURVE_WITH_KNOTS('',1,(#3958,#3959),.UNSPECIFIED.,.F.,
  .F.,(2,2),(-53.80546723133,18.494532768661),.PIECEWISE_BEZIER_KNOTS.);
#3958 = CARTESIAN_POINT('',(8.4,72.3));
#3959 = CARTESIAN_POINT('',(8.4,0.));
#3960 = ( GEOMETRIC_REPRESENTATION_CONTEXT(2) 
PARAMETRIC_REPRESENTATION_CONTEXT() REPRESENTATION_CONTEXT('2D SPACE',''
  ) );
#3961 = PCURVE('',#152,#3962);
#3962 = DEFINITIONAL_REPRESENTATION('',(#3963),#3966);
#3963 = B_SPLINE_CURVE_WITH_KNOTS('',1,(#3964,#3965),.UNSPECIFIED.,.F.,
  .F.,(2,2),(-53.80546723133,18.494532768661),.PIECEWISE_BEZIER_KNOTS.);
#3964 = CARTESIAN_POINT('',(35.310934462678,-12.03899684058));
#3965 = CARTESIAN_POINT('',(-36.98906553732,-12.03899684058));
#3966 = ( GEOMETRIC_REPRESENTATION_CONTEXT(2) 
PARAMETRIC_REPRESENTATION_CONTEXT() REPRESENTATION_CONTEXT('2D SPACE',''
  ) );
#3967 = ORIENTED_EDGE('',*,*,#3968,.F.);
#3968 = EDGE_CURVE('',#3969,#3948,#3971,.T.);
#3969 = VERTEX_POINT('',#3970);
#3970 = CARTESIAN_POINT('',(50.399,-21.85,5.9));
#3971 = SURFACE_CURVE('',#3972,(#3976,#3982),.PCURVE_S1.);
#3972 = LINE('',#3973,#3974);
#3973 = CARTESIAN_POINT('',(50.399,-21.85,0.15));
#3974 = VECTOR('',#3975,1.);
#3975 = DIRECTION('',(0.,0.,-1.));
#3976 = PCURVE('',#3865,#3977);
#3977 = DEFINITIONAL_REPRESENTATION('',(#3978),#3981);
#3978 = B_SPLINE_CURVE_WITH_KNOTS('',1,(#3979,#3980),.UNSPECIFIED.,.F.,
  .F.,(2,2),(-5.75,-4.25),.PIECEWISE_BEZIER_KNOTS.);
#3979 = CARTESIAN_POINT('',(9.9,50.999));
#3980 = CARTESIAN_POINT('',(8.4,50.999));
#3981 = ( GEOMETRIC_REPRESENTATION_CONTEXT(2) 
PARAMETRIC_REPRESENTATION_CONTEXT() REPRESENTATION_CONTEXT('2D SPACE',''
  ) );
#3982 = PCURVE('',#3983,#3988);
#3983 = PLANE('',#3984);
#3984 = AXIS2_PLACEMENT_3D('',#3985,#3986,#3987);
#3985 = CARTESIAN_POINT('',(50.399,-23.1,4.3));
#3986 = DIRECTION('',(1.,0.,0.));
#3987 = DIRECTION('',(0.,0.,1.));
#3988 = DEFINITIONAL_REPRESENTATION('',(#3989),#3992);
#3989 = B_SPLINE_CURVE_WITH_KNOTS('',1,(#3990,#3991),.UNSPECIFIED.,.F.,
  .F.,(2,2),(-5.75,-4.25),.PIECEWISE_BEZIER_KNOTS.);
#3990 = CARTESIAN_POINT('',(1.6,-1.25));
#3991 = CARTESIAN_POINT('',(1.E-01,-1.25));
#3992 = ( GEOMETRIC_REPRESENTATION_CONTEXT(2) 
PARAMETRIC_REPRESENTATION_CONTEXT() REPRESENTATION_CONTEXT('2D SPACE',''
  ) );
#3993 = ORIENTED_EDGE('',*,*,#3994,.F.);
#3994 = EDGE_CURVE('',#3995,#3969,#3997,.T.);
#3995 = VERTEX_POINT('',#3996);
#3996 = CARTESIAN_POINT('',(47.899,-21.85,5.9));
#3997 = SURFACE_CURVE('',#3998,(#4002,#4008),.PCURVE_S1.);
#3998 = LINE('',#3999,#4000);
#3999 = CARTESIAN_POINT('',(23.6495,-21.85,5.9));
#4000 = VECTOR('',#4001,1.);
#4001 = DIRECTION('',(1.,0.,0.));
#4002 = PCURVE('',#3865,#4003);
#4003 = DEFINITIONAL_REPRESENTATION('',(#4004),#4007);
#4004 = B_SPLINE_CURVE_WITH_KNOTS('',1,(#4005,#4006),.UNSPECIFIED.,.F.,
  .F.,(2,2),(24.2495,26.7495),.PIECEWISE_BEZIER_KNOTS.);
#4005 = CARTESIAN_POINT('',(9.9,48.499));
#4006 = CARTESIAN_POINT('',(9.9,50.999));
#4007 = ( GEOMETRIC_REPRESENTATION_CONTEXT(2) 
PARAMETRIC_REPRESENTATION_CONTEXT() REPRESENTATION_CONTEXT('2D SPACE',''
  ) );
#4008 = PCURVE('',#4009,#4014);
#4009 = PLANE('',#4010);
#4010 = AXIS2_PLACEMENT_3D('',#4011,#4012,#4013);
#4011 = CARTESIAN_POINT('',(47.899,-23.1,5.9));
#4012 = DIRECTION('',(0.,0.,1.));
#4013 = DIRECTION('',(1.,0.,0.));
#4014 = DEFINITIONAL_REPRESENTATION('',(#4015),#4018);
#4015 = B_SPLINE_CURVE_WITH_KNOTS('',1,(#4016,#4017),.UNSPECIFIED.,.F.,
  .F.,(2,2),(24.2495,26.7495),.PIECEWISE_BEZIER_KNOTS.);
#4016 = CARTESIAN_POINT('',(0.,1.25));
#4017 = CARTESIAN_POINT('',(2.5,1.25));
#4018 = ( GEOMETRIC_REPRESENTATION_CONTEXT(2) 
PARAMETRIC_REPRESENTATION_CONTEXT() REPRESENTATION_CONTEXT('2D SPACE',''
  ) );
#4019 = ORIENTED_EDGE('',*,*,#4020,.T.);
#4020 = EDGE_CURVE('',#3995,#4021,#4023,.T.);
#4021 = VERTEX_POINT('',#4022);
#4022 = CARTESIAN_POINT('',(47.899,-21.85,4.4));
#4023 = SURFACE_CURVE('',#4024,(#4028,#4034),.PCURVE_S1.);
#4024 = LINE('',#4025,#4026);
#4025 = CARTESIAN_POINT('',(47.899,-21.85,0.15));
#4026 = VECTOR('',#4027,1.);
#4027 = DIRECTION('',(0.,0.,-1.));
#4028 = PCURVE('',#3865,#4029);
#4029 = DEFINITIONAL_REPRESENTATION('',(#4030),#4033);
#4030 = B_SPLINE_CURVE_WITH_KNOTS('',1,(#4031,#4032),.UNSPECIFIED.,.F.,
  .F.,(2,2),(-5.75,-4.25),.PIECEWISE_BEZIER_KNOTS.);
#4031 = CARTESIAN_POINT('',(9.9,48.499));
#4032 = CARTESIAN_POINT('',(8.4,48.499));
#4033 = ( GEOMETRIC_REPRESENTATION_CONTEXT(2) 
PARAMETRIC_REPRESENTATION_CONTEXT() REPRESENTATION_CONTEXT('2D SPACE',''
  ) );
#4034 = PCURVE('',#4035,#4040);
#4035 = PLANE('',#4036);
#4036 = AXIS2_PLACEMENT_3D('',#4037,#4038,#4039);
#4037 = CARTESIAN_POINT('',(47.899,-23.1,4.3));
#4038 = DIRECTION('',(1.,0.,0.));
#4039 = DIRECTION('',(0.,0.,1.));
#4040 = DEFINITIONAL_REPRESENTATION('',(#4041),#4044);
#4041 = B_SPLINE_CURVE_WITH_KNOTS('',1,(#4042,#4043),.UNSPECIFIED.,.F.,
  .F.,(2,2),(-5.75,-4.25),.PIECEWISE_BEZIER_KNOTS.);
#4042 = CARTESIAN_POINT('',(1.6,-1.25));
#4043 = CARTESIAN_POINT('',(1.E-01,-1.25));
#4044 = ( GEOMETRIC_REPRESENTATION_CONTEXT(2) 
PARAMETRIC_REPRESENTATION_CONTEXT() REPRESENTATION_CONTEXT('2D SPACE',''
  ) );
#4045 = ORIENTED_EDGE('',*,*,#4046,.T.);
#4046 = EDGE_CURVE('',#4021,#3851,#4047,.T.);
#4047 = SURFACE_CURVE('',#4048,(#4052,#4058),.PCURVE_S1.);
#4048 = LINE('',#4049,#4050);
#4049 = CARTESIAN_POINT('',(17.894532768661,-21.85,4.4));
#4050 = VECTOR('',#4051,1.);
#4051 = DIRECTION('',(-1.,0.,0.));
#4052 = PCURVE('',#3865,#4053);
#4053 = DEFINITIONAL_REPRESENTATION('',(#4054),#4057);
#4054 = B_SPLINE_CURVE_WITH_KNOTS('',1,(#4055,#4056),.UNSPECIFIED.,.F.,
  .F.,(2,2),(-53.80546723133,18.494532768661),.PIECEWISE_BEZIER_KNOTS.);
#4055 = CARTESIAN_POINT('',(8.4,72.3));
#4056 = CARTESIAN_POINT('',(8.4,0.));
#4057 = ( GEOMETRIC_REPRESENTATION_CONTEXT(2) 
PARAMETRIC_REPRESENTATION_CONTEXT() REPRESENTATION_CONTEXT('2D SPACE',''
  ) );
#4058 = PCURVE('',#152,#4059);
#4059 = DEFINITIONAL_REPRESENTATION('',(#4060),#4063);
#4060 = B_SPLINE_CURVE_WITH_KNOTS('',1,(#4061,#4062),.UNSPECIFIED.,.F.,
  .F.,(2,2),(-53.80546723133,18.494532768661),.PIECEWISE_BEZIER_KNOTS.);
#4061 = CARTESIAN_POINT('',(35.310934462678,-12.03899684058));
#4062 = CARTESIAN_POINT('',(-36.98906553732,-12.03899684058));
#4063 = ( GEOMETRIC_REPRESENTATION_CONTEXT(2) 
PARAMETRIC_REPRESENTATION_CONTEXT() REPRESENTATION_CONTEXT('2D SPACE',''
  ) );
#4064 = ORIENTED_EDGE('',*,*,#3850,.F.);
#4065 = ADVANCED_FACE('',(#4066),#3936,.F.);
#4066 = FACE_BOUND('',#4067,.F.);
#4067 = EDGE_LOOP('',(#4068,#4098,#4126,#4154,#4173,#4174));
#4068 = ORIENTED_EDGE('',*,*,#4069,.F.);
#4069 = EDGE_CURVE('',#4070,#4072,#4074,.T.);
#4070 = VERTEX_POINT('',#4071);
#4071 = CARTESIAN_POINT('',(66.,-22.2,1.8));
#4072 = VERTEX_POINT('',#4073);
#4073 = CARTESIAN_POINT('',(66.,-22.2,4.4));
#4074 = SURFACE_CURVE('',#4075,(#4079,#4086),.PCURVE_S1.);
#4075 = LINE('',#4076,#4077);
#4076 = CARTESIAN_POINT('',(66.,-22.2,1.8));
#4077 = VECTOR('',#4078,1.);
#4078 = DIRECTION('',(0.,0.,1.));
#4079 = PCURVE('',#3936,#4080);
#4080 = DEFINITIONAL_REPRESENTATION('',(#4081),#4085);
#4081 = LINE('',#4082,#4083);
#4082 = CARTESIAN_POINT('',(0.,0.));
#4083 = VECTOR('',#4084,1.);
#4084 = DIRECTION('',(1.,0.));
#4085 = ( GEOMETRIC_REPRESENTATION_CONTEXT(2) 
PARAMETRIC_REPRESENTATION_CONTEXT() REPRESENTATION_CONTEXT('2D SPACE',''
  ) );
#4086 = PCURVE('',#4087,#4092);
#4087 = PLANE('',#4088);
#4088 = AXIS2_PLACEMENT_3D('',#4089,#4090,#4091);
#4089 = CARTESIAN_POINT('',(66.,-22.2,1.8));
#4090 = DIRECTION('',(0.,1.,0.));
#4091 = DIRECTION('',(0.,0.,1.));
#4092 = DEFINITIONAL_REPRESENTATION('',(#4093),#4097);
#4093 = LINE('',#4094,#4095);
#4094 = CARTESIAN_POINT('',(0.,0.));
#4095 = VECTOR('',#4096,1.);
#4096 = DIRECTION('',(1.,0.));
#4097 = ( GEOMETRIC_REPRESENTATION_CONTEXT(2) 
PARAMETRIC_REPRESENTATION_CONTEXT() REPRESENTATION_CONTEXT('2D SPACE',''
  ) );
#4098 = ORIENTED_EDGE('',*,*,#4099,.T.);
#4099 = EDGE_CURVE('',#4070,#4100,#4102,.T.);
#4100 = VERTEX_POINT('',#4101);
#4101 = CARTESIAN_POINT('',(66.,-20.7,1.8));
#4102 = SURFACE_CURVE('',#4103,(#4107,#4114),.PCURVE_S1.);
#4103 = LINE('',#4104,#4105);
#4104 = CARTESIAN_POINT('',(66.,-22.2,1.8));
#4105 = VECTOR('',#4106,1.);
#4106 = DIRECTION('',(0.,1.,0.));
#4107 = PCURVE('',#3936,#4108);
#4108 = DEFINITIONAL_REPRESENTATION('',(#4109),#4113);
#4109 = LINE('',#4110,#4111);
#4110 = CARTESIAN_POINT('',(0.,0.));
#4111 = VECTOR('',#4112,1.);
#4112 = DIRECTION('',(0.,-1.));
#4113 = ( GEOMETRIC_REPRESENTATION_CONTEXT(2) 
PARAMETRIC_REPRESENTATION_CONTEXT() REPRESENTATION_CONTEXT('2D SPACE',''
  ) );
#4114 = PCURVE('',#4115,#4120);
#4115 = PLANE('',#4116);
#4116 = AXIS2_PLACEMENT_3D('',#4117,#4118,#4119);
#4117 = CARTESIAN_POINT('',(66.,-22.2,1.8));
#4118 = DIRECTION('',(0.,0.,1.));
#4119 = DIRECTION('',(1.,0.,0.));
#4120 = DEFINITIONAL_REPRESENTATION('',(#4121),#4125);
#4121 = LINE('',#4122,#4123);
#4122 = CARTESIAN_POINT('',(0.,0.));
#4123 = VECTOR('',#4124,1.);
#4124 = DIRECTION('',(0.,1.));
#4125 = ( GEOMETRIC_REPRESENTATION_CONTEXT(2) 
PARAMETRIC_REPRESENTATION_CONTEXT() REPRESENTATION_CONTEXT('2D SPACE',''
  ) );
#4126 = ORIENTED_EDGE('',*,*,#4127,.T.);
#4127 = EDGE_CURVE('',#4100,#4128,#4130,.T.);
#4128 = VERTEX_POINT('',#4129);
#4129 = CARTESIAN_POINT('',(66.,-20.7,6.6));
#4130 = SURFACE_CURVE('',#4131,(#4135,#4142),.PCURVE_S1.);
#4131 = LINE('',#4132,#4133);
#4132 = CARTESIAN_POINT('',(66.,-20.7,1.8));
#4133 = VECTOR('',#4134,1.);
#4134 = DIRECTION('',(0.,0.,1.));
#4135 = PCURVE('',#3936,#4136);
#4136 = DEFINITIONAL_REPRESENTATION('',(#4137),#4141);
#4137 = LINE('',#4138,#4139);
#4138 = CARTESIAN_POINT('',(0.,-1.5));
#4139 = VECTOR('',#4140,1.);
#4140 = DIRECTION('',(1.,0.));
#4141 = ( GEOMETRIC_REPRESENTATION_CONTEXT(2) 
PARAMETRIC_REPRESENTATION_CONTEXT() REPRESENTATION_CONTEXT('2D SPACE',''
  ) );
#4142 = PCURVE('',#4143,#4148);
#4143 = PLANE('',#4144);
#4144 = AXIS2_PLACEMENT_3D('',#4145,#4146,#4147);
#4145 = CARTESIAN_POINT('',(66.,-20.7,1.8));
#4146 = DIRECTION('',(0.,1.,0.));
#4147 = DIRECTION('',(0.,0.,1.));
#4148 = DEFINITIONAL_REPRESENTATION('',(#4149),#4153);
#4149 = LINE('',#4150,#4151);
#4150 = CARTESIAN_POINT('',(0.,0.));
#4151 = VECTOR('',#4152,1.);
#4152 = DIRECTION('',(1.,0.));
#4153 = ( GEOMETRIC_REPRESENTATION_CONTEXT(2) 
PARAMETRIC_REPRESENTATION_CONTEXT() REPRESENTATION_CONTEXT('2D SPACE',''
  ) );
#4154 = ORIENTED_EDGE('',*,*,#4155,.F.);
#4155 = EDGE_CURVE('',#3899,#4128,#4156,.T.);
#4156 = SURFACE_CURVE('',#4157,(#4161,#4167),.PCURVE_S1.);
#4157 = LINE('',#4158,#4159);
#4158 = CARTESIAN_POINT('',(66.,-22.025,6.6));
#4159 = VECTOR('',#4160,1.);
#4160 = DIRECTION('',(0.,1.,0.));
#4161 = PCURVE('',#3936,#4162);
#4162 = DEFINITIONAL_REPRESENTATION('',(#4163),#4166);
#4163 = B_SPLINE_CURVE_WITH_KNOTS('',1,(#4164,#4165),.UNSPECIFIED.,.F.,
  .F.,(2,2),(0.175,1.325),.PIECEWISE_BEZIER_KNOTS.);
#4164 = CARTESIAN_POINT('',(4.8,-0.35));
#4165 = CARTESIAN_POINT('',(4.8,-1.5));
#4166 = ( GEOMETRIC_REPRESENTATION_CONTEXT(2) 
PARAMETRIC_REPRESENTATION_CONTEXT() REPRESENTATION_CONTEXT('2D SPACE',''
  ) );
#4167 = PCURVE('',#2335,#4168);
#4168 = DEFINITIONAL_REPRESENTATION('',(#4169),#4172);
#4169 = B_SPLINE_CURVE_WITH_KNOTS('',1,(#4170,#4171),.UNSPECIFIED.,.F.,
  .F.,(2,2),(0.175,1.325),.PIECEWISE_BEZIER_KNOTS.);
#4170 = CARTESIAN_POINT('',(66.6,0.));
#4171 = CARTESIAN_POINT('',(66.6,1.15));
#4172 = ( GEOMETRIC_REPRESENTATION_CONTEXT(2) 
PARAMETRIC_REPRESENTATION_CONTEXT() REPRESENTATION_CONTEXT('2D SPACE',''
  ) );
#4173 = ORIENTED_EDGE('',*,*,#3921,.T.);
#4174 = ORIENTED_EDGE('',*,*,#4175,.F.);
#4175 = EDGE_CURVE('',#4072,#3922,#4176,.T.);
#4176 = SURFACE_CURVE('',#4177,(#4181,#4187),.PCURVE_S1.);
#4177 = LINE('',#4178,#4179);
#4178 = CARTESIAN_POINT('',(66.,-16.0055015797,4.4));
#4179 = VECTOR('',#4180,1.);
#4180 = DIRECTION('',(0.,1.,0.));
#4181 = PCURVE('',#3936,#4182);
#4182 = DEFINITIONAL_REPRESENTATION('',(#4183),#4186);
#4183 = B_SPLINE_CURVE_WITH_KNOTS('',1,(#4184,#4185),.UNSPECIFIED.,.F.,
  .F.,(2,2),(-6.194498420295,-4.694498420295),.PIECEWISE_BEZIER_KNOTS.);
#4184 = CARTESIAN_POINT('',(2.6,0.));
#4185 = CARTESIAN_POINT('',(2.6,-1.5));
#4186 = ( GEOMETRIC_REPRESENTATION_CONTEXT(2) 
PARAMETRIC_REPRESENTATION_CONTEXT() REPRESENTATION_CONTEXT('2D SPACE',''
  ) );
#4187 = PCURVE('',#152,#4188);
#4188 = DEFINITIONAL_REPRESENTATION('',(#4189),#4192);
#4189 = B_SPLINE_CURVE_WITH_KNOTS('',1,(#4190,#4191),.UNSPECIFIED.,.F.,
  .F.,(2,2),(-6.194498420295,-4.694498420295),.PIECEWISE_BEZIER_KNOTS.);
#4190 = CARTESIAN_POINT('',(29.610934462678,-12.38899684058));
#4191 = CARTESIAN_POINT('',(29.610934462678,-10.88899684058));
#4192 = ( GEOMETRIC_REPRESENTATION_CONTEXT(2) 
PARAMETRIC_REPRESENTATION_CONTEXT() REPRESENTATION_CONTEXT('2D SPACE',''
  ) );
#4193 = ADVANCED_FACE('',(#4194),#4115,.F.);
#4194 = FACE_BOUND('',#4195,.F.);
#4195 = EDGE_LOOP('',(#4196,#4197,#4220,#4248));
#4196 = ORIENTED_EDGE('',*,*,#4099,.F.);
#4197 = ORIENTED_EDGE('',*,*,#4198,.T.);
#4198 = EDGE_CURVE('',#4070,#4199,#4201,.T.);
#4199 = VERTEX_POINT('',#4200);
#4200 = CARTESIAN_POINT('',(68.,-22.2,1.8));
#4201 = SURFACE_CURVE('',#4202,(#4206,#4213),.PCURVE_S1.);
#4202 = LINE('',#4203,#4204);
#4203 = CARTESIAN_POINT('',(66.,-22.2,1.8));
#4204 = VECTOR('',#4205,1.);
#4205 = DIRECTION('',(1.,0.,0.));
#4206 = PCURVE('',#4115,#4207);
#4207 = DEFINITIONAL_REPRESENTATION('',(#4208),#4212);
#4208 = LINE('',#4209,#4210);
#4209 = CARTESIAN_POINT('',(0.,0.));
#4210 = VECTOR('',#4211,1.);
#4211 = DIRECTION('',(1.,0.));
#4212 = ( GEOMETRIC_REPRESENTATION_CONTEXT(2) 
PARAMETRIC_REPRESENTATION_CONTEXT() REPRESENTATION_CONTEXT('2D SPACE',''
  ) );
#4213 = PCURVE('',#4087,#4214);
#4214 = DEFINITIONAL_REPRESENTATION('',(#4215),#4219);
#4215 = LINE('',#4216,#4217);
#4216 = CARTESIAN_POINT('',(0.,0.));
#4217 = VECTOR('',#4218,1.);
#4218 = DIRECTION('',(0.,1.));
#4219 = ( GEOMETRIC_REPRESENTATION_CONTEXT(2) 
PARAMETRIC_REPRESENTATION_CONTEXT() REPRESENTATION_CONTEXT('2D SPACE',''
  ) );
#4220 = ORIENTED_EDGE('',*,*,#4221,.T.);
#4221 = EDGE_CURVE('',#4199,#4222,#4224,.T.);
#4222 = VERTEX_POINT('',#4223);
#4223 = CARTESIAN_POINT('',(68.,-20.7,1.8));
#4224 = SURFACE_CURVE('',#4225,(#4229,#4236),.PCURVE_S1.);
#4225 = LINE('',#4226,#4227);
#4226 = CARTESIAN_POINT('',(68.,-22.2,1.8));
#4227 = VECTOR('',#4228,1.);
#4228 = DIRECTION('',(0.,1.,0.));
#4229 = PCURVE('',#4115,#4230);
#4230 = DEFINITIONAL_REPRESENTATION('',(#4231),#4235);
#4231 = LINE('',#4232,#4233);
#4232 = CARTESIAN_POINT('',(2.,0.));
#4233 = VECTOR('',#4234,1.);
#4234 = DIRECTION('',(0.,1.));
#4235 = ( GEOMETRIC_REPRESENTATION_CONTEXT(2) 
PARAMETRIC_REPRESENTATION_CONTEXT() REPRESENTATION_CONTEXT('2D SPACE',''
  ) );
#4236 = PCURVE('',#4237,#4242);
#4237 = PLANE('',#4238);
#4238 = AXIS2_PLACEMENT_3D('',#4239,#4240,#4241);
#4239 = CARTESIAN_POINT('',(68.,-22.2,1.8));
#4240 = DIRECTION('',(1.,0.,0.));
#4241 = DIRECTION('',(0.,0.,1.));
#4242 = DEFINITIONAL_REPRESENTATION('',(#4243),#4247);
#4243 = LINE('',#4244,#4245);
#4244 = CARTESIAN_POINT('',(0.,0.));
#4245 = VECTOR('',#4246,1.);
#4246 = DIRECTION('',(0.,-1.));
#4247 = ( GEOMETRIC_REPRESENTATION_CONTEXT(2) 
PARAMETRIC_REPRESENTATION_CONTEXT() REPRESENTATION_CONTEXT('2D SPACE',''
  ) );
#4248 = ORIENTED_EDGE('',*,*,#4249,.F.);
#4249 = EDGE_CURVE('',#4100,#4222,#4250,.T.);
#4250 = SURFACE_CURVE('',#4251,(#4255,#4262),.PCURVE_S1.);
#4251 = LINE('',#4252,#4253);
#4252 = CARTESIAN_POINT('',(66.,-20.7,1.8));
#4253 = VECTOR('',#4254,1.);
#4254 = DIRECTION('',(1.,0.,0.));
#4255 = PCURVE('',#4115,#4256);
#4256 = DEFINITIONAL_REPRESENTATION('',(#4257),#4261);
#4257 = LINE('',#4258,#4259);
#4258 = CARTESIAN_POINT('',(0.,1.5));
#4259 = VECTOR('',#4260,1.);
#4260 = DIRECTION('',(1.,0.));
#4261 = ( GEOMETRIC_REPRESENTATION_CONTEXT(2) 
PARAMETRIC_REPRESENTATION_CONTEXT() REPRESENTATION_CONTEXT('2D SPACE',''
  ) );
#4262 = PCURVE('',#4143,#4263);
#4263 = DEFINITIONAL_REPRESENTATION('',(#4264),#4268);
#4264 = LINE('',#4265,#4266);
#4265 = CARTESIAN_POINT('',(0.,0.));
#4266 = VECTOR('',#4267,1.);
#4267 = DIRECTION('',(0.,1.));
#4268 = ( GEOMETRIC_REPRESENTATION_CONTEXT(2) 
PARAMETRIC_REPRESENTATION_CONTEXT() REPRESENTATION_CONTEXT('2D SPACE',''
  ) );
#4269 = ADVANCED_FACE('',(#4270),#4237,.T.);
#4270 = FACE_BOUND('',#4271,.T.);
#4271 = EDGE_LOOP('',(#4272,#4295,#4296,#4319,#4340,#4366));
#4272 = ORIENTED_EDGE('',*,*,#4273,.F.);
#4273 = EDGE_CURVE('',#4199,#4274,#4276,.T.);
#4274 = VERTEX_POINT('',#4275);
#4275 = CARTESIAN_POINT('',(68.,-22.2,4.4));
#4276 = SURFACE_CURVE('',#4277,(#4281,#4288),.PCURVE_S1.);
#4277 = LINE('',#4278,#4279);
#4278 = CARTESIAN_POINT('',(68.,-22.2,1.8));
#4279 = VECTOR('',#4280,1.);
#4280 = DIRECTION('',(0.,0.,1.));
#4281 = PCURVE('',#4237,#4282);
#4282 = DEFINITIONAL_REPRESENTATION('',(#4283),#4287);
#4283 = LINE('',#4284,#4285);
#4284 = CARTESIAN_POINT('',(0.,0.));
#4285 = VECTOR('',#4286,1.);
#4286 = DIRECTION('',(1.,0.));
#4287 = ( GEOMETRIC_REPRESENTATION_CONTEXT(2) 
PARAMETRIC_REPRESENTATION_CONTEXT() REPRESENTATION_CONTEXT('2D SPACE',''
  ) );
#4288 = PCURVE('',#4087,#4289);
#4289 = DEFINITIONAL_REPRESENTATION('',(#4290),#4294);
#4290 = LINE('',#4291,#4292);
#4291 = CARTESIAN_POINT('',(0.,2.));
#4292 = VECTOR('',#4293,1.);
#4293 = DIRECTION('',(1.,0.));
#4294 = ( GEOMETRIC_REPRESENTATION_CONTEXT(2) 
PARAMETRIC_REPRESENTATION_CONTEXT() REPRESENTATION_CONTEXT('2D SPACE',''
  ) );
#4295 = ORIENTED_EDGE('',*,*,#4221,.T.);
#4296 = ORIENTED_EDGE('',*,*,#4297,.T.);
#4297 = EDGE_CURVE('',#4222,#4298,#4300,.T.);
#4298 = VERTEX_POINT('',#4299);
#4299 = CARTESIAN_POINT('',(68.,-20.7,6.6));
#4300 = SURFACE_CURVE('',#4301,(#4305,#4312),.PCURVE_S1.);
#4301 = LINE('',#4302,#4303);
#4302 = CARTESIAN_POINT('',(68.,-20.7,1.8));
#4303 = VECTOR('',#4304,1.);
#4304 = DIRECTION('',(0.,0.,1.));
#4305 = PCURVE('',#4237,#4306);
#4306 = DEFINITIONAL_REPRESENTATION('',(#4307),#4311);
#4307 = LINE('',#4308,#4309);
#4308 = CARTESIAN_POINT('',(0.,-1.5));
#4309 = VECTOR('',#4310,1.);
#4310 = DIRECTION('',(1.,0.));
#4311 = ( GEOMETRIC_REPRESENTATION_CONTEXT(2) 
PARAMETRIC_REPRESENTATION_CONTEXT() REPRESENTATION_CONTEXT('2D SPACE',''
  ) );
#4312 = PCURVE('',#4143,#4313);
#4313 = DEFINITIONAL_REPRESENTATION('',(#4314),#4318);
#4314 = LINE('',#4315,#4316);
#4315 = CARTESIAN_POINT('',(0.,2.));
#4316 = VECTOR('',#4317,1.);
#4317 = DIRECTION('',(1.,0.));
#4318 = ( GEOMETRIC_REPRESENTATION_CONTEXT(2) 
PARAMETRIC_REPRESENTATION_CONTEXT() REPRESENTATION_CONTEXT('2D SPACE',''
  ) );
#4319 = ORIENTED_EDGE('',*,*,#4320,.F.);
#4320 = EDGE_CURVE('',#4321,#4298,#4323,.T.);
#4321 = VERTEX_POINT('',#4322);
#4322 = CARTESIAN_POINT('',(68.,-21.85,6.6));
#4323 = SURFACE_CURVE('',#4324,(#4328,#4334),.PCURVE_S1.);
#4324 = LINE('',#4325,#4326);
#4325 = CARTESIAN_POINT('',(68.,-22.025,6.6));
#4326 = VECTOR('',#4327,1.);
#4327 = DIRECTION('',(0.,1.,0.));
#4328 = PCURVE('',#4237,#4329);
#4329 = DEFINITIONAL_REPRESENTATION('',(#4330),#4333);
#4330 = B_SPLINE_CURVE_WITH_KNOTS('',1,(#4331,#4332),.UNSPECIFIED.,.F.,
  .F.,(2,2),(0.175,1.325),.PIECEWISE_BEZIER_KNOTS.);
#4331 = CARTESIAN_POINT('',(4.8,-0.35));
#4332 = CARTESIAN_POINT('',(4.8,-1.5));
#4333 = ( GEOMETRIC_REPRESENTATION_CONTEXT(2) 
PARAMETRIC_REPRESENTATION_CONTEXT() REPRESENTATION_CONTEXT('2D SPACE',''
  ) );
#4334 = PCURVE('',#2335,#4335);
#4335 = DEFINITIONAL_REPRESENTATION('',(#4336),#4339);
#4336 = B_SPLINE_CURVE_WITH_KNOTS('',1,(#4337,#4338),.UNSPECIFIED.,.F.,
  .F.,(2,2),(0.175,1.325),.PIECEWISE_BEZIER_KNOTS.);
#4337 = CARTESIAN_POINT('',(68.6,0.));
#4338 = CARTESIAN_POINT('',(68.6,1.15));
#4339 = ( GEOMETRIC_REPRESENTATION_CONTEXT(2) 
PARAMETRIC_REPRESENTATION_CONTEXT() REPRESENTATION_CONTEXT('2D SPACE',''
  ) );
#4340 = ORIENTED_EDGE('',*,*,#4341,.T.);
#4341 = EDGE_CURVE('',#4321,#4342,#4344,.T.);
#4342 = VERTEX_POINT('',#4343);
#4343 = CARTESIAN_POINT('',(68.,-21.85,4.4));
#4344 = SURFACE_CURVE('',#4345,(#4349,#4355),.PCURVE_S1.);
#4345 = LINE('',#4346,#4347);
#4346 = CARTESIAN_POINT('',(68.,-21.85,-1.1));
#4347 = VECTOR('',#4348,1.);
#4348 = DIRECTION('',(0.,0.,-1.));
#4349 = PCURVE('',#4237,#4350);
#4350 = DEFINITIONAL_REPRESENTATION('',(#4351),#4354);
#4351 = B_SPLINE_CURVE_WITH_KNOTS('',1,(#4352,#4353),.UNSPECIFIED.,.F.,
  .F.,(2,2),(-7.7,-5.5),.PIECEWISE_BEZIER_KNOTS.);
#4352 = CARTESIAN_POINT('',(4.8,-0.35));
#4353 = CARTESIAN_POINT('',(2.6,-0.35));
#4354 = ( GEOMETRIC_REPRESENTATION_CONTEXT(2) 
PARAMETRIC_REPRESENTATION_CONTEXT() REPRESENTATION_CONTEXT('2D SPACE',''
  ) );
#4355 = PCURVE('',#4356,#4361);
#4356 = PLANE('',#4357);
#4357 = AXIS2_PLACEMENT_3D('',#4358,#4359,#4360);
#4358 = CARTESIAN_POINT('',(-0.6,-21.85,-4.));
#4359 = DIRECTION('',(0.,1.,0.));
#4360 = DIRECTION('',(0.,0.,1.));
#4361 = DEFINITIONAL_REPRESENTATION('',(#4362),#4365);
#4362 = B_SPLINE_CURVE_WITH_KNOTS('',1,(#4363,#4364),.UNSPECIFIED.,.F.,
  .F.,(2,2),(-7.7,-5.5),.PIECEWISE_BEZIER_KNOTS.);
#4363 = CARTESIAN_POINT('',(10.6,68.6));
#4364 = CARTESIAN_POINT('',(8.4,68.6));
#4365 = ( GEOMETRIC_REPRESENTATION_CONTEXT(2) 
PARAMETRIC_REPRESENTATION_CONTEXT() REPRESENTATION_CONTEXT('2D SPACE',''
  ) );
#4366 = ORIENTED_EDGE('',*,*,#4367,.F.);
#4367 = EDGE_CURVE('',#4274,#4342,#4368,.T.);
#4368 = SURFACE_CURVE('',#4369,(#4373,#4379),.PCURVE_S1.);
#4369 = LINE('',#4370,#4371);
#4370 = CARTESIAN_POINT('',(68.,-16.0055015797,4.4));
#4371 = VECTOR('',#4372,1.);
#4372 = DIRECTION('',(0.,1.,0.));
#4373 = PCURVE('',#4237,#4374);
#4374 = DEFINITIONAL_REPRESENTATION('',(#4375),#4378);
#4375 = B_SPLINE_CURVE_WITH_KNOTS('',1,(#4376,#4377),.UNSPECIFIED.,.F.,
  .F.,(2,2),(-6.194498420295,-4.694498420295),.PIECEWISE_BEZIER_KNOTS.);
#4376 = CARTESIAN_POINT('',(2.6,0.));
#4377 = CARTESIAN_POINT('',(2.6,-1.5));
#4378 = ( GEOMETRIC_REPRESENTATION_CONTEXT(2) 
PARAMETRIC_REPRESENTATION_CONTEXT() REPRESENTATION_CONTEXT('2D SPACE',''
  ) );
#4379 = PCURVE('',#152,#4380);
#4380 = DEFINITIONAL_REPRESENTATION('',(#4381),#4384);
#4381 = B_SPLINE_CURVE_WITH_KNOTS('',1,(#4382,#4383),.UNSPECIFIED.,.F.,
  .F.,(2,2),(-6.194498420295,-4.694498420295),.PIECEWISE_BEZIER_KNOTS.);
#4382 = CARTESIAN_POINT('',(31.610934462678,-12.38899684058));
#4383 = CARTESIAN_POINT('',(31.610934462678,-10.88899684058));
#4384 = ( GEOMETRIC_REPRESENTATION_CONTEXT(2) 
PARAMETRIC_REPRESENTATION_CONTEXT() REPRESENTATION_CONTEXT('2D SPACE',''
  ) );
#4385 = ADVANCED_FACE('',(#4386),#4356,.T.);
#4386 = FACE_BOUND('',#4387,.T.);
#4387 = EDGE_LOOP('',(#4388,#4418,#4437,#4438));
#4388 = ORIENTED_EDGE('',*,*,#4389,.F.);
#4389 = EDGE_CURVE('',#4390,#4392,#4394,.T.);
#4390 = VERTEX_POINT('',#4391);
#4391 = CARTESIAN_POINT('',(71.7,-21.85,4.4));
#4392 = VERTEX_POINT('',#4393);
#4393 = CARTESIAN_POINT('',(71.7,-21.85,6.6));
#4394 = SURFACE_CURVE('',#4395,(#4399,#4406),.PCURVE_S1.);
#4395 = LINE('',#4396,#4397);
#4396 = CARTESIAN_POINT('',(71.7,-21.85,-4.));
#4397 = VECTOR('',#4398,1.);
#4398 = DIRECTION('',(0.,0.,1.));
#4399 = PCURVE('',#4356,#4400);
#4400 = DEFINITIONAL_REPRESENTATION('',(#4401),#4405);
#4401 = LINE('',#4402,#4403);
#4402 = CARTESIAN_POINT('',(0.,72.3));
#4403 = VECTOR('',#4404,1.);
#4404 = DIRECTION('',(1.,0.));
#4405 = ( GEOMETRIC_REPRESENTATION_CONTEXT(2) 
PARAMETRIC_REPRESENTATION_CONTEXT() REPRESENTATION_CONTEXT('2D SPACE',''
  ) );
#4406 = PCURVE('',#4407,#4412);
#4407 = PLANE('',#4408);
#4408 = AXIS2_PLACEMENT_3D('',#4409,#4410,#4411);
#4409 = CARTESIAN_POINT('',(71.7,-21.85,-4.));
#4410 = DIRECTION('',(1.,0.,0.));
#4411 = DIRECTION('',(0.,0.,1.));
#4412 = DEFINITIONAL_REPRESENTATION('',(#4413),#4417);
#4413 = LINE('',#4414,#4415);
#4414 = CARTESIAN_POINT('',(0.,0.));
#4415 = VECTOR('',#4416,1.);
#4416 = DIRECTION('',(1.,0.));
#4417 = ( GEOMETRIC_REPRESENTATION_CONTEXT(2) 
PARAMETRIC_REPRESENTATION_CONTEXT() REPRESENTATION_CONTEXT('2D SPACE',''
  ) );
#4418 = ORIENTED_EDGE('',*,*,#4419,.T.);
#4419 = EDGE_CURVE('',#4390,#4342,#4420,.T.);
#4420 = SURFACE_CURVE('',#4421,(#4425,#4431),.PCURVE_S1.);
#4421 = LINE('',#4422,#4423);
#4422 = CARTESIAN_POINT('',(17.894532768661,-21.85,4.4));
#4423 = VECTOR('',#4424,1.);
#4424 = DIRECTION('',(-1.,0.,0.));
#4425 = PCURVE('',#4356,#4426);
#4426 = DEFINITIONAL_REPRESENTATION('',(#4427),#4430);
#4427 = B_SPLINE_CURVE_WITH_KNOTS('',1,(#4428,#4429),.UNSPECIFIED.,.F.,
  .F.,(2,2),(-53.80546723133,18.494532768661),.PIECEWISE_BEZIER_KNOTS.);
#4428 = CARTESIAN_POINT('',(8.4,72.3));
#4429 = CARTESIAN_POINT('',(8.4,0.));
#4430 = ( GEOMETRIC_REPRESENTATION_CONTEXT(2) 
PARAMETRIC_REPRESENTATION_CONTEXT() REPRESENTATION_CONTEXT('2D SPACE',''
  ) );
#4431 = PCURVE('',#152,#4432);
#4432 = DEFINITIONAL_REPRESENTATION('',(#4433),#4436);
#4433 = B_SPLINE_CURVE_WITH_KNOTS('',1,(#4434,#4435),.UNSPECIFIED.,.F.,
  .F.,(2,2),(-53.80546723133,18.494532768661),.PIECEWISE_BEZIER_KNOTS.);
#4434 = CARTESIAN_POINT('',(35.310934462678,-12.03899684058));
#4435 = CARTESIAN_POINT('',(-36.98906553732,-12.03899684058));
#4436 = ( GEOMETRIC_REPRESENTATION_CONTEXT(2) 
PARAMETRIC_REPRESENTATION_CONTEXT() REPRESENTATION_CONTEXT('2D SPACE',''
  ) );
#4437 = ORIENTED_EDGE('',*,*,#4341,.F.);
#4438 = ORIENTED_EDGE('',*,*,#4439,.T.);
#4439 = EDGE_CURVE('',#4321,#4392,#4440,.T.);
#4440 = SURFACE_CURVE('',#4441,(#4445,#4452),.PCURVE_S1.);
#4441 = LINE('',#4442,#4443);
#4442 = CARTESIAN_POINT('',(-0.6,-21.85,6.6));
#4443 = VECTOR('',#4444,1.);
#4444 = DIRECTION('',(1.,0.,0.));
#4445 = PCURVE('',#4356,#4446);
#4446 = DEFINITIONAL_REPRESENTATION('',(#4447),#4451);
#4447 = LINE('',#4448,#4449);
#4448 = CARTESIAN_POINT('',(10.6,0.));
#4449 = VECTOR('',#4450,1.);
#4450 = DIRECTION('',(0.,1.));
#4451 = ( GEOMETRIC_REPRESENTATION_CONTEXT(2) 
PARAMETRIC_REPRESENTATION_CONTEXT() REPRESENTATION_CONTEXT('2D SPACE',''
  ) );
#4452 = PCURVE('',#2335,#4453);
#4453 = DEFINITIONAL_REPRESENTATION('',(#4454),#4458);
#4454 = LINE('',#4455,#4456);
#4455 = CARTESIAN_POINT('',(0.,0.));
#4456 = VECTOR('',#4457,1.);
#4457 = DIRECTION('',(1.,0.));
#4458 = ( GEOMETRIC_REPRESENTATION_CONTEXT(2) 
PARAMETRIC_REPRESENTATION_CONTEXT() REPRESENTATION_CONTEXT('2D SPACE',''
  ) );
#4459 = ADVANCED_FACE('',(#4460),#4407,.F.);
#4460 = FACE_BOUND('',#4461,.F.);
#4461 = EDGE_LOOP('',(#4462,#4463,#4484,#4510));
#4462 = ORIENTED_EDGE('',*,*,#4389,.F.);
#4463 = ORIENTED_EDGE('',*,*,#4464,.T.);
#4464 = EDGE_CURVE('',#4390,#4465,#4467,.T.);
#4465 = VERTEX_POINT('',#4466);
#4466 = CARTESIAN_POINT('',(71.7,-17.8,4.4));
#4467 = SURFACE_CURVE('',#4468,(#4472,#4478),.PCURVE_S1.);
#4468 = LINE('',#4469,#4470);
#4469 = CARTESIAN_POINT('',(71.7,-15.8305015797,4.4));
#4470 = VECTOR('',#4471,1.);
#4471 = DIRECTION('',(0.,1.,0.));
#4472 = PCURVE('',#4407,#4473);
#4473 = DEFINITIONAL_REPRESENTATION('',(#4474),#4477);
#4474 = B_SPLINE_CURVE_WITH_KNOTS('',1,(#4475,#4476),.UNSPECIFIED.,.F.,
  .F.,(2,2),(-6.019498420295,16.530501579705),.PIECEWISE_BEZIER_KNOTS.);
#4475 = CARTESIAN_POINT('',(8.4,0.));
#4476 = CARTESIAN_POINT('',(8.4,-22.55));
#4477 = ( GEOMETRIC_REPRESENTATION_CONTEXT(2) 
PARAMETRIC_REPRESENTATION_CONTEXT() REPRESENTATION_CONTEXT('2D SPACE',''
  ) );
#4478 = PCURVE('',#152,#4479);
#4479 = DEFINITIONAL_REPRESENTATION('',(#4480),#4483);
#4480 = B_SPLINE_CURVE_WITH_KNOTS('',1,(#4481,#4482),.UNSPECIFIED.,.F.,
  .F.,(2,2),(-6.019498420295,16.530501579705),.PIECEWISE_BEZIER_KNOTS.);
#4481 = CARTESIAN_POINT('',(35.310934462678,-12.03899684058));
#4482 = CARTESIAN_POINT('',(35.310934462678,10.511003159411));
#4483 = ( GEOMETRIC_REPRESENTATION_CONTEXT(2) 
PARAMETRIC_REPRESENTATION_CONTEXT() REPRESENTATION_CONTEXT('2D SPACE',''
  ) );
#4484 = ORIENTED_EDGE('',*,*,#4485,.T.);
#4485 = EDGE_CURVE('',#4465,#4486,#4488,.T.);
#4486 = VERTEX_POINT('',#4487);
#4487 = CARTESIAN_POINT('',(71.7,-17.8,6.6));
#4488 = SURFACE_CURVE('',#4489,(#4493,#4499),.PCURVE_S1.);
#4489 = LINE('',#4490,#4491);
#4490 = CARTESIAN_POINT('',(71.7,-17.8,-1.475));
#4491 = VECTOR('',#4492,1.);
#4492 = DIRECTION('',(0.,0.,1.));
#4493 = PCURVE('',#4407,#4494);
#4494 = DEFINITIONAL_REPRESENTATION('',(#4495),#4498);
#4495 = B_SPLINE_CURVE_WITH_KNOTS('',1,(#4496,#4497),.UNSPECIFIED.,.F.,
  .F.,(2,2),(5.875,8.075),.PIECEWISE_BEZIER_KNOTS.);
#4496 = CARTESIAN_POINT('',(8.4,-4.05));
#4497 = CARTESIAN_POINT('',(10.6,-4.05));
#4498 = ( GEOMETRIC_REPRESENTATION_CONTEXT(2) 
PARAMETRIC_REPRESENTATION_CONTEXT() REPRESENTATION_CONTEXT('2D SPACE',''
  ) );
#4499 = PCURVE('',#4500,#4505);
#4500 = PLANE('',#4501);
#4501 = AXIS2_PLACEMENT_3D('',#4502,#4503,#4504);
#4502 = CARTESIAN_POINT('',(69.4,-17.8,1.05));
#4503 = DIRECTION('',(0.,1.,0.));
#4504 = DIRECTION('',(0.,0.,1.));
#4505 = DEFINITIONAL_REPRESENTATION('',(#4506),#4509);
#4506 = B_SPLINE_CURVE_WITH_KNOTS('',1,(#4507,#4508),.UNSPECIFIED.,.F.,
  .F.,(2,2),(5.875,8.075),.PIECEWISE_BEZIER_KNOTS.);
#4507 = CARTESIAN_POINT('',(3.35,2.3));
#4508 = CARTESIAN_POINT('',(5.55,2.3));
#4509 = ( GEOMETRIC_REPRESENTATION_CONTEXT(2) 
PARAMETRIC_REPRESENTATION_CONTEXT() REPRESENTATION_CONTEXT('2D SPACE',''
  ) );
#4510 = ORIENTED_EDGE('',*,*,#4511,.F.);
#4511 = EDGE_CURVE('',#4392,#4486,#4512,.T.);
#4512 = SURFACE_CURVE('',#4513,(#4517,#4524),.PCURVE_S1.);
#4513 = LINE('',#4514,#4515);
#4514 = CARTESIAN_POINT('',(71.7,-21.85,6.6));
#4515 = VECTOR('',#4516,1.);
#4516 = DIRECTION('',(0.,1.,0.));
#4517 = PCURVE('',#4407,#4518);
#4518 = DEFINITIONAL_REPRESENTATION('',(#4519),#4523);
#4519 = LINE('',#4520,#4521);
#4520 = CARTESIAN_POINT('',(10.6,0.));
#4521 = VECTOR('',#4522,1.);
#4522 = DIRECTION('',(0.,-1.));
#4523 = ( GEOMETRIC_REPRESENTATION_CONTEXT(2) 
PARAMETRIC_REPRESENTATION_CONTEXT() REPRESENTATION_CONTEXT('2D SPACE',''
  ) );
#4524 = PCURVE('',#2335,#4525);
#4525 = DEFINITIONAL_REPRESENTATION('',(#4526),#4530);
#4526 = LINE('',#4527,#4528);
#4527 = CARTESIAN_POINT('',(72.3,0.));
#4528 = VECTOR('',#4529,1.);
#4529 = DIRECTION('',(0.,1.));
#4530 = ( GEOMETRIC_REPRESENTATION_CONTEXT(2) 
PARAMETRIC_REPRESENTATION_CONTEXT() REPRESENTATION_CONTEXT('2D SPACE',''
  ) );
#4531 = ADVANCED_FACE('',(#4532),#4500,.T.);
#4532 = FACE_BOUND('',#4533,.T.);
#4533 = EDGE_LOOP('',(#4534,#4555,#4583,#4611,#4637,#4656));
#4534 = ORIENTED_EDGE('',*,*,#4535,.T.);
#4535 = EDGE_CURVE('',#4486,#4536,#4538,.T.);
#4536 = VERTEX_POINT('',#4537);
#4537 = CARTESIAN_POINT('',(69.4,-17.8,6.6));
#4538 = SURFACE_CURVE('',#4539,(#4543,#4549),.PCURVE_S1.);
#4539 = LINE('',#4540,#4541);
#4540 = CARTESIAN_POINT('',(34.4,-17.8,6.6));
#4541 = VECTOR('',#4542,1.);
#4542 = DIRECTION('',(-1.,0.,0.));
#4543 = PCURVE('',#4500,#4544);
#4544 = DEFINITIONAL_REPRESENTATION('',(#4545),#4548);
#4545 = B_SPLINE_CURVE_WITH_KNOTS('',1,(#4546,#4547),.UNSPECIFIED.,.F.,
  .F.,(2,2),(-37.3,-35.),.PIECEWISE_BEZIER_KNOTS.);
#4546 = CARTESIAN_POINT('',(5.55,2.3));
#4547 = CARTESIAN_POINT('',(5.55,0.));
#4548 = ( GEOMETRIC_REPRESENTATION_CONTEXT(2) 
PARAMETRIC_REPRESENTATION_CONTEXT() REPRESENTATION_CONTEXT('2D SPACE',''
  ) );
#4549 = PCURVE('',#2335,#4550);
#4550 = DEFINITIONAL_REPRESENTATION('',(#4551),#4554);
#4551 = B_SPLINE_CURVE_WITH_KNOTS('',1,(#4552,#4553),.UNSPECIFIED.,.F.,
  .F.,(2,2),(-37.3,-35.),.PIECEWISE_BEZIER_KNOTS.);
#4552 = CARTESIAN_POINT('',(72.3,4.05));
#4553 = CARTESIAN_POINT('',(70.,4.05));
#4554 = ( GEOMETRIC_REPRESENTATION_CONTEXT(2) 
PARAMETRIC_REPRESENTATION_CONTEXT() REPRESENTATION_CONTEXT('2D SPACE',''
  ) );
#4555 = ORIENTED_EDGE('',*,*,#4556,.T.);
#4556 = EDGE_CURVE('',#4536,#4557,#4559,.T.);
#4557 = VERTEX_POINT('',#4558);
#4558 = CARTESIAN_POINT('',(69.4,-17.8,6.75));
#4559 = SURFACE_CURVE('',#4560,(#4564,#4571),.PCURVE_S1.);
#4560 = LINE('',#4561,#4562);
#4561 = CARTESIAN_POINT('',(69.4,-17.8,1.05));
#4562 = VECTOR('',#4563,1.);
#4563 = DIRECTION('',(0.,0.,1.));
#4564 = PCURVE('',#4500,#4565);
#4565 = DEFINITIONAL_REPRESENTATION('',(#4566),#4570);
#4566 = LINE('',#4567,#4568);
#4567 = CARTESIAN_POINT('',(0.,0.));
#4568 = VECTOR('',#4569,1.);
#4569 = DIRECTION('',(1.,0.));
#4570 = ( GEOMETRIC_REPRESENTATION_CONTEXT(2) 
PARAMETRIC_REPRESENTATION_CONTEXT() REPRESENTATION_CONTEXT('2D SPACE',''
  ) );
#4571 = PCURVE('',#4572,#4577);
#4572 = PLANE('',#4573);
#4573 = AXIS2_PLACEMENT_3D('',#4574,#4575,#4576);
#4574 = CARTESIAN_POINT('',(69.4,-17.8,1.05));
#4575 = DIRECTION('',(1.,0.,0.));
#4576 = DIRECTION('',(0.,0.,1.));
#4577 = DEFINITIONAL_REPRESENTATION('',(#4578),#4582);
#4578 = LINE('',#4579,#4580);
#4579 = CARTESIAN_POINT('',(0.,0.));
#4580 = VECTOR('',#4581,1.);
#4581 = DIRECTION('',(1.,0.));
#4582 = ( GEOMETRIC_REPRESENTATION_CONTEXT(2) 
PARAMETRIC_REPRESENTATION_CONTEXT() REPRESENTATION_CONTEXT('2D SPACE',''
  ) );
#4583 = ORIENTED_EDGE('',*,*,#4584,.T.);
#4584 = EDGE_CURVE('',#4557,#4585,#4587,.T.);
#4585 = VERTEX_POINT('',#4586);
#4586 = CARTESIAN_POINT('',(73.6,-17.8,6.75));
#4587 = SURFACE_CURVE('',#4588,(#4592,#4599),.PCURVE_S1.);
#4588 = LINE('',#4589,#4590);
#4589 = CARTESIAN_POINT('',(69.4,-17.8,6.75));
#4590 = VECTOR('',#4591,1.);
#4591 = DIRECTION('',(1.,0.,0.));
#4592 = PCURVE('',#4500,#4593);
#4593 = DEFINITIONAL_REPRESENTATION('',(#4594),#4598);
#4594 = LINE('',#4595,#4596);
#4595 = CARTESIAN_POINT('',(5.7,0.));
#4596 = VECTOR('',#4597,1.);
#4597 = DIRECTION('',(0.,1.));
#4598 = ( GEOMETRIC_REPRESENTATION_CONTEXT(2) 
PARAMETRIC_REPRESENTATION_CONTEXT() REPRESENTATION_CONTEXT('2D SPACE',''
  ) );
#4599 = PCURVE('',#4600,#4605);
#4600 = PLANE('',#4601);
#4601 = AXIS2_PLACEMENT_3D('',#4602,#4603,#4604);
#4602 = CARTESIAN_POINT('',(69.4,-17.8,6.75));
#4603 = DIRECTION('',(0.,0.,1.));
#4604 = DIRECTION('',(1.,0.,0.));
#4605 = DEFINITIONAL_REPRESENTATION('',(#4606),#4610);
#4606 = LINE('',#4607,#4608);
#4607 = CARTESIAN_POINT('',(0.,0.));
#4608 = VECTOR('',#4609,1.);
#4609 = DIRECTION('',(1.,0.));
#4610 = ( GEOMETRIC_REPRESENTATION_CONTEXT(2) 
PARAMETRIC_REPRESENTATION_CONTEXT() REPRESENTATION_CONTEXT('2D SPACE',''
  ) );
#4611 = ORIENTED_EDGE('',*,*,#4612,.T.);
#4612 = EDGE_CURVE('',#4585,#4613,#4615,.T.);
#4613 = VERTEX_POINT('',#4614);
#4614 = CARTESIAN_POINT('',(73.6,-17.8,4.4));
#4615 = SURFACE_CURVE('',#4616,(#4620,#4626),.PCURVE_S1.);
#4616 = LINE('',#4617,#4618);
#4617 = CARTESIAN_POINT('',(73.6,-17.8,2.725));
#4618 = VECTOR('',#4619,1.);
#4619 = DIRECTION('',(0.,0.,-1.));
#4620 = PCURVE('',#4500,#4621);
#4621 = DEFINITIONAL_REPRESENTATION('',(#4622),#4625);
#4622 = B_SPLINE_CURVE_WITH_KNOTS('',1,(#4623,#4624),.UNSPECIFIED.,.F.,
  .F.,(2,2),(-4.025,-1.675),.PIECEWISE_BEZIER_KNOTS.);
#4623 = CARTESIAN_POINT('',(5.7,4.2));
#4624 = CARTESIAN_POINT('',(3.35,4.2));
#4625 = ( GEOMETRIC_REPRESENTATION_CONTEXT(2) 
PARAMETRIC_REPRESENTATION_CONTEXT() REPRESENTATION_CONTEXT('2D SPACE',''
  ) );
#4626 = PCURVE('',#4627,#4632);
#4627 = PLANE('',#4628);
#4628 = AXIS2_PLACEMENT_3D('',#4629,#4630,#4631);
#4629 = CARTESIAN_POINT('',(73.6,-23.7,4.4));
#4630 = DIRECTION('',(-1.,0.,0.));
#4631 = DIRECTION('',(0.,1.,0.));
#4632 = DEFINITIONAL_REPRESENTATION('',(#4633),#4636);
#4633 = B_SPLINE_CURVE_WITH_KNOTS('',1,(#4634,#4635),.UNSPECIFIED.,.F.,
  .F.,(2,2),(-4.025,-1.675),.PIECEWISE_BEZIER_KNOTS.);
#4634 = CARTESIAN_POINT('',(5.9,-2.35));
#4635 = CARTESIAN_POINT('',(5.9,0.));
#4636 = ( GEOMETRIC_REPRESENTATION_CONTEXT(2) 
PARAMETRIC_REPRESENTATION_CONTEXT() REPRESENTATION_CONTEXT('2D SPACE',''
  ) );
#4637 = ORIENTED_EDGE('',*,*,#4638,.T.);
#4638 = EDGE_CURVE('',#4613,#4465,#4639,.T.);
#4639 = SURFACE_CURVE('',#4640,(#4644,#4650),.PCURVE_S1.);
#4640 = LINE('',#4641,#4642);
#4641 = CARTESIAN_POINT('',(52.894532768661,-17.8,4.4));
#4642 = VECTOR('',#4643,1.);
#4643 = DIRECTION('',(-1.,0.,0.));
#4644 = PCURVE('',#4500,#4645);
#4645 = DEFINITIONAL_REPRESENTATION('',(#4646),#4649);
#4646 = B_SPLINE_CURVE_WITH_KNOTS('',1,(#4647,#4648),.UNSPECIFIED.,.F.,
  .F.,(2,2),(-20.70546723133,-16.50546723133),.PIECEWISE_BEZIER_KNOTS.);
#4647 = CARTESIAN_POINT('',(3.35,4.2));
#4648 = CARTESIAN_POINT('',(3.35,0.));
#4649 = ( GEOMETRIC_REPRESENTATION_CONTEXT(2) 
PARAMETRIC_REPRESENTATION_CONTEXT() REPRESENTATION_CONTEXT('2D SPACE',''
  ) );
#4650 = PCURVE('',#152,#4651);
#4651 = DEFINITIONAL_REPRESENTATION('',(#4652),#4655);
#4652 = B_SPLINE_CURVE_WITH_KNOTS('',1,(#4653,#4654),.UNSPECIFIED.,.F.,
  .F.,(2,2),(-20.70546723133,-16.50546723133),.PIECEWISE_BEZIER_KNOTS.);
#4653 = CARTESIAN_POINT('',(37.210934462678,-7.988996840589));
#4654 = CARTESIAN_POINT('',(33.010934462678,-7.988996840589));
#4655 = ( GEOMETRIC_REPRESENTATION_CONTEXT(2) 
PARAMETRIC_REPRESENTATION_CONTEXT() REPRESENTATION_CONTEXT('2D SPACE',''
  ) );
#4656 = ORIENTED_EDGE('',*,*,#4485,.T.);
#4657 = ADVANCED_FACE('',(#4658),#4572,.T.);
#4658 = FACE_BOUND('',#4659,.T.);
#4659 = EDGE_LOOP('',(#4660,#4661,#4682,#4710));
#4660 = ORIENTED_EDGE('',*,*,#4556,.F.);
#4661 = ORIENTED_EDGE('',*,*,#4662,.T.);
#4662 = EDGE_CURVE('',#4536,#4663,#4665,.T.);
#4663 = VERTEX_POINT('',#4664);
#4664 = CARTESIAN_POINT('',(69.4,-4.3,6.6));
#4665 = SURFACE_CURVE('',#4666,(#4670,#4676),.PCURVE_S1.);
#4666 = LINE('',#4667,#4668);
#4667 = CARTESIAN_POINT('',(69.4,-19.825,6.6));
#4668 = VECTOR('',#4669,1.);
#4669 = DIRECTION('',(0.,1.,0.));
#4670 = PCURVE('',#4572,#4671);
#4671 = DEFINITIONAL_REPRESENTATION('',(#4672),#4675);
#4672 = B_SPLINE_CURVE_WITH_KNOTS('',1,(#4673,#4674),.UNSPECIFIED.,.F.,
  .F.,(2,2),(2.025,15.525),.PIECEWISE_BEZIER_KNOTS.);
#4673 = CARTESIAN_POINT('',(5.55,0.));
#4674 = CARTESIAN_POINT('',(5.55,-13.5));
#4675 = ( GEOMETRIC_REPRESENTATION_CONTEXT(2) 
PARAMETRIC_REPRESENTATION_CONTEXT() REPRESENTATION_CONTEXT('2D SPACE',''
  ) );
#4676 = PCURVE('',#2335,#4677);
#4677 = DEFINITIONAL_REPRESENTATION('',(#4678),#4681);
#4678 = B_SPLINE_CURVE_WITH_KNOTS('',1,(#4679,#4680),.UNSPECIFIED.,.F.,
  .F.,(2,2),(2.025,15.525),.PIECEWISE_BEZIER_KNOTS.);
#4679 = CARTESIAN_POINT('',(70.,4.05));
#4680 = CARTESIAN_POINT('',(70.,17.55));
#4681 = ( GEOMETRIC_REPRESENTATION_CONTEXT(2) 
PARAMETRIC_REPRESENTATION_CONTEXT() REPRESENTATION_CONTEXT('2D SPACE',''
  ) );
#4682 = ORIENTED_EDGE('',*,*,#4683,.T.);
#4683 = EDGE_CURVE('',#4663,#4684,#4686,.T.);
#4684 = VERTEX_POINT('',#4685);
#4685 = CARTESIAN_POINT('',(69.4,-4.3,6.75));
#4686 = SURFACE_CURVE('',#4687,(#4691,#4698),.PCURVE_S1.);
#4687 = LINE('',#4688,#4689);
#4688 = CARTESIAN_POINT('',(69.4,-4.3,1.05));
#4689 = VECTOR('',#4690,1.);
#4690 = DIRECTION('',(0.,0.,1.));
#4691 = PCURVE('',#4572,#4692);
#4692 = DEFINITIONAL_REPRESENTATION('',(#4693),#4697);
#4693 = LINE('',#4694,#4695);
#4694 = CARTESIAN_POINT('',(0.,-13.5));
#4695 = VECTOR('',#4696,1.);
#4696 = DIRECTION('',(1.,0.));
#4697 = ( GEOMETRIC_REPRESENTATION_CONTEXT(2) 
PARAMETRIC_REPRESENTATION_CONTEXT() REPRESENTATION_CONTEXT('2D SPACE',''
  ) );
#4698 = PCURVE('',#4699,#4704);
#4699 = PLANE('',#4700);
#4700 = AXIS2_PLACEMENT_3D('',#4701,#4702,#4703);
#4701 = CARTESIAN_POINT('',(69.4,-4.3,1.05));
#4702 = DIRECTION('',(0.,1.,0.));
#4703 = DIRECTION('',(0.,0.,1.));
#4704 = DEFINITIONAL_REPRESENTATION('',(#4705),#4709);
#4705 = LINE('',#4706,#4707);
#4706 = CARTESIAN_POINT('',(0.,0.));
#4707 = VECTOR('',#4708,1.);
#4708 = DIRECTION('',(1.,0.));
#4709 = ( GEOMETRIC_REPRESENTATION_CONTEXT(2) 
PARAMETRIC_REPRESENTATION_CONTEXT() REPRESENTATION_CONTEXT('2D SPACE',''
  ) );
#4710 = ORIENTED_EDGE('',*,*,#4711,.F.);
#4711 = EDGE_CURVE('',#4557,#4684,#4712,.T.);
#4712 = SURFACE_CURVE('',#4713,(#4717,#4724),.PCURVE_S1.);
#4713 = LINE('',#4714,#4715);
#4714 = CARTESIAN_POINT('',(69.4,-17.8,6.75));
#4715 = VECTOR('',#4716,1.);
#4716 = DIRECTION('',(0.,1.,0.));
#4717 = PCURVE('',#4572,#4718);
#4718 = DEFINITIONAL_REPRESENTATION('',(#4719),#4723);
#4719 = LINE('',#4720,#4721);
#4720 = CARTESIAN_POINT('',(5.7,0.));
#4721 = VECTOR('',#4722,1.);
#4722 = DIRECTION('',(0.,-1.));
#4723 = ( GEOMETRIC_REPRESENTATION_CONTEXT(2) 
PARAMETRIC_REPRESENTATION_CONTEXT() REPRESENTATION_CONTEXT('2D SPACE',''
  ) );
#4724 = PCURVE('',#4600,#4725);
#4725 = DEFINITIONAL_REPRESENTATION('',(#4726),#4730);
#4726 = LINE('',#4727,#4728);
#4727 = CARTESIAN_POINT('',(0.,0.));
#4728 = VECTOR('',#4729,1.);
#4729 = DIRECTION('',(0.,1.));
#4730 = ( GEOMETRIC_REPRESENTATION_CONTEXT(2) 
PARAMETRIC_REPRESENTATION_CONTEXT() REPRESENTATION_CONTEXT('2D SPACE',''
  ) );
#4731 = ADVANCED_FACE('',(#4732),#4699,.F.);
#4732 = FACE_BOUND('',#4733,.F.);
#4733 = EDGE_LOOP('',(#4734,#4755,#4756,#4779,#4800,#4826));
#4734 = ORIENTED_EDGE('',*,*,#4735,.T.);
#4735 = EDGE_CURVE('',#4736,#4663,#4738,.T.);
#4736 = VERTEX_POINT('',#4737);
#4737 = CARTESIAN_POINT('',(71.7,-4.3,6.6));
#4738 = SURFACE_CURVE('',#4739,(#4743,#4749),.PCURVE_S1.);
#4739 = LINE('',#4740,#4741);
#4740 = CARTESIAN_POINT('',(34.4,-4.3,6.6));
#4741 = VECTOR('',#4742,1.);
#4742 = DIRECTION('',(-1.,0.,0.));
#4743 = PCURVE('',#4699,#4744);
#4744 = DEFINITIONAL_REPRESENTATION('',(#4745),#4748);
#4745 = B_SPLINE_CURVE_WITH_KNOTS('',1,(#4746,#4747),.UNSPECIFIED.,.F.,
  .F.,(2,2),(-37.3,-35.),.PIECEWISE_BEZIER_KNOTS.);
#4746 = CARTESIAN_POINT('',(5.55,2.3));
#4747 = CARTESIAN_POINT('',(5.55,0.));
#4748 = ( GEOMETRIC_REPRESENTATION_CONTEXT(2) 
PARAMETRIC_REPRESENTATION_CONTEXT() REPRESENTATION_CONTEXT('2D SPACE',''
  ) );
#4749 = PCURVE('',#2335,#4750);
#4750 = DEFINITIONAL_REPRESENTATION('',(#4751),#4754);
#4751 = B_SPLINE_CURVE_WITH_KNOTS('',1,(#4752,#4753),.UNSPECIFIED.,.F.,
  .F.,(2,2),(-37.3,-35.),.PIECEWISE_BEZIER_KNOTS.);
#4752 = CARTESIAN_POINT('',(72.3,17.55));
#4753 = CARTESIAN_POINT('',(70.,17.55));
#4754 = ( GEOMETRIC_REPRESENTATION_CONTEXT(2) 
PARAMETRIC_REPRESENTATION_CONTEXT() REPRESENTATION_CONTEXT('2D SPACE',''
  ) );
#4755 = ORIENTED_EDGE('',*,*,#4683,.T.);
#4756 = ORIENTED_EDGE('',*,*,#4757,.T.);
#4757 = EDGE_CURVE('',#4684,#4758,#4760,.T.);
#4758 = VERTEX_POINT('',#4759);
#4759 = CARTESIAN_POINT('',(73.6,-4.3,6.75));
#4760 = SURFACE_CURVE('',#4761,(#4765,#4772),.PCURVE_S1.);
#4761 = LINE('',#4762,#4763);
#4762 = CARTESIAN_POINT('',(69.4,-4.3,6.75));
#4763 = VECTOR('',#4764,1.);
#4764 = DIRECTION('',(1.,0.,0.));
#4765 = PCURVE('',#4699,#4766);
#4766 = DEFINITIONAL_REPRESENTATION('',(#4767),#4771);
#4767 = LINE('',#4768,#4769);
#4768 = CARTESIAN_POINT('',(5.7,0.));
#4769 = VECTOR('',#4770,1.);
#4770 = DIRECTION('',(0.,1.));
#4771 = ( GEOMETRIC_REPRESENTATION_CONTEXT(2) 
PARAMETRIC_REPRESENTATION_CONTEXT() REPRESENTATION_CONTEXT('2D SPACE',''
  ) );
#4772 = PCURVE('',#4600,#4773);
#4773 = DEFINITIONAL_REPRESENTATION('',(#4774),#4778);
#4774 = LINE('',#4775,#4776);
#4775 = CARTESIAN_POINT('',(0.,13.5));
#4776 = VECTOR('',#4777,1.);
#4777 = DIRECTION('',(1.,0.));
#4778 = ( GEOMETRIC_REPRESENTATION_CONTEXT(2) 
PARAMETRIC_REPRESENTATION_CONTEXT() REPRESENTATION_CONTEXT('2D SPACE',''
  ) );
#4779 = ORIENTED_EDGE('',*,*,#4780,.T.);
#4780 = EDGE_CURVE('',#4758,#4781,#4783,.T.);
#4781 = VERTEX_POINT('',#4782);
#4782 = CARTESIAN_POINT('',(73.6,-4.3,4.4));
#4783 = SURFACE_CURVE('',#4784,(#4788,#4794),.PCURVE_S1.);
#4784 = LINE('',#4785,#4786);
#4785 = CARTESIAN_POINT('',(73.6,-4.3,2.725));
#4786 = VECTOR('',#4787,1.);
#4787 = DIRECTION('',(0.,0.,-1.));
#4788 = PCURVE('',#4699,#4789);
#4789 = DEFINITIONAL_REPRESENTATION('',(#4790),#4793);
#4790 = B_SPLINE_CURVE_WITH_KNOTS('',1,(#4791,#4792),.UNSPECIFIED.,.F.,
  .F.,(2,2),(-4.025,-1.675),.PIECEWISE_BEZIER_KNOTS.);
#4791 = CARTESIAN_POINT('',(5.7,4.2));
#4792 = CARTESIAN_POINT('',(3.35,4.2));
#4793 = ( GEOMETRIC_REPRESENTATION_CONTEXT(2) 
PARAMETRIC_REPRESENTATION_CONTEXT() REPRESENTATION_CONTEXT('2D SPACE',''
  ) );
#4794 = PCURVE('',#4627,#4795);
#4795 = DEFINITIONAL_REPRESENTATION('',(#4796),#4799);
#4796 = B_SPLINE_CURVE_WITH_KNOTS('',1,(#4797,#4798),.UNSPECIFIED.,.F.,
  .F.,(2,2),(-4.025,-1.675),.PIECEWISE_BEZIER_KNOTS.);
#4797 = CARTESIAN_POINT('',(19.4,-2.35));
#4798 = CARTESIAN_POINT('',(19.4,0.));
#4799 = ( GEOMETRIC_REPRESENTATION_CONTEXT(2) 
PARAMETRIC_REPRESENTATION_CONTEXT() REPRESENTATION_CONTEXT('2D SPACE',''
  ) );
#4800 = ORIENTED_EDGE('',*,*,#4801,.T.);
#4801 = EDGE_CURVE('',#4781,#4802,#4804,.T.);
#4802 = VERTEX_POINT('',#4803);
#4803 = CARTESIAN_POINT('',(71.7,-4.3,4.4));
#4804 = SURFACE_CURVE('',#4805,(#4809,#4815),.PCURVE_S1.);
#4805 = LINE('',#4806,#4807);
#4806 = CARTESIAN_POINT('',(52.894532768661,-4.3,4.4));
#4807 = VECTOR('',#4808,1.);
#4808 = DIRECTION('',(-1.,0.,0.));
#4809 = PCURVE('',#4699,#4810);
#4810 = DEFINITIONAL_REPRESENTATION('',(#4811),#4814);
#4811 = B_SPLINE_CURVE_WITH_KNOTS('',1,(#4812,#4813),.UNSPECIFIED.,.F.,
  .F.,(2,2),(-20.70546723133,-16.50546723133),.PIECEWISE_BEZIER_KNOTS.);
#4812 = CARTESIAN_POINT('',(3.35,4.2));
#4813 = CARTESIAN_POINT('',(3.35,0.));
#4814 = ( GEOMETRIC_REPRESENTATION_CONTEXT(2) 
PARAMETRIC_REPRESENTATION_CONTEXT() REPRESENTATION_CONTEXT('2D SPACE',''
  ) );
#4815 = PCURVE('',#4816,#4821);
#4816 = PLANE('',#4817);
#4817 = AXIS2_PLACEMENT_3D('',#4818,#4819,#4820);
#4818 = CARTESIAN_POINT('',(36.389065537322,-9.811003159411,4.4));
#4819 = DIRECTION('',(0.,0.,1.));
#4820 = DIRECTION('',(1.,0.,-0.));
#4821 = DEFINITIONAL_REPRESENTATION('',(#4822),#4825);
#4822 = B_SPLINE_CURVE_WITH_KNOTS('',1,(#4823,#4824),.UNSPECIFIED.,.F.,
  .F.,(2,2),(-20.70546723133,-16.50546723133),.PIECEWISE_BEZIER_KNOTS.);
#4823 = CARTESIAN_POINT('',(37.210934462678,5.511003159411));
#4824 = CARTESIAN_POINT('',(33.010934462678,5.511003159411));
#4825 = ( GEOMETRIC_REPRESENTATION_CONTEXT(2) 
PARAMETRIC_REPRESENTATION_CONTEXT() REPRESENTATION_CONTEXT('2D SPACE',''
  ) );
#4826 = ORIENTED_EDGE('',*,*,#4827,.T.);
#4827 = EDGE_CURVE('',#4802,#4736,#4828,.T.);
#4828 = SURFACE_CURVE('',#4829,(#4833,#4839),.PCURVE_S1.);
#4829 = LINE('',#4830,#4831);
#4830 = CARTESIAN_POINT('',(71.7,-4.3,-1.475));
#4831 = VECTOR('',#4832,1.);
#4832 = DIRECTION('',(0.,0.,1.));
#4833 = PCURVE('',#4699,#4834);
#4834 = DEFINITIONAL_REPRESENTATION('',(#4835),#4838);
#4835 = B_SPLINE_CURVE_WITH_KNOTS('',1,(#4836,#4837),.UNSPECIFIED.,.F.,
  .F.,(2,2),(5.875,8.075),.PIECEWISE_BEZIER_KNOTS.);
#4836 = CARTESIAN_POINT('',(3.35,2.3));
#4837 = CARTESIAN_POINT('',(5.55,2.3));
#4838 = ( GEOMETRIC_REPRESENTATION_CONTEXT(2) 
PARAMETRIC_REPRESENTATION_CONTEXT() REPRESENTATION_CONTEXT('2D SPACE',''
  ) );
#4839 = PCURVE('',#4840,#4845);
#4840 = PLANE('',#4841);
#4841 = AXIS2_PLACEMENT_3D('',#4842,#4843,#4844);
#4842 = CARTESIAN_POINT('',(71.7,-21.85,-4.));
#4843 = DIRECTION('',(1.,0.,0.));
#4844 = DIRECTION('',(0.,0.,1.));
#4845 = DEFINITIONAL_REPRESENTATION('',(#4846),#4849);
#4846 = B_SPLINE_CURVE_WITH_KNOTS('',1,(#4847,#4848),.UNSPECIFIED.,.F.,
  .F.,(2,2),(5.875,8.075),.PIECEWISE_BEZIER_KNOTS.);
#4847 = CARTESIAN_POINT('',(8.4,-17.55));
#4848 = CARTESIAN_POINT('',(10.6,-17.55));
#4849 = ( GEOMETRIC_REPRESENTATION_CONTEXT(2) 
PARAMETRIC_REPRESENTATION_CONTEXT() REPRESENTATION_CONTEXT('2D SPACE',''
  ) );
#4850 = ADVANCED_FACE('',(#4851,#5529),#4816,.F.);
#4851 = FACE_BOUND('',#4852,.F.);
#4852 = EDGE_LOOP('',(#4853,#4854,#4877,#4906,#4934,#4963,#4991,#5024,
    #5052,#5073,#5099,#5125,#5151,#5177,#5203,#5229,#5255,#5281,#5302,
    #5328,#5354,#5380,#5406,#5432,#5458,#5484,#5510));
#4853 = ORIENTED_EDGE('',*,*,#4801,.F.);
#4854 = ORIENTED_EDGE('',*,*,#4855,.T.);
#4855 = EDGE_CURVE('',#4781,#4856,#4858,.T.);
#4856 = VERTEX_POINT('',#4857);
#4857 = CARTESIAN_POINT('',(73.6,4.9,4.4));
#4858 = SURFACE_CURVE('',#4859,(#4863,#4870),.PCURVE_S1.);
#4859 = LINE('',#4860,#4861);
#4860 = CARTESIAN_POINT('',(73.6,-23.7,4.4));
#4861 = VECTOR('',#4862,1.);
#4862 = DIRECTION('',(0.,1.,0.));
#4863 = PCURVE('',#4816,#4864);
#4864 = DEFINITIONAL_REPRESENTATION('',(#4865),#4869);
#4865 = LINE('',#4866,#4867);
#4866 = CARTESIAN_POINT('',(37.210934462678,-13.88899684058));
#4867 = VECTOR('',#4868,1.);
#4868 = DIRECTION('',(0.,1.));
#4869 = ( GEOMETRIC_REPRESENTATION_CONTEXT(2) 
PARAMETRIC_REPRESENTATION_CONTEXT() REPRESENTATION_CONTEXT('2D SPACE',''
  ) );
#4870 = PCURVE('',#4627,#4871);
#4871 = DEFINITIONAL_REPRESENTATION('',(#4872),#4876);
#4872 = LINE('',#4873,#4874);
#4873 = CARTESIAN_POINT('',(0.,0.));
#4874 = VECTOR('',#4875,1.);
#4875 = DIRECTION('',(1.,0.));
#4876 = ( GEOMETRIC_REPRESENTATION_CONTEXT(2) 
PARAMETRIC_REPRESENTATION_CONTEXT() REPRESENTATION_CONTEXT('2D SPACE',''
  ) );
#4877 = ORIENTED_EDGE('',*,*,#4878,.T.);
#4878 = EDGE_CURVE('',#4856,#4879,#4881,.T.);
#4879 = VERTEX_POINT('',#4880);
#4880 = CARTESIAN_POINT('',(71.6,6.9,4.4));
#4881 = SURFACE_CURVE('',#4882,(#4887,#4894),.PCURVE_S1.);
#4882 = CIRCLE('',#4883,2.);
#4883 = AXIS2_PLACEMENT_3D('',#4884,#4885,#4886);
#4884 = CARTESIAN_POINT('',(71.6,4.9,4.4));
#4885 = DIRECTION('',(0.,0.,1.));
#4886 = DIRECTION('',(0.,-1.,0.));
#4887 = PCURVE('',#4816,#4888);
#4888 = DEFINITIONAL_REPRESENTATION('',(#4889),#4893);
#4889 = CIRCLE('',#4890,2.);
#4890 = AXIS2_PLACEMENT_2D('',#4891,#4892);
#4891 = CARTESIAN_POINT('',(35.210934462678,14.711003159411));
#4892 = DIRECTION('',(0.,-1.));
#4893 = ( GEOMETRIC_REPRESENTATION_CONTEXT(2) 
PARAMETRIC_REPRESENTATION_CONTEXT() REPRESENTATION_CONTEXT('2D SPACE',''
  ) );
#4894 = PCURVE('',#4895,#4900);
#4895 = CYLINDRICAL_SURFACE('',#4896,2.);
#4896 = AXIS2_PLACEMENT_3D('',#4897,#4898,#4899);
#4897 = CARTESIAN_POINT('',(71.6,4.9,4.4));
#4898 = DIRECTION('',(0.,0.,1.));
#4899 = DIRECTION('',(1.,0.,-0.));
#4900 = DEFINITIONAL_REPRESENTATION('',(#4901),#4905);
#4901 = LINE('',#4902,#4903);
#4902 = CARTESIAN_POINT('',(-1.570796326795,0.));
#4903 = VECTOR('',#4904,1.);
#4904 = DIRECTION('',(1.,0.));
#4905 = ( GEOMETRIC_REPRESENTATION_CONTEXT(2) 
PARAMETRIC_REPRESENTATION_CONTEXT() REPRESENTATION_CONTEXT('2D SPACE',''
  ) );
#4906 = ORIENTED_EDGE('',*,*,#4907,.T.);
#4907 = EDGE_CURVE('',#4879,#4908,#4910,.T.);
#4908 = VERTEX_POINT('',#4909);
#4909 = CARTESIAN_POINT('',(63.217400535397,6.9,4.4));
#4910 = SURFACE_CURVE('',#4911,(#4915,#4922),.PCURVE_S1.);
#4911 = LINE('',#4912,#4913);
#4912 = CARTESIAN_POINT('',(73.6,6.9,4.4));
#4913 = VECTOR('',#4914,1.);
#4914 = DIRECTION('',(-1.,0.,0.));
#4915 = PCURVE('',#4816,#4916);
#4916 = DEFINITIONAL_REPRESENTATION('',(#4917),#4921);
#4917 = LINE('',#4918,#4919);
#4918 = CARTESIAN_POINT('',(37.210934462678,16.711003159411));
#4919 = VECTOR('',#4920,1.);
#4920 = DIRECTION('',(-1.,0.));
#4921 = ( GEOMETRIC_REPRESENTATION_CONTEXT(2) 
PARAMETRIC_REPRESENTATION_CONTEXT() REPRESENTATION_CONTEXT('2D SPACE',''
  ) );
#4922 = PCURVE('',#4923,#4928);
#4923 = PLANE('',#4924);
#4924 = AXIS2_PLACEMENT_3D('',#4925,#4926,#4927);
#4925 = CARTESIAN_POINT('',(73.6,6.9,4.4));
#4926 = DIRECTION('',(0.,-1.,0.));
#4927 = DIRECTION('',(-1.,0.,0.));
#4928 = DEFINITIONAL_REPRESENTATION('',(#4929),#4933);
#4929 = LINE('',#4930,#4931);
#4930 = CARTESIAN_POINT('',(0.,-0.));
#4931 = VECTOR('',#4932,1.);
#4932 = DIRECTION('',(1.,0.));
#4933 = ( GEOMETRIC_REPRESENTATION_CONTEXT(2) 
PARAMETRIC_REPRESENTATION_CONTEXT() REPRESENTATION_CONTEXT('2D SPACE',''
  ) );
#4934 = ORIENTED_EDGE('',*,*,#4935,.T.);
#4935 = EDGE_CURVE('',#4908,#4936,#4938,.T.);
#4936 = VERTEX_POINT('',#4937);
#4937 = CARTESIAN_POINT('',(62.787676970046,6.85328893341,4.4));
#4938 = SURFACE_CURVE('',#4939,(#4944,#4951),.PCURVE_S1.);
#4939 = CIRCLE('',#4940,2.);
#4940 = AXIS2_PLACEMENT_3D('',#4941,#4942,#4943);
#4941 = CARTESIAN_POINT('',(63.217400535397,4.9,4.4));
#4942 = DIRECTION('',(0.,0.,1.));
#4943 = DIRECTION('',(0.,-1.,0.));
#4944 = PCURVE('',#4816,#4945);
#4945 = DEFINITIONAL_REPRESENTATION('',(#4946),#4950);
#4946 = CIRCLE('',#4947,2.);
#4947 = AXIS2_PLACEMENT_2D('',#4948,#4949);
#4948 = CARTESIAN_POINT('',(26.828334998074,14.711003159411));
#4949 = DIRECTION('',(0.,-1.));
#4950 = ( GEOMETRIC_REPRESENTATION_CONTEXT(2) 
PARAMETRIC_REPRESENTATION_CONTEXT() REPRESENTATION_CONTEXT('2D SPACE',''
  ) );
#4951 = PCURVE('',#4952,#4957);
#4952 = CYLINDRICAL_SURFACE('',#4953,2.);
#4953 = AXIS2_PLACEMENT_3D('',#4954,#4955,#4956);
#4954 = CARTESIAN_POINT('',(63.217400535397,4.9,4.4));
#4955 = DIRECTION('',(0.,0.,1.));
#4956 = DIRECTION('',(-0.,1.,0.));
#4957 = DEFINITIONAL_REPRESENTATION('',(#4958),#4962);
#4958 = LINE('',#4959,#4960);
#4959 = CARTESIAN_POINT('',(-3.14159265359,0.));
#4960 = VECTOR('',#4961,1.);
#4961 = DIRECTION('',(1.,0.));
#4962 = ( GEOMETRIC_REPRESENTATION_CONTEXT(2) 
PARAMETRIC_REPRESENTATION_CONTEXT() REPRESENTATION_CONTEXT('2D SPACE',''
  ) );
#4963 = ORIENTED_EDGE('',*,*,#4964,.T.);
#4964 = EDGE_CURVE('',#4936,#4965,#4967,.T.);
#4965 = VERTEX_POINT('',#4966);
#4966 = CARTESIAN_POINT('',(43.212323029954,2.54671106659,4.4));
#4967 = SURFACE_CURVE('',#4968,(#4972,#4979),.PCURVE_S1.);
#4968 = LINE('',#4969,#4970);
#4969 = CARTESIAN_POINT('',(63.,6.9,4.4));
#4970 = VECTOR('',#4971,1.);
#4971 = DIRECTION('',(-0.976644466705,-0.214861782675,0.));
#4972 = PCURVE('',#4816,#4973);
#4973 = DEFINITIONAL_REPRESENTATION('',(#4974),#4978);
#4974 = LINE('',#4975,#4976);
#4975 = CARTESIAN_POINT('',(26.610934462678,16.711003159411));
#4976 = VECTOR('',#4977,1.);
#4977 = DIRECTION('',(-0.976644466705,-0.214861782675));
#4978 = ( GEOMETRIC_REPRESENTATION_CONTEXT(2) 
PARAMETRIC_REPRESENTATION_CONTEXT() REPRESENTATION_CONTEXT('2D SPACE',''
  ) );
#4979 = PCURVE('',#4980,#4985);
#4980 = PLANE('',#4981);
#4981 = AXIS2_PLACEMENT_3D('',#4982,#4983,#4984);
#4982 = CARTESIAN_POINT('',(63.,6.9,4.4));
#4983 = DIRECTION('',(0.214861782675,-0.976644466705,0.));
#4984 = DIRECTION('',(-0.976644466705,-0.214861782675,0.));
#4985 = DEFINITIONAL_REPRESENTATION('',(#4986),#4990);
#4986 = LINE('',#4987,#4988);
#4987 = CARTESIAN_POINT('',(0.,0.));
#4988 = VECTOR('',#4989,1.);
#4989 = DIRECTION('',(1.,0.));
#4990 = ( GEOMETRIC_REPRESENTATION_CONTEXT(2) 
PARAMETRIC_REPRESENTATION_CONTEXT() REPRESENTATION_CONTEXT('2D SPACE',''
  ) );
#4991 = ORIENTED_EDGE('',*,*,#4992,.T.);
#4992 = EDGE_CURVE('',#4965,#4993,#4995,.T.);
#4993 = VERTEX_POINT('',#4994);
#4994 = CARTESIAN_POINT('',(42.782599464603,2.5,4.4));
#4995 = SURFACE_CURVE('',#4996,(#5001,#5012),.PCURVE_S1.);
#4996 = CIRCLE('',#4997,2.);
#4997 = AXIS2_PLACEMENT_3D('',#4998,#4999,#5000);
#4998 = CARTESIAN_POINT('',(42.782599464603,4.5,4.4));
#4999 = DIRECTION('',(-0.,-0.,-1.));
#5000 = DIRECTION('',(0.,-1.,0.));
#5001 = PCURVE('',#4816,#5002);
#5002 = DEFINITIONAL_REPRESENTATION('',(#5003),#5011);
#5003 = ( BOUNDED_CURVE() B_SPLINE_CURVE(2,(#5004,#5005,#5006,#5007,
#5008,#5009,#5010),.UNSPECIFIED.,.T.,.F.) B_SPLINE_CURVE_WITH_KNOTS((1,2
    ,2,2,2,1),(-2.094395102393,0.,2.094395102393,4.188790204786,
6.28318530718,8.377580409573),.UNSPECIFIED.) CURVE() 
GEOMETRIC_REPRESENTATION_ITEM() RATIONAL_B_SPLINE_CURVE((1.,0.5,1.,0.5,
1.,0.5,1.)) REPRESENTATION_ITEM('') );
#5004 = CARTESIAN_POINT('',(6.393533927281,12.311003159411));
#5005 = CARTESIAN_POINT('',(2.929432312143,12.311003159411));
#5006 = CARTESIAN_POINT('',(4.661483119712,15.311003159411));
#5007 = CARTESIAN_POINT('',(6.393533927281,18.311003159411));
#5008 = CARTESIAN_POINT('',(8.12558473485,15.311003159411));
#5009 = CARTESIAN_POINT('',(9.857635542419,12.311003159411));
#5010 = CARTESIAN_POINT('',(6.393533927281,12.311003159411));
#5011 = ( GEOMETRIC_REPRESENTATION_CONTEXT(2) 
PARAMETRIC_REPRESENTATION_CONTEXT() REPRESENTATION_CONTEXT('2D SPACE',''
  ) );
#5012 = PCURVE('',#5013,#5018);
#5013 = CYLINDRICAL_SURFACE('',#5014,2.);
#5014 = AXIS2_PLACEMENT_3D('',#5015,#5016,#5017);
#5015 = CARTESIAN_POINT('',(42.782599464603,4.5,4.4));
#5016 = DIRECTION('',(0.,0.,1.));
#5017 = DIRECTION('',(0.214861782675,-0.976644466705,0.));
#5018 = DEFINITIONAL_REPRESENTATION('',(#5019),#5023);
#5019 = LINE('',#5020,#5021);
#5020 = CARTESIAN_POINT('',(6.066635002203,-0.));
#5021 = VECTOR('',#5022,1.);
#5022 = DIRECTION('',(-1.,0.));
#5023 = ( GEOMETRIC_REPRESENTATION_CONTEXT(2) 
PARAMETRIC_REPRESENTATION_CONTEXT() REPRESENTATION_CONTEXT('2D SPACE',''
  ) );
#5024 = ORIENTED_EDGE('',*,*,#5025,.T.);
#5025 = EDGE_CURVE('',#4993,#5026,#5028,.T.);
#5026 = VERTEX_POINT('',#5027);
#5027 = CARTESIAN_POINT('',(-0.21,2.5,4.4));
#5028 = SURFACE_CURVE('',#5029,(#5033,#5040),.PCURVE_S1.);
#5029 = LINE('',#5030,#5031);
#5030 = CARTESIAN_POINT('',(43.,2.5,4.4));
#5031 = VECTOR('',#5032,1.);
#5032 = DIRECTION('',(-1.,0.,0.));
#5033 = PCURVE('',#4816,#5034);
#5034 = DEFINITIONAL_REPRESENTATION('',(#5035),#5039);
#5035 = LINE('',#5036,#5037);
#5036 = CARTESIAN_POINT('',(6.610934462678,12.311003159411));
#5037 = VECTOR('',#5038,1.);
#5038 = DIRECTION('',(-1.,0.));
#5039 = ( GEOMETRIC_REPRESENTATION_CONTEXT(2) 
PARAMETRIC_REPRESENTATION_CONTEXT() REPRESENTATION_CONTEXT('2D SPACE',''
  ) );
#5040 = PCURVE('',#5041,#5046);
#5041 = PLANE('',#5042);
#5042 = AXIS2_PLACEMENT_3D('',#5043,#5044,#5045);
#5043 = CARTESIAN_POINT('',(43.,2.5,4.4));
#5044 = DIRECTION('',(0.,-1.,0.));
#5045 = DIRECTION('',(-1.,0.,0.));
#5046 = DEFINITIONAL_REPRESENTATION('',(#5047),#5051);
#5047 = LINE('',#5048,#5049);
#5048 = CARTESIAN_POINT('',(0.,-0.));
#5049 = VECTOR('',#5050,1.);
#5050 = DIRECTION('',(1.,0.));
#5051 = ( GEOMETRIC_REPRESENTATION_CONTEXT(2) 
PARAMETRIC_REPRESENTATION_CONTEXT() REPRESENTATION_CONTEXT('2D SPACE',''
  ) );
#5052 = ORIENTED_EDGE('',*,*,#5053,.T.);
#5053 = EDGE_CURVE('',#5026,#5054,#5056,.T.);
#5054 = VERTEX_POINT('',#5055);
#5055 = CARTESIAN_POINT('',(-0.21,0.7,4.4));
#5056 = SURFACE_CURVE('',#5057,(#5061,#5067),.PCURVE_S1.);
#5057 = LINE('',#5058,#5059);
#5058 = CARTESIAN_POINT('',(-0.21,9.449842029472E-02,4.4));
#5059 = VECTOR('',#5060,1.);
#5060 = DIRECTION('',(0.,-1.,0.));
#5061 = PCURVE('',#4816,#5062);
#5062 = DEFINITIONAL_REPRESENTATION('',(#5063),#5066);
#5063 = B_SPLINE_CURVE_WITH_KNOTS('',1,(#5064,#5065),.UNSPECIFIED.,.F.,
  .F.,(2,2),(-6.805501579705,4.394498420295),.PIECEWISE_BEZIER_KNOTS.);
#5064 = CARTESIAN_POINT('',(-36.59906553732,16.711003159411));
#5065 = CARTESIAN_POINT('',(-36.59906553732,5.511003159411));
#5066 = ( GEOMETRIC_REPRESENTATION_CONTEXT(2) 
PARAMETRIC_REPRESENTATION_CONTEXT() REPRESENTATION_CONTEXT('2D SPACE',''
  ) );
#5067 = PCURVE('',#305,#5068);
#5068 = DEFINITIONAL_REPRESENTATION('',(#5069),#5072);
#5069 = B_SPLINE_CURVE_WITH_KNOTS('',1,(#5070,#5071),.UNSPECIFIED.,.F.,
  .F.,(2,2),(-6.805501579705,4.394498420295),.PIECEWISE_BEZIER_KNOTS.);
#5070 = CARTESIAN_POINT('',(0.325729949498,-3.1));
#5071 = CARTESIAN_POINT('',(0.325729949498,-14.3));
#5072 = ( GEOMETRIC_REPRESENTATION_CONTEXT(2) 
PARAMETRIC_REPRESENTATION_CONTEXT() REPRESENTATION_CONTEXT('2D SPACE',''
  ) );
#5073 = ORIENTED_EDGE('',*,*,#5074,.F.);
#5074 = EDGE_CURVE('',#5075,#5054,#5077,.T.);
#5075 = VERTEX_POINT('',#5076);
#5076 = CARTESIAN_POINT('',(11.,0.7,4.4));
#5077 = SURFACE_CURVE('',#5078,(#5082,#5088),.PCURVE_S1.);
#5078 = LINE('',#5079,#5080);
#5079 = CARTESIAN_POINT('',(17.894532768661,0.7,4.4));
#5080 = VECTOR('',#5081,1.);
#5081 = DIRECTION('',(-1.,0.,0.));
#5082 = PCURVE('',#4816,#5083);
#5083 = DEFINITIONAL_REPRESENTATION('',(#5084),#5087);
#5084 = B_SPLINE_CURVE_WITH_KNOTS('',1,(#5085,#5086),.UNSPECIFIED.,.F.,
  .F.,(2,2),(-53.80546723133,18.494532768661),.PIECEWISE_BEZIER_KNOTS.);
#5085 = CARTESIAN_POINT('',(35.310934462678,10.511003159411));
#5086 = CARTESIAN_POINT('',(-36.98906553732,10.511003159411));
#5087 = ( GEOMETRIC_REPRESENTATION_CONTEXT(2) 
PARAMETRIC_REPRESENTATION_CONTEXT() REPRESENTATION_CONTEXT('2D SPACE',''
  ) );
#5088 = PCURVE('',#5089,#5094);
#5089 = PLANE('',#5090);
#5090 = AXIS2_PLACEMENT_3D('',#5091,#5092,#5093);
#5091 = CARTESIAN_POINT('',(-0.6,0.7,-4.));
#5092 = DIRECTION('',(0.,1.,0.));
#5093 = DIRECTION('',(0.,0.,1.));
#5094 = DEFINITIONAL_REPRESENTATION('',(#5095),#5098);
#5095 = B_SPLINE_CURVE_WITH_KNOTS('',1,(#5096,#5097),.UNSPECIFIED.,.F.,
  .F.,(2,2),(-53.80546723133,18.494532768661),.PIECEWISE_BEZIER_KNOTS.);
#5096 = CARTESIAN_POINT('',(8.4,72.3));
#5097 = CARTESIAN_POINT('',(8.4,0.));
#5098 = ( GEOMETRIC_REPRESENTATION_CONTEXT(2) 
PARAMETRIC_REPRESENTATION_CONTEXT() REPRESENTATION_CONTEXT('2D SPACE',''
  ) );
#5099 = ORIENTED_EDGE('',*,*,#5100,.T.);
#5100 = EDGE_CURVE('',#5075,#5101,#5103,.T.);
#5101 = VERTEX_POINT('',#5102);
#5102 = CARTESIAN_POINT('',(11.,1.15,4.4));
#5103 = SURFACE_CURVE('',#5104,(#5108,#5114),.PCURVE_S1.);
#5104 = LINE('',#5105,#5106);
#5105 = CARTESIAN_POINT('',(11.,-5.180501579705,4.4));
#5106 = VECTOR('',#5107,1.);
#5107 = DIRECTION('',(0.,1.,0.));
#5108 = PCURVE('',#4816,#5109);
#5109 = DEFINITIONAL_REPRESENTATION('',(#5110),#5113);
#5110 = B_SPLINE_CURVE_WITH_KNOTS('',1,(#5111,#5112),.UNSPECIFIED.,.F.,
  .F.,(2,2),(4.630501579705,6.330501579705),.PIECEWISE_BEZIER_KNOTS.);
#5111 = CARTESIAN_POINT('',(-25.38906553732,9.261003159411));
#5112 = CARTESIAN_POINT('',(-25.38906553732,10.961003159411));
#5113 = ( GEOMETRIC_REPRESENTATION_CONTEXT(2) 
PARAMETRIC_REPRESENTATION_CONTEXT() REPRESENTATION_CONTEXT('2D SPACE',''
  ) );
#5114 = PCURVE('',#5115,#5120);
#5115 = PLANE('',#5116);
#5116 = AXIS2_PLACEMENT_3D('',#5117,#5118,#5119);
#5117 = CARTESIAN_POINT('',(11.,-0.55,1.8));
#5118 = DIRECTION('',(1.,0.,0.));
#5119 = DIRECTION('',(0.,0.,1.));
#5120 = DEFINITIONAL_REPRESENTATION('',(#5121),#5124);
#5121 = B_SPLINE_CURVE_WITH_KNOTS('',1,(#5122,#5123),.UNSPECIFIED.,.F.,
  .F.,(2,2),(4.630501579705,6.330501579705),.PIECEWISE_BEZIER_KNOTS.);
#5122 = CARTESIAN_POINT('',(2.6,0.));
#5123 = CARTESIAN_POINT('',(2.6,-1.7));
#5124 = ( GEOMETRIC_REPRESENTATION_CONTEXT(2) 
PARAMETRIC_REPRESENTATION_CONTEXT() REPRESENTATION_CONTEXT('2D SPACE',''
  ) );
#5125 = ORIENTED_EDGE('',*,*,#5126,.F.);
#5126 = EDGE_CURVE('',#5127,#5101,#5129,.T.);
#5127 = VERTEX_POINT('',#5128);
#5128 = CARTESIAN_POINT('',(13.,1.15,4.4));
#5129 = SURFACE_CURVE('',#5130,(#5134,#5140),.PCURVE_S1.);
#5130 = LINE('',#5131,#5132);
#5131 = CARTESIAN_POINT('',(23.694532768661,1.15,4.4));
#5132 = VECTOR('',#5133,1.);
#5133 = DIRECTION('',(-1.,0.,0.));
#5134 = PCURVE('',#4816,#5135);
#5135 = DEFINITIONAL_REPRESENTATION('',(#5136),#5139);
#5136 = B_SPLINE_CURVE_WITH_KNOTS('',1,(#5137,#5138),.UNSPECIFIED.,.F.,
  .F.,(2,2),(10.694532768661,12.694532768661),.PIECEWISE_BEZIER_KNOTS.);
#5137 = CARTESIAN_POINT('',(-23.38906553732,10.961003159411));
#5138 = CARTESIAN_POINT('',(-25.38906553732,10.961003159411));
#5139 = ( GEOMETRIC_REPRESENTATION_CONTEXT(2) 
PARAMETRIC_REPRESENTATION_CONTEXT() REPRESENTATION_CONTEXT('2D SPACE',''
  ) );
#5140 = PCURVE('',#5141,#5146);
#5141 = PLANE('',#5142);
#5142 = AXIS2_PLACEMENT_3D('',#5143,#5144,#5145);
#5143 = CARTESIAN_POINT('',(11.,1.15,1.8));
#5144 = DIRECTION('',(0.,1.,0.));
#5145 = DIRECTION('',(0.,0.,1.));
#5146 = DEFINITIONAL_REPRESENTATION('',(#5147),#5150);
#5147 = B_SPLINE_CURVE_WITH_KNOTS('',1,(#5148,#5149),.UNSPECIFIED.,.F.,
  .F.,(2,2),(10.694532768661,12.694532768661),.PIECEWISE_BEZIER_KNOTS.);
#5148 = CARTESIAN_POINT('',(2.6,2.));
#5149 = CARTESIAN_POINT('',(2.6,0.));
#5150 = ( GEOMETRIC_REPRESENTATION_CONTEXT(2) 
PARAMETRIC_REPRESENTATION_CONTEXT() REPRESENTATION_CONTEXT('2D SPACE',''
  ) );
#5151 = ORIENTED_EDGE('',*,*,#5152,.F.);
#5152 = EDGE_CURVE('',#5153,#5127,#5155,.T.);
#5153 = VERTEX_POINT('',#5154);
#5154 = CARTESIAN_POINT('',(13.,0.7,4.4));
#5155 = SURFACE_CURVE('',#5156,(#5160,#5166),.PCURVE_S1.);
#5156 = LINE('',#5157,#5158);
#5157 = CARTESIAN_POINT('',(13.,-5.180501579705,4.4));
#5158 = VECTOR('',#5159,1.);
#5159 = DIRECTION('',(0.,1.,0.));
#5160 = PCURVE('',#4816,#5161);
#5161 = DEFINITIONAL_REPRESENTATION('',(#5162),#5165);
#5162 = B_SPLINE_CURVE_WITH_KNOTS('',1,(#5163,#5164),.UNSPECIFIED.,.F.,
  .F.,(2,2),(4.630501579705,6.330501579705),.PIECEWISE_BEZIER_KNOTS.);
#5163 = CARTESIAN_POINT('',(-23.38906553732,9.261003159411));
#5164 = CARTESIAN_POINT('',(-23.38906553732,10.961003159411));
#5165 = ( GEOMETRIC_REPRESENTATION_CONTEXT(2) 
PARAMETRIC_REPRESENTATION_CONTEXT() REPRESENTATION_CONTEXT('2D SPACE',''
  ) );
#5166 = PCURVE('',#5167,#5172);
#5167 = PLANE('',#5168);
#5168 = AXIS2_PLACEMENT_3D('',#5169,#5170,#5171);
#5169 = CARTESIAN_POINT('',(13.,-0.55,1.8));
#5170 = DIRECTION('',(1.,0.,0.));
#5171 = DIRECTION('',(0.,0.,1.));
#5172 = DEFINITIONAL_REPRESENTATION('',(#5173),#5176);
#5173 = B_SPLINE_CURVE_WITH_KNOTS('',1,(#5174,#5175),.UNSPECIFIED.,.F.,
  .F.,(2,2),(4.630501579705,6.330501579705),.PIECEWISE_BEZIER_KNOTS.);
#5174 = CARTESIAN_POINT('',(2.6,0.));
#5175 = CARTESIAN_POINT('',(2.6,-1.7));
#5176 = ( GEOMETRIC_REPRESENTATION_CONTEXT(2) 
PARAMETRIC_REPRESENTATION_CONTEXT() REPRESENTATION_CONTEXT('2D SPACE',''
  ) );
#5177 = ORIENTED_EDGE('',*,*,#5178,.F.);
#5178 = EDGE_CURVE('',#5179,#5153,#5181,.T.);
#5179 = VERTEX_POINT('',#5180);
#5180 = CARTESIAN_POINT('',(28.7,0.7,4.4));
#5181 = SURFACE_CURVE('',#5182,(#5186,#5192),.PCURVE_S1.);
#5182 = LINE('',#5183,#5184);
#5183 = CARTESIAN_POINT('',(17.894532768661,0.7,4.4));
#5184 = VECTOR('',#5185,1.);
#5185 = DIRECTION('',(-1.,0.,0.));
#5186 = PCURVE('',#4816,#5187);
#5187 = DEFINITIONAL_REPRESENTATION('',(#5188),#5191);
#5188 = B_SPLINE_CURVE_WITH_KNOTS('',1,(#5189,#5190),.UNSPECIFIED.,.F.,
  .F.,(2,2),(-53.80546723133,18.494532768661),.PIECEWISE_BEZIER_KNOTS.);
#5189 = CARTESIAN_POINT('',(35.310934462678,10.511003159411));
#5190 = CARTESIAN_POINT('',(-36.98906553732,10.511003159411));
#5191 = ( GEOMETRIC_REPRESENTATION_CONTEXT(2) 
PARAMETRIC_REPRESENTATION_CONTEXT() REPRESENTATION_CONTEXT('2D SPACE',''
  ) );
#5192 = PCURVE('',#5193,#5198);
#5193 = PLANE('',#5194);
#5194 = AXIS2_PLACEMENT_3D('',#5195,#5196,#5197);
#5195 = CARTESIAN_POINT('',(-0.6,0.7,-4.));
#5196 = DIRECTION('',(0.,1.,0.));
#5197 = DIRECTION('',(0.,0.,1.));
#5198 = DEFINITIONAL_REPRESENTATION('',(#5199),#5202);
#5199 = B_SPLINE_CURVE_WITH_KNOTS('',1,(#5200,#5201),.UNSPECIFIED.,.F.,
  .F.,(2,2),(-53.80546723133,18.494532768661),.PIECEWISE_BEZIER_KNOTS.);
#5200 = CARTESIAN_POINT('',(8.4,72.3));
#5201 = CARTESIAN_POINT('',(8.4,0.));
#5202 = ( GEOMETRIC_REPRESENTATION_CONTEXT(2) 
PARAMETRIC_REPRESENTATION_CONTEXT() REPRESENTATION_CONTEXT('2D SPACE',''
  ) );
#5203 = ORIENTED_EDGE('',*,*,#5204,.T.);
#5204 = EDGE_CURVE('',#5179,#5205,#5207,.T.);
#5205 = VERTEX_POINT('',#5206);
#5206 = CARTESIAN_POINT('',(28.7,1.7,4.4));
#5207 = SURFACE_CURVE('',#5208,(#5212,#5218),.PCURVE_S1.);
#5208 = LINE('',#5209,#5210);
#5209 = CARTESIAN_POINT('',(28.7,-4.630501579705,4.4));
#5210 = VECTOR('',#5211,1.);
#5211 = DIRECTION('',(0.,1.,0.));
#5212 = PCURVE('',#4816,#5213);
#5213 = DEFINITIONAL_REPRESENTATION('',(#5214),#5217);
#5214 = B_SPLINE_CURVE_WITH_KNOTS('',1,(#5215,#5216),.UNSPECIFIED.,.F.,
  .F.,(2,2),(5.180501579705,6.330501579705),.PIECEWISE_BEZIER_KNOTS.);
#5215 = CARTESIAN_POINT('',(-7.689065537322,10.361003159411));
#5216 = CARTESIAN_POINT('',(-7.689065537322,11.511003159411));
#5217 = ( GEOMETRIC_REPRESENTATION_CONTEXT(2) 
PARAMETRIC_REPRESENTATION_CONTEXT() REPRESENTATION_CONTEXT('2D SPACE',''
  ) );
#5218 = PCURVE('',#5219,#5224);
#5219 = PLANE('',#5220);
#5220 = AXIS2_PLACEMENT_3D('',#5221,#5222,#5223);
#5221 = CARTESIAN_POINT('',(28.7,0.55,4.3));
#5222 = DIRECTION('',(1.,0.,0.));
#5223 = DIRECTION('',(0.,0.,1.));
#5224 = DEFINITIONAL_REPRESENTATION('',(#5225),#5228);
#5225 = B_SPLINE_CURVE_WITH_KNOTS('',1,(#5226,#5227),.UNSPECIFIED.,.F.,
  .F.,(2,2),(5.180501579705,6.330501579705),.PIECEWISE_BEZIER_KNOTS.);
#5226 = CARTESIAN_POINT('',(1.E-01,0.));
#5227 = CARTESIAN_POINT('',(1.E-01,-1.15));
#5228 = ( GEOMETRIC_REPRESENTATION_CONTEXT(2) 
PARAMETRIC_REPRESENTATION_CONTEXT() REPRESENTATION_CONTEXT('2D SPACE',''
  ) );
#5229 = ORIENTED_EDGE('',*,*,#5230,.F.);
#5230 = EDGE_CURVE('',#5231,#5205,#5233,.T.);
#5231 = VERTEX_POINT('',#5232);
#5232 = CARTESIAN_POINT('',(39.3,1.7,4.4));
#5233 = SURFACE_CURVE('',#5234,(#5238,#5244),.PCURVE_S1.);
#5234 = LINE('',#5235,#5236);
#5235 = CARTESIAN_POINT('',(32.544532768661,1.7,4.4));
#5236 = VECTOR('',#5237,1.);
#5237 = DIRECTION('',(-1.,0.,0.));
#5238 = PCURVE('',#4816,#5239);
#5239 = DEFINITIONAL_REPRESENTATION('',(#5240),#5243);
#5240 = B_SPLINE_CURVE_WITH_KNOTS('',1,(#5241,#5242),.UNSPECIFIED.,.F.,
  .F.,(2,2),(-6.755467231339,3.844532768661),.PIECEWISE_BEZIER_KNOTS.);
#5241 = CARTESIAN_POINT('',(2.910934462678,11.511003159411));
#5242 = CARTESIAN_POINT('',(-7.689065537322,11.511003159411));
#5243 = ( GEOMETRIC_REPRESENTATION_CONTEXT(2) 
PARAMETRIC_REPRESENTATION_CONTEXT() REPRESENTATION_CONTEXT('2D SPACE',''
  ) );
#5244 = PCURVE('',#5245,#5250);
#5245 = PLANE('',#5246);
#5246 = AXIS2_PLACEMENT_3D('',#5247,#5248,#5249);
#5247 = CARTESIAN_POINT('',(28.7,1.7,4.3));
#5248 = DIRECTION('',(0.,1.,0.));
#5249 = DIRECTION('',(0.,0.,1.));
#5250 = DEFINITIONAL_REPRESENTATION('',(#5251),#5254);
#5251 = B_SPLINE_CURVE_WITH_KNOTS('',1,(#5252,#5253),.UNSPECIFIED.,.F.,
  .F.,(2,2),(-6.755467231339,3.844532768661),.PIECEWISE_BEZIER_KNOTS.);
#5252 = CARTESIAN_POINT('',(1.E-01,10.6));
#5253 = CARTESIAN_POINT('',(1.E-01,0.));
#5254 = ( GEOMETRIC_REPRESENTATION_CONTEXT(2) 
PARAMETRIC_REPRESENTATION_CONTEXT() REPRESENTATION_CONTEXT('2D SPACE',''
  ) );
#5255 = ORIENTED_EDGE('',*,*,#5256,.F.);
#5256 = EDGE_CURVE('',#5257,#5231,#5259,.T.);
#5257 = VERTEX_POINT('',#5258);
#5258 = CARTESIAN_POINT('',(39.3,0.7,4.4));
#5259 = SURFACE_CURVE('',#5260,(#5264,#5270),.PCURVE_S1.);
#5260 = LINE('',#5261,#5262);
#5261 = CARTESIAN_POINT('',(39.3,-4.630501579705,4.4));
#5262 = VECTOR('',#5263,1.);
#5263 = DIRECTION('',(0.,1.,0.));
#5264 = PCURVE('',#4816,#5265);
#5265 = DEFINITIONAL_REPRESENTATION('',(#5266),#5269);
#5266 = B_SPLINE_CURVE_WITH_KNOTS('',1,(#5267,#5268),.UNSPECIFIED.,.F.,
  .F.,(2,2),(5.180501579705,6.330501579705),.PIECEWISE_BEZIER_KNOTS.);
#5267 = CARTESIAN_POINT('',(2.910934462678,10.361003159411));
#5268 = CARTESIAN_POINT('',(2.910934462678,11.511003159411));
#5269 = ( GEOMETRIC_REPRESENTATION_CONTEXT(2) 
PARAMETRIC_REPRESENTATION_CONTEXT() REPRESENTATION_CONTEXT('2D SPACE',''
  ) );
#5270 = PCURVE('',#5271,#5276);
#5271 = PLANE('',#5272);
#5272 = AXIS2_PLACEMENT_3D('',#5273,#5274,#5275);
#5273 = CARTESIAN_POINT('',(39.3,0.55,4.3));
#5274 = DIRECTION('',(1.,0.,0.));
#5275 = DIRECTION('',(0.,0.,1.));
#5276 = DEFINITIONAL_REPRESENTATION('',(#5277),#5280);
#5277 = B_SPLINE_CURVE_WITH_KNOTS('',1,(#5278,#5279),.UNSPECIFIED.,.F.,
  .F.,(2,2),(5.180501579705,6.330501579705),.PIECEWISE_BEZIER_KNOTS.);
#5278 = CARTESIAN_POINT('',(1.E-01,0.));
#5279 = CARTESIAN_POINT('',(1.E-01,-1.15));
#5280 = ( GEOMETRIC_REPRESENTATION_CONTEXT(2) 
PARAMETRIC_REPRESENTATION_CONTEXT() REPRESENTATION_CONTEXT('2D SPACE',''
  ) );
#5281 = ORIENTED_EDGE('',*,*,#5282,.F.);
#5282 = EDGE_CURVE('',#5283,#5257,#5285,.T.);
#5283 = VERTEX_POINT('',#5284);
#5284 = CARTESIAN_POINT('',(44.,0.7,4.4));
#5285 = SURFACE_CURVE('',#5286,(#5290,#5296),.PCURVE_S1.);
#5286 = LINE('',#5287,#5288);
#5287 = CARTESIAN_POINT('',(17.894532768661,0.7,4.4));
#5288 = VECTOR('',#5289,1.);
#5289 = DIRECTION('',(-1.,0.,0.));
#5290 = PCURVE('',#4816,#5291);
#5291 = DEFINITIONAL_REPRESENTATION('',(#5292),#5295);
#5292 = B_SPLINE_CURVE_WITH_KNOTS('',1,(#5293,#5294),.UNSPECIFIED.,.F.,
  .F.,(2,2),(-53.80546723133,18.494532768661),.PIECEWISE_BEZIER_KNOTS.);
#5293 = CARTESIAN_POINT('',(35.310934462678,10.511003159411));
#5294 = CARTESIAN_POINT('',(-36.98906553732,10.511003159411));
#5295 = ( GEOMETRIC_REPRESENTATION_CONTEXT(2) 
PARAMETRIC_REPRESENTATION_CONTEXT() REPRESENTATION_CONTEXT('2D SPACE',''
  ) );
#5296 = PCURVE('',#5193,#5297);
#5297 = DEFINITIONAL_REPRESENTATION('',(#5298),#5301);
#5298 = B_SPLINE_CURVE_WITH_KNOTS('',1,(#5299,#5300),.UNSPECIFIED.,.F.,
  .F.,(2,2),(-53.80546723133,18.494532768661),.PIECEWISE_BEZIER_KNOTS.);
#5299 = CARTESIAN_POINT('',(8.4,72.3));
#5300 = CARTESIAN_POINT('',(8.4,0.));
#5301 = ( GEOMETRIC_REPRESENTATION_CONTEXT(2) 
PARAMETRIC_REPRESENTATION_CONTEXT() REPRESENTATION_CONTEXT('2D SPACE',''
  ) );
#5302 = ORIENTED_EDGE('',*,*,#5303,.T.);
#5303 = EDGE_CURVE('',#5283,#5304,#5306,.T.);
#5304 = VERTEX_POINT('',#5305);
#5305 = CARTESIAN_POINT('',(44.,1.15,4.4));
#5306 = SURFACE_CURVE('',#5307,(#5311,#5317),.PCURVE_S1.);
#5307 = LINE('',#5308,#5309);
#5308 = CARTESIAN_POINT('',(44.,-5.180501579705,4.4));
#5309 = VECTOR('',#5310,1.);
#5310 = DIRECTION('',(0.,1.,0.));
#5311 = PCURVE('',#4816,#5312);
#5312 = DEFINITIONAL_REPRESENTATION('',(#5313),#5316);
#5313 = B_SPLINE_CURVE_WITH_KNOTS('',1,(#5314,#5315),.UNSPECIFIED.,.F.,
  .F.,(2,2),(4.630501579705,6.330501579705),.PIECEWISE_BEZIER_KNOTS.);
#5314 = CARTESIAN_POINT('',(7.610934462678,9.261003159411));
#5315 = CARTESIAN_POINT('',(7.610934462678,10.961003159411));
#5316 = ( GEOMETRIC_REPRESENTATION_CONTEXT(2) 
PARAMETRIC_REPRESENTATION_CONTEXT() REPRESENTATION_CONTEXT('2D SPACE',''
  ) );
#5317 = PCURVE('',#5318,#5323);
#5318 = PLANE('',#5319);
#5319 = AXIS2_PLACEMENT_3D('',#5320,#5321,#5322);
#5320 = CARTESIAN_POINT('',(44.,-0.55,1.8));
#5321 = DIRECTION('',(1.,0.,0.));
#5322 = DIRECTION('',(0.,0.,1.));
#5323 = DEFINITIONAL_REPRESENTATION('',(#5324),#5327);
#5324 = B_SPLINE_CURVE_WITH_KNOTS('',1,(#5325,#5326),.UNSPECIFIED.,.F.,
  .F.,(2,2),(4.630501579705,6.330501579705),.PIECEWISE_BEZIER_KNOTS.);
#5325 = CARTESIAN_POINT('',(2.6,0.));
#5326 = CARTESIAN_POINT('',(2.6,-1.7));
#5327 = ( GEOMETRIC_REPRESENTATION_CONTEXT(2) 
PARAMETRIC_REPRESENTATION_CONTEXT() REPRESENTATION_CONTEXT('2D SPACE',''
  ) );
#5328 = ORIENTED_EDGE('',*,*,#5329,.F.);
#5329 = EDGE_CURVE('',#5330,#5304,#5332,.T.);
#5330 = VERTEX_POINT('',#5331);
#5331 = CARTESIAN_POINT('',(46.,1.15,4.4));
#5332 = SURFACE_CURVE('',#5333,(#5337,#5343),.PCURVE_S1.);
#5333 = LINE('',#5334,#5335);
#5334 = CARTESIAN_POINT('',(40.194532768661,1.15,4.4));
#5335 = VECTOR('',#5336,1.);
#5336 = DIRECTION('',(-1.,0.,0.));
#5337 = PCURVE('',#4816,#5338);
#5338 = DEFINITIONAL_REPRESENTATION('',(#5339),#5342);
#5339 = B_SPLINE_CURVE_WITH_KNOTS('',1,(#5340,#5341),.UNSPECIFIED.,.F.,
  .F.,(2,2),(-5.805467231339,-3.805467231339),.PIECEWISE_BEZIER_KNOTS.);
#5340 = CARTESIAN_POINT('',(9.610934462678,10.961003159411));
#5341 = CARTESIAN_POINT('',(7.610934462678,10.961003159411));
#5342 = ( GEOMETRIC_REPRESENTATION_CONTEXT(2) 
PARAMETRIC_REPRESENTATION_CONTEXT() REPRESENTATION_CONTEXT('2D SPACE',''
  ) );
#5343 = PCURVE('',#5344,#5349);
#5344 = PLANE('',#5345);
#5345 = AXIS2_PLACEMENT_3D('',#5346,#5347,#5348);
#5346 = CARTESIAN_POINT('',(44.,1.15,1.8));
#5347 = DIRECTION('',(0.,1.,0.));
#5348 = DIRECTION('',(0.,0.,1.));
#5349 = DEFINITIONAL_REPRESENTATION('',(#5350),#5353);
#5350 = B_SPLINE_CURVE_WITH_KNOTS('',1,(#5351,#5352),.UNSPECIFIED.,.F.,
  .F.,(2,2),(-5.805467231339,-3.805467231339),.PIECEWISE_BEZIER_KNOTS.);
#5351 = CARTESIAN_POINT('',(2.6,2.));
#5352 = CARTESIAN_POINT('',(2.6,0.));
#5353 = ( GEOMETRIC_REPRESENTATION_CONTEXT(2) 
PARAMETRIC_REPRESENTATION_CONTEXT() REPRESENTATION_CONTEXT('2D SPACE',''
  ) );
#5354 = ORIENTED_EDGE('',*,*,#5355,.F.);
#5355 = EDGE_CURVE('',#5356,#5330,#5358,.T.);
#5356 = VERTEX_POINT('',#5357);
#5357 = CARTESIAN_POINT('',(46.,0.7,4.4));
#5358 = SURFACE_CURVE('',#5359,(#5363,#5369),.PCURVE_S1.);
#5359 = LINE('',#5360,#5361);
#5360 = CARTESIAN_POINT('',(46.,-5.180501579705,4.4));
#5361 = VECTOR('',#5362,1.);
#5362 = DIRECTION('',(0.,1.,0.));
#5363 = PCURVE('',#4816,#5364);
#5364 = DEFINITIONAL_REPRESENTATION('',(#5365),#5368);
#5365 = B_SPLINE_CURVE_WITH_KNOTS('',1,(#5366,#5367),.UNSPECIFIED.,.F.,
  .F.,(2,2),(4.630501579705,6.330501579705),.PIECEWISE_BEZIER_KNOTS.);
#5366 = CARTESIAN_POINT('',(9.610934462678,9.261003159411));
#5367 = CARTESIAN_POINT('',(9.610934462678,10.961003159411));
#5368 = ( GEOMETRIC_REPRESENTATION_CONTEXT(2) 
PARAMETRIC_REPRESENTATION_CONTEXT() REPRESENTATION_CONTEXT('2D SPACE',''
  ) );
#5369 = PCURVE('',#5370,#5375);
#5370 = PLANE('',#5371);
#5371 = AXIS2_PLACEMENT_3D('',#5372,#5373,#5374);
#5372 = CARTESIAN_POINT('',(46.,-0.55,1.8));
#5373 = DIRECTION('',(1.,0.,0.));
#5374 = DIRECTION('',(0.,0.,1.));
#5375 = DEFINITIONAL_REPRESENTATION('',(#5376),#5379);
#5376 = B_SPLINE_CURVE_WITH_KNOTS('',1,(#5377,#5378),.UNSPECIFIED.,.F.,
  .F.,(2,2),(4.630501579705,6.330501579705),.PIECEWISE_BEZIER_KNOTS.);
#5377 = CARTESIAN_POINT('',(2.6,0.));
#5378 = CARTESIAN_POINT('',(2.6,-1.7));
#5379 = ( GEOMETRIC_REPRESENTATION_CONTEXT(2) 
PARAMETRIC_REPRESENTATION_CONTEXT() REPRESENTATION_CONTEXT('2D SPACE',''
  ) );
#5380 = ORIENTED_EDGE('',*,*,#5381,.F.);
#5381 = EDGE_CURVE('',#5382,#5356,#5384,.T.);
#5382 = VERTEX_POINT('',#5383);
#5383 = CARTESIAN_POINT('',(67.,0.7,4.4));
#5384 = SURFACE_CURVE('',#5385,(#5389,#5395),.PCURVE_S1.);
#5385 = LINE('',#5386,#5387);
#5386 = CARTESIAN_POINT('',(17.894532768661,0.7,4.4));
#5387 = VECTOR('',#5388,1.);
#5388 = DIRECTION('',(-1.,0.,0.));
#5389 = PCURVE('',#4816,#5390);
#5390 = DEFINITIONAL_REPRESENTATION('',(#5391),#5394);
#5391 = B_SPLINE_CURVE_WITH_KNOTS('',1,(#5392,#5393),.UNSPECIFIED.,.F.,
  .F.,(2,2),(-53.80546723133,18.494532768661),.PIECEWISE_BEZIER_KNOTS.);
#5392 = CARTESIAN_POINT('',(35.310934462678,10.511003159411));
#5393 = CARTESIAN_POINT('',(-36.98906553732,10.511003159411));
#5394 = ( GEOMETRIC_REPRESENTATION_CONTEXT(2) 
PARAMETRIC_REPRESENTATION_CONTEXT() REPRESENTATION_CONTEXT('2D SPACE',''
  ) );
#5395 = PCURVE('',#5396,#5401);
#5396 = PLANE('',#5397);
#5397 = AXIS2_PLACEMENT_3D('',#5398,#5399,#5400);
#5398 = CARTESIAN_POINT('',(-0.6,0.7,-4.));
#5399 = DIRECTION('',(0.,1.,0.));
#5400 = DIRECTION('',(0.,0.,1.));
#5401 = DEFINITIONAL_REPRESENTATION('',(#5402),#5405);
#5402 = B_SPLINE_CURVE_WITH_KNOTS('',1,(#5403,#5404),.UNSPECIFIED.,.F.,
  .F.,(2,2),(-53.80546723133,18.494532768661),.PIECEWISE_BEZIER_KNOTS.);
#5403 = CARTESIAN_POINT('',(8.4,72.3));
#5404 = CARTESIAN_POINT('',(8.4,0.));
#5405 = ( GEOMETRIC_REPRESENTATION_CONTEXT(2) 
PARAMETRIC_REPRESENTATION_CONTEXT() REPRESENTATION_CONTEXT('2D SPACE',''
  ) );
#5406 = ORIENTED_EDGE('',*,*,#5407,.T.);
#5407 = EDGE_CURVE('',#5382,#5408,#5410,.T.);
#5408 = VERTEX_POINT('',#5409);
#5409 = CARTESIAN_POINT('',(67.,1.15,4.4));
#5410 = SURFACE_CURVE('',#5411,(#5415,#5421),.PCURVE_S1.);
#5411 = LINE('',#5412,#5413);
#5412 = CARTESIAN_POINT('',(67.,-5.180501579705,4.4));
#5413 = VECTOR('',#5414,1.);
#5414 = DIRECTION('',(0.,1.,0.));
#5415 = PCURVE('',#4816,#5416);
#5416 = DEFINITIONAL_REPRESENTATION('',(#5417),#5420);
#5417 = B_SPLINE_CURVE_WITH_KNOTS('',1,(#5418,#5419),.UNSPECIFIED.,.F.,
  .F.,(2,2),(4.630501579705,6.330501579705),.PIECEWISE_BEZIER_KNOTS.);
#5418 = CARTESIAN_POINT('',(30.610934462678,9.261003159411));
#5419 = CARTESIAN_POINT('',(30.610934462678,10.961003159411));
#5420 = ( GEOMETRIC_REPRESENTATION_CONTEXT(2) 
PARAMETRIC_REPRESENTATION_CONTEXT() REPRESENTATION_CONTEXT('2D SPACE',''
  ) );
#5421 = PCURVE('',#5422,#5427);
#5422 = PLANE('',#5423);
#5423 = AXIS2_PLACEMENT_3D('',#5424,#5425,#5426);
#5424 = CARTESIAN_POINT('',(67.,-0.55,1.8));
#5425 = DIRECTION('',(1.,0.,0.));
#5426 = DIRECTION('',(0.,0.,1.));
#5427 = DEFINITIONAL_REPRESENTATION('',(#5428),#5431);
#5428 = B_SPLINE_CURVE_WITH_KNOTS('',1,(#5429,#5430),.UNSPECIFIED.,.F.,
  .F.,(2,2),(4.630501579705,6.330501579705),.PIECEWISE_BEZIER_KNOTS.);
#5429 = CARTESIAN_POINT('',(2.6,0.));
#5430 = CARTESIAN_POINT('',(2.6,-1.7));
#5431 = ( GEOMETRIC_REPRESENTATION_CONTEXT(2) 
PARAMETRIC_REPRESENTATION_CONTEXT() REPRESENTATION_CONTEXT('2D SPACE',''
  ) );
#5432 = ORIENTED_EDGE('',*,*,#5433,.F.);
#5433 = EDGE_CURVE('',#5434,#5408,#5436,.T.);
#5434 = VERTEX_POINT('',#5435);
#5435 = CARTESIAN_POINT('',(69.,1.15,4.4));
#5436 = SURFACE_CURVE('',#5437,(#5441,#5447),.PCURVE_S1.);
#5437 = LINE('',#5438,#5439);
#5438 = CARTESIAN_POINT('',(51.694532768661,1.15,4.4));
#5439 = VECTOR('',#5440,1.);
#5440 = DIRECTION('',(-1.,0.,0.));
#5441 = PCURVE('',#4816,#5442);
#5442 = DEFINITIONAL_REPRESENTATION('',(#5443),#5446);
#5443 = B_SPLINE_CURVE_WITH_KNOTS('',1,(#5444,#5445),.UNSPECIFIED.,.F.,
  .F.,(2,2),(-17.30546723133,-15.30546723133),.PIECEWISE_BEZIER_KNOTS.);
#5444 = CARTESIAN_POINT('',(32.610934462678,10.961003159411));
#5445 = CARTESIAN_POINT('',(30.610934462678,10.961003159411));
#5446 = ( GEOMETRIC_REPRESENTATION_CONTEXT(2) 
PARAMETRIC_REPRESENTATION_CONTEXT() REPRESENTATION_CONTEXT('2D SPACE',''
  ) );
#5447 = PCURVE('',#5448,#5453);
#5448 = PLANE('',#5449);
#5449 = AXIS2_PLACEMENT_3D('',#5450,#5451,#5452);
#5450 = CARTESIAN_POINT('',(67.,1.15,1.8));
#5451 = DIRECTION('',(0.,1.,0.));
#5452 = DIRECTION('',(0.,0.,1.));
#5453 = DEFINITIONAL_REPRESENTATION('',(#5454),#5457);
#5454 = B_SPLINE_CURVE_WITH_KNOTS('',1,(#5455,#5456),.UNSPECIFIED.,.F.,
  .F.,(2,2),(-17.30546723133,-15.30546723133),.PIECEWISE_BEZIER_KNOTS.);
#5455 = CARTESIAN_POINT('',(2.6,2.));
#5456 = CARTESIAN_POINT('',(2.6,0.));
#5457 = ( GEOMETRIC_REPRESENTATION_CONTEXT(2) 
PARAMETRIC_REPRESENTATION_CONTEXT() REPRESENTATION_CONTEXT('2D SPACE',''
  ) );
#5458 = ORIENTED_EDGE('',*,*,#5459,.F.);
#5459 = EDGE_CURVE('',#5460,#5434,#5462,.T.);
#5460 = VERTEX_POINT('',#5461);
#5461 = CARTESIAN_POINT('',(69.,0.7,4.4));
#5462 = SURFACE_CURVE('',#5463,(#5467,#5473),.PCURVE_S1.);
#5463 = LINE('',#5464,#5465);
#5464 = CARTESIAN_POINT('',(69.,-5.180501579705,4.4));
#5465 = VECTOR('',#5466,1.);
#5466 = DIRECTION('',(0.,1.,0.));
#5467 = PCURVE('',#4816,#5468);
#5468 = DEFINITIONAL_REPRESENTATION('',(#5469),#5472);
#5469 = B_SPLINE_CURVE_WITH_KNOTS('',1,(#5470,#5471),.UNSPECIFIED.,.F.,
  .F.,(2,2),(4.630501579705,6.330501579705),.PIECEWISE_BEZIER_KNOTS.);
#5470 = CARTESIAN_POINT('',(32.610934462678,9.261003159411));
#5471 = CARTESIAN_POINT('',(32.610934462678,10.961003159411));
#5472 = ( GEOMETRIC_REPRESENTATION_CONTEXT(2) 
PARAMETRIC_REPRESENTATION_CONTEXT() REPRESENTATION_CONTEXT('2D SPACE',''
  ) );
#5473 = PCURVE('',#5474,#5479);
#5474 = PLANE('',#5475);
#5475 = AXIS2_PLACEMENT_3D('',#5476,#5477,#5478);
#5476 = CARTESIAN_POINT('',(69.,-0.55,1.8));
#5477 = DIRECTION('',(1.,0.,0.));
#5478 = DIRECTION('',(0.,0.,1.));
#5479 = DEFINITIONAL_REPRESENTATION('',(#5480),#5483);
#5480 = B_SPLINE_CURVE_WITH_KNOTS('',1,(#5481,#5482),.UNSPECIFIED.,.F.,
  .F.,(2,2),(4.630501579705,6.330501579705),.PIECEWISE_BEZIER_KNOTS.);
#5481 = CARTESIAN_POINT('',(2.6,0.));
#5482 = CARTESIAN_POINT('',(2.6,-1.7));
#5483 = ( GEOMETRIC_REPRESENTATION_CONTEXT(2) 
PARAMETRIC_REPRESENTATION_CONTEXT() REPRESENTATION_CONTEXT('2D SPACE',''
  ) );
#5484 = ORIENTED_EDGE('',*,*,#5485,.F.);
#5485 = EDGE_CURVE('',#5486,#5460,#5488,.T.);
#5486 = VERTEX_POINT('',#5487);
#5487 = CARTESIAN_POINT('',(71.7,0.7,4.4));
#5488 = SURFACE_CURVE('',#5489,(#5493,#5499),.PCURVE_S1.);
#5489 = LINE('',#5490,#5491);
#5490 = CARTESIAN_POINT('',(17.894532768661,0.7,4.4));
#5491 = VECTOR('',#5492,1.);
#5492 = DIRECTION('',(-1.,0.,0.));
#5493 = PCURVE('',#4816,#5494);
#5494 = DEFINITIONAL_REPRESENTATION('',(#5495),#5498);
#5495 = B_SPLINE_CURVE_WITH_KNOTS('',1,(#5496,#5497),.UNSPECIFIED.,.F.,
  .F.,(2,2),(-53.80546723133,18.494532768661),.PIECEWISE_BEZIER_KNOTS.);
#5496 = CARTESIAN_POINT('',(35.310934462678,10.511003159411));
#5497 = CARTESIAN_POINT('',(-36.98906553732,10.511003159411));
#5498 = ( GEOMETRIC_REPRESENTATION_CONTEXT(2) 
PARAMETRIC_REPRESENTATION_CONTEXT() REPRESENTATION_CONTEXT('2D SPACE',''
  ) );
#5499 = PCURVE('',#5500,#5505);
#5500 = PLANE('',#5501);
#5501 = AXIS2_PLACEMENT_3D('',#5502,#5503,#5504);
#5502 = CARTESIAN_POINT('',(-0.6,0.7,-4.));
#5503 = DIRECTION('',(0.,1.,0.));
#5504 = DIRECTION('',(0.,0.,1.));
#5505 = DEFINITIONAL_REPRESENTATION('',(#5506),#5509);
#5506 = B_SPLINE_CURVE_WITH_KNOTS('',1,(#5507,#5508),.UNSPECIFIED.,.F.,
  .F.,(2,2),(-53.80546723133,18.494532768661),.PIECEWISE_BEZIER_KNOTS.);
#5507 = CARTESIAN_POINT('',(8.4,72.3));
#5508 = CARTESIAN_POINT('',(8.4,0.));
#5509 = ( GEOMETRIC_REPRESENTATION_CONTEXT(2) 
PARAMETRIC_REPRESENTATION_CONTEXT() REPRESENTATION_CONTEXT('2D SPACE',''
  ) );
#5510 = ORIENTED_EDGE('',*,*,#5511,.F.);
#5511 = EDGE_CURVE('',#4802,#5486,#5512,.T.);
#5512 = SURFACE_CURVE('',#5513,(#5517,#5523),.PCURVE_S1.);
#5513 = LINE('',#5514,#5515);
#5514 = CARTESIAN_POINT('',(71.7,-15.8305015797,4.4));
#5515 = VECTOR('',#5516,1.);
#5516 = DIRECTION('',(0.,1.,0.));
#5517 = PCURVE('',#4816,#5518);
#5518 = DEFINITIONAL_REPRESENTATION('',(#5519),#5522);
#5519 = B_SPLINE_CURVE_WITH_KNOTS('',1,(#5520,#5521),.UNSPECIFIED.,.F.,
  .F.,(2,2),(-6.019498420295,16.530501579705),.PIECEWISE_BEZIER_KNOTS.);
#5520 = CARTESIAN_POINT('',(35.310934462678,-12.03899684058));
#5521 = CARTESIAN_POINT('',(35.310934462678,10.511003159411));
#5522 = ( GEOMETRIC_REPRESENTATION_CONTEXT(2) 
PARAMETRIC_REPRESENTATION_CONTEXT() REPRESENTATION_CONTEXT('2D SPACE',''
  ) );
#5523 = PCURVE('',#4840,#5524);
#5524 = DEFINITIONAL_REPRESENTATION('',(#5525),#5528);
#5525 = B_SPLINE_CURVE_WITH_KNOTS('',1,(#5526,#5527),.UNSPECIFIED.,.F.,
  .F.,(2,2),(-6.019498420295,16.530501579705),.PIECEWISE_BEZIER_KNOTS.);
#5526 = CARTESIAN_POINT('',(8.4,0.));
#5527 = CARTESIAN_POINT('',(8.4,-22.55));
#5528 = ( GEOMETRIC_REPRESENTATION_CONTEXT(2) 
PARAMETRIC_REPRESENTATION_CONTEXT() REPRESENTATION_CONTEXT('2D SPACE',''
  ) );
#5529 = FACE_BOUND('',#5530,.F.);
#5530 = EDGE_LOOP('',(#5531,#5559,#5585,#5611,#5637,#5663));
#5531 = ORIENTED_EDGE('',*,*,#5532,.T.);
#5532 = EDGE_CURVE('',#5533,#5535,#5537,.T.);
#5533 = VERTEX_POINT('',#5534);
#5534 = CARTESIAN_POINT('',(66.744263164513,5.575,4.4));
#5535 = VERTEX_POINT('',#5536);
#5536 = CARTESIAN_POINT('',(69.255736835487,5.575,4.4));
#5537 = SURFACE_CURVE('',#5538,(#5542,#5548),.PCURVE_S1.);
#5538 = LINE('',#5539,#5540);
#5539 = CARTESIAN_POINT('',(52.822401186405,5.575,4.4));
#5540 = VECTOR('',#5541,1.);
#5541 = DIRECTION('',(1.,-1.768241550698E-16,0.));
#5542 = PCURVE('',#4816,#5543);
#5543 = DEFINITIONAL_REPRESENTATION('',(#5544),#5547);
#5544 = B_SPLINE_CURVE_WITH_KNOTS('',1,(#5545,#5546),.UNSPECIFIED.,.F.,
  .F.,(2,2),(13.921861978108,16.433335649083),.PIECEWISE_BEZIER_KNOTS.);
#5545 = CARTESIAN_POINT('',(30.35519762719,15.386003159411));
#5546 = CARTESIAN_POINT('',(32.866671298165,15.386003159411));
#5547 = ( GEOMETRIC_REPRESENTATION_CONTEXT(2) 
PARAMETRIC_REPRESENTATION_CONTEXT() REPRESENTATION_CONTEXT('2D SPACE',''
  ) );
#5548 = PCURVE('',#5549,#5554);
#5549 = PLANE('',#5550);
#5550 = AXIS2_PLACEMENT_3D('',#5551,#5552,#5553);
#5551 = CARTESIAN_POINT('',(69.255736835487,5.575,4.3));
#5552 = DIRECTION('',(-1.768241550698E-16,-1.,0.));
#5553 = DIRECTION('',(-1.,1.768241550698E-16,0.));
#5554 = DEFINITIONAL_REPRESENTATION('',(#5555),#5558);
#5555 = B_SPLINE_CURVE_WITH_KNOTS('',1,(#5556,#5557),.UNSPECIFIED.,.F.,
  .F.,(2,2),(13.921861978108,16.433335649083),.PIECEWISE_BEZIER_KNOTS.);
#5556 = CARTESIAN_POINT('',(2.511473670975,-1.E-01));
#5557 = CARTESIAN_POINT('',(0.,-1.E-01));
#5558 = ( GEOMETRIC_REPRESENTATION_CONTEXT(2) 
PARAMETRIC_REPRESENTATION_CONTEXT() REPRESENTATION_CONTEXT('2D SPACE',''
  ) );
#5559 = ORIENTED_EDGE('',*,*,#5560,.T.);
#5560 = EDGE_CURVE('',#5535,#5561,#5563,.T.);
#5561 = VERTEX_POINT('',#5562);
#5562 = CARTESIAN_POINT('',(70.511473670975,3.4,4.4));
#5563 = SURFACE_CURVE('',#5564,(#5568,#5574),.PCURVE_S1.);
#5564 = LINE('',#5565,#5566);
#5565 = CARTESIAN_POINT('',(69.10643874065,5.833591885732,4.4));
#5566 = VECTOR('',#5567,1.);
#5567 = DIRECTION('',(0.5,-0.866025403784,0.));
#5568 = PCURVE('',#4816,#5569);
#5569 = DEFINITIONAL_REPRESENTATION('',(#5570),#5573);
#5570 = B_SPLINE_CURVE_WITH_KNOTS('',1,(#5571,#5572),.UNSPECIFIED.,.F.,
  .F.,(2,2),(0.298596189675,2.81006986065),.PIECEWISE_BEZIER_KNOTS.);
#5571 = CARTESIAN_POINT('',(32.866671298165,15.386003159411));
#5572 = CARTESIAN_POINT('',(34.122408133653,13.211003159411));
#5573 = ( GEOMETRIC_REPRESENTATION_CONTEXT(2) 
PARAMETRIC_REPRESENTATION_CONTEXT() REPRESENTATION_CONTEXT('2D SPACE',''
  ) );
#5574 = PCURVE('',#5575,#5580);
#5575 = PLANE('',#5576);
#5576 = AXIS2_PLACEMENT_3D('',#5577,#5578,#5579);
#5577 = CARTESIAN_POINT('',(70.511473670975,3.4,4.3));
#5578 = DIRECTION('',(-0.866025403784,-0.5,0.));
#5579 = DIRECTION('',(-0.5,0.866025403784,0.));
#5580 = DEFINITIONAL_REPRESENTATION('',(#5581),#5584);
#5581 = B_SPLINE_CURVE_WITH_KNOTS('',1,(#5582,#5583),.UNSPECIFIED.,.F.,
  .F.,(2,2),(0.298596189675,2.81006986065),.PIECEWISE_BEZIER_KNOTS.);
#5582 = CARTESIAN_POINT('',(2.511473670975,-1.E-01));
#5583 = CARTESIAN_POINT('',(0.,-1.E-01));
#5584 = ( GEOMETRIC_REPRESENTATION_CONTEXT(2) 
PARAMETRIC_REPRESENTATION_CONTEXT() REPRESENTATION_CONTEXT('2D SPACE',''
  ) );
#5585 = ORIENTED_EDGE('',*,*,#5586,.T.);
#5586 = EDGE_CURVE('',#5561,#5587,#5589,.T.);
#5587 = VERTEX_POINT('',#5588);
#5588 = CARTESIAN_POINT('',(69.255736835487,1.225,4.4));
#5589 = SURFACE_CURVE('',#5590,(#5594,#5600),.PCURVE_S1.);
#5590 = LINE('',#5591,#5592);
#5591 = CARTESIAN_POINT('',(62.758038150143,-10.02934425529,4.4));
#5592 = VECTOR('',#5593,1.);
#5593 = DIRECTION('',(-0.5,-0.866025403784,0.));
#5594 = PCURVE('',#4816,#5595);
#5595 = DEFINITIONAL_REPRESENTATION('',(#5596),#5599);
#5596 = B_SPLINE_CURVE_WITH_KNOTS('',1,(#5597,#5598),.UNSPECIFIED.,.F.,
  .F.,(2,2),(-15.50687104166,-12.99539737068),.PIECEWISE_BEZIER_KNOTS.);
#5597 = CARTESIAN_POINT('',(34.122408133653,13.211003159411));
#5598 = CARTESIAN_POINT('',(32.866671298165,11.036003159411));
#5599 = ( GEOMETRIC_REPRESENTATION_CONTEXT(2) 
PARAMETRIC_REPRESENTATION_CONTEXT() REPRESENTATION_CONTEXT('2D SPACE',''
  ) );
#5600 = PCURVE('',#5601,#5606);
#5601 = PLANE('',#5602);
#5602 = AXIS2_PLACEMENT_3D('',#5603,#5604,#5605);
#5603 = CARTESIAN_POINT('',(69.255736835487,1.225,4.3));
#5604 = DIRECTION('',(-0.866025403784,0.5,0.));
#5605 = DIRECTION('',(0.5,0.866025403784,0.));
#5606 = DEFINITIONAL_REPRESENTATION('',(#5607),#5610);
#5607 = B_SPLINE_CURVE_WITH_KNOTS('',1,(#5608,#5609),.UNSPECIFIED.,.F.,
  .F.,(2,2),(-15.50687104166,-12.99539737068),.PIECEWISE_BEZIER_KNOTS.);
#5608 = CARTESIAN_POINT('',(2.511473670975,-1.E-01));
#5609 = CARTESIAN_POINT('',(0.,-1.E-01));
#5610 = ( GEOMETRIC_REPRESENTATION_CONTEXT(2) 
PARAMETRIC_REPRESENTATION_CONTEXT() REPRESENTATION_CONTEXT('2D SPACE',''
  ) );
#5611 = ORIENTED_EDGE('',*,*,#5612,.T.);
#5612 = EDGE_CURVE('',#5587,#5613,#5615,.T.);
#5613 = VERTEX_POINT('',#5614);
#5614 = CARTESIAN_POINT('',(66.744263164513,1.225,4.4));
#5615 = SURFACE_CURVE('',#5616,(#5620,#5626),.PCURVE_S1.);
#5616 = LINE('',#5617,#5618);
#5617 = CARTESIAN_POINT('',(51.566664350917,1.225,4.4));
#5618 = VECTOR('',#5619,1.);
#5619 = DIRECTION('',(-1.,7.07296620279E-16,0.));
#5620 = PCURVE('',#4816,#5621);
#5621 = DEFINITIONAL_REPRESENTATION('',(#5622),#5625);
#5622 = B_SPLINE_CURVE_WITH_KNOTS('',1,(#5623,#5624),.UNSPECIFIED.,.F.,
  .F.,(2,2),(-17.68907248457,-15.17759881359),.PIECEWISE_BEZIER_KNOTS.);
#5623 = CARTESIAN_POINT('',(32.866671298165,11.036003159411));
#5624 = CARTESIAN_POINT('',(30.35519762719,11.036003159411));
#5625 = ( GEOMETRIC_REPRESENTATION_CONTEXT(2) 
PARAMETRIC_REPRESENTATION_CONTEXT() REPRESENTATION_CONTEXT('2D SPACE',''
  ) );
#5626 = PCURVE('',#5627,#5632);
#5627 = PLANE('',#5628);
#5628 = AXIS2_PLACEMENT_3D('',#5629,#5630,#5631);
#5629 = CARTESIAN_POINT('',(66.744263164513,1.225,4.3));
#5630 = DIRECTION('',(7.07296620279E-16,1.,-0.));
#5631 = DIRECTION('',(1.,-7.07296620279E-16,0.));
#5632 = DEFINITIONAL_REPRESENTATION('',(#5633),#5636);
#5633 = B_SPLINE_CURVE_WITH_KNOTS('',1,(#5634,#5635),.UNSPECIFIED.,.F.,
  .F.,(2,2),(-17.68907248457,-15.17759881359),.PIECEWISE_BEZIER_KNOTS.);
#5634 = CARTESIAN_POINT('',(2.511473670975,-1.E-01));
#5635 = CARTESIAN_POINT('',(0.,-1.E-01));
#5636 = ( GEOMETRIC_REPRESENTATION_CONTEXT(2) 
PARAMETRIC_REPRESENTATION_CONTEXT() REPRESENTATION_CONTEXT('2D SPACE',''
  ) );
#5637 = ORIENTED_EDGE('',*,*,#5638,.T.);
#5638 = EDGE_CURVE('',#5613,#5639,#5641,.T.);
#5639 = VERTEX_POINT('',#5640);
#5640 = CARTESIAN_POINT('',(65.488526329025,3.4,4.4));
#5641 = SURFACE_CURVE('',#5642,(#5646,#5652),.PCURVE_S1.);
#5642 = LINE('',#5643,#5644);
#5643 = CARTESIAN_POINT('',(64.711359816444,4.746091885732,4.4));
#5644 = VECTOR('',#5645,1.);
#5645 = DIRECTION('',(-0.5,0.866025403784,0.));
#5646 = PCURVE('',#4816,#5647);
#5647 = DEFINITIONAL_REPRESENTATION('',(#5648),#5651);
#5648 = B_SPLINE_CURVE_WITH_KNOTS('',1,(#5649,#5650),.UNSPECIFIED.,.F.,
  .F.,(2,2),(-4.065806696138,-1.554333025163),.PIECEWISE_BEZIER_KNOTS.);
#5649 = CARTESIAN_POINT('',(30.35519762719,11.036003159411));
#5650 = CARTESIAN_POINT('',(29.099460791703,13.211003159411));
#5651 = ( GEOMETRIC_REPRESENTATION_CONTEXT(2) 
PARAMETRIC_REPRESENTATION_CONTEXT() REPRESENTATION_CONTEXT('2D SPACE',''
  ) );
#5652 = PCURVE('',#5653,#5658);
#5653 = PLANE('',#5654);
#5654 = AXIS2_PLACEMENT_3D('',#5655,#5656,#5657);
#5655 = CARTESIAN_POINT('',(65.488526329025,3.4,4.3));
#5656 = DIRECTION('',(0.866025403784,0.5,-0.));
#5657 = DIRECTION('',(0.5,-0.866025403784,0.));
#5658 = DEFINITIONAL_REPRESENTATION('',(#5659),#5662);
#5659 = B_SPLINE_CURVE_WITH_KNOTS('',1,(#5660,#5661),.UNSPECIFIED.,.F.,
  .F.,(2,2),(-4.065806696138,-1.554333025163),.PIECEWISE_BEZIER_KNOTS.);
#5660 = CARTESIAN_POINT('',(2.511473670975,-1.E-01));
#5661 = CARTESIAN_POINT('',(0.,-1.E-01));
#5662 = ( GEOMETRIC_REPRESENTATION_CONTEXT(2) 
PARAMETRIC_REPRESENTATION_CONTEXT() REPRESENTATION_CONTEXT('2D SPACE',''
  ) );
#5663 = ORIENTED_EDGE('',*,*,#5664,.T.);
#5664 = EDGE_CURVE('',#5639,#5533,#5665,.T.);
#5665 = SURFACE_CURVE('',#5666,(#5670,#5676),.PCURVE_S1.);
#5666 = LINE('',#5667,#5668);
#5667 = CARTESIAN_POINT('',(59.618696061424,-6.76684425529,4.4));
#5668 = VECTOR('',#5669,1.);
#5669 = DIRECTION('',(0.5,0.866025403784,-0.));
#5670 = PCURVE('',#4816,#5671);
#5671 = DEFINITIONAL_REPRESENTATION('',(#5672),#5675);
#5672 = B_SPLINE_CURVE_WITH_KNOTS('',1,(#5673,#5674),.UNSPECIFIED.,.F.,
  .F.,(2,2),(11.739660535201,14.251134206176),.PIECEWISE_BEZIER_KNOTS.);
#5673 = CARTESIAN_POINT('',(29.099460791703,13.211003159411));
#5674 = CARTESIAN_POINT('',(30.35519762719,15.386003159411));
#5675 = ( GEOMETRIC_REPRESENTATION_CONTEXT(2) 
PARAMETRIC_REPRESENTATION_CONTEXT() REPRESENTATION_CONTEXT('2D SPACE',''
  ) );
#5676 = PCURVE('',#5677,#5682);
#5677 = PLANE('',#5678);
#5678 = AXIS2_PLACEMENT_3D('',#5679,#5680,#5681);
#5679 = CARTESIAN_POINT('',(66.744263164513,5.575,4.3));
#5680 = DIRECTION('',(0.866025403784,-0.5,0.));
#5681 = DIRECTION('',(-0.5,-0.866025403784,0.));
#5682 = DEFINITIONAL_REPRESENTATION('',(#5683),#5686);
#5683 = B_SPLINE_CURVE_WITH_KNOTS('',1,(#5684,#5685),.UNSPECIFIED.,.F.,
  .F.,(2,2),(11.739660535201,14.251134206176),.PIECEWISE_BEZIER_KNOTS.);
#5684 = CARTESIAN_POINT('',(2.511473670975,-1.E-01));
#5685 = CARTESIAN_POINT('',(0.,-1.E-01));
#5686 = ( GEOMETRIC_REPRESENTATION_CONTEXT(2) 
PARAMETRIC_REPRESENTATION_CONTEXT() REPRESENTATION_CONTEXT('2D SPACE',''
  ) );
#5687 = ADVANCED_FACE('',(#5688),#5627,.T.);
#5688 = FACE_BOUND('',#5689,.T.);
#5689 = EDGE_LOOP('',(#5690,#5691,#5714,#5742));
#5690 = ORIENTED_EDGE('',*,*,#5612,.T.);
#5691 = ORIENTED_EDGE('',*,*,#5692,.T.);
#5692 = EDGE_CURVE('',#5613,#5693,#5695,.T.);
#5693 = VERTEX_POINT('',#5694);
#5694 = CARTESIAN_POINT('',(66.744263164513,1.225,7.2));
#5695 = SURFACE_CURVE('',#5696,(#5700,#5707),.PCURVE_S1.);
#5696 = LINE('',#5697,#5698);
#5697 = CARTESIAN_POINT('',(66.744263164513,1.225,4.3));
#5698 = VECTOR('',#5699,1.);
#5699 = DIRECTION('',(0.,0.,1.));
#5700 = PCURVE('',#5627,#5701);
#5701 = DEFINITIONAL_REPRESENTATION('',(#5702),#5706);
#5702 = LINE('',#5703,#5704);
#5703 = CARTESIAN_POINT('',(0.,0.));
#5704 = VECTOR('',#5705,1.);
#5705 = DIRECTION('',(0.,-1.));
#5706 = ( GEOMETRIC_REPRESENTATION_CONTEXT(2) 
PARAMETRIC_REPRESENTATION_CONTEXT() REPRESENTATION_CONTEXT('2D SPACE',''
  ) );
#5707 = PCURVE('',#5653,#5708);
#5708 = DEFINITIONAL_REPRESENTATION('',(#5709),#5713);
#5709 = LINE('',#5710,#5711);
#5710 = CARTESIAN_POINT('',(2.511473670975,0.));
#5711 = VECTOR('',#5712,1.);
#5712 = DIRECTION('',(0.,-1.));
#5713 = ( GEOMETRIC_REPRESENTATION_CONTEXT(2) 
PARAMETRIC_REPRESENTATION_CONTEXT() REPRESENTATION_CONTEXT('2D SPACE',''
  ) );
#5714 = ORIENTED_EDGE('',*,*,#5715,.T.);
#5715 = EDGE_CURVE('',#5693,#5716,#5718,.T.);
#5716 = VERTEX_POINT('',#5717);
#5717 = CARTESIAN_POINT('',(69.255736835487,1.225,7.2));
#5718 = SURFACE_CURVE('',#5719,(#5723,#5730),.PCURVE_S1.);
#5719 = LINE('',#5720,#5721);
#5720 = CARTESIAN_POINT('',(66.744263164513,1.225,7.2));
#5721 = VECTOR('',#5722,1.);
#5722 = DIRECTION('',(1.,-7.07296620279E-16,0.));
#5723 = PCURVE('',#5627,#5724);
#5724 = DEFINITIONAL_REPRESENTATION('',(#5725),#5729);
#5725 = LINE('',#5726,#5727);
#5726 = CARTESIAN_POINT('',(0.,-2.9));
#5727 = VECTOR('',#5728,1.);
#5728 = DIRECTION('',(1.,0.));
#5729 = ( GEOMETRIC_REPRESENTATION_CONTEXT(2) 
PARAMETRIC_REPRESENTATION_CONTEXT() REPRESENTATION_CONTEXT('2D SPACE',''
  ) );
#5730 = PCURVE('',#5731,#5736);
#5731 = PLANE('',#5732);
#5732 = AXIS2_PLACEMENT_3D('',#5733,#5734,#5735);
#5733 = CARTESIAN_POINT('',(68.,3.4,7.2));
#5734 = DIRECTION('',(0.,0.,1.));
#5735 = DIRECTION('',(1.,0.,-0.));
#5736 = DEFINITIONAL_REPRESENTATION('',(#5737),#5741);
#5737 = LINE('',#5738,#5739);
#5738 = CARTESIAN_POINT('',(-1.255736835487,-2.175));
#5739 = VECTOR('',#5740,1.);
#5740 = DIRECTION('',(1.,-7.07296620279E-16));
#5741 = ( GEOMETRIC_REPRESENTATION_CONTEXT(2) 
PARAMETRIC_REPRESENTATION_CONTEXT() REPRESENTATION_CONTEXT('2D SPACE',''
  ) );
#5742 = ORIENTED_EDGE('',*,*,#5743,.F.);
#5743 = EDGE_CURVE('',#5587,#5716,#5744,.T.);
#5744 = SURFACE_CURVE('',#5745,(#5749,#5756),.PCURVE_S1.);
#5745 = LINE('',#5746,#5747);
#5746 = CARTESIAN_POINT('',(69.255736835487,1.225,4.3));
#5747 = VECTOR('',#5748,1.);
#5748 = DIRECTION('',(0.,0.,1.));
#5749 = PCURVE('',#5627,#5750);
#5750 = DEFINITIONAL_REPRESENTATION('',(#5751),#5755);
#5751 = LINE('',#5752,#5753);
#5752 = CARTESIAN_POINT('',(2.511473670975,0.));
#5753 = VECTOR('',#5754,1.);
#5754 = DIRECTION('',(0.,-1.));
#5755 = ( GEOMETRIC_REPRESENTATION_CONTEXT(2) 
PARAMETRIC_REPRESENTATION_CONTEXT() REPRESENTATION_CONTEXT('2D SPACE',''
  ) );
#5756 = PCURVE('',#5601,#5757);
#5757 = DEFINITIONAL_REPRESENTATION('',(#5758),#5762);
#5758 = LINE('',#5759,#5760);
#5759 = CARTESIAN_POINT('',(0.,0.));
#5760 = VECTOR('',#5761,1.);
#5761 = DIRECTION('',(0.,-1.));
#5762 = ( GEOMETRIC_REPRESENTATION_CONTEXT(2) 
PARAMETRIC_REPRESENTATION_CONTEXT() REPRESENTATION_CONTEXT('2D SPACE',''
  ) );
#5763 = ADVANCED_FACE('',(#5764,#5880),#5731,.F.);
#5764 = FACE_BOUND('',#5765,.F.);
#5765 = EDGE_LOOP('',(#5766,#5791,#5814,#5837,#5858,#5859));
#5766 = ORIENTED_EDGE('',*,*,#5767,.T.);
#5767 = EDGE_CURVE('',#5768,#5770,#5772,.T.);
#5768 = VERTEX_POINT('',#5769);
#5769 = CARTESIAN_POINT('',(70.511473670975,3.4,7.2));
#5770 = VERTEX_POINT('',#5771);
#5771 = CARTESIAN_POINT('',(69.255736835487,5.575,7.2));
#5772 = SURFACE_CURVE('',#5773,(#5777,#5784),.PCURVE_S1.);
#5773 = LINE('',#5774,#5775);
#5774 = CARTESIAN_POINT('',(70.511473670975,3.4,7.2));
#5775 = VECTOR('',#5776,1.);
#5776 = DIRECTION('',(-0.5,0.866025403784,0.));
#5777 = PCURVE('',#5731,#5778);
#5778 = DEFINITIONAL_REPRESENTATION('',(#5779),#5783);
#5779 = LINE('',#5780,#5781);
#5780 = CARTESIAN_POINT('',(2.511473670975,4.440892098501E-16));
#5781 = VECTOR('',#5782,1.);
#5782 = DIRECTION('',(-0.5,0.866025403784));
#5783 = ( GEOMETRIC_REPRESENTATION_CONTEXT(2) 
PARAMETRIC_REPRESENTATION_CONTEXT() REPRESENTATION_CONTEXT('2D SPACE',''
  ) );
#5784 = PCURVE('',#5575,#5785);
#5785 = DEFINITIONAL_REPRESENTATION('',(#5786),#5790);
#5786 = LINE('',#5787,#5788);
#5787 = CARTESIAN_POINT('',(0.,-2.9));
#5788 = VECTOR('',#5789,1.);
#5789 = DIRECTION('',(1.,0.));
#5790 = ( GEOMETRIC_REPRESENTATION_CONTEXT(2) 
PARAMETRIC_REPRESENTATION_CONTEXT() REPRESENTATION_CONTEXT('2D SPACE',''
  ) );
#5791 = ORIENTED_EDGE('',*,*,#5792,.T.);
#5792 = EDGE_CURVE('',#5770,#5793,#5795,.T.);
#5793 = VERTEX_POINT('',#5794);
#5794 = CARTESIAN_POINT('',(66.744263164513,5.575,7.2));
#5795 = SURFACE_CURVE('',#5796,(#5800,#5807),.PCURVE_S1.);
#5796 = LINE('',#5797,#5798);
#5797 = CARTESIAN_POINT('',(69.255736835487,5.575,7.2));
#5798 = VECTOR('',#5799,1.);
#5799 = DIRECTION('',(-1.,1.768241550698E-16,0.));
#5800 = PCURVE('',#5731,#5801);
#5801 = DEFINITIONAL_REPRESENTATION('',(#5802),#5806);
#5802 = LINE('',#5803,#5804);
#5803 = CARTESIAN_POINT('',(1.255736835487,2.175));
#5804 = VECTOR('',#5805,1.);
#5805 = DIRECTION('',(-1.,1.768241550698E-16));
#5806 = ( GEOMETRIC_REPRESENTATION_CONTEXT(2) 
PARAMETRIC_REPRESENTATION_CONTEXT() REPRESENTATION_CONTEXT('2D SPACE',''
  ) );
#5807 = PCURVE('',#5549,#5808);
#5808 = DEFINITIONAL_REPRESENTATION('',(#5809),#5813);
#5809 = LINE('',#5810,#5811);
#5810 = CARTESIAN_POINT('',(0.,-2.9));
#5811 = VECTOR('',#5812,1.);
#5812 = DIRECTION('',(1.,0.));
#5813 = ( GEOMETRIC_REPRESENTATION_CONTEXT(2) 
PARAMETRIC_REPRESENTATION_CONTEXT() REPRESENTATION_CONTEXT('2D SPACE',''
  ) );
#5814 = ORIENTED_EDGE('',*,*,#5815,.T.);
#5815 = EDGE_CURVE('',#5793,#5816,#5818,.T.);
#5816 = VERTEX_POINT('',#5817);
#5817 = CARTESIAN_POINT('',(65.488526329025,3.4,7.2));
#5818 = SURFACE_CURVE('',#5819,(#5823,#5830),.PCURVE_S1.);
#5819 = LINE('',#5820,#5821);
#5820 = CARTESIAN_POINT('',(66.744263164513,5.575,7.2));
#5821 = VECTOR('',#5822,1.);
#5822 = DIRECTION('',(-0.5,-0.866025403784,0.));
#5823 = PCURVE('',#5731,#5824);
#5824 = DEFINITIONAL_REPRESENTATION('',(#5825),#5829);
#5825 = LINE('',#5826,#5827);
#5826 = CARTESIAN_POINT('',(-1.255736835487,2.175));
#5827 = VECTOR('',#5828,1.);
#5828 = DIRECTION('',(-0.5,-0.866025403784));
#5829 = ( GEOMETRIC_REPRESENTATION_CONTEXT(2) 
PARAMETRIC_REPRESENTATION_CONTEXT() REPRESENTATION_CONTEXT('2D SPACE',''
  ) );
#5830 = PCURVE('',#5677,#5831);
#5831 = DEFINITIONAL_REPRESENTATION('',(#5832),#5836);
#5832 = LINE('',#5833,#5834);
#5833 = CARTESIAN_POINT('',(0.,-2.9));
#5834 = VECTOR('',#5835,1.);
#5835 = DIRECTION('',(1.,0.));
#5836 = ( GEOMETRIC_REPRESENTATION_CONTEXT(2) 
PARAMETRIC_REPRESENTATION_CONTEXT() REPRESENTATION_CONTEXT('2D SPACE',''
  ) );
#5837 = ORIENTED_EDGE('',*,*,#5838,.T.);
#5838 = EDGE_CURVE('',#5816,#5693,#5839,.T.);
#5839 = SURFACE_CURVE('',#5840,(#5844,#5851),.PCURVE_S1.);
#5840 = LINE('',#5841,#5842);
#5841 = CARTESIAN_POINT('',(65.488526329025,3.4,7.2));
#5842 = VECTOR('',#5843,1.);
#5843 = DIRECTION('',(0.5,-0.866025403784,0.));
#5844 = PCURVE('',#5731,#5845);
#5845 = DEFINITIONAL_REPRESENTATION('',(#5846),#5850);
#5846 = LINE('',#5847,#5848);
#5847 = CARTESIAN_POINT('',(-2.511473670975,8.881784197001E-16));
#5848 = VECTOR('',#5849,1.);
#5849 = DIRECTION('',(0.5,-0.866025403784));
#5850 = ( GEOMETRIC_REPRESENTATION_CONTEXT(2) 
PARAMETRIC_REPRESENTATION_CONTEXT() REPRESENTATION_CONTEXT('2D SPACE',''
  ) );
#5851 = PCURVE('',#5653,#5852);
#5852 = DEFINITIONAL_REPRESENTATION('',(#5853),#5857);
#5853 = LINE('',#5854,#5855);
#5854 = CARTESIAN_POINT('',(0.,-2.9));
#5855 = VECTOR('',#5856,1.);
#5856 = DIRECTION('',(1.,0.));
#5857 = ( GEOMETRIC_REPRESENTATION_CONTEXT(2) 
PARAMETRIC_REPRESENTATION_CONTEXT() REPRESENTATION_CONTEXT('2D SPACE',''
  ) );
#5858 = ORIENTED_EDGE('',*,*,#5715,.T.);
#5859 = ORIENTED_EDGE('',*,*,#5860,.T.);
#5860 = EDGE_CURVE('',#5716,#5768,#5861,.T.);
#5861 = SURFACE_CURVE('',#5862,(#5866,#5873),.PCURVE_S1.);
#5862 = LINE('',#5863,#5864);
#5863 = CARTESIAN_POINT('',(69.255736835487,1.225,7.2));
#5864 = VECTOR('',#5865,1.);
#5865 = DIRECTION('',(0.5,0.866025403784,0.));
#5866 = PCURVE('',#5731,#5867);
#5867 = DEFINITIONAL_REPRESENTATION('',(#5868),#5872);
#5868 = LINE('',#5869,#5870);
#5869 = CARTESIAN_POINT('',(1.255736835487,-2.175));
#5870 = VECTOR('',#5871,1.);
#5871 = DIRECTION('',(0.5,0.866025403784));
#5872 = ( GEOMETRIC_REPRESENTATION_CONTEXT(2) 
PARAMETRIC_REPRESENTATION_CONTEXT() REPRESENTATION_CONTEXT('2D SPACE',''
  ) );
#5873 = PCURVE('',#5601,#5874);
#5874 = DEFINITIONAL_REPRESENTATION('',(#5875),#5879);
#5875 = LINE('',#5876,#5877);
#5876 = CARTESIAN_POINT('',(0.,-2.9));
#5877 = VECTOR('',#5878,1.);
#5878 = DIRECTION('',(1.,0.));
#5879 = ( GEOMETRIC_REPRESENTATION_CONTEXT(2) 
PARAMETRIC_REPRESENTATION_CONTEXT() REPRESENTATION_CONTEXT('2D SPACE',''
  ) );
#5880 = FACE_BOUND('',#5881,.F.);
#5881 = EDGE_LOOP('',(#5882));
#5882 = ORIENTED_EDGE('',*,*,#5883,.T.);
#5883 = EDGE_CURVE('',#5884,#5884,#5886,.T.);
#5884 = VERTEX_POINT('',#5885);
#5885 = CARTESIAN_POINT('',(69.2,3.4,7.2));
#5886 = SURFACE_CURVE('',#5887,(#5892,#5903),.PCURVE_S1.);
#5887 = CIRCLE('',#5888,1.2);
#5888 = AXIS2_PLACEMENT_3D('',#5889,#5890,#5891);
#5889 = CARTESIAN_POINT('',(68.,3.4,7.2));
#5890 = DIRECTION('',(0.,0.,-1.));
#5891 = DIRECTION('',(1.,0.,0.));
#5892 = PCURVE('',#5731,#5893);
#5893 = DEFINITIONAL_REPRESENTATION('',(#5894),#5902);
#5894 = ( BOUNDED_CURVE() B_SPLINE_CURVE(2,(#5895,#5896,#5897,#5898,
#5899,#5900,#5901),.UNSPECIFIED.,.T.,.F.) B_SPLINE_CURVE_WITH_KNOTS((1,2
    ,2,2,2,1),(-2.094395102393,0.,2.094395102393,4.188790204786,
6.28318530718,8.377580409573),.UNSPECIFIED.) CURVE() 
GEOMETRIC_REPRESENTATION_ITEM() RATIONAL_B_SPLINE_CURVE((1.,0.5,1.,0.5,
1.,0.5,1.)) REPRESENTATION_ITEM('') );
#5895 = CARTESIAN_POINT('',(1.2,4.440892098501E-16));
#5896 = CARTESIAN_POINT('',(1.2,-2.078460969083));
#5897 = CARTESIAN_POINT('',(-0.6,-1.039230484541));
#5898 = CARTESIAN_POINT('',(-2.4,1.501739780547E-16));
#5899 = CARTESIAN_POINT('',(-0.6,1.039230484541));
#5900 = CARTESIAN_POINT('',(1.2,2.078460969083));
#5901 = CARTESIAN_POINT('',(1.2,4.440892098501E-16));
#5902 = ( GEOMETRIC_REPRESENTATION_CONTEXT(2) 
PARAMETRIC_REPRESENTATION_CONTEXT() REPRESENTATION_CONTEXT('2D SPACE',''
  ) );
#5903 = PCURVE('',#5904,#5909);
#5904 = CYLINDRICAL_SURFACE('',#5905,1.2);
#5905 = AXIS2_PLACEMENT_3D('',#5906,#5907,#5908);
#5906 = CARTESIAN_POINT('',(68.,3.4,4.3));
#5907 = DIRECTION('',(-0.,-0.,-1.));
#5908 = DIRECTION('',(1.,0.,0.));
#5909 = DEFINITIONAL_REPRESENTATION('',(#5910),#5914);
#5910 = LINE('',#5911,#5912);
#5911 = CARTESIAN_POINT('',(-6.28318530718,-2.9));
#5912 = VECTOR('',#5913,1.);
#5913 = DIRECTION('',(1.,-0.));
#5914 = ( GEOMETRIC_REPRESENTATION_CONTEXT(2) 
PARAMETRIC_REPRESENTATION_CONTEXT() REPRESENTATION_CONTEXT('2D SPACE',''
  ) );
#5915 = ADVANCED_FACE('',(#5916),#5904,.F.);
#5916 = FACE_BOUND('',#5917,.T.);
#5917 = EDGE_LOOP('',(#5918,#5919,#5942,#5969));
#5918 = ORIENTED_EDGE('',*,*,#5883,.T.);
#5919 = ORIENTED_EDGE('',*,*,#5920,.T.);
#5920 = EDGE_CURVE('',#5884,#5921,#5923,.T.);
#5921 = VERTEX_POINT('',#5922);
#5922 = CARTESIAN_POINT('',(69.2,3.4,7.55));
#5923 = SEAM_CURVE('',#5924,(#5928,#5935),.PCURVE_S1.);
#5924 = LINE('',#5925,#5926);
#5925 = CARTESIAN_POINT('',(69.2,3.4,4.3));
#5926 = VECTOR('',#5927,1.);
#5927 = DIRECTION('',(0.,0.,1.));
#5928 = PCURVE('',#5904,#5929);
#5929 = DEFINITIONAL_REPRESENTATION('',(#5930),#5934);
#5930 = LINE('',#5931,#5932);
#5931 = CARTESIAN_POINT('',(-6.28318530718,0.));
#5932 = VECTOR('',#5933,1.);
#5933 = DIRECTION('',(-0.,-1.));
#5934 = ( GEOMETRIC_REPRESENTATION_CONTEXT(2) 
PARAMETRIC_REPRESENTATION_CONTEXT() REPRESENTATION_CONTEXT('2D SPACE',''
  ) );
#5935 = PCURVE('',#5904,#5936);
#5936 = DEFINITIONAL_REPRESENTATION('',(#5937),#5941);
#5937 = LINE('',#5938,#5939);
#5938 = CARTESIAN_POINT('',(-0.,0.));
#5939 = VECTOR('',#5940,1.);
#5940 = DIRECTION('',(-0.,-1.));
#5941 = ( GEOMETRIC_REPRESENTATION_CONTEXT(2) 
PARAMETRIC_REPRESENTATION_CONTEXT() REPRESENTATION_CONTEXT('2D SPACE',''
  ) );
#5942 = ORIENTED_EDGE('',*,*,#5943,.T.);
#5943 = EDGE_CURVE('',#5921,#5921,#5944,.T.);
#5944 = SURFACE_CURVE('',#5945,(#5950,#5957),.PCURVE_S1.);
#5945 = CIRCLE('',#5946,1.2);
#5946 = AXIS2_PLACEMENT_3D('',#5947,#5948,#5949);
#5947 = CARTESIAN_POINT('',(68.,3.4,7.55));
#5948 = DIRECTION('',(0.,0.,1.));
#5949 = DIRECTION('',(1.,0.,0.));
#5950 = PCURVE('',#5904,#5951);
#5951 = DEFINITIONAL_REPRESENTATION('',(#5952),#5956);
#5952 = LINE('',#5953,#5954);
#5953 = CARTESIAN_POINT('',(-0.,-3.25));
#5954 = VECTOR('',#5955,1.);
#5955 = DIRECTION('',(-1.,0.));
#5956 = ( GEOMETRIC_REPRESENTATION_CONTEXT(2) 
PARAMETRIC_REPRESENTATION_CONTEXT() REPRESENTATION_CONTEXT('2D SPACE',''
  ) );
#5957 = PCURVE('',#5958,#5963);
#5958 = PLANE('',#5959);
#5959 = AXIS2_PLACEMENT_3D('',#5960,#5961,#5962);
#5960 = CARTESIAN_POINT('',(68.,3.4,7.55));
#5961 = DIRECTION('',(0.,0.,1.));
#5962 = DIRECTION('',(1.,0.,-0.));
#5963 = DEFINITIONAL_REPRESENTATION('',(#5964),#5968);
#5964 = CIRCLE('',#5965,1.2);
#5965 = AXIS2_PLACEMENT_2D('',#5966,#5967);
#5966 = CARTESIAN_POINT('',(0.,0.));
#5967 = DIRECTION('',(1.,0.));
#5968 = ( GEOMETRIC_REPRESENTATION_CONTEXT(2) 
PARAMETRIC_REPRESENTATION_CONTEXT() REPRESENTATION_CONTEXT('2D SPACE',''
  ) );
#5969 = ORIENTED_EDGE('',*,*,#5920,.F.);
#5970 = ADVANCED_FACE('',(#5971),#5958,.F.);
#5971 = FACE_BOUND('',#5972,.F.);
#5972 = EDGE_LOOP('',(#5973));
#5973 = ORIENTED_EDGE('',*,*,#5943,.T.);
#5974 = ADVANCED_FACE('',(#5975),#5601,.T.);
#5975 = FACE_BOUND('',#5976,.T.);
#5976 = EDGE_LOOP('',(#5977,#5978,#5979,#5980));
#5977 = ORIENTED_EDGE('',*,*,#5586,.T.);
#5978 = ORIENTED_EDGE('',*,*,#5743,.T.);
#5979 = ORIENTED_EDGE('',*,*,#5860,.T.);
#5980 = ORIENTED_EDGE('',*,*,#5981,.F.);
#5981 = EDGE_CURVE('',#5561,#5768,#5982,.T.);
#5982 = SURFACE_CURVE('',#5983,(#5987,#5994),.PCURVE_S1.);
#5983 = LINE('',#5984,#5985);
#5984 = CARTESIAN_POINT('',(70.511473670975,3.4,4.3));
#5985 = VECTOR('',#5986,1.);
#5986 = DIRECTION('',(0.,0.,1.));
#5987 = PCURVE('',#5601,#5988);
#5988 = DEFINITIONAL_REPRESENTATION('',(#5989),#5993);
#5989 = LINE('',#5990,#5991);
#5990 = CARTESIAN_POINT('',(2.511473670975,0.));
#5991 = VECTOR('',#5992,1.);
#5992 = DIRECTION('',(0.,-1.));
#5993 = ( GEOMETRIC_REPRESENTATION_CONTEXT(2) 
PARAMETRIC_REPRESENTATION_CONTEXT() REPRESENTATION_CONTEXT('2D SPACE',''
  ) );
#5994 = PCURVE('',#5575,#5995);
#5995 = DEFINITIONAL_REPRESENTATION('',(#5996),#6000);
#5996 = LINE('',#5997,#5998);
#5997 = CARTESIAN_POINT('',(0.,0.));
#5998 = VECTOR('',#5999,1.);
#5999 = DIRECTION('',(0.,-1.));
#6000 = ( GEOMETRIC_REPRESENTATION_CONTEXT(2) 
PARAMETRIC_REPRESENTATION_CONTEXT() REPRESENTATION_CONTEXT('2D SPACE',''
  ) );
#6001 = ADVANCED_FACE('',(#6002),#5653,.T.);
#6002 = FACE_BOUND('',#6003,.T.);
#6003 = EDGE_LOOP('',(#6004,#6005,#6026,#6027));
#6004 = ORIENTED_EDGE('',*,*,#5638,.T.);
#6005 = ORIENTED_EDGE('',*,*,#6006,.T.);
#6006 = EDGE_CURVE('',#5639,#5816,#6007,.T.);
#6007 = SURFACE_CURVE('',#6008,(#6012,#6019),.PCURVE_S1.);
#6008 = LINE('',#6009,#6010);
#6009 = CARTESIAN_POINT('',(65.488526329025,3.4,4.3));
#6010 = VECTOR('',#6011,1.);
#6011 = DIRECTION('',(0.,0.,1.));
#6012 = PCURVE('',#5653,#6013);
#6013 = DEFINITIONAL_REPRESENTATION('',(#6014),#6018);
#6014 = LINE('',#6015,#6016);
#6015 = CARTESIAN_POINT('',(0.,0.));
#6016 = VECTOR('',#6017,1.);
#6017 = DIRECTION('',(0.,-1.));
#6018 = ( GEOMETRIC_REPRESENTATION_CONTEXT(2) 
PARAMETRIC_REPRESENTATION_CONTEXT() REPRESENTATION_CONTEXT('2D SPACE',''
  ) );
#6019 = PCURVE('',#5677,#6020);
#6020 = DEFINITIONAL_REPRESENTATION('',(#6021),#6025);
#6021 = LINE('',#6022,#6023);
#6022 = CARTESIAN_POINT('',(2.511473670975,0.));
#6023 = VECTOR('',#6024,1.);
#6024 = DIRECTION('',(0.,-1.));
#6025 = ( GEOMETRIC_REPRESENTATION_CONTEXT(2) 
PARAMETRIC_REPRESENTATION_CONTEXT() REPRESENTATION_CONTEXT('2D SPACE',''
  ) );
#6026 = ORIENTED_EDGE('',*,*,#5838,.T.);
#6027 = ORIENTED_EDGE('',*,*,#5692,.F.);
#6028 = ADVANCED_FACE('',(#6029),#5575,.T.);
#6029 = FACE_BOUND('',#6030,.T.);
#6030 = EDGE_LOOP('',(#6031,#6032,#6033,#6034));
#6031 = ORIENTED_EDGE('',*,*,#5560,.T.);
#6032 = ORIENTED_EDGE('',*,*,#5981,.T.);
#6033 = ORIENTED_EDGE('',*,*,#5767,.T.);
#6034 = ORIENTED_EDGE('',*,*,#6035,.F.);
#6035 = EDGE_CURVE('',#5535,#5770,#6036,.T.);
#6036 = SURFACE_CURVE('',#6037,(#6041,#6048),.PCURVE_S1.);
#6037 = LINE('',#6038,#6039);
#6038 = CARTESIAN_POINT('',(69.255736835487,5.575,4.3));
#6039 = VECTOR('',#6040,1.);
#6040 = DIRECTION('',(0.,0.,1.));
#6041 = PCURVE('',#5575,#6042);
#6042 = DEFINITIONAL_REPRESENTATION('',(#6043),#6047);
#6043 = LINE('',#6044,#6045);
#6044 = CARTESIAN_POINT('',(2.511473670975,0.));
#6045 = VECTOR('',#6046,1.);
#6046 = DIRECTION('',(0.,-1.));
#6047 = ( GEOMETRIC_REPRESENTATION_CONTEXT(2) 
PARAMETRIC_REPRESENTATION_CONTEXT() REPRESENTATION_CONTEXT('2D SPACE',''
  ) );
#6048 = PCURVE('',#5549,#6049);
#6049 = DEFINITIONAL_REPRESENTATION('',(#6050),#6054);
#6050 = LINE('',#6051,#6052);
#6051 = CARTESIAN_POINT('',(0.,0.));
#6052 = VECTOR('',#6053,1.);
#6053 = DIRECTION('',(0.,-1.));
#6054 = ( GEOMETRIC_REPRESENTATION_CONTEXT(2) 
PARAMETRIC_REPRESENTATION_CONTEXT() REPRESENTATION_CONTEXT('2D SPACE',''
  ) );
#6055 = ADVANCED_FACE('',(#6056),#5677,.T.);
#6056 = FACE_BOUND('',#6057,.T.);
#6057 = EDGE_LOOP('',(#6058,#6059,#6080,#6081));
#6058 = ORIENTED_EDGE('',*,*,#5664,.T.);
#6059 = ORIENTED_EDGE('',*,*,#6060,.T.);
#6060 = EDGE_CURVE('',#5533,#5793,#6061,.T.);
#6061 = SURFACE_CURVE('',#6062,(#6066,#6073),.PCURVE_S1.);
#6062 = LINE('',#6063,#6064);
#6063 = CARTESIAN_POINT('',(66.744263164513,5.575,4.3));
#6064 = VECTOR('',#6065,1.);
#6065 = DIRECTION('',(0.,0.,1.));
#6066 = PCURVE('',#5677,#6067);
#6067 = DEFINITIONAL_REPRESENTATION('',(#6068),#6072);
#6068 = LINE('',#6069,#6070);
#6069 = CARTESIAN_POINT('',(0.,0.));
#6070 = VECTOR('',#6071,1.);
#6071 = DIRECTION('',(0.,-1.));
#6072 = ( GEOMETRIC_REPRESENTATION_CONTEXT(2) 
PARAMETRIC_REPRESENTATION_CONTEXT() REPRESENTATION_CONTEXT('2D SPACE',''
  ) );
#6073 = PCURVE('',#5549,#6074);
#6074 = DEFINITIONAL_REPRESENTATION('',(#6075),#6079);
#6075 = LINE('',#6076,#6077);
#6076 = CARTESIAN_POINT('',(2.511473670975,0.));
#6077 = VECTOR('',#6078,1.);
#6078 = DIRECTION('',(0.,-1.));
#6079 = ( GEOMETRIC_REPRESENTATION_CONTEXT(2) 
PARAMETRIC_REPRESENTATION_CONTEXT() REPRESENTATION_CONTEXT('2D SPACE',''
  ) );
#6080 = ORIENTED_EDGE('',*,*,#5815,.T.);
#6081 = ORIENTED_EDGE('',*,*,#6006,.F.);
#6082 = ADVANCED_FACE('',(#6083),#5549,.T.);
#6083 = FACE_BOUND('',#6084,.T.);
#6084 = EDGE_LOOP('',(#6085,#6086,#6087,#6088));
#6085 = ORIENTED_EDGE('',*,*,#5532,.T.);
#6086 = ORIENTED_EDGE('',*,*,#6035,.T.);
#6087 = ORIENTED_EDGE('',*,*,#5792,.T.);
#6088 = ORIENTED_EDGE('',*,*,#6060,.F.);
#6089 = ADVANCED_FACE('',(#6090),#4895,.T.);
#6090 = FACE_BOUND('',#6091,.T.);
#6091 = EDGE_LOOP('',(#6092,#6115,#6116,#6139));
#6092 = ORIENTED_EDGE('',*,*,#6093,.F.);
#6093 = EDGE_CURVE('',#4856,#6094,#6096,.T.);
#6094 = VERTEX_POINT('',#6095);
#6095 = CARTESIAN_POINT('',(73.6,4.9,7.85));
#6096 = SURFACE_CURVE('',#6097,(#6101,#6108),.PCURVE_S1.);
#6097 = LINE('',#6098,#6099);
#6098 = CARTESIAN_POINT('',(73.6,4.9,4.4));
#6099 = VECTOR('',#6100,1.);
#6100 = DIRECTION('',(0.,0.,1.));
#6101 = PCURVE('',#4895,#6102);
#6102 = DEFINITIONAL_REPRESENTATION('',(#6103),#6107);
#6103 = LINE('',#6104,#6105);
#6104 = CARTESIAN_POINT('',(0.,0.));
#6105 = VECTOR('',#6106,1.);
#6106 = DIRECTION('',(0.,1.));
#6107 = ( GEOMETRIC_REPRESENTATION_CONTEXT(2) 
PARAMETRIC_REPRESENTATION_CONTEXT() REPRESENTATION_CONTEXT('2D SPACE',''
  ) );
#6108 = PCURVE('',#4627,#6109);
#6109 = DEFINITIONAL_REPRESENTATION('',(#6110),#6114);
#6110 = LINE('',#6111,#6112);
#6111 = CARTESIAN_POINT('',(28.6,0.));
#6112 = VECTOR('',#6113,1.);
#6113 = DIRECTION('',(0.,-1.));
#6114 = ( GEOMETRIC_REPRESENTATION_CONTEXT(2) 
PARAMETRIC_REPRESENTATION_CONTEXT() REPRESENTATION_CONTEXT('2D SPACE',''
  ) );
#6115 = ORIENTED_EDGE('',*,*,#4878,.T.);
#6116 = ORIENTED_EDGE('',*,*,#6117,.T.);
#6117 = EDGE_CURVE('',#4879,#6118,#6120,.T.);
#6118 = VERTEX_POINT('',#6119);
#6119 = CARTESIAN_POINT('',(71.6,6.9,7.85));
#6120 = SURFACE_CURVE('',#6121,(#6125,#6132),.PCURVE_S1.);
#6121 = LINE('',#6122,#6123);
#6122 = CARTESIAN_POINT('',(71.6,6.9,4.4));
#6123 = VECTOR('',#6124,1.);
#6124 = DIRECTION('',(0.,0.,1.));
#6125 = PCURVE('',#4895,#6126);
#6126 = DEFINITIONAL_REPRESENTATION('',(#6127),#6131);
#6127 = LINE('',#6128,#6129);
#6128 = CARTESIAN_POINT('',(1.570796326795,0.));
#6129 = VECTOR('',#6130,1.);
#6130 = DIRECTION('',(0.,1.));
#6131 = ( GEOMETRIC_REPRESENTATION_CONTEXT(2) 
PARAMETRIC_REPRESENTATION_CONTEXT() REPRESENTATION_CONTEXT('2D SPACE',''
  ) );
#6132 = PCURVE('',#4923,#6133);
#6133 = DEFINITIONAL_REPRESENTATION('',(#6134),#6138);
#6134 = LINE('',#6135,#6136);
#6135 = CARTESIAN_POINT('',(2.,0.));
#6136 = VECTOR('',#6137,1.);
#6137 = DIRECTION('',(0.,-1.));
#6138 = ( GEOMETRIC_REPRESENTATION_CONTEXT(2) 
PARAMETRIC_REPRESENTATION_CONTEXT() REPRESENTATION_CONTEXT('2D SPACE',''
  ) );
#6139 = ORIENTED_EDGE('',*,*,#6140,.F.);
#6140 = EDGE_CURVE('',#6094,#6118,#6141,.T.);
#6141 = SURFACE_CURVE('',#6142,(#6147,#6154),.PCURVE_S1.);
#6142 = CIRCLE('',#6143,2.);
#6143 = AXIS2_PLACEMENT_3D('',#6144,#6145,#6146);
#6144 = CARTESIAN_POINT('',(71.6,4.9,7.85));
#6145 = DIRECTION('',(0.,0.,1.));
#6146 = DIRECTION('',(1.,0.,-0.));
#6147 = PCURVE('',#4895,#6148);
#6148 = DEFINITIONAL_REPRESENTATION('',(#6149),#6153);
#6149 = LINE('',#6150,#6151);
#6150 = CARTESIAN_POINT('',(0.,3.45));
#6151 = VECTOR('',#6152,1.);
#6152 = DIRECTION('',(1.,0.));
#6153 = ( GEOMETRIC_REPRESENTATION_CONTEXT(2) 
PARAMETRIC_REPRESENTATION_CONTEXT() REPRESENTATION_CONTEXT('2D SPACE',''
  ) );
#6154 = PCURVE('',#6155,#6160);
#6155 = CONICAL_SURFACE('',#6156,2.,0.785398163397);
#6156 = AXIS2_PLACEMENT_3D('',#6157,#6158,#6159);
#6157 = CARTESIAN_POINT('',(71.6,4.9,7.85));
#6158 = DIRECTION('',(-0.,-0.,-1.));
#6159 = DIRECTION('',(1.,0.,0.));
#6160 = DEFINITIONAL_REPRESENTATION('',(#6161),#6165);
#6161 = LINE('',#6162,#6163);
#6162 = CARTESIAN_POINT('',(-0.,-0.));
#6163 = VECTOR('',#6164,1.);
#6164 = DIRECTION('',(-1.,-0.));
#6165 = ( GEOMETRIC_REPRESENTATION_CONTEXT(2) 
PARAMETRIC_REPRESENTATION_CONTEXT() REPRESENTATION_CONTEXT('2D SPACE',''
  ) );
#6166 = ADVANCED_FACE('',(#6167),#6155,.T.);
#6167 = FACE_BOUND('',#6168,.T.);
#6168 = EDGE_LOOP('',(#6169,#6197,#6198,#6226));
#6169 = ORIENTED_EDGE('',*,*,#6170,.F.);
#6170 = EDGE_CURVE('',#6094,#6171,#6173,.T.);
#6171 = VERTEX_POINT('',#6172);
#6172 = CARTESIAN_POINT('',(73.25,4.9,8.2));
#6173 = SURFACE_CURVE('',#6174,(#6178,#6185),.PCURVE_S1.);
#6174 = LINE('',#6175,#6176);
#6175 = CARTESIAN_POINT('',(73.425,4.9,8.025));
#6176 = VECTOR('',#6177,1.);
#6177 = DIRECTION('',(-0.707106781187,-0.,0.707106781187));
#6178 = PCURVE('',#6155,#6179);
#6179 = DEFINITIONAL_REPRESENTATION('',(#6180),#6184);
#6180 = LINE('',#6181,#6182);
#6181 = CARTESIAN_POINT('',(-0.,-0.175));
#6182 = VECTOR('',#6183,1.);
#6183 = DIRECTION('',(-0.,-1.));
#6184 = ( GEOMETRIC_REPRESENTATION_CONTEXT(2) 
PARAMETRIC_REPRESENTATION_CONTEXT() REPRESENTATION_CONTEXT('2D SPACE',''
  ) );
#6185 = PCURVE('',#6186,#6191);
#6186 = PLANE('',#6187);
#6187 = AXIS2_PLACEMENT_3D('',#6188,#6189,#6190);
#6188 = CARTESIAN_POINT('',(73.425,-21.7,8.025));
#6189 = DIRECTION('',(-0.707106781187,0.,-0.707106781187));
#6190 = DIRECTION('',(-0.,-1.,-0.));
#6191 = DEFINITIONAL_REPRESENTATION('',(#6192),#6196);
#6192 = LINE('',#6193,#6194);
#6193 = CARTESIAN_POINT('',(-26.6,0.));
#6194 = VECTOR('',#6195,1.);
#6195 = DIRECTION('',(-0.,1.));
#6196 = ( GEOMETRIC_REPRESENTATION_CONTEXT(2) 
PARAMETRIC_REPRESENTATION_CONTEXT() REPRESENTATION_CONTEXT('2D SPACE',''
  ) );
#6197 = ORIENTED_EDGE('',*,*,#6140,.T.);
#6198 = ORIENTED_EDGE('',*,*,#6199,.T.);
#6199 = EDGE_CURVE('',#6118,#6200,#6202,.T.);
#6200 = VERTEX_POINT('',#6201);
#6201 = CARTESIAN_POINT('',(71.6,6.55,8.2));
#6202 = SURFACE_CURVE('',#6203,(#6207,#6214),.PCURVE_S1.);
#6203 = LINE('',#6204,#6205);
#6204 = CARTESIAN_POINT('',(71.6,6.9,7.85));
#6205 = VECTOR('',#6206,1.);
#6206 = DIRECTION('',(-4.329780281177E-17,-0.707106781187,0.707106781187
    ));
#6207 = PCURVE('',#6155,#6208);
#6208 = DEFINITIONAL_REPRESENTATION('',(#6209),#6213);
#6209 = LINE('',#6210,#6211);
#6210 = CARTESIAN_POINT('',(-1.570796326795,-0.));
#6211 = VECTOR('',#6212,1.);
#6212 = DIRECTION('',(-0.,-1.));
#6213 = ( GEOMETRIC_REPRESENTATION_CONTEXT(2) 
PARAMETRIC_REPRESENTATION_CONTEXT() REPRESENTATION_CONTEXT('2D SPACE',''
  ) );
#6214 = PCURVE('',#6215,#6220);
#6215 = PLANE('',#6216);
#6216 = AXIS2_PLACEMENT_3D('',#6217,#6218,#6219);
#6217 = CARTESIAN_POINT('',(71.6,6.725,8.025));
#6218 = DIRECTION('',(0.,-0.707106781187,-0.707106781187));
#6219 = DIRECTION('',(1.,0.,-0.));
#6220 = DEFINITIONAL_REPRESENTATION('',(#6221),#6225);
#6221 = LINE('',#6222,#6223);
#6222 = CARTESIAN_POINT('',(-0.,-0.247487373415));
#6223 = VECTOR('',#6224,1.);
#6224 = DIRECTION('',(-4.329780281177E-17,1.));
#6225 = ( GEOMETRIC_REPRESENTATION_CONTEXT(2) 
PARAMETRIC_REPRESENTATION_CONTEXT() REPRESENTATION_CONTEXT('2D SPACE',''
  ) );
#6226 = ORIENTED_EDGE('',*,*,#6227,.F.);
#6227 = EDGE_CURVE('',#6171,#6200,#6228,.T.);
#6228 = SURFACE_CURVE('',#6229,(#6234,#6241),.PCURVE_S1.);
#6229 = CIRCLE('',#6230,1.65);
#6230 = AXIS2_PLACEMENT_3D('',#6231,#6232,#6233);
#6231 = CARTESIAN_POINT('',(71.6,4.9,8.2));
#6232 = DIRECTION('',(0.,0.,1.));
#6233 = DIRECTION('',(1.,0.,-0.));
#6234 = PCURVE('',#6155,#6235);
#6235 = DEFINITIONAL_REPRESENTATION('',(#6236),#6240);
#6236 = LINE('',#6237,#6238);
#6237 = CARTESIAN_POINT('',(-0.,-0.35));
#6238 = VECTOR('',#6239,1.);
#6239 = DIRECTION('',(-1.,-0.));
#6240 = ( GEOMETRIC_REPRESENTATION_CONTEXT(2) 
PARAMETRIC_REPRESENTATION_CONTEXT() REPRESENTATION_CONTEXT('2D SPACE',''
  ) );
#6241 = PCURVE('',#6242,#6247);
#6242 = PLANE('',#6243);
#6243 = AXIS2_PLACEMENT_3D('',#6244,#6245,#6246);
#6244 = CARTESIAN_POINT('',(36.389065537322,-9.811003159411,8.2));
#6245 = DIRECTION('',(0.,0.,1.));
#6246 = DIRECTION('',(1.,0.,-0.));
#6247 = DEFINITIONAL_REPRESENTATION('',(#6248),#6252);
#6248 = CIRCLE('',#6249,1.65);
#6249 = AXIS2_PLACEMENT_2D('',#6250,#6251);
#6250 = CARTESIAN_POINT('',(35.210934462678,14.711003159411));
#6251 = DIRECTION('',(1.,0.));
#6252 = ( GEOMETRIC_REPRESENTATION_CONTEXT(2) 
PARAMETRIC_REPRESENTATION_CONTEXT() REPRESENTATION_CONTEXT('2D SPACE',''
  ) );
#6253 = ADVANCED_FACE('',(#6254),#6215,.F.);
#6254 = FACE_BOUND('',#6255,.T.);
#6255 = EDGE_LOOP('',(#6256,#6257,#6280,#6308));
#6256 = ORIENTED_EDGE('',*,*,#6199,.F.);
#6257 = ORIENTED_EDGE('',*,*,#6258,.T.);
#6258 = EDGE_CURVE('',#6118,#6259,#6261,.T.);
#6259 = VERTEX_POINT('',#6260);
#6260 = CARTESIAN_POINT('',(63.217400535397,6.9,7.85));
#6261 = SURFACE_CURVE('',#6262,(#6266,#6273),.PCURVE_S1.);
#6262 = LINE('',#6263,#6264);
#6263 = CARTESIAN_POINT('',(71.6,6.9,7.85));
#6264 = VECTOR('',#6265,1.);
#6265 = DIRECTION('',(-1.,0.,0.));
#6266 = PCURVE('',#6215,#6267);
#6267 = DEFINITIONAL_REPRESENTATION('',(#6268),#6272);
#6268 = LINE('',#6269,#6270);
#6269 = CARTESIAN_POINT('',(-0.,-0.247487373415));
#6270 = VECTOR('',#6271,1.);
#6271 = DIRECTION('',(-1.,0.));
#6272 = ( GEOMETRIC_REPRESENTATION_CONTEXT(2) 
PARAMETRIC_REPRESENTATION_CONTEXT() REPRESENTATION_CONTEXT('2D SPACE',''
  ) );
#6273 = PCURVE('',#4923,#6274);
#6274 = DEFINITIONAL_REPRESENTATION('',(#6275),#6279);
#6275 = LINE('',#6276,#6277);
#6276 = CARTESIAN_POINT('',(2.,-3.45));
#6277 = VECTOR('',#6278,1.);
#6278 = DIRECTION('',(1.,0.));
#6279 = ( GEOMETRIC_REPRESENTATION_CONTEXT(2) 
PARAMETRIC_REPRESENTATION_CONTEXT() REPRESENTATION_CONTEXT('2D SPACE',''
  ) );
#6280 = ORIENTED_EDGE('',*,*,#6281,.T.);
#6281 = EDGE_CURVE('',#6259,#6282,#6284,.T.);
#6282 = VERTEX_POINT('',#6283);
#6283 = CARTESIAN_POINT('',(63.217400535397,6.55,8.2));
#6284 = SURFACE_CURVE('',#6285,(#6289,#6296),.PCURVE_S1.);
#6285 = LINE('',#6286,#6287);
#6286 = CARTESIAN_POINT('',(63.217400535397,6.725,8.025));
#6287 = VECTOR('',#6288,1.);
#6288 = DIRECTION('',(0.,-0.707106781187,0.707106781187));
#6289 = PCURVE('',#6215,#6290);
#6290 = DEFINITIONAL_REPRESENTATION('',(#6291),#6295);
#6291 = LINE('',#6292,#6293);
#6292 = CARTESIAN_POINT('',(-8.382599464603,0.));
#6293 = VECTOR('',#6294,1.);
#6294 = DIRECTION('',(-0.,1.));
#6295 = ( GEOMETRIC_REPRESENTATION_CONTEXT(2) 
PARAMETRIC_REPRESENTATION_CONTEXT() REPRESENTATION_CONTEXT('2D SPACE',''
  ) );
#6296 = PCURVE('',#6297,#6302);
#6297 = CONICAL_SURFACE('',#6298,2.,0.785398163397);
#6298 = AXIS2_PLACEMENT_3D('',#6299,#6300,#6301);
#6299 = CARTESIAN_POINT('',(63.217400535397,4.9,7.85));
#6300 = DIRECTION('',(-0.,-0.,-1.));
#6301 = DIRECTION('',(0.,1.,-0.));
#6302 = DEFINITIONAL_REPRESENTATION('',(#6303),#6307);
#6303 = LINE('',#6304,#6305);
#6304 = CARTESIAN_POINT('',(-0.,-0.175));
#6305 = VECTOR('',#6306,1.);
#6306 = DIRECTION('',(-0.,-1.));
#6307 = ( GEOMETRIC_REPRESENTATION_CONTEXT(2) 
PARAMETRIC_REPRESENTATION_CONTEXT() REPRESENTATION_CONTEXT('2D SPACE',''
  ) );
#6308 = ORIENTED_EDGE('',*,*,#6309,.F.);
#6309 = EDGE_CURVE('',#6200,#6282,#6310,.T.);
#6310 = SURFACE_CURVE('',#6311,(#6315,#6322),.PCURVE_S1.);
#6311 = LINE('',#6312,#6313);
#6312 = CARTESIAN_POINT('',(71.6,6.55,8.2));
#6313 = VECTOR('',#6314,1.);
#6314 = DIRECTION('',(-1.,0.,0.));
#6315 = PCURVE('',#6215,#6316);
#6316 = DEFINITIONAL_REPRESENTATION('',(#6317),#6321);
#6317 = LINE('',#6318,#6319);
#6318 = CARTESIAN_POINT('',(-0.,0.247487373415));
#6319 = VECTOR('',#6320,1.);
#6320 = DIRECTION('',(-1.,0.));
#6321 = ( GEOMETRIC_REPRESENTATION_CONTEXT(2) 
PARAMETRIC_REPRESENTATION_CONTEXT() REPRESENTATION_CONTEXT('2D SPACE',''
  ) );
#6322 = PCURVE('',#6242,#6323);
#6323 = DEFINITIONAL_REPRESENTATION('',(#6324),#6328);
#6324 = LINE('',#6325,#6326);
#6325 = CARTESIAN_POINT('',(35.210934462678,16.361003159411));
#6326 = VECTOR('',#6327,1.);
#6327 = DIRECTION('',(-1.,0.));
#6328 = ( GEOMETRIC_REPRESENTATION_CONTEXT(2) 
PARAMETRIC_REPRESENTATION_CONTEXT() REPRESENTATION_CONTEXT('2D SPACE',''
  ) );
#6329 = ADVANCED_FACE('',(#6330),#6297,.T.);
#6330 = FACE_BOUND('',#6331,.T.);
#6331 = EDGE_LOOP('',(#6332,#6333,#6357,#6385));
#6332 = ORIENTED_EDGE('',*,*,#6281,.F.);
#6333 = ORIENTED_EDGE('',*,*,#6334,.T.);
#6334 = EDGE_CURVE('',#6259,#6335,#6337,.T.);
#6335 = VERTEX_POINT('',#6336);
#6336 = CARTESIAN_POINT('',(62.787676970046,6.85328893341,7.85));
#6337 = SURFACE_CURVE('',#6338,(#6343,#6350),.PCURVE_S1.);
#6338 = CIRCLE('',#6339,2.);
#6339 = AXIS2_PLACEMENT_3D('',#6340,#6341,#6342);
#6340 = CARTESIAN_POINT('',(63.217400535397,4.9,7.85));
#6341 = DIRECTION('',(0.,0.,1.));
#6342 = DIRECTION('',(0.,1.,-0.));
#6343 = PCURVE('',#6297,#6344);
#6344 = DEFINITIONAL_REPRESENTATION('',(#6345),#6349);
#6345 = LINE('',#6346,#6347);
#6346 = CARTESIAN_POINT('',(-0.,-0.));
#6347 = VECTOR('',#6348,1.);
#6348 = DIRECTION('',(-1.,-0.));
#6349 = ( GEOMETRIC_REPRESENTATION_CONTEXT(2) 
PARAMETRIC_REPRESENTATION_CONTEXT() REPRESENTATION_CONTEXT('2D SPACE',''
  ) );
#6350 = PCURVE('',#4952,#6351);
#6351 = DEFINITIONAL_REPRESENTATION('',(#6352),#6356);
#6352 = LINE('',#6353,#6354);
#6353 = CARTESIAN_POINT('',(0.,3.45));
#6354 = VECTOR('',#6355,1.);
#6355 = DIRECTION('',(1.,0.));
#6356 = ( GEOMETRIC_REPRESENTATION_CONTEXT(2) 
PARAMETRIC_REPRESENTATION_CONTEXT() REPRESENTATION_CONTEXT('2D SPACE',''
  ) );
#6357 = ORIENTED_EDGE('',*,*,#6358,.T.);
#6358 = EDGE_CURVE('',#6335,#6359,#6361,.T.);
#6359 = VERTEX_POINT('',#6360);
#6360 = CARTESIAN_POINT('',(62.862878593983,6.511463370063,8.2));
#6361 = SURFACE_CURVE('',#6362,(#6366,#6373),.PCURVE_S1.);
#6362 = LINE('',#6363,#6364);
#6363 = CARTESIAN_POINT('',(62.787676970046,6.85328893341,7.85));
#6364 = VECTOR('',#6365,1.);
#6365 = DIRECTION('',(0.151930223547,-0.690591925215,0.707106781187));
#6366 = PCURVE('',#6297,#6367);
#6367 = DEFINITIONAL_REPRESENTATION('',(#6368),#6372);
#6368 = LINE('',#6369,#6370);
#6369 = CARTESIAN_POINT('',(-0.216550304976,-0.));
#6370 = VECTOR('',#6371,1.);
#6371 = DIRECTION('',(-0.,-1.));
#6372 = ( GEOMETRIC_REPRESENTATION_CONTEXT(2) 
PARAMETRIC_REPRESENTATION_CONTEXT() REPRESENTATION_CONTEXT('2D SPACE',''
  ) );
#6373 = PCURVE('',#6374,#6379);
#6374 = PLANE('',#6375);
#6375 = AXIS2_PLACEMENT_3D('',#6376,#6377,#6378);
#6376 = CARTESIAN_POINT('',(62.825277782014,6.682376151737,8.025));
#6377 = DIRECTION('',(0.151930223547,-0.690591925215,-0.707106781187));
#6378 = DIRECTION('',(0.976644466705,0.214861782675,6.938893903907E-17)
  );
#6379 = DEFINITIONAL_REPRESENTATION('',(#6380),#6384);
#6380 = LINE('',#6381,#6382);
#6381 = CARTESIAN_POINT('',(-1.129304982861E-15,-0.247487373415));
#6382 = VECTOR('',#6383,1.);
#6383 = DIRECTION('',(4.906538933387E-17,1.));
#6384 = ( GEOMETRIC_REPRESENTATION_CONTEXT(2) 
PARAMETRIC_REPRESENTATION_CONTEXT() REPRESENTATION_CONTEXT('2D SPACE',''
  ) );
#6385 = ORIENTED_EDGE('',*,*,#6386,.F.);
#6386 = EDGE_CURVE('',#6282,#6359,#6387,.T.);
#6387 = SURFACE_CURVE('',#6388,(#6393,#6400),.PCURVE_S1.);
#6388 = CIRCLE('',#6389,1.65);
#6389 = AXIS2_PLACEMENT_3D('',#6390,#6391,#6392);
#6390 = CARTESIAN_POINT('',(63.217400535397,4.9,8.2));
#6391 = DIRECTION('',(0.,0.,1.));
#6392 = DIRECTION('',(0.,1.,-0.));
#6393 = PCURVE('',#6297,#6394);
#6394 = DEFINITIONAL_REPRESENTATION('',(#6395),#6399);
#6395 = LINE('',#6396,#6397);
#6396 = CARTESIAN_POINT('',(-0.,-0.35));
#6397 = VECTOR('',#6398,1.);
#6398 = DIRECTION('',(-1.,-0.));
#6399 = ( GEOMETRIC_REPRESENTATION_CONTEXT(2) 
PARAMETRIC_REPRESENTATION_CONTEXT() REPRESENTATION_CONTEXT('2D SPACE',''
  ) );
#6400 = PCURVE('',#6242,#6401);
#6401 = DEFINITIONAL_REPRESENTATION('',(#6402),#6406);
#6402 = CIRCLE('',#6403,1.65);
#6403 = AXIS2_PLACEMENT_2D('',#6404,#6405);
#6404 = CARTESIAN_POINT('',(26.828334998074,14.711003159411));
#6405 = DIRECTION('',(0.,1.));
#6406 = ( GEOMETRIC_REPRESENTATION_CONTEXT(2) 
PARAMETRIC_REPRESENTATION_CONTEXT() REPRESENTATION_CONTEXT('2D SPACE',''
  ) );
#6407 = ADVANCED_FACE('',(#6408),#6374,.F.);
#6408 = FACE_BOUND('',#6409,.T.);
#6409 = EDGE_LOOP('',(#6410,#6411,#6434,#6462));
#6410 = ORIENTED_EDGE('',*,*,#6358,.F.);
#6411 = ORIENTED_EDGE('',*,*,#6412,.T.);
#6412 = EDGE_CURVE('',#6335,#6413,#6415,.T.);
#6413 = VERTEX_POINT('',#6414);
#6414 = CARTESIAN_POINT('',(43.212323029954,2.54671106659,7.85));
#6415 = SURFACE_CURVE('',#6416,(#6420,#6427),.PCURVE_S1.);
#6416 = LINE('',#6417,#6418);
#6417 = CARTESIAN_POINT('',(62.787676970046,6.85328893341,7.85));
#6418 = VECTOR('',#6419,1.);
#6419 = DIRECTION('',(-0.976644466705,-0.214861782675,0.));
#6420 = PCURVE('',#6374,#6421);
#6421 = DEFINITIONAL_REPRESENTATION('',(#6422),#6426);
#6422 = LINE('',#6423,#6424);
#6423 = CARTESIAN_POINT('',(-1.316655118266E-15,-0.247487373415));
#6424 = VECTOR('',#6425,1.);
#6425 = DIRECTION('',(-1.,4.163336342344E-17));
#6426 = ( GEOMETRIC_REPRESENTATION_CONTEXT(2) 
PARAMETRIC_REPRESENTATION_CONTEXT() REPRESENTATION_CONTEXT('2D SPACE',''
  ) );
#6427 = PCURVE('',#4980,#6428);
#6428 = DEFINITIONAL_REPRESENTATION('',(#6429),#6433);
#6429 = LINE('',#6430,#6431);
#6430 = CARTESIAN_POINT('',(0.217400535397,-3.45));
#6431 = VECTOR('',#6432,1.);
#6432 = DIRECTION('',(1.,0.));
#6433 = ( GEOMETRIC_REPRESENTATION_CONTEXT(2) 
PARAMETRIC_REPRESENTATION_CONTEXT() REPRESENTATION_CONTEXT('2D SPACE',''
  ) );
#6434 = ORIENTED_EDGE('',*,*,#6435,.T.);
#6435 = EDGE_CURVE('',#6413,#6436,#6438,.T.);
#6436 = VERTEX_POINT('',#6437);
#6437 = CARTESIAN_POINT('',(43.28752465389,2.204885503243,8.2));
#6438 = SURFACE_CURVE('',#6439,(#6443,#6450),.PCURVE_S1.);
#6439 = LINE('',#6440,#6441);
#6440 = CARTESIAN_POINT('',(43.249923841922,2.375798284916,8.025));
#6441 = VECTOR('',#6442,1.);
#6442 = DIRECTION('',(0.151930223547,-0.690591925215,0.707106781187));
#6443 = PCURVE('',#6374,#6444);
#6444 = DEFINITIONAL_REPRESENTATION('',(#6445),#6449);
#6445 = LINE('',#6446,#6447);
#6446 = CARTESIAN_POINT('',(-20.04348010707,9.643720823033E-16));
#6447 = VECTOR('',#6448,1.);
#6448 = DIRECTION('',(-6.44576189739E-18,1.));
#6449 = ( GEOMETRIC_REPRESENTATION_CONTEXT(2) 
PARAMETRIC_REPRESENTATION_CONTEXT() REPRESENTATION_CONTEXT('2D SPACE',''
  ) );
#6450 = PCURVE('',#6451,#6456);
#6451 = CONICAL_SURFACE('',#6452,2.,0.785398163397);
#6452 = AXIS2_PLACEMENT_3D('',#6453,#6454,#6455);
#6453 = CARTESIAN_POINT('',(42.782599464603,4.5,7.85));
#6454 = DIRECTION('',(0.,0.,1.));
#6455 = DIRECTION('',(0.214861782675,-0.976644466705,0.));
#6456 = DEFINITIONAL_REPRESENTATION('',(#6457),#6461);
#6457 = LINE('',#6458,#6459);
#6458 = CARTESIAN_POINT('',(-0.,0.175));
#6459 = VECTOR('',#6460,1.);
#6460 = DIRECTION('',(-0.,1.));
#6461 = ( GEOMETRIC_REPRESENTATION_CONTEXT(2) 
PARAMETRIC_REPRESENTATION_CONTEXT() REPRESENTATION_CONTEXT('2D SPACE',''
  ) );
#6462 = ORIENTED_EDGE('',*,*,#6463,.F.);
#6463 = EDGE_CURVE('',#6359,#6436,#6464,.T.);
#6464 = SURFACE_CURVE('',#6465,(#6469,#6476),.PCURVE_S1.);
#6465 = LINE('',#6466,#6467);
#6466 = CARTESIAN_POINT('',(62.862878593983,6.511463370063,8.2));
#6467 = VECTOR('',#6468,1.);
#6468 = DIRECTION('',(-0.976644466705,-0.214861782675,0.));
#6469 = PCURVE('',#6374,#6470);
#6470 = DEFINITIONAL_REPRESENTATION('',(#6471),#6475);
#6471 = LINE('',#6472,#6473);
#6472 = CARTESIAN_POINT('',(1.129304982861E-15,0.247487373415));
#6473 = VECTOR('',#6474,1.);
#6474 = DIRECTION('',(-1.,4.163336342344E-17));
#6475 = ( GEOMETRIC_REPRESENTATION_CONTEXT(2) 
PARAMETRIC_REPRESENTATION_CONTEXT() REPRESENTATION_CONTEXT('2D SPACE',''
  ) );
#6476 = PCURVE('',#6242,#6477);
#6477 = DEFINITIONAL_REPRESENTATION('',(#6478),#6482);
#6478 = LINE('',#6479,#6480);
#6479 = CARTESIAN_POINT('',(26.47381305666,16.322466529474));
#6480 = VECTOR('',#6481,1.);
#6481 = DIRECTION('',(-0.976644466705,-0.214861782675));
#6482 = ( GEOMETRIC_REPRESENTATION_CONTEXT(2) 
PARAMETRIC_REPRESENTATION_CONTEXT() REPRESENTATION_CONTEXT('2D SPACE',''
  ) );
#6483 = ADVANCED_FACE('',(#6484),#6451,.F.);
#6484 = FACE_BOUND('',#6485,.T.);
#6485 = EDGE_LOOP('',(#6486,#6487,#6511,#6539));
#6486 = ORIENTED_EDGE('',*,*,#6435,.F.);
#6487 = ORIENTED_EDGE('',*,*,#6488,.T.);
#6488 = EDGE_CURVE('',#6413,#6489,#6491,.T.);
#6489 = VERTEX_POINT('',#6490);
#6490 = CARTESIAN_POINT('',(42.782599464603,2.5,7.85));
#6491 = SURFACE_CURVE('',#6492,(#6497,#6504),.PCURVE_S1.);
#6492 = CIRCLE('',#6493,2.);
#6493 = AXIS2_PLACEMENT_3D('',#6494,#6495,#6496);
#6494 = CARTESIAN_POINT('',(42.782599464603,4.5,7.85));
#6495 = DIRECTION('',(0.,-0.,-1.));
#6496 = DIRECTION('',(0.214861782675,-0.976644466705,0.));
#6497 = PCURVE('',#6451,#6498);
#6498 = DEFINITIONAL_REPRESENTATION('',(#6499),#6503);
#6499 = LINE('',#6500,#6501);
#6500 = CARTESIAN_POINT('',(-0.,0.));
#6501 = VECTOR('',#6502,1.);
#6502 = DIRECTION('',(-1.,0.));
#6503 = ( GEOMETRIC_REPRESENTATION_CONTEXT(2) 
PARAMETRIC_REPRESENTATION_CONTEXT() REPRESENTATION_CONTEXT('2D SPACE',''
  ) );
#6504 = PCURVE('',#5013,#6505);
#6505 = DEFINITIONAL_REPRESENTATION('',(#6506),#6510);
#6506 = LINE('',#6507,#6508);
#6507 = CARTESIAN_POINT('',(-0.,3.45));
#6508 = VECTOR('',#6509,1.);
#6509 = DIRECTION('',(-1.,0.));
#6510 = ( GEOMETRIC_REPRESENTATION_CONTEXT(2) 
PARAMETRIC_REPRESENTATION_CONTEXT() REPRESENTATION_CONTEXT('2D SPACE',''
  ) );
#6511 = ORIENTED_EDGE('',*,*,#6512,.T.);
#6512 = EDGE_CURVE('',#6489,#6513,#6515,.T.);
#6513 = VERTEX_POINT('',#6514);
#6514 = CARTESIAN_POINT('',(42.782599464603,2.15,8.2));
#6515 = SURFACE_CURVE('',#6516,(#6520,#6527),.PCURVE_S1.);
#6516 = LINE('',#6517,#6518);
#6517 = CARTESIAN_POINT('',(42.782599464603,2.5,7.85));
#6518 = VECTOR('',#6519,1.);
#6519 = DIRECTION('',(-9.436895709314E-16,-0.707106781187,0.707106781187
    ));
#6520 = PCURVE('',#6451,#6521);
#6521 = DEFINITIONAL_REPRESENTATION('',(#6522),#6526);
#6522 = LINE('',#6523,#6524);
#6523 = CARTESIAN_POINT('',(-0.216550304976,0.));
#6524 = VECTOR('',#6525,1.);
#6525 = DIRECTION('',(-0.,1.));
#6526 = ( GEOMETRIC_REPRESENTATION_CONTEXT(2) 
PARAMETRIC_REPRESENTATION_CONTEXT() REPRESENTATION_CONTEXT('2D SPACE',''
  ) );
#6527 = PCURVE('',#6528,#6533);
#6528 = PLANE('',#6529);
#6529 = AXIS2_PLACEMENT_3D('',#6530,#6531,#6532);
#6530 = CARTESIAN_POINT('',(42.782599464603,2.325,8.025));
#6531 = DIRECTION('',(0.,-0.707106781187,-0.707106781187));
#6532 = DIRECTION('',(1.,0.,-0.));
#6533 = DEFINITIONAL_REPRESENTATION('',(#6534),#6538);
#6534 = LINE('',#6535,#6536);
#6535 = CARTESIAN_POINT('',(-0.,-0.247487373415));
#6536 = VECTOR('',#6537,1.);
#6537 = DIRECTION('',(-9.436895709314E-16,1.));
#6538 = ( GEOMETRIC_REPRESENTATION_CONTEXT(2) 
PARAMETRIC_REPRESENTATION_CONTEXT() REPRESENTATION_CONTEXT('2D SPACE',''
  ) );
#6539 = ORIENTED_EDGE('',*,*,#6540,.F.);
#6540 = EDGE_CURVE('',#6436,#6513,#6541,.T.);
#6541 = SURFACE_CURVE('',#6542,(#6547,#6554),.PCURVE_S1.);
#6542 = CIRCLE('',#6543,2.35);
#6543 = AXIS2_PLACEMENT_3D('',#6544,#6545,#6546);
#6544 = CARTESIAN_POINT('',(42.782599464603,4.5,8.2));
#6545 = DIRECTION('',(0.,-0.,-1.));
#6546 = DIRECTION('',(0.214861782675,-0.976644466705,0.));
#6547 = PCURVE('',#6451,#6548);
#6548 = DEFINITIONAL_REPRESENTATION('',(#6549),#6553);
#6549 = LINE('',#6550,#6551);
#6550 = CARTESIAN_POINT('',(-0.,0.35));
#6551 = VECTOR('',#6552,1.);
#6552 = DIRECTION('',(-1.,0.));
#6553 = ( GEOMETRIC_REPRESENTATION_CONTEXT(2) 
PARAMETRIC_REPRESENTATION_CONTEXT() REPRESENTATION_CONTEXT('2D SPACE',''
  ) );
#6554 = PCURVE('',#6242,#6555);
#6555 = DEFINITIONAL_REPRESENTATION('',(#6556),#6564);
#6556 = ( BOUNDED_CURVE() B_SPLINE_CURVE(2,(#6557,#6558,#6559,#6560,
#6561,#6562,#6563),.UNSPECIFIED.,.T.,.F.) B_SPLINE_CURVE_WITH_KNOTS((1,2
    ,2,2,2,1),(-2.094395102393,0.,2.094395102393,4.188790204786,
6.28318530718,8.377580409573),.UNSPECIFIED.) CURVE() 
GEOMETRIC_REPRESENTATION_ITEM() RATIONAL_B_SPLINE_CURVE((1.,0.5,1.,0.5,
1.,0.5,1.)) REPRESENTATION_ITEM('') );
#6557 = CARTESIAN_POINT('',(6.898459116568,12.015888662654));
#6558 = CARTESIAN_POINT('',(2.923204198997,11.141332580788));
#6559 = CARTESIAN_POINT('',(4.153443873852,15.021282366856));
#6560 = CARTESIAN_POINT('',(5.383683548708,18.901232152924));
#6561 = CARTESIAN_POINT('',(8.128698791423,15.895838448722));
#6562 = CARTESIAN_POINT('',(10.873714034139,12.890444744519));
#6563 = CARTESIAN_POINT('',(6.898459116568,12.015888662654));
#6564 = ( GEOMETRIC_REPRESENTATION_CONTEXT(2) 
PARAMETRIC_REPRESENTATION_CONTEXT() REPRESENTATION_CONTEXT('2D SPACE',''
  ) );
#6565 = ADVANCED_FACE('',(#6566),#6528,.F.);
#6566 = FACE_BOUND('',#6567,.T.);
#6567 = EDGE_LOOP('',(#6568,#6569,#6592,#6620));
#6568 = ORIENTED_EDGE('',*,*,#6512,.F.);
#6569 = ORIENTED_EDGE('',*,*,#6570,.T.);
#6570 = EDGE_CURVE('',#6489,#6571,#6573,.T.);
#6571 = VERTEX_POINT('',#6572);
#6572 = CARTESIAN_POINT('',(-0.5,2.5,7.85));
#6573 = SURFACE_CURVE('',#6574,(#6578,#6585),.PCURVE_S1.);
#6574 = LINE('',#6575,#6576);
#6575 = CARTESIAN_POINT('',(42.782599464603,2.5,7.85));
#6576 = VECTOR('',#6577,1.);
#6577 = DIRECTION('',(-1.,0.,0.));
#6578 = PCURVE('',#6528,#6579);
#6579 = DEFINITIONAL_REPRESENTATION('',(#6580),#6584);
#6580 = LINE('',#6581,#6582);
#6581 = CARTESIAN_POINT('',(-0.,-0.247487373415));
#6582 = VECTOR('',#6583,1.);
#6583 = DIRECTION('',(-1.,0.));
#6584 = ( GEOMETRIC_REPRESENTATION_CONTEXT(2) 
PARAMETRIC_REPRESENTATION_CONTEXT() REPRESENTATION_CONTEXT('2D SPACE',''
  ) );
#6585 = PCURVE('',#5041,#6586);
#6586 = DEFINITIONAL_REPRESENTATION('',(#6587),#6591);
#6587 = LINE('',#6588,#6589);
#6588 = CARTESIAN_POINT('',(0.217400535397,-3.45));
#6589 = VECTOR('',#6590,1.);
#6590 = DIRECTION('',(1.,0.));
#6591 = ( GEOMETRIC_REPRESENTATION_CONTEXT(2) 
PARAMETRIC_REPRESENTATION_CONTEXT() REPRESENTATION_CONTEXT('2D SPACE',''
  ) );
#6592 = ORIENTED_EDGE('',*,*,#6593,.T.);
#6593 = EDGE_CURVE('',#6571,#6594,#6596,.T.);
#6594 = VERTEX_POINT('',#6595);
#6595 = CARTESIAN_POINT('',(-0.5,2.15,8.2));
#6596 = SURFACE_CURVE('',#6597,(#6601,#6608),.PCURVE_S1.);
#6597 = LINE('',#6598,#6599);
#6598 = CARTESIAN_POINT('',(-0.5,2.325,8.025));
#6599 = VECTOR('',#6600,1.);
#6600 = DIRECTION('',(0.,-0.707106781187,0.707106781187));
#6601 = PCURVE('',#6528,#6602);
#6602 = DEFINITIONAL_REPRESENTATION('',(#6603),#6607);
#6603 = LINE('',#6604,#6605);
#6604 = CARTESIAN_POINT('',(-43.2825994646,0.));
#6605 = VECTOR('',#6606,1.);
#6606 = DIRECTION('',(-0.,1.));
#6607 = ( GEOMETRIC_REPRESENTATION_CONTEXT(2) 
PARAMETRIC_REPRESENTATION_CONTEXT() REPRESENTATION_CONTEXT('2D SPACE',''
  ) );
#6608 = PCURVE('',#6609,#6614);
#6609 = CONICAL_SURFACE('',#6610,2.,0.785398163397);
#6610 = AXIS2_PLACEMENT_3D('',#6611,#6612,#6613);
#6611 = CARTESIAN_POINT('',(-0.5,0.5,7.85));
#6612 = DIRECTION('',(-0.,-0.,-1.));
#6613 = DIRECTION('',(-1.110223024625E-16,1.,0.));
#6614 = DEFINITIONAL_REPRESENTATION('',(#6615),#6619);
#6615 = LINE('',#6616,#6617);
#6616 = CARTESIAN_POINT('',(-0.,-0.175));
#6617 = VECTOR('',#6618,1.);
#6618 = DIRECTION('',(-0.,-1.));
#6619 = ( GEOMETRIC_REPRESENTATION_CONTEXT(2) 
PARAMETRIC_REPRESENTATION_CONTEXT() REPRESENTATION_CONTEXT('2D SPACE',''
  ) );
#6620 = ORIENTED_EDGE('',*,*,#6621,.F.);
#6621 = EDGE_CURVE('',#6513,#6594,#6622,.T.);
#6622 = SURFACE_CURVE('',#6623,(#6627,#6634),.PCURVE_S1.);
#6623 = LINE('',#6624,#6625);
#6624 = CARTESIAN_POINT('',(42.782599464603,2.15,8.2));
#6625 = VECTOR('',#6626,1.);
#6626 = DIRECTION('',(-1.,0.,0.));
#6627 = PCURVE('',#6528,#6628);
#6628 = DEFINITIONAL_REPRESENTATION('',(#6629),#6633);
#6629 = LINE('',#6630,#6631);
#6630 = CARTESIAN_POINT('',(-0.,0.247487373415));
#6631 = VECTOR('',#6632,1.);
#6632 = DIRECTION('',(-1.,0.));
#6633 = ( GEOMETRIC_REPRESENTATION_CONTEXT(2) 
PARAMETRIC_REPRESENTATION_CONTEXT() REPRESENTATION_CONTEXT('2D SPACE',''
  ) );
#6634 = PCURVE('',#6242,#6635);
#6635 = DEFINITIONAL_REPRESENTATION('',(#6636),#6640);
#6636 = LINE('',#6637,#6638);
#6637 = CARTESIAN_POINT('',(6.393533927281,11.961003159411));
#6638 = VECTOR('',#6639,1.);
#6639 = DIRECTION('',(-1.,0.));
#6640 = ( GEOMETRIC_REPRESENTATION_CONTEXT(2) 
PARAMETRIC_REPRESENTATION_CONTEXT() REPRESENTATION_CONTEXT('2D SPACE',''
  ) );
#6641 = ADVANCED_FACE('',(#6642),#6609,.T.);
#6642 = FACE_BOUND('',#6643,.T.);
#6643 = EDGE_LOOP('',(#6644,#6645,#6667,#6690));
#6644 = ORIENTED_EDGE('',*,*,#6593,.F.);
#6645 = ORIENTED_EDGE('',*,*,#6646,.T.);
#6646 = EDGE_CURVE('',#6571,#318,#6647,.T.);
#6647 = SURFACE_CURVE('',#6648,(#6653,#6660),.PCURVE_S1.);
#6648 = CIRCLE('',#6649,2.);
#6649 = AXIS2_PLACEMENT_3D('',#6650,#6651,#6652);
#6650 = CARTESIAN_POINT('',(-0.5,0.5,7.85));
#6651 = DIRECTION('',(0.,0.,1.));
#6652 = DIRECTION('',(-1.110223024625E-16,1.,0.));
#6653 = PCURVE('',#6609,#6654);
#6654 = DEFINITIONAL_REPRESENTATION('',(#6655),#6659);
#6655 = LINE('',#6656,#6657);
#6656 = CARTESIAN_POINT('',(-0.,-0.));
#6657 = VECTOR('',#6658,1.);
#6658 = DIRECTION('',(-1.,-0.));
#6659 = ( GEOMETRIC_REPRESENTATION_CONTEXT(2) 
PARAMETRIC_REPRESENTATION_CONTEXT() REPRESENTATION_CONTEXT('2D SPACE',''
  ) );
#6660 = PCURVE('',#333,#6661);
#6661 = DEFINITIONAL_REPRESENTATION('',(#6662),#6666);
#6662 = LINE('',#6663,#6664);
#6663 = CARTESIAN_POINT('',(0.,3.45));
#6664 = VECTOR('',#6665,1.);
#6665 = DIRECTION('',(1.,0.));
#6666 = ( GEOMETRIC_REPRESENTATION_CONTEXT(2) 
PARAMETRIC_REPRESENTATION_CONTEXT() REPRESENTATION_CONTEXT('2D SPACE',''
  ) );
#6667 = ORIENTED_EDGE('',*,*,#6668,.T.);
#6668 = EDGE_CURVE('',#318,#6669,#6671,.T.);
#6669 = VERTEX_POINT('',#6670);
#6670 = CARTESIAN_POINT('',(-2.15,0.5,8.2));
#6671 = SURFACE_CURVE('',#6672,(#6676,#6683),.PCURVE_S1.);
#6672 = LINE('',#6673,#6674);
#6673 = CARTESIAN_POINT('',(-2.5,0.5,7.85));
#6674 = VECTOR('',#6675,1.);
#6675 = DIRECTION('',(0.707106781187,3.520682012241E-17,0.707106781187)
  );
#6676 = PCURVE('',#6609,#6677);
#6677 = DEFINITIONAL_REPRESENTATION('',(#6678),#6682);
#6678 = LINE('',#6679,#6680);
#6679 = CARTESIAN_POINT('',(-1.570796326795,-0.));
#6680 = VECTOR('',#6681,1.);
#6681 = DIRECTION('',(-0.,-1.));
#6682 = ( GEOMETRIC_REPRESENTATION_CONTEXT(2) 
PARAMETRIC_REPRESENTATION_CONTEXT() REPRESENTATION_CONTEXT('2D SPACE',''
  ) );
#6683 = PCURVE('',#359,#6684);
#6684 = DEFINITIONAL_REPRESENTATION('',(#6685),#6689);
#6685 = LINE('',#6686,#6687);
#6686 = CARTESIAN_POINT('',(-1.110223024625E-16,-0.247487373415));
#6687 = VECTOR('',#6688,1.);
#6688 = DIRECTION('',(3.520682012241E-17,1.));
#6689 = ( GEOMETRIC_REPRESENTATION_CONTEXT(2) 
PARAMETRIC_REPRESENTATION_CONTEXT() REPRESENTATION_CONTEXT('2D SPACE',''
  ) );
#6690 = ORIENTED_EDGE('',*,*,#6691,.F.);
#6691 = EDGE_CURVE('',#6594,#6669,#6692,.T.);
#6692 = SURFACE_CURVE('',#6693,(#6698,#6705),.PCURVE_S1.);
#6693 = CIRCLE('',#6694,1.65);
#6694 = AXIS2_PLACEMENT_3D('',#6695,#6696,#6697);
#6695 = CARTESIAN_POINT('',(-0.5,0.5,8.2));
#6696 = DIRECTION('',(0.,0.,1.));
#6697 = DIRECTION('',(-1.110223024625E-16,1.,0.));
#6698 = PCURVE('',#6609,#6699);
#6699 = DEFINITIONAL_REPRESENTATION('',(#6700),#6704);
#6700 = LINE('',#6701,#6702);
#6701 = CARTESIAN_POINT('',(-0.,-0.35));
#6702 = VECTOR('',#6703,1.);
#6703 = DIRECTION('',(-1.,-0.));
#6704 = ( GEOMETRIC_REPRESENTATION_CONTEXT(2) 
PARAMETRIC_REPRESENTATION_CONTEXT() REPRESENTATION_CONTEXT('2D SPACE',''
  ) );
#6705 = PCURVE('',#6242,#6706);
#6706 = DEFINITIONAL_REPRESENTATION('',(#6707),#6711);
#6707 = CIRCLE('',#6708,1.65);
#6708 = AXIS2_PLACEMENT_2D('',#6709,#6710);
#6709 = CARTESIAN_POINT('',(-36.88906553732,10.311003159411));
#6710 = DIRECTION('',(-1.110223024625E-16,1.));
#6711 = ( GEOMETRIC_REPRESENTATION_CONTEXT(2) 
PARAMETRIC_REPRESENTATION_CONTEXT() REPRESENTATION_CONTEXT('2D SPACE',''
  ) );
#6712 = ADVANCED_FACE('',(#6713,#6842,#6877,#6912),#6242,.T.);
#6713 = FACE_BOUND('',#6714,.T.);
#6714 = EDGE_LOOP('',(#6715,#6740,#6769,#6790,#6791,#6792,#6793,#6794,
    #6795,#6796,#6797,#6820));
#6715 = ORIENTED_EDGE('',*,*,#6716,.T.);
#6716 = EDGE_CURVE('',#6717,#6719,#6721,.T.);
#6717 = VERTEX_POINT('',#6718);
#6718 = CARTESIAN_POINT('',(-0.5,-23.35,8.2));
#6719 = VERTEX_POINT('',#6720);
#6720 = CARTESIAN_POINT('',(71.6,-23.35,8.2));
#6721 = SURFACE_CURVE('',#6722,(#6726,#6733),.PCURVE_S1.);
#6722 = LINE('',#6723,#6724);
#6723 = CARTESIAN_POINT('',(-0.5,-23.35,8.2));
#6724 = VECTOR('',#6725,1.);
#6725 = DIRECTION('',(1.,0.,0.));
#6726 = PCURVE('',#6242,#6727);
#6727 = DEFINITIONAL_REPRESENTATION('',(#6728),#6732);
#6728 = LINE('',#6729,#6730);
#6729 = CARTESIAN_POINT('',(-36.88906553732,-13.53899684058));
#6730 = VECTOR('',#6731,1.);
#6731 = DIRECTION('',(1.,0.));
#6732 = ( GEOMETRIC_REPRESENTATION_CONTEXT(2) 
PARAMETRIC_REPRESENTATION_CONTEXT() REPRESENTATION_CONTEXT('2D SPACE',''
  ) );
#6733 = PCURVE('',#98,#6734);
#6734 = DEFINITIONAL_REPRESENTATION('',(#6735),#6739);
#6735 = LINE('',#6736,#6737);
#6736 = CARTESIAN_POINT('',(-1.685188701339E-33,0.247487373415));
#6737 = VECTOR('',#6738,1.);
#6738 = DIRECTION('',(-1.,0.));
#6739 = ( GEOMETRIC_REPRESENTATION_CONTEXT(2) 
PARAMETRIC_REPRESENTATION_CONTEXT() REPRESENTATION_CONTEXT('2D SPACE',''
  ) );
#6740 = ORIENTED_EDGE('',*,*,#6741,.T.);
#6741 = EDGE_CURVE('',#6719,#6742,#6744,.T.);
#6742 = VERTEX_POINT('',#6743);
#6743 = CARTESIAN_POINT('',(73.25,-21.7,8.2));
#6744 = SURFACE_CURVE('',#6745,(#6750,#6757),.PCURVE_S1.);
#6745 = CIRCLE('',#6746,1.65);
#6746 = AXIS2_PLACEMENT_3D('',#6747,#6748,#6749);
#6747 = CARTESIAN_POINT('',(71.6,-21.7,8.2));
#6748 = DIRECTION('',(0.,0.,1.));
#6749 = DIRECTION('',(0.,-1.,0.));
#6750 = PCURVE('',#6242,#6751);
#6751 = DEFINITIONAL_REPRESENTATION('',(#6752),#6756);
#6752 = CIRCLE('',#6753,1.65);
#6753 = AXIS2_PLACEMENT_2D('',#6754,#6755);
#6754 = CARTESIAN_POINT('',(35.210934462678,-11.88899684058));
#6755 = DIRECTION('',(0.,-1.));
#6756 = ( GEOMETRIC_REPRESENTATION_CONTEXT(2) 
PARAMETRIC_REPRESENTATION_CONTEXT() REPRESENTATION_CONTEXT('2D SPACE',''
  ) );
#6757 = PCURVE('',#6758,#6763);
#6758 = CONICAL_SURFACE('',#6759,2.,0.785398163397);
#6759 = AXIS2_PLACEMENT_3D('',#6760,#6761,#6762);
#6760 = CARTESIAN_POINT('',(71.6,-21.7,7.85));
#6761 = DIRECTION('',(-0.,-0.,-1.));
#6762 = DIRECTION('',(0.,-1.,0.));
#6763 = DEFINITIONAL_REPRESENTATION('',(#6764),#6768);
#6764 = LINE('',#6765,#6766);
#6765 = CARTESIAN_POINT('',(-0.,-0.35));
#6766 = VECTOR('',#6767,1.);
#6767 = DIRECTION('',(-1.,-0.));
#6768 = ( GEOMETRIC_REPRESENTATION_CONTEXT(2) 
PARAMETRIC_REPRESENTATION_CONTEXT() REPRESENTATION_CONTEXT('2D SPACE',''
  ) );
#6769 = ORIENTED_EDGE('',*,*,#6770,.T.);
#6770 = EDGE_CURVE('',#6742,#6171,#6771,.T.);
#6771 = SURFACE_CURVE('',#6772,(#6776,#6783),.PCURVE_S1.);
#6772 = LINE('',#6773,#6774);
#6773 = CARTESIAN_POINT('',(73.25,-21.7,8.2));
#6774 = VECTOR('',#6775,1.);
#6775 = DIRECTION('',(0.,1.,0.));
#6776 = PCURVE('',#6242,#6777);
#6777 = DEFINITIONAL_REPRESENTATION('',(#6778),#6782);
#6778 = LINE('',#6779,#6780);
#6779 = CARTESIAN_POINT('',(36.860934462678,-11.88899684058));
#6780 = VECTOR('',#6781,1.);
#6781 = DIRECTION('',(0.,1.));
#6782 = ( GEOMETRIC_REPRESENTATION_CONTEXT(2) 
PARAMETRIC_REPRESENTATION_CONTEXT() REPRESENTATION_CONTEXT('2D SPACE',''
  ) );
#6783 = PCURVE('',#6186,#6784);
#6784 = DEFINITIONAL_REPRESENTATION('',(#6785),#6789);
#6785 = LINE('',#6786,#6787);
#6786 = CARTESIAN_POINT('',(-0.,0.247487373415));
#6787 = VECTOR('',#6788,1.);
#6788 = DIRECTION('',(-1.,0.));
#6789 = ( GEOMETRIC_REPRESENTATION_CONTEXT(2) 
PARAMETRIC_REPRESENTATION_CONTEXT() REPRESENTATION_CONTEXT('2D SPACE',''
  ) );
#6790 = ORIENTED_EDGE('',*,*,#6227,.T.);
#6791 = ORIENTED_EDGE('',*,*,#6309,.T.);
#6792 = ORIENTED_EDGE('',*,*,#6386,.T.);
#6793 = ORIENTED_EDGE('',*,*,#6463,.T.);
#6794 = ORIENTED_EDGE('',*,*,#6540,.T.);
#6795 = ORIENTED_EDGE('',*,*,#6621,.T.);
#6796 = ORIENTED_EDGE('',*,*,#6691,.T.);
#6797 = ORIENTED_EDGE('',*,*,#6798,.T.);
#6798 = EDGE_CURVE('',#6669,#6799,#6801,.T.);
#6799 = VERTEX_POINT('',#6800);
#6800 = CARTESIAN_POINT('',(-2.15,-21.7,8.2));
#6801 = SURFACE_CURVE('',#6802,(#6806,#6813),.PCURVE_S1.);
#6802 = LINE('',#6803,#6804);
#6803 = CARTESIAN_POINT('',(-2.15,0.5,8.2));
#6804 = VECTOR('',#6805,1.);
#6805 = DIRECTION('',(0.,-1.,0.));
#6806 = PCURVE('',#6242,#6807);
#6807 = DEFINITIONAL_REPRESENTATION('',(#6808),#6812);
#6808 = LINE('',#6809,#6810);
#6809 = CARTESIAN_POINT('',(-38.53906553732,10.311003159411));
#6810 = VECTOR('',#6811,1.);
#6811 = DIRECTION('',(0.,-1.));
#6812 = ( GEOMETRIC_REPRESENTATION_CONTEXT(2) 
PARAMETRIC_REPRESENTATION_CONTEXT() REPRESENTATION_CONTEXT('2D SPACE',''
  ) );
#6813 = PCURVE('',#359,#6814);
#6814 = DEFINITIONAL_REPRESENTATION('',(#6815),#6819);
#6815 = LINE('',#6816,#6817);
#6816 = CARTESIAN_POINT('',(-0.,0.247487373415));
#6817 = VECTOR('',#6818,1.);
#6818 = DIRECTION('',(-1.,0.));
#6819 = ( GEOMETRIC_REPRESENTATION_CONTEXT(2) 
PARAMETRIC_REPRESENTATION_CONTEXT() REPRESENTATION_CONTEXT('2D SPACE',''
  ) );
#6820 = ORIENTED_EDGE('',*,*,#6821,.T.);
#6821 = EDGE_CURVE('',#6799,#6717,#6822,.T.);
#6822 = SURFACE_CURVE('',#6823,(#6828,#6835),.PCURVE_S1.);
#6823 = CIRCLE('',#6824,1.65);
#6824 = AXIS2_PLACEMENT_3D('',#6825,#6826,#6827);
#6825 = CARTESIAN_POINT('',(-0.5,-21.7,8.2));
#6826 = DIRECTION('',(0.,0.,1.));
#6827 = DIRECTION('',(-1.,0.,0.));
#6828 = PCURVE('',#6242,#6829);
#6829 = DEFINITIONAL_REPRESENTATION('',(#6830),#6834);
#6830 = CIRCLE('',#6831,1.65);
#6831 = AXIS2_PLACEMENT_2D('',#6832,#6833);
#6832 = CARTESIAN_POINT('',(-36.88906553732,-11.88899684058));
#6833 = DIRECTION('',(-1.,0.));
#6834 = ( GEOMETRIC_REPRESENTATION_CONTEXT(2) 
PARAMETRIC_REPRESENTATION_CONTEXT() REPRESENTATION_CONTEXT('2D SPACE',''
  ) );
#6835 = PCURVE('',#240,#6836);
#6836 = DEFINITIONAL_REPRESENTATION('',(#6837),#6841);
#6837 = LINE('',#6838,#6839);
#6838 = CARTESIAN_POINT('',(-0.,-0.35));
#6839 = VECTOR('',#6840,1.);
#6840 = DIRECTION('',(-1.,-0.));
#6841 = ( GEOMETRIC_REPRESENTATION_CONTEXT(2) 
PARAMETRIC_REPRESENTATION_CONTEXT() REPRESENTATION_CONTEXT('2D SPACE',''
  ) );
#6842 = FACE_BOUND('',#6843,.T.);
#6843 = EDGE_LOOP('',(#6844));
#6844 = ORIENTED_EDGE('',*,*,#6845,.T.);
#6845 = EDGE_CURVE('',#6846,#6846,#6848,.T.);
#6846 = VERTEX_POINT('',#6847);
#6847 = CARTESIAN_POINT('',(51.149,-15.875,8.2));
#6848 = SURFACE_CURVE('',#6849,(#6854,#6865),.PCURVE_S1.);
#6849 = CIRCLE('',#6850,2.);
#6850 = AXIS2_PLACEMENT_3D('',#6851,#6852,#6853);
#6851 = CARTESIAN_POINT('',(49.149,-15.875,8.2));
#6852 = DIRECTION('',(0.,0.,-1.));
#6853 = DIRECTION('',(1.,0.,0.));
#6854 = PCURVE('',#6242,#6855);
#6855 = DEFINITIONAL_REPRESENTATION('',(#6856),#6864);
#6856 = ( BOUNDED_CURVE() B_SPLINE_CURVE(2,(#6857,#6858,#6859,#6860,
#6861,#6862,#6863),.UNSPECIFIED.,.T.,.F.) B_SPLINE_CURVE_WITH_KNOTS((1,2
    ,2,2,2,1),(-2.094395102393,0.,2.094395102393,4.188790204786,
6.28318530718,8.377580409573),.UNSPECIFIED.) CURVE() 
GEOMETRIC_REPRESENTATION_ITEM() RATIONAL_B_SPLINE_CURVE((1.,0.5,1.,0.5,
1.,0.5,1.)) REPRESENTATION_ITEM('') );
#6857 = CARTESIAN_POINT('',(14.759934462678,-6.063996840589));
#6858 = CARTESIAN_POINT('',(14.759934462678,-9.528098455727));
#6859 = CARTESIAN_POINT('',(11.759934462678,-7.796047648158));
#6860 = CARTESIAN_POINT('',(8.759934462678,-6.063996840589));
#6861 = CARTESIAN_POINT('',(11.759934462678,-4.331946033021));
#6862 = CARTESIAN_POINT('',(14.759934462678,-2.599895225452));
#6863 = CARTESIAN_POINT('',(14.759934462678,-6.063996840589));
#6864 = ( GEOMETRIC_REPRESENTATION_CONTEXT(2) 
PARAMETRIC_REPRESENTATION_CONTEXT() REPRESENTATION_CONTEXT('2D SPACE',''
  ) );
#6865 = PCURVE('',#6866,#6871);
#6866 = CYLINDRICAL_SURFACE('',#6867,2.);
#6867 = AXIS2_PLACEMENT_3D('',#6868,#6869,#6870);
#6868 = CARTESIAN_POINT('',(49.149,-15.875,7.09));
#6869 = DIRECTION('',(-0.,-0.,-1.));
#6870 = DIRECTION('',(1.,0.,0.));
#6871 = DEFINITIONAL_REPRESENTATION('',(#6872),#6876);
#6872 = LINE('',#6873,#6874);
#6873 = CARTESIAN_POINT('',(-6.28318530718,-1.11));
#6874 = VECTOR('',#6875,1.);
#6875 = DIRECTION('',(1.,-0.));
#6876 = ( GEOMETRIC_REPRESENTATION_CONTEXT(2) 
PARAMETRIC_REPRESENTATION_CONTEXT() REPRESENTATION_CONTEXT('2D SPACE',''
  ) );
#6877 = FACE_BOUND('',#6878,.T.);
#6878 = EDGE_LOOP('',(#6879));
#6879 = ORIENTED_EDGE('',*,*,#6880,.T.);
#6880 = EDGE_CURVE('',#6881,#6881,#6883,.T.);
#6881 = VERTEX_POINT('',#6882);
#6882 = CARTESIAN_POINT('',(63.492766952966,-14.732,8.2));
#6883 = SURFACE_CURVE('',#6884,(#6889,#6900),.PCURVE_S1.);
#6884 = CIRCLE('',#6885,3.167766952966);
#6885 = AXIS2_PLACEMENT_3D('',#6886,#6887,#6888);
#6886 = CARTESIAN_POINT('',(60.325,-14.732,8.2));
#6887 = DIRECTION('',(0.,0.,-1.));
#6888 = DIRECTION('',(1.,0.,0.));
#6889 = PCURVE('',#6242,#6890);
#6890 = DEFINITIONAL_REPRESENTATION('',(#6891),#6899);
#6891 = ( BOUNDED_CURVE() B_SPLINE_CURVE(2,(#6892,#6893,#6894,#6895,
#6896,#6897,#6898),.UNSPECIFIED.,.T.,.F.) B_SPLINE_CURVE_WITH_KNOTS((1,2
    ,2,2,2,1),(-2.094395102393,0.,2.094395102393,4.188790204786,
6.28318530718,8.377580409573),.UNSPECIFIED.) CURVE() 
GEOMETRIC_REPRESENTATION_ITEM() RATIONAL_B_SPLINE_CURVE((1.,0.5,1.,0.5,
1.,0.5,1.)) REPRESENTATION_ITEM('') );
#6892 = CARTESIAN_POINT('',(27.103701415644,-4.920996840589));
#6893 = CARTESIAN_POINT('',(27.103701415644,-10.40773014966));
#6894 = CARTESIAN_POINT('',(22.352050986194,-7.664363495127));
#6895 = CARTESIAN_POINT('',(17.600400556745,-4.920996840589));
#6896 = CARTESIAN_POINT('',(22.352050986194,-2.177630186052));
#6897 = CARTESIAN_POINT('',(27.103701415644,0.565736468486));
#6898 = CARTESIAN_POINT('',(27.103701415644,-4.920996840589));
#6899 = ( GEOMETRIC_REPRESENTATION_CONTEXT(2) 
PARAMETRIC_REPRESENTATION_CONTEXT() REPRESENTATION_CONTEXT('2D SPACE',''
  ) );
#6900 = PCURVE('',#6901,#6906);
#6901 = CYLINDRICAL_SURFACE('',#6902,3.167766952966);
#6902 = AXIS2_PLACEMENT_3D('',#6903,#6904,#6905);
#6903 = CARTESIAN_POINT('',(60.325,-14.732,3.4));
#6904 = DIRECTION('',(-0.,-0.,-1.));
#6905 = DIRECTION('',(1.,0.,0.));
#6906 = DEFINITIONAL_REPRESENTATION('',(#6907),#6911);
#6907 = LINE('',#6908,#6909);
#6908 = CARTESIAN_POINT('',(-6.28318530718,-4.8));
#6909 = VECTOR('',#6910,1.);
#6910 = DIRECTION('',(1.,-0.));
#6911 = ( GEOMETRIC_REPRESENTATION_CONTEXT(2) 
PARAMETRIC_REPRESENTATION_CONTEXT() REPRESENTATION_CONTEXT('2D SPACE',''
  ) );
#6912 = FACE_BOUND('',#6913,.T.);
#6913 = EDGE_LOOP('',(#6914,#6941,#6966,#6991));
#6914 = ORIENTED_EDGE('',*,*,#6915,.T.);
#6915 = EDGE_CURVE('',#6916,#6918,#6920,.T.);
#6916 = VERTEX_POINT('',#6917);
#6917 = CARTESIAN_POINT('',(44.141677391304,-5.501862608696,8.2));
#6918 = VERTEX_POINT('',#6919);
#6919 = CARTESIAN_POINT('',(44.141677391304,-17.9822973913,8.2));
#6920 = SURFACE_CURVE('',#6921,(#6924,#6930),.PCURVE_S1.);
#6921 = B_SPLINE_CURVE_WITH_KNOTS('',1,(#6922,#6923),.UNSPECIFIED.,.F.,
  .F.,(2,2),(0.,1.),.PIECEWISE_BEZIER_KNOTS.);
#6922 = CARTESIAN_POINT('',(44.141677391304,-5.501862608696,8.2));
#6923 = CARTESIAN_POINT('',(44.141677391304,-17.9822973913,8.2));
#6924 = PCURVE('',#6242,#6925);
#6925 = DEFINITIONAL_REPRESENTATION('',(#6926),#6929);
#6926 = B_SPLINE_CURVE_WITH_KNOTS('',1,(#6927,#6928),.UNSPECIFIED.,.F.,
  .F.,(2,2),(0.,1.),.PIECEWISE_BEZIER_KNOTS.);
#6927 = CARTESIAN_POINT('',(7.752611853982,4.309140550715));
#6928 = CARTESIAN_POINT('',(7.752611853982,-8.171294231894));
#6929 = ( GEOMETRIC_REPRESENTATION_CONTEXT(2) 
PARAMETRIC_REPRESENTATION_CONTEXT() REPRESENTATION_CONTEXT('2D SPACE',''
  ) );
#6930 = PCURVE('',#6931,#6936);
#6931 = B_SPLINE_SURFACE_WITH_KNOTS('',1,1,(
    (#6932,#6933)
    ,(#6934,#6935
    )),.UNSPECIFIED.,.F.,.F.,.F.,(2,2),(2,2),(0.,12.5),(0.,1.),
  .PIECEWISE_BEZIER_KNOTS.);
#6932 = CARTESIAN_POINT('',(43.70146,-17.54208,7.75));
#6933 = CARTESIAN_POINT('',(44.15146,-17.99208,8.21));
#6934 = CARTESIAN_POINT('',(43.70146,-5.94208,7.75));
#6935 = CARTESIAN_POINT('',(44.15146,-5.49208,8.21));
#6936 = DEFINITIONAL_REPRESENTATION('',(#6937),#6940);
#6937 = B_SPLINE_CURVE_WITH_KNOTS('',1,(#6938,#6939),.UNSPECIFIED.,.F.,
  .F.,(2,2),(0.,1.),.PIECEWISE_BEZIER_KNOTS.);
#6938 = CARTESIAN_POINT('',(12.5,0.978260869565));
#6939 = CARTESIAN_POINT('',(0.,0.978260869565));
#6940 = ( GEOMETRIC_REPRESENTATION_CONTEXT(2) 
PARAMETRIC_REPRESENTATION_CONTEXT() REPRESENTATION_CONTEXT('2D SPACE',''
  ) );
#6941 = ORIENTED_EDGE('',*,*,#6942,.T.);
#6942 = EDGE_CURVE('',#6918,#6943,#6945,.T.);
#6943 = VERTEX_POINT('',#6944);
#6944 = CARTESIAN_POINT('',(20.761242608696,-17.9822973913,8.2));
#6945 = SURFACE_CURVE('',#6946,(#6949,#6955),.PCURVE_S1.);
#6946 = B_SPLINE_CURVE_WITH_KNOTS('',1,(#6947,#6948),.UNSPECIFIED.,.F.,
  .F.,(2,2),(0.,1.),.PIECEWISE_BEZIER_KNOTS.);
#6947 = CARTESIAN_POINT('',(44.141677391304,-17.9822973913,8.2));
#6948 = CARTESIAN_POINT('',(20.761242608696,-17.9822973913,8.2));
#6949 = PCURVE('',#6242,#6950);
#6950 = DEFINITIONAL_REPRESENTATION('',(#6951),#6954);
#6951 = B_SPLINE_CURVE_WITH_KNOTS('',1,(#6952,#6953),.UNSPECIFIED.,.F.,
  .F.,(2,2),(0.,1.),.PIECEWISE_BEZIER_KNOTS.);
#6952 = CARTESIAN_POINT('',(7.752611853982,-8.171294231894));
#6953 = CARTESIAN_POINT('',(-15.62782292862,-8.171294231894));
#6954 = ( GEOMETRIC_REPRESENTATION_CONTEXT(2) 
PARAMETRIC_REPRESENTATION_CONTEXT() REPRESENTATION_CONTEXT('2D SPACE',''
  ) );
#6955 = PCURVE('',#6956,#6961);
#6956 = B_SPLINE_SURFACE_WITH_KNOTS('',1,1,(
    (#6957,#6958)
    ,(#6959,#6960
    )),.UNSPECIFIED.,.F.,.F.,.F.,(2,2),(2,2),(0.,23.4),(0.,1.),
  .PIECEWISE_BEZIER_KNOTS.);
#6957 = CARTESIAN_POINT('',(21.20146,-17.54208,7.75));
#6958 = CARTESIAN_POINT('',(20.75146,-17.99208,8.21));
#6959 = CARTESIAN_POINT('',(43.70146,-17.54208,7.75));
#6960 = CARTESIAN_POINT('',(44.15146,-17.99208,8.21));
#6961 = DEFINITIONAL_REPRESENTATION('',(#6962),#6965);
#6962 = B_SPLINE_CURVE_WITH_KNOTS('',1,(#6963,#6964),.UNSPECIFIED.,.F.,
  .F.,(2,2),(0.,1.),.PIECEWISE_BEZIER_KNOTS.);
#6963 = CARTESIAN_POINT('',(23.4,0.978260869565));
#6964 = CARTESIAN_POINT('',(0.,0.978260869565));
#6965 = ( GEOMETRIC_REPRESENTATION_CONTEXT(2) 
PARAMETRIC_REPRESENTATION_CONTEXT() REPRESENTATION_CONTEXT('2D SPACE',''
  ) );
#6966 = ORIENTED_EDGE('',*,*,#6967,.T.);
#6967 = EDGE_CURVE('',#6943,#6968,#6970,.T.);
#6968 = VERTEX_POINT('',#6969);
#6969 = CARTESIAN_POINT('',(20.761242608696,-5.501862608696,8.2));
#6970 = SURFACE_CURVE('',#6971,(#6974,#6980),.PCURVE_S1.);
#6971 = B_SPLINE_CURVE_WITH_KNOTS('',1,(#6972,#6973),.UNSPECIFIED.,.F.,
  .F.,(2,2),(0.,1.),.PIECEWISE_BEZIER_KNOTS.);
#6972 = CARTESIAN_POINT('',(20.761242608696,-17.9822973913,8.2));
#6973 = CARTESIAN_POINT('',(20.761242608696,-5.501862608696,8.2));
#6974 = PCURVE('',#6242,#6975);
#6975 = DEFINITIONAL_REPRESENTATION('',(#6976),#6979);
#6976 = B_SPLINE_CURVE_WITH_KNOTS('',1,(#6977,#6978),.UNSPECIFIED.,.F.,
  .F.,(2,2),(0.,1.),.PIECEWISE_BEZIER_KNOTS.);
#6977 = CARTESIAN_POINT('',(-15.62782292862,-8.171294231894));
#6978 = CARTESIAN_POINT('',(-15.62782292862,4.309140550715));
#6979 = ( GEOMETRIC_REPRESENTATION_CONTEXT(2) 
PARAMETRIC_REPRESENTATION_CONTEXT() REPRESENTATION_CONTEXT('2D SPACE',''
  ) );
#6980 = PCURVE('',#6981,#6986);
#6981 = B_SPLINE_SURFACE_WITH_KNOTS('',1,1,(
    (#6982,#6983)
    ,(#6984,#6985
    )),.UNSPECIFIED.,.F.,.F.,.F.,(2,2),(2,2),(0.,12.5),(0.,1.),
  .PIECEWISE_BEZIER_KNOTS.);
#6982 = CARTESIAN_POINT('',(21.20146,-5.94208,7.75));
#6983 = CARTESIAN_POINT('',(20.75146,-5.49208,8.21));
#6984 = CARTESIAN_POINT('',(21.20146,-17.54208,7.75));
#6985 = CARTESIAN_POINT('',(20.75146,-17.99208,8.21));
#6986 = DEFINITIONAL_REPRESENTATION('',(#6987),#6990);
#6987 = B_SPLINE_CURVE_WITH_KNOTS('',1,(#6988,#6989),.UNSPECIFIED.,.F.,
  .F.,(2,2),(0.,1.),.PIECEWISE_BEZIER_KNOTS.);
#6988 = CARTESIAN_POINT('',(12.5,0.978260869565));
#6989 = CARTESIAN_POINT('',(0.,0.978260869565));
#6990 = ( GEOMETRIC_REPRESENTATION_CONTEXT(2) 
PARAMETRIC_REPRESENTATION_CONTEXT() REPRESENTATION_CONTEXT('2D SPACE',''
  ) );
#6991 = ORIENTED_EDGE('',*,*,#6992,.T.);
#6992 = EDGE_CURVE('',#6968,#6916,#6993,.T.);
#6993 = SURFACE_CURVE('',#6994,(#6997,#7003),.PCURVE_S1.);
#6994 = B_SPLINE_CURVE_WITH_KNOTS('',1,(#6995,#6996),.UNSPECIFIED.,.F.,
  .F.,(2,2),(0.,1.),.PIECEWISE_BEZIER_KNOTS.);
#6995 = CARTESIAN_POINT('',(20.761242608696,-5.501862608696,8.2));
#6996 = CARTESIAN_POINT('',(44.141677391304,-5.501862608696,8.2));
#6997 = PCURVE('',#6242,#6998);
#6998 = DEFINITIONAL_REPRESENTATION('',(#6999),#7002);
#6999 = B_SPLINE_CURVE_WITH_KNOTS('',1,(#7000,#7001),.UNSPECIFIED.,.F.,
  .F.,(2,2),(0.,1.),.PIECEWISE_BEZIER_KNOTS.);
#7000 = CARTESIAN_POINT('',(-15.62782292862,4.309140550715));
#7001 = CARTESIAN_POINT('',(7.752611853982,4.309140550715));
#7002 = ( GEOMETRIC_REPRESENTATION_CONTEXT(2) 
PARAMETRIC_REPRESENTATION_CONTEXT() REPRESENTATION_CONTEXT('2D SPACE',''
  ) );
#7003 = PCURVE('',#7004,#7009);
#7004 = B_SPLINE_SURFACE_WITH_KNOTS('',1,1,(
    (#7005,#7006)
    ,(#7007,#7008
    )),.UNSPECIFIED.,.F.,.F.,.F.,(2,2),(2,2),(0.,23.4),(0.,1.),
  .PIECEWISE_BEZIER_KNOTS.);
#7005 = CARTESIAN_POINT('',(43.70146,-5.94208,7.75));
#7006 = CARTESIAN_POINT('',(44.15146,-5.49208,8.21));
#7007 = CARTESIAN_POINT('',(21.20146,-5.94208,7.75));
#7008 = CARTESIAN_POINT('',(20.75146,-5.49208,8.21));
#7009 = DEFINITIONAL_REPRESENTATION('',(#7010),#7013);
#7010 = B_SPLINE_CURVE_WITH_KNOTS('',1,(#7011,#7012),.UNSPECIFIED.,.F.,
  .F.,(2,2),(0.,1.),.PIECEWISE_BEZIER_KNOTS.);
#7011 = CARTESIAN_POINT('',(23.4,0.978260869565));
#7012 = CARTESIAN_POINT('',(0.,0.978260869565));
#7013 = ( GEOMETRIC_REPRESENTATION_CONTEXT(2) 
PARAMETRIC_REPRESENTATION_CONTEXT() REPRESENTATION_CONTEXT('2D SPACE',''
  ) );
#7014 = ADVANCED_FACE('',(#7015),#6981,.F.);
#7015 = FACE_BOUND('',#7016,.F.);
#7016 = EDGE_LOOP('',(#7017,#7039,#7066,#7086));
#7017 = ORIENTED_EDGE('',*,*,#7018,.F.);
#7018 = EDGE_CURVE('',#7019,#6968,#7021,.T.);
#7019 = VERTEX_POINT('',#7020);
#7020 = CARTESIAN_POINT('',(21.20146,-5.94208,7.75));
#7021 = SURFACE_CURVE('',#7022,(#7025,#7032),.PCURVE_S1.);
#7022 = B_SPLINE_CURVE_WITH_KNOTS('',1,(#7023,#7024),.UNSPECIFIED.,.F.,
  .F.,(2,2),(0.,1.),.PIECEWISE_BEZIER_KNOTS.);
#7023 = CARTESIAN_POINT('',(21.20146,-5.94208,7.75));
#7024 = CARTESIAN_POINT('',(20.75146,-5.49208,8.21));
#7025 = PCURVE('',#6981,#7026);
#7026 = DEFINITIONAL_REPRESENTATION('',(#7027),#7031);
#7027 = LINE('',#7028,#7029);
#7028 = CARTESIAN_POINT('',(0.,0.));
#7029 = VECTOR('',#7030,1.);
#7030 = DIRECTION('',(0.,1.));
#7031 = ( GEOMETRIC_REPRESENTATION_CONTEXT(2) 
PARAMETRIC_REPRESENTATION_CONTEXT() REPRESENTATION_CONTEXT('2D SPACE',''
  ) );
#7032 = PCURVE('',#7004,#7033);
#7033 = DEFINITIONAL_REPRESENTATION('',(#7034),#7038);
#7034 = LINE('',#7035,#7036);
#7035 = CARTESIAN_POINT('',(23.4,0.));
#7036 = VECTOR('',#7037,1.);
#7037 = DIRECTION('',(0.,1.));
#7038 = ( GEOMETRIC_REPRESENTATION_CONTEXT(2) 
PARAMETRIC_REPRESENTATION_CONTEXT() REPRESENTATION_CONTEXT('2D SPACE',''
  ) );
#7039 = ORIENTED_EDGE('',*,*,#7040,.T.);
#7040 = EDGE_CURVE('',#7019,#7041,#7043,.T.);
#7041 = VERTEX_POINT('',#7042);
#7042 = CARTESIAN_POINT('',(21.20146,-17.54208,7.75));
#7043 = SURFACE_CURVE('',#7044,(#7048,#7054),.PCURVE_S1.);
#7044 = LINE('',#7045,#7046);
#7045 = CARTESIAN_POINT('',(21.20146,-5.94208,7.75));
#7046 = VECTOR('',#7047,1.);
#7047 = DIRECTION('',(0.,-1.,0.));
#7048 = PCURVE('',#6981,#7049);
#7049 = DEFINITIONAL_REPRESENTATION('',(#7050),#7053);
#7050 = B_SPLINE_CURVE_WITH_KNOTS('',1,(#7051,#7052),.UNSPECIFIED.,.F.,
  .F.,(2,2),(0.,11.6),.PIECEWISE_BEZIER_KNOTS.);
#7051 = CARTESIAN_POINT('',(0.,0.));
#7052 = CARTESIAN_POINT('',(12.5,0.));
#7053 = ( GEOMETRIC_REPRESENTATION_CONTEXT(2) 
PARAMETRIC_REPRESENTATION_CONTEXT() REPRESENTATION_CONTEXT('2D SPACE',''
  ) );
#7054 = PCURVE('',#7055,#7060);
#7055 = PLANE('',#7056);
#7056 = AXIS2_PLACEMENT_3D('',#7057,#7058,#7059);
#7057 = CARTESIAN_POINT('',(21.20146,-5.94208,5.6));
#7058 = DIRECTION('',(1.,0.,-0.));
#7059 = DIRECTION('',(0.,-1.,0.));
#7060 = DEFINITIONAL_REPRESENTATION('',(#7061),#7065);
#7061 = LINE('',#7062,#7063);
#7062 = CARTESIAN_POINT('',(0.,-2.15));
#7063 = VECTOR('',#7064,1.);
#7064 = DIRECTION('',(1.,0.));
#7065 = ( GEOMETRIC_REPRESENTATION_CONTEXT(2) 
PARAMETRIC_REPRESENTATION_CONTEXT() REPRESENTATION_CONTEXT('2D SPACE',''
  ) );
#7066 = ORIENTED_EDGE('',*,*,#7067,.T.);
#7067 = EDGE_CURVE('',#7041,#6943,#7068,.T.);
#7068 = SURFACE_CURVE('',#7069,(#7072,#7079),.PCURVE_S1.);
#7069 = B_SPLINE_CURVE_WITH_KNOTS('',1,(#7070,#7071),.UNSPECIFIED.,.F.,
  .F.,(2,2),(0.,1.),.PIECEWISE_BEZIER_KNOTS.);
#7070 = CARTESIAN_POINT('',(21.20146,-17.54208,7.75));
#7071 = CARTESIAN_POINT('',(20.75146,-17.99208,8.21));
#7072 = PCURVE('',#6981,#7073);
#7073 = DEFINITIONAL_REPRESENTATION('',(#7074),#7078);
#7074 = LINE('',#7075,#7076);
#7075 = CARTESIAN_POINT('',(12.5,0.));
#7076 = VECTOR('',#7077,1.);
#7077 = DIRECTION('',(0.,1.));
#7078 = ( GEOMETRIC_REPRESENTATION_CONTEXT(2) 
PARAMETRIC_REPRESENTATION_CONTEXT() REPRESENTATION_CONTEXT('2D SPACE',''
  ) );
#7079 = PCURVE('',#6956,#7080);
#7080 = DEFINITIONAL_REPRESENTATION('',(#7081),#7085);
#7081 = LINE('',#7082,#7083);
#7082 = CARTESIAN_POINT('',(0.,0.));
#7083 = VECTOR('',#7084,1.);
#7084 = DIRECTION('',(0.,1.));
#7085 = ( GEOMETRIC_REPRESENTATION_CONTEXT(2) 
PARAMETRIC_REPRESENTATION_CONTEXT() REPRESENTATION_CONTEXT('2D SPACE',''
  ) );
#7086 = ORIENTED_EDGE('',*,*,#6967,.T.);
#7087 = ADVANCED_FACE('',(#7088),#7055,.T.);
#7088 = FACE_BOUND('',#7089,.T.);
#7089 = EDGE_LOOP('',(#7090,#7118,#7139,#7165));
#7090 = ORIENTED_EDGE('',*,*,#7091,.F.);
#7091 = EDGE_CURVE('',#7092,#7041,#7094,.T.);
#7092 = VERTEX_POINT('',#7093);
#7093 = CARTESIAN_POINT('',(21.20146,-17.54208,6.6));
#7094 = SURFACE_CURVE('',#7095,(#7099,#7106),.PCURVE_S1.);
#7095 = LINE('',#7096,#7097);
#7096 = CARTESIAN_POINT('',(21.20146,-17.54208,5.6));
#7097 = VECTOR('',#7098,1.);
#7098 = DIRECTION('',(0.,0.,1.));
#7099 = PCURVE('',#7055,#7100);
#7100 = DEFINITIONAL_REPRESENTATION('',(#7101),#7105);
#7101 = LINE('',#7102,#7103);
#7102 = CARTESIAN_POINT('',(11.6,0.));
#7103 = VECTOR('',#7104,1.);
#7104 = DIRECTION('',(0.,-1.));
#7105 = ( GEOMETRIC_REPRESENTATION_CONTEXT(2) 
PARAMETRIC_REPRESENTATION_CONTEXT() REPRESENTATION_CONTEXT('2D SPACE',''
  ) );
#7106 = PCURVE('',#7107,#7112);
#7107 = PLANE('',#7108);
#7108 = AXIS2_PLACEMENT_3D('',#7109,#7110,#7111);
#7109 = CARTESIAN_POINT('',(21.20146,-17.54208,5.6));
#7110 = DIRECTION('',(0.,1.,0.));
#7111 = DIRECTION('',(1.,0.,0.));
#7112 = DEFINITIONAL_REPRESENTATION('',(#7113),#7117);
#7113 = LINE('',#7114,#7115);
#7114 = CARTESIAN_POINT('',(0.,0.));
#7115 = VECTOR('',#7116,1.);
#7116 = DIRECTION('',(0.,-1.));
#7117 = ( GEOMETRIC_REPRESENTATION_CONTEXT(2) 
PARAMETRIC_REPRESENTATION_CONTEXT() REPRESENTATION_CONTEXT('2D SPACE',''
  ) );
#7118 = ORIENTED_EDGE('',*,*,#7119,.T.);
#7119 = EDGE_CURVE('',#7092,#7120,#7122,.T.);
#7120 = VERTEX_POINT('',#7121);
#7121 = CARTESIAN_POINT('',(21.20146,-5.94208,6.6));
#7122 = SURFACE_CURVE('',#7123,(#7127,#7133),.PCURVE_S1.);
#7123 = LINE('',#7124,#7125);
#7124 = CARTESIAN_POINT('',(21.20146,-13.89604,6.6));
#7125 = VECTOR('',#7126,1.);
#7126 = DIRECTION('',(-0.,1.,0.));
#7127 = PCURVE('',#7055,#7128);
#7128 = DEFINITIONAL_REPRESENTATION('',(#7129),#7132);
#7129 = B_SPLINE_CURVE_WITH_KNOTS('',1,(#7130,#7131),.UNSPECIFIED.,.F.,
  .F.,(2,2),(-3.64604,7.95396),.PIECEWISE_BEZIER_KNOTS.);
#7130 = CARTESIAN_POINT('',(11.6,-1.));
#7131 = CARTESIAN_POINT('',(0.,-1.));
#7132 = ( GEOMETRIC_REPRESENTATION_CONTEXT(2) 
PARAMETRIC_REPRESENTATION_CONTEXT() REPRESENTATION_CONTEXT('2D SPACE',''
  ) );
#7133 = PCURVE('',#2335,#7134);
#7134 = DEFINITIONAL_REPRESENTATION('',(#7135),#7138);
#7135 = B_SPLINE_CURVE_WITH_KNOTS('',1,(#7136,#7137),.UNSPECIFIED.,.F.,
  .F.,(2,2),(-3.64604,7.95396),.PIECEWISE_BEZIER_KNOTS.);
#7136 = CARTESIAN_POINT('',(21.80146,4.30792));
#7137 = CARTESIAN_POINT('',(21.80146,15.90792));
#7138 = ( GEOMETRIC_REPRESENTATION_CONTEXT(2) 
PARAMETRIC_REPRESENTATION_CONTEXT() REPRESENTATION_CONTEXT('2D SPACE',''
  ) );
#7139 = ORIENTED_EDGE('',*,*,#7140,.T.);
#7140 = EDGE_CURVE('',#7120,#7019,#7141,.T.);
#7141 = SURFACE_CURVE('',#7142,(#7146,#7153),.PCURVE_S1.);
#7142 = LINE('',#7143,#7144);
#7143 = CARTESIAN_POINT('',(21.20146,-5.94208,5.6));
#7144 = VECTOR('',#7145,1.);
#7145 = DIRECTION('',(0.,0.,1.));
#7146 = PCURVE('',#7055,#7147);
#7147 = DEFINITIONAL_REPRESENTATION('',(#7148),#7152);
#7148 = LINE('',#7149,#7150);
#7149 = CARTESIAN_POINT('',(0.,0.));
#7150 = VECTOR('',#7151,1.);
#7151 = DIRECTION('',(0.,-1.));
#7152 = ( GEOMETRIC_REPRESENTATION_CONTEXT(2) 
PARAMETRIC_REPRESENTATION_CONTEXT() REPRESENTATION_CONTEXT('2D SPACE',''
  ) );
#7153 = PCURVE('',#7154,#7159);
#7154 = PLANE('',#7155);
#7155 = AXIS2_PLACEMENT_3D('',#7156,#7157,#7158);
#7156 = CARTESIAN_POINT('',(43.70146,-5.94208,5.6));
#7157 = DIRECTION('',(0.,-1.,0.));
#7158 = DIRECTION('',(-1.,0.,0.));
#7159 = DEFINITIONAL_REPRESENTATION('',(#7160),#7164);
#7160 = LINE('',#7161,#7162);
#7161 = CARTESIAN_POINT('',(22.5,0.));
#7162 = VECTOR('',#7163,1.);
#7163 = DIRECTION('',(0.,-1.));
#7164 = ( GEOMETRIC_REPRESENTATION_CONTEXT(2) 
PARAMETRIC_REPRESENTATION_CONTEXT() REPRESENTATION_CONTEXT('2D SPACE',''
  ) );
#7165 = ORIENTED_EDGE('',*,*,#7040,.T.);
#7166 = ADVANCED_FACE('',(#7167),#7154,.T.);
#7167 = FACE_BOUND('',#7168,.T.);
#7168 = EDGE_LOOP('',(#7169,#7170,#7191,#7219));
#7169 = ORIENTED_EDGE('',*,*,#7140,.F.);
#7170 = ORIENTED_EDGE('',*,*,#7171,.T.);
#7171 = EDGE_CURVE('',#7120,#7172,#7174,.T.);
#7172 = VERTEX_POINT('',#7173);
#7173 = CARTESIAN_POINT('',(43.70146,-5.94208,6.6));
#7174 = SURFACE_CURVE('',#7175,(#7179,#7185),.PCURVE_S1.);
#7175 = LINE('',#7176,#7177);
#7176 = CARTESIAN_POINT('',(21.55073,-5.94208,6.6));
#7177 = VECTOR('',#7178,1.);
#7178 = DIRECTION('',(1.,0.,-0.));
#7179 = PCURVE('',#7154,#7180);
#7180 = DEFINITIONAL_REPRESENTATION('',(#7181),#7184);
#7181 = B_SPLINE_CURVE_WITH_KNOTS('',1,(#7182,#7183),.UNSPECIFIED.,.F.,
  .F.,(2,2),(-0.34927,22.15073),.PIECEWISE_BEZIER_KNOTS.);
#7182 = CARTESIAN_POINT('',(22.5,-1.));
#7183 = CARTESIAN_POINT('',(0.,-1.));
#7184 = ( GEOMETRIC_REPRESENTATION_CONTEXT(2) 
PARAMETRIC_REPRESENTATION_CONTEXT() REPRESENTATION_CONTEXT('2D SPACE',''
  ) );
#7185 = PCURVE('',#2335,#7186);
#7186 = DEFINITIONAL_REPRESENTATION('',(#7187),#7190);
#7187 = B_SPLINE_CURVE_WITH_KNOTS('',1,(#7188,#7189),.UNSPECIFIED.,.F.,
  .F.,(2,2),(-0.34927,22.15073),.PIECEWISE_BEZIER_KNOTS.);
#7188 = CARTESIAN_POINT('',(21.80146,15.90792));
#7189 = CARTESIAN_POINT('',(44.30146,15.90792));
#7190 = ( GEOMETRIC_REPRESENTATION_CONTEXT(2) 
PARAMETRIC_REPRESENTATION_CONTEXT() REPRESENTATION_CONTEXT('2D SPACE',''
  ) );
#7191 = ORIENTED_EDGE('',*,*,#7192,.T.);
#7192 = EDGE_CURVE('',#7172,#7193,#7195,.T.);
#7193 = VERTEX_POINT('',#7194);
#7194 = CARTESIAN_POINT('',(43.70146,-5.94208,7.75));
#7195 = SURFACE_CURVE('',#7196,(#7200,#7207),.PCURVE_S1.);
#7196 = LINE('',#7197,#7198);
#7197 = CARTESIAN_POINT('',(43.70146,-5.94208,5.6));
#7198 = VECTOR('',#7199,1.);
#7199 = DIRECTION('',(0.,0.,1.));
#7200 = PCURVE('',#7154,#7201);
#7201 = DEFINITIONAL_REPRESENTATION('',(#7202),#7206);
#7202 = LINE('',#7203,#7204);
#7203 = CARTESIAN_POINT('',(0.,-0.));
#7204 = VECTOR('',#7205,1.);
#7205 = DIRECTION('',(0.,-1.));
#7206 = ( GEOMETRIC_REPRESENTATION_CONTEXT(2) 
PARAMETRIC_REPRESENTATION_CONTEXT() REPRESENTATION_CONTEXT('2D SPACE',''
  ) );
#7207 = PCURVE('',#7208,#7213);
#7208 = PLANE('',#7209);
#7209 = AXIS2_PLACEMENT_3D('',#7210,#7211,#7212);
#7210 = CARTESIAN_POINT('',(43.70146,-17.54208,5.6));
#7211 = DIRECTION('',(-1.,0.,0.));
#7212 = DIRECTION('',(0.,1.,0.));
#7213 = DEFINITIONAL_REPRESENTATION('',(#7214),#7218);
#7214 = LINE('',#7215,#7216);
#7215 = CARTESIAN_POINT('',(11.6,0.));
#7216 = VECTOR('',#7217,1.);
#7217 = DIRECTION('',(0.,-1.));
#7218 = ( GEOMETRIC_REPRESENTATION_CONTEXT(2) 
PARAMETRIC_REPRESENTATION_CONTEXT() REPRESENTATION_CONTEXT('2D SPACE',''
  ) );
#7219 = ORIENTED_EDGE('',*,*,#7220,.T.);
#7220 = EDGE_CURVE('',#7193,#7019,#7221,.T.);
#7221 = SURFACE_CURVE('',#7222,(#7226,#7233),.PCURVE_S1.);
#7222 = LINE('',#7223,#7224);
#7223 = CARTESIAN_POINT('',(43.70146,-5.94208,7.75));
#7224 = VECTOR('',#7225,1.);
#7225 = DIRECTION('',(-1.,0.,0.));
#7226 = PCURVE('',#7154,#7227);
#7227 = DEFINITIONAL_REPRESENTATION('',(#7228),#7232);
#7228 = LINE('',#7229,#7230);
#7229 = CARTESIAN_POINT('',(0.,-2.15));
#7230 = VECTOR('',#7231,1.);
#7231 = DIRECTION('',(1.,0.));
#7232 = ( GEOMETRIC_REPRESENTATION_CONTEXT(2) 
PARAMETRIC_REPRESENTATION_CONTEXT() REPRESENTATION_CONTEXT('2D SPACE',''
  ) );
#7233 = PCURVE('',#7004,#7234);
#7234 = DEFINITIONAL_REPRESENTATION('',(#7235),#7238);
#7235 = B_SPLINE_CURVE_WITH_KNOTS('',1,(#7236,#7237),.UNSPECIFIED.,.F.,
  .F.,(2,2),(0.,22.5),.PIECEWISE_BEZIER_KNOTS.);
#7236 = CARTESIAN_POINT('',(0.,0.));
#7237 = CARTESIAN_POINT('',(23.4,0.));
#7238 = ( GEOMETRIC_REPRESENTATION_CONTEXT(2) 
PARAMETRIC_REPRESENTATION_CONTEXT() REPRESENTATION_CONTEXT('2D SPACE',''
  ) );
#7239 = ADVANCED_FACE('',(#7240),#7208,.T.);
#7240 = FACE_BOUND('',#7241,.T.);
#7241 = EDGE_LOOP('',(#7242,#7243,#7264,#7287));
#7242 = ORIENTED_EDGE('',*,*,#7192,.F.);
#7243 = ORIENTED_EDGE('',*,*,#7244,.T.);
#7244 = EDGE_CURVE('',#7172,#7245,#7247,.T.);
#7245 = VERTEX_POINT('',#7246);
#7246 = CARTESIAN_POINT('',(43.70146,-17.54208,6.6));
#7247 = SURFACE_CURVE('',#7248,(#7252,#7258),.PCURVE_S1.);
#7248 = LINE('',#7249,#7250);
#7249 = CARTESIAN_POINT('',(43.70146,-19.69604,6.6));
#7250 = VECTOR('',#7251,1.);
#7251 = DIRECTION('',(0.,-1.,0.));
#7252 = PCURVE('',#7208,#7253);
#7253 = DEFINITIONAL_REPRESENTATION('',(#7254),#7257);
#7254 = B_SPLINE_CURVE_WITH_KNOTS('',1,(#7255,#7256),.UNSPECIFIED.,.F.,
  .F.,(2,2),(-13.75396,-2.15396),.PIECEWISE_BEZIER_KNOTS.);
#7255 = CARTESIAN_POINT('',(11.6,-1.));
#7256 = CARTESIAN_POINT('',(0.,-1.));
#7257 = ( GEOMETRIC_REPRESENTATION_CONTEXT(2) 
PARAMETRIC_REPRESENTATION_CONTEXT() REPRESENTATION_CONTEXT('2D SPACE',''
  ) );
#7258 = PCURVE('',#2335,#7259);
#7259 = DEFINITIONAL_REPRESENTATION('',(#7260),#7263);
#7260 = B_SPLINE_CURVE_WITH_KNOTS('',1,(#7261,#7262),.UNSPECIFIED.,.F.,
  .F.,(2,2),(-13.75396,-2.15396),.PIECEWISE_BEZIER_KNOTS.);
#7261 = CARTESIAN_POINT('',(44.30146,15.90792));
#7262 = CARTESIAN_POINT('',(44.30146,4.30792));
#7263 = ( GEOMETRIC_REPRESENTATION_CONTEXT(2) 
PARAMETRIC_REPRESENTATION_CONTEXT() REPRESENTATION_CONTEXT('2D SPACE',''
  ) );
#7264 = ORIENTED_EDGE('',*,*,#7265,.T.);
#7265 = EDGE_CURVE('',#7245,#7266,#7268,.T.);
#7266 = VERTEX_POINT('',#7267);
#7267 = CARTESIAN_POINT('',(43.70146,-17.54208,7.75));
#7268 = SURFACE_CURVE('',#7269,(#7273,#7280),.PCURVE_S1.);
#7269 = LINE('',#7270,#7271);
#7270 = CARTESIAN_POINT('',(43.70146,-17.54208,5.6));
#7271 = VECTOR('',#7272,1.);
#7272 = DIRECTION('',(0.,0.,1.));
#7273 = PCURVE('',#7208,#7274);
#7274 = DEFINITIONAL_REPRESENTATION('',(#7275),#7279);
#7275 = LINE('',#7276,#7277);
#7276 = CARTESIAN_POINT('',(0.,0.));
#7277 = VECTOR('',#7278,1.);
#7278 = DIRECTION('',(0.,-1.));
#7279 = ( GEOMETRIC_REPRESENTATION_CONTEXT(2) 
PARAMETRIC_REPRESENTATION_CONTEXT() REPRESENTATION_CONTEXT('2D SPACE',''
  ) );
#7280 = PCURVE('',#7107,#7281);
#7281 = DEFINITIONAL_REPRESENTATION('',(#7282),#7286);
#7282 = LINE('',#7283,#7284);
#7283 = CARTESIAN_POINT('',(22.5,0.));
#7284 = VECTOR('',#7285,1.);
#7285 = DIRECTION('',(0.,-1.));
#7286 = ( GEOMETRIC_REPRESENTATION_CONTEXT(2) 
PARAMETRIC_REPRESENTATION_CONTEXT() REPRESENTATION_CONTEXT('2D SPACE',''
  ) );
#7287 = ORIENTED_EDGE('',*,*,#7288,.T.);
#7288 = EDGE_CURVE('',#7266,#7193,#7289,.T.);
#7289 = SURFACE_CURVE('',#7290,(#7294,#7301),.PCURVE_S1.);
#7290 = LINE('',#7291,#7292);
#7291 = CARTESIAN_POINT('',(43.70146,-17.54208,7.75));
#7292 = VECTOR('',#7293,1.);
#7293 = DIRECTION('',(0.,1.,0.));
#7294 = PCURVE('',#7208,#7295);
#7295 = DEFINITIONAL_REPRESENTATION('',(#7296),#7300);
#7296 = LINE('',#7297,#7298);
#7297 = CARTESIAN_POINT('',(0.,-2.15));
#7298 = VECTOR('',#7299,1.);
#7299 = DIRECTION('',(1.,0.));
#7300 = ( GEOMETRIC_REPRESENTATION_CONTEXT(2) 
PARAMETRIC_REPRESENTATION_CONTEXT() REPRESENTATION_CONTEXT('2D SPACE',''
  ) );
#7301 = PCURVE('',#6931,#7302);
#7302 = DEFINITIONAL_REPRESENTATION('',(#7303),#7306);
#7303 = B_SPLINE_CURVE_WITH_KNOTS('',1,(#7304,#7305),.UNSPECIFIED.,.F.,
  .F.,(2,2),(0.,11.6),.PIECEWISE_BEZIER_KNOTS.);
#7304 = CARTESIAN_POINT('',(0.,0.));
#7305 = CARTESIAN_POINT('',(12.5,0.));
#7306 = ( GEOMETRIC_REPRESENTATION_CONTEXT(2) 
PARAMETRIC_REPRESENTATION_CONTEXT() REPRESENTATION_CONTEXT('2D SPACE',''
  ) );
#7307 = ADVANCED_FACE('',(#7308),#7107,.T.);
#7308 = FACE_BOUND('',#7309,.T.);
#7309 = EDGE_LOOP('',(#7310,#7311,#7330,#7331));
#7310 = ORIENTED_EDGE('',*,*,#7265,.F.);
#7311 = ORIENTED_EDGE('',*,*,#7312,.T.);
#7312 = EDGE_CURVE('',#7245,#7092,#7313,.T.);
#7313 = SURFACE_CURVE('',#7314,(#7318,#7324),.PCURVE_S1.);
#7314 = LINE('',#7315,#7316);
#7315 = CARTESIAN_POINT('',(10.30073,-17.54208,6.6));
#7316 = VECTOR('',#7317,1.);
#7317 = DIRECTION('',(-1.,0.,0.));
#7318 = PCURVE('',#7107,#7319);
#7319 = DEFINITIONAL_REPRESENTATION('',(#7320),#7323);
#7320 = B_SPLINE_CURVE_WITH_KNOTS('',1,(#7321,#7322),.UNSPECIFIED.,.F.,
  .F.,(2,2),(-33.40073,-10.90073),.PIECEWISE_BEZIER_KNOTS.);
#7321 = CARTESIAN_POINT('',(22.5,-1.));
#7322 = CARTESIAN_POINT('',(0.,-1.));
#7323 = ( GEOMETRIC_REPRESENTATION_CONTEXT(2) 
PARAMETRIC_REPRESENTATION_CONTEXT() REPRESENTATION_CONTEXT('2D SPACE',''
  ) );
#7324 = PCURVE('',#2335,#7325);
#7325 = DEFINITIONAL_REPRESENTATION('',(#7326),#7329);
#7326 = B_SPLINE_CURVE_WITH_KNOTS('',1,(#7327,#7328),.UNSPECIFIED.,.F.,
  .F.,(2,2),(-33.40073,-10.90073),.PIECEWISE_BEZIER_KNOTS.);
#7327 = CARTESIAN_POINT('',(44.30146,4.30792));
#7328 = CARTESIAN_POINT('',(21.80146,4.30792));
#7329 = ( GEOMETRIC_REPRESENTATION_CONTEXT(2) 
PARAMETRIC_REPRESENTATION_CONTEXT() REPRESENTATION_CONTEXT('2D SPACE',''
  ) );
#7330 = ORIENTED_EDGE('',*,*,#7091,.T.);
#7331 = ORIENTED_EDGE('',*,*,#7332,.T.);
#7332 = EDGE_CURVE('',#7041,#7266,#7333,.T.);
#7333 = SURFACE_CURVE('',#7334,(#7338,#7345),.PCURVE_S1.);
#7334 = LINE('',#7335,#7336);
#7335 = CARTESIAN_POINT('',(21.20146,-17.54208,7.75));
#7336 = VECTOR('',#7337,1.);
#7337 = DIRECTION('',(1.,0.,0.));
#7338 = PCURVE('',#7107,#7339);
#7339 = DEFINITIONAL_REPRESENTATION('',(#7340),#7344);
#7340 = LINE('',#7341,#7342);
#7341 = CARTESIAN_POINT('',(0.,-2.15));
#7342 = VECTOR('',#7343,1.);
#7343 = DIRECTION('',(1.,0.));
#7344 = ( GEOMETRIC_REPRESENTATION_CONTEXT(2) 
PARAMETRIC_REPRESENTATION_CONTEXT() REPRESENTATION_CONTEXT('2D SPACE',''
  ) );
#7345 = PCURVE('',#6956,#7346);
#7346 = DEFINITIONAL_REPRESENTATION('',(#7347),#7350);
#7347 = B_SPLINE_CURVE_WITH_KNOTS('',1,(#7348,#7349),.UNSPECIFIED.,.F.,
  .F.,(2,2),(0.,22.5),.PIECEWISE_BEZIER_KNOTS.);
#7348 = CARTESIAN_POINT('',(0.,0.));
#7349 = CARTESIAN_POINT('',(23.4,0.));
#7350 = ( GEOMETRIC_REPRESENTATION_CONTEXT(2) 
PARAMETRIC_REPRESENTATION_CONTEXT() REPRESENTATION_CONTEXT('2D SPACE',''
  ) );
#7351 = ADVANCED_FACE('',(#7352),#6956,.F.);
#7352 = FACE_BOUND('',#7353,.F.);
#7353 = EDGE_LOOP('',(#7354,#7355,#7356,#7376));
#7354 = ORIENTED_EDGE('',*,*,#7067,.F.);
#7355 = ORIENTED_EDGE('',*,*,#7332,.T.);
#7356 = ORIENTED_EDGE('',*,*,#7357,.T.);
#7357 = EDGE_CURVE('',#7266,#6918,#7358,.T.);
#7358 = SURFACE_CURVE('',#7359,(#7362,#7369),.PCURVE_S1.);
#7359 = B_SPLINE_CURVE_WITH_KNOTS('',1,(#7360,#7361),.UNSPECIFIED.,.F.,
  .F.,(2,2),(0.,1.),.PIECEWISE_BEZIER_KNOTS.);
#7360 = CARTESIAN_POINT('',(43.70146,-17.54208,7.75));
#7361 = CARTESIAN_POINT('',(44.15146,-17.99208,8.21));
#7362 = PCURVE('',#6956,#7363);
#7363 = DEFINITIONAL_REPRESENTATION('',(#7364),#7368);
#7364 = LINE('',#7365,#7366);
#7365 = CARTESIAN_POINT('',(23.4,0.));
#7366 = VECTOR('',#7367,1.);
#7367 = DIRECTION('',(0.,1.));
#7368 = ( GEOMETRIC_REPRESENTATION_CONTEXT(2) 
PARAMETRIC_REPRESENTATION_CONTEXT() REPRESENTATION_CONTEXT('2D SPACE',''
  ) );
#7369 = PCURVE('',#6931,#7370);
#7370 = DEFINITIONAL_REPRESENTATION('',(#7371),#7375);
#7371 = LINE('',#7372,#7373);
#7372 = CARTESIAN_POINT('',(0.,0.));
#7373 = VECTOR('',#7374,1.);
#7374 = DIRECTION('',(0.,1.));
#7375 = ( GEOMETRIC_REPRESENTATION_CONTEXT(2) 
PARAMETRIC_REPRESENTATION_CONTEXT() REPRESENTATION_CONTEXT('2D SPACE',''
  ) );
#7376 = ORIENTED_EDGE('',*,*,#6942,.T.);
#7377 = ADVANCED_FACE('',(#7378),#7004,.F.);
#7378 = FACE_BOUND('',#7379,.F.);
#7379 = EDGE_LOOP('',(#7380,#7400,#7401,#7402));
#7380 = ORIENTED_EDGE('',*,*,#7381,.F.);
#7381 = EDGE_CURVE('',#7193,#6916,#7382,.T.);
#7382 = SURFACE_CURVE('',#7383,(#7386,#7393),.PCURVE_S1.);
#7383 = B_SPLINE_CURVE_WITH_KNOTS('',1,(#7384,#7385),.UNSPECIFIED.,.F.,
  .F.,(2,2),(0.,1.),.PIECEWISE_BEZIER_KNOTS.);
#7384 = CARTESIAN_POINT('',(43.70146,-5.94208,7.75));
#7385 = CARTESIAN_POINT('',(44.15146,-5.49208,8.21));
#7386 = PCURVE('',#7004,#7387);
#7387 = DEFINITIONAL_REPRESENTATION('',(#7388),#7392);
#7388 = LINE('',#7389,#7390);
#7389 = CARTESIAN_POINT('',(0.,0.));
#7390 = VECTOR('',#7391,1.);
#7391 = DIRECTION('',(0.,1.));
#7392 = ( GEOMETRIC_REPRESENTATION_CONTEXT(2) 
PARAMETRIC_REPRESENTATION_CONTEXT() REPRESENTATION_CONTEXT('2D SPACE',''
  ) );
#7393 = PCURVE('',#6931,#7394);
#7394 = DEFINITIONAL_REPRESENTATION('',(#7395),#7399);
#7395 = LINE('',#7396,#7397);
#7396 = CARTESIAN_POINT('',(12.5,0.));
#7397 = VECTOR('',#7398,1.);
#7398 = DIRECTION('',(0.,1.));
#7399 = ( GEOMETRIC_REPRESENTATION_CONTEXT(2) 
PARAMETRIC_REPRESENTATION_CONTEXT() REPRESENTATION_CONTEXT('2D SPACE',''
  ) );
#7400 = ORIENTED_EDGE('',*,*,#7220,.T.);
#7401 = ORIENTED_EDGE('',*,*,#7018,.T.);
#7402 = ORIENTED_EDGE('',*,*,#6992,.T.);
#7403 = ADVANCED_FACE('',(#7404),#6931,.F.);
#7404 = FACE_BOUND('',#7405,.F.);
#7405 = EDGE_LOOP('',(#7406,#7407,#7408,#7409));
#7406 = ORIENTED_EDGE('',*,*,#7357,.F.);
#7407 = ORIENTED_EDGE('',*,*,#7288,.T.);
#7408 = ORIENTED_EDGE('',*,*,#7381,.T.);
#7409 = ORIENTED_EDGE('',*,*,#6915,.T.);
#7410 = ADVANCED_FACE('',(#7411),#6901,.F.);
#7411 = FACE_BOUND('',#7412,.T.);
#7412 = EDGE_LOOP('',(#7413,#7441,#7462,#7463));
#7413 = ORIENTED_EDGE('',*,*,#7414,.T.);
#7414 = EDGE_CURVE('',#7415,#7415,#7417,.T.);
#7415 = VERTEX_POINT('',#7416);
#7416 = CARTESIAN_POINT('',(63.492766952966,-14.732,6.6));
#7417 = SURFACE_CURVE('',#7418,(#7423,#7430),.PCURVE_S1.);
#7418 = CIRCLE('',#7419,3.167766952966);
#7419 = AXIS2_PLACEMENT_3D('',#7420,#7421,#7422);
#7420 = CARTESIAN_POINT('',(60.325,-14.732,6.6));
#7421 = DIRECTION('',(0.,0.,-1.));
#7422 = DIRECTION('',(1.,0.,0.));
#7423 = PCURVE('',#6901,#7424);
#7424 = DEFINITIONAL_REPRESENTATION('',(#7425),#7429);
#7425 = LINE('',#7426,#7427);
#7426 = CARTESIAN_POINT('',(-6.28318530718,-3.2));
#7427 = VECTOR('',#7428,1.);
#7428 = DIRECTION('',(1.,-0.));
#7429 = ( GEOMETRIC_REPRESENTATION_CONTEXT(2) 
PARAMETRIC_REPRESENTATION_CONTEXT() REPRESENTATION_CONTEXT('2D SPACE',''
  ) );
#7430 = PCURVE('',#2335,#7431);
#7431 = DEFINITIONAL_REPRESENTATION('',(#7432),#7440);
#7432 = ( BOUNDED_CURVE() B_SPLINE_CURVE(2,(#7433,#7434,#7435,#7436,
#7437,#7438,#7439),.UNSPECIFIED.,.T.,.F.) B_SPLINE_CURVE_WITH_KNOTS((1,2
    ,2,2,2,1),(-2.094395102393,0.,2.094395102393,4.188790204786,
6.28318530718,8.377580409573),.UNSPECIFIED.) CURVE() 
GEOMETRIC_REPRESENTATION_ITEM() RATIONAL_B_SPLINE_CURVE((1.,0.5,1.,0.5,
1.,0.5,1.)) REPRESENTATION_ITEM('') );
#7433 = CARTESIAN_POINT('',(64.092766952966,7.118));
#7434 = CARTESIAN_POINT('',(64.092766952966,1.631266690925));
#7435 = CARTESIAN_POINT('',(59.341116523517,4.374633345462));
#7436 = CARTESIAN_POINT('',(54.589466094067,7.118));
#7437 = CARTESIAN_POINT('',(59.341116523517,9.861366654538));
#7438 = CARTESIAN_POINT('',(64.092766952966,12.604733309075));
#7439 = CARTESIAN_POINT('',(64.092766952966,7.118));
#7440 = ( GEOMETRIC_REPRESENTATION_CONTEXT(2) 
PARAMETRIC_REPRESENTATION_CONTEXT() REPRESENTATION_CONTEXT('2D SPACE',''
  ) );
#7441 = ORIENTED_EDGE('',*,*,#7442,.T.);
#7442 = EDGE_CURVE('',#7415,#6881,#7443,.T.);
#7443 = SEAM_CURVE('',#7444,(#7448,#7455),.PCURVE_S1.);
#7444 = LINE('',#7445,#7446);
#7445 = CARTESIAN_POINT('',(63.492766952966,-14.732,3.4));
#7446 = VECTOR('',#7447,1.);
#7447 = DIRECTION('',(0.,0.,1.));
#7448 = PCURVE('',#6901,#7449);
#7449 = DEFINITIONAL_REPRESENTATION('',(#7450),#7454);
#7450 = LINE('',#7451,#7452);
#7451 = CARTESIAN_POINT('',(-6.28318530718,0.));
#7452 = VECTOR('',#7453,1.);
#7453 = DIRECTION('',(-0.,-1.));
#7454 = ( GEOMETRIC_REPRESENTATION_CONTEXT(2) 
PARAMETRIC_REPRESENTATION_CONTEXT() REPRESENTATION_CONTEXT('2D SPACE',''
  ) );
#7455 = PCURVE('',#6901,#7456);
#7456 = DEFINITIONAL_REPRESENTATION('',(#7457),#7461);
#7457 = LINE('',#7458,#7459);
#7458 = CARTESIAN_POINT('',(-0.,0.));
#7459 = VECTOR('',#7460,1.);
#7460 = DIRECTION('',(-0.,-1.));
#7461 = ( GEOMETRIC_REPRESENTATION_CONTEXT(2) 
PARAMETRIC_REPRESENTATION_CONTEXT() REPRESENTATION_CONTEXT('2D SPACE',''
  ) );
#7462 = ORIENTED_EDGE('',*,*,#6880,.F.);
#7463 = ORIENTED_EDGE('',*,*,#7442,.F.);
#7464 = ADVANCED_FACE('',(#7465),#6866,.F.);
#7465 = FACE_BOUND('',#7466,.T.);
#7466 = EDGE_LOOP('',(#7467,#7500,#7521,#7522));
#7467 = ORIENTED_EDGE('',*,*,#7468,.T.);
#7468 = EDGE_CURVE('',#7469,#7469,#7471,.T.);
#7469 = VERTEX_POINT('',#7470);
#7470 = CARTESIAN_POINT('',(51.149,-15.875,7.1));
#7471 = SURFACE_CURVE('',#7472,(#7477,#7484),.PCURVE_S1.);
#7472 = CIRCLE('',#7473,2.);
#7473 = AXIS2_PLACEMENT_3D('',#7474,#7475,#7476);
#7474 = CARTESIAN_POINT('',(49.149,-15.875,7.1));
#7475 = DIRECTION('',(0.,0.,-1.));
#7476 = DIRECTION('',(1.,0.,0.));
#7477 = PCURVE('',#6866,#7478);
#7478 = DEFINITIONAL_REPRESENTATION('',(#7479),#7483);
#7479 = LINE('',#7480,#7481);
#7480 = CARTESIAN_POINT('',(-6.28318530718,-1.E-02));
#7481 = VECTOR('',#7482,1.);
#7482 = DIRECTION('',(1.,-0.));
#7483 = ( GEOMETRIC_REPRESENTATION_CONTEXT(2) 
PARAMETRIC_REPRESENTATION_CONTEXT() REPRESENTATION_CONTEXT('2D SPACE',''
  ) );
#7484 = PCURVE('',#7485,#7490);
#7485 = PLANE('',#7486);
#7486 = AXIS2_PLACEMENT_3D('',#7487,#7488,#7489);
#7487 = CARTESIAN_POINT('',(49.149,-15.875,7.1));
#7488 = DIRECTION('',(0.,0.,1.));
#7489 = DIRECTION('',(1.,0.,-0.));
#7490 = DEFINITIONAL_REPRESENTATION('',(#7491),#7499);
#7491 = ( BOUNDED_CURVE() B_SPLINE_CURVE(2,(#7492,#7493,#7494,#7495,
#7496,#7497,#7498),.UNSPECIFIED.,.T.,.F.) B_SPLINE_CURVE_WITH_KNOTS((1,2
    ,2,2,2,1),(-2.094395102393,0.,2.094395102393,4.188790204786,
6.28318530718,8.377580409573),.UNSPECIFIED.) CURVE() 
GEOMETRIC_REPRESENTATION_ITEM() RATIONAL_B_SPLINE_CURVE((1.,0.5,1.,0.5,
1.,0.5,1.)) REPRESENTATION_ITEM('') );
#7492 = CARTESIAN_POINT('',(2.,1.7763568394E-15));
#7493 = CARTESIAN_POINT('',(2.,-3.464101615138));
#7494 = CARTESIAN_POINT('',(-1.,-1.732050807569));
#7495 = CARTESIAN_POINT('',(-4.,1.286498119741E-15));
#7496 = CARTESIAN_POINT('',(-1.,1.732050807569));
#7497 = CARTESIAN_POINT('',(2.,3.464101615138));
#7498 = CARTESIAN_POINT('',(2.,1.7763568394E-15));
#7499 = ( GEOMETRIC_REPRESENTATION_CONTEXT(2) 
PARAMETRIC_REPRESENTATION_CONTEXT() REPRESENTATION_CONTEXT('2D SPACE',''
  ) );
#7500 = ORIENTED_EDGE('',*,*,#7501,.T.);
#7501 = EDGE_CURVE('',#7469,#6846,#7502,.T.);
#7502 = SEAM_CURVE('',#7503,(#7507,#7514),.PCURVE_S1.);
#7503 = LINE('',#7504,#7505);
#7504 = CARTESIAN_POINT('',(51.149,-15.875,7.09));
#7505 = VECTOR('',#7506,1.);
#7506 = DIRECTION('',(0.,0.,1.));
#7507 = PCURVE('',#6866,#7508);
#7508 = DEFINITIONAL_REPRESENTATION('',(#7509),#7513);
#7509 = LINE('',#7510,#7511);
#7510 = CARTESIAN_POINT('',(-6.28318530718,0.));
#7511 = VECTOR('',#7512,1.);
#7512 = DIRECTION('',(-0.,-1.));
#7513 = ( GEOMETRIC_REPRESENTATION_CONTEXT(2) 
PARAMETRIC_REPRESENTATION_CONTEXT() REPRESENTATION_CONTEXT('2D SPACE',''
  ) );
#7514 = PCURVE('',#6866,#7515);
#7515 = DEFINITIONAL_REPRESENTATION('',(#7516),#7520);
#7516 = LINE('',#7517,#7518);
#7517 = CARTESIAN_POINT('',(-0.,0.));
#7518 = VECTOR('',#7519,1.);
#7519 = DIRECTION('',(-0.,-1.));
#7520 = ( GEOMETRIC_REPRESENTATION_CONTEXT(2) 
PARAMETRIC_REPRESENTATION_CONTEXT() REPRESENTATION_CONTEXT('2D SPACE',''
  ) );
#7521 = ORIENTED_EDGE('',*,*,#6845,.F.);
#7522 = ORIENTED_EDGE('',*,*,#7501,.F.);
#7523 = ADVANCED_FACE('',(#7524,#7555),#7485,.F.);
#7524 = FACE_BOUND('',#7525,.F.);
#7525 = EDGE_LOOP('',(#7526));
#7526 = ORIENTED_EDGE('',*,*,#7527,.T.);
#7527 = EDGE_CURVE('',#7528,#7528,#7530,.T.);
#7528 = VERTEX_POINT('',#7529);
#7529 = CARTESIAN_POINT('',(51.999,-15.875,7.1));
#7530 = SURFACE_CURVE('',#7531,(#7536,#7543),.PCURVE_S1.);
#7531 = CIRCLE('',#7532,2.85);
#7532 = AXIS2_PLACEMENT_3D('',#7533,#7534,#7535);
#7533 = CARTESIAN_POINT('',(49.149,-15.875,7.1));
#7534 = DIRECTION('',(0.,0.,1.));
#7535 = DIRECTION('',(1.,0.,0.));
#7536 = PCURVE('',#7485,#7537);
#7537 = DEFINITIONAL_REPRESENTATION('',(#7538),#7542);
#7538 = CIRCLE('',#7539,2.85);
#7539 = AXIS2_PLACEMENT_2D('',#7540,#7541);
#7540 = CARTESIAN_POINT('',(0.,1.7763568394E-15));
#7541 = DIRECTION('',(1.,0.));
#7542 = ( GEOMETRIC_REPRESENTATION_CONTEXT(2) 
PARAMETRIC_REPRESENTATION_CONTEXT() REPRESENTATION_CONTEXT('2D SPACE',''
  ) );
#7543 = PCURVE('',#7544,#7549);
#7544 = CYLINDRICAL_SURFACE('',#7545,2.85);
#7545 = AXIS2_PLACEMENT_3D('',#7546,#7547,#7548);
#7546 = CARTESIAN_POINT('',(49.149,-15.875,5.8));
#7547 = DIRECTION('',(-0.,-0.,-1.));
#7548 = DIRECTION('',(1.,0.,0.));
#7549 = DEFINITIONAL_REPRESENTATION('',(#7550),#7554);
#7550 = LINE('',#7551,#7552);
#7551 = CARTESIAN_POINT('',(-0.,-1.3));
#7552 = VECTOR('',#7553,1.);
#7553 = DIRECTION('',(-1.,0.));
#7554 = ( GEOMETRIC_REPRESENTATION_CONTEXT(2) 
PARAMETRIC_REPRESENTATION_CONTEXT() REPRESENTATION_CONTEXT('2D SPACE',''
  ) );
#7555 = FACE_BOUND('',#7556,.F.);
#7556 = EDGE_LOOP('',(#7557));
#7557 = ORIENTED_EDGE('',*,*,#7468,.T.);
#7558 = ADVANCED_FACE('',(#7559),#7544,.F.);
#7559 = FACE_BOUND('',#7560,.T.);
#7560 = EDGE_LOOP('',(#7561,#7594,#7615,#7616));
#7561 = ORIENTED_EDGE('',*,*,#7562,.T.);
#7562 = EDGE_CURVE('',#7563,#7563,#7565,.T.);
#7563 = VERTEX_POINT('',#7564);
#7564 = CARTESIAN_POINT('',(51.999,-15.875,5.9));
#7565 = SURFACE_CURVE('',#7566,(#7571,#7578),.PCURVE_S1.);
#7566 = CIRCLE('',#7567,2.85);
#7567 = AXIS2_PLACEMENT_3D('',#7568,#7569,#7570);
#7568 = CARTESIAN_POINT('',(49.149,-15.875,5.9));
#7569 = DIRECTION('',(0.,0.,-1.));
#7570 = DIRECTION('',(1.,0.,0.));
#7571 = PCURVE('',#7544,#7572);
#7572 = DEFINITIONAL_REPRESENTATION('',(#7573),#7577);
#7573 = LINE('',#7574,#7575);
#7574 = CARTESIAN_POINT('',(-6.28318530718,-0.1));
#7575 = VECTOR('',#7576,1.);
#7576 = DIRECTION('',(1.,-0.));
#7577 = ( GEOMETRIC_REPRESENTATION_CONTEXT(2) 
PARAMETRIC_REPRESENTATION_CONTEXT() REPRESENTATION_CONTEXT('2D SPACE',''
  ) );
#7578 = PCURVE('',#7579,#7584);
#7579 = PLANE('',#7580);
#7580 = AXIS2_PLACEMENT_3D('',#7581,#7582,#7583);
#7581 = CARTESIAN_POINT('',(49.149,-15.875,5.9));
#7582 = DIRECTION('',(0.,0.,1.));
#7583 = DIRECTION('',(1.,0.,-0.));
#7584 = DEFINITIONAL_REPRESENTATION('',(#7585),#7593);
#7585 = ( BOUNDED_CURVE() B_SPLINE_CURVE(2,(#7586,#7587,#7588,#7589,
#7590,#7591,#7592),.UNSPECIFIED.,.T.,.F.) B_SPLINE_CURVE_WITH_KNOTS((1,2
    ,2,2,2,1),(-2.094395102393,0.,2.094395102393,4.188790204786,
6.28318530718,8.377580409573),.UNSPECIFIED.) CURVE() 
GEOMETRIC_REPRESENTATION_ITEM() RATIONAL_B_SPLINE_CURVE((1.,0.5,1.,0.5,
1.,0.5,1.)) REPRESENTATION_ITEM('') );
#7586 = CARTESIAN_POINT('',(2.85,-1.7763568394E-15));
#7587 = CARTESIAN_POINT('',(2.85,-4.936344801571));
#7588 = CARTESIAN_POINT('',(-1.425,-2.468172400786));
#7589 = CARTESIAN_POINT('',(-5.7,-2.474405514914E-15));
#7590 = CARTESIAN_POINT('',(-1.425,2.468172400786));
#7591 = CARTESIAN_POINT('',(2.85,4.936344801571));
#7592 = CARTESIAN_POINT('',(2.85,-1.7763568394E-15));
#7593 = ( GEOMETRIC_REPRESENTATION_CONTEXT(2) 
PARAMETRIC_REPRESENTATION_CONTEXT() REPRESENTATION_CONTEXT('2D SPACE',''
  ) );
#7594 = ORIENTED_EDGE('',*,*,#7595,.T.);
#7595 = EDGE_CURVE('',#7563,#7528,#7596,.T.);
#7596 = SEAM_CURVE('',#7597,(#7601,#7608),.PCURVE_S1.);
#7597 = LINE('',#7598,#7599);
#7598 = CARTESIAN_POINT('',(51.999,-15.875,5.8));
#7599 = VECTOR('',#7600,1.);
#7600 = DIRECTION('',(0.,0.,1.));
#7601 = PCURVE('',#7544,#7602);
#7602 = DEFINITIONAL_REPRESENTATION('',(#7603),#7607);
#7603 = LINE('',#7604,#7605);
#7604 = CARTESIAN_POINT('',(-6.28318530718,0.));
#7605 = VECTOR('',#7606,1.);
#7606 = DIRECTION('',(-0.,-1.));
#7607 = ( GEOMETRIC_REPRESENTATION_CONTEXT(2) 
PARAMETRIC_REPRESENTATION_CONTEXT() REPRESENTATION_CONTEXT('2D SPACE',''
  ) );
#7608 = PCURVE('',#7544,#7609);
#7609 = DEFINITIONAL_REPRESENTATION('',(#7610),#7614);
#7610 = LINE('',#7611,#7612);
#7611 = CARTESIAN_POINT('',(-0.,0.));
#7612 = VECTOR('',#7613,1.);
#7613 = DIRECTION('',(-0.,-1.));
#7614 = ( GEOMETRIC_REPRESENTATION_CONTEXT(2) 
PARAMETRIC_REPRESENTATION_CONTEXT() REPRESENTATION_CONTEXT('2D SPACE',''
  ) );
#7615 = ORIENTED_EDGE('',*,*,#7527,.T.);
#7616 = ORIENTED_EDGE('',*,*,#7595,.F.);
#7617 = ADVANCED_FACE('',(#7618,#7649),#7579,.F.);
#7618 = FACE_BOUND('',#7619,.F.);
#7619 = EDGE_LOOP('',(#7620));
#7620 = ORIENTED_EDGE('',*,*,#7621,.T.);
#7621 = EDGE_CURVE('',#7622,#7622,#7624,.T.);
#7622 = VERTEX_POINT('',#7623);
#7623 = CARTESIAN_POINT('',(52.649,-15.875,5.9));
#7624 = SURFACE_CURVE('',#7625,(#7630,#7637),.PCURVE_S1.);
#7625 = CIRCLE('',#7626,3.5);
#7626 = AXIS2_PLACEMENT_3D('',#7627,#7628,#7629);
#7627 = CARTESIAN_POINT('',(49.149,-15.875,5.9));
#7628 = DIRECTION('',(0.,0.,1.));
#7629 = DIRECTION('',(1.,0.,0.));
#7630 = PCURVE('',#7579,#7631);
#7631 = DEFINITIONAL_REPRESENTATION('',(#7632),#7636);
#7632 = CIRCLE('',#7633,3.5);
#7633 = AXIS2_PLACEMENT_2D('',#7634,#7635);
#7634 = CARTESIAN_POINT('',(0.,-1.7763568394E-15));
#7635 = DIRECTION('',(1.,0.));
#7636 = ( GEOMETRIC_REPRESENTATION_CONTEXT(2) 
PARAMETRIC_REPRESENTATION_CONTEXT() REPRESENTATION_CONTEXT('2D SPACE',''
  ) );
#7637 = PCURVE('',#7638,#7643);
#7638 = CYLINDRICAL_SURFACE('',#7639,3.5);
#7639 = AXIS2_PLACEMENT_3D('',#7640,#7641,#7642);
#7640 = CARTESIAN_POINT('',(49.149,-15.875,5.9));
#7641 = DIRECTION('',(-0.,-0.,-1.));
#7642 = DIRECTION('',(1.,0.,0.));
#7643 = DEFINITIONAL_REPRESENTATION('',(#7644),#7648);
#7644 = LINE('',#7645,#7646);
#7645 = CARTESIAN_POINT('',(-0.,0.));
#7646 = VECTOR('',#7647,1.);
#7647 = DIRECTION('',(-1.,0.));
#7648 = ( GEOMETRIC_REPRESENTATION_CONTEXT(2) 
PARAMETRIC_REPRESENTATION_CONTEXT() REPRESENTATION_CONTEXT('2D SPACE',''
  ) );
#7649 = FACE_BOUND('',#7650,.F.);
#7650 = EDGE_LOOP('',(#7651));
#7651 = ORIENTED_EDGE('',*,*,#7562,.T.);
#7652 = ADVANCED_FACE('',(#7653),#7638,.T.);
#7653 = FACE_BOUND('',#7654,.F.);
#7654 = EDGE_LOOP('',(#7655,#7656,#7679,#7705));
#7655 = ORIENTED_EDGE('',*,*,#7621,.F.);
#7656 = ORIENTED_EDGE('',*,*,#7657,.T.);
#7657 = EDGE_CURVE('',#7622,#7658,#7660,.T.);
#7658 = VERTEX_POINT('',#7659);
#7659 = CARTESIAN_POINT('',(52.649,-15.875,6.6));
#7660 = SEAM_CURVE('',#7661,(#7665,#7672),.PCURVE_S1.);
#7661 = LINE('',#7662,#7663);
#7662 = CARTESIAN_POINT('',(52.649,-15.875,5.9));
#7663 = VECTOR('',#7664,1.);
#7664 = DIRECTION('',(0.,0.,1.));
#7665 = PCURVE('',#7638,#7666);
#7666 = DEFINITIONAL_REPRESENTATION('',(#7667),#7671);
#7667 = LINE('',#7668,#7669);
#7668 = CARTESIAN_POINT('',(-6.28318530718,0.));
#7669 = VECTOR('',#7670,1.);
#7670 = DIRECTION('',(-0.,-1.));
#7671 = ( GEOMETRIC_REPRESENTATION_CONTEXT(2) 
PARAMETRIC_REPRESENTATION_CONTEXT() REPRESENTATION_CONTEXT('2D SPACE',''
  ) );
#7672 = PCURVE('',#7638,#7673);
#7673 = DEFINITIONAL_REPRESENTATION('',(#7674),#7678);
#7674 = LINE('',#7675,#7676);
#7675 = CARTESIAN_POINT('',(-0.,0.));
#7676 = VECTOR('',#7677,1.);
#7677 = DIRECTION('',(-0.,-1.));
#7678 = ( GEOMETRIC_REPRESENTATION_CONTEXT(2) 
PARAMETRIC_REPRESENTATION_CONTEXT() REPRESENTATION_CONTEXT('2D SPACE',''
  ) );
#7679 = ORIENTED_EDGE('',*,*,#7680,.F.);
#7680 = EDGE_CURVE('',#7658,#7658,#7681,.T.);
#7681 = SURFACE_CURVE('',#7682,(#7687,#7694),.PCURVE_S1.);
#7682 = CIRCLE('',#7683,3.5);
#7683 = AXIS2_PLACEMENT_3D('',#7684,#7685,#7686);
#7684 = CARTESIAN_POINT('',(49.149,-15.875,6.6));
#7685 = DIRECTION('',(0.,0.,-1.));
#7686 = DIRECTION('',(1.,0.,0.));
#7687 = PCURVE('',#7638,#7688);
#7688 = DEFINITIONAL_REPRESENTATION('',(#7689),#7693);
#7689 = LINE('',#7690,#7691);
#7690 = CARTESIAN_POINT('',(-6.28318530718,-0.7));
#7691 = VECTOR('',#7692,1.);
#7692 = DIRECTION('',(1.,-0.));
#7693 = ( GEOMETRIC_REPRESENTATION_CONTEXT(2) 
PARAMETRIC_REPRESENTATION_CONTEXT() REPRESENTATION_CONTEXT('2D SPACE',''
  ) );
#7694 = PCURVE('',#2335,#7695);
#7695 = DEFINITIONAL_REPRESENTATION('',(#7696),#7704);
#7696 = ( BOUNDED_CURVE() B_SPLINE_CURVE(2,(#7697,#7698,#7699,#7700,
#7701,#7702,#7703),.UNSPECIFIED.,.T.,.F.) B_SPLINE_CURVE_WITH_KNOTS((1,2
    ,2,2,2,1),(-2.094395102393,0.,2.094395102393,4.188790204786,
6.28318530718,8.377580409573),.UNSPECIFIED.) CURVE() 
GEOMETRIC_REPRESENTATION_ITEM() RATIONAL_B_SPLINE_CURVE((1.,0.5,1.,0.5,
1.,0.5,1.)) REPRESENTATION_ITEM('') );
#7697 = CARTESIAN_POINT('',(53.249,5.975));
#7698 = CARTESIAN_POINT('',(53.249,-8.717782649107E-02));
#7699 = CARTESIAN_POINT('',(47.999,2.943911086754));
#7700 = CARTESIAN_POINT('',(42.749,5.975));
#7701 = CARTESIAN_POINT('',(47.999,9.006088913246));
#7702 = CARTESIAN_POINT('',(53.249,12.037177826491));
#7703 = CARTESIAN_POINT('',(53.249,5.975));
#7704 = ( GEOMETRIC_REPRESENTATION_CONTEXT(2) 
PARAMETRIC_REPRESENTATION_CONTEXT() REPRESENTATION_CONTEXT('2D SPACE',''
  ) );
#7705 = ORIENTED_EDGE('',*,*,#7657,.F.);
#7706 = ADVANCED_FACE('',(#7707),#6758,.T.);
#7707 = FACE_BOUND('',#7708,.T.);
#7708 = EDGE_LOOP('',(#7709,#7730,#7754,#7775));
#7709 = ORIENTED_EDGE('',*,*,#7710,.F.);
#7710 = EDGE_CURVE('',#83,#6719,#7711,.T.);
#7711 = SURFACE_CURVE('',#7712,(#7716,#7723),.PCURVE_S1.);
#7712 = LINE('',#7713,#7714);
#7713 = CARTESIAN_POINT('',(71.6,-23.525,8.025));
#7714 = VECTOR('',#7715,1.);
#7715 = DIRECTION('',(-0.,0.707106781187,0.707106781187));
#7716 = PCURVE('',#6758,#7717);
#7717 = DEFINITIONAL_REPRESENTATION('',(#7718),#7722);
#7718 = LINE('',#7719,#7720);
#7719 = CARTESIAN_POINT('',(-0.,-0.175));
#7720 = VECTOR('',#7721,1.);
#7721 = DIRECTION('',(-0.,-1.));
#7722 = ( GEOMETRIC_REPRESENTATION_CONTEXT(2) 
PARAMETRIC_REPRESENTATION_CONTEXT() REPRESENTATION_CONTEXT('2D SPACE',''
  ) );
#7723 = PCURVE('',#98,#7724);
#7724 = DEFINITIONAL_REPRESENTATION('',(#7725),#7729);
#7725 = LINE('',#7726,#7727);
#7726 = CARTESIAN_POINT('',(-72.1,0.));
#7727 = VECTOR('',#7728,1.);
#7728 = DIRECTION('',(-0.,1.));
#7729 = ( GEOMETRIC_REPRESENTATION_CONTEXT(2) 
PARAMETRIC_REPRESENTATION_CONTEXT() REPRESENTATION_CONTEXT('2D SPACE',''
  ) );
#7730 = ORIENTED_EDGE('',*,*,#7731,.T.);
#7731 = EDGE_CURVE('',#83,#7732,#7734,.T.);
#7732 = VERTEX_POINT('',#7733);
#7733 = CARTESIAN_POINT('',(73.6,-21.7,7.85));
#7734 = SURFACE_CURVE('',#7735,(#7740,#7747),.PCURVE_S1.);
#7735 = CIRCLE('',#7736,2.);
#7736 = AXIS2_PLACEMENT_3D('',#7737,#7738,#7739);
#7737 = CARTESIAN_POINT('',(71.6,-21.7,7.85));
#7738 = DIRECTION('',(0.,0.,1.));
#7739 = DIRECTION('',(0.,-1.,0.));
#7740 = PCURVE('',#6758,#7741);
#7741 = DEFINITIONAL_REPRESENTATION('',(#7742),#7746);
#7742 = LINE('',#7743,#7744);
#7743 = CARTESIAN_POINT('',(-0.,-0.));
#7744 = VECTOR('',#7745,1.);
#7745 = DIRECTION('',(-1.,-0.));
#7746 = ( GEOMETRIC_REPRESENTATION_CONTEXT(2) 
PARAMETRIC_REPRESENTATION_CONTEXT() REPRESENTATION_CONTEXT('2D SPACE',''
  ) );
#7747 = PCURVE('',#126,#7748);
#7748 = DEFINITIONAL_REPRESENTATION('',(#7749),#7753);
#7749 = LINE('',#7750,#7751);
#7750 = CARTESIAN_POINT('',(0.,3.45));
#7751 = VECTOR('',#7752,1.);
#7752 = DIRECTION('',(1.,0.));
#7753 = ( GEOMETRIC_REPRESENTATION_CONTEXT(2) 
PARAMETRIC_REPRESENTATION_CONTEXT() REPRESENTATION_CONTEXT('2D SPACE',''
  ) );
#7754 = ORIENTED_EDGE('',*,*,#7755,.T.);
#7755 = EDGE_CURVE('',#7732,#6742,#7756,.T.);
#7756 = SURFACE_CURVE('',#7757,(#7761,#7768),.PCURVE_S1.);
#7757 = LINE('',#7758,#7759);
#7758 = CARTESIAN_POINT('',(73.6,-21.7,7.85));
#7759 = VECTOR('',#7760,1.);
#7760 = DIRECTION('',(-0.707106781187,4.329780281177E-17,0.707106781187)
  );
#7761 = PCURVE('',#6758,#7762);
#7762 = DEFINITIONAL_REPRESENTATION('',(#7763),#7767);
#7763 = LINE('',#7764,#7765);
#7764 = CARTESIAN_POINT('',(-1.570796326795,-0.));
#7765 = VECTOR('',#7766,1.);
#7766 = DIRECTION('',(-0.,-1.));
#7767 = ( GEOMETRIC_REPRESENTATION_CONTEXT(2) 
PARAMETRIC_REPRESENTATION_CONTEXT() REPRESENTATION_CONTEXT('2D SPACE',''
  ) );
#7768 = PCURVE('',#6186,#7769);
#7769 = DEFINITIONAL_REPRESENTATION('',(#7770),#7774);
#7770 = LINE('',#7771,#7772);
#7771 = CARTESIAN_POINT('',(-0.,-0.247487373415));
#7772 = VECTOR('',#7773,1.);
#7773 = DIRECTION('',(-4.329780281177E-17,1.));
#7774 = ( GEOMETRIC_REPRESENTATION_CONTEXT(2) 
PARAMETRIC_REPRESENTATION_CONTEXT() REPRESENTATION_CONTEXT('2D SPACE',''
  ) );
#7775 = ORIENTED_EDGE('',*,*,#6741,.F.);
#7776 = ADVANCED_FACE('',(#7777),#6186,.F.);
#7777 = FACE_BOUND('',#7778,.T.);
#7778 = EDGE_LOOP('',(#7779,#7780,#7801,#7802));
#7779 = ORIENTED_EDGE('',*,*,#7755,.F.);
#7780 = ORIENTED_EDGE('',*,*,#7781,.T.);
#7781 = EDGE_CURVE('',#7732,#6094,#7782,.T.);
#7782 = SURFACE_CURVE('',#7783,(#7787,#7794),.PCURVE_S1.);
#7783 = LINE('',#7784,#7785);
#7784 = CARTESIAN_POINT('',(73.6,-21.7,7.85));
#7785 = VECTOR('',#7786,1.);
#7786 = DIRECTION('',(0.,1.,0.));
#7787 = PCURVE('',#6186,#7788);
#7788 = DEFINITIONAL_REPRESENTATION('',(#7789),#7793);
#7789 = LINE('',#7790,#7791);
#7790 = CARTESIAN_POINT('',(-0.,-0.247487373415));
#7791 = VECTOR('',#7792,1.);
#7792 = DIRECTION('',(-1.,0.));
#7793 = ( GEOMETRIC_REPRESENTATION_CONTEXT(2) 
PARAMETRIC_REPRESENTATION_CONTEXT() REPRESENTATION_CONTEXT('2D SPACE',''
  ) );
#7794 = PCURVE('',#4627,#7795);
#7795 = DEFINITIONAL_REPRESENTATION('',(#7796),#7800);
#7796 = LINE('',#7797,#7798);
#7797 = CARTESIAN_POINT('',(2.,-3.45));
#7798 = VECTOR('',#7799,1.);
#7799 = DIRECTION('',(1.,0.));
#7800 = ( GEOMETRIC_REPRESENTATION_CONTEXT(2) 
PARAMETRIC_REPRESENTATION_CONTEXT() REPRESENTATION_CONTEXT('2D SPACE',''
  ) );
#7801 = ORIENTED_EDGE('',*,*,#6170,.T.);
#7802 = ORIENTED_EDGE('',*,*,#6770,.F.);
#7803 = ADVANCED_FACE('',(#7804),#4923,.F.);
#7804 = FACE_BOUND('',#7805,.F.);
#7805 = EDGE_LOOP('',(#7806,#7807,#7808,#7829));
#7806 = ORIENTED_EDGE('',*,*,#6117,.T.);
#7807 = ORIENTED_EDGE('',*,*,#6258,.T.);
#7808 = ORIENTED_EDGE('',*,*,#7809,.F.);
#7809 = EDGE_CURVE('',#4908,#6259,#7810,.T.);
#7810 = SURFACE_CURVE('',#7811,(#7815,#7822),.PCURVE_S1.);
#7811 = LINE('',#7812,#7813);
#7812 = CARTESIAN_POINT('',(63.217400535397,6.9,4.4));
#7813 = VECTOR('',#7814,1.);
#7814 = DIRECTION('',(0.,0.,1.));
#7815 = PCURVE('',#4923,#7816);
#7816 = DEFINITIONAL_REPRESENTATION('',(#7817),#7821);
#7817 = LINE('',#7818,#7819);
#7818 = CARTESIAN_POINT('',(10.382599464603,0.));
#7819 = VECTOR('',#7820,1.);
#7820 = DIRECTION('',(0.,-1.));
#7821 = ( GEOMETRIC_REPRESENTATION_CONTEXT(2) 
PARAMETRIC_REPRESENTATION_CONTEXT() REPRESENTATION_CONTEXT('2D SPACE',''
  ) );
#7822 = PCURVE('',#4952,#7823);
#7823 = DEFINITIONAL_REPRESENTATION('',(#7824),#7828);
#7824 = LINE('',#7825,#7826);
#7825 = CARTESIAN_POINT('',(0.,0.));
#7826 = VECTOR('',#7827,1.);
#7827 = DIRECTION('',(0.,1.));
#7828 = ( GEOMETRIC_REPRESENTATION_CONTEXT(2) 
PARAMETRIC_REPRESENTATION_CONTEXT() REPRESENTATION_CONTEXT('2D SPACE',''
  ) );
#7829 = ORIENTED_EDGE('',*,*,#4907,.F.);
#7830 = ADVANCED_FACE('',(#7831),#4952,.T.);
#7831 = FACE_BOUND('',#7832,.T.);
#7832 = EDGE_LOOP('',(#7833,#7834,#7835,#7856));
#7833 = ORIENTED_EDGE('',*,*,#7809,.F.);
#7834 = ORIENTED_EDGE('',*,*,#4935,.T.);
#7835 = ORIENTED_EDGE('',*,*,#7836,.T.);
#7836 = EDGE_CURVE('',#4936,#6335,#7837,.T.);
#7837 = SURFACE_CURVE('',#7838,(#7842,#7849),.PCURVE_S1.);
#7838 = LINE('',#7839,#7840);
#7839 = CARTESIAN_POINT('',(62.787676970046,6.85328893341,4.4));
#7840 = VECTOR('',#7841,1.);
#7841 = DIRECTION('',(0.,0.,1.));
#7842 = PCURVE('',#4952,#7843);
#7843 = DEFINITIONAL_REPRESENTATION('',(#7844),#7848);
#7844 = LINE('',#7845,#7846);
#7845 = CARTESIAN_POINT('',(0.216550304976,0.));
#7846 = VECTOR('',#7847,1.);
#7847 = DIRECTION('',(0.,1.));
#7848 = ( GEOMETRIC_REPRESENTATION_CONTEXT(2) 
PARAMETRIC_REPRESENTATION_CONTEXT() REPRESENTATION_CONTEXT('2D SPACE',''
  ) );
#7849 = PCURVE('',#4980,#7850);
#7850 = DEFINITIONAL_REPRESENTATION('',(#7851),#7855);
#7851 = LINE('',#7852,#7853);
#7852 = CARTESIAN_POINT('',(0.217400535397,0.));
#7853 = VECTOR('',#7854,1.);
#7854 = DIRECTION('',(0.,-1.));
#7855 = ( GEOMETRIC_REPRESENTATION_CONTEXT(2) 
PARAMETRIC_REPRESENTATION_CONTEXT() REPRESENTATION_CONTEXT('2D SPACE',''
  ) );
#7856 = ORIENTED_EDGE('',*,*,#6334,.F.);
#7857 = ADVANCED_FACE('',(#7858),#4980,.F.);
#7858 = FACE_BOUND('',#7859,.F.);
#7859 = EDGE_LOOP('',(#7860,#7861,#7862,#7883));
#7860 = ORIENTED_EDGE('',*,*,#7836,.T.);
#7861 = ORIENTED_EDGE('',*,*,#6412,.T.);
#7862 = ORIENTED_EDGE('',*,*,#7863,.F.);
#7863 = EDGE_CURVE('',#4965,#6413,#7864,.T.);
#7864 = SURFACE_CURVE('',#7865,(#7869,#7876),.PCURVE_S1.);
#7865 = LINE('',#7866,#7867);
#7866 = CARTESIAN_POINT('',(43.212323029954,2.54671106659,4.4));
#7867 = VECTOR('',#7868,1.);
#7868 = DIRECTION('',(0.,0.,1.));
#7869 = PCURVE('',#4980,#7870);
#7870 = DEFINITIONAL_REPRESENTATION('',(#7871),#7875);
#7871 = LINE('',#7872,#7873);
#7872 = CARTESIAN_POINT('',(20.260880642476,0.));
#7873 = VECTOR('',#7874,1.);
#7874 = DIRECTION('',(0.,-1.));
#7875 = ( GEOMETRIC_REPRESENTATION_CONTEXT(2) 
PARAMETRIC_REPRESENTATION_CONTEXT() REPRESENTATION_CONTEXT('2D SPACE',''
  ) );
#7876 = PCURVE('',#5013,#7877);
#7877 = DEFINITIONAL_REPRESENTATION('',(#7878),#7882);
#7878 = LINE('',#7879,#7880);
#7879 = CARTESIAN_POINT('',(-0.,0.));
#7880 = VECTOR('',#7881,1.);
#7881 = DIRECTION('',(-0.,1.));
#7882 = ( GEOMETRIC_REPRESENTATION_CONTEXT(2) 
PARAMETRIC_REPRESENTATION_CONTEXT() REPRESENTATION_CONTEXT('2D SPACE',''
  ) );
#7883 = ORIENTED_EDGE('',*,*,#4964,.F.);
#7884 = ADVANCED_FACE('',(#7885),#5013,.F.);
#7885 = FACE_BOUND('',#7886,.T.);
#7886 = EDGE_LOOP('',(#7887,#7888,#7889,#7910));
#7887 = ORIENTED_EDGE('',*,*,#7863,.F.);
#7888 = ORIENTED_EDGE('',*,*,#4992,.T.);
#7889 = ORIENTED_EDGE('',*,*,#7890,.T.);
#7890 = EDGE_CURVE('',#4993,#6489,#7891,.T.);
#7891 = SURFACE_CURVE('',#7892,(#7896,#7903),.PCURVE_S1.);
#7892 = LINE('',#7893,#7894);
#7893 = CARTESIAN_POINT('',(42.782599464603,2.5,4.4));
#7894 = VECTOR('',#7895,1.);
#7895 = DIRECTION('',(0.,0.,1.));
#7896 = PCURVE('',#5013,#7897);
#7897 = DEFINITIONAL_REPRESENTATION('',(#7898),#7902);
#7898 = LINE('',#7899,#7900);
#7899 = CARTESIAN_POINT('',(-0.216550304976,0.));
#7900 = VECTOR('',#7901,1.);
#7901 = DIRECTION('',(-0.,1.));
#7902 = ( GEOMETRIC_REPRESENTATION_CONTEXT(2) 
PARAMETRIC_REPRESENTATION_CONTEXT() REPRESENTATION_CONTEXT('2D SPACE',''
  ) );
#7903 = PCURVE('',#5041,#7904);
#7904 = DEFINITIONAL_REPRESENTATION('',(#7905),#7909);
#7905 = LINE('',#7906,#7907);
#7906 = CARTESIAN_POINT('',(0.217400535397,0.));
#7907 = VECTOR('',#7908,1.);
#7908 = DIRECTION('',(0.,-1.));
#7909 = ( GEOMETRIC_REPRESENTATION_CONTEXT(2) 
PARAMETRIC_REPRESENTATION_CONTEXT() REPRESENTATION_CONTEXT('2D SPACE',''
  ) );
#7910 = ORIENTED_EDGE('',*,*,#6488,.F.);
#7911 = ADVANCED_FACE('',(#7912),#5041,.F.);
#7912 = FACE_BOUND('',#7913,.F.);
#7913 = EDGE_LOOP('',(#7914,#7915,#7916,#7939,#7958));
#7914 = ORIENTED_EDGE('',*,*,#7890,.T.);
#7915 = ORIENTED_EDGE('',*,*,#6570,.T.);
#7916 = ORIENTED_EDGE('',*,*,#7917,.F.);
#7917 = EDGE_CURVE('',#7918,#6571,#7920,.T.);
#7918 = VERTEX_POINT('',#7919);
#7919 = CARTESIAN_POINT('',(-0.5,2.5,4.493548387097));
#7920 = SURFACE_CURVE('',#7921,(#7925,#7932),.PCURVE_S1.);
#7921 = LINE('',#7922,#7923);
#7922 = CARTESIAN_POINT('',(-0.5,2.5,4.4));
#7923 = VECTOR('',#7924,1.);
#7924 = DIRECTION('',(0.,0.,1.));
#7925 = PCURVE('',#5041,#7926);
#7926 = DEFINITIONAL_REPRESENTATION('',(#7927),#7931);
#7927 = LINE('',#7928,#7929);
#7928 = CARTESIAN_POINT('',(43.5,0.));
#7929 = VECTOR('',#7930,1.);
#7930 = DIRECTION('',(0.,-1.));
#7931 = ( GEOMETRIC_REPRESENTATION_CONTEXT(2) 
PARAMETRIC_REPRESENTATION_CONTEXT() REPRESENTATION_CONTEXT('2D SPACE',''
  ) );
#7932 = PCURVE('',#333,#7933);
#7933 = DEFINITIONAL_REPRESENTATION('',(#7934),#7938);
#7934 = LINE('',#7935,#7936);
#7935 = CARTESIAN_POINT('',(0.,0.));
#7936 = VECTOR('',#7937,1.);
#7937 = DIRECTION('',(0.,1.));
#7938 = ( GEOMETRIC_REPRESENTATION_CONTEXT(2) 
PARAMETRIC_REPRESENTATION_CONTEXT() REPRESENTATION_CONTEXT('2D SPACE',''
  ) );
#7939 = ORIENTED_EDGE('',*,*,#7940,.T.);
#7940 = EDGE_CURVE('',#7918,#5026,#7941,.T.);
#7941 = SURFACE_CURVE('',#7942,(#7946,#7952),.PCURVE_S1.);
#7942 = LINE('',#7943,#7944);
#7943 = CARTESIAN_POINT('',(19.513713477851,2.5,-1.962488218662));
#7944 = VECTOR('',#7945,1.);
#7945 = DIRECTION('',(0.951708617761,0.,-0.307002779923));
#7946 = PCURVE('',#5041,#7947);
#7947 = DEFINITIONAL_REPRESENTATION('',(#7948),#7951);
#7948 = B_SPLINE_CURVE_WITH_KNOTS('',1,(#7949,#7950),.UNSPECIFIED.,.F.,
  .F.,(2,2),(-21.02924477551,-20.72452966146),.PIECEWISE_BEZIER_KNOTS.);
#7949 = CARTESIAN_POINT('',(43.5,-9.354838709677E-02));
#7950 = CARTESIAN_POINT('',(43.21,-8.881784197001E-16));
#7951 = ( GEOMETRIC_REPRESENTATION_CONTEXT(2) 
PARAMETRIC_REPRESENTATION_CONTEXT() REPRESENTATION_CONTEXT('2D SPACE',''
  ) );
#7952 = PCURVE('',#305,#7953);
#7953 = DEFINITIONAL_REPRESENTATION('',(#7954),#7957);
#7954 = B_SPLINE_CURVE_WITH_KNOTS('',1,(#7955,#7956),.UNSPECIFIED.,.F.,
  .F.,(2,2),(-21.02924477551,-20.72452966146),.PIECEWISE_BEZIER_KNOTS.);
#7955 = CARTESIAN_POINT('',(0.630445063545,-7.5));
#7956 = CARTESIAN_POINT('',(0.325729949498,-7.5));
#7957 = ( GEOMETRIC_REPRESENTATION_CONTEXT(2) 
PARAMETRIC_REPRESENTATION_CONTEXT() REPRESENTATION_CONTEXT('2D SPACE',''
  ) );
#7958 = ORIENTED_EDGE('',*,*,#5025,.F.);
#7959 = ADVANCED_FACE('',(#7960),#5089,.F.);
#7960 = FACE_BOUND('',#7961,.F.);
#7961 = EDGE_LOOP('',(#7962,#7987,#8006,#8007,#8028));
#7962 = ORIENTED_EDGE('',*,*,#7963,.T.);
#7963 = EDGE_CURVE('',#7964,#7966,#7968,.T.);
#7964 = VERTEX_POINT('',#7965);
#7965 = CARTESIAN_POINT('',(-0.6,0.7,6.6));
#7966 = VERTEX_POINT('',#7967);
#7967 = CARTESIAN_POINT('',(11.,0.7,6.6));
#7968 = SURFACE_CURVE('',#7969,(#7973,#7980),.PCURVE_S1.);
#7969 = LINE('',#7970,#7971);
#7970 = CARTESIAN_POINT('',(-0.6,0.7,6.6));
#7971 = VECTOR('',#7972,1.);
#7972 = DIRECTION('',(1.,0.,0.));
#7973 = PCURVE('',#5089,#7974);
#7974 = DEFINITIONAL_REPRESENTATION('',(#7975),#7979);
#7975 = LINE('',#7976,#7977);
#7976 = CARTESIAN_POINT('',(10.6,0.));
#7977 = VECTOR('',#7978,1.);
#7978 = DIRECTION('',(0.,1.));
#7979 = ( GEOMETRIC_REPRESENTATION_CONTEXT(2) 
PARAMETRIC_REPRESENTATION_CONTEXT() REPRESENTATION_CONTEXT('2D SPACE',''
  ) );
#7980 = PCURVE('',#2335,#7981);
#7981 = DEFINITIONAL_REPRESENTATION('',(#7982),#7986);
#7982 = LINE('',#7983,#7984);
#7983 = CARTESIAN_POINT('',(0.,22.55));
#7984 = VECTOR('',#7985,1.);
#7985 = DIRECTION('',(1.,0.));
#7986 = ( GEOMETRIC_REPRESENTATION_CONTEXT(2) 
PARAMETRIC_REPRESENTATION_CONTEXT() REPRESENTATION_CONTEXT('2D SPACE',''
  ) );
#7987 = ORIENTED_EDGE('',*,*,#7988,.T.);
#7988 = EDGE_CURVE('',#7966,#5075,#7989,.T.);
#7989 = SURFACE_CURVE('',#7990,(#7994,#8000),.PCURVE_S1.);
#7990 = LINE('',#7991,#7992);
#7991 = CARTESIAN_POINT('',(11.,0.7,-1.1));
#7992 = VECTOR('',#7993,1.);
#7993 = DIRECTION('',(0.,0.,-1.));
#7994 = PCURVE('',#5089,#7995);
#7995 = DEFINITIONAL_REPRESENTATION('',(#7996),#7999);
#7996 = B_SPLINE_CURVE_WITH_KNOTS('',1,(#7997,#7998),.UNSPECIFIED.,.F.,
  .F.,(2,2),(-7.7,-5.5),.PIECEWISE_BEZIER_KNOTS.);
#7997 = CARTESIAN_POINT('',(10.6,11.6));
#7998 = CARTESIAN_POINT('',(8.4,11.6));
#7999 = ( GEOMETRIC_REPRESENTATION_CONTEXT(2) 
PARAMETRIC_REPRESENTATION_CONTEXT() REPRESENTATION_CONTEXT('2D SPACE',''
  ) );
#8000 = PCURVE('',#5115,#8001);
#8001 = DEFINITIONAL_REPRESENTATION('',(#8002),#8005);
#8002 = B_SPLINE_CURVE_WITH_KNOTS('',1,(#8003,#8004),.UNSPECIFIED.,.F.,
  .F.,(2,2),(-7.7,-5.5),.PIECEWISE_BEZIER_KNOTS.);
#8003 = CARTESIAN_POINT('',(4.8,-1.25));
#8004 = CARTESIAN_POINT('',(2.6,-1.25));
#8005 = ( GEOMETRIC_REPRESENTATION_CONTEXT(2) 
PARAMETRIC_REPRESENTATION_CONTEXT() REPRESENTATION_CONTEXT('2D SPACE',''
  ) );
#8006 = ORIENTED_EDGE('',*,*,#5074,.T.);
#8007 = ORIENTED_EDGE('',*,*,#8008,.T.);
#8008 = EDGE_CURVE('',#5054,#8009,#8011,.T.);
#8009 = VERTEX_POINT('',#8010);
#8010 = CARTESIAN_POINT('',(-0.6,0.7,4.525806451613));
#8011 = SURFACE_CURVE('',#8012,(#8016,#8022),.PCURVE_S1.);
#8012 = LINE('',#8013,#8014);
#8013 = CARTESIAN_POINT('',(0.995523091423,0.7,4.011121583412));
#8014 = VECTOR('',#8015,1.);
#8015 = DIRECTION('',(-0.951708617761,0.,0.307002779923));
#8016 = PCURVE('',#5089,#8017);
#8017 = DEFINITIONAL_REPRESENTATION('',(#8018),#8021);
#8018 = B_SPLINE_CURVE_WITH_KNOTS('',1,(#8019,#8020),.UNSPECIFIED.,.F.,
  .F.,(2,2),(1.266693469961,1.676482761265),.PIECEWISE_BEZIER_KNOTS.);
#8019 = CARTESIAN_POINT('',(8.4,0.39));
#8020 = CARTESIAN_POINT('',(8.525806451613,0.));
#8021 = ( GEOMETRIC_REPRESENTATION_CONTEXT(2) 
PARAMETRIC_REPRESENTATION_CONTEXT() REPRESENTATION_CONTEXT('2D SPACE',''
  ) );
#8022 = PCURVE('',#305,#8023);
#8023 = DEFINITIONAL_REPRESENTATION('',(#8024),#8027);
#8024 = B_SPLINE_CURVE_WITH_KNOTS('',1,(#8025,#8026),.UNSPECIFIED.,.F.,
  .F.,(2,2),(1.266693469961,1.676482761265),.PIECEWISE_BEZIER_KNOTS.);
#8025 = CARTESIAN_POINT('',(0.325729949498,-9.3));
#8026 = CARTESIAN_POINT('',(0.735519240802,-9.3));
#8027 = ( GEOMETRIC_REPRESENTATION_CONTEXT(2) 
PARAMETRIC_REPRESENTATION_CONTEXT() REPRESENTATION_CONTEXT('2D SPACE',''
  ) );
#8028 = ORIENTED_EDGE('',*,*,#8029,.T.);
#8029 = EDGE_CURVE('',#8009,#7964,#8030,.T.);
#8030 = SURFACE_CURVE('',#8031,(#8035,#8042),.PCURVE_S1.);
#8031 = LINE('',#8032,#8033);
#8032 = CARTESIAN_POINT('',(-0.6,0.7,-4.));
#8033 = VECTOR('',#8034,1.);
#8034 = DIRECTION('',(0.,0.,1.));
#8035 = PCURVE('',#5089,#8036);
#8036 = DEFINITIONAL_REPRESENTATION('',(#8037),#8041);
#8037 = LINE('',#8038,#8039);
#8038 = CARTESIAN_POINT('',(0.,0.));
#8039 = VECTOR('',#8040,1.);
#8040 = DIRECTION('',(1.,0.));
#8041 = ( GEOMETRIC_REPRESENTATION_CONTEXT(2) 
PARAMETRIC_REPRESENTATION_CONTEXT() REPRESENTATION_CONTEXT('2D SPACE',''
  ) );
#8042 = PCURVE('',#8043,#8048);
#8043 = PLANE('',#8044);
#8044 = AXIS2_PLACEMENT_3D('',#8045,#8046,#8047);
#8045 = CARTESIAN_POINT('',(-0.6,-21.85,-4.));
#8046 = DIRECTION('',(1.,0.,0.));
#8047 = DIRECTION('',(0.,0.,1.));
#8048 = DEFINITIONAL_REPRESENTATION('',(#8049),#8053);
#8049 = LINE('',#8050,#8051);
#8050 = CARTESIAN_POINT('',(0.,-22.55));
#8051 = VECTOR('',#8052,1.);
#8052 = DIRECTION('',(1.,0.));
#8053 = ( GEOMETRIC_REPRESENTATION_CONTEXT(2) 
PARAMETRIC_REPRESENTATION_CONTEXT() REPRESENTATION_CONTEXT('2D SPACE',''
  ) );
#8054 = ADVANCED_FACE('',(#8055),#8043,.T.);
#8055 = FACE_BOUND('',#8056,.T.);
#8056 = EDGE_LOOP('',(#8057,#8080,#8099,#8100));
#8057 = ORIENTED_EDGE('',*,*,#8058,.F.);
#8058 = EDGE_CURVE('',#8059,#8061,#8063,.T.);
#8059 = VERTEX_POINT('',#8060);
#8060 = CARTESIAN_POINT('',(-0.6,-3.,4.525806451613));
#8061 = VERTEX_POINT('',#8062);
#8062 = CARTESIAN_POINT('',(-0.6,-3.,6.6));
#8063 = SURFACE_CURVE('',#8064,(#8068,#8074),.PCURVE_S1.);
#8064 = LINE('',#8065,#8066);
#8065 = CARTESIAN_POINT('',(-0.6,-3.,0.2));
#8066 = VECTOR('',#8067,1.);
#8067 = DIRECTION('',(0.,0.,1.));
#8068 = PCURVE('',#8043,#8069);
#8069 = DEFINITIONAL_REPRESENTATION('',(#8070),#8073);
#8070 = B_SPLINE_CURVE_WITH_KNOTS('',1,(#8071,#8072),.UNSPECIFIED.,.F.,
  .F.,(2,2),(4.2,6.4),.PIECEWISE_BEZIER_KNOTS.);
#8071 = CARTESIAN_POINT('',(8.4,-18.85));
#8072 = CARTESIAN_POINT('',(10.6,-18.85));
#8073 = ( GEOMETRIC_REPRESENTATION_CONTEXT(2) 
PARAMETRIC_REPRESENTATION_CONTEXT() REPRESENTATION_CONTEXT('2D SPACE',''
  ) );
#8074 = PCURVE('',#1792,#8075);
#8075 = DEFINITIONAL_REPRESENTATION('',(#8076),#8079);
#8076 = B_SPLINE_CURVE_WITH_KNOTS('',1,(#8077,#8078),.UNSPECIFIED.,.F.,
  .F.,(2,2),(4.2,6.4),.PIECEWISE_BEZIER_KNOTS.);
#8077 = CARTESIAN_POINT('',(0.,1.9));
#8078 = CARTESIAN_POINT('',(2.2,1.9));
#8079 = ( GEOMETRIC_REPRESENTATION_CONTEXT(2) 
PARAMETRIC_REPRESENTATION_CONTEXT() REPRESENTATION_CONTEXT('2D SPACE',''
  ) );
#8080 = ORIENTED_EDGE('',*,*,#8081,.T.);
#8081 = EDGE_CURVE('',#8059,#8009,#8082,.T.);
#8082 = SURFACE_CURVE('',#8083,(#8087,#8093),.PCURVE_S1.);
#8083 = LINE('',#8084,#8085);
#8084 = CARTESIAN_POINT('',(-0.6,-5.925,4.525806451613));
#8085 = VECTOR('',#8086,1.);
#8086 = DIRECTION('',(0.,1.,0.));
#8087 = PCURVE('',#8043,#8088);
#8088 = DEFINITIONAL_REPRESENTATION('',(#8089),#8092);
#8089 = B_SPLINE_CURVE_WITH_KNOTS('',1,(#8090,#8091),.UNSPECIFIED.,.F.,
  .F.,(2,2),(2.925,6.625),.PIECEWISE_BEZIER_KNOTS.);
#8090 = CARTESIAN_POINT('',(8.525806451613,-18.85));
#8091 = CARTESIAN_POINT('',(8.525806451613,-22.55));
#8092 = ( GEOMETRIC_REPRESENTATION_CONTEXT(2) 
PARAMETRIC_REPRESENTATION_CONTEXT() REPRESENTATION_CONTEXT('2D SPACE',''
  ) );
#8093 = PCURVE('',#305,#8094);
#8094 = DEFINITIONAL_REPRESENTATION('',(#8095),#8098);
#8095 = B_SPLINE_CURVE_WITH_KNOTS('',1,(#8096,#8097),.UNSPECIFIED.,.F.,
  .F.,(2,2),(2.925,6.625),.PIECEWISE_BEZIER_KNOTS.);
#8096 = CARTESIAN_POINT('',(0.735519240802,-13.));
#8097 = CARTESIAN_POINT('',(0.735519240802,-9.3));
#8098 = ( GEOMETRIC_REPRESENTATION_CONTEXT(2) 
PARAMETRIC_REPRESENTATION_CONTEXT() REPRESENTATION_CONTEXT('2D SPACE',''
  ) );
#8099 = ORIENTED_EDGE('',*,*,#8029,.T.);
#8100 = ORIENTED_EDGE('',*,*,#8101,.F.);
#8101 = EDGE_CURVE('',#8061,#7964,#8102,.T.);
#8102 = SURFACE_CURVE('',#8103,(#8107,#8114),.PCURVE_S1.);
#8103 = LINE('',#8104,#8105);
#8104 = CARTESIAN_POINT('',(-0.6,-21.85,6.6));
#8105 = VECTOR('',#8106,1.);
#8106 = DIRECTION('',(0.,1.,0.));
#8107 = PCURVE('',#8043,#8108);
#8108 = DEFINITIONAL_REPRESENTATION('',(#8109),#8113);
#8109 = LINE('',#8110,#8111);
#8110 = CARTESIAN_POINT('',(10.6,0.));
#8111 = VECTOR('',#8112,1.);
#8112 = DIRECTION('',(0.,-1.));
#8113 = ( GEOMETRIC_REPRESENTATION_CONTEXT(2) 
PARAMETRIC_REPRESENTATION_CONTEXT() REPRESENTATION_CONTEXT('2D SPACE',''
  ) );
#8114 = PCURVE('',#2335,#8115);
#8115 = DEFINITIONAL_REPRESENTATION('',(#8116),#8120);
#8116 = LINE('',#8117,#8118);
#8117 = CARTESIAN_POINT('',(0.,0.));
#8118 = VECTOR('',#8119,1.);
#8119 = DIRECTION('',(0.,1.));
#8120 = ( GEOMETRIC_REPRESENTATION_CONTEXT(2) 
PARAMETRIC_REPRESENTATION_CONTEXT() REPRESENTATION_CONTEXT('2D SPACE',''
  ) );
#8121 = ADVANCED_FACE('',(#8122),#5115,.F.);
#8122 = FACE_BOUND('',#8123,.F.);
#8123 = EDGE_LOOP('',(#8124,#8154,#8182,#8203,#8204,#8205));
#8124 = ORIENTED_EDGE('',*,*,#8125,.F.);
#8125 = EDGE_CURVE('',#8126,#8128,#8130,.T.);
#8126 = VERTEX_POINT('',#8127);
#8127 = CARTESIAN_POINT('',(11.,-0.55,1.8));
#8128 = VERTEX_POINT('',#8129);
#8129 = CARTESIAN_POINT('',(11.,-0.55,6.6));
#8130 = SURFACE_CURVE('',#8131,(#8135,#8142),.PCURVE_S1.);
#8131 = LINE('',#8132,#8133);
#8132 = CARTESIAN_POINT('',(11.,-0.55,1.8));
#8133 = VECTOR('',#8134,1.);
#8134 = DIRECTION('',(0.,0.,1.));
#8135 = PCURVE('',#5115,#8136);
#8136 = DEFINITIONAL_REPRESENTATION('',(#8137),#8141);
#8137 = LINE('',#8138,#8139);
#8138 = CARTESIAN_POINT('',(0.,0.));
#8139 = VECTOR('',#8140,1.);
#8140 = DIRECTION('',(1.,0.));
#8141 = ( GEOMETRIC_REPRESENTATION_CONTEXT(2) 
PARAMETRIC_REPRESENTATION_CONTEXT() REPRESENTATION_CONTEXT('2D SPACE',''
  ) );
#8142 = PCURVE('',#8143,#8148);
#8143 = PLANE('',#8144);
#8144 = AXIS2_PLACEMENT_3D('',#8145,#8146,#8147);
#8145 = CARTESIAN_POINT('',(11.,-0.55,1.8));
#8146 = DIRECTION('',(0.,1.,0.));
#8147 = DIRECTION('',(0.,0.,1.));
#8148 = DEFINITIONAL_REPRESENTATION('',(#8149),#8153);
#8149 = LINE('',#8150,#8151);
#8150 = CARTESIAN_POINT('',(0.,0.));
#8151 = VECTOR('',#8152,1.);
#8152 = DIRECTION('',(1.,0.));
#8153 = ( GEOMETRIC_REPRESENTATION_CONTEXT(2) 
PARAMETRIC_REPRESENTATION_CONTEXT() REPRESENTATION_CONTEXT('2D SPACE',''
  ) );
#8154 = ORIENTED_EDGE('',*,*,#8155,.T.);
#8155 = EDGE_CURVE('',#8126,#8156,#8158,.T.);
#8156 = VERTEX_POINT('',#8157);
#8157 = CARTESIAN_POINT('',(11.,1.15,1.8));
#8158 = SURFACE_CURVE('',#8159,(#8163,#8170),.PCURVE_S1.);
#8159 = LINE('',#8160,#8161);
#8160 = CARTESIAN_POINT('',(11.,-0.55,1.8));
#8161 = VECTOR('',#8162,1.);
#8162 = DIRECTION('',(0.,1.,0.));
#8163 = PCURVE('',#5115,#8164);
#8164 = DEFINITIONAL_REPRESENTATION('',(#8165),#8169);
#8165 = LINE('',#8166,#8167);
#8166 = CARTESIAN_POINT('',(0.,0.));
#8167 = VECTOR('',#8168,1.);
#8168 = DIRECTION('',(0.,-1.));
#8169 = ( GEOMETRIC_REPRESENTATION_CONTEXT(2) 
PARAMETRIC_REPRESENTATION_CONTEXT() REPRESENTATION_CONTEXT('2D SPACE',''
  ) );
#8170 = PCURVE('',#8171,#8176);
#8171 = PLANE('',#8172);
#8172 = AXIS2_PLACEMENT_3D('',#8173,#8174,#8175);
#8173 = CARTESIAN_POINT('',(11.,-0.55,1.8));
#8174 = DIRECTION('',(0.,0.,1.));
#8175 = DIRECTION('',(1.,0.,0.));
#8176 = DEFINITIONAL_REPRESENTATION('',(#8177),#8181);
#8177 = LINE('',#8178,#8179);
#8178 = CARTESIAN_POINT('',(0.,0.));
#8179 = VECTOR('',#8180,1.);
#8180 = DIRECTION('',(0.,1.));
#8181 = ( GEOMETRIC_REPRESENTATION_CONTEXT(2) 
PARAMETRIC_REPRESENTATION_CONTEXT() REPRESENTATION_CONTEXT('2D SPACE',''
  ) );
#8182 = ORIENTED_EDGE('',*,*,#8183,.T.);
#8183 = EDGE_CURVE('',#8156,#5101,#8184,.T.);
#8184 = SURFACE_CURVE('',#8185,(#8189,#8196),.PCURVE_S1.);
#8185 = LINE('',#8186,#8187);
#8186 = CARTESIAN_POINT('',(11.,1.15,1.8));
#8187 = VECTOR('',#8188,1.);
#8188 = DIRECTION('',(0.,0.,1.));
#8189 = PCURVE('',#5115,#8190);
#8190 = DEFINITIONAL_REPRESENTATION('',(#8191),#8195);
#8191 = LINE('',#8192,#8193);
#8192 = CARTESIAN_POINT('',(0.,-1.7));
#8193 = VECTOR('',#8194,1.);
#8194 = DIRECTION('',(1.,0.));
#8195 = ( GEOMETRIC_REPRESENTATION_CONTEXT(2) 
PARAMETRIC_REPRESENTATION_CONTEXT() REPRESENTATION_CONTEXT('2D SPACE',''
  ) );
#8196 = PCURVE('',#5141,#8197);
#8197 = DEFINITIONAL_REPRESENTATION('',(#8198),#8202);
#8198 = LINE('',#8199,#8200);
#8199 = CARTESIAN_POINT('',(0.,0.));
#8200 = VECTOR('',#8201,1.);
#8201 = DIRECTION('',(1.,0.));
#8202 = ( GEOMETRIC_REPRESENTATION_CONTEXT(2) 
PARAMETRIC_REPRESENTATION_CONTEXT() REPRESENTATION_CONTEXT('2D SPACE',''
  ) );
#8203 = ORIENTED_EDGE('',*,*,#5100,.F.);
#8204 = ORIENTED_EDGE('',*,*,#7988,.F.);
#8205 = ORIENTED_EDGE('',*,*,#8206,.F.);
#8206 = EDGE_CURVE('',#8128,#7966,#8207,.T.);
#8207 = SURFACE_CURVE('',#8208,(#8212,#8218),.PCURVE_S1.);
#8208 = LINE('',#8209,#8210);
#8209 = CARTESIAN_POINT('',(11.,-11.2,6.6));
#8210 = VECTOR('',#8211,1.);
#8211 = DIRECTION('',(0.,1.,0.));
#8212 = PCURVE('',#5115,#8213);
#8213 = DEFINITIONAL_REPRESENTATION('',(#8214),#8217);
#8214 = B_SPLINE_CURVE_WITH_KNOTS('',1,(#8215,#8216),.UNSPECIFIED.,.F.,
  .F.,(2,2),(10.65,11.9),.PIECEWISE_BEZIER_KNOTS.);
#8215 = CARTESIAN_POINT('',(4.8,0.));
#8216 = CARTESIAN_POINT('',(4.8,-1.25));
#8217 = ( GEOMETRIC_REPRESENTATION_CONTEXT(2) 
PARAMETRIC_REPRESENTATION_CONTEXT() REPRESENTATION_CONTEXT('2D SPACE',''
  ) );
#8218 = PCURVE('',#2335,#8219);
#8219 = DEFINITIONAL_REPRESENTATION('',(#8220),#8223);
#8220 = B_SPLINE_CURVE_WITH_KNOTS('',1,(#8221,#8222),.UNSPECIFIED.,.F.,
  .F.,(2,2),(10.65,11.9),.PIECEWISE_BEZIER_KNOTS.);
#8221 = CARTESIAN_POINT('',(11.6,21.3));
#8222 = CARTESIAN_POINT('',(11.6,22.55));
#8223 = ( GEOMETRIC_REPRESENTATION_CONTEXT(2) 
PARAMETRIC_REPRESENTATION_CONTEXT() REPRESENTATION_CONTEXT('2D SPACE',''
  ) );
#8224 = ADVANCED_FACE('',(#8225),#8171,.F.);
#8225 = FACE_BOUND('',#8226,.F.);
#8226 = EDGE_LOOP('',(#8227,#8228,#8251,#8274));
#8227 = ORIENTED_EDGE('',*,*,#8155,.F.);
#8228 = ORIENTED_EDGE('',*,*,#8229,.T.);
#8229 = EDGE_CURVE('',#8126,#8230,#8232,.T.);
#8230 = VERTEX_POINT('',#8231);
#8231 = CARTESIAN_POINT('',(13.,-0.55,1.8));
#8232 = SURFACE_CURVE('',#8233,(#8237,#8244),.PCURVE_S1.);
#8233 = LINE('',#8234,#8235);
#8234 = CARTESIAN_POINT('',(11.,-0.55,1.8));
#8235 = VECTOR('',#8236,1.);
#8236 = DIRECTION('',(1.,0.,0.));
#8237 = PCURVE('',#8171,#8238);
#8238 = DEFINITIONAL_REPRESENTATION('',(#8239),#8243);
#8239 = LINE('',#8240,#8241);
#8240 = CARTESIAN_POINT('',(0.,0.));
#8241 = VECTOR('',#8242,1.);
#8242 = DIRECTION('',(1.,0.));
#8243 = ( GEOMETRIC_REPRESENTATION_CONTEXT(2) 
PARAMETRIC_REPRESENTATION_CONTEXT() REPRESENTATION_CONTEXT('2D SPACE',''
  ) );
#8244 = PCURVE('',#8143,#8245);
#8245 = DEFINITIONAL_REPRESENTATION('',(#8246),#8250);
#8246 = LINE('',#8247,#8248);
#8247 = CARTESIAN_POINT('',(0.,0.));
#8248 = VECTOR('',#8249,1.);
#8249 = DIRECTION('',(0.,1.));
#8250 = ( GEOMETRIC_REPRESENTATION_CONTEXT(2) 
PARAMETRIC_REPRESENTATION_CONTEXT() REPRESENTATION_CONTEXT('2D SPACE',''
  ) );
#8251 = ORIENTED_EDGE('',*,*,#8252,.T.);
#8252 = EDGE_CURVE('',#8230,#8253,#8255,.T.);
#8253 = VERTEX_POINT('',#8254);
#8254 = CARTESIAN_POINT('',(13.,1.15,1.8));
#8255 = SURFACE_CURVE('',#8256,(#8260,#8267),.PCURVE_S1.);
#8256 = LINE('',#8257,#8258);
#8257 = CARTESIAN_POINT('',(13.,-0.55,1.8));
#8258 = VECTOR('',#8259,1.);
#8259 = DIRECTION('',(0.,1.,0.));
#8260 = PCURVE('',#8171,#8261);
#8261 = DEFINITIONAL_REPRESENTATION('',(#8262),#8266);
#8262 = LINE('',#8263,#8264);
#8263 = CARTESIAN_POINT('',(2.,0.));
#8264 = VECTOR('',#8265,1.);
#8265 = DIRECTION('',(0.,1.));
#8266 = ( GEOMETRIC_REPRESENTATION_CONTEXT(2) 
PARAMETRIC_REPRESENTATION_CONTEXT() REPRESENTATION_CONTEXT('2D SPACE',''
  ) );
#8267 = PCURVE('',#5167,#8268);
#8268 = DEFINITIONAL_REPRESENTATION('',(#8269),#8273);
#8269 = LINE('',#8270,#8271);
#8270 = CARTESIAN_POINT('',(0.,0.));
#8271 = VECTOR('',#8272,1.);
#8272 = DIRECTION('',(0.,-1.));
#8273 = ( GEOMETRIC_REPRESENTATION_CONTEXT(2) 
PARAMETRIC_REPRESENTATION_CONTEXT() REPRESENTATION_CONTEXT('2D SPACE',''
  ) );
#8274 = ORIENTED_EDGE('',*,*,#8275,.F.);
#8275 = EDGE_CURVE('',#8156,#8253,#8276,.T.);
#8276 = SURFACE_CURVE('',#8277,(#8281,#8288),.PCURVE_S1.);
#8277 = LINE('',#8278,#8279);
#8278 = CARTESIAN_POINT('',(11.,1.15,1.8));
#8279 = VECTOR('',#8280,1.);
#8280 = DIRECTION('',(1.,0.,0.));
#8281 = PCURVE('',#8171,#8282);
#8282 = DEFINITIONAL_REPRESENTATION('',(#8283),#8287);
#8283 = LINE('',#8284,#8285);
#8284 = CARTESIAN_POINT('',(0.,1.7));
#8285 = VECTOR('',#8286,1.);
#8286 = DIRECTION('',(1.,0.));
#8287 = ( GEOMETRIC_REPRESENTATION_CONTEXT(2) 
PARAMETRIC_REPRESENTATION_CONTEXT() REPRESENTATION_CONTEXT('2D SPACE',''
  ) );
#8288 = PCURVE('',#5141,#8289);
#8289 = DEFINITIONAL_REPRESENTATION('',(#8290),#8294);
#8290 = LINE('',#8291,#8292);
#8291 = CARTESIAN_POINT('',(0.,0.));
#8292 = VECTOR('',#8293,1.);
#8293 = DIRECTION('',(0.,1.));
#8294 = ( GEOMETRIC_REPRESENTATION_CONTEXT(2) 
PARAMETRIC_REPRESENTATION_CONTEXT() REPRESENTATION_CONTEXT('2D SPACE',''
  ) );
#8295 = ADVANCED_FACE('',(#8296),#8143,.F.);
#8296 = FACE_BOUND('',#8297,.F.);
#8297 = EDGE_LOOP('',(#8298,#8321,#8322,#8323));
#8298 = ORIENTED_EDGE('',*,*,#8299,.F.);
#8299 = EDGE_CURVE('',#8230,#8300,#8302,.T.);
#8300 = VERTEX_POINT('',#8301);
#8301 = CARTESIAN_POINT('',(13.,-0.55,6.6));
#8302 = SURFACE_CURVE('',#8303,(#8307,#8314),.PCURVE_S1.);
#8303 = LINE('',#8304,#8305);
#8304 = CARTESIAN_POINT('',(13.,-0.55,1.8));
#8305 = VECTOR('',#8306,1.);
#8306 = DIRECTION('',(0.,0.,1.));
#8307 = PCURVE('',#8143,#8308);
#8308 = DEFINITIONAL_REPRESENTATION('',(#8309),#8313);
#8309 = LINE('',#8310,#8311);
#8310 = CARTESIAN_POINT('',(0.,2.));
#8311 = VECTOR('',#8312,1.);
#8312 = DIRECTION('',(1.,0.));
#8313 = ( GEOMETRIC_REPRESENTATION_CONTEXT(2) 
PARAMETRIC_REPRESENTATION_CONTEXT() REPRESENTATION_CONTEXT('2D SPACE',''
  ) );
#8314 = PCURVE('',#5167,#8315);
#8315 = DEFINITIONAL_REPRESENTATION('',(#8316),#8320);
#8316 = LINE('',#8317,#8318);
#8317 = CARTESIAN_POINT('',(0.,0.));
#8318 = VECTOR('',#8319,1.);
#8319 = DIRECTION('',(1.,0.));
#8320 = ( GEOMETRIC_REPRESENTATION_CONTEXT(2) 
PARAMETRIC_REPRESENTATION_CONTEXT() REPRESENTATION_CONTEXT('2D SPACE',''
  ) );
#8321 = ORIENTED_EDGE('',*,*,#8229,.F.);
#8322 = ORIENTED_EDGE('',*,*,#8125,.T.);
#8323 = ORIENTED_EDGE('',*,*,#8324,.F.);
#8324 = EDGE_CURVE('',#8300,#8128,#8325,.T.);
#8325 = SURFACE_CURVE('',#8326,(#8330,#8336),.PCURVE_S1.);
#8326 = LINE('',#8327,#8328);
#8327 = CARTESIAN_POINT('',(5.2,-0.55,6.6));
#8328 = VECTOR('',#8329,1.);
#8329 = DIRECTION('',(-1.,0.,0.));
#8330 = PCURVE('',#8143,#8331);
#8331 = DEFINITIONAL_REPRESENTATION('',(#8332),#8335);
#8332 = B_SPLINE_CURVE_WITH_KNOTS('',1,(#8333,#8334),.UNSPECIFIED.,.F.,
  .F.,(2,2),(-7.8,-5.8),.PIECEWISE_BEZIER_KNOTS.);
#8333 = CARTESIAN_POINT('',(4.8,2.));
#8334 = CARTESIAN_POINT('',(4.8,0.));
#8335 = ( GEOMETRIC_REPRESENTATION_CONTEXT(2) 
PARAMETRIC_REPRESENTATION_CONTEXT() REPRESENTATION_CONTEXT('2D SPACE',''
  ) );
#8336 = PCURVE('',#2335,#8337);
#8337 = DEFINITIONAL_REPRESENTATION('',(#8338),#8341);
#8338 = B_SPLINE_CURVE_WITH_KNOTS('',1,(#8339,#8340),.UNSPECIFIED.,.F.,
  .F.,(2,2),(-7.8,-5.8),.PIECEWISE_BEZIER_KNOTS.);
#8339 = CARTESIAN_POINT('',(13.6,21.3));
#8340 = CARTESIAN_POINT('',(11.6,21.3));
#8341 = ( GEOMETRIC_REPRESENTATION_CONTEXT(2) 
PARAMETRIC_REPRESENTATION_CONTEXT() REPRESENTATION_CONTEXT('2D SPACE',''
  ) );
#8342 = ADVANCED_FACE('',(#8343),#5141,.T.);
#8343 = FACE_BOUND('',#8344,.T.);
#8344 = EDGE_LOOP('',(#8345,#8366,#8367,#8368));
#8345 = ORIENTED_EDGE('',*,*,#8346,.F.);
#8346 = EDGE_CURVE('',#8253,#5127,#8347,.T.);
#8347 = SURFACE_CURVE('',#8348,(#8352,#8359),.PCURVE_S1.);
#8348 = LINE('',#8349,#8350);
#8349 = CARTESIAN_POINT('',(13.,1.15,1.8));
#8350 = VECTOR('',#8351,1.);
#8351 = DIRECTION('',(0.,0.,1.));
#8352 = PCURVE('',#5141,#8353);
#8353 = DEFINITIONAL_REPRESENTATION('',(#8354),#8358);
#8354 = LINE('',#8355,#8356);
#8355 = CARTESIAN_POINT('',(0.,2.));
#8356 = VECTOR('',#8357,1.);
#8357 = DIRECTION('',(1.,0.));
#8358 = ( GEOMETRIC_REPRESENTATION_CONTEXT(2) 
PARAMETRIC_REPRESENTATION_CONTEXT() REPRESENTATION_CONTEXT('2D SPACE',''
  ) );
#8359 = PCURVE('',#5167,#8360);
#8360 = DEFINITIONAL_REPRESENTATION('',(#8361),#8365);
#8361 = LINE('',#8362,#8363);
#8362 = CARTESIAN_POINT('',(0.,-1.7));
#8363 = VECTOR('',#8364,1.);
#8364 = DIRECTION('',(1.,0.));
#8365 = ( GEOMETRIC_REPRESENTATION_CONTEXT(2) 
PARAMETRIC_REPRESENTATION_CONTEXT() REPRESENTATION_CONTEXT('2D SPACE',''
  ) );
#8366 = ORIENTED_EDGE('',*,*,#8275,.F.);
#8367 = ORIENTED_EDGE('',*,*,#8183,.T.);
#8368 = ORIENTED_EDGE('',*,*,#5126,.F.);
#8369 = ADVANCED_FACE('',(#8370),#5167,.T.);
#8370 = FACE_BOUND('',#8371,.T.);
#8371 = EDGE_LOOP('',(#8372,#8373,#8374,#8375,#8376,#8397));
#8372 = ORIENTED_EDGE('',*,*,#8299,.F.);
#8373 = ORIENTED_EDGE('',*,*,#8252,.T.);
#8374 = ORIENTED_EDGE('',*,*,#8346,.T.);
#8375 = ORIENTED_EDGE('',*,*,#5152,.F.);
#8376 = ORIENTED_EDGE('',*,*,#8377,.F.);
#8377 = EDGE_CURVE('',#8378,#5153,#8380,.T.);
#8378 = VERTEX_POINT('',#8379);
#8379 = CARTESIAN_POINT('',(13.,0.7,6.6));
#8380 = SURFACE_CURVE('',#8381,(#8385,#8391),.PCURVE_S1.);
#8381 = LINE('',#8382,#8383);
#8382 = CARTESIAN_POINT('',(13.,0.7,-1.1));
#8383 = VECTOR('',#8384,1.);
#8384 = DIRECTION('',(0.,0.,-1.));
#8385 = PCURVE('',#5167,#8386);
#8386 = DEFINITIONAL_REPRESENTATION('',(#8387),#8390);
#8387 = B_SPLINE_CURVE_WITH_KNOTS('',1,(#8388,#8389),.UNSPECIFIED.,.F.,
  .F.,(2,2),(-7.7,-5.5),.PIECEWISE_BEZIER_KNOTS.);
#8388 = CARTESIAN_POINT('',(4.8,-1.25));
#8389 = CARTESIAN_POINT('',(2.6,-1.25));
#8390 = ( GEOMETRIC_REPRESENTATION_CONTEXT(2) 
PARAMETRIC_REPRESENTATION_CONTEXT() REPRESENTATION_CONTEXT('2D SPACE',''
  ) );
#8391 = PCURVE('',#5193,#8392);
#8392 = DEFINITIONAL_REPRESENTATION('',(#8393),#8396);
#8393 = B_SPLINE_CURVE_WITH_KNOTS('',1,(#8394,#8395),.UNSPECIFIED.,.F.,
  .F.,(2,2),(-7.7,-5.5),.PIECEWISE_BEZIER_KNOTS.);
#8394 = CARTESIAN_POINT('',(10.6,13.6));
#8395 = CARTESIAN_POINT('',(8.4,13.6));
#8396 = ( GEOMETRIC_REPRESENTATION_CONTEXT(2) 
PARAMETRIC_REPRESENTATION_CONTEXT() REPRESENTATION_CONTEXT('2D SPACE',''
  ) );
#8397 = ORIENTED_EDGE('',*,*,#8398,.F.);
#8398 = EDGE_CURVE('',#8300,#8378,#8399,.T.);
#8399 = SURFACE_CURVE('',#8400,(#8404,#8410),.PCURVE_S1.);
#8400 = LINE('',#8401,#8402);
#8401 = CARTESIAN_POINT('',(13.,-11.2,6.6));
#8402 = VECTOR('',#8403,1.);
#8403 = DIRECTION('',(0.,1.,0.));
#8404 = PCURVE('',#5167,#8405);
#8405 = DEFINITIONAL_REPRESENTATION('',(#8406),#8409);
#8406 = B_SPLINE_CURVE_WITH_KNOTS('',1,(#8407,#8408),.UNSPECIFIED.,.F.,
  .F.,(2,2),(10.65,11.9),.PIECEWISE_BEZIER_KNOTS.);
#8407 = CARTESIAN_POINT('',(4.8,0.));
#8408 = CARTESIAN_POINT('',(4.8,-1.25));
#8409 = ( GEOMETRIC_REPRESENTATION_CONTEXT(2) 
PARAMETRIC_REPRESENTATION_CONTEXT() REPRESENTATION_CONTEXT('2D SPACE',''
  ) );
#8410 = PCURVE('',#2335,#8411);
#8411 = DEFINITIONAL_REPRESENTATION('',(#8412),#8415);
#8412 = B_SPLINE_CURVE_WITH_KNOTS('',1,(#8413,#8414),.UNSPECIFIED.,.F.,
  .F.,(2,2),(10.65,11.9),.PIECEWISE_BEZIER_KNOTS.);
#8413 = CARTESIAN_POINT('',(13.6,21.3));
#8414 = CARTESIAN_POINT('',(13.6,22.55));
#8415 = ( GEOMETRIC_REPRESENTATION_CONTEXT(2) 
PARAMETRIC_REPRESENTATION_CONTEXT() REPRESENTATION_CONTEXT('2D SPACE',''
  ) );
#8416 = ADVANCED_FACE('',(#8417),#5219,.T.);
#8417 = FACE_BOUND('',#8418,.T.);
#8418 = EDGE_LOOP('',(#8419,#8449,#8468,#8469));
#8419 = ORIENTED_EDGE('',*,*,#8420,.F.);
#8420 = EDGE_CURVE('',#8421,#8423,#8425,.T.);
#8421 = VERTEX_POINT('',#8422);
#8422 = CARTESIAN_POINT('',(28.7,0.7,5.45));
#8423 = VERTEX_POINT('',#8424);
#8424 = CARTESIAN_POINT('',(28.7,1.7,5.45));
#8425 = SURFACE_CURVE('',#8426,(#8430,#8437),.PCURVE_S1.);
#8426 = LINE('',#8427,#8428);
#8427 = CARTESIAN_POINT('',(28.7,0.55,5.45));
#8428 = VECTOR('',#8429,1.);
#8429 = DIRECTION('',(0.,1.,0.));
#8430 = PCURVE('',#5219,#8431);
#8431 = DEFINITIONAL_REPRESENTATION('',(#8432),#8436);
#8432 = LINE('',#8433,#8434);
#8433 = CARTESIAN_POINT('',(1.15,0.));
#8434 = VECTOR('',#8435,1.);
#8435 = DIRECTION('',(0.,-1.));
#8436 = ( GEOMETRIC_REPRESENTATION_CONTEXT(2) 
PARAMETRIC_REPRESENTATION_CONTEXT() REPRESENTATION_CONTEXT('2D SPACE',''
  ) );
#8437 = PCURVE('',#8438,#8443);
#8438 = PLANE('',#8439);
#8439 = AXIS2_PLACEMENT_3D('',#8440,#8441,#8442);
#8440 = CARTESIAN_POINT('',(28.7,0.55,5.45));
#8441 = DIRECTION('',(0.,0.,1.));
#8442 = DIRECTION('',(1.,0.,0.));
#8443 = DEFINITIONAL_REPRESENTATION('',(#8444),#8448);
#8444 = LINE('',#8445,#8446);
#8445 = CARTESIAN_POINT('',(0.,0.));
#8446 = VECTOR('',#8447,1.);
#8447 = DIRECTION('',(0.,1.));
#8448 = ( GEOMETRIC_REPRESENTATION_CONTEXT(2) 
PARAMETRIC_REPRESENTATION_CONTEXT() REPRESENTATION_CONTEXT('2D SPACE',''
  ) );
#8449 = ORIENTED_EDGE('',*,*,#8450,.T.);
#8450 = EDGE_CURVE('',#8421,#5179,#8451,.T.);
#8451 = SURFACE_CURVE('',#8452,(#8456,#8462),.PCURVE_S1.);
#8452 = LINE('',#8453,#8454);
#8453 = CARTESIAN_POINT('',(28.7,0.7,0.15));
#8454 = VECTOR('',#8455,1.);
#8455 = DIRECTION('',(0.,0.,-1.));
#8456 = PCURVE('',#5219,#8457);
#8457 = DEFINITIONAL_REPRESENTATION('',(#8458),#8461);
#8458 = B_SPLINE_CURVE_WITH_KNOTS('',1,(#8459,#8460),.UNSPECIFIED.,.F.,
  .F.,(2,2),(-5.3,-4.25),.PIECEWISE_BEZIER_KNOTS.);
#8459 = CARTESIAN_POINT('',(1.15,-0.15));
#8460 = CARTESIAN_POINT('',(1.E-01,-0.15));
#8461 = ( GEOMETRIC_REPRESENTATION_CONTEXT(2) 
PARAMETRIC_REPRESENTATION_CONTEXT() REPRESENTATION_CONTEXT('2D SPACE',''
  ) );
#8462 = PCURVE('',#5193,#8463);
#8463 = DEFINITIONAL_REPRESENTATION('',(#8464),#8467);
#8464 = B_SPLINE_CURVE_WITH_KNOTS('',1,(#8465,#8466),.UNSPECIFIED.,.F.,
  .F.,(2,2),(-5.3,-4.25),.PIECEWISE_BEZIER_KNOTS.);
#8465 = CARTESIAN_POINT('',(9.45,29.3));
#8466 = CARTESIAN_POINT('',(8.4,29.3));
#8467 = ( GEOMETRIC_REPRESENTATION_CONTEXT(2) 
PARAMETRIC_REPRESENTATION_CONTEXT() REPRESENTATION_CONTEXT('2D SPACE',''
  ) );
#8468 = ORIENTED_EDGE('',*,*,#5204,.T.);
#8469 = ORIENTED_EDGE('',*,*,#8470,.T.);
#8470 = EDGE_CURVE('',#5205,#8423,#8471,.T.);
#8471 = SURFACE_CURVE('',#8472,(#8476,#8483),.PCURVE_S1.);
#8472 = LINE('',#8473,#8474);
#8473 = CARTESIAN_POINT('',(28.7,1.7,4.3));
#8474 = VECTOR('',#8475,1.);
#8475 = DIRECTION('',(0.,0.,1.));
#8476 = PCURVE('',#5219,#8477);
#8477 = DEFINITIONAL_REPRESENTATION('',(#8478),#8482);
#8478 = LINE('',#8479,#8480);
#8479 = CARTESIAN_POINT('',(0.,-1.15));
#8480 = VECTOR('',#8481,1.);
#8481 = DIRECTION('',(1.,0.));
#8482 = ( GEOMETRIC_REPRESENTATION_CONTEXT(2) 
PARAMETRIC_REPRESENTATION_CONTEXT() REPRESENTATION_CONTEXT('2D SPACE',''
  ) );
#8483 = PCURVE('',#5245,#8484);
#8484 = DEFINITIONAL_REPRESENTATION('',(#8485),#8489);
#8485 = LINE('',#8486,#8487);
#8486 = CARTESIAN_POINT('',(0.,0.));
#8487 = VECTOR('',#8488,1.);
#8488 = DIRECTION('',(1.,0.));
#8489 = ( GEOMETRIC_REPRESENTATION_CONTEXT(2) 
PARAMETRIC_REPRESENTATION_CONTEXT() REPRESENTATION_CONTEXT('2D SPACE',''
  ) );
#8490 = ADVANCED_FACE('',(#8491),#8438,.F.);
#8491 = FACE_BOUND('',#8492,.F.);
#8492 = EDGE_LOOP('',(#8493,#8494,#8515,#8538));
#8493 = ORIENTED_EDGE('',*,*,#8420,.F.);
#8494 = ORIENTED_EDGE('',*,*,#8495,.T.);
#8495 = EDGE_CURVE('',#8421,#8496,#8498,.T.);
#8496 = VERTEX_POINT('',#8497);
#8497 = CARTESIAN_POINT('',(39.3,0.7,5.45));
#8498 = SURFACE_CURVE('',#8499,(#8503,#8509),.PCURVE_S1.);
#8499 = LINE('',#8500,#8501);
#8500 = CARTESIAN_POINT('',(14.05,0.7,5.45));
#8501 = VECTOR('',#8502,1.);
#8502 = DIRECTION('',(1.,0.,0.));
#8503 = PCURVE('',#8438,#8504);
#8504 = DEFINITIONAL_REPRESENTATION('',(#8505),#8508);
#8505 = B_SPLINE_CURVE_WITH_KNOTS('',1,(#8506,#8507),.UNSPECIFIED.,.F.,
  .F.,(2,2),(14.65,25.25),.PIECEWISE_BEZIER_KNOTS.);
#8506 = CARTESIAN_POINT('',(0.,0.15));
#8507 = CARTESIAN_POINT('',(10.6,0.15));
#8508 = ( GEOMETRIC_REPRESENTATION_CONTEXT(2) 
PARAMETRIC_REPRESENTATION_CONTEXT() REPRESENTATION_CONTEXT('2D SPACE',''
  ) );
#8509 = PCURVE('',#5193,#8510);
#8510 = DEFINITIONAL_REPRESENTATION('',(#8511),#8514);
#8511 = B_SPLINE_CURVE_WITH_KNOTS('',1,(#8512,#8513),.UNSPECIFIED.,.F.,
  .F.,(2,2),(14.65,25.25),.PIECEWISE_BEZIER_KNOTS.);
#8512 = CARTESIAN_POINT('',(9.45,29.3));
#8513 = CARTESIAN_POINT('',(9.45,39.9));
#8514 = ( GEOMETRIC_REPRESENTATION_CONTEXT(2) 
PARAMETRIC_REPRESENTATION_CONTEXT() REPRESENTATION_CONTEXT('2D SPACE',''
  ) );
#8515 = ORIENTED_EDGE('',*,*,#8516,.T.);
#8516 = EDGE_CURVE('',#8496,#8517,#8519,.T.);
#8517 = VERTEX_POINT('',#8518);
#8518 = CARTESIAN_POINT('',(39.3,1.7,5.45));
#8519 = SURFACE_CURVE('',#8520,(#8524,#8531),.PCURVE_S1.);
#8520 = LINE('',#8521,#8522);
#8521 = CARTESIAN_POINT('',(39.3,0.55,5.45));
#8522 = VECTOR('',#8523,1.);
#8523 = DIRECTION('',(0.,1.,0.));
#8524 = PCURVE('',#8438,#8525);
#8525 = DEFINITIONAL_REPRESENTATION('',(#8526),#8530);
#8526 = LINE('',#8527,#8528);
#8527 = CARTESIAN_POINT('',(10.6,0.));
#8528 = VECTOR('',#8529,1.);
#8529 = DIRECTION('',(0.,1.));
#8530 = ( GEOMETRIC_REPRESENTATION_CONTEXT(2) 
PARAMETRIC_REPRESENTATION_CONTEXT() REPRESENTATION_CONTEXT('2D SPACE',''
  ) );
#8531 = PCURVE('',#5271,#8532);
#8532 = DEFINITIONAL_REPRESENTATION('',(#8533),#8537);
#8533 = LINE('',#8534,#8535);
#8534 = CARTESIAN_POINT('',(1.15,0.));
#8535 = VECTOR('',#8536,1.);
#8536 = DIRECTION('',(0.,-1.));
#8537 = ( GEOMETRIC_REPRESENTATION_CONTEXT(2) 
PARAMETRIC_REPRESENTATION_CONTEXT() REPRESENTATION_CONTEXT('2D SPACE',''
  ) );
#8538 = ORIENTED_EDGE('',*,*,#8539,.F.);
#8539 = EDGE_CURVE('',#8423,#8517,#8540,.T.);
#8540 = SURFACE_CURVE('',#8541,(#8545,#8552),.PCURVE_S1.);
#8541 = LINE('',#8542,#8543);
#8542 = CARTESIAN_POINT('',(28.7,1.7,5.45));
#8543 = VECTOR('',#8544,1.);
#8544 = DIRECTION('',(1.,0.,0.));
#8545 = PCURVE('',#8438,#8546);
#8546 = DEFINITIONAL_REPRESENTATION('',(#8547),#8551);
#8547 = LINE('',#8548,#8549);
#8548 = CARTESIAN_POINT('',(0.,1.15));
#8549 = VECTOR('',#8550,1.);
#8550 = DIRECTION('',(1.,0.));
#8551 = ( GEOMETRIC_REPRESENTATION_CONTEXT(2) 
PARAMETRIC_REPRESENTATION_CONTEXT() REPRESENTATION_CONTEXT('2D SPACE',''
  ) );
#8552 = PCURVE('',#5245,#8553);
#8553 = DEFINITIONAL_REPRESENTATION('',(#8554),#8558);
#8554 = LINE('',#8555,#8556);
#8555 = CARTESIAN_POINT('',(1.15,0.));
#8556 = VECTOR('',#8557,1.);
#8557 = DIRECTION('',(0.,1.));
#8558 = ( GEOMETRIC_REPRESENTATION_CONTEXT(2) 
PARAMETRIC_REPRESENTATION_CONTEXT() REPRESENTATION_CONTEXT('2D SPACE',''
  ) );
#8559 = ADVANCED_FACE('',(#8560),#5245,.F.);
#8560 = FACE_BOUND('',#8561,.F.);
#8561 = EDGE_LOOP('',(#8562,#8583,#8584,#8585));
#8562 = ORIENTED_EDGE('',*,*,#8563,.F.);
#8563 = EDGE_CURVE('',#5231,#8517,#8564,.T.);
#8564 = SURFACE_CURVE('',#8565,(#8569,#8576),.PCURVE_S1.);
#8565 = LINE('',#8566,#8567);
#8566 = CARTESIAN_POINT('',(39.3,1.7,4.3));
#8567 = VECTOR('',#8568,1.);
#8568 = DIRECTION('',(0.,0.,1.));
#8569 = PCURVE('',#5245,#8570);
#8570 = DEFINITIONAL_REPRESENTATION('',(#8571),#8575);
#8571 = LINE('',#8572,#8573);
#8572 = CARTESIAN_POINT('',(0.,10.6));
#8573 = VECTOR('',#8574,1.);
#8574 = DIRECTION('',(1.,0.));
#8575 = ( GEOMETRIC_REPRESENTATION_CONTEXT(2) 
PARAMETRIC_REPRESENTATION_CONTEXT() REPRESENTATION_CONTEXT('2D SPACE',''
  ) );
#8576 = PCURVE('',#5271,#8577);
#8577 = DEFINITIONAL_REPRESENTATION('',(#8578),#8582);
#8578 = LINE('',#8579,#8580);
#8579 = CARTESIAN_POINT('',(0.,-1.15));
#8580 = VECTOR('',#8581,1.);
#8581 = DIRECTION('',(1.,0.));
#8582 = ( GEOMETRIC_REPRESENTATION_CONTEXT(2) 
PARAMETRIC_REPRESENTATION_CONTEXT() REPRESENTATION_CONTEXT('2D SPACE',''
  ) );
#8583 = ORIENTED_EDGE('',*,*,#5230,.T.);
#8584 = ORIENTED_EDGE('',*,*,#8470,.T.);
#8585 = ORIENTED_EDGE('',*,*,#8539,.T.);
#8586 = ADVANCED_FACE('',(#8587),#5271,.F.);
#8587 = FACE_BOUND('',#8588,.F.);
#8588 = EDGE_LOOP('',(#8589,#8590,#8609,#8610));
#8589 = ORIENTED_EDGE('',*,*,#8516,.F.);
#8590 = ORIENTED_EDGE('',*,*,#8591,.T.);
#8591 = EDGE_CURVE('',#8496,#5257,#8592,.T.);
#8592 = SURFACE_CURVE('',#8593,(#8597,#8603),.PCURVE_S1.);
#8593 = LINE('',#8594,#8595);
#8594 = CARTESIAN_POINT('',(39.3,0.7,0.15));
#8595 = VECTOR('',#8596,1.);
#8596 = DIRECTION('',(0.,0.,-1.));
#8597 = PCURVE('',#5271,#8598);
#8598 = DEFINITIONAL_REPRESENTATION('',(#8599),#8602);
#8599 = B_SPLINE_CURVE_WITH_KNOTS('',1,(#8600,#8601),.UNSPECIFIED.,.F.,
  .F.,(2,2),(-5.3,-4.25),.PIECEWISE_BEZIER_KNOTS.);
#8600 = CARTESIAN_POINT('',(1.15,-0.15));
#8601 = CARTESIAN_POINT('',(1.E-01,-0.15));
#8602 = ( GEOMETRIC_REPRESENTATION_CONTEXT(2) 
PARAMETRIC_REPRESENTATION_CONTEXT() REPRESENTATION_CONTEXT('2D SPACE',''
  ) );
#8603 = PCURVE('',#5193,#8604);
#8604 = DEFINITIONAL_REPRESENTATION('',(#8605),#8608);
#8605 = B_SPLINE_CURVE_WITH_KNOTS('',1,(#8606,#8607),.UNSPECIFIED.,.F.,
  .F.,(2,2),(-5.3,-4.25),.PIECEWISE_BEZIER_KNOTS.);
#8606 = CARTESIAN_POINT('',(9.45,39.9));
#8607 = CARTESIAN_POINT('',(8.4,39.9));
#8608 = ( GEOMETRIC_REPRESENTATION_CONTEXT(2) 
PARAMETRIC_REPRESENTATION_CONTEXT() REPRESENTATION_CONTEXT('2D SPACE',''
  ) );
#8609 = ORIENTED_EDGE('',*,*,#5256,.T.);
#8610 = ORIENTED_EDGE('',*,*,#8563,.T.);
#8611 = ADVANCED_FACE('',(#8612),#5193,.F.);
#8612 = FACE_BOUND('',#8613,.F.);
#8613 = EDGE_LOOP('',(#8614,#8637,#8656,#8657,#8658,#8659,#8660,#8661));
#8614 = ORIENTED_EDGE('',*,*,#8615,.T.);
#8615 = EDGE_CURVE('',#8378,#8616,#8618,.T.);
#8616 = VERTEX_POINT('',#8617);
#8617 = CARTESIAN_POINT('',(44.,0.7,6.6));
#8618 = SURFACE_CURVE('',#8619,(#8623,#8630),.PCURVE_S1.);
#8619 = LINE('',#8620,#8621);
#8620 = CARTESIAN_POINT('',(-0.6,0.7,6.6));
#8621 = VECTOR('',#8622,1.);
#8622 = DIRECTION('',(1.,0.,0.));
#8623 = PCURVE('',#5193,#8624);
#8624 = DEFINITIONAL_REPRESENTATION('',(#8625),#8629);
#8625 = LINE('',#8626,#8627);
#8626 = CARTESIAN_POINT('',(10.6,0.));
#8627 = VECTOR('',#8628,1.);
#8628 = DIRECTION('',(0.,1.));
#8629 = ( GEOMETRIC_REPRESENTATION_CONTEXT(2) 
PARAMETRIC_REPRESENTATION_CONTEXT() REPRESENTATION_CONTEXT('2D SPACE',''
  ) );
#8630 = PCURVE('',#2335,#8631);
#8631 = DEFINITIONAL_REPRESENTATION('',(#8632),#8636);
#8632 = LINE('',#8633,#8634);
#8633 = CARTESIAN_POINT('',(0.,22.55));
#8634 = VECTOR('',#8635,1.);
#8635 = DIRECTION('',(1.,0.));
#8636 = ( GEOMETRIC_REPRESENTATION_CONTEXT(2) 
PARAMETRIC_REPRESENTATION_CONTEXT() REPRESENTATION_CONTEXT('2D SPACE',''
  ) );
#8637 = ORIENTED_EDGE('',*,*,#8638,.T.);
#8638 = EDGE_CURVE('',#8616,#5283,#8639,.T.);
#8639 = SURFACE_CURVE('',#8640,(#8644,#8650),.PCURVE_S1.);
#8640 = LINE('',#8641,#8642);
#8641 = CARTESIAN_POINT('',(44.,0.7,-1.1));
#8642 = VECTOR('',#8643,1.);
#8643 = DIRECTION('',(0.,0.,-1.));
#8644 = PCURVE('',#5193,#8645);
#8645 = DEFINITIONAL_REPRESENTATION('',(#8646),#8649);
#8646 = B_SPLINE_CURVE_WITH_KNOTS('',1,(#8647,#8648),.UNSPECIFIED.,.F.,
  .F.,(2,2),(-7.7,-5.5),.PIECEWISE_BEZIER_KNOTS.);
#8647 = CARTESIAN_POINT('',(10.6,44.6));
#8648 = CARTESIAN_POINT('',(8.4,44.6));
#8649 = ( GEOMETRIC_REPRESENTATION_CONTEXT(2) 
PARAMETRIC_REPRESENTATION_CONTEXT() REPRESENTATION_CONTEXT('2D SPACE',''
  ) );
#8650 = PCURVE('',#5318,#8651);
#8651 = DEFINITIONAL_REPRESENTATION('',(#8652),#8655);
#8652 = B_SPLINE_CURVE_WITH_KNOTS('',1,(#8653,#8654),.UNSPECIFIED.,.F.,
  .F.,(2,2),(-7.7,-5.5),.PIECEWISE_BEZIER_KNOTS.);
#8653 = CARTESIAN_POINT('',(4.8,-1.25));
#8654 = CARTESIAN_POINT('',(2.6,-1.25));
#8655 = ( GEOMETRIC_REPRESENTATION_CONTEXT(2) 
PARAMETRIC_REPRESENTATION_CONTEXT() REPRESENTATION_CONTEXT('2D SPACE',''
  ) );
#8656 = ORIENTED_EDGE('',*,*,#5282,.T.);
#8657 = ORIENTED_EDGE('',*,*,#8591,.F.);
#8658 = ORIENTED_EDGE('',*,*,#8495,.F.);
#8659 = ORIENTED_EDGE('',*,*,#8450,.T.);
#8660 = ORIENTED_EDGE('',*,*,#5178,.T.);
#8661 = ORIENTED_EDGE('',*,*,#8377,.F.);
#8662 = ADVANCED_FACE('',(#8663),#5318,.F.);
#8663 = FACE_BOUND('',#8664,.F.);
#8664 = EDGE_LOOP('',(#8665,#8695,#8723,#8744,#8745,#8746));
#8665 = ORIENTED_EDGE('',*,*,#8666,.F.);
#8666 = EDGE_CURVE('',#8667,#8669,#8671,.T.);
#8667 = VERTEX_POINT('',#8668);
#8668 = CARTESIAN_POINT('',(44.,-0.55,1.8));
#8669 = VERTEX_POINT('',#8670);
#8670 = CARTESIAN_POINT('',(44.,-0.55,6.6));
#8671 = SURFACE_CURVE('',#8672,(#8676,#8683),.PCURVE_S1.);
#8672 = LINE('',#8673,#8674);
#8673 = CARTESIAN_POINT('',(44.,-0.55,1.8));
#8674 = VECTOR('',#8675,1.);
#8675 = DIRECTION('',(0.,0.,1.));
#8676 = PCURVE('',#5318,#8677);
#8677 = DEFINITIONAL_REPRESENTATION('',(#8678),#8682);
#8678 = LINE('',#8679,#8680);
#8679 = CARTESIAN_POINT('',(0.,0.));
#8680 = VECTOR('',#8681,1.);
#8681 = DIRECTION('',(1.,0.));
#8682 = ( GEOMETRIC_REPRESENTATION_CONTEXT(2) 
PARAMETRIC_REPRESENTATION_CONTEXT() REPRESENTATION_CONTEXT('2D SPACE',''
  ) );
#8683 = PCURVE('',#8684,#8689);
#8684 = PLANE('',#8685);
#8685 = AXIS2_PLACEMENT_3D('',#8686,#8687,#8688);
#8686 = CARTESIAN_POINT('',(44.,-0.55,1.8));
#8687 = DIRECTION('',(0.,1.,0.));
#8688 = DIRECTION('',(0.,0.,1.));
#8689 = DEFINITIONAL_REPRESENTATION('',(#8690),#8694);
#8690 = LINE('',#8691,#8692);
#8691 = CARTESIAN_POINT('',(0.,0.));
#8692 = VECTOR('',#8693,1.);
#8693 = DIRECTION('',(1.,0.));
#8694 = ( GEOMETRIC_REPRESENTATION_CONTEXT(2) 
PARAMETRIC_REPRESENTATION_CONTEXT() REPRESENTATION_CONTEXT('2D SPACE',''
  ) );
#8695 = ORIENTED_EDGE('',*,*,#8696,.T.);
#8696 = EDGE_CURVE('',#8667,#8697,#8699,.T.);
#8697 = VERTEX_POINT('',#8698);
#8698 = CARTESIAN_POINT('',(44.,1.15,1.8));
#8699 = SURFACE_CURVE('',#8700,(#8704,#8711),.PCURVE_S1.);
#8700 = LINE('',#8701,#8702);
#8701 = CARTESIAN_POINT('',(44.,-0.55,1.8));
#8702 = VECTOR('',#8703,1.);
#8703 = DIRECTION('',(0.,1.,0.));
#8704 = PCURVE('',#5318,#8705);
#8705 = DEFINITIONAL_REPRESENTATION('',(#8706),#8710);
#8706 = LINE('',#8707,#8708);
#8707 = CARTESIAN_POINT('',(0.,0.));
#8708 = VECTOR('',#8709,1.);
#8709 = DIRECTION('',(0.,-1.));
#8710 = ( GEOMETRIC_REPRESENTATION_CONTEXT(2) 
PARAMETRIC_REPRESENTATION_CONTEXT() REPRESENTATION_CONTEXT('2D SPACE',''
  ) );
#8711 = PCURVE('',#8712,#8717);
#8712 = PLANE('',#8713);
#8713 = AXIS2_PLACEMENT_3D('',#8714,#8715,#8716);
#8714 = CARTESIAN_POINT('',(44.,-0.55,1.8));
#8715 = DIRECTION('',(0.,0.,1.));
#8716 = DIRECTION('',(1.,0.,0.));
#8717 = DEFINITIONAL_REPRESENTATION('',(#8718),#8722);
#8718 = LINE('',#8719,#8720);
#8719 = CARTESIAN_POINT('',(0.,0.));
#8720 = VECTOR('',#8721,1.);
#8721 = DIRECTION('',(0.,1.));
#8722 = ( GEOMETRIC_REPRESENTATION_CONTEXT(2) 
PARAMETRIC_REPRESENTATION_CONTEXT() REPRESENTATION_CONTEXT('2D SPACE',''
  ) );
#8723 = ORIENTED_EDGE('',*,*,#8724,.T.);
#8724 = EDGE_CURVE('',#8697,#5304,#8725,.T.);
#8725 = SURFACE_CURVE('',#8726,(#8730,#8737),.PCURVE_S1.);
#8726 = LINE('',#8727,#8728);
#8727 = CARTESIAN_POINT('',(44.,1.15,1.8));
#8728 = VECTOR('',#8729,1.);
#8729 = DIRECTION('',(0.,0.,1.));
#8730 = PCURVE('',#5318,#8731);
#8731 = DEFINITIONAL_REPRESENTATION('',(#8732),#8736);
#8732 = LINE('',#8733,#8734);
#8733 = CARTESIAN_POINT('',(0.,-1.7));
#8734 = VECTOR('',#8735,1.);
#8735 = DIRECTION('',(1.,0.));
#8736 = ( GEOMETRIC_REPRESENTATION_CONTEXT(2) 
PARAMETRIC_REPRESENTATION_CONTEXT() REPRESENTATION_CONTEXT('2D SPACE',''
  ) );
#8737 = PCURVE('',#5344,#8738);
#8738 = DEFINITIONAL_REPRESENTATION('',(#8739),#8743);
#8739 = LINE('',#8740,#8741);
#8740 = CARTESIAN_POINT('',(0.,0.));
#8741 = VECTOR('',#8742,1.);
#8742 = DIRECTION('',(1.,0.));
#8743 = ( GEOMETRIC_REPRESENTATION_CONTEXT(2) 
PARAMETRIC_REPRESENTATION_CONTEXT() REPRESENTATION_CONTEXT('2D SPACE',''
  ) );
#8744 = ORIENTED_EDGE('',*,*,#5303,.F.);
#8745 = ORIENTED_EDGE('',*,*,#8638,.F.);
#8746 = ORIENTED_EDGE('',*,*,#8747,.F.);
#8747 = EDGE_CURVE('',#8669,#8616,#8748,.T.);
#8748 = SURFACE_CURVE('',#8749,(#8753,#8759),.PCURVE_S1.);
#8749 = LINE('',#8750,#8751);
#8750 = CARTESIAN_POINT('',(44.,-11.2,6.6));
#8751 = VECTOR('',#8752,1.);
#8752 = DIRECTION('',(0.,1.,0.));
#8753 = PCURVE('',#5318,#8754);
#8754 = DEFINITIONAL_REPRESENTATION('',(#8755),#8758);
#8755 = B_SPLINE_CURVE_WITH_KNOTS('',1,(#8756,#8757),.UNSPECIFIED.,.F.,
  .F.,(2,2),(10.65,11.9),.PIECEWISE_BEZIER_KNOTS.);
#8756 = CARTESIAN_POINT('',(4.8,0.));
#8757 = CARTESIAN_POINT('',(4.8,-1.25));
#8758 = ( GEOMETRIC_REPRESENTATION_CONTEXT(2) 
PARAMETRIC_REPRESENTATION_CONTEXT() REPRESENTATION_CONTEXT('2D SPACE',''
  ) );
#8759 = PCURVE('',#2335,#8760);
#8760 = DEFINITIONAL_REPRESENTATION('',(#8761),#8764);
#8761 = B_SPLINE_CURVE_WITH_KNOTS('',1,(#8762,#8763),.UNSPECIFIED.,.F.,
  .F.,(2,2),(10.65,11.9),.PIECEWISE_BEZIER_KNOTS.);
#8762 = CARTESIAN_POINT('',(44.6,21.3));
#8763 = CARTESIAN_POINT('',(44.6,22.55));
#8764 = ( GEOMETRIC_REPRESENTATION_CONTEXT(2) 
PARAMETRIC_REPRESENTATION_CONTEXT() REPRESENTATION_CONTEXT('2D SPACE',''
  ) );
#8765 = ADVANCED_FACE('',(#8766),#8712,.F.);
#8766 = FACE_BOUND('',#8767,.F.);
#8767 = EDGE_LOOP('',(#8768,#8769,#8792,#8815));
#8768 = ORIENTED_EDGE('',*,*,#8696,.F.);
#8769 = ORIENTED_EDGE('',*,*,#8770,.T.);
#8770 = EDGE_CURVE('',#8667,#8771,#8773,.T.);
#8771 = VERTEX_POINT('',#8772);
#8772 = CARTESIAN_POINT('',(46.,-0.55,1.8));
#8773 = SURFACE_CURVE('',#8774,(#8778,#8785),.PCURVE_S1.);
#8774 = LINE('',#8775,#8776);
#8775 = CARTESIAN_POINT('',(44.,-0.55,1.8));
#8776 = VECTOR('',#8777,1.);
#8777 = DIRECTION('',(1.,0.,0.));
#8778 = PCURVE('',#8712,#8779);
#8779 = DEFINITIONAL_REPRESENTATION('',(#8780),#8784);
#8780 = LINE('',#8781,#8782);
#8781 = CARTESIAN_POINT('',(0.,0.));
#8782 = VECTOR('',#8783,1.);
#8783 = DIRECTION('',(1.,0.));
#8784 = ( GEOMETRIC_REPRESENTATION_CONTEXT(2) 
PARAMETRIC_REPRESENTATION_CONTEXT() REPRESENTATION_CONTEXT('2D SPACE',''
  ) );
#8785 = PCURVE('',#8684,#8786);
#8786 = DEFINITIONAL_REPRESENTATION('',(#8787),#8791);
#8787 = LINE('',#8788,#8789);
#8788 = CARTESIAN_POINT('',(0.,0.));
#8789 = VECTOR('',#8790,1.);
#8790 = DIRECTION('',(0.,1.));
#8791 = ( GEOMETRIC_REPRESENTATION_CONTEXT(2) 
PARAMETRIC_REPRESENTATION_CONTEXT() REPRESENTATION_CONTEXT('2D SPACE',''
  ) );
#8792 = ORIENTED_EDGE('',*,*,#8793,.T.);
#8793 = EDGE_CURVE('',#8771,#8794,#8796,.T.);
#8794 = VERTEX_POINT('',#8795);
#8795 = CARTESIAN_POINT('',(46.,1.15,1.8));
#8796 = SURFACE_CURVE('',#8797,(#8801,#8808),.PCURVE_S1.);
#8797 = LINE('',#8798,#8799);
#8798 = CARTESIAN_POINT('',(46.,-0.55,1.8));
#8799 = VECTOR('',#8800,1.);
#8800 = DIRECTION('',(0.,1.,0.));
#8801 = PCURVE('',#8712,#8802);
#8802 = DEFINITIONAL_REPRESENTATION('',(#8803),#8807);
#8803 = LINE('',#8804,#8805);
#8804 = CARTESIAN_POINT('',(2.,0.));
#8805 = VECTOR('',#8806,1.);
#8806 = DIRECTION('',(0.,1.));
#8807 = ( GEOMETRIC_REPRESENTATION_CONTEXT(2) 
PARAMETRIC_REPRESENTATION_CONTEXT() REPRESENTATION_CONTEXT('2D SPACE',''
  ) );
#8808 = PCURVE('',#5370,#8809);
#8809 = DEFINITIONAL_REPRESENTATION('',(#8810),#8814);
#8810 = LINE('',#8811,#8812);
#8811 = CARTESIAN_POINT('',(0.,0.));
#8812 = VECTOR('',#8813,1.);
#8813 = DIRECTION('',(0.,-1.));
#8814 = ( GEOMETRIC_REPRESENTATION_CONTEXT(2) 
PARAMETRIC_REPRESENTATION_CONTEXT() REPRESENTATION_CONTEXT('2D SPACE',''
  ) );
#8815 = ORIENTED_EDGE('',*,*,#8816,.F.);
#8816 = EDGE_CURVE('',#8697,#8794,#8817,.T.);
#8817 = SURFACE_CURVE('',#8818,(#8822,#8829),.PCURVE_S1.);
#8818 = LINE('',#8819,#8820);
#8819 = CARTESIAN_POINT('',(44.,1.15,1.8));
#8820 = VECTOR('',#8821,1.);
#8821 = DIRECTION('',(1.,0.,0.));
#8822 = PCURVE('',#8712,#8823);
#8823 = DEFINITIONAL_REPRESENTATION('',(#8824),#8828);
#8824 = LINE('',#8825,#8826);
#8825 = CARTESIAN_POINT('',(0.,1.7));
#8826 = VECTOR('',#8827,1.);
#8827 = DIRECTION('',(1.,0.));
#8828 = ( GEOMETRIC_REPRESENTATION_CONTEXT(2) 
PARAMETRIC_REPRESENTATION_CONTEXT() REPRESENTATION_CONTEXT('2D SPACE',''
  ) );
#8829 = PCURVE('',#5344,#8830);
#8830 = DEFINITIONAL_REPRESENTATION('',(#8831),#8835);
#8831 = LINE('',#8832,#8833);
#8832 = CARTESIAN_POINT('',(0.,0.));
#8833 = VECTOR('',#8834,1.);
#8834 = DIRECTION('',(0.,1.));
#8835 = ( GEOMETRIC_REPRESENTATION_CONTEXT(2) 
PARAMETRIC_REPRESENTATION_CONTEXT() REPRESENTATION_CONTEXT('2D SPACE',''
  ) );
#8836 = ADVANCED_FACE('',(#8837),#8684,.F.);
#8837 = FACE_BOUND('',#8838,.F.);
#8838 = EDGE_LOOP('',(#8839,#8862,#8863,#8864));
#8839 = ORIENTED_EDGE('',*,*,#8840,.F.);
#8840 = EDGE_CURVE('',#8771,#8841,#8843,.T.);
#8841 = VERTEX_POINT('',#8842);
#8842 = CARTESIAN_POINT('',(46.,-0.55,6.6));
#8843 = SURFACE_CURVE('',#8844,(#8848,#8855),.PCURVE_S1.);
#8844 = LINE('',#8845,#8846);
#8845 = CARTESIAN_POINT('',(46.,-0.55,1.8));
#8846 = VECTOR('',#8847,1.);
#8847 = DIRECTION('',(0.,0.,1.));
#8848 = PCURVE('',#8684,#8849);
#8849 = DEFINITIONAL_REPRESENTATION('',(#8850),#8854);
#8850 = LINE('',#8851,#8852);
#8851 = CARTESIAN_POINT('',(0.,2.));
#8852 = VECTOR('',#8853,1.);
#8853 = DIRECTION('',(1.,0.));
#8854 = ( GEOMETRIC_REPRESENTATION_CONTEXT(2) 
PARAMETRIC_REPRESENTATION_CONTEXT() REPRESENTATION_CONTEXT('2D SPACE',''
  ) );
#8855 = PCURVE('',#5370,#8856);
#8856 = DEFINITIONAL_REPRESENTATION('',(#8857),#8861);
#8857 = LINE('',#8858,#8859);
#8858 = CARTESIAN_POINT('',(0.,0.));
#8859 = VECTOR('',#8860,1.);
#8860 = DIRECTION('',(1.,0.));
#8861 = ( GEOMETRIC_REPRESENTATION_CONTEXT(2) 
PARAMETRIC_REPRESENTATION_CONTEXT() REPRESENTATION_CONTEXT('2D SPACE',''
  ) );
#8862 = ORIENTED_EDGE('',*,*,#8770,.F.);
#8863 = ORIENTED_EDGE('',*,*,#8666,.T.);
#8864 = ORIENTED_EDGE('',*,*,#8865,.F.);
#8865 = EDGE_CURVE('',#8841,#8669,#8866,.T.);
#8866 = SURFACE_CURVE('',#8867,(#8871,#8877),.PCURVE_S1.);
#8867 = LINE('',#8868,#8869);
#8868 = CARTESIAN_POINT('',(21.7,-0.55,6.6));
#8869 = VECTOR('',#8870,1.);
#8870 = DIRECTION('',(-1.,0.,0.));
#8871 = PCURVE('',#8684,#8872);
#8872 = DEFINITIONAL_REPRESENTATION('',(#8873),#8876);
#8873 = B_SPLINE_CURVE_WITH_KNOTS('',1,(#8874,#8875),.UNSPECIFIED.,.F.,
  .F.,(2,2),(-24.3,-22.3),.PIECEWISE_BEZIER_KNOTS.);
#8874 = CARTESIAN_POINT('',(4.8,2.));
#8875 = CARTESIAN_POINT('',(4.8,0.));
#8876 = ( GEOMETRIC_REPRESENTATION_CONTEXT(2) 
PARAMETRIC_REPRESENTATION_CONTEXT() REPRESENTATION_CONTEXT('2D SPACE',''
  ) );
#8877 = PCURVE('',#2335,#8878);
#8878 = DEFINITIONAL_REPRESENTATION('',(#8879),#8882);
#8879 = B_SPLINE_CURVE_WITH_KNOTS('',1,(#8880,#8881),.UNSPECIFIED.,.F.,
  .F.,(2,2),(-24.3,-22.3),.PIECEWISE_BEZIER_KNOTS.);
#8880 = CARTESIAN_POINT('',(46.6,21.3));
#8881 = CARTESIAN_POINT('',(44.6,21.3));
#8882 = ( GEOMETRIC_REPRESENTATION_CONTEXT(2) 
PARAMETRIC_REPRESENTATION_CONTEXT() REPRESENTATION_CONTEXT('2D SPACE',''
  ) );
#8883 = ADVANCED_FACE('',(#8884),#5344,.T.);
#8884 = FACE_BOUND('',#8885,.T.);
#8885 = EDGE_LOOP('',(#8886,#8907,#8908,#8909));
#8886 = ORIENTED_EDGE('',*,*,#8887,.F.);
#8887 = EDGE_CURVE('',#8794,#5330,#8888,.T.);
#8888 = SURFACE_CURVE('',#8889,(#8893,#8900),.PCURVE_S1.);
#8889 = LINE('',#8890,#8891);
#8890 = CARTESIAN_POINT('',(46.,1.15,1.8));
#8891 = VECTOR('',#8892,1.);
#8892 = DIRECTION('',(0.,0.,1.));
#8893 = PCURVE('',#5344,#8894);
#8894 = DEFINITIONAL_REPRESENTATION('',(#8895),#8899);
#8895 = LINE('',#8896,#8897);
#8896 = CARTESIAN_POINT('',(0.,2.));
#8897 = VECTOR('',#8898,1.);
#8898 = DIRECTION('',(1.,0.));
#8899 = ( GEOMETRIC_REPRESENTATION_CONTEXT(2) 
PARAMETRIC_REPRESENTATION_CONTEXT() REPRESENTATION_CONTEXT('2D SPACE',''
  ) );
#8900 = PCURVE('',#5370,#8901);
#8901 = DEFINITIONAL_REPRESENTATION('',(#8902),#8906);
#8902 = LINE('',#8903,#8904);
#8903 = CARTESIAN_POINT('',(0.,-1.7));
#8904 = VECTOR('',#8905,1.);
#8905 = DIRECTION('',(1.,0.));
#8906 = ( GEOMETRIC_REPRESENTATION_CONTEXT(2) 
PARAMETRIC_REPRESENTATION_CONTEXT() REPRESENTATION_CONTEXT('2D SPACE',''
  ) );
#8907 = ORIENTED_EDGE('',*,*,#8816,.F.);
#8908 = ORIENTED_EDGE('',*,*,#8724,.T.);
#8909 = ORIENTED_EDGE('',*,*,#5329,.F.);
#8910 = ADVANCED_FACE('',(#8911),#5370,.T.);
#8911 = FACE_BOUND('',#8912,.T.);
#8912 = EDGE_LOOP('',(#8913,#8914,#8915,#8916,#8917,#8938));
#8913 = ORIENTED_EDGE('',*,*,#8840,.F.);
#8914 = ORIENTED_EDGE('',*,*,#8793,.T.);
#8915 = ORIENTED_EDGE('',*,*,#8887,.T.);
#8916 = ORIENTED_EDGE('',*,*,#5355,.F.);
#8917 = ORIENTED_EDGE('',*,*,#8918,.F.);
#8918 = EDGE_CURVE('',#8919,#5356,#8921,.T.);
#8919 = VERTEX_POINT('',#8920);
#8920 = CARTESIAN_POINT('',(46.,0.7,6.6));
#8921 = SURFACE_CURVE('',#8922,(#8926,#8932),.PCURVE_S1.);
#8922 = LINE('',#8923,#8924);
#8923 = CARTESIAN_POINT('',(46.,0.7,-1.1));
#8924 = VECTOR('',#8925,1.);
#8925 = DIRECTION('',(0.,0.,-1.));
#8926 = PCURVE('',#5370,#8927);
#8927 = DEFINITIONAL_REPRESENTATION('',(#8928),#8931);
#8928 = B_SPLINE_CURVE_WITH_KNOTS('',1,(#8929,#8930),.UNSPECIFIED.,.F.,
  .F.,(2,2),(-7.7,-5.5),.PIECEWISE_BEZIER_KNOTS.);
#8929 = CARTESIAN_POINT('',(4.8,-1.25));
#8930 = CARTESIAN_POINT('',(2.6,-1.25));
#8931 = ( GEOMETRIC_REPRESENTATION_CONTEXT(2) 
PARAMETRIC_REPRESENTATION_CONTEXT() REPRESENTATION_CONTEXT('2D SPACE',''
  ) );
#8932 = PCURVE('',#5396,#8933);
#8933 = DEFINITIONAL_REPRESENTATION('',(#8934),#8937);
#8934 = B_SPLINE_CURVE_WITH_KNOTS('',1,(#8935,#8936),.UNSPECIFIED.,.F.,
  .F.,(2,2),(-7.7,-5.5),.PIECEWISE_BEZIER_KNOTS.);
#8935 = CARTESIAN_POINT('',(10.6,46.6));
#8936 = CARTESIAN_POINT('',(8.4,46.6));
#8937 = ( GEOMETRIC_REPRESENTATION_CONTEXT(2) 
PARAMETRIC_REPRESENTATION_CONTEXT() REPRESENTATION_CONTEXT('2D SPACE',''
  ) );
#8938 = ORIENTED_EDGE('',*,*,#8939,.F.);
#8939 = EDGE_CURVE('',#8841,#8919,#8940,.T.);
#8940 = SURFACE_CURVE('',#8941,(#8945,#8951),.PCURVE_S1.);
#8941 = LINE('',#8942,#8943);
#8942 = CARTESIAN_POINT('',(46.,-11.2,6.6));
#8943 = VECTOR('',#8944,1.);
#8944 = DIRECTION('',(0.,1.,0.));
#8945 = PCURVE('',#5370,#8946);
#8946 = DEFINITIONAL_REPRESENTATION('',(#8947),#8950);
#8947 = B_SPLINE_CURVE_WITH_KNOTS('',1,(#8948,#8949),.UNSPECIFIED.,.F.,
  .F.,(2,2),(10.65,11.9),.PIECEWISE_BEZIER_KNOTS.);
#8948 = CARTESIAN_POINT('',(4.8,0.));
#8949 = CARTESIAN_POINT('',(4.8,-1.25));
#8950 = ( GEOMETRIC_REPRESENTATION_CONTEXT(2) 
PARAMETRIC_REPRESENTATION_CONTEXT() REPRESENTATION_CONTEXT('2D SPACE',''
  ) );
#8951 = PCURVE('',#2335,#8952);
#8952 = DEFINITIONAL_REPRESENTATION('',(#8953),#8956);
#8953 = B_SPLINE_CURVE_WITH_KNOTS('',1,(#8954,#8955),.UNSPECIFIED.,.F.,
  .F.,(2,2),(10.65,11.9),.PIECEWISE_BEZIER_KNOTS.);
#8954 = CARTESIAN_POINT('',(46.6,21.3));
#8955 = CARTESIAN_POINT('',(46.6,22.55));
#8956 = ( GEOMETRIC_REPRESENTATION_CONTEXT(2) 
PARAMETRIC_REPRESENTATION_CONTEXT() REPRESENTATION_CONTEXT('2D SPACE',''
  ) );
#8957 = ADVANCED_FACE('',(#8958),#5396,.F.);
#8958 = FACE_BOUND('',#8959,.F.);
#8959 = EDGE_LOOP('',(#8960,#8981,#8982,#8983,#9006,#9032));
#8960 = ORIENTED_EDGE('',*,*,#8961,.T.);
#8961 = EDGE_CURVE('',#8962,#5382,#8964,.T.);
#8962 = VERTEX_POINT('',#8963);
#8963 = CARTESIAN_POINT('',(67.,0.7,4.55));
#8964 = SURFACE_CURVE('',#8965,(#8969,#8975),.PCURVE_S1.);
#8965 = LINE('',#8966,#8967);
#8966 = CARTESIAN_POINT('',(67.,0.7,-1.1));
#8967 = VECTOR('',#8968,1.);
#8968 = DIRECTION('',(0.,0.,-1.));
#8969 = PCURVE('',#5396,#8970);
#8970 = DEFINITIONAL_REPRESENTATION('',(#8971),#8974);
#8971 = B_SPLINE_CURVE_WITH_KNOTS('',1,(#8972,#8973),.UNSPECIFIED.,.F.,
  .F.,(2,2),(-7.7,-5.5),.PIECEWISE_BEZIER_KNOTS.);
#8972 = CARTESIAN_POINT('',(10.6,67.6));
#8973 = CARTESIAN_POINT('',(8.4,67.6));
#8974 = ( GEOMETRIC_REPRESENTATION_CONTEXT(2) 
PARAMETRIC_REPRESENTATION_CONTEXT() REPRESENTATION_CONTEXT('2D SPACE',''
  ) );
#8975 = PCURVE('',#5422,#8976);
#8976 = DEFINITIONAL_REPRESENTATION('',(#8977),#8980);
#8977 = B_SPLINE_CURVE_WITH_KNOTS('',1,(#8978,#8979),.UNSPECIFIED.,.F.,
  .F.,(2,2),(-7.7,-5.5),.PIECEWISE_BEZIER_KNOTS.);
#8978 = CARTESIAN_POINT('',(4.8,-1.25));
#8979 = CARTESIAN_POINT('',(2.6,-1.25));
#8980 = ( GEOMETRIC_REPRESENTATION_CONTEXT(2) 
PARAMETRIC_REPRESENTATION_CONTEXT() REPRESENTATION_CONTEXT('2D SPACE',''
  ) );
#8981 = ORIENTED_EDGE('',*,*,#5381,.T.);
#8982 = ORIENTED_EDGE('',*,*,#8918,.F.);
#8983 = ORIENTED_EDGE('',*,*,#8984,.T.);
#8984 = EDGE_CURVE('',#8919,#8985,#8987,.T.);
#8985 = VERTEX_POINT('',#8986);
#8986 = CARTESIAN_POINT('',(66.282443596269,0.7,6.6));
#8987 = SURFACE_CURVE('',#8988,(#8992,#8999),.PCURVE_S1.);
#8988 = LINE('',#8989,#8990);
#8989 = CARTESIAN_POINT('',(-0.6,0.7,6.6));
#8990 = VECTOR('',#8991,1.);
#8991 = DIRECTION('',(1.,0.,0.));
#8992 = PCURVE('',#5396,#8993);
#8993 = DEFINITIONAL_REPRESENTATION('',(#8994),#8998);
#8994 = LINE('',#8995,#8996);
#8995 = CARTESIAN_POINT('',(10.6,0.));
#8996 = VECTOR('',#8997,1.);
#8997 = DIRECTION('',(0.,1.));
#8998 = ( GEOMETRIC_REPRESENTATION_CONTEXT(2) 
PARAMETRIC_REPRESENTATION_CONTEXT() REPRESENTATION_CONTEXT('2D SPACE',''
  ) );
#8999 = PCURVE('',#2335,#9000);
#9000 = DEFINITIONAL_REPRESENTATION('',(#9001),#9005);
#9001 = LINE('',#9002,#9003);
#9002 = CARTESIAN_POINT('',(0.,22.55));
#9003 = VECTOR('',#9004,1.);
#9004 = DIRECTION('',(1.,0.));
#9005 = ( GEOMETRIC_REPRESENTATION_CONTEXT(2) 
PARAMETRIC_REPRESENTATION_CONTEXT() REPRESENTATION_CONTEXT('2D SPACE',''
  ) );
#9006 = ORIENTED_EDGE('',*,*,#9007,.T.);
#9007 = EDGE_CURVE('',#8985,#9008,#9010,.T.);
#9008 = VERTEX_POINT('',#9009);
#9009 = CARTESIAN_POINT('',(66.282443596268,0.7,4.55));
#9010 = SURFACE_CURVE('',#9011,(#9015,#9021),.PCURVE_S1.);
#9011 = LINE('',#9012,#9013);
#9012 = CARTESIAN_POINT('',(66.282443596268,0.7,4.55));
#9013 = VECTOR('',#9014,1.);
#9014 = DIRECTION('',(-0.,-0.,-1.));
#9015 = PCURVE('',#5396,#9016);
#9016 = DEFINITIONAL_REPRESENTATION('',(#9017),#9020);
#9017 = B_SPLINE_CURVE_WITH_KNOTS('',1,(#9018,#9019),.UNSPECIFIED.,.F.,
  .F.,(2,2),(-2.1500006,5.999999999062E-07),.PIECEWISE_BEZIER_KNOTS.);
#9018 = CARTESIAN_POINT('',(10.7000006,66.882443596268));
#9019 = CARTESIAN_POINT('',(8.5499994,66.882443596268));
#9020 = ( GEOMETRIC_REPRESENTATION_CONTEXT(2) 
PARAMETRIC_REPRESENTATION_CONTEXT() REPRESENTATION_CONTEXT('2D SPACE',''
  ) );
#9021 = PCURVE('',#9022,#9027);
#9022 = CYLINDRICAL_SURFACE('',#9023,3.2);
#9023 = AXIS2_PLACEMENT_3D('',#9024,#9025,#9026);
#9024 = CARTESIAN_POINT('',(68.,3.4,4.55));
#9025 = DIRECTION('',(-0.,-0.,-1.));
#9026 = DIRECTION('',(1.,0.,0.));
#9027 = DEFINITIONAL_REPRESENTATION('',(#9028),#9031);
#9028 = B_SPLINE_CURVE_WITH_KNOTS('',1,(#9029,#9030),.UNSPECIFIED.,.F.,
  .F.,(2,2),(-2.1500006,5.999999999062E-07),.PIECEWISE_BEZIER_KNOTS.);
#9029 = CARTESIAN_POINT('',(-4.145824649764,-2.1500006));
#9030 = CARTESIAN_POINT('',(-4.145824649764,5.999999999062E-07));
#9031 = ( GEOMETRIC_REPRESENTATION_CONTEXT(2) 
PARAMETRIC_REPRESENTATION_CONTEXT() REPRESENTATION_CONTEXT('2D SPACE',''
  ) );
#9032 = ORIENTED_EDGE('',*,*,#9033,.T.);
#9033 = EDGE_CURVE('',#9008,#8962,#9034,.T.);
#9034 = SURFACE_CURVE('',#9035,(#9039,#9045),.PCURVE_S1.);
#9035 = LINE('',#9036,#9037);
#9036 = CARTESIAN_POINT('',(33.7,0.7,4.55));
#9037 = VECTOR('',#9038,1.);
#9038 = DIRECTION('',(1.,0.,0.));
#9039 = PCURVE('',#5396,#9040);
#9040 = DEFINITIONAL_REPRESENTATION('',(#9041),#9044);
#9041 = B_SPLINE_CURVE_WITH_KNOTS('',1,(#9042,#9043),.UNSPECIFIED.,.F.,
  .F.,(2,2),(31.1,37.5),.PIECEWISE_BEZIER_KNOTS.);
#9042 = CARTESIAN_POINT('',(8.55,65.4));
#9043 = CARTESIAN_POINT('',(8.55,71.8));
#9044 = ( GEOMETRIC_REPRESENTATION_CONTEXT(2) 
PARAMETRIC_REPRESENTATION_CONTEXT() REPRESENTATION_CONTEXT('2D SPACE',''
  ) );
#9045 = PCURVE('',#9046,#9051);
#9046 = PLANE('',#9047);
#9047 = AXIS2_PLACEMENT_3D('',#9048,#9049,#9050);
#9048 = CARTESIAN_POINT('',(68.,3.4,4.55));
#9049 = DIRECTION('',(0.,0.,1.));
#9050 = DIRECTION('',(1.,0.,-0.));
#9051 = DEFINITIONAL_REPRESENTATION('',(#9052),#9055);
#9052 = B_SPLINE_CURVE_WITH_KNOTS('',1,(#9053,#9054),.UNSPECIFIED.,.F.,
  .F.,(2,2),(31.1,37.5),.PIECEWISE_BEZIER_KNOTS.);
#9053 = CARTESIAN_POINT('',(-3.2,-2.7));
#9054 = CARTESIAN_POINT('',(3.2,-2.7));
#9055 = ( GEOMETRIC_REPRESENTATION_CONTEXT(2) 
PARAMETRIC_REPRESENTATION_CONTEXT() REPRESENTATION_CONTEXT('2D SPACE',''
  ) );
#9056 = ADVANCED_FACE('',(#9057),#9022,.T.);
#9057 = FACE_BOUND('',#9058,.F.);
#9058 = EDGE_LOOP('',(#9059,#9083,#9084,#9112));
#9059 = ORIENTED_EDGE('',*,*,#9060,.F.);
#9060 = EDGE_CURVE('',#9008,#9061,#9063,.T.);
#9061 = VERTEX_POINT('',#9062);
#9062 = CARTESIAN_POINT('',(67.,0.360263169286,4.55));
#9063 = SURFACE_CURVE('',#9064,(#9069,#9076),.PCURVE_S1.);
#9064 = CIRCLE('',#9065,3.2);
#9065 = AXIS2_PLACEMENT_3D('',#9066,#9067,#9068);
#9066 = CARTESIAN_POINT('',(68.,3.4,4.55));
#9067 = DIRECTION('',(0.,0.,1.));
#9068 = DIRECTION('',(1.,0.,0.));
#9069 = PCURVE('',#9022,#9070);
#9070 = DEFINITIONAL_REPRESENTATION('',(#9071),#9075);
#9071 = LINE('',#9072,#9073);
#9072 = CARTESIAN_POINT('',(-0.,0.));
#9073 = VECTOR('',#9074,1.);
#9074 = DIRECTION('',(-1.,0.));
#9075 = ( GEOMETRIC_REPRESENTATION_CONTEXT(2) 
PARAMETRIC_REPRESENTATION_CONTEXT() REPRESENTATION_CONTEXT('2D SPACE',''
  ) );
#9076 = PCURVE('',#9046,#9077);
#9077 = DEFINITIONAL_REPRESENTATION('',(#9078),#9082);
#9078 = CIRCLE('',#9079,3.2);
#9079 = AXIS2_PLACEMENT_2D('',#9080,#9081);
#9080 = CARTESIAN_POINT('',(0.,-4.440892098501E-16));
#9081 = DIRECTION('',(1.,0.));
#9082 = ( GEOMETRIC_REPRESENTATION_CONTEXT(2) 
PARAMETRIC_REPRESENTATION_CONTEXT() REPRESENTATION_CONTEXT('2D SPACE',''
  ) );
#9083 = ORIENTED_EDGE('',*,*,#9007,.F.);
#9084 = ORIENTED_EDGE('',*,*,#9085,.F.);
#9085 = EDGE_CURVE('',#9086,#8985,#9088,.T.);
#9086 = VERTEX_POINT('',#9087);
#9087 = CARTESIAN_POINT('',(67.,0.360263169286,6.6));
#9088 = SURFACE_CURVE('',#9089,(#9094,#9101),.PCURVE_S1.);
#9089 = CIRCLE('',#9090,3.2);
#9090 = AXIS2_PLACEMENT_3D('',#9091,#9092,#9093);
#9091 = CARTESIAN_POINT('',(68.,3.4,6.6));
#9092 = DIRECTION('',(0.,0.,-1.));
#9093 = DIRECTION('',(1.,0.,0.));
#9094 = PCURVE('',#9022,#9095);
#9095 = DEFINITIONAL_REPRESENTATION('',(#9096),#9100);
#9096 = LINE('',#9097,#9098);
#9097 = CARTESIAN_POINT('',(-6.28318530718,-2.05));
#9098 = VECTOR('',#9099,1.);
#9099 = DIRECTION('',(1.,-0.));
#9100 = ( GEOMETRIC_REPRESENTATION_CONTEXT(2) 
PARAMETRIC_REPRESENTATION_CONTEXT() REPRESENTATION_CONTEXT('2D SPACE',''
  ) );
#9101 = PCURVE('',#2335,#9102);
#9102 = DEFINITIONAL_REPRESENTATION('',(#9103),#9111);
#9103 = ( BOUNDED_CURVE() B_SPLINE_CURVE(2,(#9104,#9105,#9106,#9107,
#9108,#9109,#9110),.UNSPECIFIED.,.T.,.F.) B_SPLINE_CURVE_WITH_KNOTS((1,2
    ,2,2,2,1),(-2.094395102393,0.,2.094395102393,4.188790204786,
6.28318530718,8.377580409573),.UNSPECIFIED.) CURVE() 
GEOMETRIC_REPRESENTATION_ITEM() RATIONAL_B_SPLINE_CURVE((1.,0.5,1.,0.5,
1.,0.5,1.)) REPRESENTATION_ITEM('') );
#9104 = CARTESIAN_POINT('',(71.8,25.25));
#9105 = CARTESIAN_POINT('',(71.8,19.70743741578));
#9106 = CARTESIAN_POINT('',(67.,22.47871870789));
#9107 = CARTESIAN_POINT('',(62.2,25.25));
#9108 = CARTESIAN_POINT('',(67.,28.02128129211));
#9109 = CARTESIAN_POINT('',(71.8,30.79256258422));
#9110 = CARTESIAN_POINT('',(71.8,25.25));
#9111 = ( GEOMETRIC_REPRESENTATION_CONTEXT(2) 
PARAMETRIC_REPRESENTATION_CONTEXT() REPRESENTATION_CONTEXT('2D SPACE',''
  ) );
#9112 = ORIENTED_EDGE('',*,*,#9113,.T.);
#9113 = EDGE_CURVE('',#9086,#9061,#9114,.T.);
#9114 = SURFACE_CURVE('',#9115,(#9119,#9125),.PCURVE_S1.);
#9115 = LINE('',#9116,#9117);
#9116 = CARTESIAN_POINT('',(67.,0.360263169286,4.55));
#9117 = VECTOR('',#9118,1.);
#9118 = DIRECTION('',(-0.,-0.,-1.));
#9119 = PCURVE('',#9022,#9120);
#9120 = DEFINITIONAL_REPRESENTATION('',(#9121),#9124);
#9121 = B_SPLINE_CURVE_WITH_KNOTS('',1,(#9122,#9123),.UNSPECIFIED.,.F.,
  .F.,(2,2),(-2.0500006,5.999999999062E-07),.PIECEWISE_BEZIER_KNOTS.);
#9122 = CARTESIAN_POINT('',(-4.394565276457,-2.0500006));
#9123 = CARTESIAN_POINT('',(-4.394565276457,5.999999999062E-07));
#9124 = ( GEOMETRIC_REPRESENTATION_CONTEXT(2) 
PARAMETRIC_REPRESENTATION_CONTEXT() REPRESENTATION_CONTEXT('2D SPACE',''
  ) );
#9125 = PCURVE('',#5422,#9126);
#9126 = DEFINITIONAL_REPRESENTATION('',(#9127),#9130);
#9127 = B_SPLINE_CURVE_WITH_KNOTS('',1,(#9128,#9129),.UNSPECIFIED.,.F.,
  .F.,(2,2),(-2.0500006,5.999999999062E-07),.PIECEWISE_BEZIER_KNOTS.);
#9128 = CARTESIAN_POINT('',(4.8000006,-0.910263169286));
#9129 = CARTESIAN_POINT('',(2.7499994,-0.910263169286));
#9130 = ( GEOMETRIC_REPRESENTATION_CONTEXT(2) 
PARAMETRIC_REPRESENTATION_CONTEXT() REPRESENTATION_CONTEXT('2D SPACE',''
  ) );
#9131 = ADVANCED_FACE('',(#9132),#9046,.F.);
#9132 = FACE_BOUND('',#9133,.F.);
#9133 = EDGE_LOOP('',(#9134,#9135,#9136));
#9134 = ORIENTED_EDGE('',*,*,#9033,.F.);
#9135 = ORIENTED_EDGE('',*,*,#9060,.T.);
#9136 = ORIENTED_EDGE('',*,*,#9137,.T.);
#9137 = EDGE_CURVE('',#9061,#8962,#9138,.T.);
#9138 = SURFACE_CURVE('',#9139,(#9143,#9149),.PCURVE_S1.);
#9139 = LINE('',#9140,#9141);
#9140 = CARTESIAN_POINT('',(67.,1.425,4.55));
#9141 = VECTOR('',#9142,1.);
#9142 = DIRECTION('',(0.,1.,0.));
#9143 = PCURVE('',#9046,#9144);
#9144 = DEFINITIONAL_REPRESENTATION('',(#9145),#9148);
#9145 = B_SPLINE_CURVE_WITH_KNOTS('',1,(#9146,#9147),.UNSPECIFIED.,.F.,
  .F.,(2,2),(-1.225,-0.725),.PIECEWISE_BEZIER_KNOTS.);
#9146 = CARTESIAN_POINT('',(-1.,-3.2));
#9147 = CARTESIAN_POINT('',(-1.,-2.7));
#9148 = ( GEOMETRIC_REPRESENTATION_CONTEXT(2) 
PARAMETRIC_REPRESENTATION_CONTEXT() REPRESENTATION_CONTEXT('2D SPACE',''
  ) );
#9149 = PCURVE('',#5422,#9150);
#9150 = DEFINITIONAL_REPRESENTATION('',(#9151),#9154);
#9151 = B_SPLINE_CURVE_WITH_KNOTS('',1,(#9152,#9153),.UNSPECIFIED.,.F.,
  .F.,(2,2),(-1.225,-0.725),.PIECEWISE_BEZIER_KNOTS.);
#9152 = CARTESIAN_POINT('',(2.75,-0.75));
#9153 = CARTESIAN_POINT('',(2.75,-1.25));
#9154 = ( GEOMETRIC_REPRESENTATION_CONTEXT(2) 
PARAMETRIC_REPRESENTATION_CONTEXT() REPRESENTATION_CONTEXT('2D SPACE',''
  ) );
#9155 = ADVANCED_FACE('',(#9156),#5422,.F.);
#9156 = FACE_BOUND('',#9157,.F.);
#9157 = EDGE_LOOP('',(#9158,#9188,#9216,#9237,#9238,#9239,#9240,#9241));
#9158 = ORIENTED_EDGE('',*,*,#9159,.F.);
#9159 = EDGE_CURVE('',#9160,#9162,#9164,.T.);
#9160 = VERTEX_POINT('',#9161);
#9161 = CARTESIAN_POINT('',(67.,-0.55,1.8));
#9162 = VERTEX_POINT('',#9163);
#9163 = CARTESIAN_POINT('',(67.,-0.55,6.6));
#9164 = SURFACE_CURVE('',#9165,(#9169,#9176),.PCURVE_S1.);
#9165 = LINE('',#9166,#9167);
#9166 = CARTESIAN_POINT('',(67.,-0.55,1.8));
#9167 = VECTOR('',#9168,1.);
#9168 = DIRECTION('',(0.,0.,1.));
#9169 = PCURVE('',#5422,#9170);
#9170 = DEFINITIONAL_REPRESENTATION('',(#9171),#9175);
#9171 = LINE('',#9172,#9173);
#9172 = CARTESIAN_POINT('',(0.,0.));
#9173 = VECTOR('',#9174,1.);
#9174 = DIRECTION('',(1.,0.));
#9175 = ( GEOMETRIC_REPRESENTATION_CONTEXT(2) 
PARAMETRIC_REPRESENTATION_CONTEXT() REPRESENTATION_CONTEXT('2D SPACE',''
  ) );
#9176 = PCURVE('',#9177,#9182);
#9177 = PLANE('',#9178);
#9178 = AXIS2_PLACEMENT_3D('',#9179,#9180,#9181);
#9179 = CARTESIAN_POINT('',(67.,-0.55,1.8));
#9180 = DIRECTION('',(0.,1.,0.));
#9181 = DIRECTION('',(0.,0.,1.));
#9182 = DEFINITIONAL_REPRESENTATION('',(#9183),#9187);
#9183 = LINE('',#9184,#9185);
#9184 = CARTESIAN_POINT('',(0.,0.));
#9185 = VECTOR('',#9186,1.);
#9186 = DIRECTION('',(1.,0.));
#9187 = ( GEOMETRIC_REPRESENTATION_CONTEXT(2) 
PARAMETRIC_REPRESENTATION_CONTEXT() REPRESENTATION_CONTEXT('2D SPACE',''
  ) );
#9188 = ORIENTED_EDGE('',*,*,#9189,.T.);
#9189 = EDGE_CURVE('',#9160,#9190,#9192,.T.);
#9190 = VERTEX_POINT('',#9191);
#9191 = CARTESIAN_POINT('',(67.,1.15,1.8));
#9192 = SURFACE_CURVE('',#9193,(#9197,#9204),.PCURVE_S1.);
#9193 = LINE('',#9194,#9195);
#9194 = CARTESIAN_POINT('',(67.,-0.55,1.8));
#9195 = VECTOR('',#9196,1.);
#9196 = DIRECTION('',(0.,1.,0.));
#9197 = PCURVE('',#5422,#9198);
#9198 = DEFINITIONAL_REPRESENTATION('',(#9199),#9203);
#9199 = LINE('',#9200,#9201);
#9200 = CARTESIAN_POINT('',(0.,0.));
#9201 = VECTOR('',#9202,1.);
#9202 = DIRECTION('',(0.,-1.));
#9203 = ( GEOMETRIC_REPRESENTATION_CONTEXT(2) 
PARAMETRIC_REPRESENTATION_CONTEXT() REPRESENTATION_CONTEXT('2D SPACE',''
  ) );
#9204 = PCURVE('',#9205,#9210);
#9205 = PLANE('',#9206);
#9206 = AXIS2_PLACEMENT_3D('',#9207,#9208,#9209);
#9207 = CARTESIAN_POINT('',(67.,-0.55,1.8));
#9208 = DIRECTION('',(0.,0.,1.));
#9209 = DIRECTION('',(1.,0.,0.));
#9210 = DEFINITIONAL_REPRESENTATION('',(#9211),#9215);
#9211 = LINE('',#9212,#9213);
#9212 = CARTESIAN_POINT('',(0.,0.));
#9213 = VECTOR('',#9214,1.);
#9214 = DIRECTION('',(0.,1.));
#9215 = ( GEOMETRIC_REPRESENTATION_CONTEXT(2) 
PARAMETRIC_REPRESENTATION_CONTEXT() REPRESENTATION_CONTEXT('2D SPACE',''
  ) );
#9216 = ORIENTED_EDGE('',*,*,#9217,.T.);
#9217 = EDGE_CURVE('',#9190,#5408,#9218,.T.);
#9218 = SURFACE_CURVE('',#9219,(#9223,#9230),.PCURVE_S1.);
#9219 = LINE('',#9220,#9221);
#9220 = CARTESIAN_POINT('',(67.,1.15,1.8));
#9221 = VECTOR('',#9222,1.);
#9222 = DIRECTION('',(0.,0.,1.));
#9223 = PCURVE('',#5422,#9224);
#9224 = DEFINITIONAL_REPRESENTATION('',(#9225),#9229);
#9225 = LINE('',#9226,#9227);
#9226 = CARTESIAN_POINT('',(0.,-1.7));
#9227 = VECTOR('',#9228,1.);
#9228 = DIRECTION('',(1.,0.));
#9229 = ( GEOMETRIC_REPRESENTATION_CONTEXT(2) 
PARAMETRIC_REPRESENTATION_CONTEXT() REPRESENTATION_CONTEXT('2D SPACE',''
  ) );
#9230 = PCURVE('',#5448,#9231);
#9231 = DEFINITIONAL_REPRESENTATION('',(#9232),#9236);
#9232 = LINE('',#9233,#9234);
#9233 = CARTESIAN_POINT('',(0.,0.));
#9234 = VECTOR('',#9235,1.);
#9235 = DIRECTION('',(1.,0.));
#9236 = ( GEOMETRIC_REPRESENTATION_CONTEXT(2) 
PARAMETRIC_REPRESENTATION_CONTEXT() REPRESENTATION_CONTEXT('2D SPACE',''
  ) );
#9237 = ORIENTED_EDGE('',*,*,#5407,.F.);
#9238 = ORIENTED_EDGE('',*,*,#8961,.F.);
#9239 = ORIENTED_EDGE('',*,*,#9137,.F.);
#9240 = ORIENTED_EDGE('',*,*,#9113,.F.);
#9241 = ORIENTED_EDGE('',*,*,#9242,.F.);
#9242 = EDGE_CURVE('',#9162,#9086,#9243,.T.);
#9243 = SURFACE_CURVE('',#9244,(#9248,#9254),.PCURVE_S1.);
#9244 = LINE('',#9245,#9246);
#9245 = CARTESIAN_POINT('',(67.,-11.2,6.6));
#9246 = VECTOR('',#9247,1.);
#9247 = DIRECTION('',(0.,1.,0.));
#9248 = PCURVE('',#5422,#9249);
#9249 = DEFINITIONAL_REPRESENTATION('',(#9250),#9253);
#9250 = B_SPLINE_CURVE_WITH_KNOTS('',1,(#9251,#9252),.UNSPECIFIED.,.F.,
  .F.,(2,2),(10.65,11.9),.PIECEWISE_BEZIER_KNOTS.);
#9251 = CARTESIAN_POINT('',(4.8,0.));
#9252 = CARTESIAN_POINT('',(4.8,-1.25));
#9253 = ( GEOMETRIC_REPRESENTATION_CONTEXT(2) 
PARAMETRIC_REPRESENTATION_CONTEXT() REPRESENTATION_CONTEXT('2D SPACE',''
  ) );
#9254 = PCURVE('',#2335,#9255);
#9255 = DEFINITIONAL_REPRESENTATION('',(#9256),#9259);
#9256 = B_SPLINE_CURVE_WITH_KNOTS('',1,(#9257,#9258),.UNSPECIFIED.,.F.,
  .F.,(2,2),(10.65,11.9),.PIECEWISE_BEZIER_KNOTS.);
#9257 = CARTESIAN_POINT('',(67.6,21.3));
#9258 = CARTESIAN_POINT('',(67.6,22.55));
#9259 = ( GEOMETRIC_REPRESENTATION_CONTEXT(2) 
PARAMETRIC_REPRESENTATION_CONTEXT() REPRESENTATION_CONTEXT('2D SPACE',''
  ) );
#9260 = ADVANCED_FACE('',(#9261),#9205,.F.);
#9261 = FACE_BOUND('',#9262,.F.);
#9262 = EDGE_LOOP('',(#9263,#9264,#9287,#9310));
#9263 = ORIENTED_EDGE('',*,*,#9189,.F.);
#9264 = ORIENTED_EDGE('',*,*,#9265,.T.);
#9265 = EDGE_CURVE('',#9160,#9266,#9268,.T.);
#9266 = VERTEX_POINT('',#9267);
#9267 = CARTESIAN_POINT('',(69.,-0.55,1.8));
#9268 = SURFACE_CURVE('',#9269,(#9273,#9280),.PCURVE_S1.);
#9269 = LINE('',#9270,#9271);
#9270 = CARTESIAN_POINT('',(67.,-0.55,1.8));
#9271 = VECTOR('',#9272,1.);
#9272 = DIRECTION('',(1.,0.,0.));
#9273 = PCURVE('',#9205,#9274);
#9274 = DEFINITIONAL_REPRESENTATION('',(#9275),#9279);
#9275 = LINE('',#9276,#9277);
#9276 = CARTESIAN_POINT('',(0.,0.));
#9277 = VECTOR('',#9278,1.);
#9278 = DIRECTION('',(1.,0.));
#9279 = ( GEOMETRIC_REPRESENTATION_CONTEXT(2) 
PARAMETRIC_REPRESENTATION_CONTEXT() REPRESENTATION_CONTEXT('2D SPACE',''
  ) );
#9280 = PCURVE('',#9177,#9281);
#9281 = DEFINITIONAL_REPRESENTATION('',(#9282),#9286);
#9282 = LINE('',#9283,#9284);
#9283 = CARTESIAN_POINT('',(0.,0.));
#9284 = VECTOR('',#9285,1.);
#9285 = DIRECTION('',(0.,1.));
#9286 = ( GEOMETRIC_REPRESENTATION_CONTEXT(2) 
PARAMETRIC_REPRESENTATION_CONTEXT() REPRESENTATION_CONTEXT('2D SPACE',''
  ) );
#9287 = ORIENTED_EDGE('',*,*,#9288,.T.);
#9288 = EDGE_CURVE('',#9266,#9289,#9291,.T.);
#9289 = VERTEX_POINT('',#9290);
#9290 = CARTESIAN_POINT('',(69.,1.15,1.8));
#9291 = SURFACE_CURVE('',#9292,(#9296,#9303),.PCURVE_S1.);
#9292 = LINE('',#9293,#9294);
#9293 = CARTESIAN_POINT('',(69.,-0.55,1.8));
#9294 = VECTOR('',#9295,1.);
#9295 = DIRECTION('',(0.,1.,0.));
#9296 = PCURVE('',#9205,#9297);
#9297 = DEFINITIONAL_REPRESENTATION('',(#9298),#9302);
#9298 = LINE('',#9299,#9300);
#9299 = CARTESIAN_POINT('',(2.,0.));
#9300 = VECTOR('',#9301,1.);
#9301 = DIRECTION('',(0.,1.));
#9302 = ( GEOMETRIC_REPRESENTATION_CONTEXT(2) 
PARAMETRIC_REPRESENTATION_CONTEXT() REPRESENTATION_CONTEXT('2D SPACE',''
  ) );
#9303 = PCURVE('',#5474,#9304);
#9304 = DEFINITIONAL_REPRESENTATION('',(#9305),#9309);
#9305 = LINE('',#9306,#9307);
#9306 = CARTESIAN_POINT('',(0.,0.));
#9307 = VECTOR('',#9308,1.);
#9308 = DIRECTION('',(0.,-1.));
#9309 = ( GEOMETRIC_REPRESENTATION_CONTEXT(2) 
PARAMETRIC_REPRESENTATION_CONTEXT() REPRESENTATION_CONTEXT('2D SPACE',''
  ) );
#9310 = ORIENTED_EDGE('',*,*,#9311,.F.);
#9311 = EDGE_CURVE('',#9190,#9289,#9312,.T.);
#9312 = SURFACE_CURVE('',#9313,(#9317,#9324),.PCURVE_S1.);
#9313 = LINE('',#9314,#9315);
#9314 = CARTESIAN_POINT('',(67.,1.15,1.8));
#9315 = VECTOR('',#9316,1.);
#9316 = DIRECTION('',(1.,0.,0.));
#9317 = PCURVE('',#9205,#9318);
#9318 = DEFINITIONAL_REPRESENTATION('',(#9319),#9323);
#9319 = LINE('',#9320,#9321);
#9320 = CARTESIAN_POINT('',(0.,1.7));
#9321 = VECTOR('',#9322,1.);
#9322 = DIRECTION('',(1.,0.));
#9323 = ( GEOMETRIC_REPRESENTATION_CONTEXT(2) 
PARAMETRIC_REPRESENTATION_CONTEXT() REPRESENTATION_CONTEXT('2D SPACE',''
  ) );
#9324 = PCURVE('',#5448,#9325);
#9325 = DEFINITIONAL_REPRESENTATION('',(#9326),#9330);
#9326 = LINE('',#9327,#9328);
#9327 = CARTESIAN_POINT('',(0.,0.));
#9328 = VECTOR('',#9329,1.);
#9329 = DIRECTION('',(0.,1.));
#9330 = ( GEOMETRIC_REPRESENTATION_CONTEXT(2) 
PARAMETRIC_REPRESENTATION_CONTEXT() REPRESENTATION_CONTEXT('2D SPACE',''
  ) );
#9331 = ADVANCED_FACE('',(#9332),#9177,.F.);
#9332 = FACE_BOUND('',#9333,.F.);
#9333 = EDGE_LOOP('',(#9334,#9357,#9358,#9359));
#9334 = ORIENTED_EDGE('',*,*,#9335,.F.);
#9335 = EDGE_CURVE('',#9266,#9336,#9338,.T.);
#9336 = VERTEX_POINT('',#9337);
#9337 = CARTESIAN_POINT('',(69.,-0.55,6.6));
#9338 = SURFACE_CURVE('',#9339,(#9343,#9350),.PCURVE_S1.);
#9339 = LINE('',#9340,#9341);
#9340 = CARTESIAN_POINT('',(69.,-0.55,1.8));
#9341 = VECTOR('',#9342,1.);
#9342 = DIRECTION('',(0.,0.,1.));
#9343 = PCURVE('',#9177,#9344);
#9344 = DEFINITIONAL_REPRESENTATION('',(#9345),#9349);
#9345 = LINE('',#9346,#9347);
#9346 = CARTESIAN_POINT('',(0.,2.));
#9347 = VECTOR('',#9348,1.);
#9348 = DIRECTION('',(1.,0.));
#9349 = ( GEOMETRIC_REPRESENTATION_CONTEXT(2) 
PARAMETRIC_REPRESENTATION_CONTEXT() REPRESENTATION_CONTEXT('2D SPACE',''
  ) );
#9350 = PCURVE('',#5474,#9351);
#9351 = DEFINITIONAL_REPRESENTATION('',(#9352),#9356);
#9352 = LINE('',#9353,#9354);
#9353 = CARTESIAN_POINT('',(0.,0.));
#9354 = VECTOR('',#9355,1.);
#9355 = DIRECTION('',(1.,0.));
#9356 = ( GEOMETRIC_REPRESENTATION_CONTEXT(2) 
PARAMETRIC_REPRESENTATION_CONTEXT() REPRESENTATION_CONTEXT('2D SPACE',''
  ) );
#9357 = ORIENTED_EDGE('',*,*,#9265,.F.);
#9358 = ORIENTED_EDGE('',*,*,#9159,.T.);
#9359 = ORIENTED_EDGE('',*,*,#9360,.F.);
#9360 = EDGE_CURVE('',#9336,#9162,#9361,.T.);
#9361 = SURFACE_CURVE('',#9362,(#9366,#9372),.PCURVE_S1.);
#9362 = LINE('',#9363,#9364);
#9363 = CARTESIAN_POINT('',(33.2,-0.55,6.6));
#9364 = VECTOR('',#9365,1.);
#9365 = DIRECTION('',(-1.,0.,0.));
#9366 = PCURVE('',#9177,#9367);
#9367 = DEFINITIONAL_REPRESENTATION('',(#9368),#9371);
#9368 = B_SPLINE_CURVE_WITH_KNOTS('',1,(#9369,#9370),.UNSPECIFIED.,.F.,
  .F.,(2,2),(-35.8,-33.8),.PIECEWISE_BEZIER_KNOTS.);
#9369 = CARTESIAN_POINT('',(4.8,2.));
#9370 = CARTESIAN_POINT('',(4.8,0.));
#9371 = ( GEOMETRIC_REPRESENTATION_CONTEXT(2) 
PARAMETRIC_REPRESENTATION_CONTEXT() REPRESENTATION_CONTEXT('2D SPACE',''
  ) );
#9372 = PCURVE('',#2335,#9373);
#9373 = DEFINITIONAL_REPRESENTATION('',(#9374),#9377);
#9374 = B_SPLINE_CURVE_WITH_KNOTS('',1,(#9375,#9376),.UNSPECIFIED.,.F.,
  .F.,(2,2),(-35.8,-33.8),.PIECEWISE_BEZIER_KNOTS.);
#9375 = CARTESIAN_POINT('',(69.6,21.3));
#9376 = CARTESIAN_POINT('',(67.6,21.3));
#9377 = ( GEOMETRIC_REPRESENTATION_CONTEXT(2) 
PARAMETRIC_REPRESENTATION_CONTEXT() REPRESENTATION_CONTEXT('2D SPACE',''
  ) );
#9378 = ADVANCED_FACE('',(#9379),#5448,.T.);
#9379 = FACE_BOUND('',#9380,.T.);
#9380 = EDGE_LOOP('',(#9381,#9402,#9403,#9404));
#9381 = ORIENTED_EDGE('',*,*,#9382,.F.);
#9382 = EDGE_CURVE('',#9289,#5434,#9383,.T.);
#9383 = SURFACE_CURVE('',#9384,(#9388,#9395),.PCURVE_S1.);
#9384 = LINE('',#9385,#9386);
#9385 = CARTESIAN_POINT('',(69.,1.15,1.8));
#9386 = VECTOR('',#9387,1.);
#9387 = DIRECTION('',(0.,0.,1.));
#9388 = PCURVE('',#5448,#9389);
#9389 = DEFINITIONAL_REPRESENTATION('',(#9390),#9394);
#9390 = LINE('',#9391,#9392);
#9391 = CARTESIAN_POINT('',(0.,2.));
#9392 = VECTOR('',#9393,1.);
#9393 = DIRECTION('',(1.,0.));
#9394 = ( GEOMETRIC_REPRESENTATION_CONTEXT(2) 
PARAMETRIC_REPRESENTATION_CONTEXT() REPRESENTATION_CONTEXT('2D SPACE',''
  ) );
#9395 = PCURVE('',#5474,#9396);
#9396 = DEFINITIONAL_REPRESENTATION('',(#9397),#9401);
#9397 = LINE('',#9398,#9399);
#9398 = CARTESIAN_POINT('',(0.,-1.7));
#9399 = VECTOR('',#9400,1.);
#9400 = DIRECTION('',(1.,0.));
#9401 = ( GEOMETRIC_REPRESENTATION_CONTEXT(2) 
PARAMETRIC_REPRESENTATION_CONTEXT() REPRESENTATION_CONTEXT('2D SPACE',''
  ) );
#9402 = ORIENTED_EDGE('',*,*,#9311,.F.);
#9403 = ORIENTED_EDGE('',*,*,#9217,.T.);
#9404 = ORIENTED_EDGE('',*,*,#5433,.F.);
#9405 = ADVANCED_FACE('',(#9406),#5474,.T.);
#9406 = FACE_BOUND('',#9407,.T.);
#9407 = EDGE_LOOP('',(#9408,#9409,#9410,#9411,#9412,#9433,#9459,#9485));
#9408 = ORIENTED_EDGE('',*,*,#9335,.F.);
#9409 = ORIENTED_EDGE('',*,*,#9288,.T.);
#9410 = ORIENTED_EDGE('',*,*,#9382,.T.);
#9411 = ORIENTED_EDGE('',*,*,#5459,.F.);
#9412 = ORIENTED_EDGE('',*,*,#9413,.F.);
#9413 = EDGE_CURVE('',#9414,#5460,#9416,.T.);
#9414 = VERTEX_POINT('',#9415);
#9415 = CARTESIAN_POINT('',(69.,0.7,4.55));
#9416 = SURFACE_CURVE('',#9417,(#9421,#9427),.PCURVE_S1.);
#9417 = LINE('',#9418,#9419);
#9418 = CARTESIAN_POINT('',(69.,0.7,-1.1));
#9419 = VECTOR('',#9420,1.);
#9420 = DIRECTION('',(0.,0.,-1.));
#9421 = PCURVE('',#5474,#9422);
#9422 = DEFINITIONAL_REPRESENTATION('',(#9423),#9426);
#9423 = B_SPLINE_CURVE_WITH_KNOTS('',1,(#9424,#9425),.UNSPECIFIED.,.F.,
  .F.,(2,2),(-7.7,-5.5),.PIECEWISE_BEZIER_KNOTS.);
#9424 = CARTESIAN_POINT('',(4.8,-1.25));
#9425 = CARTESIAN_POINT('',(2.6,-1.25));
#9426 = ( GEOMETRIC_REPRESENTATION_CONTEXT(2) 
PARAMETRIC_REPRESENTATION_CONTEXT() REPRESENTATION_CONTEXT('2D SPACE',''
  ) );
#9427 = PCURVE('',#5500,#9428);
#9428 = DEFINITIONAL_REPRESENTATION('',(#9429),#9432);
#9429 = B_SPLINE_CURVE_WITH_KNOTS('',1,(#9430,#9431),.UNSPECIFIED.,.F.,
  .F.,(2,2),(-7.7,-5.5),.PIECEWISE_BEZIER_KNOTS.);
#9430 = CARTESIAN_POINT('',(10.6,69.6));
#9431 = CARTESIAN_POINT('',(8.4,69.6));
#9432 = ( GEOMETRIC_REPRESENTATION_CONTEXT(2) 
PARAMETRIC_REPRESENTATION_CONTEXT() REPRESENTATION_CONTEXT('2D SPACE',''
  ) );
#9433 = ORIENTED_EDGE('',*,*,#9434,.F.);
#9434 = EDGE_CURVE('',#9435,#9414,#9437,.T.);
#9435 = VERTEX_POINT('',#9436);
#9436 = CARTESIAN_POINT('',(69.,0.360263169286,4.55));
#9437 = SURFACE_CURVE('',#9438,(#9442,#9448),.PCURVE_S1.);
#9438 = LINE('',#9439,#9440);
#9439 = CARTESIAN_POINT('',(69.,1.425,4.55));
#9440 = VECTOR('',#9441,1.);
#9441 = DIRECTION('',(0.,1.,0.));
#9442 = PCURVE('',#5474,#9443);
#9443 = DEFINITIONAL_REPRESENTATION('',(#9444),#9447);
#9444 = B_SPLINE_CURVE_WITH_KNOTS('',1,(#9445,#9446),.UNSPECIFIED.,.F.,
  .F.,(2,2),(-1.225,-0.725),.PIECEWISE_BEZIER_KNOTS.);
#9445 = CARTESIAN_POINT('',(2.75,-0.75));
#9446 = CARTESIAN_POINT('',(2.75,-1.25));
#9447 = ( GEOMETRIC_REPRESENTATION_CONTEXT(2) 
PARAMETRIC_REPRESENTATION_CONTEXT() REPRESENTATION_CONTEXT('2D SPACE',''
  ) );
#9448 = PCURVE('',#9449,#9454);
#9449 = PLANE('',#9450);
#9450 = AXIS2_PLACEMENT_3D('',#9451,#9452,#9453);
#9451 = CARTESIAN_POINT('',(68.,3.4,4.55));
#9452 = DIRECTION('',(0.,0.,1.));
#9453 = DIRECTION('',(1.,0.,-0.));
#9454 = DEFINITIONAL_REPRESENTATION('',(#9455),#9458);
#9455 = B_SPLINE_CURVE_WITH_KNOTS('',1,(#9456,#9457),.UNSPECIFIED.,.F.,
  .F.,(2,2),(-1.225,-0.725),.PIECEWISE_BEZIER_KNOTS.);
#9456 = CARTESIAN_POINT('',(1.,-3.2));
#9457 = CARTESIAN_POINT('',(1.,-2.7));
#9458 = ( GEOMETRIC_REPRESENTATION_CONTEXT(2) 
PARAMETRIC_REPRESENTATION_CONTEXT() REPRESENTATION_CONTEXT('2D SPACE',''
  ) );
#9459 = ORIENTED_EDGE('',*,*,#9460,.F.);
#9460 = EDGE_CURVE('',#9461,#9435,#9463,.T.);
#9461 = VERTEX_POINT('',#9462);
#9462 = CARTESIAN_POINT('',(69.,0.360263169286,6.6));
#9463 = SURFACE_CURVE('',#9464,(#9468,#9474),.PCURVE_S1.);
#9464 = LINE('',#9465,#9466);
#9465 = CARTESIAN_POINT('',(69.,0.360263169286,4.55));
#9466 = VECTOR('',#9467,1.);
#9467 = DIRECTION('',(-0.,-0.,-1.));
#9468 = PCURVE('',#5474,#9469);
#9469 = DEFINITIONAL_REPRESENTATION('',(#9470),#9473);
#9470 = B_SPLINE_CURVE_WITH_KNOTS('',1,(#9471,#9472),.UNSPECIFIED.,.F.,
  .F.,(2,2),(-2.0500006,5.999999999062E-07),.PIECEWISE_BEZIER_KNOTS.);
#9471 = CARTESIAN_POINT('',(4.8000006,-0.910263169286));
#9472 = CARTESIAN_POINT('',(2.7499994,-0.910263169286));
#9473 = ( GEOMETRIC_REPRESENTATION_CONTEXT(2) 
PARAMETRIC_REPRESENTATION_CONTEXT() REPRESENTATION_CONTEXT('2D SPACE',''
  ) );
#9474 = PCURVE('',#9475,#9480);
#9475 = CYLINDRICAL_SURFACE('',#9476,3.2);
#9476 = AXIS2_PLACEMENT_3D('',#9477,#9478,#9479);
#9477 = CARTESIAN_POINT('',(68.,3.4,4.55));
#9478 = DIRECTION('',(-0.,-0.,-1.));
#9479 = DIRECTION('',(1.,0.,0.));
#9480 = DEFINITIONAL_REPRESENTATION('',(#9481),#9484);
#9481 = B_SPLINE_CURVE_WITH_KNOTS('',1,(#9482,#9483),.UNSPECIFIED.,.F.,
  .F.,(2,2),(-2.0500006,5.999999999062E-07),.PIECEWISE_BEZIER_KNOTS.);
#9482 = CARTESIAN_POINT('',(-5.030212684313,-2.0500006));
#9483 = CARTESIAN_POINT('',(-5.030212684313,5.999999999062E-07));
#9484 = ( GEOMETRIC_REPRESENTATION_CONTEXT(2) 
PARAMETRIC_REPRESENTATION_CONTEXT() REPRESENTATION_CONTEXT('2D SPACE',''
  ) );
#9485 = ORIENTED_EDGE('',*,*,#9486,.F.);
#9486 = EDGE_CURVE('',#9336,#9461,#9487,.T.);
#9487 = SURFACE_CURVE('',#9488,(#9492,#9498),.PCURVE_S1.);
#9488 = LINE('',#9489,#9490);
#9489 = CARTESIAN_POINT('',(69.,-11.2,6.6));
#9490 = VECTOR('',#9491,1.);
#9491 = DIRECTION('',(0.,1.,0.));
#9492 = PCURVE('',#5474,#9493);
#9493 = DEFINITIONAL_REPRESENTATION('',(#9494),#9497);
#9494 = B_SPLINE_CURVE_WITH_KNOTS('',1,(#9495,#9496),.UNSPECIFIED.,.F.,
  .F.,(2,2),(10.65,11.9),.PIECEWISE_BEZIER_KNOTS.);
#9495 = CARTESIAN_POINT('',(4.8,0.));
#9496 = CARTESIAN_POINT('',(4.8,-1.25));
#9497 = ( GEOMETRIC_REPRESENTATION_CONTEXT(2) 
PARAMETRIC_REPRESENTATION_CONTEXT() REPRESENTATION_CONTEXT('2D SPACE',''
  ) );
#9498 = PCURVE('',#2335,#9499);
#9499 = DEFINITIONAL_REPRESENTATION('',(#9500),#9503);
#9500 = B_SPLINE_CURVE_WITH_KNOTS('',1,(#9501,#9502),.UNSPECIFIED.,.F.,
  .F.,(2,2),(10.65,11.9),.PIECEWISE_BEZIER_KNOTS.);
#9501 = CARTESIAN_POINT('',(69.6,21.3));
#9502 = CARTESIAN_POINT('',(69.6,22.55));
#9503 = ( GEOMETRIC_REPRESENTATION_CONTEXT(2) 
PARAMETRIC_REPRESENTATION_CONTEXT() REPRESENTATION_CONTEXT('2D SPACE',''
  ) );
#9504 = ADVANCED_FACE('',(#9505),#9449,.F.);
#9505 = FACE_BOUND('',#9506,.F.);
#9506 = EDGE_LOOP('',(#9507,#9528,#9529));
#9507 = ORIENTED_EDGE('',*,*,#9508,.F.);
#9508 = EDGE_CURVE('',#9414,#9509,#9511,.T.);
#9509 = VERTEX_POINT('',#9510);
#9510 = CARTESIAN_POINT('',(69.717556403732,0.7,4.55));
#9511 = SURFACE_CURVE('',#9512,(#9516,#9522),.PCURVE_S1.);
#9512 = LINE('',#9513,#9514);
#9513 = CARTESIAN_POINT('',(33.7,0.7,4.55));
#9514 = VECTOR('',#9515,1.);
#9515 = DIRECTION('',(1.,0.,0.));
#9516 = PCURVE('',#9449,#9517);
#9517 = DEFINITIONAL_REPRESENTATION('',(#9518),#9521);
#9518 = B_SPLINE_CURVE_WITH_KNOTS('',1,(#9519,#9520),.UNSPECIFIED.,.F.,
  .F.,(2,2),(31.1,37.5),.PIECEWISE_BEZIER_KNOTS.);
#9519 = CARTESIAN_POINT('',(-3.2,-2.7));
#9520 = CARTESIAN_POINT('',(3.2,-2.7));
#9521 = ( GEOMETRIC_REPRESENTATION_CONTEXT(2) 
PARAMETRIC_REPRESENTATION_CONTEXT() REPRESENTATION_CONTEXT('2D SPACE',''
  ) );
#9522 = PCURVE('',#5500,#9523);
#9523 = DEFINITIONAL_REPRESENTATION('',(#9524),#9527);
#9524 = B_SPLINE_CURVE_WITH_KNOTS('',1,(#9525,#9526),.UNSPECIFIED.,.F.,
  .F.,(2,2),(31.1,37.5),.PIECEWISE_BEZIER_KNOTS.);
#9525 = CARTESIAN_POINT('',(8.55,65.4));
#9526 = CARTESIAN_POINT('',(8.55,71.8));
#9527 = ( GEOMETRIC_REPRESENTATION_CONTEXT(2) 
PARAMETRIC_REPRESENTATION_CONTEXT() REPRESENTATION_CONTEXT('2D SPACE',''
  ) );
#9528 = ORIENTED_EDGE('',*,*,#9434,.F.);
#9529 = ORIENTED_EDGE('',*,*,#9530,.T.);
#9530 = EDGE_CURVE('',#9435,#9509,#9531,.T.);
#9531 = SURFACE_CURVE('',#9532,(#9537,#9544),.PCURVE_S1.);
#9532 = CIRCLE('',#9533,3.2);
#9533 = AXIS2_PLACEMENT_3D('',#9534,#9535,#9536);
#9534 = CARTESIAN_POINT('',(68.,3.4,4.55));
#9535 = DIRECTION('',(0.,0.,1.));
#9536 = DIRECTION('',(1.,0.,0.));
#9537 = PCURVE('',#9449,#9538);
#9538 = DEFINITIONAL_REPRESENTATION('',(#9539),#9543);
#9539 = CIRCLE('',#9540,3.2);
#9540 = AXIS2_PLACEMENT_2D('',#9541,#9542);
#9541 = CARTESIAN_POINT('',(0.,-4.440892098501E-16));
#9542 = DIRECTION('',(1.,0.));
#9543 = ( GEOMETRIC_REPRESENTATION_CONTEXT(2) 
PARAMETRIC_REPRESENTATION_CONTEXT() REPRESENTATION_CONTEXT('2D SPACE',''
  ) );
#9544 = PCURVE('',#9475,#9545);
#9545 = DEFINITIONAL_REPRESENTATION('',(#9546),#9550);
#9546 = LINE('',#9547,#9548);
#9547 = CARTESIAN_POINT('',(-0.,0.));
#9548 = VECTOR('',#9549,1.);
#9549 = DIRECTION('',(-1.,0.));
#9550 = ( GEOMETRIC_REPRESENTATION_CONTEXT(2) 
PARAMETRIC_REPRESENTATION_CONTEXT() REPRESENTATION_CONTEXT('2D SPACE',''
  ) );
#9551 = ADVANCED_FACE('',(#9552),#9475,.T.);
#9552 = FACE_BOUND('',#9553,.F.);
#9553 = EDGE_LOOP('',(#9554,#9555,#9556,#9584));
#9554 = ORIENTED_EDGE('',*,*,#9530,.F.);
#9555 = ORIENTED_EDGE('',*,*,#9460,.F.);
#9556 = ORIENTED_EDGE('',*,*,#9557,.F.);
#9557 = EDGE_CURVE('',#9558,#9461,#9560,.T.);
#9558 = VERTEX_POINT('',#9559);
#9559 = CARTESIAN_POINT('',(69.717556403731,0.7,6.6));
#9560 = SURFACE_CURVE('',#9561,(#9566,#9573),.PCURVE_S1.);
#9561 = CIRCLE('',#9562,3.2);
#9562 = AXIS2_PLACEMENT_3D('',#9563,#9564,#9565);
#9563 = CARTESIAN_POINT('',(68.,3.4,6.6));
#9564 = DIRECTION('',(0.,0.,-1.));
#9565 = DIRECTION('',(1.,0.,0.));
#9566 = PCURVE('',#9475,#9567);
#9567 = DEFINITIONAL_REPRESENTATION('',(#9568),#9572);
#9568 = LINE('',#9569,#9570);
#9569 = CARTESIAN_POINT('',(-6.28318530718,-2.05));
#9570 = VECTOR('',#9571,1.);
#9571 = DIRECTION('',(1.,-0.));
#9572 = ( GEOMETRIC_REPRESENTATION_CONTEXT(2) 
PARAMETRIC_REPRESENTATION_CONTEXT() REPRESENTATION_CONTEXT('2D SPACE',''
  ) );
#9573 = PCURVE('',#2335,#9574);
#9574 = DEFINITIONAL_REPRESENTATION('',(#9575),#9583);
#9575 = ( BOUNDED_CURVE() B_SPLINE_CURVE(2,(#9576,#9577,#9578,#9579,
#9580,#9581,#9582),.UNSPECIFIED.,.T.,.F.) B_SPLINE_CURVE_WITH_KNOTS((1,2
    ,2,2,2,1),(-2.094395102393,0.,2.094395102393,4.188790204786,
6.28318530718,8.377580409573),.UNSPECIFIED.) CURVE() 
GEOMETRIC_REPRESENTATION_ITEM() RATIONAL_B_SPLINE_CURVE((1.,0.5,1.,0.5,
1.,0.5,1.)) REPRESENTATION_ITEM('') );
#9576 = CARTESIAN_POINT('',(71.8,25.25));
#9577 = CARTESIAN_POINT('',(71.8,19.70743741578));
#9578 = CARTESIAN_POINT('',(67.,22.47871870789));
#9579 = CARTESIAN_POINT('',(62.2,25.25));
#9580 = CARTESIAN_POINT('',(67.,28.02128129211));
#9581 = CARTESIAN_POINT('',(71.8,30.79256258422));
#9582 = CARTESIAN_POINT('',(71.8,25.25));
#9583 = ( GEOMETRIC_REPRESENTATION_CONTEXT(2) 
PARAMETRIC_REPRESENTATION_CONTEXT() REPRESENTATION_CONTEXT('2D SPACE',''
  ) );
#9584 = ORIENTED_EDGE('',*,*,#9585,.T.);
#9585 = EDGE_CURVE('',#9558,#9509,#9586,.T.);
#9586 = SURFACE_CURVE('',#9587,(#9591,#9597),.PCURVE_S1.);
#9587 = LINE('',#9588,#9589);
#9588 = CARTESIAN_POINT('',(69.717556403732,0.7,4.55));
#9589 = VECTOR('',#9590,1.);
#9590 = DIRECTION('',(-0.,-0.,-1.));
#9591 = PCURVE('',#9475,#9592);
#9592 = DEFINITIONAL_REPRESENTATION('',(#9593),#9596);
#9593 = B_SPLINE_CURVE_WITH_KNOTS('',1,(#9594,#9595),.UNSPECIFIED.,.F.,
  .F.,(2,2),(-2.1500006,5.999999999062E-07),.PIECEWISE_BEZIER_KNOTS.);
#9594 = CARTESIAN_POINT('',(-5.278953311006,-2.1500006));
#9595 = CARTESIAN_POINT('',(-5.278953311006,5.999999999062E-07));
#9596 = ( GEOMETRIC_REPRESENTATION_CONTEXT(2) 
PARAMETRIC_REPRESENTATION_CONTEXT() REPRESENTATION_CONTEXT('2D SPACE',''
  ) );
#9597 = PCURVE('',#5500,#9598);
#9598 = DEFINITIONAL_REPRESENTATION('',(#9599),#9602);
#9599 = B_SPLINE_CURVE_WITH_KNOTS('',1,(#9600,#9601),.UNSPECIFIED.,.F.,
  .F.,(2,2),(-2.1500006,5.999999999062E-07),.PIECEWISE_BEZIER_KNOTS.);
#9600 = CARTESIAN_POINT('',(10.7000006,70.317556403732));
#9601 = CARTESIAN_POINT('',(8.5499994,70.317556403732));
#9602 = ( GEOMETRIC_REPRESENTATION_CONTEXT(2) 
PARAMETRIC_REPRESENTATION_CONTEXT() REPRESENTATION_CONTEXT('2D SPACE',''
  ) );
#9603 = ADVANCED_FACE('',(#9604),#5500,.F.);
#9604 = FACE_BOUND('',#9605,.F.);
#9605 = EDGE_LOOP('',(#9606,#9629,#9630,#9631,#9632,#9633));
#9606 = ORIENTED_EDGE('',*,*,#9607,.F.);
#9607 = EDGE_CURVE('',#5486,#9608,#9610,.T.);
#9608 = VERTEX_POINT('',#9609);
#9609 = CARTESIAN_POINT('',(71.7,0.7,6.6));
#9610 = SURFACE_CURVE('',#9611,(#9615,#9622),.PCURVE_S1.);
#9611 = LINE('',#9612,#9613);
#9612 = CARTESIAN_POINT('',(71.7,0.7,-4.));
#9613 = VECTOR('',#9614,1.);
#9614 = DIRECTION('',(0.,0.,1.));
#9615 = PCURVE('',#5500,#9616);
#9616 = DEFINITIONAL_REPRESENTATION('',(#9617),#9621);
#9617 = LINE('',#9618,#9619);
#9618 = CARTESIAN_POINT('',(0.,72.3));
#9619 = VECTOR('',#9620,1.);
#9620 = DIRECTION('',(1.,0.));
#9621 = ( GEOMETRIC_REPRESENTATION_CONTEXT(2) 
PARAMETRIC_REPRESENTATION_CONTEXT() REPRESENTATION_CONTEXT('2D SPACE',''
  ) );
#9622 = PCURVE('',#4840,#9623);
#9623 = DEFINITIONAL_REPRESENTATION('',(#9624),#9628);
#9624 = LINE('',#9625,#9626);
#9625 = CARTESIAN_POINT('',(0.,-22.55));
#9626 = VECTOR('',#9627,1.);
#9627 = DIRECTION('',(1.,0.));
#9628 = ( GEOMETRIC_REPRESENTATION_CONTEXT(2) 
PARAMETRIC_REPRESENTATION_CONTEXT() REPRESENTATION_CONTEXT('2D SPACE',''
  ) );
#9629 = ORIENTED_EDGE('',*,*,#5485,.T.);
#9630 = ORIENTED_EDGE('',*,*,#9413,.F.);
#9631 = ORIENTED_EDGE('',*,*,#9508,.T.);
#9632 = ORIENTED_EDGE('',*,*,#9585,.F.);
#9633 = ORIENTED_EDGE('',*,*,#9634,.T.);
#9634 = EDGE_CURVE('',#9558,#9608,#9635,.T.);
#9635 = SURFACE_CURVE('',#9636,(#9640,#9647),.PCURVE_S1.);
#9636 = LINE('',#9637,#9638);
#9637 = CARTESIAN_POINT('',(-0.6,0.7,6.6));
#9638 = VECTOR('',#9639,1.);
#9639 = DIRECTION('',(1.,0.,0.));
#9640 = PCURVE('',#5500,#9641);
#9641 = DEFINITIONAL_REPRESENTATION('',(#9642),#9646);
#9642 = LINE('',#9643,#9644);
#9643 = CARTESIAN_POINT('',(10.6,0.));
#9644 = VECTOR('',#9645,1.);
#9645 = DIRECTION('',(0.,1.));
#9646 = ( GEOMETRIC_REPRESENTATION_CONTEXT(2) 
PARAMETRIC_REPRESENTATION_CONTEXT() REPRESENTATION_CONTEXT('2D SPACE',''
  ) );
#9647 = PCURVE('',#2335,#9648);
#9648 = DEFINITIONAL_REPRESENTATION('',(#9649),#9653);
#9649 = LINE('',#9650,#9651);
#9650 = CARTESIAN_POINT('',(0.,22.55));
#9651 = VECTOR('',#9652,1.);
#9652 = DIRECTION('',(1.,0.));
#9653 = ( GEOMETRIC_REPRESENTATION_CONTEXT(2) 
PARAMETRIC_REPRESENTATION_CONTEXT() REPRESENTATION_CONTEXT('2D SPACE',''
  ) );
#9654 = ADVANCED_FACE('',(#9655),#4840,.F.);
#9655 = FACE_BOUND('',#9656,.F.);
#9656 = EDGE_LOOP('',(#9657,#9658,#9659,#9660));
#9657 = ORIENTED_EDGE('',*,*,#4827,.F.);
#9658 = ORIENTED_EDGE('',*,*,#5511,.T.);
#9659 = ORIENTED_EDGE('',*,*,#9607,.T.);
#9660 = ORIENTED_EDGE('',*,*,#9661,.F.);
#9661 = EDGE_CURVE('',#4736,#9608,#9662,.T.);
#9662 = SURFACE_CURVE('',#9663,(#9667,#9674),.PCURVE_S1.);
#9663 = LINE('',#9664,#9665);
#9664 = CARTESIAN_POINT('',(71.7,-21.85,6.6));
#9665 = VECTOR('',#9666,1.);
#9666 = DIRECTION('',(0.,1.,0.));
#9667 = PCURVE('',#4840,#9668);
#9668 = DEFINITIONAL_REPRESENTATION('',(#9669),#9673);
#9669 = LINE('',#9670,#9671);
#9670 = CARTESIAN_POINT('',(10.6,0.));
#9671 = VECTOR('',#9672,1.);
#9672 = DIRECTION('',(0.,-1.));
#9673 = ( GEOMETRIC_REPRESENTATION_CONTEXT(2) 
PARAMETRIC_REPRESENTATION_CONTEXT() REPRESENTATION_CONTEXT('2D SPACE',''
  ) );
#9674 = PCURVE('',#2335,#9675);
#9675 = DEFINITIONAL_REPRESENTATION('',(#9676),#9680);
#9676 = LINE('',#9677,#9678);
#9677 = CARTESIAN_POINT('',(72.3,0.));
#9678 = VECTOR('',#9679,1.);
#9679 = DIRECTION('',(0.,1.));
#9680 = ( GEOMETRIC_REPRESENTATION_CONTEXT(2) 
PARAMETRIC_REPRESENTATION_CONTEXT() REPRESENTATION_CONTEXT('2D SPACE',''
  ) );
#9681 = ADVANCED_FACE('',(#9682),#4600,.F.);
#9682 = FACE_BOUND('',#9683,.F.);
#9683 = EDGE_LOOP('',(#9684,#9685,#9686,#9687));
#9684 = ORIENTED_EDGE('',*,*,#4757,.F.);
#9685 = ORIENTED_EDGE('',*,*,#4711,.F.);
#9686 = ORIENTED_EDGE('',*,*,#4584,.T.);
#9687 = ORIENTED_EDGE('',*,*,#9688,.T.);
#9688 = EDGE_CURVE('',#4585,#4758,#9689,.T.);
#9689 = SURFACE_CURVE('',#9690,(#9694,#9700),.PCURVE_S1.);
#9690 = LINE('',#9691,#9692);
#9691 = CARTESIAN_POINT('',(73.6,-20.75,6.75));
#9692 = VECTOR('',#9693,1.);
#9693 = DIRECTION('',(0.,1.,-0.));
#9694 = PCURVE('',#4600,#9695);
#9695 = DEFINITIONAL_REPRESENTATION('',(#9696),#9699);
#9696 = B_SPLINE_CURVE_WITH_KNOTS('',1,(#9697,#9698),.UNSPECIFIED.,.F.,
  .F.,(2,2),(2.95,16.45),.PIECEWISE_BEZIER_KNOTS.);
#9697 = CARTESIAN_POINT('',(4.2,0.));
#9698 = CARTESIAN_POINT('',(4.2,13.5));
#9699 = ( GEOMETRIC_REPRESENTATION_CONTEXT(2) 
PARAMETRIC_REPRESENTATION_CONTEXT() REPRESENTATION_CONTEXT('2D SPACE',''
  ) );
#9700 = PCURVE('',#4627,#9701);
#9701 = DEFINITIONAL_REPRESENTATION('',(#9702),#9705);
#9702 = B_SPLINE_CURVE_WITH_KNOTS('',1,(#9703,#9704),.UNSPECIFIED.,.F.,
  .F.,(2,2),(2.95,16.45),.PIECEWISE_BEZIER_KNOTS.);
#9703 = CARTESIAN_POINT('',(5.9,-2.35));
#9704 = CARTESIAN_POINT('',(19.4,-2.35));
#9705 = ( GEOMETRIC_REPRESENTATION_CONTEXT(2) 
PARAMETRIC_REPRESENTATION_CONTEXT() REPRESENTATION_CONTEXT('2D SPACE',''
  ) );
#9706 = ADVANCED_FACE('',(#9707),#4627,.F.);
#9707 = FACE_BOUND('',#9708,.F.);
#9708 = EDGE_LOOP('',(#9709,#9732,#9733,#9734,#9735,#9736,#9737,#9738));
#9709 = ORIENTED_EDGE('',*,*,#9710,.T.);
#9710 = EDGE_CURVE('',#9711,#7732,#9713,.T.);
#9711 = VERTEX_POINT('',#9712);
#9712 = CARTESIAN_POINT('',(73.6,-21.7,4.4));
#9713 = SURFACE_CURVE('',#9714,(#9718,#9725),.PCURVE_S1.);
#9714 = LINE('',#9715,#9716);
#9715 = CARTESIAN_POINT('',(73.6,-21.7,4.4));
#9716 = VECTOR('',#9717,1.);
#9717 = DIRECTION('',(0.,0.,1.));
#9718 = PCURVE('',#4627,#9719);
#9719 = DEFINITIONAL_REPRESENTATION('',(#9720),#9724);
#9720 = LINE('',#9721,#9722);
#9721 = CARTESIAN_POINT('',(2.,0.));
#9722 = VECTOR('',#9723,1.);
#9723 = DIRECTION('',(0.,-1.));
#9724 = ( GEOMETRIC_REPRESENTATION_CONTEXT(2) 
PARAMETRIC_REPRESENTATION_CONTEXT() REPRESENTATION_CONTEXT('2D SPACE',''
  ) );
#9725 = PCURVE('',#126,#9726);
#9726 = DEFINITIONAL_REPRESENTATION('',(#9727),#9731);
#9727 = LINE('',#9728,#9729);
#9728 = CARTESIAN_POINT('',(1.570796326795,0.));
#9729 = VECTOR('',#9730,1.);
#9730 = DIRECTION('',(0.,1.));
#9731 = ( GEOMETRIC_REPRESENTATION_CONTEXT(2) 
PARAMETRIC_REPRESENTATION_CONTEXT() REPRESENTATION_CONTEXT('2D SPACE',''
  ) );
#9732 = ORIENTED_EDGE('',*,*,#7781,.T.);
#9733 = ORIENTED_EDGE('',*,*,#6093,.F.);
#9734 = ORIENTED_EDGE('',*,*,#4855,.F.);
#9735 = ORIENTED_EDGE('',*,*,#4780,.F.);
#9736 = ORIENTED_EDGE('',*,*,#9688,.F.);
#9737 = ORIENTED_EDGE('',*,*,#4612,.T.);
#9738 = ORIENTED_EDGE('',*,*,#9739,.F.);
#9739 = EDGE_CURVE('',#9711,#4613,#9740,.T.);
#9740 = SURFACE_CURVE('',#9741,(#9745,#9752),.PCURVE_S1.);
#9741 = LINE('',#9742,#9743);
#9742 = CARTESIAN_POINT('',(73.6,-23.7,4.4));
#9743 = VECTOR('',#9744,1.);
#9744 = DIRECTION('',(0.,1.,0.));
#9745 = PCURVE('',#4627,#9746);
#9746 = DEFINITIONAL_REPRESENTATION('',(#9747),#9751);
#9747 = LINE('',#9748,#9749);
#9748 = CARTESIAN_POINT('',(0.,0.));
#9749 = VECTOR('',#9750,1.);
#9750 = DIRECTION('',(1.,0.));
#9751 = ( GEOMETRIC_REPRESENTATION_CONTEXT(2) 
PARAMETRIC_REPRESENTATION_CONTEXT() REPRESENTATION_CONTEXT('2D SPACE',''
  ) );
#9752 = PCURVE('',#152,#9753);
#9753 = DEFINITIONAL_REPRESENTATION('',(#9754),#9758);
#9754 = LINE('',#9755,#9756);
#9755 = CARTESIAN_POINT('',(37.210934462678,-13.88899684058));
#9756 = VECTOR('',#9757,1.);
#9757 = DIRECTION('',(0.,1.));
#9758 = ( GEOMETRIC_REPRESENTATION_CONTEXT(2) 
PARAMETRIC_REPRESENTATION_CONTEXT() REPRESENTATION_CONTEXT('2D SPACE',''
  ) );
#9759 = ADVANCED_FACE('',(#9760),#4143,.T.);
#9760 = FACE_BOUND('',#9761,.T.);
#9761 = EDGE_LOOP('',(#9762,#9763,#9764,#9765));
#9762 = ORIENTED_EDGE('',*,*,#4297,.F.);
#9763 = ORIENTED_EDGE('',*,*,#4249,.F.);
#9764 = ORIENTED_EDGE('',*,*,#4127,.T.);
#9765 = ORIENTED_EDGE('',*,*,#9766,.F.);
#9766 = EDGE_CURVE('',#4298,#4128,#9767,.T.);
#9767 = SURFACE_CURVE('',#9768,(#9772,#9778),.PCURVE_S1.);
#9768 = LINE('',#9769,#9770);
#9769 = CARTESIAN_POINT('',(32.7,-20.7,6.6));
#9770 = VECTOR('',#9771,1.);
#9771 = DIRECTION('',(-1.,0.,0.));
#9772 = PCURVE('',#4143,#9773);
#9773 = DEFINITIONAL_REPRESENTATION('',(#9774),#9777);
#9774 = B_SPLINE_CURVE_WITH_KNOTS('',1,(#9775,#9776),.UNSPECIFIED.,.F.,
  .F.,(2,2),(-35.3,-33.3),.PIECEWISE_BEZIER_KNOTS.);
#9775 = CARTESIAN_POINT('',(4.8,2.));
#9776 = CARTESIAN_POINT('',(4.8,0.));
#9777 = ( GEOMETRIC_REPRESENTATION_CONTEXT(2) 
PARAMETRIC_REPRESENTATION_CONTEXT() REPRESENTATION_CONTEXT('2D SPACE',''
  ) );
#9778 = PCURVE('',#2335,#9779);
#9779 = DEFINITIONAL_REPRESENTATION('',(#9780),#9783);
#9780 = B_SPLINE_CURVE_WITH_KNOTS('',1,(#9781,#9782),.UNSPECIFIED.,.F.,
  .F.,(2,2),(-35.3,-33.3),.PIECEWISE_BEZIER_KNOTS.);
#9781 = CARTESIAN_POINT('',(68.6,1.15));
#9782 = CARTESIAN_POINT('',(66.6,1.15));
#9783 = ( GEOMETRIC_REPRESENTATION_CONTEXT(2) 
PARAMETRIC_REPRESENTATION_CONTEXT() REPRESENTATION_CONTEXT('2D SPACE',''
  ) );
#9784 = ADVANCED_FACE('',(#9785),#4087,.F.);
#9785 = FACE_BOUND('',#9786,.F.);
#9786 = EDGE_LOOP('',(#9787,#9788,#9789,#9790));
#9787 = ORIENTED_EDGE('',*,*,#4273,.F.);
#9788 = ORIENTED_EDGE('',*,*,#4198,.F.);
#9789 = ORIENTED_EDGE('',*,*,#4069,.T.);
#9790 = ORIENTED_EDGE('',*,*,#9791,.F.);
#9791 = EDGE_CURVE('',#4274,#4072,#9792,.T.);
#9792 = SURFACE_CURVE('',#9793,(#9797,#9803),.PCURVE_S1.);
#9793 = LINE('',#9794,#9795);
#9794 = CARTESIAN_POINT('',(51.194532768661,-22.2,4.4));
#9795 = VECTOR('',#9796,1.);
#9796 = DIRECTION('',(-1.,0.,0.));
#9797 = PCURVE('',#4087,#9798);
#9798 = DEFINITIONAL_REPRESENTATION('',(#9799),#9802);
#9799 = B_SPLINE_CURVE_WITH_KNOTS('',1,(#9800,#9801),.UNSPECIFIED.,.F.,
  .F.,(2,2),(-16.80546723133,-14.80546723133),.PIECEWISE_BEZIER_KNOTS.);
#9800 = CARTESIAN_POINT('',(2.6,2.));
#9801 = CARTESIAN_POINT('',(2.6,0.));
#9802 = ( GEOMETRIC_REPRESENTATION_CONTEXT(2) 
PARAMETRIC_REPRESENTATION_CONTEXT() REPRESENTATION_CONTEXT('2D SPACE',''
  ) );
#9803 = PCURVE('',#152,#9804);
#9804 = DEFINITIONAL_REPRESENTATION('',(#9805),#9808);
#9805 = B_SPLINE_CURVE_WITH_KNOTS('',1,(#9806,#9807),.UNSPECIFIED.,.F.,
  .F.,(2,2),(-16.80546723133,-14.80546723133),.PIECEWISE_BEZIER_KNOTS.);
#9806 = CARTESIAN_POINT('',(31.610934462678,-12.38899684058));
#9807 = CARTESIAN_POINT('',(29.610934462678,-12.38899684058));
#9808 = ( GEOMETRIC_REPRESENTATION_CONTEXT(2) 
PARAMETRIC_REPRESENTATION_CONTEXT() REPRESENTATION_CONTEXT('2D SPACE',''
  ) );
#9809 = ADVANCED_FACE('',(#9810),#3983,.F.);
#9810 = FACE_BOUND('',#9811,.F.);
#9811 = EDGE_LOOP('',(#9812,#9842,#9861,#9862));
#9812 = ORIENTED_EDGE('',*,*,#9813,.F.);
#9813 = EDGE_CURVE('',#9814,#9816,#9818,.T.);
#9814 = VERTEX_POINT('',#9815);
#9815 = CARTESIAN_POINT('',(50.399,-23.1,4.4));
#9816 = VERTEX_POINT('',#9817);
#9817 = CARTESIAN_POINT('',(50.399,-23.1,5.9));
#9818 = SURFACE_CURVE('',#9819,(#9823,#9830),.PCURVE_S1.);
#9819 = LINE('',#9820,#9821);
#9820 = CARTESIAN_POINT('',(50.399,-23.1,4.3));
#9821 = VECTOR('',#9822,1.);
#9822 = DIRECTION('',(0.,0.,1.));
#9823 = PCURVE('',#3983,#9824);
#9824 = DEFINITIONAL_REPRESENTATION('',(#9825),#9829);
#9825 = LINE('',#9826,#9827);
#9826 = CARTESIAN_POINT('',(0.,0.));
#9827 = VECTOR('',#9828,1.);
#9828 = DIRECTION('',(1.,0.));
#9829 = ( GEOMETRIC_REPRESENTATION_CONTEXT(2) 
PARAMETRIC_REPRESENTATION_CONTEXT() REPRESENTATION_CONTEXT('2D SPACE',''
  ) );
#9830 = PCURVE('',#9831,#9836);
#9831 = PLANE('',#9832);
#9832 = AXIS2_PLACEMENT_3D('',#9833,#9834,#9835);
#9833 = CARTESIAN_POINT('',(47.899,-23.1,4.3));
#9834 = DIRECTION('',(0.,1.,0.));
#9835 = DIRECTION('',(0.,0.,1.));
#9836 = DEFINITIONAL_REPRESENTATION('',(#9837),#9841);
#9837 = LINE('',#9838,#9839);
#9838 = CARTESIAN_POINT('',(0.,2.5));
#9839 = VECTOR('',#9840,1.);
#9840 = DIRECTION('',(1.,0.));
#9841 = ( GEOMETRIC_REPRESENTATION_CONTEXT(2) 
PARAMETRIC_REPRESENTATION_CONTEXT() REPRESENTATION_CONTEXT('2D SPACE',''
  ) );
#9842 = ORIENTED_EDGE('',*,*,#9843,.T.);
#9843 = EDGE_CURVE('',#9814,#3948,#9844,.T.);
#9844 = SURFACE_CURVE('',#9845,(#9849,#9855),.PCURVE_S1.);
#9845 = LINE('',#9846,#9847);
#9846 = CARTESIAN_POINT('',(50.399,-16.4555015797,4.4));
#9847 = VECTOR('',#9848,1.);
#9848 = DIRECTION('',(0.,1.,0.));
#9849 = PCURVE('',#3983,#9850);
#9850 = DEFINITIONAL_REPRESENTATION('',(#9851),#9854);
#9851 = B_SPLINE_CURVE_WITH_KNOTS('',1,(#9852,#9853),.UNSPECIFIED.,.F.,
  .F.,(2,2),(-6.644498420295,-4.994498420295),.PIECEWISE_BEZIER_KNOTS.);
#9852 = CARTESIAN_POINT('',(1.E-01,0.));
#9853 = CARTESIAN_POINT('',(1.E-01,-1.65));
#9854 = ( GEOMETRIC_REPRESENTATION_CONTEXT(2) 
PARAMETRIC_REPRESENTATION_CONTEXT() REPRESENTATION_CONTEXT('2D SPACE',''
  ) );
#9855 = PCURVE('',#152,#9856);
#9856 = DEFINITIONAL_REPRESENTATION('',(#9857),#9860);
#9857 = B_SPLINE_CURVE_WITH_KNOTS('',1,(#9858,#9859),.UNSPECIFIED.,.F.,
  .F.,(2,2),(-6.644498420295,-4.994498420295),.PIECEWISE_BEZIER_KNOTS.);
#9858 = CARTESIAN_POINT('',(14.009934462678,-13.28899684058));
#9859 = CARTESIAN_POINT('',(14.009934462678,-11.63899684058));
#9860 = ( GEOMETRIC_REPRESENTATION_CONTEXT(2) 
PARAMETRIC_REPRESENTATION_CONTEXT() REPRESENTATION_CONTEXT('2D SPACE',''
  ) );
#9861 = ORIENTED_EDGE('',*,*,#3968,.F.);
#9862 = ORIENTED_EDGE('',*,*,#9863,.F.);
#9863 = EDGE_CURVE('',#9816,#3969,#9864,.T.);
#9864 = SURFACE_CURVE('',#9865,(#9869,#9876),.PCURVE_S1.);
#9865 = LINE('',#9866,#9867);
#9866 = CARTESIAN_POINT('',(50.399,-23.1,5.9));
#9867 = VECTOR('',#9868,1.);
#9868 = DIRECTION('',(0.,1.,0.));
#9869 = PCURVE('',#3983,#9870);
#9870 = DEFINITIONAL_REPRESENTATION('',(#9871),#9875);
#9871 = LINE('',#9872,#9873);
#9872 = CARTESIAN_POINT('',(1.6,0.));
#9873 = VECTOR('',#9874,1.);
#9874 = DIRECTION('',(0.,-1.));
#9875 = ( GEOMETRIC_REPRESENTATION_CONTEXT(2) 
PARAMETRIC_REPRESENTATION_CONTEXT() REPRESENTATION_CONTEXT('2D SPACE',''
  ) );
#9876 = PCURVE('',#4009,#9877);
#9877 = DEFINITIONAL_REPRESENTATION('',(#9878),#9882);
#9878 = LINE('',#9879,#9880);
#9879 = CARTESIAN_POINT('',(2.5,0.));
#9880 = VECTOR('',#9881,1.);
#9881 = DIRECTION('',(0.,1.));
#9882 = ( GEOMETRIC_REPRESENTATION_CONTEXT(2) 
PARAMETRIC_REPRESENTATION_CONTEXT() REPRESENTATION_CONTEXT('2D SPACE',''
  ) );
#9883 = ADVANCED_FACE('',(#9884),#9831,.T.);
#9884 = FACE_BOUND('',#9885,.T.);
#9885 = EDGE_LOOP('',(#9886,#9887,#9908,#9931));
#9886 = ORIENTED_EDGE('',*,*,#9813,.F.);
#9887 = ORIENTED_EDGE('',*,*,#9888,.T.);
#9888 = EDGE_CURVE('',#9814,#9889,#9891,.T.);
#9889 = VERTEX_POINT('',#9890);
#9890 = CARTESIAN_POINT('',(47.899,-23.1,4.4));
#9891 = SURFACE_CURVE('',#9892,(#9896,#9902),.PCURVE_S1.);
#9892 = LINE('',#9893,#9894);
#9893 = CARTESIAN_POINT('',(42.144032768661,-23.1,4.4));
#9894 = VECTOR('',#9895,1.);
#9895 = DIRECTION('',(-1.,0.,0.));
#9896 = PCURVE('',#9831,#9897);
#9897 = DEFINITIONAL_REPRESENTATION('',(#9898),#9901);
#9898 = B_SPLINE_CURVE_WITH_KNOTS('',1,(#9899,#9900),.UNSPECIFIED.,.F.,
  .F.,(2,2),(-8.254967231339,-5.754967231339),.PIECEWISE_BEZIER_KNOTS.);
#9899 = CARTESIAN_POINT('',(1.E-01,2.5));
#9900 = CARTESIAN_POINT('',(1.E-01,0.));
#9901 = ( GEOMETRIC_REPRESENTATION_CONTEXT(2) 
PARAMETRIC_REPRESENTATION_CONTEXT() REPRESENTATION_CONTEXT('2D SPACE',''
  ) );
#9902 = PCURVE('',#152,#9903);
#9903 = DEFINITIONAL_REPRESENTATION('',(#9904),#9907);
#9904 = B_SPLINE_CURVE_WITH_KNOTS('',1,(#9905,#9906),.UNSPECIFIED.,.F.,
  .F.,(2,2),(-8.254967231339,-5.754967231339),.PIECEWISE_BEZIER_KNOTS.);
#9905 = CARTESIAN_POINT('',(14.009934462678,-13.28899684058));
#9906 = CARTESIAN_POINT('',(11.509934462678,-13.28899684058));
#9907 = ( GEOMETRIC_REPRESENTATION_CONTEXT(2) 
PARAMETRIC_REPRESENTATION_CONTEXT() REPRESENTATION_CONTEXT('2D SPACE',''
  ) );
#9908 = ORIENTED_EDGE('',*,*,#9909,.T.);
#9909 = EDGE_CURVE('',#9889,#9910,#9912,.T.);
#9910 = VERTEX_POINT('',#9911);
#9911 = CARTESIAN_POINT('',(47.899,-23.1,5.9));
#9912 = SURFACE_CURVE('',#9913,(#9917,#9924),.PCURVE_S1.);
#9913 = LINE('',#9914,#9915);
#9914 = CARTESIAN_POINT('',(47.899,-23.1,4.3));
#9915 = VECTOR('',#9916,1.);
#9916 = DIRECTION('',(0.,0.,1.));
#9917 = PCURVE('',#9831,#9918);
#9918 = DEFINITIONAL_REPRESENTATION('',(#9919),#9923);
#9919 = LINE('',#9920,#9921);
#9920 = CARTESIAN_POINT('',(0.,0.));
#9921 = VECTOR('',#9922,1.);
#9922 = DIRECTION('',(1.,0.));
#9923 = ( GEOMETRIC_REPRESENTATION_CONTEXT(2) 
PARAMETRIC_REPRESENTATION_CONTEXT() REPRESENTATION_CONTEXT('2D SPACE',''
  ) );
#9924 = PCURVE('',#4035,#9925);
#9925 = DEFINITIONAL_REPRESENTATION('',(#9926),#9930);
#9926 = LINE('',#9927,#9928);
#9927 = CARTESIAN_POINT('',(0.,0.));
#9928 = VECTOR('',#9929,1.);
#9929 = DIRECTION('',(1.,0.));
#9930 = ( GEOMETRIC_REPRESENTATION_CONTEXT(2) 
PARAMETRIC_REPRESENTATION_CONTEXT() REPRESENTATION_CONTEXT('2D SPACE',''
  ) );
#9931 = ORIENTED_EDGE('',*,*,#9932,.T.);
#9932 = EDGE_CURVE('',#9910,#9816,#9933,.T.);
#9933 = SURFACE_CURVE('',#9934,(#9938,#9945),.PCURVE_S1.);
#9934 = LINE('',#9935,#9936);
#9935 = CARTESIAN_POINT('',(47.899,-23.1,5.9));
#9936 = VECTOR('',#9937,1.);
#9937 = DIRECTION('',(1.,0.,0.));
#9938 = PCURVE('',#9831,#9939);
#9939 = DEFINITIONAL_REPRESENTATION('',(#9940),#9944);
#9940 = LINE('',#9941,#9942);
#9941 = CARTESIAN_POINT('',(1.6,0.));
#9942 = VECTOR('',#9943,1.);
#9943 = DIRECTION('',(0.,1.));
#9944 = ( GEOMETRIC_REPRESENTATION_CONTEXT(2) 
PARAMETRIC_REPRESENTATION_CONTEXT() REPRESENTATION_CONTEXT('2D SPACE',''
  ) );
#9945 = PCURVE('',#4009,#9946);
#9946 = DEFINITIONAL_REPRESENTATION('',(#9947),#9951);
#9947 = LINE('',#9948,#9949);
#9948 = CARTESIAN_POINT('',(0.,0.));
#9949 = VECTOR('',#9950,1.);
#9950 = DIRECTION('',(1.,0.));
#9951 = ( GEOMETRIC_REPRESENTATION_CONTEXT(2) 
PARAMETRIC_REPRESENTATION_CONTEXT() REPRESENTATION_CONTEXT('2D SPACE',''
  ) );
#9952 = ADVANCED_FACE('',(#9953),#4009,.F.);
#9953 = FACE_BOUND('',#9954,.F.);
#9954 = EDGE_LOOP('',(#9955,#9976,#9977,#9978));
#9955 = ORIENTED_EDGE('',*,*,#9956,.F.);
#9956 = EDGE_CURVE('',#9910,#3995,#9957,.T.);
#9957 = SURFACE_CURVE('',#9958,(#9962,#9969),.PCURVE_S1.);
#9958 = LINE('',#9959,#9960);
#9959 = CARTESIAN_POINT('',(47.899,-23.1,5.9));
#9960 = VECTOR('',#9961,1.);
#9961 = DIRECTION('',(0.,1.,0.));
#9962 = PCURVE('',#4009,#9963);
#9963 = DEFINITIONAL_REPRESENTATION('',(#9964),#9968);
#9964 = LINE('',#9965,#9966);
#9965 = CARTESIAN_POINT('',(0.,0.));
#9966 = VECTOR('',#9967,1.);
#9967 = DIRECTION('',(0.,1.));
#9968 = ( GEOMETRIC_REPRESENTATION_CONTEXT(2) 
PARAMETRIC_REPRESENTATION_CONTEXT() REPRESENTATION_CONTEXT('2D SPACE',''
  ) );
#9969 = PCURVE('',#4035,#9970);
#9970 = DEFINITIONAL_REPRESENTATION('',(#9971),#9975);
#9971 = LINE('',#9972,#9973);
#9972 = CARTESIAN_POINT('',(1.6,0.));
#9973 = VECTOR('',#9974,1.);
#9974 = DIRECTION('',(0.,-1.));
#9975 = ( GEOMETRIC_REPRESENTATION_CONTEXT(2) 
PARAMETRIC_REPRESENTATION_CONTEXT() REPRESENTATION_CONTEXT('2D SPACE',''
  ) );
#9976 = ORIENTED_EDGE('',*,*,#9932,.T.);
#9977 = ORIENTED_EDGE('',*,*,#9863,.T.);
#9978 = ORIENTED_EDGE('',*,*,#3994,.F.);
#9979 = ADVANCED_FACE('',(#9980),#4035,.T.);
#9980 = FACE_BOUND('',#9981,.T.);
#9981 = EDGE_LOOP('',(#9982,#9983,#10002,#10003));
#9982 = ORIENTED_EDGE('',*,*,#9909,.F.);
#9983 = ORIENTED_EDGE('',*,*,#9984,.T.);
#9984 = EDGE_CURVE('',#9889,#4021,#9985,.T.);
#9985 = SURFACE_CURVE('',#9986,(#9990,#9996),.PCURVE_S1.);
#9986 = LINE('',#9987,#9988);
#9987 = CARTESIAN_POINT('',(47.899,-16.4555015797,4.4));
#9988 = VECTOR('',#9989,1.);
#9989 = DIRECTION('',(0.,1.,0.));
#9990 = PCURVE('',#4035,#9991);
#9991 = DEFINITIONAL_REPRESENTATION('',(#9992),#9995);
#9992 = B_SPLINE_CURVE_WITH_KNOTS('',1,(#9993,#9994),.UNSPECIFIED.,.F.,
  .F.,(2,2),(-6.644498420295,-4.994498420295),.PIECEWISE_BEZIER_KNOTS.);
#9993 = CARTESIAN_POINT('',(1.E-01,0.));
#9994 = CARTESIAN_POINT('',(1.E-01,-1.65));
#9995 = ( GEOMETRIC_REPRESENTATION_CONTEXT(2) 
PARAMETRIC_REPRESENTATION_CONTEXT() REPRESENTATION_CONTEXT('2D SPACE',''
  ) );
#9996 = PCURVE('',#152,#9997);
#9997 = DEFINITIONAL_REPRESENTATION('',(#9998),#10001);
#9998 = B_SPLINE_CURVE_WITH_KNOTS('',1,(#9999,#10000),.UNSPECIFIED.,.F.,
  .F.,(2,2),(-6.644498420295,-4.994498420295),.PIECEWISE_BEZIER_KNOTS.);
#9999 = CARTESIAN_POINT('',(11.509934462678,-13.28899684058));
#10000 = CARTESIAN_POINT('',(11.509934462678,-11.63899684058));
#10001 = ( GEOMETRIC_REPRESENTATION_CONTEXT(2) 
PARAMETRIC_REPRESENTATION_CONTEXT() REPRESENTATION_CONTEXT('2D SPACE',''
  ) );
#10002 = ORIENTED_EDGE('',*,*,#4020,.F.);
#10003 = ORIENTED_EDGE('',*,*,#9956,.F.);
#10004 = ADVANCED_FACE('',(#10005),#3652,.T.);
#10005 = FACE_BOUND('',#10006,.T.);
#10006 = EDGE_LOOP('',(#10007,#10008,#10009,#10010));
#10007 = ORIENTED_EDGE('',*,*,#3806,.F.);
#10008 = ORIENTED_EDGE('',*,*,#3758,.F.);
#10009 = ORIENTED_EDGE('',*,*,#3636,.T.);
#10010 = ORIENTED_EDGE('',*,*,#10011,.F.);
#10011 = EDGE_CURVE('',#3807,#3637,#10012,.T.);
#10012 = SURFACE_CURVE('',#10013,(#10017,#10023),.PCURVE_S1.);
#10013 = LINE('',#10014,#10015);
#10014 = CARTESIAN_POINT('',(19.7,-20.7,6.6));
#10015 = VECTOR('',#10016,1.);
#10016 = DIRECTION('',(-1.,0.,0.));
#10017 = PCURVE('',#3652,#10018);
#10018 = DEFINITIONAL_REPRESENTATION('',(#10019),#10022);
#10019 = B_SPLINE_CURVE_WITH_KNOTS('',1,(#10020,#10021),.UNSPECIFIED.,
  .F.,.F.,(2,2),(-22.3,-20.3),.PIECEWISE_BEZIER_KNOTS.);
#10020 = CARTESIAN_POINT('',(4.8,2.));
#10021 = CARTESIAN_POINT('',(4.8,0.));
#10022 = ( GEOMETRIC_REPRESENTATION_CONTEXT(2) 
PARAMETRIC_REPRESENTATION_CONTEXT() REPRESENTATION_CONTEXT('2D SPACE',''
  ) );
#10023 = PCURVE('',#2335,#10024);
#10024 = DEFINITIONAL_REPRESENTATION('',(#10025),#10028);
#10025 = B_SPLINE_CURVE_WITH_KNOTS('',1,(#10026,#10027),.UNSPECIFIED.,
  .F.,.F.,(2,2),(-22.3,-20.3),.PIECEWISE_BEZIER_KNOTS.);
#10026 = CARTESIAN_POINT('',(42.6,1.15));
#10027 = CARTESIAN_POINT('',(40.6,1.15));
#10028 = ( GEOMETRIC_REPRESENTATION_CONTEXT(2) 
PARAMETRIC_REPRESENTATION_CONTEXT() REPRESENTATION_CONTEXT('2D SPACE',''
  ) );
#10029 = ADVANCED_FACE('',(#10030),#3596,.F.);
#10030 = FACE_BOUND('',#10031,.F.);
#10031 = EDGE_LOOP('',(#10032,#10033,#10034,#10035));
#10032 = ORIENTED_EDGE('',*,*,#3782,.F.);
#10033 = ORIENTED_EDGE('',*,*,#3707,.F.);
#10034 = ORIENTED_EDGE('',*,*,#3578,.T.);
#10035 = ORIENTED_EDGE('',*,*,#10036,.F.);
#10036 = EDGE_CURVE('',#3783,#3581,#10037,.T.);
#10037 = SURFACE_CURVE('',#10038,(#10042,#10048),.PCURVE_S1.);
#10038 = LINE('',#10039,#10040);
#10039 = CARTESIAN_POINT('',(38.194532768661,-22.2,4.4));
#10040 = VECTOR('',#10041,1.);
#10041 = DIRECTION('',(-1.,0.,0.));
#10042 = PCURVE('',#3596,#10043);
#10043 = DEFINITIONAL_REPRESENTATION('',(#10044),#10047);
#10044 = B_SPLINE_CURVE_WITH_KNOTS('',1,(#10045,#10046),.UNSPECIFIED.,
  .F.,.F.,(2,2),(-3.805467231339,-1.805467231339),
  .PIECEWISE_BEZIER_KNOTS.);
#10045 = CARTESIAN_POINT('',(2.6,2.));
#10046 = CARTESIAN_POINT('',(2.6,0.));
#10047 = ( GEOMETRIC_REPRESENTATION_CONTEXT(2) 
PARAMETRIC_REPRESENTATION_CONTEXT() REPRESENTATION_CONTEXT('2D SPACE',''
  ) );
#10048 = PCURVE('',#152,#10049);
#10049 = DEFINITIONAL_REPRESENTATION('',(#10050),#10053);
#10050 = B_SPLINE_CURVE_WITH_KNOTS('',1,(#10051,#10052),.UNSPECIFIED.,
  .F.,.F.,(2,2),(-3.805467231339,-1.805467231339),
  .PIECEWISE_BEZIER_KNOTS.);
#10051 = CARTESIAN_POINT('',(5.610934462678,-12.38899684058));
#10052 = CARTESIAN_POINT('',(3.610934462678,-12.38899684058));
#10053 = ( GEOMETRIC_REPRESENTATION_CONTEXT(2) 
PARAMETRIC_REPRESENTATION_CONTEXT() REPRESENTATION_CONTEXT('2D SPACE',''
  ) );
#10054 = ADVANCED_FACE('',(#10055),#3492,.F.);
#10055 = FACE_BOUND('',#10056,.F.);
#10056 = EDGE_LOOP('',(#10057,#10087,#10106,#10107));
#10057 = ORIENTED_EDGE('',*,*,#10058,.F.);
#10058 = EDGE_CURVE('',#10059,#10061,#10063,.T.);
#10059 = VERTEX_POINT('',#10060);
#10060 = CARTESIAN_POINT('',(39.3,-22.85,4.4));
#10061 = VERTEX_POINT('',#10062);
#10062 = CARTESIAN_POINT('',(39.3,-22.85,5.45));
#10063 = SURFACE_CURVE('',#10064,(#10068,#10075),.PCURVE_S1.);
#10064 = LINE('',#10065,#10066);
#10065 = CARTESIAN_POINT('',(39.3,-22.85,4.3));
#10066 = VECTOR('',#10067,1.);
#10067 = DIRECTION('',(0.,0.,1.));
#10068 = PCURVE('',#3492,#10069);
#10069 = DEFINITIONAL_REPRESENTATION('',(#10070),#10074);
#10070 = LINE('',#10071,#10072);
#10071 = CARTESIAN_POINT('',(0.,0.));
#10072 = VECTOR('',#10073,1.);
#10073 = DIRECTION('',(1.,0.));
#10074 = ( GEOMETRIC_REPRESENTATION_CONTEXT(2) 
PARAMETRIC_REPRESENTATION_CONTEXT() REPRESENTATION_CONTEXT('2D SPACE',''
  ) );
#10075 = PCURVE('',#10076,#10081);
#10076 = PLANE('',#10077);
#10077 = AXIS2_PLACEMENT_3D('',#10078,#10079,#10080);
#10078 = CARTESIAN_POINT('',(28.7,-22.85,4.3));
#10079 = DIRECTION('',(0.,1.,0.));
#10080 = DIRECTION('',(0.,0.,1.));
#10081 = DEFINITIONAL_REPRESENTATION('',(#10082),#10086);
#10082 = LINE('',#10083,#10084);
#10083 = CARTESIAN_POINT('',(0.,10.6));
#10084 = VECTOR('',#10085,1.);
#10085 = DIRECTION('',(1.,0.));
#10086 = ( GEOMETRIC_REPRESENTATION_CONTEXT(2) 
PARAMETRIC_REPRESENTATION_CONTEXT() REPRESENTATION_CONTEXT('2D SPACE',''
  ) );
#10087 = ORIENTED_EDGE('',*,*,#10088,.T.);
#10088 = EDGE_CURVE('',#10059,#3457,#10089,.T.);
#10089 = SURFACE_CURVE('',#10090,(#10094,#10100),.PCURVE_S1.);
#10090 = LINE('',#10091,#10092);
#10091 = CARTESIAN_POINT('',(39.3,-16.3305015797,4.4));
#10092 = VECTOR('',#10093,1.);
#10093 = DIRECTION('',(0.,1.,0.));
#10094 = PCURVE('',#3492,#10095);
#10095 = DEFINITIONAL_REPRESENTATION('',(#10096),#10099);
#10096 = B_SPLINE_CURVE_WITH_KNOTS('',1,(#10097,#10098),.UNSPECIFIED.,
  .F.,.F.,(2,2),(-6.519498420295,-5.369498420295),
  .PIECEWISE_BEZIER_KNOTS.);
#10097 = CARTESIAN_POINT('',(1.E-01,0.));
#10098 = CARTESIAN_POINT('',(1.E-01,-1.15));
#10099 = ( GEOMETRIC_REPRESENTATION_CONTEXT(2) 
PARAMETRIC_REPRESENTATION_CONTEXT() REPRESENTATION_CONTEXT('2D SPACE',''
  ) );
#10100 = PCURVE('',#152,#10101);
#10101 = DEFINITIONAL_REPRESENTATION('',(#10102),#10105);
#10102 = B_SPLINE_CURVE_WITH_KNOTS('',1,(#10103,#10104),.UNSPECIFIED.,
  .F.,.F.,(2,2),(-6.519498420295,-5.369498420295),
  .PIECEWISE_BEZIER_KNOTS.);
#10103 = CARTESIAN_POINT('',(2.910934462678,-13.03899684058));
#10104 = CARTESIAN_POINT('',(2.910934462678,-11.88899684058));
#10105 = ( GEOMETRIC_REPRESENTATION_CONTEXT(2) 
PARAMETRIC_REPRESENTATION_CONTEXT() REPRESENTATION_CONTEXT('2D SPACE',''
  ) );
#10106 = ORIENTED_EDGE('',*,*,#3477,.F.);
#10107 = ORIENTED_EDGE('',*,*,#10108,.F.);
#10108 = EDGE_CURVE('',#10061,#3478,#10109,.T.);
#10109 = SURFACE_CURVE('',#10110,(#10114,#10121),.PCURVE_S1.);
#10110 = LINE('',#10111,#10112);
#10111 = CARTESIAN_POINT('',(39.3,-22.85,5.45));
#10112 = VECTOR('',#10113,1.);
#10113 = DIRECTION('',(0.,1.,0.));
#10114 = PCURVE('',#3492,#10115);
#10115 = DEFINITIONAL_REPRESENTATION('',(#10116),#10120);
#10116 = LINE('',#10117,#10118);
#10117 = CARTESIAN_POINT('',(1.15,0.));
#10118 = VECTOR('',#10119,1.);
#10119 = DIRECTION('',(0.,-1.));
#10120 = ( GEOMETRIC_REPRESENTATION_CONTEXT(2) 
PARAMETRIC_REPRESENTATION_CONTEXT() REPRESENTATION_CONTEXT('2D SPACE',''
  ) );
#10121 = PCURVE('',#3518,#10122);
#10122 = DEFINITIONAL_REPRESENTATION('',(#10123),#10127);
#10123 = LINE('',#10124,#10125);
#10124 = CARTESIAN_POINT('',(10.6,0.));
#10125 = VECTOR('',#10126,1.);
#10126 = DIRECTION('',(0.,1.));
#10127 = ( GEOMETRIC_REPRESENTATION_CONTEXT(2) 
PARAMETRIC_REPRESENTATION_CONTEXT() REPRESENTATION_CONTEXT('2D SPACE',''
  ) );
#10128 = ADVANCED_FACE('',(#10129),#10076,.T.);
#10129 = FACE_BOUND('',#10130,.T.);
#10130 = EDGE_LOOP('',(#10131,#10132,#10153,#10176));
#10131 = ORIENTED_EDGE('',*,*,#10058,.F.);
#10132 = ORIENTED_EDGE('',*,*,#10133,.T.);
#10133 = EDGE_CURVE('',#10059,#10134,#10136,.T.);
#10134 = VERTEX_POINT('',#10135);
#10135 = CARTESIAN_POINT('',(28.7,-22.85,4.4));
#10136 = SURFACE_CURVE('',#10137,(#10141,#10147),.PCURVE_S1.);
#10137 = LINE('',#10138,#10139);
#10138 = CARTESIAN_POINT('',(32.544532768661,-22.85,4.4));
#10139 = VECTOR('',#10140,1.);
#10140 = DIRECTION('',(-1.,0.,0.));
#10141 = PCURVE('',#10076,#10142);
#10142 = DEFINITIONAL_REPRESENTATION('',(#10143),#10146);
#10143 = B_SPLINE_CURVE_WITH_KNOTS('',1,(#10144,#10145),.UNSPECIFIED.,
  .F.,.F.,(2,2),(-6.755467231339,3.844532768661),
  .PIECEWISE_BEZIER_KNOTS.);
#10144 = CARTESIAN_POINT('',(1.E-01,10.6));
#10145 = CARTESIAN_POINT('',(1.E-01,0.));
#10146 = ( GEOMETRIC_REPRESENTATION_CONTEXT(2) 
PARAMETRIC_REPRESENTATION_CONTEXT() REPRESENTATION_CONTEXT('2D SPACE',''
  ) );
#10147 = PCURVE('',#152,#10148);
#10148 = DEFINITIONAL_REPRESENTATION('',(#10149),#10152);
#10149 = B_SPLINE_CURVE_WITH_KNOTS('',1,(#10150,#10151),.UNSPECIFIED.,
  .F.,.F.,(2,2),(-6.755467231339,3.844532768661),
  .PIECEWISE_BEZIER_KNOTS.);
#10150 = CARTESIAN_POINT('',(2.910934462678,-13.03899684058));
#10151 = CARTESIAN_POINT('',(-7.689065537322,-13.03899684058));
#10152 = ( GEOMETRIC_REPRESENTATION_CONTEXT(2) 
PARAMETRIC_REPRESENTATION_CONTEXT() REPRESENTATION_CONTEXT('2D SPACE',''
  ) );
#10153 = ORIENTED_EDGE('',*,*,#10154,.T.);
#10154 = EDGE_CURVE('',#10134,#10155,#10157,.T.);
#10155 = VERTEX_POINT('',#10156);
#10156 = CARTESIAN_POINT('',(28.7,-22.85,5.45));
#10157 = SURFACE_CURVE('',#10158,(#10162,#10169),.PCURVE_S1.);
#10158 = LINE('',#10159,#10160);
#10159 = CARTESIAN_POINT('',(28.7,-22.85,4.3));
#10160 = VECTOR('',#10161,1.);
#10161 = DIRECTION('',(0.,0.,1.));
#10162 = PCURVE('',#10076,#10163);
#10163 = DEFINITIONAL_REPRESENTATION('',(#10164),#10168);
#10164 = LINE('',#10165,#10166);
#10165 = CARTESIAN_POINT('',(0.,0.));
#10166 = VECTOR('',#10167,1.);
#10167 = DIRECTION('',(1.,0.));
#10168 = ( GEOMETRIC_REPRESENTATION_CONTEXT(2) 
PARAMETRIC_REPRESENTATION_CONTEXT() REPRESENTATION_CONTEXT('2D SPACE',''
  ) );
#10169 = PCURVE('',#3544,#10170);
#10170 = DEFINITIONAL_REPRESENTATION('',(#10171),#10175);
#10171 = LINE('',#10172,#10173);
#10172 = CARTESIAN_POINT('',(0.,0.));
#10173 = VECTOR('',#10174,1.);
#10174 = DIRECTION('',(1.,0.));
#10175 = ( GEOMETRIC_REPRESENTATION_CONTEXT(2) 
PARAMETRIC_REPRESENTATION_CONTEXT() REPRESENTATION_CONTEXT('2D SPACE',''
  ) );
#10176 = ORIENTED_EDGE('',*,*,#10177,.T.);
#10177 = EDGE_CURVE('',#10155,#10061,#10178,.T.);
#10178 = SURFACE_CURVE('',#10179,(#10183,#10190),.PCURVE_S1.);
#10179 = LINE('',#10180,#10181);
#10180 = CARTESIAN_POINT('',(28.7,-22.85,5.45));
#10181 = VECTOR('',#10182,1.);
#10182 = DIRECTION('',(1.,0.,0.));
#10183 = PCURVE('',#10076,#10184);
#10184 = DEFINITIONAL_REPRESENTATION('',(#10185),#10189);
#10185 = LINE('',#10186,#10187);
#10186 = CARTESIAN_POINT('',(1.15,0.));
#10187 = VECTOR('',#10188,1.);
#10188 = DIRECTION('',(0.,1.));
#10189 = ( GEOMETRIC_REPRESENTATION_CONTEXT(2) 
PARAMETRIC_REPRESENTATION_CONTEXT() REPRESENTATION_CONTEXT('2D SPACE',''
  ) );
#10190 = PCURVE('',#3518,#10191);
#10191 = DEFINITIONAL_REPRESENTATION('',(#10192),#10196);
#10192 = LINE('',#10193,#10194);
#10193 = CARTESIAN_POINT('',(0.,0.));
#10194 = VECTOR('',#10195,1.);
#10195 = DIRECTION('',(1.,0.));
#10196 = ( GEOMETRIC_REPRESENTATION_CONTEXT(2) 
PARAMETRIC_REPRESENTATION_CONTEXT() REPRESENTATION_CONTEXT('2D SPACE',''
  ) );
#10197 = ADVANCED_FACE('',(#10198),#3518,.F.);
#10198 = FACE_BOUND('',#10199,.F.);
#10199 = EDGE_LOOP('',(#10200,#10221,#10222,#10223));
#10200 = ORIENTED_EDGE('',*,*,#10201,.F.);
#10201 = EDGE_CURVE('',#10155,#3504,#10202,.T.);
#10202 = SURFACE_CURVE('',#10203,(#10207,#10214),.PCURVE_S1.);
#10203 = LINE('',#10204,#10205);
#10204 = CARTESIAN_POINT('',(28.7,-22.85,5.45));
#10205 = VECTOR('',#10206,1.);
#10206 = DIRECTION('',(0.,1.,0.));
#10207 = PCURVE('',#3518,#10208);
#10208 = DEFINITIONAL_REPRESENTATION('',(#10209),#10213);
#10209 = LINE('',#10210,#10211);
#10210 = CARTESIAN_POINT('',(0.,0.));
#10211 = VECTOR('',#10212,1.);
#10212 = DIRECTION('',(0.,1.));
#10213 = ( GEOMETRIC_REPRESENTATION_CONTEXT(2) 
PARAMETRIC_REPRESENTATION_CONTEXT() REPRESENTATION_CONTEXT('2D SPACE',''
  ) );
#10214 = PCURVE('',#3544,#10215);
#10215 = DEFINITIONAL_REPRESENTATION('',(#10216),#10220);
#10216 = LINE('',#10217,#10218);
#10217 = CARTESIAN_POINT('',(1.15,0.));
#10218 = VECTOR('',#10219,1.);
#10219 = DIRECTION('',(0.,-1.));
#10220 = ( GEOMETRIC_REPRESENTATION_CONTEXT(2) 
PARAMETRIC_REPRESENTATION_CONTEXT() REPRESENTATION_CONTEXT('2D SPACE',''
  ) );
#10221 = ORIENTED_EDGE('',*,*,#10177,.T.);
#10222 = ORIENTED_EDGE('',*,*,#10108,.T.);
#10223 = ORIENTED_EDGE('',*,*,#3503,.F.);
#10224 = ADVANCED_FACE('',(#10225),#3544,.T.);
#10225 = FACE_BOUND('',#10226,.T.);
#10226 = EDGE_LOOP('',(#10227,#10228,#10247,#10248));
#10227 = ORIENTED_EDGE('',*,*,#10154,.F.);
#10228 = ORIENTED_EDGE('',*,*,#10229,.T.);
#10229 = EDGE_CURVE('',#10134,#3530,#10230,.T.);
#10230 = SURFACE_CURVE('',#10231,(#10235,#10241),.PCURVE_S1.);
#10231 = LINE('',#10232,#10233);
#10232 = CARTESIAN_POINT('',(28.7,-16.3305015797,4.4));
#10233 = VECTOR('',#10234,1.);
#10234 = DIRECTION('',(0.,1.,0.));
#10235 = PCURVE('',#3544,#10236);
#10236 = DEFINITIONAL_REPRESENTATION('',(#10237),#10240);
#10237 = B_SPLINE_CURVE_WITH_KNOTS('',1,(#10238,#10239),.UNSPECIFIED.,
  .F.,.F.,(2,2),(-6.519498420295,-5.369498420295),
  .PIECEWISE_BEZIER_KNOTS.);
#10238 = CARTESIAN_POINT('',(1.E-01,0.));
#10239 = CARTESIAN_POINT('',(1.E-01,-1.15));
#10240 = ( GEOMETRIC_REPRESENTATION_CONTEXT(2) 
PARAMETRIC_REPRESENTATION_CONTEXT() REPRESENTATION_CONTEXT('2D SPACE',''
  ) );
#10241 = PCURVE('',#152,#10242);
#10242 = DEFINITIONAL_REPRESENTATION('',(#10243),#10246);
#10243 = B_SPLINE_CURVE_WITH_KNOTS('',1,(#10244,#10245),.UNSPECIFIED.,
  .F.,.F.,(2,2),(-6.519498420295,-5.369498420295),
  .PIECEWISE_BEZIER_KNOTS.);
#10244 = CARTESIAN_POINT('',(-7.689065537322,-13.03899684058));
#10245 = CARTESIAN_POINT('',(-7.689065537322,-11.88899684058));
#10246 = ( GEOMETRIC_REPRESENTATION_CONTEXT(2) 
PARAMETRIC_REPRESENTATION_CONTEXT() REPRESENTATION_CONTEXT('2D SPACE',''
  ) );
#10247 = ORIENTED_EDGE('',*,*,#3529,.F.);
#10248 = ORIENTED_EDGE('',*,*,#10201,.F.);
#10249 = ADVANCED_FACE('',(#10250),#3161,.T.);
#10250 = FACE_BOUND('',#10251,.T.);
#10251 = EDGE_LOOP('',(#10252,#10253,#10254,#10255));
#10252 = ORIENTED_EDGE('',*,*,#3315,.F.);
#10253 = ORIENTED_EDGE('',*,*,#3267,.F.);
#10254 = ORIENTED_EDGE('',*,*,#3145,.T.);
#10255 = ORIENTED_EDGE('',*,*,#10256,.F.);
#10256 = EDGE_CURVE('',#3316,#3146,#10257,.T.);
#10257 = SURFACE_CURVE('',#10258,(#10262,#10268),.PCURVE_S1.);
#10258 = LINE('',#10259,#10260);
#10259 = CARTESIAN_POINT('',(8.2,-20.7,6.6));
#10260 = VECTOR('',#10261,1.);
#10261 = DIRECTION('',(-1.,0.,0.));
#10262 = PCURVE('',#3161,#10263);
#10263 = DEFINITIONAL_REPRESENTATION('',(#10264),#10267);
#10264 = B_SPLINE_CURVE_WITH_KNOTS('',1,(#10265,#10266),.UNSPECIFIED.,
  .F.,.F.,(2,2),(-10.8,-8.8),.PIECEWISE_BEZIER_KNOTS.);
#10265 = CARTESIAN_POINT('',(4.8,2.));
#10266 = CARTESIAN_POINT('',(4.8,0.));
#10267 = ( GEOMETRIC_REPRESENTATION_CONTEXT(2) 
PARAMETRIC_REPRESENTATION_CONTEXT() REPRESENTATION_CONTEXT('2D SPACE',''
  ) );
#10268 = PCURVE('',#2335,#10269);
#10269 = DEFINITIONAL_REPRESENTATION('',(#10270),#10273);
#10270 = B_SPLINE_CURVE_WITH_KNOTS('',1,(#10271,#10272),.UNSPECIFIED.,
  .F.,.F.,(2,2),(-10.8,-8.8),.PIECEWISE_BEZIER_KNOTS.);
#10271 = CARTESIAN_POINT('',(19.6,1.15));
#10272 = CARTESIAN_POINT('',(17.6,1.15));
#10273 = ( GEOMETRIC_REPRESENTATION_CONTEXT(2) 
PARAMETRIC_REPRESENTATION_CONTEXT() REPRESENTATION_CONTEXT('2D SPACE',''
  ) );
#10274 = ADVANCED_FACE('',(#10275),#3105,.F.);
#10275 = FACE_BOUND('',#10276,.F.);
#10276 = EDGE_LOOP('',(#10277,#10278,#10279,#10280));
#10277 = ORIENTED_EDGE('',*,*,#3291,.F.);
#10278 = ORIENTED_EDGE('',*,*,#3216,.F.);
#10279 = ORIENTED_EDGE('',*,*,#3087,.T.);
#10280 = ORIENTED_EDGE('',*,*,#10281,.F.);
#10281 = EDGE_CURVE('',#3292,#3090,#10282,.T.);
#10282 = SURFACE_CURVE('',#10283,(#10287,#10293),.PCURVE_S1.);
#10283 = LINE('',#10284,#10285);
#10284 = CARTESIAN_POINT('',(26.694532768661,-22.2,4.4));
#10285 = VECTOR('',#10286,1.);
#10286 = DIRECTION('',(-1.,0.,0.));
#10287 = PCURVE('',#3105,#10288);
#10288 = DEFINITIONAL_REPRESENTATION('',(#10289),#10292);
#10289 = B_SPLINE_CURVE_WITH_KNOTS('',1,(#10290,#10291),.UNSPECIFIED.,
  .F.,.F.,(2,2),(7.694532768661,9.694532768661),
  .PIECEWISE_BEZIER_KNOTS.);
#10290 = CARTESIAN_POINT('',(2.6,2.));
#10291 = CARTESIAN_POINT('',(2.6,0.));
#10292 = ( GEOMETRIC_REPRESENTATION_CONTEXT(2) 
PARAMETRIC_REPRESENTATION_CONTEXT() REPRESENTATION_CONTEXT('2D SPACE',''
  ) );
#10293 = PCURVE('',#152,#10294);
#10294 = DEFINITIONAL_REPRESENTATION('',(#10295),#10298);
#10295 = B_SPLINE_CURVE_WITH_KNOTS('',1,(#10296,#10297),.UNSPECIFIED.,
  .F.,.F.,(2,2),(7.694532768661,9.694532768661),
  .PIECEWISE_BEZIER_KNOTS.);
#10296 = CARTESIAN_POINT('',(-17.38906553732,-12.38899684058));
#10297 = CARTESIAN_POINT('',(-19.38906553732,-12.38899684058));
#10298 = ( GEOMETRIC_REPRESENTATION_CONTEXT(2) 
PARAMETRIC_REPRESENTATION_CONTEXT() REPRESENTATION_CONTEXT('2D SPACE',''
  ) );
#10299 = ADVANCED_FACE('',(#10300),#2584,.T.);
#10300 = FACE_BOUND('',#10301,.T.);
#10301 = EDGE_LOOP('',(#10302,#10303,#10304,#10325));
#10302 = ORIENTED_EDGE('',*,*,#2753,.F.);
#10303 = ORIENTED_EDGE('',*,*,#2845,.F.);
#10304 = ORIENTED_EDGE('',*,*,#10305,.T.);
#10305 = EDGE_CURVE('',#2801,#2539,#10306,.T.);
#10306 = SURFACE_CURVE('',#10307,(#10311,#10318),.PCURVE_S1.);
#10307 = LINE('',#10308,#10309);
#10308 = CARTESIAN_POINT('',(-1.55,-21.95,3.05));
#10309 = VECTOR('',#10310,1.);
#10310 = DIRECTION('',(1.,0.,0.));
#10311 = PCURVE('',#2584,#10312);
#10312 = DEFINITIONAL_REPRESENTATION('',(#10313),#10317);
#10313 = LINE('',#10314,#10315);
#10314 = CARTESIAN_POINT('',(0.,0.));
#10315 = VECTOR('',#10316,1.);
#10316 = DIRECTION('',(1.,0.));
#10317 = ( GEOMETRIC_REPRESENTATION_CONTEXT(2) 
PARAMETRIC_REPRESENTATION_CONTEXT() REPRESENTATION_CONTEXT('2D SPACE',''
  ) );
#10318 = PCURVE('',#2556,#10319);
#10319 = DEFINITIONAL_REPRESENTATION('',(#10320),#10324);
#10320 = LINE('',#10321,#10322);
#10321 = CARTESIAN_POINT('',(0.6,-1.65));
#10322 = VECTOR('',#10323,1.);
#10323 = DIRECTION('',(0.,1.));
#10324 = ( GEOMETRIC_REPRESENTATION_CONTEXT(2) 
PARAMETRIC_REPRESENTATION_CONTEXT() REPRESENTATION_CONTEXT('2D SPACE',''
  ) );
#10325 = ORIENTED_EDGE('',*,*,#2568,.F.);
#10326 = ADVANCED_FACE('',(#10327),#2556,.F.);
#10327 = FACE_BOUND('',#10328,.F.);
#10328 = EDGE_LOOP('',(#10329,#10330,#10331,#10332,#10333,#10334));
#10329 = ORIENTED_EDGE('',*,*,#2918,.F.);
#10330 = ORIENTED_EDGE('',*,*,#2871,.F.);
#10331 = ORIENTED_EDGE('',*,*,#2798,.T.);
#10332 = ORIENTED_EDGE('',*,*,#10305,.T.);
#10333 = ORIENTED_EDGE('',*,*,#2538,.T.);
#10334 = ORIENTED_EDGE('',*,*,#10335,.F.);
#10335 = EDGE_CURVE('',#2919,#2541,#10336,.T.);
#10336 = SURFACE_CURVE('',#10337,(#10341,#10348),.PCURVE_S1.);
#10337 = LINE('',#10338,#10339);
#10338 = CARTESIAN_POINT('',(18.244532768661,-21.95,4.4));
#10339 = VECTOR('',#10340,1.);
#10340 = DIRECTION('',(-1.,0.,0.));
#10341 = PCURVE('',#2556,#10342);
#10342 = DEFINITIONAL_REPRESENTATION('',(#10343),#10347);
#10343 = LINE('',#10344,#10345);
#10344 = CARTESIAN_POINT('',(1.95,18.144532768661));
#10345 = VECTOR('',#10346,1.);
#10346 = DIRECTION('',(0.,-1.));
#10347 = ( GEOMETRIC_REPRESENTATION_CONTEXT(2) 
PARAMETRIC_REPRESENTATION_CONTEXT() REPRESENTATION_CONTEXT('2D SPACE',''
  ) );
#10348 = PCURVE('',#152,#10349);
#10349 = DEFINITIONAL_REPRESENTATION('',(#10350),#10353);
#10350 = B_SPLINE_CURVE_WITH_KNOTS('',1,(#10351,#10352),.UNSPECIFIED.,
  .F.,.F.,(2,2),(16.544532768661,18.144532768661),
  .PIECEWISE_BEZIER_KNOTS.);
#10351 = CARTESIAN_POINT('',(-34.68906553732,-12.13899684058));
#10352 = CARTESIAN_POINT('',(-36.28906553732,-12.13899684058));
#10353 = ( GEOMETRIC_REPRESENTATION_CONTEXT(2) 
PARAMETRIC_REPRESENTATION_CONTEXT() REPRESENTATION_CONTEXT('2D SPACE',''
  ) );
#10354 = ADVANCED_FACE('',(#10355,#10437,#10440,#10443,#10449),#2335,.F.
  );
#10355 = FACE_BOUND('',#10356,.F.);
#10356 = EDGE_LOOP('',(#10357,#10358,#10359,#10360,#10361,#10362,#10363,
    #10364,#10365,#10366,#10367,#10368,#10369,#10370,#10371,#10372,
    #10373,#10374,#10375,#10376,#10377,#10378,#10379,#10380,#10381,
    #10382,#10383,#10384,#10385,#10386,#10387,#10388,#10389,#10390,
    #10391,#10392,#10393,#10394,#10395,#10396,#10417,#10436));
#10357 = ORIENTED_EDGE('',*,*,#2420,.F.);
#10358 = ORIENTED_EDGE('',*,*,#2445,.T.);
#10359 = ORIENTED_EDGE('',*,*,#2623,.T.);
#10360 = ORIENTED_EDGE('',*,*,#2775,.F.);
#10361 = ORIENTED_EDGE('',*,*,#2943,.F.);
#10362 = ORIENTED_EDGE('',*,*,#3015,.T.);
#10363 = ORIENTED_EDGE('',*,*,#3173,.T.);
#10364 = ORIENTED_EDGE('',*,*,#10256,.F.);
#10365 = ORIENTED_EDGE('',*,*,#3338,.F.);
#10366 = ORIENTED_EDGE('',*,*,#3407,.T.);
#10367 = ORIENTED_EDGE('',*,*,#3664,.T.);
#10368 = ORIENTED_EDGE('',*,*,#10011,.F.);
#10369 = ORIENTED_EDGE('',*,*,#3829,.F.);
#10370 = ORIENTED_EDGE('',*,*,#3898,.T.);
#10371 = ORIENTED_EDGE('',*,*,#4155,.T.);
#10372 = ORIENTED_EDGE('',*,*,#9766,.F.);
#10373 = ORIENTED_EDGE('',*,*,#4320,.F.);
#10374 = ORIENTED_EDGE('',*,*,#4439,.T.);
#10375 = ORIENTED_EDGE('',*,*,#4511,.T.);
#10376 = ORIENTED_EDGE('',*,*,#4535,.T.);
#10377 = ORIENTED_EDGE('',*,*,#4662,.T.);
#10378 = ORIENTED_EDGE('',*,*,#4735,.F.);
#10379 = ORIENTED_EDGE('',*,*,#9661,.T.);
#10380 = ORIENTED_EDGE('',*,*,#9634,.F.);
#10381 = ORIENTED_EDGE('',*,*,#9557,.T.);
#10382 = ORIENTED_EDGE('',*,*,#9486,.F.);
#10383 = ORIENTED_EDGE('',*,*,#9360,.T.);
#10384 = ORIENTED_EDGE('',*,*,#9242,.T.);
#10385 = ORIENTED_EDGE('',*,*,#9085,.T.);
#10386 = ORIENTED_EDGE('',*,*,#8984,.F.);
#10387 = ORIENTED_EDGE('',*,*,#8939,.F.);
#10388 = ORIENTED_EDGE('',*,*,#8865,.T.);
#10389 = ORIENTED_EDGE('',*,*,#8747,.T.);
#10390 = ORIENTED_EDGE('',*,*,#8615,.F.);
#10391 = ORIENTED_EDGE('',*,*,#8398,.F.);
#10392 = ORIENTED_EDGE('',*,*,#8324,.T.);
#10393 = ORIENTED_EDGE('',*,*,#8206,.T.);
#10394 = ORIENTED_EDGE('',*,*,#7963,.F.);
#10395 = ORIENTED_EDGE('',*,*,#8101,.F.);
#10396 = ORIENTED_EDGE('',*,*,#10397,.F.);
#10397 = EDGE_CURVE('',#10398,#8061,#10400,.T.);
#10398 = VERTEX_POINT('',#10399);
#10399 = CARTESIAN_POINT('',(0.7,-3.,6.6));
#10400 = SURFACE_CURVE('',#10401,(#10405,#10411),.PCURVE_S1.);
#10401 = LINE('',#10402,#10403);
#10402 = CARTESIAN_POINT('',(-1.55,-3.,6.6));
#10403 = VECTOR('',#10404,1.);
#10404 = DIRECTION('',(-1.,0.,0.));
#10405 = PCURVE('',#2335,#10406);
#10406 = DEFINITIONAL_REPRESENTATION('',(#10407),#10410);
#10407 = B_SPLINE_CURVE_WITH_KNOTS('',1,(#10408,#10409),.UNSPECIFIED.,
  .F.,.F.,(2,2),(-2.25,-0.95),.PIECEWISE_BEZIER_KNOTS.);
#10408 = CARTESIAN_POINT('',(1.3,18.85));
#10409 = CARTESIAN_POINT('',(0.,18.85));
#10410 = ( GEOMETRIC_REPRESENTATION_CONTEXT(2) 
PARAMETRIC_REPRESENTATION_CONTEXT() REPRESENTATION_CONTEXT('2D SPACE',''
  ) );
#10411 = PCURVE('',#1792,#10412);
#10412 = DEFINITIONAL_REPRESENTATION('',(#10413),#10416);
#10413 = B_SPLINE_CURVE_WITH_KNOTS('',1,(#10414,#10415),.UNSPECIFIED.,
  .F.,.F.,(2,2),(-2.25,-0.95),.PIECEWISE_BEZIER_KNOTS.);
#10414 = CARTESIAN_POINT('',(2.2,3.2));
#10415 = CARTESIAN_POINT('',(2.2,1.9));
#10416 = ( GEOMETRIC_REPRESENTATION_CONTEXT(2) 
PARAMETRIC_REPRESENTATION_CONTEXT() REPRESENTATION_CONTEXT('2D SPACE',''
  ) );
#10417 = ORIENTED_EDGE('',*,*,#10418,.F.);
#10418 = EDGE_CURVE('',#2321,#10398,#10419,.T.);
#10419 = SURFACE_CURVE('',#10420,(#10424,#10430),.PCURVE_S1.);
#10420 = LINE('',#10421,#10422);
#10421 = CARTESIAN_POINT('',(0.7,-20.075,6.6));
#10422 = VECTOR('',#10423,1.);
#10423 = DIRECTION('',(0.,1.,0.));
#10424 = PCURVE('',#2335,#10425);
#10425 = DEFINITIONAL_REPRESENTATION('',(#10426),#10429);
#10426 = B_SPLINE_CURVE_WITH_KNOTS('',1,(#10427,#10428),.UNSPECIFIED.,
  .F.,.F.,(2,2),(1.775,17.075),.PIECEWISE_BEZIER_KNOTS.);
#10427 = CARTESIAN_POINT('',(1.3,3.55));
#10428 = CARTESIAN_POINT('',(1.3,18.85));
#10429 = ( GEOMETRIC_REPRESENTATION_CONTEXT(2) 
PARAMETRIC_REPRESENTATION_CONTEXT() REPRESENTATION_CONTEXT('2D SPACE',''
  ) );
#10430 = PCURVE('',#2046,#10431);
#10431 = DEFINITIONAL_REPRESENTATION('',(#10432),#10435);
#10432 = B_SPLINE_CURVE_WITH_KNOTS('',1,(#10433,#10434),.UNSPECIFIED.,
  .F.,.F.,(2,2),(1.775,17.075),.PIECEWISE_BEZIER_KNOTS.);
#10433 = CARTESIAN_POINT('',(2.2,0.));
#10434 = CARTESIAN_POINT('',(2.2,-15.3));
#10435 = ( GEOMETRIC_REPRESENTATION_CONTEXT(2) 
PARAMETRIC_REPRESENTATION_CONTEXT() REPRESENTATION_CONTEXT('2D SPACE',''
  ) );
#10436 = ORIENTED_EDGE('',*,*,#2320,.T.);
#10437 = FACE_BOUND('',#10438,.F.);
#10438 = EDGE_LOOP('',(#10439));
#10439 = ORIENTED_EDGE('',*,*,#7680,.T.);
#10440 = FACE_BOUND('',#10441,.F.);
#10441 = EDGE_LOOP('',(#10442));
#10442 = ORIENTED_EDGE('',*,*,#7414,.T.);
#10443 = FACE_BOUND('',#10444,.F.);
#10444 = EDGE_LOOP('',(#10445,#10446,#10447,#10448));
#10445 = ORIENTED_EDGE('',*,*,#7244,.T.);
#10446 = ORIENTED_EDGE('',*,*,#7312,.T.);
#10447 = ORIENTED_EDGE('',*,*,#7119,.T.);
#10448 = ORIENTED_EDGE('',*,*,#7171,.T.);
#10449 = FACE_BOUND('',#10450,.F.);
#10450 = EDGE_LOOP('',(#10451,#10480,#10507,#10534));
#10451 = ORIENTED_EDGE('',*,*,#10452,.T.);
#10452 = EDGE_CURVE('',#10453,#10455,#10457,.T.);
#10453 = VERTEX_POINT('',#10454);
#10454 = CARTESIAN_POINT('',(1.7,-2.05,6.6));
#10455 = VERTEX_POINT('',#10456);
#10456 = CARTESIAN_POINT('',(0.1,-2.05,6.6));
#10457 = SURFACE_CURVE('',#10458,(#10462,#10468),.PCURVE_S1.);
#10458 = LINE('',#10459,#10460);
#10459 = CARTESIAN_POINT('',(-0.25,-2.05,6.6));
#10460 = VECTOR('',#10461,1.);
#10461 = DIRECTION('',(-1.,0.,0.));
#10462 = PCURVE('',#2335,#10463);
#10463 = DEFINITIONAL_REPRESENTATION('',(#10464),#10467);
#10464 = B_SPLINE_CURVE_WITH_KNOTS('',1,(#10465,#10466),.UNSPECIFIED.,
  .F.,.F.,(2,2),(-1.95,-0.35),.PIECEWISE_BEZIER_KNOTS.);
#10465 = CARTESIAN_POINT('',(2.3,19.8));
#10466 = CARTESIAN_POINT('',(0.7,19.8));
#10467 = ( GEOMETRIC_REPRESENTATION_CONTEXT(2) 
PARAMETRIC_REPRESENTATION_CONTEXT() REPRESENTATION_CONTEXT('2D SPACE',''
  ) );
#10468 = PCURVE('',#10469,#10474);
#10469 = PLANE('',#10470);
#10470 = AXIS2_PLACEMENT_3D('',#10471,#10472,#10473);
#10471 = CARTESIAN_POINT('',(0.1,-2.05,2.45));
#10472 = DIRECTION('',(0.,1.,0.));
#10473 = DIRECTION('',(0.,0.,1.));
#10474 = DEFINITIONAL_REPRESENTATION('',(#10475),#10479);
#10475 = LINE('',#10476,#10477);
#10476 = CARTESIAN_POINT('',(4.15,-0.35));
#10477 = VECTOR('',#10478,1.);
#10478 = DIRECTION('',(0.,-1.));
#10479 = ( GEOMETRIC_REPRESENTATION_CONTEXT(2) 
PARAMETRIC_REPRESENTATION_CONTEXT() REPRESENTATION_CONTEXT('2D SPACE',''
  ) );
#10480 = ORIENTED_EDGE('',*,*,#10481,.T.);
#10481 = EDGE_CURVE('',#10455,#10482,#10484,.T.);
#10482 = VERTEX_POINT('',#10483);
#10483 = CARTESIAN_POINT('',(0.1,0.25,6.6));
#10484 = SURFACE_CURVE('',#10485,(#10489,#10495),.PCURVE_S1.);
#10485 = LINE('',#10486,#10487);
#10486 = CARTESIAN_POINT('',(1.E-01,-11.95,6.6));
#10487 = VECTOR('',#10488,1.);
#10488 = DIRECTION('',(0.,1.,0.));
#10489 = PCURVE('',#2335,#10490);
#10490 = DEFINITIONAL_REPRESENTATION('',(#10491),#10494);
#10491 = B_SPLINE_CURVE_WITH_KNOTS('',1,(#10492,#10493),.UNSPECIFIED.,
  .F.,.F.,(2,2),(9.9,12.2),.PIECEWISE_BEZIER_KNOTS.);
#10492 = CARTESIAN_POINT('',(0.7,19.8));
#10493 = CARTESIAN_POINT('',(0.7,22.1));
#10494 = ( GEOMETRIC_REPRESENTATION_CONTEXT(2) 
PARAMETRIC_REPRESENTATION_CONTEXT() REPRESENTATION_CONTEXT('2D SPACE',''
  ) );
#10495 = PCURVE('',#10496,#10501);
#10496 = PLANE('',#10497);
#10497 = AXIS2_PLACEMENT_3D('',#10498,#10499,#10500);
#10498 = CARTESIAN_POINT('',(0.1,-2.05,2.45));
#10499 = DIRECTION('',(1.,0.,0.));
#10500 = DIRECTION('',(0.,0.,1.));
#10501 = DEFINITIONAL_REPRESENTATION('',(#10502),#10506);
#10502 = LINE('',#10503,#10504);
#10503 = CARTESIAN_POINT('',(4.15,9.9));
#10504 = VECTOR('',#10505,1.);
#10505 = DIRECTION('',(0.,-1.));
#10506 = ( GEOMETRIC_REPRESENTATION_CONTEXT(2) 
PARAMETRIC_REPRESENTATION_CONTEXT() REPRESENTATION_CONTEXT('2D SPACE',''
  ) );
#10507 = ORIENTED_EDGE('',*,*,#10508,.F.);
#10508 = EDGE_CURVE('',#10509,#10482,#10511,.T.);
#10509 = VERTEX_POINT('',#10510);
#10510 = CARTESIAN_POINT('',(1.7,0.25,6.6));
#10511 = SURFACE_CURVE('',#10512,(#10516,#10522),.PCURVE_S1.);
#10512 = LINE('',#10513,#10514);
#10513 = CARTESIAN_POINT('',(-0.25,0.25,6.6));
#10514 = VECTOR('',#10515,1.);
#10515 = DIRECTION('',(-1.,0.,0.));
#10516 = PCURVE('',#2335,#10517);
#10517 = DEFINITIONAL_REPRESENTATION('',(#10518),#10521);
#10518 = B_SPLINE_CURVE_WITH_KNOTS('',1,(#10519,#10520),.UNSPECIFIED.,
  .F.,.F.,(2,2),(-1.95,-0.35),.PIECEWISE_BEZIER_KNOTS.);
#10519 = CARTESIAN_POINT('',(2.3,22.1));
#10520 = CARTESIAN_POINT('',(0.7,22.1));
#10521 = ( GEOMETRIC_REPRESENTATION_CONTEXT(2) 
PARAMETRIC_REPRESENTATION_CONTEXT() REPRESENTATION_CONTEXT('2D SPACE',''
  ) );
#10522 = PCURVE('',#10523,#10528);
#10523 = PLANE('',#10524);
#10524 = AXIS2_PLACEMENT_3D('',#10525,#10526,#10527);
#10525 = CARTESIAN_POINT('',(0.1,0.25,2.45));
#10526 = DIRECTION('',(0.,1.,0.));
#10527 = DIRECTION('',(0.,0.,1.));
#10528 = DEFINITIONAL_REPRESENTATION('',(#10529),#10533);
#10529 = LINE('',#10530,#10531);
#10530 = CARTESIAN_POINT('',(4.15,-0.35));
#10531 = VECTOR('',#10532,1.);
#10532 = DIRECTION('',(0.,-1.));
#10533 = ( GEOMETRIC_REPRESENTATION_CONTEXT(2) 
PARAMETRIC_REPRESENTATION_CONTEXT() REPRESENTATION_CONTEXT('2D SPACE',''
  ) );
#10534 = ORIENTED_EDGE('',*,*,#10535,.F.);
#10535 = EDGE_CURVE('',#10453,#10509,#10536,.T.);
#10536 = SURFACE_CURVE('',#10537,(#10541,#10547),.PCURVE_S1.);
#10537 = LINE('',#10538,#10539);
#10538 = CARTESIAN_POINT('',(1.7,-11.95,6.6));
#10539 = VECTOR('',#10540,1.);
#10540 = DIRECTION('',(0.,1.,0.));
#10541 = PCURVE('',#2335,#10542);
#10542 = DEFINITIONAL_REPRESENTATION('',(#10543),#10546);
#10543 = B_SPLINE_CURVE_WITH_KNOTS('',1,(#10544,#10545),.UNSPECIFIED.,
  .F.,.F.,(2,2),(9.9,12.2),.PIECEWISE_BEZIER_KNOTS.);
#10544 = CARTESIAN_POINT('',(2.3,19.8));
#10545 = CARTESIAN_POINT('',(2.3,22.1));
#10546 = ( GEOMETRIC_REPRESENTATION_CONTEXT(2) 
PARAMETRIC_REPRESENTATION_CONTEXT() REPRESENTATION_CONTEXT('2D SPACE',''
  ) );
#10547 = PCURVE('',#10548,#10553);
#10548 = PLANE('',#10549);
#10549 = AXIS2_PLACEMENT_3D('',#10550,#10551,#10552);
#10550 = CARTESIAN_POINT('',(1.7,-2.05,2.45));
#10551 = DIRECTION('',(1.,0.,0.));
#10552 = DIRECTION('',(0.,0.,1.));
#10553 = DEFINITIONAL_REPRESENTATION('',(#10554),#10558);
#10554 = LINE('',#10555,#10556);
#10555 = CARTESIAN_POINT('',(4.15,9.9));
#10556 = VECTOR('',#10557,1.);
#10557 = DIRECTION('',(0.,-1.));
#10558 = ( GEOMETRIC_REPRESENTATION_CONTEXT(2) 
PARAMETRIC_REPRESENTATION_CONTEXT() REPRESENTATION_CONTEXT('2D SPACE',''
  ) );
#10559 = ADVANCED_FACE('',(#10560),#10523,.T.);
#10560 = FACE_BOUND('',#10561,.T.);
#10561 = EDGE_LOOP('',(#10562,#10585,#10613,#10641,#10669,#10690));
#10562 = ORIENTED_EDGE('',*,*,#10563,.F.);
#10563 = EDGE_CURVE('',#10564,#10509,#10566,.T.);
#10564 = VERTEX_POINT('',#10565);
#10565 = CARTESIAN_POINT('',(1.7,0.25,2.45));
#10566 = SURFACE_CURVE('',#10567,(#10571,#10578),.PCURVE_S1.);
#10567 = LINE('',#10568,#10569);
#10568 = CARTESIAN_POINT('',(1.7,0.25,2.45));
#10569 = VECTOR('',#10570,1.);
#10570 = DIRECTION('',(0.,0.,1.));
#10571 = PCURVE('',#10523,#10572);
#10572 = DEFINITIONAL_REPRESENTATION('',(#10573),#10577);
#10573 = LINE('',#10574,#10575);
#10574 = CARTESIAN_POINT('',(0.,1.6));
#10575 = VECTOR('',#10576,1.);
#10576 = DIRECTION('',(1.,0.));
#10577 = ( GEOMETRIC_REPRESENTATION_CONTEXT(2) 
PARAMETRIC_REPRESENTATION_CONTEXT() REPRESENTATION_CONTEXT('2D SPACE',''
  ) );
#10578 = PCURVE('',#10548,#10579);
#10579 = DEFINITIONAL_REPRESENTATION('',(#10580),#10584);
#10580 = LINE('',#10581,#10582);
#10581 = CARTESIAN_POINT('',(0.,-2.3));
#10582 = VECTOR('',#10583,1.);
#10583 = DIRECTION('',(1.,0.));
#10584 = ( GEOMETRIC_REPRESENTATION_CONTEXT(2) 
PARAMETRIC_REPRESENTATION_CONTEXT() REPRESENTATION_CONTEXT('2D SPACE',''
  ) );
#10585 = ORIENTED_EDGE('',*,*,#10586,.T.);
#10586 = EDGE_CURVE('',#10564,#10587,#10589,.T.);
#10587 = VERTEX_POINT('',#10588);
#10588 = CARTESIAN_POINT('',(-1.55,0.25,2.45));
#10589 = SURFACE_CURVE('',#10590,(#10594,#10601),.PCURVE_S1.);
#10590 = LINE('',#10591,#10592);
#10591 = CARTESIAN_POINT('',(1.7,0.25,2.45));
#10592 = VECTOR('',#10593,1.);
#10593 = DIRECTION('',(-1.,0.,0.));
#10594 = PCURVE('',#10523,#10595);
#10595 = DEFINITIONAL_REPRESENTATION('',(#10596),#10600);
#10596 = LINE('',#10597,#10598);
#10597 = CARTESIAN_POINT('',(0.,1.6));
#10598 = VECTOR('',#10599,1.);
#10599 = DIRECTION('',(0.,-1.));
#10600 = ( GEOMETRIC_REPRESENTATION_CONTEXT(2) 
PARAMETRIC_REPRESENTATION_CONTEXT() REPRESENTATION_CONTEXT('2D SPACE',''
  ) );
#10601 = PCURVE('',#10602,#10607);
#10602 = PLANE('',#10603);
#10603 = AXIS2_PLACEMENT_3D('',#10604,#10605,#10606);
#10604 = CARTESIAN_POINT('',(0.1,-2.05,2.45));
#10605 = DIRECTION('',(0.,0.,1.));
#10606 = DIRECTION('',(1.,0.,0.));
#10607 = DEFINITIONAL_REPRESENTATION('',(#10608),#10612);
#10608 = LINE('',#10609,#10610);
#10609 = CARTESIAN_POINT('',(1.6,2.3));
#10610 = VECTOR('',#10611,1.);
#10611 = DIRECTION('',(-1.,0.));
#10612 = ( GEOMETRIC_REPRESENTATION_CONTEXT(2) 
PARAMETRIC_REPRESENTATION_CONTEXT() REPRESENTATION_CONTEXT('2D SPACE',''
  ) );
#10613 = ORIENTED_EDGE('',*,*,#10614,.T.);
#10614 = EDGE_CURVE('',#10587,#10615,#10617,.T.);
#10615 = VERTEX_POINT('',#10616);
#10616 = CARTESIAN_POINT('',(-1.55,0.25,3.05));
#10617 = SURFACE_CURVE('',#10618,(#10622,#10629),.PCURVE_S1.);
#10618 = LINE('',#10619,#10620);
#10619 = CARTESIAN_POINT('',(-1.55,0.25,2.45));
#10620 = VECTOR('',#10621,1.);
#10621 = DIRECTION('',(0.,0.,1.));
#10622 = PCURVE('',#10523,#10623);
#10623 = DEFINITIONAL_REPRESENTATION('',(#10624),#10628);
#10624 = LINE('',#10625,#10626);
#10625 = CARTESIAN_POINT('',(0.,-1.65));
#10626 = VECTOR('',#10627,1.);
#10627 = DIRECTION('',(1.,0.));
#10628 = ( GEOMETRIC_REPRESENTATION_CONTEXT(2) 
PARAMETRIC_REPRESENTATION_CONTEXT() REPRESENTATION_CONTEXT('2D SPACE',''
  ) );
#10629 = PCURVE('',#10630,#10635);
#10630 = PLANE('',#10631);
#10631 = AXIS2_PLACEMENT_3D('',#10632,#10633,#10634);
#10632 = CARTESIAN_POINT('',(-1.55,-2.05,2.45));
#10633 = DIRECTION('',(1.,0.,0.));
#10634 = DIRECTION('',(0.,0.,1.));
#10635 = DEFINITIONAL_REPRESENTATION('',(#10636),#10640);
#10636 = LINE('',#10637,#10638);
#10637 = CARTESIAN_POINT('',(0.,-2.3));
#10638 = VECTOR('',#10639,1.);
#10639 = DIRECTION('',(1.,0.));
#10640 = ( GEOMETRIC_REPRESENTATION_CONTEXT(2) 
PARAMETRIC_REPRESENTATION_CONTEXT() REPRESENTATION_CONTEXT('2D SPACE',''
  ) );
#10641 = ORIENTED_EDGE('',*,*,#10642,.T.);
#10642 = EDGE_CURVE('',#10615,#10643,#10645,.T.);
#10643 = VERTEX_POINT('',#10644);
#10644 = CARTESIAN_POINT('',(0.1,0.25,3.05));
#10645 = SURFACE_CURVE('',#10646,(#10650,#10657),.PCURVE_S1.);
#10646 = LINE('',#10647,#10648);
#10647 = CARTESIAN_POINT('',(-1.55,0.25,3.05));
#10648 = VECTOR('',#10649,1.);
#10649 = DIRECTION('',(1.,0.,0.));
#10650 = PCURVE('',#10523,#10651);
#10651 = DEFINITIONAL_REPRESENTATION('',(#10652),#10656);
#10652 = LINE('',#10653,#10654);
#10653 = CARTESIAN_POINT('',(0.6,-1.65));
#10654 = VECTOR('',#10655,1.);
#10655 = DIRECTION('',(0.,1.));
#10656 = ( GEOMETRIC_REPRESENTATION_CONTEXT(2) 
PARAMETRIC_REPRESENTATION_CONTEXT() REPRESENTATION_CONTEXT('2D SPACE',''
  ) );
#10657 = PCURVE('',#10658,#10663);
#10658 = PLANE('',#10659);
#10659 = AXIS2_PLACEMENT_3D('',#10660,#10661,#10662);
#10660 = CARTESIAN_POINT('',(-1.55,-2.05,3.05));
#10661 = DIRECTION('',(0.,0.,1.));
#10662 = DIRECTION('',(1.,0.,0.));
#10663 = DEFINITIONAL_REPRESENTATION('',(#10664),#10668);
#10664 = LINE('',#10665,#10666);
#10665 = CARTESIAN_POINT('',(0.,2.3));
#10666 = VECTOR('',#10667,1.);
#10667 = DIRECTION('',(1.,0.));
#10668 = ( GEOMETRIC_REPRESENTATION_CONTEXT(2) 
PARAMETRIC_REPRESENTATION_CONTEXT() REPRESENTATION_CONTEXT('2D SPACE',''
  ) );
#10669 = ORIENTED_EDGE('',*,*,#10670,.F.);
#10670 = EDGE_CURVE('',#10482,#10643,#10671,.T.);
#10671 = SURFACE_CURVE('',#10672,(#10676,#10683),.PCURVE_S1.);
#10672 = LINE('',#10673,#10674);
#10673 = CARTESIAN_POINT('',(0.1,0.25,6.6));
#10674 = VECTOR('',#10675,1.);
#10675 = DIRECTION('',(1.17277080066E-17,0.,-1.));
#10676 = PCURVE('',#10523,#10677);
#10677 = DEFINITIONAL_REPRESENTATION('',(#10678),#10682);
#10678 = LINE('',#10679,#10680);
#10679 = CARTESIAN_POINT('',(4.15,0.));
#10680 = VECTOR('',#10681,1.);
#10681 = DIRECTION('',(-1.,1.17277080066E-17));
#10682 = ( GEOMETRIC_REPRESENTATION_CONTEXT(2) 
PARAMETRIC_REPRESENTATION_CONTEXT() REPRESENTATION_CONTEXT('2D SPACE',''
  ) );
#10683 = PCURVE('',#10496,#10684);
#10684 = DEFINITIONAL_REPRESENTATION('',(#10685),#10689);
#10685 = LINE('',#10686,#10687);
#10686 = CARTESIAN_POINT('',(4.15,-2.3));
#10687 = VECTOR('',#10688,1.);
#10688 = DIRECTION('',(-1.,0.));
#10689 = ( GEOMETRIC_REPRESENTATION_CONTEXT(2) 
PARAMETRIC_REPRESENTATION_CONTEXT() REPRESENTATION_CONTEXT('2D SPACE',''
  ) );
#10690 = ORIENTED_EDGE('',*,*,#10508,.F.);
#10691 = ADVANCED_FACE('',(#10692),#10658,.T.);
#10692 = FACE_BOUND('',#10693,.T.);
#10693 = EDGE_LOOP('',(#10694,#10695,#10718,#10741));
#10694 = ORIENTED_EDGE('',*,*,#10642,.F.);
#10695 = ORIENTED_EDGE('',*,*,#10696,.F.);
#10696 = EDGE_CURVE('',#10697,#10615,#10699,.T.);
#10697 = VERTEX_POINT('',#10698);
#10698 = CARTESIAN_POINT('',(-1.55,-2.05,3.05));
#10699 = SURFACE_CURVE('',#10700,(#10704,#10711),.PCURVE_S1.);
#10700 = LINE('',#10701,#10702);
#10701 = CARTESIAN_POINT('',(-1.55,-2.05,3.05));
#10702 = VECTOR('',#10703,1.);
#10703 = DIRECTION('',(0.,1.,0.));
#10704 = PCURVE('',#10658,#10705);
#10705 = DEFINITIONAL_REPRESENTATION('',(#10706),#10710);
#10706 = LINE('',#10707,#10708);
#10707 = CARTESIAN_POINT('',(0.,0.));
#10708 = VECTOR('',#10709,1.);
#10709 = DIRECTION('',(0.,1.));
#10710 = ( GEOMETRIC_REPRESENTATION_CONTEXT(2) 
PARAMETRIC_REPRESENTATION_CONTEXT() REPRESENTATION_CONTEXT('2D SPACE',''
  ) );
#10711 = PCURVE('',#10630,#10712);
#10712 = DEFINITIONAL_REPRESENTATION('',(#10713),#10717);
#10713 = LINE('',#10714,#10715);
#10714 = CARTESIAN_POINT('',(0.6,0.));
#10715 = VECTOR('',#10716,1.);
#10716 = DIRECTION('',(0.,-1.));
#10717 = ( GEOMETRIC_REPRESENTATION_CONTEXT(2) 
PARAMETRIC_REPRESENTATION_CONTEXT() REPRESENTATION_CONTEXT('2D SPACE',''
  ) );
#10718 = ORIENTED_EDGE('',*,*,#10719,.T.);
#10719 = EDGE_CURVE('',#10697,#10720,#10722,.T.);
#10720 = VERTEX_POINT('',#10721);
#10721 = CARTESIAN_POINT('',(0.1,-2.05,3.05));
#10722 = SURFACE_CURVE('',#10723,(#10727,#10734),.PCURVE_S1.);
#10723 = LINE('',#10724,#10725);
#10724 = CARTESIAN_POINT('',(-1.55,-2.05,3.05));
#10725 = VECTOR('',#10726,1.);
#10726 = DIRECTION('',(1.,0.,0.));
#10727 = PCURVE('',#10658,#10728);
#10728 = DEFINITIONAL_REPRESENTATION('',(#10729),#10733);
#10729 = LINE('',#10730,#10731);
#10730 = CARTESIAN_POINT('',(0.,0.));
#10731 = VECTOR('',#10732,1.);
#10732 = DIRECTION('',(1.,0.));
#10733 = ( GEOMETRIC_REPRESENTATION_CONTEXT(2) 
PARAMETRIC_REPRESENTATION_CONTEXT() REPRESENTATION_CONTEXT('2D SPACE',''
  ) );
#10734 = PCURVE('',#10469,#10735);
#10735 = DEFINITIONAL_REPRESENTATION('',(#10736),#10740);
#10736 = LINE('',#10737,#10738);
#10737 = CARTESIAN_POINT('',(0.6,-1.65));
#10738 = VECTOR('',#10739,1.);
#10739 = DIRECTION('',(0.,1.));
#10740 = ( GEOMETRIC_REPRESENTATION_CONTEXT(2) 
PARAMETRIC_REPRESENTATION_CONTEXT() REPRESENTATION_CONTEXT('2D SPACE',''
  ) );
#10741 = ORIENTED_EDGE('',*,*,#10742,.F.);
#10742 = EDGE_CURVE('',#10643,#10720,#10743,.T.);
#10743 = SURFACE_CURVE('',#10744,(#10748,#10754),.PCURVE_S1.);
#10744 = LINE('',#10745,#10746);
#10745 = CARTESIAN_POINT('',(0.1,-2.05,3.05));
#10746 = VECTOR('',#10747,1.);
#10747 = DIRECTION('',(0.,-1.,0.));
#10748 = PCURVE('',#10658,#10749);
#10749 = DEFINITIONAL_REPRESENTATION('',(#10750),#10753);
#10750 = B_SPLINE_CURVE_WITH_KNOTS('',1,(#10751,#10752),.UNSPECIFIED.,
  .F.,.F.,(2,2),(-2.3,0.),.PIECEWISE_BEZIER_KNOTS.);
#10751 = CARTESIAN_POINT('',(1.65,2.3));
#10752 = CARTESIAN_POINT('',(1.65,0.));
#10753 = ( GEOMETRIC_REPRESENTATION_CONTEXT(2) 
PARAMETRIC_REPRESENTATION_CONTEXT() REPRESENTATION_CONTEXT('2D SPACE',''
  ) );
#10754 = PCURVE('',#10496,#10755);
#10755 = DEFINITIONAL_REPRESENTATION('',(#10756),#10760);
#10756 = LINE('',#10757,#10758);
#10757 = CARTESIAN_POINT('',(0.6,0.));
#10758 = VECTOR('',#10759,1.);
#10759 = DIRECTION('',(0.,1.));
#10760 = ( GEOMETRIC_REPRESENTATION_CONTEXT(2) 
PARAMETRIC_REPRESENTATION_CONTEXT() REPRESENTATION_CONTEXT('2D SPACE',''
  ) );
#10761 = ADVANCED_FACE('',(#10762),#10630,.F.);
#10762 = FACE_BOUND('',#10763,.F.);
#10763 = EDGE_LOOP('',(#10764,#10787,#10808,#10809));
#10764 = ORIENTED_EDGE('',*,*,#10765,.F.);
#10765 = EDGE_CURVE('',#10766,#10697,#10768,.T.);
#10766 = VERTEX_POINT('',#10767);
#10767 = CARTESIAN_POINT('',(-1.55,-2.05,2.45));
#10768 = SURFACE_CURVE('',#10769,(#10773,#10780),.PCURVE_S1.);
#10769 = LINE('',#10770,#10771);
#10770 = CARTESIAN_POINT('',(-1.55,-2.05,2.45));
#10771 = VECTOR('',#10772,1.);
#10772 = DIRECTION('',(0.,0.,1.));
#10773 = PCURVE('',#10630,#10774);
#10774 = DEFINITIONAL_REPRESENTATION('',(#10775),#10779);
#10775 = LINE('',#10776,#10777);
#10776 = CARTESIAN_POINT('',(0.,0.));
#10777 = VECTOR('',#10778,1.);
#10778 = DIRECTION('',(1.,0.));
#10779 = ( GEOMETRIC_REPRESENTATION_CONTEXT(2) 
PARAMETRIC_REPRESENTATION_CONTEXT() REPRESENTATION_CONTEXT('2D SPACE',''
  ) );
#10780 = PCURVE('',#10469,#10781);
#10781 = DEFINITIONAL_REPRESENTATION('',(#10782),#10786);
#10782 = LINE('',#10783,#10784);
#10783 = CARTESIAN_POINT('',(0.,-1.65));
#10784 = VECTOR('',#10785,1.);
#10785 = DIRECTION('',(1.,0.));
#10786 = ( GEOMETRIC_REPRESENTATION_CONTEXT(2) 
PARAMETRIC_REPRESENTATION_CONTEXT() REPRESENTATION_CONTEXT('2D SPACE',''
  ) );
#10787 = ORIENTED_EDGE('',*,*,#10788,.T.);
#10788 = EDGE_CURVE('',#10766,#10587,#10789,.T.);
#10789 = SURFACE_CURVE('',#10790,(#10794,#10801),.PCURVE_S1.);
#10790 = LINE('',#10791,#10792);
#10791 = CARTESIAN_POINT('',(-1.55,-2.05,2.45));
#10792 = VECTOR('',#10793,1.);
#10793 = DIRECTION('',(0.,1.,0.));
#10794 = PCURVE('',#10630,#10795);
#10795 = DEFINITIONAL_REPRESENTATION('',(#10796),#10800);
#10796 = LINE('',#10797,#10798);
#10797 = CARTESIAN_POINT('',(0.,0.));
#10798 = VECTOR('',#10799,1.);
#10799 = DIRECTION('',(0.,-1.));
#10800 = ( GEOMETRIC_REPRESENTATION_CONTEXT(2) 
PARAMETRIC_REPRESENTATION_CONTEXT() REPRESENTATION_CONTEXT('2D SPACE',''
  ) );
#10801 = PCURVE('',#10602,#10802);
#10802 = DEFINITIONAL_REPRESENTATION('',(#10803),#10807);
#10803 = LINE('',#10804,#10805);
#10804 = CARTESIAN_POINT('',(-1.65,0.));
#10805 = VECTOR('',#10806,1.);
#10806 = DIRECTION('',(0.,1.));
#10807 = ( GEOMETRIC_REPRESENTATION_CONTEXT(2) 
PARAMETRIC_REPRESENTATION_CONTEXT() REPRESENTATION_CONTEXT('2D SPACE',''
  ) );
#10808 = ORIENTED_EDGE('',*,*,#10614,.T.);
#10809 = ORIENTED_EDGE('',*,*,#10696,.F.);
#10810 = ADVANCED_FACE('',(#10811),#10602,.F.);
#10811 = FACE_BOUND('',#10812,.F.);
#10812 = EDGE_LOOP('',(#10813,#10814,#10815,#10838));
#10813 = ORIENTED_EDGE('',*,*,#10586,.T.);
#10814 = ORIENTED_EDGE('',*,*,#10788,.F.);
#10815 = ORIENTED_EDGE('',*,*,#10816,.T.);
#10816 = EDGE_CURVE('',#10766,#10817,#10819,.T.);
#10817 = VERTEX_POINT('',#10818);
#10818 = CARTESIAN_POINT('',(1.7,-2.05,2.45));
#10819 = SURFACE_CURVE('',#10820,(#10824,#10831),.PCURVE_S1.);
#10820 = LINE('',#10821,#10822);
#10821 = CARTESIAN_POINT('',(-1.55,-2.05,2.45));
#10822 = VECTOR('',#10823,1.);
#10823 = DIRECTION('',(1.,0.,0.));
#10824 = PCURVE('',#10602,#10825);
#10825 = DEFINITIONAL_REPRESENTATION('',(#10826),#10830);
#10826 = LINE('',#10827,#10828);
#10827 = CARTESIAN_POINT('',(-1.65,0.));
#10828 = VECTOR('',#10829,1.);
#10829 = DIRECTION('',(1.,0.));
#10830 = ( GEOMETRIC_REPRESENTATION_CONTEXT(2) 
PARAMETRIC_REPRESENTATION_CONTEXT() REPRESENTATION_CONTEXT('2D SPACE',''
  ) );
#10831 = PCURVE('',#10469,#10832);
#10832 = DEFINITIONAL_REPRESENTATION('',(#10833),#10837);
#10833 = LINE('',#10834,#10835);
#10834 = CARTESIAN_POINT('',(0.,-1.65));
#10835 = VECTOR('',#10836,1.);
#10836 = DIRECTION('',(0.,1.));
#10837 = ( GEOMETRIC_REPRESENTATION_CONTEXT(2) 
PARAMETRIC_REPRESENTATION_CONTEXT() REPRESENTATION_CONTEXT('2D SPACE',''
  ) );
#10838 = ORIENTED_EDGE('',*,*,#10839,.T.);
#10839 = EDGE_CURVE('',#10817,#10564,#10840,.T.);
#10840 = SURFACE_CURVE('',#10841,(#10845,#10852),.PCURVE_S1.);
#10841 = LINE('',#10842,#10843);
#10842 = CARTESIAN_POINT('',(1.7,-2.05,2.45));
#10843 = VECTOR('',#10844,1.);
#10844 = DIRECTION('',(0.,1.,0.));
#10845 = PCURVE('',#10602,#10846);
#10846 = DEFINITIONAL_REPRESENTATION('',(#10847),#10851);
#10847 = LINE('',#10848,#10849);
#10848 = CARTESIAN_POINT('',(1.6,0.));
#10849 = VECTOR('',#10850,1.);
#10850 = DIRECTION('',(0.,1.));
#10851 = ( GEOMETRIC_REPRESENTATION_CONTEXT(2) 
PARAMETRIC_REPRESENTATION_CONTEXT() REPRESENTATION_CONTEXT('2D SPACE',''
  ) );
#10852 = PCURVE('',#10548,#10853);
#10853 = DEFINITIONAL_REPRESENTATION('',(#10854),#10858);
#10854 = LINE('',#10855,#10856);
#10855 = CARTESIAN_POINT('',(0.,0.));
#10856 = VECTOR('',#10857,1.);
#10857 = DIRECTION('',(0.,-1.));
#10858 = ( GEOMETRIC_REPRESENTATION_CONTEXT(2) 
PARAMETRIC_REPRESENTATION_CONTEXT() REPRESENTATION_CONTEXT('2D SPACE',''
  ) );
#10859 = ADVANCED_FACE('',(#10860),#10496,.F.);
#10860 = FACE_BOUND('',#10861,.F.);
#10861 = EDGE_LOOP('',(#10862,#10883,#10884,#10885));
#10862 = ORIENTED_EDGE('',*,*,#10863,.T.);
#10863 = EDGE_CURVE('',#10455,#10720,#10864,.T.);
#10864 = SURFACE_CURVE('',#10865,(#10869,#10876),.PCURVE_S1.);
#10865 = LINE('',#10866,#10867);
#10866 = CARTESIAN_POINT('',(0.1,-2.05,6.6));
#10867 = VECTOR('',#10868,1.);
#10868 = DIRECTION('',(1.17277080066E-17,0.,-1.));
#10869 = PCURVE('',#10496,#10870);
#10870 = DEFINITIONAL_REPRESENTATION('',(#10871),#10875);
#10871 = LINE('',#10872,#10873);
#10872 = CARTESIAN_POINT('',(4.15,0.));
#10873 = VECTOR('',#10874,1.);
#10874 = DIRECTION('',(-1.,0.));
#10875 = ( GEOMETRIC_REPRESENTATION_CONTEXT(2) 
PARAMETRIC_REPRESENTATION_CONTEXT() REPRESENTATION_CONTEXT('2D SPACE',''
  ) );
#10876 = PCURVE('',#10469,#10877);
#10877 = DEFINITIONAL_REPRESENTATION('',(#10878),#10882);
#10878 = LINE('',#10879,#10880);
#10879 = CARTESIAN_POINT('',(4.15,0.));
#10880 = VECTOR('',#10881,1.);
#10881 = DIRECTION('',(-1.,1.17277080066E-17));
#10882 = ( GEOMETRIC_REPRESENTATION_CONTEXT(2) 
PARAMETRIC_REPRESENTATION_CONTEXT() REPRESENTATION_CONTEXT('2D SPACE',''
  ) );
#10883 = ORIENTED_EDGE('',*,*,#10742,.F.);
#10884 = ORIENTED_EDGE('',*,*,#10670,.F.);
#10885 = ORIENTED_EDGE('',*,*,#10481,.F.);
#10886 = ADVANCED_FACE('',(#10887),#10548,.T.);
#10887 = FACE_BOUND('',#10888,.T.);
#10888 = EDGE_LOOP('',(#10889,#10910,#10911,#10912));
#10889 = ORIENTED_EDGE('',*,*,#10890,.F.);
#10890 = EDGE_CURVE('',#10817,#10453,#10891,.T.);
#10891 = SURFACE_CURVE('',#10892,(#10896,#10903),.PCURVE_S1.);
#10892 = LINE('',#10893,#10894);
#10893 = CARTESIAN_POINT('',(1.7,-2.05,2.45));
#10894 = VECTOR('',#10895,1.);
#10895 = DIRECTION('',(0.,0.,1.));
#10896 = PCURVE('',#10548,#10897);
#10897 = DEFINITIONAL_REPRESENTATION('',(#10898),#10902);
#10898 = LINE('',#10899,#10900);
#10899 = CARTESIAN_POINT('',(0.,0.));
#10900 = VECTOR('',#10901,1.);
#10901 = DIRECTION('',(1.,0.));
#10902 = ( GEOMETRIC_REPRESENTATION_CONTEXT(2) 
PARAMETRIC_REPRESENTATION_CONTEXT() REPRESENTATION_CONTEXT('2D SPACE',''
  ) );
#10903 = PCURVE('',#10469,#10904);
#10904 = DEFINITIONAL_REPRESENTATION('',(#10905),#10909);
#10905 = LINE('',#10906,#10907);
#10906 = CARTESIAN_POINT('',(0.,1.6));
#10907 = VECTOR('',#10908,1.);
#10908 = DIRECTION('',(1.,0.));
#10909 = ( GEOMETRIC_REPRESENTATION_CONTEXT(2) 
PARAMETRIC_REPRESENTATION_CONTEXT() REPRESENTATION_CONTEXT('2D SPACE',''
  ) );
#10910 = ORIENTED_EDGE('',*,*,#10839,.T.);
#10911 = ORIENTED_EDGE('',*,*,#10563,.T.);
#10912 = ORIENTED_EDGE('',*,*,#10535,.F.);
#10913 = ADVANCED_FACE('',(#10914),#10469,.F.);
#10914 = FACE_BOUND('',#10915,.F.);
#10915 = EDGE_LOOP('',(#10916,#10917,#10918,#10919,#10920,#10921));
#10916 = ORIENTED_EDGE('',*,*,#10890,.F.);
#10917 = ORIENTED_EDGE('',*,*,#10816,.F.);
#10918 = ORIENTED_EDGE('',*,*,#10765,.T.);
#10919 = ORIENTED_EDGE('',*,*,#10719,.T.);
#10920 = ORIENTED_EDGE('',*,*,#10863,.F.);
#10921 = ORIENTED_EDGE('',*,*,#10452,.F.);
#10922 = ADVANCED_FACE('',(#10923),#2046,.T.);
#10923 = FACE_BOUND('',#10924,.T.);
#10924 = EDGE_LOOP('',(#10925,#10926,#10927,#10948));
#10925 = ORIENTED_EDGE('',*,*,#2346,.F.);
#10926 = ORIENTED_EDGE('',*,*,#2032,.T.);
#10927 = ORIENTED_EDGE('',*,*,#10928,.T.);
#10928 = EDGE_CURVE('',#1777,#10398,#10929,.T.);
#10929 = SURFACE_CURVE('',#10930,(#10934,#10941),.PCURVE_S1.);
#10930 = LINE('',#10931,#10932);
#10931 = CARTESIAN_POINT('',(0.7,-3.,4.4));
#10932 = VECTOR('',#10933,1.);
#10933 = DIRECTION('',(0.,0.,1.));
#10934 = PCURVE('',#2046,#10935);
#10935 = DEFINITIONAL_REPRESENTATION('',(#10936),#10940);
#10936 = LINE('',#10937,#10938);
#10937 = CARTESIAN_POINT('',(0.,-15.3));
#10938 = VECTOR('',#10939,1.);
#10939 = DIRECTION('',(1.,0.));
#10940 = ( GEOMETRIC_REPRESENTATION_CONTEXT(2) 
PARAMETRIC_REPRESENTATION_CONTEXT() REPRESENTATION_CONTEXT('2D SPACE',''
  ) );
#10941 = PCURVE('',#1792,#10942);
#10942 = DEFINITIONAL_REPRESENTATION('',(#10943),#10947);
#10943 = LINE('',#10944,#10945);
#10944 = CARTESIAN_POINT('',(0.,3.2));
#10945 = VECTOR('',#10946,1.);
#10946 = DIRECTION('',(1.,0.));
#10947 = ( GEOMETRIC_REPRESENTATION_CONTEXT(2) 
PARAMETRIC_REPRESENTATION_CONTEXT() REPRESENTATION_CONTEXT('2D SPACE',''
  ) );
#10948 = ORIENTED_EDGE('',*,*,#10418,.F.);
#10949 = ADVANCED_FACE('',(#10950),#1792,.T.);
#10950 = FACE_BOUND('',#10951,.T.);
#10951 = EDGE_LOOP('',(#10952,#10953,#10972,#10973,#10974));
#10952 = ORIENTED_EDGE('',*,*,#1774,.F.);
#10953 = ORIENTED_EDGE('',*,*,#10954,.T.);
#10954 = EDGE_CURVE('',#1775,#8059,#10955,.T.);
#10955 = SURFACE_CURVE('',#10956,(#10960,#10966),.PCURVE_S1.);
#10956 = LINE('',#10957,#10958);
#10957 = CARTESIAN_POINT('',(-1.092082940622,-3.,4.684542884072));
#10958 = VECTOR('',#10959,1.);
#10959 = DIRECTION('',(-0.951708617761,0.,0.307002779923));
#10960 = PCURVE('',#1792,#10961);
#10961 = DEFINITIONAL_REPRESENTATION('',(#10962),#10965);
#10962 = B_SPLINE_CURVE_WITH_KNOTS('',1,(#10963,#10964),.UNSPECIFIED.,
  .F.,.F.,(2,2),(-0.926841392587,-0.517052101283),
  .PIECEWISE_BEZIER_KNOTS.);
#10963 = CARTESIAN_POINT('',(-1.110223024625E-16,2.29));
#10964 = CARTESIAN_POINT('',(0.125806451613,1.9));
#10965 = ( GEOMETRIC_REPRESENTATION_CONTEXT(2) 
PARAMETRIC_REPRESENTATION_CONTEXT() REPRESENTATION_CONTEXT('2D SPACE',''
  ) );
#10966 = PCURVE('',#305,#10967);
#10967 = DEFINITIONAL_REPRESENTATION('',(#10968),#10971);
#10968 = B_SPLINE_CURVE_WITH_KNOTS('',1,(#10969,#10970),.UNSPECIFIED.,
  .F.,.F.,(2,2),(-0.926841392587,-0.517052101283),
  .PIECEWISE_BEZIER_KNOTS.);
#10969 = CARTESIAN_POINT('',(0.325729949498,-13.));
#10970 = CARTESIAN_POINT('',(0.735519240802,-13.));
#10971 = ( GEOMETRIC_REPRESENTATION_CONTEXT(2) 
PARAMETRIC_REPRESENTATION_CONTEXT() REPRESENTATION_CONTEXT('2D SPACE',''
  ) );
#10972 = ORIENTED_EDGE('',*,*,#8058,.T.);
#10973 = ORIENTED_EDGE('',*,*,#10397,.F.);
#10974 = ORIENTED_EDGE('',*,*,#10928,.F.);
#10975 = ADVANCED_FACE('',(#10976),#1616,.T.);
#10976 = FACE_BOUND('',#10977,.T.);
#10977 = EDGE_LOOP('',(#10978,#10979,#10980,#10981,#11003,#11004,#11005,
    #11006));
#10978 = ORIENTED_EDGE('',*,*,#1963,.T.);
#10979 = ORIENTED_EDGE('',*,*,#1718,.T.);
#10980 = ORIENTED_EDGE('',*,*,#1600,.T.);
#10981 = ORIENTED_EDGE('',*,*,#10982,.T.);
#10982 = EDGE_CURVE('',#1601,#1826,#10983,.T.);
#10983 = SURFACE_CURVE('',#10984,(#10989,#10996),.PCURVE_S1.);
#10984 = CIRCLE('',#10985,3.95);
#10985 = AXIS2_PLACEMENT_3D('',#10986,#10987,#10988);
#10986 = CARTESIAN_POINT('',(-0.586703876899,-7.268,1.844462306783));
#10987 = DIRECTION('',(-0.984807753012,-3.08148791102E-33,0.173648177667
    ));
#10988 = DIRECTION('',(0.173648177667,-1.124276480633E-16,0.984807753012
    ));
#10989 = PCURVE('',#1616,#10990);
#10990 = DEFINITIONAL_REPRESENTATION('',(#10991),#10995);
#10991 = CIRCLE('',#10992,3.95);
#10992 = AXIS2_PLACEMENT_2D('',#10993,#10994);
#10993 = CARTESIAN_POINT('',(0.,-3.4));
#10994 = DIRECTION('',(-1.,1.124276480633E-16));
#10995 = ( GEOMETRIC_REPRESENTATION_CONTEXT(2) 
PARAMETRIC_REPRESENTATION_CONTEXT() REPRESENTATION_CONTEXT('2D SPACE',''
  ) );
#10996 = PCURVE('',#1642,#10997);
#10997 = DEFINITIONAL_REPRESENTATION('',(#10998),#11002);
#10998 = LINE('',#10999,#11000);
#10999 = CARTESIAN_POINT('',(0.,-1.3));
#11000 = VECTOR('',#11001,1.);
#11001 = DIRECTION('',(1.,0.));
#11002 = ( GEOMETRIC_REPRESENTATION_CONTEXT(2) 
PARAMETRIC_REPRESENTATION_CONTEXT() REPRESENTATION_CONTEXT('2D SPACE',''
  ) );
#11003 = ORIENTED_EDGE('',*,*,#1852,.T.);
#11004 = ORIENTED_EDGE('',*,*,#2061,.F.);
#11005 = ORIENTED_EDGE('',*,*,#2143,.F.);
#11006 = ORIENTED_EDGE('',*,*,#2243,.F.);
#11007 = ADVANCED_FACE('',(#11008),#1642,.F.);
#11008 = FACE_BOUND('',#11009,.F.);
#11009 = EDGE_LOOP('',(#11010,#11042,#11043,#11044,#11045));
#11010 = ORIENTED_EDGE('',*,*,#11011,.F.);
#11011 = EDGE_CURVE('',#1522,#11012,#11014,.T.);
#11012 = VERTEX_POINT('',#11013);
#11013 = CARTESIAN_POINT('',(-0.23236685262,-4.281618992691,
    4.407215113748));
#11014 = SURFACE_CURVE('',#11015,(#11020,#11031),.PCURVE_S1.);
#11015 = ELLIPSE('',#11016,3.953763106395,3.95);
#11016 = AXIS2_PLACEMENT_3D('',#11017,#11018,#11019);
#11017 = CARTESIAN_POINT('',(-0.792471847209,-7.268,1.880744751715));
#11018 = DIRECTION('',(-0.97629600712,0.,0.216439613938));
#11019 = DIRECTION('',(-0.216439613938,0.,-0.97629600712));
#11020 = PCURVE('',#1642,#11021);
#11021 = DEFINITIONAL_REPRESENTATION('',(#11022),#11030);
#11022 = B_SPLINE_CURVE_WITH_KNOTS('',6,(#11023,#11024,#11025,#11026,
    #11027,#11028,#11029),.UNSPECIFIED.,.F.,.F.,(7,7),(3.14159265359,
    3.99992139457),.PIECEWISE_BEZIER_KNOTS.);
#11023 = CARTESIAN_POINT('',(0.,-1.263518451562));
#11024 = CARTESIAN_POINT('',(0.143054790163,-1.263518451562));
#11025 = CARTESIAN_POINT('',(0.286109580327,-1.259283254459));
#11026 = CARTESIAN_POINT('',(0.42916437049,-1.250812679657));
#11027 = CARTESIAN_POINT('',(0.572219160653,-1.238367346866));
#11028 = CARTESIAN_POINT('',(0.715273950817,-1.222465897137));
#11029 = CARTESIAN_POINT('',(0.85832874098,-1.203795838616));
#11030 = ( GEOMETRIC_REPRESENTATION_CONTEXT(2) 
PARAMETRIC_REPRESENTATION_CONTEXT() REPRESENTATION_CONTEXT('2D SPACE',''
  ) );
#11031 = PCURVE('',#1387,#11032);
#11032 = DEFINITIONAL_REPRESENTATION('',(#11033),#11041);
#11033 = B_SPLINE_CURVE_WITH_KNOTS('',6,(#11034,#11035,#11036,#11037,
    #11038,#11039,#11040),.UNSPECIFIED.,.F.,.F.,(7,7),(3.14159265359,
    3.99992139457),.PIECEWISE_BEZIER_KNOTS.);
#11034 = CARTESIAN_POINT('',(0.,-1.036481548438));
#11035 = CARTESIAN_POINT('',(0.143054790163,-1.036481548438));
#11036 = CARTESIAN_POINT('',(0.286109580327,-1.040716745541));
#11037 = CARTESIAN_POINT('',(0.42916437049,-1.049187320343));
#11038 = CARTESIAN_POINT('',(0.572219160653,-1.061632653134));
#11039 = CARTESIAN_POINT('',(0.715273950817,-1.077534102863));
#11040 = CARTESIAN_POINT('',(0.85832874098,-1.096204161384));
#11041 = ( GEOMETRIC_REPRESENTATION_CONTEXT(2) 
PARAMETRIC_REPRESENTATION_CONTEXT() REPRESENTATION_CONTEXT('2D SPACE',''
  ) );
#11042 = ORIENTED_EDGE('',*,*,#1628,.T.);
#11043 = ORIENTED_EDGE('',*,*,#10982,.T.);
#11044 = ORIENTED_EDGE('',*,*,#1825,.T.);
#11045 = ORIENTED_EDGE('',*,*,#11046,.F.);
#11046 = EDGE_CURVE('',#11012,#1805,#11047,.T.);
#11047 = SURFACE_CURVE('',#11048,(#11053,#11063),.PCURVE_S1.);
#11048 = ELLIPSE('',#11049,28.816078490961,3.95);
#11049 = AXIS2_PLACEMENT_3D('',#11050,#11051,#11052);
#11050 = CARTESIAN_POINT('',(17.717487562521,-7.268,-1.383060504039));
#11051 = DIRECTION('',(-0.307002779923,0.,-0.951708617761));
#11052 = DIRECTION('',(-0.951708617761,0.,0.307002779923));
#11053 = PCURVE('',#1642,#11054);
#11054 = DEFINITIONAL_REPRESENTATION('',(#11055),#11062);
#11055 = B_SPLINE_CURVE_WITH_KNOTS('',5,(#11056,#11057,#11058,#11059,
    #11060,#11061),.UNSPECIFIED.,.F.,.F.,(6,6),(0.800013710561,
    0.861693377049),.PIECEWISE_BEZIER_KNOTS.);
#11056 = CARTESIAN_POINT('',(0.800013710561,5.999999959094E-07));
#11057 = CARTESIAN_POINT('',(0.812349643858,-0.252596563401));
#11058 = CARTESIAN_POINT('',(0.824685577156,-0.508976530281));
#11059 = CARTESIAN_POINT('',(0.837021510454,-0.769059219526));
#11060 = CARTESIAN_POINT('',(0.849357443752,-1.032762150528));
#11061 = CARTESIAN_POINT('',(0.861693377049,-1.3000006));
#11062 = ( GEOMETRIC_REPRESENTATION_CONTEXT(2) 
PARAMETRIC_REPRESENTATION_CONTEXT() REPRESENTATION_CONTEXT('2D SPACE',''
  ) );
#11063 = PCURVE('',#305,#11064);
#11064 = DEFINITIONAL_REPRESENTATION('',(#11065),#11069);
#11065 = ELLIPSE('',#11066,28.816078490961,3.95);
#11066 = AXIS2_PLACEMENT_2D('',#11067,#11068);
#11067 = CARTESIAN_POINT('',(-18.51143010975,-17.268));
#11068 = DIRECTION('',(1.,0.));
#11069 = ( GEOMETRIC_REPRESENTATION_CONTEXT(2) 
PARAMETRIC_REPRESENTATION_CONTEXT() REPRESENTATION_CONTEXT('2D SPACE',''
  ) );
#11070 = ADVANCED_FACE('',(#11071),#1387,.F.);
#11071 = FACE_BOUND('',#11072,.F.);
#11072 = EDGE_LOOP('',(#11073,#11074,#11075,#11076,#11103,#11136,#11171)
  );
#11073 = ORIENTED_EDGE('',*,*,#1370,.F.);
#11074 = ORIENTED_EDGE('',*,*,#1547,.T.);
#11075 = ORIENTED_EDGE('',*,*,#11011,.T.);
#11076 = ORIENTED_EDGE('',*,*,#11077,.F.);
#11077 = EDGE_CURVE('',#11078,#11012,#11080,.T.);
#11078 = VERTEX_POINT('',#11079);
#11079 = CARTESIAN_POINT('',(-0.243495318257,-4.282127482255,
    4.410804941373));
#11080 = SURFACE_CURVE('',#11081,(#11086,#11096),.PCURVE_S1.);
#11081 = ELLIPSE('',#11082,78.651419730858,3.95);
#11082 = AXIS2_PLACEMENT_3D('',#11083,#11084,#11085);
#11083 = CARTESIAN_POINT('',(48.760473521406,-7.268,-11.39692694238));
#11084 = DIRECTION('',(-0.307002779923,0.,-0.951708617761));
#11085 = DIRECTION('',(-0.951708617761,0.,0.307002779923));
#11086 = PCURVE('',#1387,#11087);
#11087 = DEFINITIONAL_REPRESENTATION('',(#11088),#11095);
#11088 = B_SPLINE_CURVE_WITH_KNOTS('',5,(#11089,#11090,#11091,#11092,
    #11093,#11094),.UNSPECIFIED.,.F.,.F.,(6,6),(0.838643911815,
    0.860679336985),.PIECEWISE_BEZIER_KNOTS.);
#11089 = CARTESIAN_POINT('',(0.838643911815,6.00000013673E-07));
#11090 = CARTESIAN_POINT('',(0.843050996849,-0.257470907157));
#11091 = CARTESIAN_POINT('',(0.847458081883,-0.516217250221));
#11092 = CARTESIAN_POINT('',(0.851865166917,-0.776228011037));
#11093 = CARTESIAN_POINT('',(0.856272251951,-1.037492668279));
#11094 = CARTESIAN_POINT('',(0.860679336985,-1.3000006));
#11095 = ( GEOMETRIC_REPRESENTATION_CONTEXT(2) 
PARAMETRIC_REPRESENTATION_CONTEXT() REPRESENTATION_CONTEXT('2D SPACE',''
  ) );
#11096 = PCURVE('',#305,#11097);
#11097 = DEFINITIONAL_REPRESENTATION('',(#11098),#11102);
#11098 = ELLIPSE('',#11099,78.651419730858,3.95);
#11099 = AXIS2_PLACEMENT_2D('',#11100,#11101);
#11100 = CARTESIAN_POINT('',(-51.12959220218,-17.268));
#11101 = DIRECTION('',(1.,0.));
#11102 = ( GEOMETRIC_REPRESENTATION_CONTEXT(2) 
PARAMETRIC_REPRESENTATION_CONTEXT() REPRESENTATION_CONTEXT('2D SPACE',''
  ) );
#11103 = ORIENTED_EDGE('',*,*,#11104,.F.);
#11104 = EDGE_CURVE('',#11105,#11078,#11107,.T.);
#11105 = VERTEX_POINT('',#11106);
#11106 = CARTESIAN_POINT('',(-0.201141590572,-4.775753690866,
    4.894910264026));
#11107 = SURFACE_CURVE('',#11108,(#11113,#11124),.PCURVE_S1.);
#11108 = ELLIPSE('',#11109,4.010935116949,3.95);
#11109 = AXIS2_PLACEMENT_3D('',#11110,#11111,#11112);
#11110 = CARTESIAN_POINT('',(-0.472351333394,-7.268,1.794968718558));
#11111 = DIRECTION('',(-0.996194698092,-0.,8.715574274766E-02));
#11112 = DIRECTION('',(8.715574274766E-02,0.,0.996194698092));
#11113 = PCURVE('',#1387,#11114);
#11114 = DEFINITIONAL_REPRESENTATION('',(#11115),#11123);
#11115 = B_SPLINE_CURVE_WITH_KNOTS('',6,(#11116,#11117,#11118,#11119,
    #11120,#11121,#11122),.UNSPECIFIED.,.F.,.F.,(7,7),(0.,0.901448502864
    ),.PIECEWISE_BEZIER_KNOTS.);
#11116 = CARTESIAN_POINT('',(2.248552961266E-16,-0.843863841941));
#11117 = CARTESIAN_POINT('',(0.150241417144,-0.843863841941));
#11118 = CARTESIAN_POINT('',(0.300482834288,-0.862729542295));
#11119 = CARTESIAN_POINT('',(0.450724251432,-0.900462019002));
#11120 = CARTESIAN_POINT('',(0.600965668576,-0.955780134615));
#11121 = CARTESIAN_POINT('',(0.75120708572,-1.026137104373));
#11122 = CARTESIAN_POINT('',(0.901448502864,-1.108200039619));
#11123 = ( GEOMETRIC_REPRESENTATION_CONTEXT(2) 
PARAMETRIC_REPRESENTATION_CONTEXT() REPRESENTATION_CONTEXT('2D SPACE',''
  ) );
#11124 = PCURVE('',#11125,#11130);
#11125 = PLANE('',#11126);
#11126 = AXIS2_PLACEMENT_3D('',#11127,#11128,#11129);
#11127 = CARTESIAN_POINT('',(-0.468231047996,-10.668,1.842063796164));
#11128 = DIRECTION('',(-0.996194698092,-0.,8.715574274766E-02));
#11129 = DIRECTION('',(-8.715574274766E-02,0.,-0.996194698092));
#11130 = DEFINITIONAL_REPRESENTATION('',(#11131),#11135);
#11131 = ELLIPSE('',#11132,4.010935116949,3.95);
#11132 = AXIS2_PLACEMENT_2D('',#11133,#11134);
#11133 = CARTESIAN_POINT('',(4.727497315203E-02,-3.4));
#11134 = DIRECTION('',(-1.,0.));
#11135 = ( GEOMETRIC_REPRESENTATION_CONTEXT(2) 
PARAMETRIC_REPRESENTATION_CONTEXT() REPRESENTATION_CONTEXT('2D SPACE',''
  ) );
#11136 = ORIENTED_EDGE('',*,*,#11137,.T.);
#11137 = EDGE_CURVE('',#11105,#11138,#11140,.T.);
#11138 = VERTEX_POINT('',#11139);
#11139 = CARTESIAN_POINT('',(-0.284187843031,-4.283988554927,
    4.423931562268));
#11140 = SURFACE_CURVE('',#11141,(#11146,#11156),.PCURVE_S1.);
#11141 = ELLIPSE('',#11142,3.965088358296,3.95);
#11142 = AXIS2_PLACEMENT_3D('',#11143,#11144,#11145);
#11143 = CARTESIAN_POINT('',(-0.735320505419,-7.268,1.865431095836));
#11144 = DIRECTION('',(-0.984807753012,0.,0.173648177667));
#11145 = DIRECTION('',(-0.173648177667,0.,-0.984807753012));
#11146 = PCURVE('',#1387,#11147);
#11147 = DEFINITIONAL_REPRESENTATION('',(#11148),#11155);
#11148 = B_SPLINE_CURVE_WITH_KNOTS('',5,(#11149,#11150,#11151,#11152,
    #11153,#11154),.UNSPECIFIED.,.F.,.F.,(6,6),(3.82436498974,
    4.001116414221),.PIECEWISE_BEZIER_KNOTS.);
#11149 = CARTESIAN_POINT('',(0.68277233615,-0.9999994));
#11150 = CARTESIAN_POINT('',(0.718122621047,-1.007707266651));
#11151 = CARTESIAN_POINT('',(0.753472905943,-1.015833935642));
#11152 = CARTESIAN_POINT('',(0.788823190839,-1.024359341674));
#11153 = CARTESIAN_POINT('',(0.824173475735,-1.033261231903));
#11154 = CARTESIAN_POINT('',(0.859523760631,-1.042515512044));
#11155 = ( GEOMETRIC_REPRESENTATION_CONTEXT(2) 
PARAMETRIC_REPRESENTATION_CONTEXT() REPRESENTATION_CONTEXT('2D SPACE',''
  ) );
#11156 = PCURVE('',#11157,#11162);
#11157 = CYLINDRICAL_SURFACE('',#11158,3.95);
#11158 = AXIS2_PLACEMENT_3D('',#11159,#11160,#11161);
#11159 = CARTESIAN_POINT('',(-1.763284155515,-7.268,1.955366261736));
#11160 = DIRECTION('',(-0.996194698092,0.,8.715574274766E-02));
#11161 = DIRECTION('',(8.715574274766E-02,-1.124276480633E-16,
    0.996194698092));
#11162 = DEFINITIONAL_REPRESENTATION('',(#11163),#11170);
#11163 = B_SPLINE_CURVE_WITH_KNOTS('',5,(#11164,#11165,#11166,#11167,
    #11168,#11169),.UNSPECIFIED.,.F.,.F.,(6,6),(3.82436498974,
    4.001116414221),.PIECEWISE_BEZIER_KNOTS.);
#11164 = CARTESIAN_POINT('',(0.68277233615,-1.3000006));
#11165 = CARTESIAN_POINT('',(0.718122621047,-1.292292733349));
#11166 = CARTESIAN_POINT('',(0.753472905943,-1.284166064358));
#11167 = CARTESIAN_POINT('',(0.788823190839,-1.275640658326));
#11168 = CARTESIAN_POINT('',(0.824173475735,-1.266738768097));
#11169 = CARTESIAN_POINT('',(0.859523760631,-1.257484487956));
#11170 = ( GEOMETRIC_REPRESENTATION_CONTEXT(2) 
PARAMETRIC_REPRESENTATION_CONTEXT() REPRESENTATION_CONTEXT('2D SPACE',''
  ) );
#11171 = ORIENTED_EDGE('',*,*,#11172,.F.);
#11172 = EDGE_CURVE('',#1371,#11138,#11173,.T.);
#11173 = SURFACE_CURVE('',#11174,(#11179,#11189),.PCURVE_S1.);
#11174 = ELLIPSE('',#11175,78.651419730858,3.95);
#11175 = AXIS2_PLACEMENT_3D('',#11176,#11177,#11178);
#11176 = CARTESIAN_POINT('',(48.760473521406,-7.268,-11.39692694238));
#11177 = DIRECTION('',(-0.307002779923,0.,-0.951708617761));
#11178 = DIRECTION('',(-0.951708617761,0.,0.307002779923));
#11179 = PCURVE('',#1387,#11180);
#11180 = DEFINITIONAL_REPRESENTATION('',(#11181),#11188);
#11181 = B_SPLINE_CURVE_WITH_KNOTS('',5,(#11182,#11183,#11184,#11185,
    #11186,#11187),.UNSPECIFIED.,.F.,.F.,(6,6),(0.838643911815,
    0.860679336985),.PIECEWISE_BEZIER_KNOTS.);
#11182 = CARTESIAN_POINT('',(0.838643911815,6.00000013673E-07));
#11183 = CARTESIAN_POINT('',(0.843050996849,-0.257470907157));
#11184 = CARTESIAN_POINT('',(0.847458081883,-0.516217250221));
#11185 = CARTESIAN_POINT('',(0.851865166917,-0.776228011037));
#11186 = CARTESIAN_POINT('',(0.856272251951,-1.037492668279));
#11187 = CARTESIAN_POINT('',(0.860679336985,-1.3000006));
#11188 = ( GEOMETRIC_REPRESENTATION_CONTEXT(2) 
PARAMETRIC_REPRESENTATION_CONTEXT() REPRESENTATION_CONTEXT('2D SPACE',''
  ) );
#11189 = PCURVE('',#305,#11190);
#11190 = DEFINITIONAL_REPRESENTATION('',(#11191),#11195);
#11191 = ELLIPSE('',#11192,78.651419730858,3.95);
#11192 = AXIS2_PLACEMENT_2D('',#11193,#11194);
#11193 = CARTESIAN_POINT('',(-51.12959220218,-17.268));
#11194 = DIRECTION('',(1.,0.));
#11195 = ( GEOMETRIC_REPRESENTATION_CONTEXT(2) 
PARAMETRIC_REPRESENTATION_CONTEXT() REPRESENTATION_CONTEXT('2D SPACE',''
  ) );
#11196 = ADVANCED_FACE('',(#11197),#11125,.T.);
#11197 = FACE_BOUND('',#11198,.T.);
#11198 = EDGE_LOOP('',(#11199,#11200,#11224));
#11199 = ORIENTED_EDGE('',*,*,#11104,.F.);
#11200 = ORIENTED_EDGE('',*,*,#11201,.T.);
#11201 = EDGE_CURVE('',#11105,#11202,#11204,.T.);
#11202 = VERTEX_POINT('',#11203);
#11203 = CARTESIAN_POINT('',(-0.243495318257,-4.275749545795,
    4.410804941373));
#11204 = SURFACE_CURVE('',#11205,(#11210,#11217),.PCURVE_S1.);
#11205 = CIRCLE('',#11206,3.95);
#11206 = AXIS2_PLACEMENT_3D('',#11207,#11208,#11209);
#11207 = CARTESIAN_POINT('',(-0.468231047996,-7.268,1.842063796164));
#11208 = DIRECTION('',(-0.996194698092,0.,8.715574274766E-02));
#11209 = DIRECTION('',(8.715574274766E-02,-1.124276480633E-16,
    0.996194698092));
#11210 = PCURVE('',#11125,#11211);
#11211 = DEFINITIONAL_REPRESENTATION('',(#11212),#11216);
#11212 = CIRCLE('',#11213,3.95);
#11213 = AXIS2_PLACEMENT_2D('',#11214,#11215);
#11214 = CARTESIAN_POINT('',(0.,-3.4));
#11215 = DIRECTION('',(-1.,1.124276480633E-16));
#11216 = ( GEOMETRIC_REPRESENTATION_CONTEXT(2) 
PARAMETRIC_REPRESENTATION_CONTEXT() REPRESENTATION_CONTEXT('2D SPACE',''
  ) );
#11217 = PCURVE('',#11157,#11218);
#11218 = DEFINITIONAL_REPRESENTATION('',(#11219),#11223);
#11219 = LINE('',#11220,#11221);
#11220 = CARTESIAN_POINT('',(0.,-1.3));
#11221 = VECTOR('',#11222,1.);
#11222 = DIRECTION('',(1.,0.));
#11223 = ( GEOMETRIC_REPRESENTATION_CONTEXT(2) 
PARAMETRIC_REPRESENTATION_CONTEXT() REPRESENTATION_CONTEXT('2D SPACE',''
  ) );
#11224 = ORIENTED_EDGE('',*,*,#11225,.F.);
#11225 = EDGE_CURVE('',#11078,#11202,#11226,.T.);
#11226 = SURFACE_CURVE('',#11227,(#11231,#11237),.PCURVE_S1.);
#11227 = LINE('',#11228,#11229);
#11228 = CARTESIAN_POINT('',(-0.243495318257,-0.334,4.410804941373));
#11229 = VECTOR('',#11230,1.);
#11230 = DIRECTION('',(-0.,1.,0.));
#11231 = PCURVE('',#11125,#11232);
#11232 = DEFINITIONAL_REPRESENTATION('',(#11233),#11236);
#11233 = B_SPLINE_CURVE_WITH_KNOTS('',1,(#11234,#11235),.UNSPECIFIED.,
  .F.,.F.,(2,2),(-17.684,-2.984),.PIECEWISE_BEZIER_KNOTS.);
#11234 = CARTESIAN_POINT('',(-2.578553319075,7.35));
#11235 = CARTESIAN_POINT('',(-2.578553319075,-7.35));
#11236 = ( GEOMETRIC_REPRESENTATION_CONTEXT(2) 
PARAMETRIC_REPRESENTATION_CONTEXT() REPRESENTATION_CONTEXT('2D SPACE',''
  ) );
#11237 = PCURVE('',#305,#11238);
#11238 = DEFINITIONAL_REPRESENTATION('',(#11239),#11242);
#11239 = B_SPLINE_CURVE_WITH_KNOTS('',1,(#11240,#11241),.UNSPECIFIED.,
  .F.,.F.,(2,2),(-17.684,-2.984),.PIECEWISE_BEZIER_KNOTS.);
#11240 = CARTESIAN_POINT('',(0.360924879577,-28.018));
#11241 = CARTESIAN_POINT('',(0.360924879577,-13.318));
#11242 = ( GEOMETRIC_REPRESENTATION_CONTEXT(2) 
PARAMETRIC_REPRESENTATION_CONTEXT() REPRESENTATION_CONTEXT('2D SPACE',''
  ) );
#11243 = ADVANCED_FACE('',(#11244),#11157,.F.);
#11244 = FACE_BOUND('',#11245,.F.);
#11245 = EDGE_LOOP('',(#11246,#11271,#11272));
#11246 = ORIENTED_EDGE('',*,*,#11247,.F.);
#11247 = EDGE_CURVE('',#11138,#11202,#11248,.T.);
#11248 = SURFACE_CURVE('',#11249,(#11254,#11264),.PCURVE_S1.);
#11249 = ELLIPSE('',#11250,17.721931394802,3.95);
#11250 = AXIS2_PLACEMENT_3D('',#11251,#11252,#11253);
#11251 = CARTESIAN_POINT('',(10.76667591704,-7.268,0.859136800955));
#11252 = DIRECTION('',(-0.307002779923,0.,-0.951708617761));
#11253 = DIRECTION('',(-0.951708617761,0.,0.307002779923));
#11254 = PCURVE('',#11157,#11255);
#11255 = DEFINITIONAL_REPRESENTATION('',(#11256),#11263);
#11256 = B_SPLINE_CURVE_WITH_KNOTS('',5,(#11257,#11258,#11259,#11260,
    #11261,#11262),.UNSPECIFIED.,.F.,.F.,(6,6),(0.755328017852,
    0.859523806477),.PIECEWISE_BEZIER_KNOTS.);
#11257 = CARTESIAN_POINT('',(0.755328017852,5.99999998796E-07));
#11258 = CARTESIAN_POINT('',(0.776167175577,-0.246802885162));
#11259 = CARTESIAN_POINT('',(0.797006333302,-0.500434091674));
#11260 = CARTESIAN_POINT('',(0.817845491027,-0.760669732048));
#11261 = CARTESIAN_POINT('',(0.838684648752,-1.027274150449));
#11262 = CARTESIAN_POINT('',(0.859523806477,-1.3000006));
#11263 = ( GEOMETRIC_REPRESENTATION_CONTEXT(2) 
PARAMETRIC_REPRESENTATION_CONTEXT() REPRESENTATION_CONTEXT('2D SPACE',''
  ) );
#11264 = PCURVE('',#305,#11265);
#11265 = DEFINITIONAL_REPRESENTATION('',(#11266),#11270);
#11266 = ELLIPSE('',#11267,17.721931394802,3.95);
#11267 = AXIS2_PLACEMENT_2D('',#11268,#11269);
#11268 = CARTESIAN_POINT('',(-11.20792196054,-17.268));
#11269 = DIRECTION('',(1.,0.));
#11270 = ( GEOMETRIC_REPRESENTATION_CONTEXT(2) 
PARAMETRIC_REPRESENTATION_CONTEXT() REPRESENTATION_CONTEXT('2D SPACE',''
  ) );
#11271 = ORIENTED_EDGE('',*,*,#11137,.F.);
#11272 = ORIENTED_EDGE('',*,*,#11201,.T.);
#11273 = ADVANCED_FACE('',(#11274),#1330,.F.);
#11274 = FACE_BOUND('',#11275,.F.);
#11275 = EDGE_LOOP('',(#11276,#11277,#11304,#11339,#11372,#11397,#11398)
  );
#11276 = ORIENTED_EDGE('',*,*,#1311,.F.);
#11277 = ORIENTED_EDGE('',*,*,#11278,.F.);
#11278 = EDGE_CURVE('',#11279,#1312,#11281,.T.);
#11279 = VERTEX_POINT('',#11280);
#11280 = CARTESIAN_POINT('',(-0.284187843031,-17.05201144507,
    4.423931562268));
#11281 = SURFACE_CURVE('',#11282,(#11287,#11297),.PCURVE_S1.);
#11282 = ELLIPSE('',#11283,78.651419730858,3.95);
#11283 = AXIS2_PLACEMENT_3D('',#11284,#11285,#11286);
#11284 = CARTESIAN_POINT('',(48.760473521406,-14.068,-11.39692694238));
#11285 = DIRECTION('',(-0.307002779923,0.,-0.951708617761));
#11286 = DIRECTION('',(-0.951708617761,0.,0.307002779923));
#11287 = PCURVE('',#1330,#11288);
#11288 = DEFINITIONAL_REPRESENTATION('',(#11289),#11296);
#11289 = B_SPLINE_CURVE_WITH_KNOTS('',5,(#11290,#11291,#11292,#11293,
    #11294,#11295),.UNSPECIFIED.,.F.,.F.,(6,6),(5.422505970195,
    5.444541395365),.PIECEWISE_BEZIER_KNOTS.);
#11290 = CARTESIAN_POINT('',(2.280913316605,-1.3000006));
#11291 = CARTESIAN_POINT('',(2.285320401639,-1.037492668279));
#11292 = CARTESIAN_POINT('',(2.289727486673,-0.776228011037));
#11293 = CARTESIAN_POINT('',(2.294134571707,-0.516217250221));
#11294 = CARTESIAN_POINT('',(2.298541656741,-0.257470907158));
#11295 = CARTESIAN_POINT('',(2.302948741775,6.00000013673E-07));
#11296 = ( GEOMETRIC_REPRESENTATION_CONTEXT(2) 
PARAMETRIC_REPRESENTATION_CONTEXT() REPRESENTATION_CONTEXT('2D SPACE',''
  ) );
#11297 = PCURVE('',#43,#11298);
#11298 = DEFINITIONAL_REPRESENTATION('',(#11299),#11303);
#11299 = ELLIPSE('',#11300,78.651419730858,3.95);
#11300 = AXIS2_PLACEMENT_2D('',#11301,#11302);
#11301 = CARTESIAN_POINT('',(-51.12959220218,-24.068));
#11302 = DIRECTION('',(1.,0.));
#11303 = ( GEOMETRIC_REPRESENTATION_CONTEXT(2) 
PARAMETRIC_REPRESENTATION_CONTEXT() REPRESENTATION_CONTEXT('2D SPACE',''
  ) );
#11304 = ORIENTED_EDGE('',*,*,#11305,.T.);
#11305 = EDGE_CURVE('',#11279,#11306,#11308,.T.);
#11306 = VERTEX_POINT('',#11307);
#11307 = CARTESIAN_POINT('',(-0.201141590572,-16.56024630913,
    4.894910264026));
#11308 = SURFACE_CURVE('',#11309,(#11314,#11324),.PCURVE_S1.);
#11309 = ELLIPSE('',#11310,3.965088358296,3.95);
#11310 = AXIS2_PLACEMENT_3D('',#11311,#11312,#11313);
#11311 = CARTESIAN_POINT('',(-0.735320505419,-14.068,1.865431095836));
#11312 = DIRECTION('',(-0.984807753012,0.,0.173648177667));
#11313 = DIRECTION('',(-0.173648177667,0.,-0.984807753012));
#11314 = PCURVE('',#1330,#11315);
#11315 = DEFINITIONAL_REPRESENTATION('',(#11316),#11323);
#11316 = B_SPLINE_CURVE_WITH_KNOTS('',5,(#11317,#11318,#11319,#11320,
    #11321,#11322),.UNSPECIFIED.,.F.,.F.,(6,6),(2.282068892959,
    2.458820317439),.PIECEWISE_BEZIER_KNOTS.);
#11317 = CARTESIAN_POINT('',(2.282068892959,-1.042515512044));
#11318 = CARTESIAN_POINT('',(2.317419177855,-1.033261231903));
#11319 = CARTESIAN_POINT('',(2.352769462751,-1.024359341674));
#11320 = CARTESIAN_POINT('',(2.388119747647,-1.015833935642));
#11321 = CARTESIAN_POINT('',(2.423470032543,-1.007707266651));
#11322 = CARTESIAN_POINT('',(2.458820317439,-0.9999994));
#11323 = ( GEOMETRIC_REPRESENTATION_CONTEXT(2) 
PARAMETRIC_REPRESENTATION_CONTEXT() REPRESENTATION_CONTEXT('2D SPACE',''
  ) );
#11324 = PCURVE('',#11325,#11330);
#11325 = CYLINDRICAL_SURFACE('',#11326,3.95);
#11326 = AXIS2_PLACEMENT_3D('',#11327,#11328,#11329);
#11327 = CARTESIAN_POINT('',(-1.763284155515,-14.068,1.955366261736));
#11328 = DIRECTION('',(-0.996194698092,0.,8.715574274766E-02));
#11329 = DIRECTION('',(-8.715574274766E-02,1.124276480633E-16,
    -0.996194698092));
#11330 = DEFINITIONAL_REPRESENTATION('',(#11331),#11338);
#11331 = B_SPLINE_CURVE_WITH_KNOTS('',5,(#11332,#11333,#11334,#11335,
    #11336,#11337),.UNSPECIFIED.,.F.,.F.,(6,6),(2.282068892959,
    2.458820317439),.PIECEWISE_BEZIER_KNOTS.);
#11332 = CARTESIAN_POINT('',(2.282068892959,-1.257484487956));
#11333 = CARTESIAN_POINT('',(2.317419177855,-1.266738768097));
#11334 = CARTESIAN_POINT('',(2.352769462751,-1.275640658326));
#11335 = CARTESIAN_POINT('',(2.388119747647,-1.284166064358));
#11336 = CARTESIAN_POINT('',(2.423470032543,-1.292292733349));
#11337 = CARTESIAN_POINT('',(2.458820317439,-1.3000006));
#11338 = ( GEOMETRIC_REPRESENTATION_CONTEXT(2) 
PARAMETRIC_REPRESENTATION_CONTEXT() REPRESENTATION_CONTEXT('2D SPACE',''
  ) );
#11339 = ORIENTED_EDGE('',*,*,#11340,.F.);
#11340 = EDGE_CURVE('',#11341,#11306,#11343,.T.);
#11341 = VERTEX_POINT('',#11342);
#11342 = CARTESIAN_POINT('',(-0.243495318257,-17.05387251774,
    4.410804941373));
#11343 = SURFACE_CURVE('',#11344,(#11349,#11360),.PCURVE_S1.);
#11344 = ELLIPSE('',#11345,4.010935116949,3.95);
#11345 = AXIS2_PLACEMENT_3D('',#11346,#11347,#11348);
#11346 = CARTESIAN_POINT('',(-0.472351333394,-14.068,1.794968718558));
#11347 = DIRECTION('',(-0.996194698092,-0.,8.715574274766E-02));
#11348 = DIRECTION('',(8.715574274766E-02,0.,0.996194698092));
#11349 = PCURVE('',#1330,#11350);
#11350 = DEFINITIONAL_REPRESENTATION('',(#11351),#11359);
#11351 = B_SPLINE_CURVE_WITH_KNOTS('',6,(#11352,#11353,#11354,#11355,
    #11356,#11357,#11358),.UNSPECIFIED.,.F.,.F.,(7,7),(5.381736804315,
    6.28318530718),.PIECEWISE_BEZIER_KNOTS.);
#11352 = CARTESIAN_POINT('',(2.240144150725,-1.108200039619));
#11353 = CARTESIAN_POINT('',(2.390385567869,-1.026137104373));
#11354 = CARTESIAN_POINT('',(2.540626985014,-0.955780134615));
#11355 = CARTESIAN_POINT('',(2.690868402158,-0.900462019002));
#11356 = CARTESIAN_POINT('',(2.841109819302,-0.862729542295));
#11357 = CARTESIAN_POINT('',(2.991351236446,-0.843863841941));
#11358 = CARTESIAN_POINT('',(3.14159265359,-0.843863841941));
#11359 = ( GEOMETRIC_REPRESENTATION_CONTEXT(2) 
PARAMETRIC_REPRESENTATION_CONTEXT() REPRESENTATION_CONTEXT('2D SPACE',''
  ) );
#11360 = PCURVE('',#11361,#11366);
#11361 = PLANE('',#11362);
#11362 = AXIS2_PLACEMENT_3D('',#11363,#11364,#11365);
#11363 = CARTESIAN_POINT('',(-0.468231047996,-10.668,1.842063796164));
#11364 = DIRECTION('',(-0.996194698092,-0.,8.715574274766E-02));
#11365 = DIRECTION('',(-8.715574274766E-02,0.,-0.996194698092));
#11366 = DEFINITIONAL_REPRESENTATION('',(#11367),#11371);
#11367 = ELLIPSE('',#11368,4.010935116949,3.95);
#11368 = AXIS2_PLACEMENT_2D('',#11369,#11370);
#11369 = CARTESIAN_POINT('',(4.727497315202E-02,3.4));
#11370 = DIRECTION('',(-1.,0.));
#11371 = ( GEOMETRIC_REPRESENTATION_CONTEXT(2) 
PARAMETRIC_REPRESENTATION_CONTEXT() REPRESENTATION_CONTEXT('2D SPACE',''
  ) );
#11372 = ORIENTED_EDGE('',*,*,#11373,.F.);
#11373 = EDGE_CURVE('',#1660,#11341,#11374,.T.);
#11374 = SURFACE_CURVE('',#11375,(#11380,#11390),.PCURVE_S1.);
#11375 = ELLIPSE('',#11376,78.651419730858,3.95);
#11376 = AXIS2_PLACEMENT_3D('',#11377,#11378,#11379);
#11377 = CARTESIAN_POINT('',(48.760473521406,-14.068,-11.39692694238));
#11378 = DIRECTION('',(-0.307002779923,0.,-0.951708617761));
#11379 = DIRECTION('',(-0.951708617761,0.,0.307002779923));
#11380 = PCURVE('',#1330,#11381);
#11381 = DEFINITIONAL_REPRESENTATION('',(#11382),#11389);
#11382 = B_SPLINE_CURVE_WITH_KNOTS('',5,(#11383,#11384,#11385,#11386,
    #11387,#11388),.UNSPECIFIED.,.F.,.F.,(6,6),(5.422505970195,
    5.444541395365),.PIECEWISE_BEZIER_KNOTS.);
#11383 = CARTESIAN_POINT('',(2.280913316605,-1.3000006));
#11384 = CARTESIAN_POINT('',(2.285320401639,-1.037492668279));
#11385 = CARTESIAN_POINT('',(2.289727486673,-0.776228011037));
#11386 = CARTESIAN_POINT('',(2.294134571707,-0.516217250221));
#11387 = CARTESIAN_POINT('',(2.298541656741,-0.257470907158));
#11388 = CARTESIAN_POINT('',(2.302948741775,6.00000013673E-07));
#11389 = ( GEOMETRIC_REPRESENTATION_CONTEXT(2) 
PARAMETRIC_REPRESENTATION_CONTEXT() REPRESENTATION_CONTEXT('2D SPACE',''
  ) );
#11390 = PCURVE('',#43,#11391);
#11391 = DEFINITIONAL_REPRESENTATION('',(#11392),#11396);
#11392 = ELLIPSE('',#11393,78.651419730858,3.95);
#11393 = AXIS2_PLACEMENT_2D('',#11394,#11395);
#11394 = CARTESIAN_POINT('',(-51.12959220218,-24.068));
#11395 = DIRECTION('',(1.,0.));
#11396 = ( GEOMETRIC_REPRESENTATION_CONTEXT(2) 
PARAMETRIC_REPRESENTATION_CONTEXT() REPRESENTATION_CONTEXT('2D SPACE',''
  ) );
#11397 = ORIENTED_EDGE('',*,*,#1741,.T.);
#11398 = ORIENTED_EDGE('',*,*,#1498,.F.);
#11399 = ADVANCED_FACE('',(#11400),#11325,.F.);
#11400 = FACE_BOUND('',#11401,.F.);
#11401 = EDGE_LOOP('',(#11402,#11429,#11451));
#11402 = ORIENTED_EDGE('',*,*,#11403,.F.);
#11403 = EDGE_CURVE('',#11404,#11279,#11406,.T.);
#11404 = VERTEX_POINT('',#11405);
#11405 = CARTESIAN_POINT('',(-0.243495318257,-17.0602504542,
    4.410804941373));
#11406 = SURFACE_CURVE('',#11407,(#11412,#11422),.PCURVE_S1.);
#11407 = ELLIPSE('',#11408,17.721931394802,3.95);
#11408 = AXIS2_PLACEMENT_3D('',#11409,#11410,#11411);
#11409 = CARTESIAN_POINT('',(10.76667591704,-14.068,0.859136800955));
#11410 = DIRECTION('',(-0.307002779923,0.,-0.951708617761));
#11411 = DIRECTION('',(-0.951708617761,0.,0.307002779923));
#11412 = PCURVE('',#11325,#11413);
#11413 = DEFINITIONAL_REPRESENTATION('',(#11414),#11421);
#11414 = B_SPLINE_CURVE_WITH_KNOTS('',5,(#11415,#11416,#11417,#11418,
    #11419,#11420),.UNSPECIFIED.,.F.,.F.,(6,6),(5.423661500702,
    5.527857289328),.PIECEWISE_BEZIER_KNOTS.);
#11415 = CARTESIAN_POINT('',(2.282068847112,-1.3000006));
#11416 = CARTESIAN_POINT('',(2.302908004838,-1.027274150449));
#11417 = CARTESIAN_POINT('',(2.323747162563,-0.760669732048));
#11418 = CARTESIAN_POINT('',(2.344586320288,-0.500434091674));
#11419 = CARTESIAN_POINT('',(2.365425478013,-0.246802885162));
#11420 = CARTESIAN_POINT('',(2.386264635738,5.99999993689E-07));
#11421 = ( GEOMETRIC_REPRESENTATION_CONTEXT(2) 
PARAMETRIC_REPRESENTATION_CONTEXT() REPRESENTATION_CONTEXT('2D SPACE',''
  ) );
#11422 = PCURVE('',#43,#11423);
#11423 = DEFINITIONAL_REPRESENTATION('',(#11424),#11428);
#11424 = ELLIPSE('',#11425,17.721931394802,3.95);
#11425 = AXIS2_PLACEMENT_2D('',#11426,#11427);
#11426 = CARTESIAN_POINT('',(-11.20792196054,-24.068));
#11427 = DIRECTION('',(1.,0.));
#11428 = ( GEOMETRIC_REPRESENTATION_CONTEXT(2) 
PARAMETRIC_REPRESENTATION_CONTEXT() REPRESENTATION_CONTEXT('2D SPACE',''
  ) );
#11429 = ORIENTED_EDGE('',*,*,#11430,.T.);
#11430 = EDGE_CURVE('',#11404,#11306,#11431,.T.);
#11431 = SURFACE_CURVE('',#11432,(#11437,#11444),.PCURVE_S1.);
#11432 = CIRCLE('',#11433,3.95);
#11433 = AXIS2_PLACEMENT_3D('',#11434,#11435,#11436);
#11434 = CARTESIAN_POINT('',(-0.468231047996,-14.068,1.842063796164));
#11435 = DIRECTION('',(-0.996194698092,0.,8.715574274766E-02));
#11436 = DIRECTION('',(-8.715574274766E-02,1.124276480633E-16,
    -0.996194698092));
#11437 = PCURVE('',#11325,#11438);
#11438 = DEFINITIONAL_REPRESENTATION('',(#11439),#11443);
#11439 = LINE('',#11440,#11441);
#11440 = CARTESIAN_POINT('',(0.,-1.3));
#11441 = VECTOR('',#11442,1.);
#11442 = DIRECTION('',(1.,0.));
#11443 = ( GEOMETRIC_REPRESENTATION_CONTEXT(2) 
PARAMETRIC_REPRESENTATION_CONTEXT() REPRESENTATION_CONTEXT('2D SPACE',''
  ) );
#11444 = PCURVE('',#11361,#11445);
#11445 = DEFINITIONAL_REPRESENTATION('',(#11446),#11450);
#11446 = CIRCLE('',#11447,3.95);
#11447 = AXIS2_PLACEMENT_2D('',#11448,#11449);
#11448 = CARTESIAN_POINT('',(-8.896367482811E-16,3.4));
#11449 = DIRECTION('',(1.,-1.124276480633E-16));
#11450 = ( GEOMETRIC_REPRESENTATION_CONTEXT(2) 
PARAMETRIC_REPRESENTATION_CONTEXT() REPRESENTATION_CONTEXT('2D SPACE',''
  ) );
#11451 = ORIENTED_EDGE('',*,*,#11305,.F.);
#11452 = ADVANCED_FACE('',(#11453),#11361,.T.);
#11453 = FACE_BOUND('',#11454,.T.);
#11454 = EDGE_LOOP('',(#11455,#11474,#11475));
#11455 = ORIENTED_EDGE('',*,*,#11456,.F.);
#11456 = EDGE_CURVE('',#11404,#11341,#11457,.T.);
#11457 = SURFACE_CURVE('',#11458,(#11462,#11468),.PCURVE_S1.);
#11458 = LINE('',#11459,#11460);
#11459 = CARTESIAN_POINT('',(-0.243495318257,-0.334,4.410804941373));
#11460 = VECTOR('',#11461,1.);
#11461 = DIRECTION('',(-0.,1.,0.));
#11462 = PCURVE('',#11361,#11463);
#11463 = DEFINITIONAL_REPRESENTATION('',(#11464),#11467);
#11464 = B_SPLINE_CURVE_WITH_KNOTS('',1,(#11465,#11466),.UNSPECIFIED.,
  .F.,.F.,(2,2),(-17.684,-2.984),.PIECEWISE_BEZIER_KNOTS.);
#11465 = CARTESIAN_POINT('',(-2.578553319075,7.35));
#11466 = CARTESIAN_POINT('',(-2.578553319075,-7.35));
#11467 = ( GEOMETRIC_REPRESENTATION_CONTEXT(2) 
PARAMETRIC_REPRESENTATION_CONTEXT() REPRESENTATION_CONTEXT('2D SPACE',''
  ) );
#11468 = PCURVE('',#43,#11469);
#11469 = DEFINITIONAL_REPRESENTATION('',(#11470),#11473);
#11470 = B_SPLINE_CURVE_WITH_KNOTS('',1,(#11471,#11472),.UNSPECIFIED.,
  .F.,.F.,(2,2),(-17.684,-2.984),.PIECEWISE_BEZIER_KNOTS.);
#11471 = CARTESIAN_POINT('',(0.360924879577,-28.018));
#11472 = CARTESIAN_POINT('',(0.360924879577,-13.318));
#11473 = ( GEOMETRIC_REPRESENTATION_CONTEXT(2) 
PARAMETRIC_REPRESENTATION_CONTEXT() REPRESENTATION_CONTEXT('2D SPACE',''
  ) );
#11474 = ORIENTED_EDGE('',*,*,#11430,.T.);
#11475 = ORIENTED_EDGE('',*,*,#11340,.F.);
#11476 = ADVANCED_FACE('',(#11477),#1127,.F.);
#11477 = FACE_BOUND('',#11478,.F.);
#11478 = EDGE_LOOP('',(#11479,#11480,#11481,#11482));
#11479 = ORIENTED_EDGE('',*,*,#1110,.F.);
#11480 = ORIENTED_EDGE('',*,*,#1287,.T.);
#11481 = ORIENTED_EDGE('',*,*,#1420,.T.);
#11482 = ORIENTED_EDGE('',*,*,#11483,.F.);
#11483 = EDGE_CURVE('',#1111,#1400,#11484,.T.);
#11484 = SURFACE_CURVE('',#11485,(#11490,#11500),.PCURVE_S1.);
#11485 = ELLIPSE('',#11486,28.816078490961,3.95);
#11486 = AXIS2_PLACEMENT_3D('',#11487,#11488,#11489);
#11487 = CARTESIAN_POINT('',(17.717487562521,-7.268,-1.383060504039));
#11488 = DIRECTION('',(-0.307002779923,0.,-0.951708617761));
#11489 = DIRECTION('',(-0.951708617761,0.,0.307002779923));
#11490 = PCURVE('',#1127,#11491);
#11491 = DEFINITIONAL_REPRESENTATION('',(#11492),#11499);
#11492 = B_SPLINE_CURVE_WITH_KNOTS('',5,(#11493,#11494,#11495,#11496,
    #11497,#11498),.UNSPECIFIED.,.F.,.F.,(6,6),(0.800013710561,
    0.861693377049),.PIECEWISE_BEZIER_KNOTS.);
#11493 = CARTESIAN_POINT('',(0.800013710561,5.999999959094E-07));
#11494 = CARTESIAN_POINT('',(0.812349643858,-0.252596563401));
#11495 = CARTESIAN_POINT('',(0.824685577156,-0.508976530281));
#11496 = CARTESIAN_POINT('',(0.837021510454,-0.769059219526));
#11497 = CARTESIAN_POINT('',(0.849357443752,-1.032762150528));
#11498 = CARTESIAN_POINT('',(0.861693377049,-1.3000006));
#11499 = ( GEOMETRIC_REPRESENTATION_CONTEXT(2) 
PARAMETRIC_REPRESENTATION_CONTEXT() REPRESENTATION_CONTEXT('2D SPACE',''
  ) );
#11500 = PCURVE('',#305,#11501);
#11501 = DEFINITIONAL_REPRESENTATION('',(#11502),#11506);
#11502 = ELLIPSE('',#11503,28.816078490961,3.95);
#11503 = AXIS2_PLACEMENT_2D('',#11504,#11505);
#11504 = CARTESIAN_POINT('',(-18.51143010975,-17.268));
#11505 = DIRECTION('',(1.,0.));
#11506 = ( GEOMETRIC_REPRESENTATION_CONTEXT(2) 
PARAMETRIC_REPRESENTATION_CONTEXT() REPRESENTATION_CONTEXT('2D SPACE',''
  ) );
#11507 = ADVANCED_FACE('',(#11508),#1070,.F.);
#11508 = FACE_BOUND('',#11509,.F.);
#11509 = EDGE_LOOP('',(#11510,#11511,#11536,#11537));
#11510 = ORIENTED_EDGE('',*,*,#1051,.F.);
#11511 = ORIENTED_EDGE('',*,*,#11512,.F.);
#11512 = EDGE_CURVE('',#1448,#1052,#11513,.T.);
#11513 = SURFACE_CURVE('',#11514,(#11519,#11529),.PCURVE_S1.);
#11514 = ELLIPSE('',#11515,28.816078490961,3.95);
#11515 = AXIS2_PLACEMENT_3D('',#11516,#11517,#11518);
#11516 = CARTESIAN_POINT('',(17.717487562521,-14.068,-1.383060504039));
#11517 = DIRECTION('',(-0.307002779923,0.,-0.951708617761));
#11518 = DIRECTION('',(-0.951708617761,0.,0.307002779923));
#11519 = PCURVE('',#1070,#11520);
#11520 = DEFINITIONAL_REPRESENTATION('',(#11521),#11528);
#11521 = B_SPLINE_CURVE_WITH_KNOTS('',5,(#11522,#11523,#11524,#11525,
    #11526,#11527),.UNSPECIFIED.,.F.,.F.,(6,6),(5.42149193013,
    5.483171596619),.PIECEWISE_BEZIER_KNOTS.);
#11522 = CARTESIAN_POINT('',(2.279899276541,-1.3000006));
#11523 = CARTESIAN_POINT('',(2.292235209838,-1.032762150528));
#11524 = CARTESIAN_POINT('',(2.304571143136,-0.769059219526));
#11525 = CARTESIAN_POINT('',(2.316907076434,-0.508976530281));
#11526 = CARTESIAN_POINT('',(2.329243009731,-0.252596563401));
#11527 = CARTESIAN_POINT('',(2.341578943029,5.999999959094E-07));
#11528 = ( GEOMETRIC_REPRESENTATION_CONTEXT(2) 
PARAMETRIC_REPRESENTATION_CONTEXT() REPRESENTATION_CONTEXT('2D SPACE',''
  ) );
#11529 = PCURVE('',#43,#11530);
#11530 = DEFINITIONAL_REPRESENTATION('',(#11531),#11535);
#11531 = ELLIPSE('',#11532,28.816078490961,3.95);
#11532 = AXIS2_PLACEMENT_2D('',#11533,#11534);
#11533 = CARTESIAN_POINT('',(-18.51143010975,-24.068));
#11534 = DIRECTION('',(1.,0.));
#11535 = ( GEOMETRIC_REPRESENTATION_CONTEXT(2) 
PARAMETRIC_REPRESENTATION_CONTEXT() REPRESENTATION_CONTEXT('2D SPACE',''
  ) );
#11536 = ORIENTED_EDGE('',*,*,#1447,.T.);
#11537 = ORIENTED_EDGE('',*,*,#1238,.F.);
#11538 = ADVANCED_FACE('',(#11539),#874,.F.);
#11539 = FACE_BOUND('',#11540,.F.);
#11540 = EDGE_LOOP('',(#11541,#11542,#11543,#11544));
#11541 = ORIENTED_EDGE('',*,*,#857,.F.);
#11542 = ORIENTED_EDGE('',*,*,#1027,.T.);
#11543 = ORIENTED_EDGE('',*,*,#1160,.T.);
#11544 = ORIENTED_EDGE('',*,*,#11545,.F.);
#11545 = EDGE_CURVE('',#858,#1140,#11546,.T.);
#11546 = SURFACE_CURVE('',#11547,(#11552,#11562),.PCURVE_S1.);
#11547 = ELLIPSE('',#11548,17.721931394802,3.95);
#11548 = AXIS2_PLACEMENT_3D('',#11549,#11550,#11551);
#11549 = CARTESIAN_POINT('',(10.76667591704,-7.268,0.859136800955));
#11550 = DIRECTION('',(-0.307002779923,0.,-0.951708617761));
#11551 = DIRECTION('',(-0.951708617761,0.,0.307002779923));
#11552 = PCURVE('',#874,#11553);
#11553 = DEFINITIONAL_REPRESENTATION('',(#11554),#11561);
#11554 = B_SPLINE_CURVE_WITH_KNOTS('',5,(#11555,#11556,#11557,#11558,
    #11559,#11560),.UNSPECIFIED.,.F.,.F.,(6,6),(0.755328017852,
    0.859523806477),.PIECEWISE_BEZIER_KNOTS.);
#11555 = CARTESIAN_POINT('',(0.755328017852,5.99999998796E-07));
#11556 = CARTESIAN_POINT('',(0.776167175577,-0.246802885162));
#11557 = CARTESIAN_POINT('',(0.797006333302,-0.500434091674));
#11558 = CARTESIAN_POINT('',(0.817845491027,-0.760669732048));
#11559 = CARTESIAN_POINT('',(0.838684648752,-1.027274150449));
#11560 = CARTESIAN_POINT('',(0.859523806477,-1.3000006));
#11561 = ( GEOMETRIC_REPRESENTATION_CONTEXT(2) 
PARAMETRIC_REPRESENTATION_CONTEXT() REPRESENTATION_CONTEXT('2D SPACE',''
  ) );
#11562 = PCURVE('',#305,#11563);
#11563 = DEFINITIONAL_REPRESENTATION('',(#11564),#11568);
#11564 = ELLIPSE('',#11565,17.721931394802,3.95);
#11565 = AXIS2_PLACEMENT_2D('',#11566,#11567);
#11566 = CARTESIAN_POINT('',(-11.20792196054,-17.268));
#11567 = DIRECTION('',(1.,0.));
#11568 = ( GEOMETRIC_REPRESENTATION_CONTEXT(2) 
PARAMETRIC_REPRESENTATION_CONTEXT() REPRESENTATION_CONTEXT('2D SPACE',''
  ) );
#11569 = ADVANCED_FACE('',(#11570),#817,.F.);
#11570 = FACE_BOUND('',#11571,.F.);
#11571 = EDGE_LOOP('',(#11572,#11573,#11598,#11599));
#11572 = ORIENTED_EDGE('',*,*,#798,.F.);
#11573 = ORIENTED_EDGE('',*,*,#11574,.F.);
#11574 = EDGE_CURVE('',#1188,#799,#11575,.T.);
#11575 = SURFACE_CURVE('',#11576,(#11581,#11591),.PCURVE_S1.);
#11576 = ELLIPSE('',#11577,17.721931394802,3.95);
#11577 = AXIS2_PLACEMENT_3D('',#11578,#11579,#11580);
#11578 = CARTESIAN_POINT('',(10.76667591704,-14.068,0.859136800955));
#11579 = DIRECTION('',(-0.307002779923,0.,-0.951708617761));
#11580 = DIRECTION('',(-0.951708617761,0.,0.307002779923));
#11581 = PCURVE('',#817,#11582);
#11582 = DEFINITIONAL_REPRESENTATION('',(#11583),#11590);
#11583 = B_SPLINE_CURVE_WITH_KNOTS('',5,(#11584,#11585,#11586,#11587,
    #11588,#11589),.UNSPECIFIED.,.F.,.F.,(6,6),(5.423661500702,
    5.527857289328),.PIECEWISE_BEZIER_KNOTS.);
#11584 = CARTESIAN_POINT('',(2.282068847112,-1.3000006));
#11585 = CARTESIAN_POINT('',(2.302908004838,-1.027274150449));
#11586 = CARTESIAN_POINT('',(2.323747162563,-0.760669732048));
#11587 = CARTESIAN_POINT('',(2.344586320288,-0.500434091674));
#11588 = CARTESIAN_POINT('',(2.365425478013,-0.246802885162));
#11589 = CARTESIAN_POINT('',(2.386264635738,5.99999993689E-07));
#11590 = ( GEOMETRIC_REPRESENTATION_CONTEXT(2) 
PARAMETRIC_REPRESENTATION_CONTEXT() REPRESENTATION_CONTEXT('2D SPACE',''
  ) );
#11591 = PCURVE('',#43,#11592);
#11592 = DEFINITIONAL_REPRESENTATION('',(#11593),#11597);
#11593 = ELLIPSE('',#11594,17.721931394802,3.95);
#11594 = AXIS2_PLACEMENT_2D('',#11595,#11596);
#11595 = CARTESIAN_POINT('',(-11.20792196054,-24.068));
#11596 = DIRECTION('',(1.,0.));
#11597 = ( GEOMETRIC_REPRESENTATION_CONTEXT(2) 
PARAMETRIC_REPRESENTATION_CONTEXT() REPRESENTATION_CONTEXT('2D SPACE',''
  ) );
#11598 = ORIENTED_EDGE('',*,*,#1187,.T.);
#11599 = ORIENTED_EDGE('',*,*,#978,.F.);
#11600 = ADVANCED_FACE('',(#11601),#622,.F.);
#11601 = FACE_BOUND('',#11602,.F.);
#11602 = EDGE_LOOP('',(#11603,#11604,#11605,#11626));
#11603 = ORIENTED_EDGE('',*,*,#774,.T.);
#11604 = ORIENTED_EDGE('',*,*,#935,.F.);
#11605 = ORIENTED_EDGE('',*,*,#11606,.F.);
#11606 = EDGE_CURVE('',#607,#908,#11607,.T.);
#11607 = SURFACE_CURVE('',#11608,(#11612,#11619),.PCURVE_S1.);
#11608 = LINE('',#11609,#11610);
#11609 = CARTESIAN_POINT('',(-1.65,-7.268,5.8));
#11610 = VECTOR('',#11611,1.);
#11611 = DIRECTION('',(1.,0.,0.));
#11612 = PCURVE('',#622,#11613);
#11613 = DEFINITIONAL_REPRESENTATION('',(#11614),#11618);
#11614 = LINE('',#11615,#11616);
#11615 = CARTESIAN_POINT('',(6.8,0.));
#11616 = VECTOR('',#11617,1.);
#11617 = DIRECTION('',(0.,-1.));
#11618 = ( GEOMETRIC_REPRESENTATION_CONTEXT(2) 
PARAMETRIC_REPRESENTATION_CONTEXT() REPRESENTATION_CONTEXT('2D SPACE',''
  ) );
#11619 = PCURVE('',#651,#11620);
#11620 = DEFINITIONAL_REPRESENTATION('',(#11621),#11625);
#11621 = LINE('',#11622,#11623);
#11622 = CARTESIAN_POINT('',(0.,0.));
#11623 = VECTOR('',#11624,1.);
#11624 = DIRECTION('',(0.,-1.));
#11625 = ( GEOMETRIC_REPRESENTATION_CONTEXT(2) 
PARAMETRIC_REPRESENTATION_CONTEXT() REPRESENTATION_CONTEXT('2D SPACE',''
  ) );
#11626 = ORIENTED_EDGE('',*,*,#606,.F.);
#11627 = ADVANCED_FACE('',(#11628),#651,.F.);
#11628 = FACE_BOUND('',#11629,.F.);
#11629 = EDGE_LOOP('',(#11630,#11631,#11632,#11633));
#11630 = ORIENTED_EDGE('',*,*,#634,.F.);
#11631 = ORIENTED_EDGE('',*,*,#11606,.T.);
#11632 = ORIENTED_EDGE('',*,*,#907,.T.);
#11633 = ORIENTED_EDGE('',*,*,#11634,.F.);
#11634 = EDGE_CURVE('',#635,#887,#11635,.T.);
#11635 = SURFACE_CURVE('',#11636,(#11641,#11651),.PCURVE_S1.);
#11636 = ELLIPSE('',#11637,12.866333005173,3.95);
#11637 = AXIS2_PLACEMENT_3D('',#11638,#11639,#11640);
#11638 = CARTESIAN_POINT('',(7.695,-7.268,1.85));
#11639 = DIRECTION('',(-0.307002779923,0.,-0.951708617761));
#11640 = DIRECTION('',(-0.951708617761,0.,0.307002779923));
#11641 = PCURVE('',#651,#11642);
#11642 = DEFINITIONAL_REPRESENTATION('',(#11643),#11650);
#11643 = B_SPLINE_CURVE_WITH_KNOTS('',5,(#11644,#11645,#11646,#11647,
    #11648,#11649),.UNSPECIFIED.,.F.,.F.,(6,6),(0.702593730686,
    0.853960131528),.PIECEWISE_BEZIER_KNOTS.);
#11644 = CARTESIAN_POINT('',(0.702593730686,6.000000003503E-07));
#11645 = CARTESIAN_POINT('',(0.732867010855,-0.2395431044));
#11646 = CARTESIAN_POINT('',(0.763140291023,-0.489792338891));
#11647 = CARTESIAN_POINT('',(0.793413571191,-0.750289760136));
#11648 = CARTESIAN_POINT('',(0.823686851359,-1.020537048771));
#11649 = CARTESIAN_POINT('',(0.853960131528,-1.3000006));
#11650 = ( GEOMETRIC_REPRESENTATION_CONTEXT(2) 
PARAMETRIC_REPRESENTATION_CONTEXT() REPRESENTATION_CONTEXT('2D SPACE',''
  ) );
#11651 = PCURVE('',#305,#11652);
#11652 = DEFINITIONAL_REPRESENTATION('',(#11653),#11657);
#11653 = ELLIPSE('',#11654,12.866333005173,3.95);
#11654 = AXIS2_PLACEMENT_2D('',#11655,#11656);
#11655 = CARTESIAN_POINT('',(-7.980383762702,-17.268));
#11656 = DIRECTION('',(1.,0.));
#11657 = ( GEOMETRIC_REPRESENTATION_CONTEXT(2) 
PARAMETRIC_REPRESENTATION_CONTEXT() REPRESENTATION_CONTEXT('2D SPACE',''
  ) );
#11658 = ADVANCED_FACE('',(#11659),#412,.F.);
#11659 = FACE_BOUND('',#11660,.F.);
#11660 = EDGE_LOOP('',(#11661,#11662,#11663,#11688));
#11661 = ORIENTED_EDGE('',*,*,#456,.F.);
#11662 = ORIENTED_EDGE('',*,*,#395,.T.);
#11663 = ORIENTED_EDGE('',*,*,#11664,.F.);
#11664 = EDGE_CURVE('',#530,#373,#11665,.T.);
#11665 = SURFACE_CURVE('',#11666,(#11671,#11681),.PCURVE_S1.);
#11666 = ELLIPSE('',#11667,60.730843083321,3.05);
#11667 = AXIS2_PLACEMENT_3D('',#11668,#11669,#11670);
#11668 = CARTESIAN_POINT('',(48.760473521406,-13.593,-11.39692694238));
#11669 = DIRECTION('',(-0.307002779923,0.,-0.951708617761));
#11670 = DIRECTION('',(-0.951708617761,0.,0.307002779923));
#11671 = PCURVE('',#412,#11672);
#11672 = DEFINITIONAL_REPRESENTATION('',(#11673),#11680);
#11673 = B_SPLINE_CURVE_WITH_KNOTS('',5,(#11674,#11675,#11676,#11677,
    #11678,#11679),.UNSPECIFIED.,.F.,.F.,(6,6),(5.758988095213,
    5.811604256682),.PIECEWISE_BEZIER_KNOTS.);
#11674 = CARTESIAN_POINT('',(2.617395441623,-3.3500006));
#11675 = CARTESIAN_POINT('',(2.627918673917,-3.030530708514));
#11676 = CARTESIAN_POINT('',(2.638441906211,-2.718329399612));
#11677 = CARTESIAN_POINT('',(2.648965138505,-2.413470376832));
#11678 = CARTESIAN_POINT('',(2.659488370799,-2.116023988908));
#11679 = CARTESIAN_POINT('',(2.670011603092,-1.826057132429));
#11680 = ( GEOMETRIC_REPRESENTATION_CONTEXT(2) 
PARAMETRIC_REPRESENTATION_CONTEXT() REPRESENTATION_CONTEXT('2D SPACE',''
  ) );
#11681 = PCURVE('',#43,#11682);
#11682 = DEFINITIONAL_REPRESENTATION('',(#11683),#11687);
#11683 = ELLIPSE('',#11684,60.730843083321,3.05);
#11684 = AXIS2_PLACEMENT_2D('',#11685,#11686);
#11685 = CARTESIAN_POINT('',(-51.12959220218,-23.593));
#11686 = DIRECTION('',(1.,0.));
#11687 = ( GEOMETRIC_REPRESENTATION_CONTEXT(2) 
PARAMETRIC_REPRESENTATION_CONTEXT() REPRESENTATION_CONTEXT('2D SPACE',''
  ) );
#11688 = ORIENTED_EDGE('',*,*,#529,.T.);
#11689 = ADVANCED_FACE('',(#11690),#359,.F.);
#11690 = FACE_BOUND('',#11691,.T.);
#11691 = EDGE_LOOP('',(#11692,#11693,#11694,#11715));
#11692 = ORIENTED_EDGE('',*,*,#6668,.F.);
#11693 = ORIENTED_EDGE('',*,*,#345,.T.);
#11694 = ORIENTED_EDGE('',*,*,#11695,.T.);
#11695 = EDGE_CURVE('',#198,#6799,#11696,.T.);
#11696 = SURFACE_CURVE('',#11697,(#11701,#11708),.PCURVE_S1.);
#11697 = LINE('',#11698,#11699);
#11698 = CARTESIAN_POINT('',(-2.325,-21.7,8.025));
#11699 = VECTOR('',#11700,1.);
#11700 = DIRECTION('',(0.707106781187,0.,0.707106781187));
#11701 = PCURVE('',#359,#11702);
#11702 = DEFINITIONAL_REPRESENTATION('',(#11703),#11707);
#11703 = LINE('',#11704,#11705);
#11704 = CARTESIAN_POINT('',(-22.2,0.));
#11705 = VECTOR('',#11706,1.);
#11706 = DIRECTION('',(-0.,1.));
#11707 = ( GEOMETRIC_REPRESENTATION_CONTEXT(2) 
PARAMETRIC_REPRESENTATION_CONTEXT() REPRESENTATION_CONTEXT('2D SPACE',''
  ) );
#11708 = PCURVE('',#240,#11709);
#11709 = DEFINITIONAL_REPRESENTATION('',(#11710),#11714);
#11710 = LINE('',#11711,#11712);
#11711 = CARTESIAN_POINT('',(-0.,-0.175));
#11712 = VECTOR('',#11713,1.);
#11713 = DIRECTION('',(-0.,-1.));
#11714 = ( GEOMETRIC_REPRESENTATION_CONTEXT(2) 
PARAMETRIC_REPRESENTATION_CONTEXT() REPRESENTATION_CONTEXT('2D SPACE',''
  ) );
#11715 = ORIENTED_EDGE('',*,*,#6798,.F.);
#11716 = ADVANCED_FACE('',(#11717),#333,.T.);
#11717 = FACE_BOUND('',#11718,.T.);
#11718 = EDGE_LOOP('',(#11719,#11720,#11747,#11748));
#11719 = ORIENTED_EDGE('',*,*,#7917,.F.);
#11720 = ORIENTED_EDGE('',*,*,#11721,.F.);
#11721 = EDGE_CURVE('',#290,#7918,#11722,.T.);
#11722 = SURFACE_CURVE('',#11723,(#11728,#11740),.PCURVE_S1.);
#11723 = ELLIPSE('',#11724,2.101483545149,2.);
#11724 = AXIS2_PLACEMENT_3D('',#11725,#11726,#11727);
#11725 = CARTESIAN_POINT('',(-0.5,0.5,4.493548387097));
#11726 = DIRECTION('',(-0.307002779923,0.,-0.951708617761));
#11727 = DIRECTION('',(-0.951708617761,0.,0.307002779923));
#11728 = PCURVE('',#333,#11729);
#11729 = DEFINITIONAL_REPRESENTATION('',(#11730),#11739);
#11730 = B_SPLINE_CURVE_WITH_KNOTS('',7,(#11731,#11732,#11733,#11734,
    #11735,#11736,#11737,#11738),.UNSPECIFIED.,.F.,.F.,(8,8),(
    7.850462293419E-17,1.570796326795),.PIECEWISE_BEZIER_KNOTS.);
#11731 = CARTESIAN_POINT('',(1.570796326795,0.738709677419));
#11732 = CARTESIAN_POINT('',(1.346396851538,0.738709677419));
#11733 = CARTESIAN_POINT('',(1.121997376282,0.700807307994));
#11734 = CARTESIAN_POINT('',(0.897597901026,0.6250080675));
#11735 = CARTESIAN_POINT('',(0.673198425769,0.515965694048));
#11736 = CARTESIAN_POINT('',(0.448798950513,0.383095509238));
#11737 = CARTESIAN_POINT('',(0.224399475256,0.238322242101));
#11738 = CARTESIAN_POINT('',(5.551115123126E-17,9.354838709677E-02));
#11739 = ( GEOMETRIC_REPRESENTATION_CONTEXT(2) 
PARAMETRIC_REPRESENTATION_CONTEXT() REPRESENTATION_CONTEXT('2D SPACE',''
  ) );
#11740 = PCURVE('',#305,#11741);
#11741 = DEFINITIONAL_REPRESENTATION('',(#11742),#11746);
#11742 = ELLIPSE('',#11743,2.101483545149,2.);
#11743 = AXIS2_PLACEMENT_2D('',#11744,#11745);
#11744 = CARTESIAN_POINT('',(0.630445063545,-9.5));
#11745 = DIRECTION('',(1.,0.));
#11746 = ( GEOMETRIC_REPRESENTATION_CONTEXT(2) 
PARAMETRIC_REPRESENTATION_CONTEXT() REPRESENTATION_CONTEXT('2D SPACE',''
  ) );
#11747 = ORIENTED_EDGE('',*,*,#317,.T.);
#11748 = ORIENTED_EDGE('',*,*,#6646,.F.);
#11749 = ADVANCED_FACE('',(#11750),#305,.T.);
#11750 = FACE_BOUND('',#11751,.T.);
#11751 = EDGE_LOOP('',(#11752,#11753,#11754,#11755,#11756,#11757,#11758,
    #11759,#11760,#11761,#11762,#11763,#11764,#11765,#11766,#11791,
    #11792,#11793,#11794,#11795,#11796));
#11752 = ORIENTED_EDGE('',*,*,#10954,.F.);
#11753 = ORIENTED_EDGE('',*,*,#1804,.T.);
#11754 = ORIENTED_EDGE('',*,*,#11046,.F.);
#11755 = ORIENTED_EDGE('',*,*,#11077,.F.);
#11756 = ORIENTED_EDGE('',*,*,#11225,.T.);
#11757 = ORIENTED_EDGE('',*,*,#11247,.F.);
#11758 = ORIENTED_EDGE('',*,*,#11172,.F.);
#11759 = ORIENTED_EDGE('',*,*,#1399,.F.);
#11760 = ORIENTED_EDGE('',*,*,#11483,.F.);
#11761 = ORIENTED_EDGE('',*,*,#1139,.F.);
#11762 = ORIENTED_EDGE('',*,*,#11545,.F.);
#11763 = ORIENTED_EDGE('',*,*,#886,.F.);
#11764 = ORIENTED_EDGE('',*,*,#11634,.F.);
#11765 = ORIENTED_EDGE('',*,*,#663,.T.);
#11766 = ORIENTED_EDGE('',*,*,#11767,.F.);
#11767 = EDGE_CURVE('',#256,#664,#11768,.T.);
#11768 = SURFACE_CURVE('',#11769,(#11774,#11781),.PCURVE_S1.);
#11769 = ELLIPSE('',#11770,60.730843083321,3.05);
#11770 = AXIS2_PLACEMENT_3D('',#11771,#11772,#11773);
#11771 = CARTESIAN_POINT('',(48.760473521406,-7.743,-11.39692694238));
#11772 = DIRECTION('',(-0.307002779923,0.,-0.951708617761));
#11773 = DIRECTION('',(-0.951708617761,0.,0.307002779923));
#11774 = PCURVE('',#305,#11775);
#11775 = DEFINITIONAL_REPRESENTATION('',(#11776),#11780);
#11776 = ELLIPSE('',#11777,60.730843083321,3.05);
#11777 = AXIS2_PLACEMENT_2D('',#11778,#11779);
#11778 = CARTESIAN_POINT('',(-51.12959220218,-17.743));
#11779 = DIRECTION('',(1.,0.));
#11780 = ( GEOMETRIC_REPRESENTATION_CONTEXT(2) 
PARAMETRIC_REPRESENTATION_CONTEXT() REPRESENTATION_CONTEXT('2D SPACE',''
  ) );
#11781 = PCURVE('',#274,#11782);
#11782 = DEFINITIONAL_REPRESENTATION('',(#11783),#11790);
#11783 = B_SPLINE_CURVE_WITH_KNOTS('',5,(#11784,#11785,#11786,#11787,
    #11788,#11789),.UNSPECIFIED.,.F.,.F.,(6,6),(0.471581050497,
    0.524197211966),.PIECEWISE_BEZIER_KNOTS.);
#11784 = CARTESIAN_POINT('',(0.471581050497,-1.826057132429));
#11785 = CARTESIAN_POINT('',(0.482104282791,-2.116023988908));
#11786 = CARTESIAN_POINT('',(0.492627515085,-2.413470376832));
#11787 = CARTESIAN_POINT('',(0.503150747379,-2.718329399612));
#11788 = CARTESIAN_POINT('',(0.513673979673,-3.030530708514));
#11789 = CARTESIAN_POINT('',(0.524197211966,-3.3500006));
#11790 = ( GEOMETRIC_REPRESENTATION_CONTEXT(2) 
PARAMETRIC_REPRESENTATION_CONTEXT() REPRESENTATION_CONTEXT('2D SPACE',''
  ) );
#11791 = ORIENTED_EDGE('',*,*,#289,.F.);
#11792 = ORIENTED_EDGE('',*,*,#11721,.T.);
#11793 = ORIENTED_EDGE('',*,*,#7940,.T.);
#11794 = ORIENTED_EDGE('',*,*,#5053,.T.);
#11795 = ORIENTED_EDGE('',*,*,#8008,.T.);
#11796 = ORIENTED_EDGE('',*,*,#8081,.F.);
#11797 = ADVANCED_FACE('',(#11798),#274,.F.);
#11798 = FACE_BOUND('',#11799,.F.);
#11799 = EDGE_LOOP('',(#11800,#11801,#11802,#11803));
#11800 = ORIENTED_EDGE('',*,*,#255,.T.);
#11801 = ORIENTED_EDGE('',*,*,#505,.T.);
#11802 = ORIENTED_EDGE('',*,*,#684,.T.);
#11803 = ORIENTED_EDGE('',*,*,#11767,.F.);
#11804 = ADVANCED_FACE('',(#11805),#240,.T.);
#11805 = FACE_BOUND('',#11806,.T.);
#11806 = EDGE_LOOP('',(#11807,#11808,#11809,#11830));
#11807 = ORIENTED_EDGE('',*,*,#11695,.F.);
#11808 = ORIENTED_EDGE('',*,*,#225,.T.);
#11809 = ORIENTED_EDGE('',*,*,#11810,.T.);
#11810 = EDGE_CURVE('',#55,#6717,#11811,.T.);
#11811 = SURFACE_CURVE('',#11812,(#11816,#11823),.PCURVE_S1.);
#11812 = LINE('',#11813,#11814);
#11813 = CARTESIAN_POINT('',(-0.5,-23.525,8.025));
#11814 = VECTOR('',#11815,1.);
#11815 = DIRECTION('',(-0.,0.707106781187,0.707106781187));
#11816 = PCURVE('',#240,#11817);
#11817 = DEFINITIONAL_REPRESENTATION('',(#11818),#11822);
#11818 = LINE('',#11819,#11820);
#11819 = CARTESIAN_POINT('',(-1.570796326795,-0.175));
#11820 = VECTOR('',#11821,1.);
#11821 = DIRECTION('',(-0.,-1.));
#11822 = ( GEOMETRIC_REPRESENTATION_CONTEXT(2) 
PARAMETRIC_REPRESENTATION_CONTEXT() REPRESENTATION_CONTEXT('2D SPACE',''
  ) );
#11823 = PCURVE('',#98,#11824);
#11824 = DEFINITIONAL_REPRESENTATION('',(#11825),#11829);
#11825 = LINE('',#11826,#11827);
#11826 = CARTESIAN_POINT('',(4.440892098501E-16,-0.));
#11827 = VECTOR('',#11828,1.);
#11828 = DIRECTION('',(-0.,1.));
#11829 = ( GEOMETRIC_REPRESENTATION_CONTEXT(2) 
PARAMETRIC_REPRESENTATION_CONTEXT() REPRESENTATION_CONTEXT('2D SPACE',''
  ) );
#11830 = ORIENTED_EDGE('',*,*,#6821,.F.);
#11831 = ADVANCED_FACE('',(#11832),#98,.F.);
#11832 = FACE_BOUND('',#11833,.T.);
#11833 = EDGE_LOOP('',(#11834,#11835,#11836,#11837));
#11834 = ORIENTED_EDGE('',*,*,#11810,.F.);
#11835 = ORIENTED_EDGE('',*,*,#82,.T.);
#11836 = ORIENTED_EDGE('',*,*,#7710,.T.);
#11837 = ORIENTED_EDGE('',*,*,#6716,.F.);
#11838 = ADVANCED_FACE('',(#11839),#126,.T.);
#11839 = FACE_BOUND('',#11840,.T.);
#11840 = EDGE_LOOP('',(#11841,#11842,#11864,#11865));
#11841 = ORIENTED_EDGE('',*,*,#110,.F.);
#11842 = ORIENTED_EDGE('',*,*,#11843,.T.);
#11843 = EDGE_CURVE('',#111,#9711,#11844,.T.);
#11844 = SURFACE_CURVE('',#11845,(#11850,#11857),.PCURVE_S1.);
#11845 = CIRCLE('',#11846,2.);
#11846 = AXIS2_PLACEMENT_3D('',#11847,#11848,#11849);
#11847 = CARTESIAN_POINT('',(71.6,-21.7,4.4));
#11848 = DIRECTION('',(0.,0.,1.));
#11849 = DIRECTION('',(0.,-1.,0.));
#11850 = PCURVE('',#126,#11851);
#11851 = DEFINITIONAL_REPRESENTATION('',(#11852),#11856);
#11852 = LINE('',#11853,#11854);
#11853 = CARTESIAN_POINT('',(0.,0.));
#11854 = VECTOR('',#11855,1.);
#11855 = DIRECTION('',(1.,0.));
#11856 = ( GEOMETRIC_REPRESENTATION_CONTEXT(2) 
PARAMETRIC_REPRESENTATION_CONTEXT() REPRESENTATION_CONTEXT('2D SPACE',''
  ) );
#11857 = PCURVE('',#152,#11858);
#11858 = DEFINITIONAL_REPRESENTATION('',(#11859),#11863);
#11859 = CIRCLE('',#11860,2.);
#11860 = AXIS2_PLACEMENT_2D('',#11861,#11862);
#11861 = CARTESIAN_POINT('',(35.210934462678,-11.88899684058));
#11862 = DIRECTION('',(0.,-1.));
#11863 = ( GEOMETRIC_REPRESENTATION_CONTEXT(2) 
PARAMETRIC_REPRESENTATION_CONTEXT() REPRESENTATION_CONTEXT('2D SPACE',''
  ) );
#11864 = ORIENTED_EDGE('',*,*,#9710,.T.);
#11865 = ORIENTED_EDGE('',*,*,#7731,.F.);
#11866 = ADVANCED_FACE('',(#11867),#152,.F.);
#11867 = FACE_BOUND('',#11868,.F.);
#11868 = EDGE_LOOP('',(#11869,#11888,#11889,#11890,#11891,#11892,#11893,
    #11894,#11895,#11896,#11897,#11898,#11899,#11900,#11901,#11902,
    #11903,#11904,#11905,#11906,#11907,#11908,#11909,#11910,#11911,
    #11912,#11913,#11914,#11915,#11916,#11917));
#11869 = ORIENTED_EDGE('',*,*,#11870,.T.);
#11870 = EDGE_CURVE('',#2496,#22,#11871,.T.);
#11871 = SURFACE_CURVE('',#11872,(#11876,#11882),.PCURVE_S1.);
#11872 = LINE('',#11873,#11874);
#11873 = CARTESIAN_POINT('',(-0.21,9.449842029472E-02,4.4));
#11874 = VECTOR('',#11875,1.);
#11875 = DIRECTION('',(0.,-1.,0.));
#11876 = PCURVE('',#152,#11877);
#11877 = DEFINITIONAL_REPRESENTATION('',(#11878),#11881);
#11878 = B_SPLINE_CURVE_WITH_KNOTS('',1,(#11879,#11880),.UNSPECIFIED.,
  .F.,.F.,(2,2),(17.894498420295,23.794498420295),
  .PIECEWISE_BEZIER_KNOTS.);
#11879 = CARTESIAN_POINT('',(-36.59906553732,-7.988996840589));
#11880 = CARTESIAN_POINT('',(-36.59906553732,-13.88899684058));
#11881 = ( GEOMETRIC_REPRESENTATION_CONTEXT(2) 
PARAMETRIC_REPRESENTATION_CONTEXT() REPRESENTATION_CONTEXT('2D SPACE',''
  ) );
#11882 = PCURVE('',#43,#11883);
#11883 = DEFINITIONAL_REPRESENTATION('',(#11884),#11887);
#11884 = B_SPLINE_CURVE_WITH_KNOTS('',1,(#11885,#11886),.UNSPECIFIED.,
  .F.,.F.,(2,2),(17.894498420295,23.794498420295),
  .PIECEWISE_BEZIER_KNOTS.);
#11885 = CARTESIAN_POINT('',(0.325729949498,-27.8));
#11886 = CARTESIAN_POINT('',(0.325729949498,-33.7));
#11887 = ( GEOMETRIC_REPRESENTATION_CONTEXT(2) 
PARAMETRIC_REPRESENTATION_CONTEXT() REPRESENTATION_CONTEXT('2D SPACE',''
  ) );
#11888 = ORIENTED_EDGE('',*,*,#138,.T.);
#11889 = ORIENTED_EDGE('',*,*,#11843,.T.);
#11890 = ORIENTED_EDGE('',*,*,#9739,.T.);
#11891 = ORIENTED_EDGE('',*,*,#4638,.T.);
#11892 = ORIENTED_EDGE('',*,*,#4464,.F.);
#11893 = ORIENTED_EDGE('',*,*,#4419,.T.);
#11894 = ORIENTED_EDGE('',*,*,#4367,.F.);
#11895 = ORIENTED_EDGE('',*,*,#9791,.T.);
#11896 = ORIENTED_EDGE('',*,*,#4175,.T.);
#11897 = ORIENTED_EDGE('',*,*,#3947,.T.);
#11898 = ORIENTED_EDGE('',*,*,#9843,.F.);
#11899 = ORIENTED_EDGE('',*,*,#9888,.T.);
#11900 = ORIENTED_EDGE('',*,*,#9984,.T.);
#11901 = ORIENTED_EDGE('',*,*,#4046,.T.);
#11902 = ORIENTED_EDGE('',*,*,#3876,.F.);
#11903 = ORIENTED_EDGE('',*,*,#10036,.T.);
#11904 = ORIENTED_EDGE('',*,*,#3684,.T.);
#11905 = ORIENTED_EDGE('',*,*,#3456,.T.);
#11906 = ORIENTED_EDGE('',*,*,#10088,.F.);
#11907 = ORIENTED_EDGE('',*,*,#10133,.T.);
#11908 = ORIENTED_EDGE('',*,*,#10229,.T.);
#11909 = ORIENTED_EDGE('',*,*,#3555,.T.);
#11910 = ORIENTED_EDGE('',*,*,#3385,.F.);
#11911 = ORIENTED_EDGE('',*,*,#10281,.T.);
#11912 = ORIENTED_EDGE('',*,*,#3193,.T.);
#11913 = ORIENTED_EDGE('',*,*,#3064,.T.);
#11914 = ORIENTED_EDGE('',*,*,#2992,.F.);
#11915 = ORIENTED_EDGE('',*,*,#10335,.T.);
#11916 = ORIENTED_EDGE('',*,*,#2644,.T.);
#11917 = ORIENTED_EDGE('',*,*,#2495,.T.);
#11918 = ADVANCED_FACE('',(#11919),#43,.T.);
#11919 = FACE_BOUND('',#11920,.T.);
#11920 = EDGE_LOOP('',(#11921,#11922,#11923,#11924,#11925,#11926,#11927,
    #11928,#11929,#11930,#11931,#11932,#11933,#11934,#11935,#11936,
    #11937,#11938,#11939,#11940,#11941));
#11921 = ORIENTED_EDGE('',*,*,#2516,.F.);
#11922 = ORIENTED_EDGE('',*,*,#11870,.T.);
#11923 = ORIENTED_EDGE('',*,*,#21,.T.);
#11924 = ORIENTED_EDGE('',*,*,#168,.T.);
#11925 = ORIENTED_EDGE('',*,*,#372,.T.);
#11926 = ORIENTED_EDGE('',*,*,#11664,.F.);
#11927 = ORIENTED_EDGE('',*,*,#556,.T.);
#11928 = ORIENTED_EDGE('',*,*,#714,.F.);
#11929 = ORIENTED_EDGE('',*,*,#955,.F.);
#11930 = ORIENTED_EDGE('',*,*,#11574,.F.);
#11931 = ORIENTED_EDGE('',*,*,#1215,.F.);
#11932 = ORIENTED_EDGE('',*,*,#11512,.F.);
#11933 = ORIENTED_EDGE('',*,*,#1475,.F.);
#11934 = ORIENTED_EDGE('',*,*,#11278,.F.);
#11935 = ORIENTED_EDGE('',*,*,#11403,.F.);
#11936 = ORIENTED_EDGE('',*,*,#11456,.T.);
#11937 = ORIENTED_EDGE('',*,*,#11373,.F.);
#11938 = ORIENTED_EDGE('',*,*,#1657,.F.);
#11939 = ORIENTED_EDGE('',*,*,#1983,.T.);
#11940 = ORIENTED_EDGE('',*,*,#2273,.T.);
#11941 = ORIENTED_EDGE('',*,*,#2400,.F.);
#11942 = ( GEOMETRIC_REPRESENTATION_CONTEXT(3) 
GLOBAL_UNCERTAINTY_ASSIGNED_CONTEXT((#11946)) 
GLOBAL_UNIT_ASSIGNED_CONTEXT((#11943,#11944,#11945)) 
REPRESENTATION_CONTEXT('Context #1',
  '3D Context with UNIT and UNCERTAINTY') );
#11943 = ( LENGTH_UNIT() NAMED_UNIT(*) SI_UNIT(.MILLI.,.METRE.) );
#11944 = ( NAMED_UNIT(*) PLANE_ANGLE_UNIT() SI_UNIT($,.RADIAN.) );
#11945 = ( NAMED_UNIT(*) SI_UNIT($,.STERADIAN.) SOLID_ANGLE_UNIT() );
#11946 = UNCERTAINTY_MEASURE_WITH_UNIT(LENGTH_MEASURE(2.E-07),#11943,
  'distance_accuracy_value','confusion accuracy');
#11947 = PRODUCT_RELATED_PRODUCT_CATEGORY('part',$,(#7));
ENDSEC;
END-ISO-10303-21;
