ISO-10303-21;
HEADER;
FILE_DESCRIPTION(('Open CASCADE Model'),'2;1');
FILE_NAME('Open CASCADE Shape Model','2026-10-01T21:59:55',('Author'),(
    'Open CASCADE'),'Open CASCADE STEP processor 7.9','Open CASCADE 7.9'
  ,'Unknown');
FILE_SCHEMA(('AUTOMOTIVE_DESIGN { 1 0 10303 214 1 1 1 1 }'));
ENDSEC;
DATA;
#1 = APPLICATION_PROTOCOL_DEFINITION('international standard',
  'automotive_design',2000,#2);
#2 = APPLICATION_CONTEXT(
  'core data for automotive mechanical design processes');
#3 = SHAPE_DEFINITION_REPRESENTATION(#4,#10);
#4 = PRODUCT_DEFINITION_SHAPE('','',#5);
#5 = PRODUCT_DEFINITION('design','',#6,#9);
#6 = PRODUCT_DEFINITION_FORMATION('','',#7);
#7 = PRODUCT('Open CASCADE STEP translator 7.9 6',
  'Open CASCADE STEP translator 7.9 6','',(#8));
#8 = PRODUCT_CONTEXT('',#2,'mechanical');
#9 = PRODUCT_DEFINITION_CONTEXT('part definition',#2,'design');
#10 = ADVANCED_BREP_SHAPE_REPRESENTATION('',(#11,#15),#16810);
#11 = AXIS2_PLACEMENT_3D('',#12,#13,#14);
#12 = CARTESIAN_POINT('',(0.,0.,0.));
#13 = DIRECTION('',(0.,0.,1.));
#14 = DIRECTION('',(1.,0.,-0.));
#15 = MANIFOLD_SOLID_BREP('',#16);
#16 = CLOSED_SHELL('',(#17,#163,#251,#451,#525,#709,#794,#973,#1047,
    #1233,#1307,#1493,#1567,#1653,#1770,#2057,#2139,#2208,#2236,#2268,
    #2366,#2440,#2534,#2663,#2794,#2865,#2914,#3011,#3182,#3362,#3434,
    #3594,#3765,#3945,#4017,#4177,#4249,#4429,#4501,#4661,#4787,#4917,
    #4984,#5143,#5212,#5261,#5310,#5359,#5386,#5415,#5489,#5615,#5689,
    #5808,#6808,#6885,#6972,#7048,#7130,#7206,#7284,#7360,#7438,#7514,
    #7596,#7672,#7743,#8339,#8415,#8563,#8750,#8819,#8868,#8917,#8966,
    #9014,#9041,#9071,#9151,#9222,#9306,#9361,#9365,#9419,#9444,#9491,
    #9519,#9573,#9627,#9753,#9940,#10010,#10059,#10108,#10155,#10204,
    #10231,#10261,#10334,#10413,#10486,#10554,#10598,#10624,#10650,
    #10657,#10711,#10766,#10770,#10840,#10867,#10894,#10921,#10948,
    #10975,#11002,#11029,#11056,#11083,#11131,#11317,#11386,#11435,
    #11482,#11531,#11578,#11605,#11634,#11733,#11800,#11955,#12024,
    #12071,#12116,#12163,#12190,#12239,#12313,#12382,#12409,#12434,
    #12485,#12640,#12709,#12756,#12801,#12848,#12875,#12924,#12971,
    #13126,#13195,#13242,#13287,#13334,#13361,#13410,#13506,#13626,
    #13700,#13776,#13852,#13921,#13952,#13979,#14010,#14035,#14064,
    #14089,#14142,#14167,#14194,#14219,#14244,#14269,#14296,#14321,
    #14346,#14420,#14489,#14516,#14541,#14566,#14593,#14618,#14643,
    #14829,#14898,#14947,#14996,#15045,#15094,#15121,#15150,#15177,
    #15205,#15423,#15555,#15625,#15674,#15723,#15750,#15777,#15786,
    #15813,#15839,#15871,#15934,#16060,#16107,#16137,#16263,#16316,
    #16340,#16371,#16402,#16433,#16464,#16491,#16522,#16553,#16580,
    #16613,#16661,#16668,#16695,#16702,#16730,#16786));
#17 = ADVANCED_FACE('',(#18),#32,.F.);
#18 = FACE_BOUND('',#19,.F.);
#19 = EDGE_LOOP('',(#20,#53,#81,#109,#137));
#20 = ORIENTED_EDGE('',*,*,#21,.T.);
#21 = EDGE_CURVE('',#22,#24,#26,.T.);
#22 = VERTEX_POINT('',#23);
#23 = CARTESIAN_POINT('',(-0.21,-23.7,4.4));
#24 = VERTEX_POINT('',#25);
#25 = CARTESIAN_POINT('',(-0.5,-23.7,4.493548387097));
#26 = SURFACE_CURVE('',#27,(#31,#42),.PCURVE_S1.);
#27 = LINE('',#28,#29);
#28 = CARTESIAN_POINT('',(-1.092082940622,-23.7,4.684542884072));
#29 = VECTOR('',#30,1.);
#30 = DIRECTION('',(-0.951708617761,0.,0.307002779923));
#31 = PCURVE('',#32,#37);
#32 = PLANE('',#33);
#33 = AXIS2_PLACEMENT_3D('',#34,#35,#36);
#34 = CARTESIAN_POINT('',(-2.5,-23.7,4.4));
#35 = DIRECTION('',(0.,1.,0.));
#36 = DIRECTION('',(1.,0.,0.));
#37 = DEFINITIONAL_REPRESENTATION('',(#38),#41);
#38 = B_SPLINE_CURVE_WITH_KNOTS('',1,(#39,#40),.UNSPECIFIED.,.F.,.F.,(2,
    2),(-0.926841392587,-0.62212627854),.PIECEWISE_BEZIER_KNOTS.);
#39 = CARTESIAN_POINT('',(2.29,1.110223024625E-16));
#40 = CARTESIAN_POINT('',(2.,-9.354838709677E-02));
#41 = ( GEOMETRIC_REPRESENTATION_CONTEXT(2) 
PARAMETRIC_REPRESENTATION_CONTEXT() REPRESENTATION_CONTEXT('2D SPACE',''
  ) );
#42 = PCURVE('',#43,#48);
#43 = PLANE('',#44);
#44 = AXIS2_PLACEMENT_3D('',#45,#46,#47);
#45 = CARTESIAN_POINT('',(0.1,10.,4.3));
#46 = DIRECTION('',(-0.307002779923,-0.,-0.951708617761));
#47 = DIRECTION('',(-0.951708617761,0.,0.307002779923));
#48 = DEFINITIONAL_REPRESENTATION('',(#49),#52);
#49 = B_SPLINE_CURVE_WITH_KNOTS('',1,(#50,#51),.UNSPECIFIED.,.F.,.F.,(2,
    2),(-0.926841392587,-0.62212627854),.PIECEWISE_BEZIER_KNOTS.);
#50 = CARTESIAN_POINT('',(0.325729949498,-33.7));
#51 = CARTESIAN_POINT('',(0.630445063545,-33.7));
#52 = ( GEOMETRIC_REPRESENTATION_CONTEXT(2) 
PARAMETRIC_REPRESENTATION_CONTEXT() REPRESENTATION_CONTEXT('2D SPACE',''
  ) );
#53 = ORIENTED_EDGE('',*,*,#54,.T.);
#54 = EDGE_CURVE('',#24,#55,#57,.T.);
#55 = VERTEX_POINT('',#56);
#56 = CARTESIAN_POINT('',(-0.5,-23.7,7.45));
#57 = SURFACE_CURVE('',#58,(#62,#69),.PCURVE_S1.);
#58 = LINE('',#59,#60);
#59 = CARTESIAN_POINT('',(-0.5,-23.7,4.4));
#60 = VECTOR('',#61,1.);
#61 = DIRECTION('',(0.,0.,1.));
#62 = PCURVE('',#32,#63);
#63 = DEFINITIONAL_REPRESENTATION('',(#64),#68);
#64 = LINE('',#65,#66);
#65 = CARTESIAN_POINT('',(2.,0.));
#66 = VECTOR('',#67,1.);
#67 = DIRECTION('',(0.,-1.));
#68 = ( GEOMETRIC_REPRESENTATION_CONTEXT(2) 
PARAMETRIC_REPRESENTATION_CONTEXT() REPRESENTATION_CONTEXT('2D SPACE',''
  ) );
#69 = PCURVE('',#70,#75);
#70 = CYLINDRICAL_SURFACE('',#71,2.);
#71 = AXIS2_PLACEMENT_3D('',#72,#73,#74);
#72 = CARTESIAN_POINT('',(-0.5,-21.7,4.4));
#73 = DIRECTION('',(0.,0.,1.));
#74 = DIRECTION('',(0.,-1.,0.));
#75 = DEFINITIONAL_REPRESENTATION('',(#76),#80);
#76 = LINE('',#77,#78);
#77 = CARTESIAN_POINT('',(-0.,0.));
#78 = VECTOR('',#79,1.);
#79 = DIRECTION('',(-0.,1.));
#80 = ( GEOMETRIC_REPRESENTATION_CONTEXT(2) 
PARAMETRIC_REPRESENTATION_CONTEXT() REPRESENTATION_CONTEXT('2D SPACE',''
  ) );
#81 = ORIENTED_EDGE('',*,*,#82,.T.);
#82 = EDGE_CURVE('',#55,#83,#85,.T.);
#83 = VERTEX_POINT('',#84);
#84 = CARTESIAN_POINT('',(72.8,-23.7,7.45));
#85 = SURFACE_CURVE('',#86,(#90,#97),.PCURVE_S1.);
#86 = LINE('',#87,#88);
#87 = CARTESIAN_POINT('',(-0.5,-23.7,7.45));
#88 = VECTOR('',#89,1.);
#89 = DIRECTION('',(1.,0.,0.));
#90 = PCURVE('',#32,#91);
#91 = DEFINITIONAL_REPRESENTATION('',(#92),#96);
#92 = LINE('',#93,#94);
#93 = CARTESIAN_POINT('',(2.,-3.05));
#94 = VECTOR('',#95,1.);
#95 = DIRECTION('',(1.,0.));
#96 = ( GEOMETRIC_REPRESENTATION_CONTEXT(2) 
PARAMETRIC_REPRESENTATION_CONTEXT() REPRESENTATION_CONTEXT('2D SPACE',''
  ) );
#97 = PCURVE('',#98,#103);
#98 = PLANE('',#99);
#99 = AXIS2_PLACEMENT_3D('',#100,#101,#102);
#100 = CARTESIAN_POINT('',(-0.5,-23.525,7.625));
#101 = DIRECTION('',(3.473694424484E-18,0.707106781187,-0.707106781187)
  );
#102 = DIRECTION('',(-1.,2.456272883323E-18,-2.456272883323E-18));
#103 = DEFINITIONAL_REPRESENTATION('',(#104),#108);
#104 = LINE('',#105,#106);
#105 = CARTESIAN_POINT('',(1.685188701339E-33,-0.247487373415));
#106 = VECTOR('',#107,1.);
#107 = DIRECTION('',(-1.,0.));
#108 = ( GEOMETRIC_REPRESENTATION_CONTEXT(2) 
PARAMETRIC_REPRESENTATION_CONTEXT() REPRESENTATION_CONTEXT('2D SPACE',''
  ) );
#109 = ORIENTED_EDGE('',*,*,#110,.F.);
#110 = EDGE_CURVE('',#111,#83,#113,.T.);
#111 = VERTEX_POINT('',#112);
#112 = CARTESIAN_POINT('',(72.8,-23.7,4.4));
#113 = SURFACE_CURVE('',#114,(#118,#125),.PCURVE_S1.);
#114 = LINE('',#115,#116);
#115 = CARTESIAN_POINT('',(72.8,-23.7,4.4));
#116 = VECTOR('',#117,1.);
#117 = DIRECTION('',(0.,0.,1.));
#118 = PCURVE('',#32,#119);
#119 = DEFINITIONAL_REPRESENTATION('',(#120),#124);
#120 = LINE('',#121,#122);
#121 = CARTESIAN_POINT('',(75.3,0.));
#122 = VECTOR('',#123,1.);
#123 = DIRECTION('',(0.,-1.));
#124 = ( GEOMETRIC_REPRESENTATION_CONTEXT(2) 
PARAMETRIC_REPRESENTATION_CONTEXT() REPRESENTATION_CONTEXT('2D SPACE',''
  ) );
#125 = PCURVE('',#126,#131);
#126 = CYLINDRICAL_SURFACE('',#127,2.);
#127 = AXIS2_PLACEMENT_3D('',#128,#129,#130);
#128 = CARTESIAN_POINT('',(72.8,-21.7,4.4));
#129 = DIRECTION('',(0.,0.,1.));
#130 = DIRECTION('',(0.,-1.,0.));
#131 = DEFINITIONAL_REPRESENTATION('',(#132),#136);
#132 = LINE('',#133,#134);
#133 = CARTESIAN_POINT('',(0.,0.));
#134 = VECTOR('',#135,1.);
#135 = DIRECTION('',(0.,1.));
#136 = ( GEOMETRIC_REPRESENTATION_CONTEXT(2) 
PARAMETRIC_REPRESENTATION_CONTEXT() REPRESENTATION_CONTEXT('2D SPACE',''
  ) );
#137 = ORIENTED_EDGE('',*,*,#138,.F.);
#138 = EDGE_CURVE('',#22,#111,#139,.T.);
#139 = SURFACE_CURVE('',#140,(#144,#151),.PCURVE_S1.);
#140 = LINE('',#141,#142);
#141 = CARTESIAN_POINT('',(-2.5,-23.7,4.4));
#142 = VECTOR('',#143,1.);
#143 = DIRECTION('',(1.,0.,0.));
#144 = PCURVE('',#32,#145);
#145 = DEFINITIONAL_REPRESENTATION('',(#146),#150);
#146 = LINE('',#147,#148);
#147 = CARTESIAN_POINT('',(0.,0.));
#148 = VECTOR('',#149,1.);
#149 = DIRECTION('',(1.,0.));
#150 = ( GEOMETRIC_REPRESENTATION_CONTEXT(2) 
PARAMETRIC_REPRESENTATION_CONTEXT() REPRESENTATION_CONTEXT('2D SPACE',''
  ) );
#151 = PCURVE('',#152,#157);
#152 = PLANE('',#153);
#153 = AXIS2_PLACEMENT_3D('',#154,#155,#156);
#154 = CARTESIAN_POINT('',(36.239585792192,-10.43702251476,4.4));
#155 = DIRECTION('',(0.,0.,1.));
#156 = DIRECTION('',(1.,0.,-0.));
#157 = DEFINITIONAL_REPRESENTATION('',(#158),#162);
#158 = LINE('',#159,#160);
#159 = CARTESIAN_POINT('',(-38.73958579219,-13.26297748524));
#160 = VECTOR('',#161,1.);
#161 = DIRECTION('',(1.,0.));
#162 = ( GEOMETRIC_REPRESENTATION_CONTEXT(2) 
PARAMETRIC_REPRESENTATION_CONTEXT() REPRESENTATION_CONTEXT('2D SPACE',''
  ) );
#163 = ADVANCED_FACE('',(#164),#70,.T.);
#164 = FACE_BOUND('',#165,.F.);
#165 = EDGE_LOOP('',(#166,#167,#196,#224));
#166 = ORIENTED_EDGE('',*,*,#54,.F.);
#167 = ORIENTED_EDGE('',*,*,#168,.T.);
#168 = EDGE_CURVE('',#24,#169,#171,.T.);
#169 = VERTEX_POINT('',#170);
#170 = CARTESIAN_POINT('',(-2.5,-21.7,5.138709677419));
#171 = SURFACE_CURVE('',#172,(#177,#189),.PCURVE_S1.);
#172 = ELLIPSE('',#173,2.101483545149,2.);
#173 = AXIS2_PLACEMENT_3D('',#174,#175,#176);
#174 = CARTESIAN_POINT('',(-0.5,-21.7,4.493548387097));
#175 = DIRECTION('',(-0.307002779923,0.,-0.951708617761));
#176 = DIRECTION('',(-0.951708617761,0.,0.307002779923));
#177 = PCURVE('',#70,#178);
#178 = DEFINITIONAL_REPRESENTATION('',(#179),#188);
#179 = B_SPLINE_CURVE_WITH_KNOTS('',7,(#180,#181,#182,#183,#184,#185,
    #186,#187),.UNSPECIFIED.,.F.,.F.,(8,8),(4.712388980385,6.28318530718
    ),.PIECEWISE_BEZIER_KNOTS.);
#180 = CARTESIAN_POINT('',(0.,9.354838709677E-02));
#181 = CARTESIAN_POINT('',(-0.224399475256,0.238322242101));
#182 = CARTESIAN_POINT('',(-0.448798950513,0.383095509238));
#183 = CARTESIAN_POINT('',(-0.673198425769,0.515965694048));
#184 = CARTESIAN_POINT('',(-0.897597901026,0.6250080675));
#185 = CARTESIAN_POINT('',(-1.121997376282,0.700807307994));
#186 = CARTESIAN_POINT('',(-1.346396851538,0.738709677419));
#187 = CARTESIAN_POINT('',(-1.570796326795,0.738709677419));
#188 = ( GEOMETRIC_REPRESENTATION_CONTEXT(2) 
PARAMETRIC_REPRESENTATION_CONTEXT() REPRESENTATION_CONTEXT('2D SPACE',''
  ) );
#189 = PCURVE('',#43,#190);
#190 = DEFINITIONAL_REPRESENTATION('',(#191),#195);
#191 = ELLIPSE('',#192,2.101483545149,2.);
#192 = AXIS2_PLACEMENT_2D('',#193,#194);
#193 = CARTESIAN_POINT('',(0.630445063545,-31.7));
#194 = DIRECTION('',(1.,0.));
#195 = ( GEOMETRIC_REPRESENTATION_CONTEXT(2) 
PARAMETRIC_REPRESENTATION_CONTEXT() REPRESENTATION_CONTEXT('2D SPACE',''
  ) );
#196 = ORIENTED_EDGE('',*,*,#197,.T.);
#197 = EDGE_CURVE('',#169,#198,#200,.T.);
#198 = VERTEX_POINT('',#199);
#199 = CARTESIAN_POINT('',(-2.5,-21.7,7.45));
#200 = SURFACE_CURVE('',#201,(#205,#212),.PCURVE_S1.);
#201 = LINE('',#202,#203);
#202 = CARTESIAN_POINT('',(-2.5,-21.7,4.4));
#203 = VECTOR('',#204,1.);
#204 = DIRECTION('',(0.,0.,1.));
#205 = PCURVE('',#70,#206);
#206 = DEFINITIONAL_REPRESENTATION('',(#207),#211);
#207 = LINE('',#208,#209);
#208 = CARTESIAN_POINT('',(-1.570796326795,0.));
#209 = VECTOR('',#210,1.);
#210 = DIRECTION('',(-0.,1.));
#211 = ( GEOMETRIC_REPRESENTATION_CONTEXT(2) 
PARAMETRIC_REPRESENTATION_CONTEXT() REPRESENTATION_CONTEXT('2D SPACE',''
  ) );
#212 = PCURVE('',#213,#218);
#213 = PLANE('',#214);
#214 = AXIS2_PLACEMENT_3D('',#215,#216,#217);
#215 = CARTESIAN_POINT('',(-2.5,-18.3,4.4));
#216 = DIRECTION('',(1.,0.,0.));
#217 = DIRECTION('',(0.,0.,1.));
#218 = DEFINITIONAL_REPRESENTATION('',(#219),#223);
#219 = LINE('',#220,#221);
#220 = CARTESIAN_POINT('',(0.,3.4));
#221 = VECTOR('',#222,1.);
#222 = DIRECTION('',(1.,0.));
#223 = ( GEOMETRIC_REPRESENTATION_CONTEXT(2) 
PARAMETRIC_REPRESENTATION_CONTEXT() REPRESENTATION_CONTEXT('2D SPACE',''
  ) );
#224 = ORIENTED_EDGE('',*,*,#225,.T.);
#225 = EDGE_CURVE('',#198,#55,#226,.T.);
#226 = SURFACE_CURVE('',#227,(#232,#239),.PCURVE_S1.);
#227 = CIRCLE('',#228,2.);
#228 = AXIS2_PLACEMENT_3D('',#229,#230,#231);
#229 = CARTESIAN_POINT('',(-0.5,-21.7,7.45));
#230 = DIRECTION('',(0.,0.,1.));
#231 = DIRECTION('',(-1.,0.,0.));
#232 = PCURVE('',#70,#233);
#233 = DEFINITIONAL_REPRESENTATION('',(#234),#238);
#234 = LINE('',#235,#236);
#235 = CARTESIAN_POINT('',(-1.570796326795,3.05));
#236 = VECTOR('',#237,1.);
#237 = DIRECTION('',(1.,-0.));
#238 = ( GEOMETRIC_REPRESENTATION_CONTEXT(2) 
PARAMETRIC_REPRESENTATION_CONTEXT() REPRESENTATION_CONTEXT('2D SPACE',''
  ) );
#239 = PCURVE('',#240,#245);
#240 = CONICAL_SURFACE('',#241,2.,0.785398163397);
#241 = AXIS2_PLACEMENT_3D('',#242,#243,#244);
#242 = CARTESIAN_POINT('',(-0.5,-21.7,7.45));
#243 = DIRECTION('',(-0.,-0.,-1.));
#244 = DIRECTION('',(-1.,0.,0.));
#245 = DEFINITIONAL_REPRESENTATION('',(#246),#250);
#246 = LINE('',#247,#248);
#247 = CARTESIAN_POINT('',(-0.,-0.));
#248 = VECTOR('',#249,1.);
#249 = DIRECTION('',(-1.,-0.));
#250 = ( GEOMETRIC_REPRESENTATION_CONTEXT(2) 
PARAMETRIC_REPRESENTATION_CONTEXT() REPRESENTATION_CONTEXT('2D SPACE',''
  ) );
#251 = ADVANCED_FACE('',(#252),#213,.F.);
#252 = FACE_BOUND('',#253,.F.);
#253 = EDGE_LOOP('',(#254,#288,#316,#344,#370,#371,#394,#426));
#254 = ORIENTED_EDGE('',*,*,#255,.F.);
#255 = EDGE_CURVE('',#256,#258,#260,.T.);
#256 = VERTEX_POINT('',#257);
#257 = CARTESIAN_POINT('',(-2.5,-6.333953536577,5.138709677419));
#258 = VERTEX_POINT('',#259);
#259 = CARTESIAN_POINT('',(-2.5,-7.743,5.495867891559));
#260 = SURFACE_CURVE('',#261,(#266,#273),.PCURVE_S1.);
#261 = ELLIPSE('',#262,3.157592350251,3.05);
#262 = AXIS2_PLACEMENT_3D('',#263,#264,#265);
#263 = CARTESIAN_POINT('',(-2.5,-7.743,2.338275541309));
#264 = DIRECTION('',(1.,0.,0.));
#265 = DIRECTION('',(-0.,0.,1.));
#266 = PCURVE('',#213,#267);
#267 = DEFINITIONAL_REPRESENTATION('',(#268),#272);
#268 = ELLIPSE('',#269,3.157592350251,3.05);
#269 = AXIS2_PLACEMENT_2D('',#270,#271);
#270 = CARTESIAN_POINT('',(-2.061724458691,-10.557));
#271 = DIRECTION('',(1.,0.));
#272 = ( GEOMETRIC_REPRESENTATION_CONTEXT(2) 
PARAMETRIC_REPRESENTATION_CONTEXT() REPRESENTATION_CONTEXT('2D SPACE',''
  ) );
#273 = PCURVE('',#274,#279);
#274 = CYLINDRICAL_SURFACE('',#275,3.05);
#275 = AXIS2_PLACEMENT_3D('',#276,#277,#278);
#276 = CARTESIAN_POINT('',(-5.196071929189,-7.743,3.060685837471));
#277 = DIRECTION('',(-0.965925826289,0.,0.258819045103));
#278 = DIRECTION('',(0.258819045103,2.912060392459E-16,0.965925826289));
#279 = DEFINITIONAL_REPRESENTATION('',(#280),#287);
#280 = B_SPLINE_CURVE_WITH_KNOTS('',5,(#281,#282,#283,#284,#285,#286),
  .UNSPECIFIED.,.F.,.F.,(6,6),(5.707881343956,6.28318530718),
  .PIECEWISE_BEZIER_KNOTS.);
#281 = CARTESIAN_POINT('',(0.575303963224,-2.105488431797));
#282 = CARTESIAN_POINT('',(0.460243170579,-2.054326106242));
#283 = CARTESIAN_POINT('',(0.345182377934,-2.014510239603));
#284 = CARTESIAN_POINT('',(0.23012158529,-1.987457513396));
#285 = CARTESIAN_POINT('',(0.115060792645,-1.973934012047));
#286 = CARTESIAN_POINT('',(0.,-1.973934012047));
#287 = ( GEOMETRIC_REPRESENTATION_CONTEXT(2) 
PARAMETRIC_REPRESENTATION_CONTEXT() REPRESENTATION_CONTEXT('2D SPACE',''
  ) );
#288 = ORIENTED_EDGE('',*,*,#289,.F.);
#289 = EDGE_CURVE('',#290,#256,#292,.T.);
#290 = VERTEX_POINT('',#291);
#291 = CARTESIAN_POINT('',(-2.5,0.5,5.138709677419));
#292 = SURFACE_CURVE('',#293,(#297,#304),.PCURVE_S1.);
#293 = LINE('',#294,#295);
#294 = CARTESIAN_POINT('',(-2.5,0.5,5.138709677419));
#295 = VECTOR('',#296,1.);
#296 = DIRECTION('',(6.498276692594E-17,-1.,0.));
#297 = PCURVE('',#213,#298);
#298 = DEFINITIONAL_REPRESENTATION('',(#299),#303);
#299 = LINE('',#300,#301);
#300 = CARTESIAN_POINT('',(0.738709677419,-18.8));
#301 = VECTOR('',#302,1.);
#302 = DIRECTION('',(0.,1.));
#303 = ( GEOMETRIC_REPRESENTATION_CONTEXT(2) 
PARAMETRIC_REPRESENTATION_CONTEXT() REPRESENTATION_CONTEXT('2D SPACE',''
  ) );
#304 = PCURVE('',#305,#310);
#305 = PLANE('',#306);
#306 = AXIS2_PLACEMENT_3D('',#307,#308,#309);
#307 = CARTESIAN_POINT('',(0.1,10.,4.3));
#308 = DIRECTION('',(-0.307002779923,-0.,-0.951708617761));
#309 = DIRECTION('',(-0.951708617761,0.,0.307002779923));
#310 = DEFINITIONAL_REPRESENTATION('',(#311),#315);
#311 = LINE('',#312,#313);
#312 = CARTESIAN_POINT('',(2.731928608693,-9.5));
#313 = VECTOR('',#314,1.);
#314 = DIRECTION('',(-6.184465928934E-17,-1.));
#315 = ( GEOMETRIC_REPRESENTATION_CONTEXT(2) 
PARAMETRIC_REPRESENTATION_CONTEXT() REPRESENTATION_CONTEXT('2D SPACE',''
  ) );
#316 = ORIENTED_EDGE('',*,*,#317,.T.);
#317 = EDGE_CURVE('',#290,#318,#320,.T.);
#318 = VERTEX_POINT('',#319);
#319 = CARTESIAN_POINT('',(-2.5,0.5,7.45));
#320 = SURFACE_CURVE('',#321,(#325,#332),.PCURVE_S1.);
#321 = LINE('',#322,#323);
#322 = CARTESIAN_POINT('',(-2.5,0.5,4.4));
#323 = VECTOR('',#324,1.);
#324 = DIRECTION('',(0.,0.,1.));
#325 = PCURVE('',#213,#326);
#326 = DEFINITIONAL_REPRESENTATION('',(#327),#331);
#327 = LINE('',#328,#329);
#328 = CARTESIAN_POINT('',(0.,-18.8));
#329 = VECTOR('',#330,1.);
#330 = DIRECTION('',(1.,0.));
#331 = ( GEOMETRIC_REPRESENTATION_CONTEXT(2) 
PARAMETRIC_REPRESENTATION_CONTEXT() REPRESENTATION_CONTEXT('2D SPACE',''
  ) );
#332 = PCURVE('',#333,#338);
#333 = CYLINDRICAL_SURFACE('',#334,2.);
#334 = AXIS2_PLACEMENT_3D('',#335,#336,#337);
#335 = CARTESIAN_POINT('',(-0.5,0.5,4.4));
#336 = DIRECTION('',(0.,0.,1.));
#337 = DIRECTION('',(-0.,1.,0.));
#338 = DEFINITIONAL_REPRESENTATION('',(#339),#343);
#339 = LINE('',#340,#341);
#340 = CARTESIAN_POINT('',(1.570796326795,0.));
#341 = VECTOR('',#342,1.);
#342 = DIRECTION('',(0.,1.));
#343 = ( GEOMETRIC_REPRESENTATION_CONTEXT(2) 
PARAMETRIC_REPRESENTATION_CONTEXT() REPRESENTATION_CONTEXT('2D SPACE',''
  ) );
#344 = ORIENTED_EDGE('',*,*,#345,.T.);
#345 = EDGE_CURVE('',#318,#198,#346,.T.);
#346 = SURFACE_CURVE('',#347,(#351,#358),.PCURVE_S1.);
#347 = LINE('',#348,#349);
#348 = CARTESIAN_POINT('',(-2.5,0.5,7.45));
#349 = VECTOR('',#350,1.);
#350 = DIRECTION('',(0.,-1.,0.));
#351 = PCURVE('',#213,#352);
#352 = DEFINITIONAL_REPRESENTATION('',(#353),#357);
#353 = LINE('',#354,#355);
#354 = CARTESIAN_POINT('',(3.05,-18.8));
#355 = VECTOR('',#356,1.);
#356 = DIRECTION('',(0.,1.));
#357 = ( GEOMETRIC_REPRESENTATION_CONTEXT(2) 
PARAMETRIC_REPRESENTATION_CONTEXT() REPRESENTATION_CONTEXT('2D SPACE',''
  ) );
#358 = PCURVE('',#359,#364);
#359 = PLANE('',#360);
#360 = AXIS2_PLACEMENT_3D('',#361,#362,#363);
#361 = CARTESIAN_POINT('',(-2.325,0.5,7.625));
#362 = DIRECTION('',(0.707106781187,0.,-0.707106781187));
#363 = DIRECTION('',(-0.,1.,-0.));
#364 = DEFINITIONAL_REPRESENTATION('',(#365),#369);
#365 = LINE('',#366,#367);
#366 = CARTESIAN_POINT('',(-0.,-0.247487373415));
#367 = VECTOR('',#368,1.);
#368 = DIRECTION('',(-1.,0.));
#369 = ( GEOMETRIC_REPRESENTATION_CONTEXT(2) 
PARAMETRIC_REPRESENTATION_CONTEXT() REPRESENTATION_CONTEXT('2D SPACE',''
  ) );
#370 = ORIENTED_EDGE('',*,*,#197,.F.);
#371 = ORIENTED_EDGE('',*,*,#372,.T.);
#372 = EDGE_CURVE('',#169,#373,#375,.T.);
#373 = VERTEX_POINT('',#374);
#374 = CARTESIAN_POINT('',(-2.5,-15.00204646342,5.138709677419));
#375 = SURFACE_CURVE('',#376,(#380,#387),.PCURVE_S1.);
#376 = LINE('',#377,#378);
#377 = CARTESIAN_POINT('',(-2.5,-21.7,5.138709677419));
#378 = VECTOR('',#379,1.);
#379 = DIRECTION('',(6.630222312307E-17,1.,0.));
#380 = PCURVE('',#213,#381);
#381 = DEFINITIONAL_REPRESENTATION('',(#382),#386);
#382 = LINE('',#383,#384);
#383 = CARTESIAN_POINT('',(0.738709677419,3.4));
#384 = VECTOR('',#385,1.);
#385 = DIRECTION('',(0.,-1.));
#386 = ( GEOMETRIC_REPRESENTATION_CONTEXT(2) 
PARAMETRIC_REPRESENTATION_CONTEXT() REPRESENTATION_CONTEXT('2D SPACE',''
  ) );
#387 = PCURVE('',#43,#388);
#388 = DEFINITIONAL_REPRESENTATION('',(#389),#393);
#389 = LINE('',#390,#391);
#390 = CARTESIAN_POINT('',(2.731928608693,-31.7));
#391 = VECTOR('',#392,1.);
#392 = DIRECTION('',(-6.31003971229E-17,1.));
#393 = ( GEOMETRIC_REPRESENTATION_CONTEXT(2) 
PARAMETRIC_REPRESENTATION_CONTEXT() REPRESENTATION_CONTEXT('2D SPACE',''
  ) );
#394 = ORIENTED_EDGE('',*,*,#395,.F.);
#395 = EDGE_CURVE('',#396,#373,#398,.T.);
#396 = VERTEX_POINT('',#397);
#397 = CARTESIAN_POINT('',(-2.5,-13.593,5.495867891559));
#398 = SURFACE_CURVE('',#399,(#404,#411),.PCURVE_S1.);
#399 = ELLIPSE('',#400,3.157592350251,3.05);
#400 = AXIS2_PLACEMENT_3D('',#401,#402,#403);
#401 = CARTESIAN_POINT('',(-2.5,-13.593,2.338275541309));
#402 = DIRECTION('',(1.,0.,0.));
#403 = DIRECTION('',(-0.,0.,1.));
#404 = PCURVE('',#213,#405);
#405 = DEFINITIONAL_REPRESENTATION('',(#406),#410);
#406 = ELLIPSE('',#407,3.157592350251,3.05);
#407 = AXIS2_PLACEMENT_2D('',#408,#409);
#408 = CARTESIAN_POINT('',(-2.061724458691,-4.707));
#409 = DIRECTION('',(1.,0.));
#410 = ( GEOMETRIC_REPRESENTATION_CONTEXT(2) 
PARAMETRIC_REPRESENTATION_CONTEXT() REPRESENTATION_CONTEXT('2D SPACE',''
  ) );
#411 = PCURVE('',#412,#417);
#412 = CYLINDRICAL_SURFACE('',#413,3.05);
#413 = AXIS2_PLACEMENT_3D('',#414,#415,#416);
#414 = CARTESIAN_POINT('',(-5.196071929189,-13.593,3.060685837471));
#415 = DIRECTION('',(-0.965925826289,0.,0.258819045103));
#416 = DIRECTION('',(-0.258819045103,-2.912060392459E-16,-0.965925826289
    ));
#417 = DEFINITIONAL_REPRESENTATION('',(#418),#425);
#418 = B_SPLINE_CURVE_WITH_KNOTS('',5,(#419,#420,#421,#422,#423,#424),
  .UNSPECIFIED.,.F.,.F.,(6,6),(0.,0.575303963224),
  .PIECEWISE_BEZIER_KNOTS.);
#419 = CARTESIAN_POINT('',(3.14159265359,-1.973934012047));
#420 = CARTESIAN_POINT('',(3.026531860945,-1.973934012047));
#421 = CARTESIAN_POINT('',(2.9114710683,-1.987457513396));
#422 = CARTESIAN_POINT('',(2.796410275655,-2.014510239603));
#423 = CARTESIAN_POINT('',(2.681349483011,-2.054326106242));
#424 = CARTESIAN_POINT('',(2.566288690366,-2.105488431797));
#425 = ( GEOMETRIC_REPRESENTATION_CONTEXT(2) 
PARAMETRIC_REPRESENTATION_CONTEXT() REPRESENTATION_CONTEXT('2D SPACE',''
  ) );
#426 = ORIENTED_EDGE('',*,*,#427,.F.);
#427 = EDGE_CURVE('',#258,#396,#428,.T.);
#428 = SURFACE_CURVE('',#429,(#433,#440),.PCURVE_S1.);
#429 = LINE('',#430,#431);
#430 = CARTESIAN_POINT('',(-2.5,-15.9465,5.495867891559));
#431 = VECTOR('',#432,1.);
#432 = DIRECTION('',(0.,-1.,0.));
#433 = PCURVE('',#213,#434);
#434 = DEFINITIONAL_REPRESENTATION('',(#435),#439);
#435 = LINE('',#436,#437);
#436 = CARTESIAN_POINT('',(1.095867891559,-2.3535));
#437 = VECTOR('',#438,1.);
#438 = DIRECTION('',(0.,1.));
#439 = ( GEOMETRIC_REPRESENTATION_CONTEXT(2) 
PARAMETRIC_REPRESENTATION_CONTEXT() REPRESENTATION_CONTEXT('2D SPACE',''
  ) );
#440 = PCURVE('',#441,#446);
#441 = PLANE('',#442);
#442 = AXIS2_PLACEMENT_3D('',#443,#444,#445);
#443 = CARTESIAN_POINT('',(-4.406673841627,-13.593,6.006759607653));
#444 = DIRECTION('',(0.258819045103,0.,0.965925826289));
#445 = DIRECTION('',(0.,1.,0.));
#446 = DEFINITIONAL_REPRESENTATION('',(#447),#450);
#447 = B_SPLINE_CURVE_WITH_KNOTS('',1,(#448,#449),.UNSPECIFIED.,.F.,.F.,
  (2,2),(-8.2035,-2.3535),.PIECEWISE_BEZIER_KNOTS.);
#448 = CARTESIAN_POINT('',(5.85,-1.973934012047));
#449 = CARTESIAN_POINT('',(0.,-1.973934012047));
#450 = ( GEOMETRIC_REPRESENTATION_CONTEXT(2) 
PARAMETRIC_REPRESENTATION_CONTEXT() REPRESENTATION_CONTEXT('2D SPACE',''
  ) );
#451 = ADVANCED_FACE('',(#452),#441,.F.);
#452 = FACE_BOUND('',#453,.F.);
#453 = EDGE_LOOP('',(#454,#455,#478,#504));
#454 = ORIENTED_EDGE('',*,*,#427,.T.);
#455 = ORIENTED_EDGE('',*,*,#456,.T.);
#456 = EDGE_CURVE('',#396,#457,#459,.T.);
#457 = VERTEX_POINT('',#458);
#458 = CARTESIAN_POINT('',(-1.65,-13.593,5.268111077993));
#459 = SURFACE_CURVE('',#460,(#464,#471),.PCURVE_S1.);
#460 = LINE('',#461,#462);
#461 = CARTESIAN_POINT('',(-4.406673841627,-13.593,6.006759607653));
#462 = VECTOR('',#463,1.);
#463 = DIRECTION('',(0.965925826289,0.,-0.258819045103));
#464 = PCURVE('',#441,#465);
#465 = DEFINITIONAL_REPRESENTATION('',(#466),#470);
#466 = LINE('',#467,#468);
#467 = CARTESIAN_POINT('',(0.,0.));
#468 = VECTOR('',#469,1.);
#469 = DIRECTION('',(0.,-1.));
#470 = ( GEOMETRIC_REPRESENTATION_CONTEXT(2) 
PARAMETRIC_REPRESENTATION_CONTEXT() REPRESENTATION_CONTEXT('2D SPACE',''
  ) );
#471 = PCURVE('',#412,#472);
#472 = DEFINITIONAL_REPRESENTATION('',(#473),#477);
#473 = LINE('',#474,#475);
#474 = CARTESIAN_POINT('',(3.14159265359,0.));
#475 = VECTOR('',#476,1.);
#476 = DIRECTION('',(0.,-1.));
#477 = ( GEOMETRIC_REPRESENTATION_CONTEXT(2) 
PARAMETRIC_REPRESENTATION_CONTEXT() REPRESENTATION_CONTEXT('2D SPACE',''
  ) );
#478 = ORIENTED_EDGE('',*,*,#479,.T.);
#479 = EDGE_CURVE('',#457,#480,#482,.T.);
#480 = VERTEX_POINT('',#481);
#481 = CARTESIAN_POINT('',(-1.65,-7.743,5.268111077993));
#482 = SURFACE_CURVE('',#483,(#487,#493),.PCURVE_S1.);
#483 = LINE('',#484,#485);
#484 = CARTESIAN_POINT('',(-1.65,-12.1305,5.268111077993));
#485 = VECTOR('',#486,1.);
#486 = DIRECTION('',(0.,1.,0.));
#487 = PCURVE('',#441,#488);
#488 = DEFINITIONAL_REPRESENTATION('',(#489),#492);
#489 = B_SPLINE_CURVE_WITH_KNOTS('',1,(#490,#491),.UNSPECIFIED.,.F.,.F.,
  (2,2),(-1.4625,4.3875),.PIECEWISE_BEZIER_KNOTS.);
#490 = CARTESIAN_POINT('',(0.,-2.853918765395));
#491 = CARTESIAN_POINT('',(5.85,-2.853918765395));
#492 = ( GEOMETRIC_REPRESENTATION_CONTEXT(2) 
PARAMETRIC_REPRESENTATION_CONTEXT() REPRESENTATION_CONTEXT('2D SPACE',''
  ) );
#493 = PCURVE('',#494,#499);
#494 = PLANE('',#495);
#495 = AXIS2_PLACEMENT_3D('',#496,#497,#498);
#496 = CARTESIAN_POINT('',(-1.65,-10.668,1.85));
#497 = DIRECTION('',(-1.,-0.,-0.));
#498 = DIRECTION('',(0.,0.,-1.));
#499 = DEFINITIONAL_REPRESENTATION('',(#500),#503);
#500 = B_SPLINE_CURVE_WITH_KNOTS('',1,(#501,#502),.UNSPECIFIED.,.F.,.F.,
  (2,2),(-1.4625,4.3875),.PIECEWISE_BEZIER_KNOTS.);
#501 = CARTESIAN_POINT('',(-3.418111077993,2.925));
#502 = CARTESIAN_POINT('',(-3.418111077993,-2.925));
#503 = ( GEOMETRIC_REPRESENTATION_CONTEXT(2) 
PARAMETRIC_REPRESENTATION_CONTEXT() REPRESENTATION_CONTEXT('2D SPACE',''
  ) );
#504 = ORIENTED_EDGE('',*,*,#505,.F.);
#505 = EDGE_CURVE('',#258,#480,#506,.T.);
#506 = SURFACE_CURVE('',#507,(#511,#518),.PCURVE_S1.);
#507 = LINE('',#508,#509);
#508 = CARTESIAN_POINT('',(-4.406673841627,-7.743,6.006759607653));
#509 = VECTOR('',#510,1.);
#510 = DIRECTION('',(0.965925826289,0.,-0.258819045103));
#511 = PCURVE('',#441,#512);
#512 = DEFINITIONAL_REPRESENTATION('',(#513),#517);
#513 = LINE('',#514,#515);
#514 = CARTESIAN_POINT('',(5.85,0.));
#515 = VECTOR('',#516,1.);
#516 = DIRECTION('',(0.,-1.));
#517 = ( GEOMETRIC_REPRESENTATION_CONTEXT(2) 
PARAMETRIC_REPRESENTATION_CONTEXT() REPRESENTATION_CONTEXT('2D SPACE',''
  ) );
#518 = PCURVE('',#274,#519);
#519 = DEFINITIONAL_REPRESENTATION('',(#520),#524);
#520 = LINE('',#521,#522);
#521 = CARTESIAN_POINT('',(0.,0.));
#522 = VECTOR('',#523,1.);
#523 = DIRECTION('',(0.,-1.));
#524 = ( GEOMETRIC_REPRESENTATION_CONTEXT(2) 
PARAMETRIC_REPRESENTATION_CONTEXT() REPRESENTATION_CONTEXT('2D SPACE',''
  ) );
#525 = ADVANCED_FACE('',(#526),#494,.F.);
#526 = FACE_BOUND('',#527,.F.);
#527 = EDGE_LOOP('',(#528,#555,#576,#605,#633,#662,#683,#708));
#528 = ORIENTED_EDGE('',*,*,#529,.F.);
#529 = EDGE_CURVE('',#530,#457,#532,.T.);
#530 = VERTEX_POINT('',#531);
#531 = CARTESIAN_POINT('',(-1.65,-15.08499986231,4.864516129032));
#532 = SURFACE_CURVE('',#533,(#538,#545),.PCURVE_S1.);
#533 = ELLIPSE('',#534,3.157592350251,3.05);
#534 = AXIS2_PLACEMENT_3D('',#535,#536,#537);
#535 = CARTESIAN_POINT('',(-1.65,-13.593,2.110518727742));
#536 = DIRECTION('',(-1.,0.,-0.));
#537 = DIRECTION('',(-0.,0.,1.));
#538 = PCURVE('',#494,#539);
#539 = DEFINITIONAL_REPRESENTATION('',(#540),#544);
#540 = ELLIPSE('',#541,3.157592350251,3.05);
#541 = AXIS2_PLACEMENT_2D('',#542,#543);
#542 = CARTESIAN_POINT('',(-0.260518727742,2.925));
#543 = DIRECTION('',(-1.,0.));
#544 = ( GEOMETRIC_REPRESENTATION_CONTEXT(2) 
PARAMETRIC_REPRESENTATION_CONTEXT() REPRESENTATION_CONTEXT('2D SPACE',''
  ) );
#545 = PCURVE('',#412,#546);
#546 = DEFINITIONAL_REPRESENTATION('',(#547),#554);
#547 = B_SPLINE_CURVE_WITH_KNOTS('',5,(#548,#549,#550,#551,#552,#553),
  .UNSPECIFIED.,.F.,.F.,(6,6),(5.714400667818,6.28318530718),
  .PIECEWISE_BEZIER_KNOTS.);
#548 = CARTESIAN_POINT('',(2.572808014228,-2.982588928913));
#549 = CARTESIAN_POINT('',(2.6865649421,-2.932515964986));
#550 = CARTESIAN_POINT('',(2.800321869973,-2.893580452906));
#551 = CARTESIAN_POINT('',(2.914078797845,-2.867137544813));
#552 = CARTESIAN_POINT('',(3.027835725717,-2.853918765395));
#553 = CARTESIAN_POINT('',(3.14159265359,-2.853918765395));
#554 = ( GEOMETRIC_REPRESENTATION_CONTEXT(2) 
PARAMETRIC_REPRESENTATION_CONTEXT() REPRESENTATION_CONTEXT('2D SPACE',''
  ) );
#555 = ORIENTED_EDGE('',*,*,#556,.T.);
#556 = EDGE_CURVE('',#530,#557,#559,.T.);
#557 = VERTEX_POINT('',#558);
#558 = CARTESIAN_POINT('',(-1.65,-16.62048751374,4.864516129032));
#559 = SURFACE_CURVE('',#560,(#564,#570),.PCURVE_S1.);
#560 = LINE('',#561,#562);
#561 = CARTESIAN_POINT('',(-1.65,-0.334,4.864516129032));
#562 = VECTOR('',#563,1.);
#563 = DIRECTION('',(0.,-1.,0.));
#564 = PCURVE('',#494,#565);
#565 = DEFINITIONAL_REPRESENTATION('',(#566),#569);
#566 = B_SPLINE_CURVE_WITH_KNOTS('',1,(#567,#568),.UNSPECIFIED.,.F.,.F.,
  (2,2),(3.9173793742,16.7506206258),.PIECEWISE_BEZIER_KNOTS.);
#567 = CARTESIAN_POINT('',(-3.014516129032,-6.4166206258));
#568 = CARTESIAN_POINT('',(-3.014516129032,6.4166206258));
#569 = ( GEOMETRIC_REPRESENTATION_CONTEXT(2) 
PARAMETRIC_REPRESENTATION_CONTEXT() REPRESENTATION_CONTEXT('2D SPACE',''
  ) );
#570 = PCURVE('',#43,#571);
#571 = DEFINITIONAL_REPRESENTATION('',(#572),#575);
#572 = B_SPLINE_CURVE_WITH_KNOTS('',1,(#573,#574),.UNSPECIFIED.,.F.,.F.,
  (2,2),(3.9173793742,16.7506206258),.PIECEWISE_BEZIER_KNOTS.);
#573 = CARTESIAN_POINT('',(1.838798102005,-14.2513793742));
#574 = CARTESIAN_POINT('',(1.838798102005,-27.0846206258));
#575 = ( GEOMETRIC_REPRESENTATION_CONTEXT(2) 
PARAMETRIC_REPRESENTATION_CONTEXT() REPRESENTATION_CONTEXT('2D SPACE',''
  ) );
#576 = ORIENTED_EDGE('',*,*,#577,.T.);
#577 = EDGE_CURVE('',#557,#578,#580,.T.);
#578 = VERTEX_POINT('',#579);
#579 = CARTESIAN_POINT('',(-1.65,-14.068,5.8));
#580 = SURFACE_CURVE('',#581,(#586,#593),.PCURVE_S1.);
#581 = CIRCLE('',#582,3.95);
#582 = AXIS2_PLACEMENT_3D('',#583,#584,#585);
#583 = CARTESIAN_POINT('',(-1.65,-14.068,1.85));
#584 = DIRECTION('',(-1.,0.,-0.));
#585 = DIRECTION('',(0.,1.124276480633E-16,-1.));
#586 = PCURVE('',#494,#587);
#587 = DEFINITIONAL_REPRESENTATION('',(#588),#592);
#588 = CIRCLE('',#589,3.95);
#589 = AXIS2_PLACEMENT_2D('',#590,#591);
#590 = CARTESIAN_POINT('',(-8.881784197001E-16,3.4));
#591 = DIRECTION('',(1.,-1.124276480633E-16));
#592 = ( GEOMETRIC_REPRESENTATION_CONTEXT(2) 
PARAMETRIC_REPRESENTATION_CONTEXT() REPRESENTATION_CONTEXT('2D SPACE',''
  ) );
#593 = PCURVE('',#594,#599);
#594 = CYLINDRICAL_SURFACE('',#595,3.95);
#595 = AXIS2_PLACEMENT_3D('',#596,#597,#598);
#596 = CARTESIAN_POINT('',(-1.65,-14.068,1.85));
#597 = DIRECTION('',(-1.,0.,-0.));
#598 = DIRECTION('',(0.,1.124276480633E-16,-1.));
#599 = DEFINITIONAL_REPRESENTATION('',(#600),#604);
#600 = LINE('',#601,#602);
#601 = CARTESIAN_POINT('',(0.,0.));
#602 = VECTOR('',#603,1.);
#603 = DIRECTION('',(1.,0.));
#604 = ( GEOMETRIC_REPRESENTATION_CONTEXT(2) 
PARAMETRIC_REPRESENTATION_CONTEXT() REPRESENTATION_CONTEXT('2D SPACE',''
  ) );
#605 = ORIENTED_EDGE('',*,*,#606,.T.);
#606 = EDGE_CURVE('',#578,#607,#609,.T.);
#607 = VERTEX_POINT('',#608);
#608 = CARTESIAN_POINT('',(-1.65,-7.268,5.8));
#609 = SURFACE_CURVE('',#610,(#614,#621),.PCURVE_S1.);
#610 = LINE('',#611,#612);
#611 = CARTESIAN_POINT('',(-1.65,-14.068,5.8));
#612 = VECTOR('',#613,1.);
#613 = DIRECTION('',(0.,1.,0.));
#614 = PCURVE('',#494,#615);
#615 = DEFINITIONAL_REPRESENTATION('',(#616),#620);
#616 = LINE('',#617,#618);
#617 = CARTESIAN_POINT('',(-3.95,3.4));
#618 = VECTOR('',#619,1.);
#619 = DIRECTION('',(0.,-1.));
#620 = ( GEOMETRIC_REPRESENTATION_CONTEXT(2) 
PARAMETRIC_REPRESENTATION_CONTEXT() REPRESENTATION_CONTEXT('2D SPACE',''
  ) );
#621 = PCURVE('',#622,#627);
#622 = PLANE('',#623);
#623 = AXIS2_PLACEMENT_3D('',#624,#625,#626);
#624 = CARTESIAN_POINT('',(-1.65,-14.068,5.8));
#625 = DIRECTION('',(0.,0.,1.));
#626 = DIRECTION('',(0.,1.,0.));
#627 = DEFINITIONAL_REPRESENTATION('',(#628),#632);
#628 = LINE('',#629,#630);
#629 = CARTESIAN_POINT('',(0.,0.));
#630 = VECTOR('',#631,1.);
#631 = DIRECTION('',(1.,0.));
#632 = ( GEOMETRIC_REPRESENTATION_CONTEXT(2) 
PARAMETRIC_REPRESENTATION_CONTEXT() REPRESENTATION_CONTEXT('2D SPACE',''
  ) );
#633 = ORIENTED_EDGE('',*,*,#634,.T.);
#634 = EDGE_CURVE('',#607,#635,#637,.T.);
#635 = VERTEX_POINT('',#636);
#636 = CARTESIAN_POINT('',(-1.65,-4.715512486259,4.864516129032));
#637 = SURFACE_CURVE('',#638,(#643,#650),.PCURVE_S1.);
#638 = CIRCLE('',#639,3.95);
#639 = AXIS2_PLACEMENT_3D('',#640,#641,#642);
#640 = CARTESIAN_POINT('',(-1.65,-7.268,1.85));
#641 = DIRECTION('',(-1.,0.,0.));
#642 = DIRECTION('',(0.,-1.124276480633E-16,1.));
#643 = PCURVE('',#494,#644);
#644 = DEFINITIONAL_REPRESENTATION('',(#645),#649);
#645 = CIRCLE('',#646,3.95);
#646 = AXIS2_PLACEMENT_2D('',#647,#648);
#647 = CARTESIAN_POINT('',(0.,-3.4));
#648 = DIRECTION('',(-1.,1.124276480633E-16));
#649 = ( GEOMETRIC_REPRESENTATION_CONTEXT(2) 
PARAMETRIC_REPRESENTATION_CONTEXT() REPRESENTATION_CONTEXT('2D SPACE',''
  ) );
#650 = PCURVE('',#651,#656);
#651 = CYLINDRICAL_SURFACE('',#652,3.95);
#652 = AXIS2_PLACEMENT_3D('',#653,#654,#655);
#653 = CARTESIAN_POINT('',(-1.65,-7.268,1.85));
#654 = DIRECTION('',(-1.,0.,0.));
#655 = DIRECTION('',(0.,-1.124276480633E-16,1.));
#656 = DEFINITIONAL_REPRESENTATION('',(#657),#661);
#657 = LINE('',#658,#659);
#658 = CARTESIAN_POINT('',(0.,0.));
#659 = VECTOR('',#660,1.);
#660 = DIRECTION('',(1.,0.));
#661 = ( GEOMETRIC_REPRESENTATION_CONTEXT(2) 
PARAMETRIC_REPRESENTATION_CONTEXT() REPRESENTATION_CONTEXT('2D SPACE',''
  ) );
#662 = ORIENTED_EDGE('',*,*,#663,.T.);
#663 = EDGE_CURVE('',#635,#664,#666,.T.);
#664 = VERTEX_POINT('',#665);
#665 = CARTESIAN_POINT('',(-1.65,-6.251000137685,4.864516129032));
#666 = SURFACE_CURVE('',#667,(#671,#677),.PCURVE_S1.);
#667 = LINE('',#668,#669);
#668 = CARTESIAN_POINT('',(-1.65,-0.334,4.864516129032));
#669 = VECTOR('',#670,1.);
#670 = DIRECTION('',(0.,-1.,0.));
#671 = PCURVE('',#494,#672);
#672 = DEFINITIONAL_REPRESENTATION('',(#673),#676);
#673 = B_SPLINE_CURVE_WITH_KNOTS('',1,(#674,#675),.UNSPECIFIED.,.F.,.F.,
  (2,2),(3.9173793742,16.7506206258),.PIECEWISE_BEZIER_KNOTS.);
#674 = CARTESIAN_POINT('',(-3.014516129032,-6.4166206258));
#675 = CARTESIAN_POINT('',(-3.014516129032,6.4166206258));
#676 = ( GEOMETRIC_REPRESENTATION_CONTEXT(2) 
PARAMETRIC_REPRESENTATION_CONTEXT() REPRESENTATION_CONTEXT('2D SPACE',''
  ) );
#677 = PCURVE('',#305,#678);
#678 = DEFINITIONAL_REPRESENTATION('',(#679),#682);
#679 = B_SPLINE_CURVE_WITH_KNOTS('',1,(#680,#681),.UNSPECIFIED.,.F.,.F.,
  (2,2),(3.9173793742,16.7506206258),.PIECEWISE_BEZIER_KNOTS.);
#680 = CARTESIAN_POINT('',(1.838798102005,-14.2513793742));
#681 = CARTESIAN_POINT('',(1.838798102005,-27.0846206258));
#682 = ( GEOMETRIC_REPRESENTATION_CONTEXT(2) 
PARAMETRIC_REPRESENTATION_CONTEXT() REPRESENTATION_CONTEXT('2D SPACE',''
  ) );
#683 = ORIENTED_EDGE('',*,*,#684,.F.);
#684 = EDGE_CURVE('',#480,#664,#685,.T.);
#685 = SURFACE_CURVE('',#686,(#691,#698),.PCURVE_S1.);
#686 = ELLIPSE('',#687,3.157592350251,3.05);
#687 = AXIS2_PLACEMENT_3D('',#688,#689,#690);
#688 = CARTESIAN_POINT('',(-1.65,-7.743,2.110518727742));
#689 = DIRECTION('',(-1.,0.,-0.));
#690 = DIRECTION('',(-0.,0.,1.));
#691 = PCURVE('',#494,#692);
#692 = DEFINITIONAL_REPRESENTATION('',(#693),#697);
#693 = ELLIPSE('',#694,3.157592350251,3.05);
#694 = AXIS2_PLACEMENT_2D('',#695,#696);
#695 = CARTESIAN_POINT('',(-0.260518727742,-2.925));
#696 = DIRECTION('',(-1.,0.));
#697 = ( GEOMETRIC_REPRESENTATION_CONTEXT(2) 
PARAMETRIC_REPRESENTATION_CONTEXT() REPRESENTATION_CONTEXT('2D SPACE',''
  ) );
#698 = PCURVE('',#274,#699);
#699 = DEFINITIONAL_REPRESENTATION('',(#700),#707);
#700 = B_SPLINE_CURVE_WITH_KNOTS('',5,(#701,#702,#703,#704,#705,#706),
  .UNSPECIFIED.,.F.,.F.,(6,6),(2.912060392459E-16,0.568784639362),
  .PIECEWISE_BEZIER_KNOTS.);
#701 = CARTESIAN_POINT('',(0.,-2.853918765395));
#702 = CARTESIAN_POINT('',(0.113756927872,-2.853918765395));
#703 = CARTESIAN_POINT('',(0.227513855745,-2.867137544813));
#704 = CARTESIAN_POINT('',(0.341270783617,-2.893580452906));
#705 = CARTESIAN_POINT('',(0.455027711489,-2.932515964986));
#706 = CARTESIAN_POINT('',(0.568784639362,-2.982588928913));
#707 = ( GEOMETRIC_REPRESENTATION_CONTEXT(2) 
PARAMETRIC_REPRESENTATION_CONTEXT() REPRESENTATION_CONTEXT('2D SPACE',''
  ) );
#708 = ORIENTED_EDGE('',*,*,#479,.F.);
#709 = ADVANCED_FACE('',(#710),#594,.F.);
#710 = FACE_BOUND('',#711,.F.);
#711 = EDGE_LOOP('',(#712,#713,#740,#773));
#712 = ORIENTED_EDGE('',*,*,#577,.F.);
#713 = ORIENTED_EDGE('',*,*,#714,.F.);
#714 = EDGE_CURVE('',#715,#557,#717,.T.);
#715 = VERTEX_POINT('',#716);
#716 = CARTESIAN_POINT('',(-1.512643030558,-16.67191394394,
    4.820207429212));
#717 = SURFACE_CURVE('',#718,(#723,#733),.PCURVE_S1.);
#718 = ELLIPSE('',#719,12.866333005173,3.95);
#719 = AXIS2_PLACEMENT_3D('',#720,#721,#722);
#720 = CARTESIAN_POINT('',(7.695,-14.068,1.85));
#721 = DIRECTION('',(-0.307002779923,0.,-0.951708617761));
#722 = DIRECTION('',(-0.951708617761,0.,0.307002779923));
#723 = PCURVE('',#594,#724);
#724 = DEFINITIONAL_REPRESENTATION('',(#725),#732);
#725 = B_SPLINE_CURVE_WITH_KNOTS('',5,(#726,#727,#728,#729,#730,#731),
  .UNSPECIFIED.,.F.,.F.,(6,6),(5.429225175652,5.580591576493),
  .PIECEWISE_BEZIER_KNOTS.);
#726 = CARTESIAN_POINT('',(2.287632522062,-1.3000006));
#727 = CARTESIAN_POINT('',(2.31790580223,-1.020537048771));
#728 = CARTESIAN_POINT('',(2.348179082399,-0.750289760136));
#729 = CARTESIAN_POINT('',(2.378452362567,-0.48979233889));
#730 = CARTESIAN_POINT('',(2.408725642735,-0.2395431044));
#731 = CARTESIAN_POINT('',(2.438998922904,5.99999998574E-07));
#732 = ( GEOMETRIC_REPRESENTATION_CONTEXT(2) 
PARAMETRIC_REPRESENTATION_CONTEXT() REPRESENTATION_CONTEXT('2D SPACE',''
  ) );
#733 = PCURVE('',#43,#734);
#734 = DEFINITIONAL_REPRESENTATION('',(#735),#739);
#735 = ELLIPSE('',#736,12.866333005173,3.95);
#736 = AXIS2_PLACEMENT_2D('',#737,#738);
#737 = CARTESIAN_POINT('',(-7.980383762702,-24.068));
#738 = DIRECTION('',(1.,0.));
#739 = ( GEOMETRIC_REPRESENTATION_CONTEXT(2) 
PARAMETRIC_REPRESENTATION_CONTEXT() REPRESENTATION_CONTEXT('2D SPACE',''
  ) );
#740 = ORIENTED_EDGE('',*,*,#741,.T.);
#741 = EDGE_CURVE('',#715,#742,#744,.T.);
#742 = VERTEX_POINT('',#743);
#743 = CARTESIAN_POINT('',(-1.426922288007,-14.068,5.8));
#744 = SURFACE_CURVE('',#745,(#750,#761),.PCURVE_S1.);
#745 = ELLIPSE('',#746,3.965088358296,3.95);
#746 = AXIS2_PLACEMENT_3D('',#747,#748,#749);
#747 = CARTESIAN_POINT('',(-1.772502508935,-14.068,1.85));
#748 = DIRECTION('',(-0.996194698092,-0.,8.715574274766E-02));
#749 = DIRECTION('',(-8.715574274766E-02,0.,-0.996194698092));
#750 = PCURVE('',#594,#751);
#751 = DEFINITIONAL_REPRESENTATION('',(#752),#760);
#752 = B_SPLINE_CURVE_WITH_KNOTS('',6,(#753,#754,#755,#756,#757,#758,
    #759),.UNSPECIFIED.,.F.,.F.,(7,7),(2.287632587058,3.14159265359),
  .PIECEWISE_BEZIER_KNOTS.);
#753 = CARTESIAN_POINT('',(2.287632587058,-0.10454468399));
#754 = CARTESIAN_POINT('',(2.429959264813,-0.141624884097));
#755 = CARTESIAN_POINT('',(2.572285942568,-0.173185903367));
#756 = CARTESIAN_POINT('',(2.714612620324,-0.197876151381));
#757 = CARTESIAN_POINT('',(2.856939298079,-0.214677307627));
#758 = CARTESIAN_POINT('',(2.999265975834,-0.223077711993));
#759 = CARTESIAN_POINT('',(3.14159265359,-0.223077711993));
#760 = ( GEOMETRIC_REPRESENTATION_CONTEXT(2) 
PARAMETRIC_REPRESENTATION_CONTEXT() REPRESENTATION_CONTEXT('2D SPACE',''
  ) );
#761 = PCURVE('',#762,#767);
#762 = PLANE('',#763);
#763 = AXIS2_PLACEMENT_3D('',#764,#765,#766);
#764 = CARTESIAN_POINT('',(-1.763284155515,-10.668,1.955366261736));
#765 = DIRECTION('',(-0.996194698092,-0.,8.715574274766E-02));
#766 = DIRECTION('',(-8.715574274766E-02,0.,-0.996194698092));
#767 = DEFINITIONAL_REPRESENTATION('',(#768),#772);
#768 = ELLIPSE('',#769,3.965088358296,3.95);
#769 = AXIS2_PLACEMENT_2D('',#770,#771);
#770 = CARTESIAN_POINT('',(0.105768743738,3.4));
#771 = DIRECTION('',(1.,-0.));
#772 = ( GEOMETRIC_REPRESENTATION_CONTEXT(2) 
PARAMETRIC_REPRESENTATION_CONTEXT() REPRESENTATION_CONTEXT('2D SPACE',''
  ) );
#773 = ORIENTED_EDGE('',*,*,#774,.F.);
#774 = EDGE_CURVE('',#578,#742,#775,.T.);
#775 = SURFACE_CURVE('',#776,(#780,#787),.PCURVE_S1.);
#776 = LINE('',#777,#778);
#777 = CARTESIAN_POINT('',(-1.65,-14.068,5.8));
#778 = VECTOR('',#779,1.);
#779 = DIRECTION('',(1.,0.,0.));
#780 = PCURVE('',#594,#781);
#781 = DEFINITIONAL_REPRESENTATION('',(#782),#786);
#782 = LINE('',#783,#784);
#783 = CARTESIAN_POINT('',(3.14159265359,0.));
#784 = VECTOR('',#785,1.);
#785 = DIRECTION('',(0.,-1.));
#786 = ( GEOMETRIC_REPRESENTATION_CONTEXT(2) 
PARAMETRIC_REPRESENTATION_CONTEXT() REPRESENTATION_CONTEXT('2D SPACE',''
  ) );
#787 = PCURVE('',#622,#788);
#788 = DEFINITIONAL_REPRESENTATION('',(#789),#793);
#789 = LINE('',#790,#791);
#790 = CARTESIAN_POINT('',(0.,0.));
#791 = VECTOR('',#792,1.);
#792 = DIRECTION('',(0.,-1.));
#793 = ( GEOMETRIC_REPRESENTATION_CONTEXT(2) 
PARAMETRIC_REPRESENTATION_CONTEXT() REPRESENTATION_CONTEXT('2D SPACE',''
  ) );
#794 = ADVANCED_FACE('',(#795),#762,.F.);
#795 = FACE_BOUND('',#796,.F.);
#796 = EDGE_LOOP('',(#797,#828,#856,#885,#906,#934,#953,#954));
#797 = ORIENTED_EDGE('',*,*,#798,.T.);
#798 = EDGE_CURVE('',#799,#801,#803,.T.);
#799 = VERTEX_POINT('',#800);
#800 = CARTESIAN_POINT('',(-1.512643030558,-16.77583384121,
    4.820207429212));
#801 = VERTEX_POINT('',#802);
#802 = CARTESIAN_POINT('',(-1.419018971662,-14.068,5.890335319198));
#803 = SURFACE_CURVE('',#804,(#809,#816),.PCURVE_S1.);
#804 = CIRCLE('',#805,3.95);
#805 = AXIS2_PLACEMENT_3D('',#806,#807,#808);
#806 = CARTESIAN_POINT('',(-1.763284155515,-14.068,1.955366261736));
#807 = DIRECTION('',(-0.996194698092,0.,8.715574274766E-02));
#808 = DIRECTION('',(-8.715574274766E-02,1.124276480633E-16,
    -0.996194698092));
#809 = PCURVE('',#762,#810);
#810 = DEFINITIONAL_REPRESENTATION('',(#811),#815);
#811 = CIRCLE('',#812,3.95);
#812 = AXIS2_PLACEMENT_2D('',#813,#814);
#813 = CARTESIAN_POINT('',(-8.847986326648E-16,3.4));
#814 = DIRECTION('',(1.,-1.124276480633E-16));
#815 = ( GEOMETRIC_REPRESENTATION_CONTEXT(2) 
PARAMETRIC_REPRESENTATION_CONTEXT() REPRESENTATION_CONTEXT('2D SPACE',''
  ) );
#816 = PCURVE('',#817,#822);
#817 = CYLINDRICAL_SURFACE('',#818,3.95);
#818 = AXIS2_PLACEMENT_3D('',#819,#820,#821);
#819 = CARTESIAN_POINT('',(-1.763284155515,-14.068,1.955366261736));
#820 = DIRECTION('',(-0.996194698092,0.,8.715574274766E-02));
#821 = DIRECTION('',(-8.715574274766E-02,1.124276480633E-16,
    -0.996194698092));
#822 = DEFINITIONAL_REPRESENTATION('',(#823),#827);
#823 = LINE('',#824,#825);
#824 = CARTESIAN_POINT('',(0.,0.));
#825 = VECTOR('',#826,1.);
#826 = DIRECTION('',(1.,0.));
#827 = ( GEOMETRIC_REPRESENTATION_CONTEXT(2) 
PARAMETRIC_REPRESENTATION_CONTEXT() REPRESENTATION_CONTEXT('2D SPACE',''
  ) );
#828 = ORIENTED_EDGE('',*,*,#829,.T.);
#829 = EDGE_CURVE('',#801,#830,#832,.T.);
#830 = VERTEX_POINT('',#831);
#831 = CARTESIAN_POINT('',(-1.419018971662,-7.268,5.890335319198));
#832 = SURFACE_CURVE('',#833,(#837,#844),.PCURVE_S1.);
#833 = LINE('',#834,#835);
#834 = CARTESIAN_POINT('',(-1.419018971662,-14.068,5.890335319198));
#835 = VECTOR('',#836,1.);
#836 = DIRECTION('',(0.,1.,0.));
#837 = PCURVE('',#762,#838);
#838 = DEFINITIONAL_REPRESENTATION('',(#839),#843);
#839 = LINE('',#840,#841);
#840 = CARTESIAN_POINT('',(-3.95,3.4));
#841 = VECTOR('',#842,1.);
#842 = DIRECTION('',(0.,-1.));
#843 = ( GEOMETRIC_REPRESENTATION_CONTEXT(2) 
PARAMETRIC_REPRESENTATION_CONTEXT() REPRESENTATION_CONTEXT('2D SPACE',''
  ) );
#844 = PCURVE('',#845,#850);
#845 = PLANE('',#846);
#846 = AXIS2_PLACEMENT_3D('',#847,#848,#849);
#847 = CARTESIAN_POINT('',(-1.419018971662,-14.068,5.890335319198));
#848 = DIRECTION('',(8.715574274766E-02,0.,0.996194698092));
#849 = DIRECTION('',(0.,1.,0.));
#850 = DEFINITIONAL_REPRESENTATION('',(#851),#855);
#851 = LINE('',#852,#853);
#852 = CARTESIAN_POINT('',(0.,0.));
#853 = VECTOR('',#854,1.);
#854 = DIRECTION('',(1.,0.));
#855 = ( GEOMETRIC_REPRESENTATION_CONTEXT(2) 
PARAMETRIC_REPRESENTATION_CONTEXT() REPRESENTATION_CONTEXT('2D SPACE',''
  ) );
#856 = ORIENTED_EDGE('',*,*,#857,.T.);
#857 = EDGE_CURVE('',#830,#858,#860,.T.);
#858 = VERTEX_POINT('',#859);
#859 = CARTESIAN_POINT('',(-1.512643030558,-4.560166158788,
    4.820207429212));
#860 = SURFACE_CURVE('',#861,(#866,#873),.PCURVE_S1.);
#861 = CIRCLE('',#862,3.95);
#862 = AXIS2_PLACEMENT_3D('',#863,#864,#865);
#863 = CARTESIAN_POINT('',(-1.763284155515,-7.268,1.955366261736));
#864 = DIRECTION('',(-0.996194698092,0.,8.715574274766E-02));
#865 = DIRECTION('',(8.715574274766E-02,-1.124276480633E-16,
    0.996194698092));
#866 = PCURVE('',#762,#867);
#867 = DEFINITIONAL_REPRESENTATION('',(#868),#872);
#868 = CIRCLE('',#869,3.95);
#869 = AXIS2_PLACEMENT_2D('',#870,#871);
#870 = CARTESIAN_POINT('',(0.,-3.4));
#871 = DIRECTION('',(-1.,1.124276480633E-16));
#872 = ( GEOMETRIC_REPRESENTATION_CONTEXT(2) 
PARAMETRIC_REPRESENTATION_CONTEXT() REPRESENTATION_CONTEXT('2D SPACE',''
  ) );
#873 = PCURVE('',#874,#879);
#874 = CYLINDRICAL_SURFACE('',#875,3.95);
#875 = AXIS2_PLACEMENT_3D('',#876,#877,#878);
#876 = CARTESIAN_POINT('',(-1.763284155515,-7.268,1.955366261736));
#877 = DIRECTION('',(-0.996194698092,0.,8.715574274766E-02));
#878 = DIRECTION('',(8.715574274766E-02,-1.124276480633E-16,
    0.996194698092));
#879 = DEFINITIONAL_REPRESENTATION('',(#880),#884);
#880 = LINE('',#881,#882);
#881 = CARTESIAN_POINT('',(0.,0.));
#882 = VECTOR('',#883,1.);
#883 = DIRECTION('',(1.,0.));
#884 = ( GEOMETRIC_REPRESENTATION_CONTEXT(2) 
PARAMETRIC_REPRESENTATION_CONTEXT() REPRESENTATION_CONTEXT('2D SPACE',''
  ) );
#885 = ORIENTED_EDGE('',*,*,#886,.F.);
#886 = EDGE_CURVE('',#887,#858,#889,.T.);
#887 = VERTEX_POINT('',#888);
#888 = CARTESIAN_POINT('',(-1.512643030558,-4.664086056059,
    4.820207429212));
#889 = SURFACE_CURVE('',#890,(#894,#900),.PCURVE_S1.);
#890 = LINE('',#891,#892);
#891 = CARTESIAN_POINT('',(-1.512643030558,-0.334,4.820207429212));
#892 = VECTOR('',#893,1.);
#893 = DIRECTION('',(-0.,1.,0.));
#894 = PCURVE('',#762,#895);
#895 = DEFINITIONAL_REPRESENTATION('',(#896),#899);
#896 = B_SPLINE_CURVE_WITH_KNOTS('',1,(#897,#898),.UNSPECIFIED.,.F.,.F.,
  (2,2),(-17.684,-2.984),.PIECEWISE_BEZIER_KNOTS.);
#897 = CARTESIAN_POINT('',(-2.875784395324,7.35));
#898 = CARTESIAN_POINT('',(-2.875784395324,-7.35));
#899 = ( GEOMETRIC_REPRESENTATION_CONTEXT(2) 
PARAMETRIC_REPRESENTATION_CONTEXT() REPRESENTATION_CONTEXT('2D SPACE',''
  ) );
#900 = PCURVE('',#305,#901);
#901 = DEFINITIONAL_REPRESENTATION('',(#902),#905);
#902 = B_SPLINE_CURVE_WITH_KNOTS('',1,(#903,#904),.UNSPECIFIED.,.F.,.F.,
  (2,2),(-17.684,-2.984),.PIECEWISE_BEZIER_KNOTS.);
#903 = CARTESIAN_POINT('',(1.694471396458,-28.018));
#904 = CARTESIAN_POINT('',(1.694471396458,-13.318));
#905 = ( GEOMETRIC_REPRESENTATION_CONTEXT(2) 
PARAMETRIC_REPRESENTATION_CONTEXT() REPRESENTATION_CONTEXT('2D SPACE',''
  ) );
#906 = ORIENTED_EDGE('',*,*,#907,.F.);
#907 = EDGE_CURVE('',#908,#887,#910,.T.);
#908 = VERTEX_POINT('',#909);
#909 = CARTESIAN_POINT('',(-1.426922288007,-7.268,5.8));
#910 = SURFACE_CURVE('',#911,(#916,#923),.PCURVE_S1.);
#911 = ELLIPSE('',#912,3.965088358296,3.95);
#912 = AXIS2_PLACEMENT_3D('',#913,#914,#915);
#913 = CARTESIAN_POINT('',(-1.772502508935,-7.268,1.85));
#914 = DIRECTION('',(-0.996194698092,-0.,8.715574274766E-02));
#915 = DIRECTION('',(-8.715574274766E-02,0.,-0.996194698092));
#916 = PCURVE('',#762,#917);
#917 = DEFINITIONAL_REPRESENTATION('',(#918),#922);
#918 = ELLIPSE('',#919,3.965088358296,3.95);
#919 = AXIS2_PLACEMENT_2D('',#920,#921);
#920 = CARTESIAN_POINT('',(0.105768743738,-3.4));
#921 = DIRECTION('',(1.,-0.));
#922 = ( GEOMETRIC_REPRESENTATION_CONTEXT(2) 
PARAMETRIC_REPRESENTATION_CONTEXT() REPRESENTATION_CONTEXT('2D SPACE',''
  ) );
#923 = PCURVE('',#651,#924);
#924 = DEFINITIONAL_REPRESENTATION('',(#925),#933);
#925 = B_SPLINE_CURVE_WITH_KNOTS('',6,(#926,#927,#928,#929,#930,#931,
    #932),.UNSPECIFIED.,.F.,.F.,(7,7),(3.14159265359,3.995552720122),
  .PIECEWISE_BEZIER_KNOTS.);
#926 = CARTESIAN_POINT('',(0.,-0.223077711993));
#927 = CARTESIAN_POINT('',(0.142326677755,-0.223077711993));
#928 = CARTESIAN_POINT('',(0.284653355511,-0.214677307627));
#929 = CARTESIAN_POINT('',(0.426980033266,-0.197876151381));
#930 = CARTESIAN_POINT('',(0.569306711021,-0.173185903367));
#931 = CARTESIAN_POINT('',(0.711633388777,-0.141624884097));
#932 = CARTESIAN_POINT('',(0.853960066532,-0.10454468399));
#933 = ( GEOMETRIC_REPRESENTATION_CONTEXT(2) 
PARAMETRIC_REPRESENTATION_CONTEXT() REPRESENTATION_CONTEXT('2D SPACE',''
  ) );
#934 = ORIENTED_EDGE('',*,*,#935,.T.);
#935 = EDGE_CURVE('',#908,#742,#936,.T.);
#936 = SURFACE_CURVE('',#937,(#941,#947),.PCURVE_S1.);
#937 = LINE('',#938,#939);
#938 = CARTESIAN_POINT('',(-1.426922288007,-12.368,5.8));
#939 = VECTOR('',#940,1.);
#940 = DIRECTION('',(0.,-1.,0.));
#941 = PCURVE('',#762,#942);
#942 = DEFINITIONAL_REPRESENTATION('',(#943),#946);
#943 = B_SPLINE_CURVE_WITH_KNOTS('',1,(#944,#945),.UNSPECIFIED.,.F.,.F.,
  (2,2),(-5.1,1.7),.PIECEWISE_BEZIER_KNOTS.);
#944 = CARTESIAN_POINT('',(-3.859319614558,-3.4));
#945 = CARTESIAN_POINT('',(-3.859319614558,3.4));
#946 = ( GEOMETRIC_REPRESENTATION_CONTEXT(2) 
PARAMETRIC_REPRESENTATION_CONTEXT() REPRESENTATION_CONTEXT('2D SPACE',''
  ) );
#947 = PCURVE('',#622,#948);
#948 = DEFINITIONAL_REPRESENTATION('',(#949),#952);
#949 = B_SPLINE_CURVE_WITH_KNOTS('',1,(#950,#951),.UNSPECIFIED.,.F.,.F.,
  (2,2),(-5.1,1.7),.PIECEWISE_BEZIER_KNOTS.);
#950 = CARTESIAN_POINT('',(6.8,-0.223077711993));
#951 = CARTESIAN_POINT('',(0.,-0.223077711993));
#952 = ( GEOMETRIC_REPRESENTATION_CONTEXT(2) 
PARAMETRIC_REPRESENTATION_CONTEXT() REPRESENTATION_CONTEXT('2D SPACE',''
  ) );
#953 = ORIENTED_EDGE('',*,*,#741,.F.);
#954 = ORIENTED_EDGE('',*,*,#955,.F.);
#955 = EDGE_CURVE('',#799,#715,#956,.T.);
#956 = SURFACE_CURVE('',#957,(#961,#967),.PCURVE_S1.);
#957 = LINE('',#958,#959);
#958 = CARTESIAN_POINT('',(-1.512643030558,-0.334,4.820207429212));
#959 = VECTOR('',#960,1.);
#960 = DIRECTION('',(-0.,1.,0.));
#961 = PCURVE('',#762,#962);
#962 = DEFINITIONAL_REPRESENTATION('',(#963),#966);
#963 = B_SPLINE_CURVE_WITH_KNOTS('',1,(#964,#965),.UNSPECIFIED.,.F.,.F.,
  (2,2),(-17.684,-2.984),.PIECEWISE_BEZIER_KNOTS.);
#964 = CARTESIAN_POINT('',(-2.875784395324,7.35));
#965 = CARTESIAN_POINT('',(-2.875784395324,-7.35));
#966 = ( GEOMETRIC_REPRESENTATION_CONTEXT(2) 
PARAMETRIC_REPRESENTATION_CONTEXT() REPRESENTATION_CONTEXT('2D SPACE',''
  ) );
#967 = PCURVE('',#43,#968);
#968 = DEFINITIONAL_REPRESENTATION('',(#969),#972);
#969 = B_SPLINE_CURVE_WITH_KNOTS('',1,(#970,#971),.UNSPECIFIED.,.F.,.F.,
  (2,2),(-17.684,-2.984),.PIECEWISE_BEZIER_KNOTS.);
#970 = CARTESIAN_POINT('',(1.694471396458,-28.018));
#971 = CARTESIAN_POINT('',(1.694471396458,-13.318));
#972 = ( GEOMETRIC_REPRESENTATION_CONTEXT(2) 
PARAMETRIC_REPRESENTATION_CONTEXT() REPRESENTATION_CONTEXT('2D SPACE',''
  ) );
#973 = ADVANCED_FACE('',(#974),#845,.F.);
#974 = FACE_BOUND('',#975,.F.);
#975 = EDGE_LOOP('',(#976,#977,#1000,#1026));
#976 = ORIENTED_EDGE('',*,*,#829,.F.);
#977 = ORIENTED_EDGE('',*,*,#978,.T.);
#978 = EDGE_CURVE('',#801,#979,#981,.T.);
#979 = VERTEX_POINT('',#980);
#980 = CARTESIAN_POINT('',(-1.196790137712,-14.068,5.870892815519));
#981 = SURFACE_CURVE('',#982,(#986,#993),.PCURVE_S1.);
#982 = LINE('',#983,#984);
#983 = CARTESIAN_POINT('',(-1.419018971662,-14.068,5.890335319198));
#984 = VECTOR('',#985,1.);
#985 = DIRECTION('',(0.996194698092,0.,-8.715574274766E-02));
#986 = PCURVE('',#845,#987);
#987 = DEFINITIONAL_REPRESENTATION('',(#988),#992);
#988 = LINE('',#989,#990);
#989 = CARTESIAN_POINT('',(0.,0.));
#990 = VECTOR('',#991,1.);
#991 = DIRECTION('',(0.,-1.));
#992 = ( GEOMETRIC_REPRESENTATION_CONTEXT(2) 
PARAMETRIC_REPRESENTATION_CONTEXT() REPRESENTATION_CONTEXT('2D SPACE',''
  ) );
#993 = PCURVE('',#817,#994);
#994 = DEFINITIONAL_REPRESENTATION('',(#995),#999);
#995 = LINE('',#996,#997);
#996 = CARTESIAN_POINT('',(3.14159265359,0.));
#997 = VECTOR('',#998,1.);
#998 = DIRECTION('',(0.,-1.));
#999 = ( GEOMETRIC_REPRESENTATION_CONTEXT(2) 
PARAMETRIC_REPRESENTATION_CONTEXT() REPRESENTATION_CONTEXT('2D SPACE',''
  ) );
#1000 = ORIENTED_EDGE('',*,*,#1001,.F.);
#1001 = EDGE_CURVE('',#1002,#979,#1004,.T.);
#1002 = VERTEX_POINT('',#1003);
#1003 = CARTESIAN_POINT('',(-1.196790137712,-7.268,5.870892815519));
#1004 = SURFACE_CURVE('',#1005,(#1009,#1015),.PCURVE_S1.);
#1005 = LINE('',#1006,#1007);
#1006 = CARTESIAN_POINT('',(-1.196790137712,-12.368,5.870892815519));
#1007 = VECTOR('',#1008,1.);
#1008 = DIRECTION('',(0.,-1.,0.));
#1009 = PCURVE('',#845,#1010);
#1010 = DEFINITIONAL_REPRESENTATION('',(#1011),#1014);
#1011 = B_SPLINE_CURVE_WITH_KNOTS('',1,(#1012,#1013),.UNSPECIFIED.,.F.,
  .F.,(2,2),(-5.1,1.7),.PIECEWISE_BEZIER_KNOTS.);
#1012 = CARTESIAN_POINT('',(6.8,-0.223077711993));
#1013 = CARTESIAN_POINT('',(0.,-0.223077711993));
#1014 = ( GEOMETRIC_REPRESENTATION_CONTEXT(2) 
PARAMETRIC_REPRESENTATION_CONTEXT() REPRESENTATION_CONTEXT('2D SPACE',''
  ) );
#1015 = PCURVE('',#1016,#1021);
#1016 = PLANE('',#1017);
#1017 = AXIS2_PLACEMENT_3D('',#1018,#1019,#1020);
#1018 = CARTESIAN_POINT('',(-1.866953955814,-10.668,2.07020493775));
#1019 = DIRECTION('',(-0.984807753012,-0.,0.173648177667));
#1020 = DIRECTION('',(-0.173648177667,0.,-0.984807753012));
#1021 = DEFINITIONAL_REPRESENTATION('',(#1022),#1025);
#1022 = B_SPLINE_CURVE_WITH_KNOTS('',1,(#1023,#1024),.UNSPECIFIED.,.F.,
  .F.,(2,2),(-5.1,1.7),.PIECEWISE_BEZIER_KNOTS.);
#1023 = CARTESIAN_POINT('',(-3.859319614558,-3.4));
#1024 = CARTESIAN_POINT('',(-3.859319614558,3.4));
#1025 = ( GEOMETRIC_REPRESENTATION_CONTEXT(2) 
PARAMETRIC_REPRESENTATION_CONTEXT() REPRESENTATION_CONTEXT('2D SPACE',''
  ) );
#1026 = ORIENTED_EDGE('',*,*,#1027,.F.);
#1027 = EDGE_CURVE('',#830,#1002,#1028,.T.);
#1028 = SURFACE_CURVE('',#1029,(#1033,#1040),.PCURVE_S1.);
#1029 = LINE('',#1030,#1031);
#1030 = CARTESIAN_POINT('',(-1.419018971662,-7.268,5.890335319198));
#1031 = VECTOR('',#1032,1.);
#1032 = DIRECTION('',(0.996194698092,0.,-8.715574274766E-02));
#1033 = PCURVE('',#845,#1034);
#1034 = DEFINITIONAL_REPRESENTATION('',(#1035),#1039);
#1035 = LINE('',#1036,#1037);
#1036 = CARTESIAN_POINT('',(6.8,-2.211996581662E-16));
#1037 = VECTOR('',#1038,1.);
#1038 = DIRECTION('',(0.,-1.));
#1039 = ( GEOMETRIC_REPRESENTATION_CONTEXT(2) 
PARAMETRIC_REPRESENTATION_CONTEXT() REPRESENTATION_CONTEXT('2D SPACE',''
  ) );
#1040 = PCURVE('',#874,#1041);
#1041 = DEFINITIONAL_REPRESENTATION('',(#1042),#1046);
#1042 = LINE('',#1043,#1044);
#1043 = CARTESIAN_POINT('',(0.,0.));
#1044 = VECTOR('',#1045,1.);
#1045 = DIRECTION('',(0.,-1.));
#1046 = ( GEOMETRIC_REPRESENTATION_CONTEXT(2) 
PARAMETRIC_REPRESENTATION_CONTEXT() REPRESENTATION_CONTEXT('2D SPACE',''
  ) );
#1047 = ADVANCED_FACE('',(#1048),#1016,.F.);
#1048 = FACE_BOUND('',#1049,.F.);
#1049 = EDGE_LOOP('',(#1050,#1081,#1109,#1138,#1159,#1185,#1186,#1214));
#1050 = ORIENTED_EDGE('',*,*,#1051,.T.);
#1051 = EDGE_CURVE('',#1052,#1054,#1056,.T.);
#1052 = VERTEX_POINT('',#1053);
#1053 = CARTESIAN_POINT('',(-1.389082407184,-16.90159437077,
    4.780349163608));
#1054 = VERTEX_POINT('',#1055);
#1055 = CARTESIAN_POINT('',(-1.18104365403,-14.068,5.960195562149));
#1056 = SURFACE_CURVE('',#1057,(#1062,#1069),.PCURVE_S1.);
#1057 = CIRCLE('',#1058,3.95);
#1058 = AXIS2_PLACEMENT_3D('',#1059,#1060,#1061);
#1059 = CARTESIAN_POINT('',(-1.866953955814,-14.068,2.07020493775));
#1060 = DIRECTION('',(-0.984807753012,-3.08148791102E-33,0.173648177667)
  );
#1061 = DIRECTION('',(-0.173648177667,1.124276480633E-16,-0.984807753012
    ));
#1062 = PCURVE('',#1016,#1063);
#1063 = DEFINITIONAL_REPRESENTATION('',(#1064),#1068);
#1064 = CIRCLE('',#1065,3.95);
#1065 = AXIS2_PLACEMENT_2D('',#1066,#1067);
#1066 = CARTESIAN_POINT('',(-9.132426347848E-16,3.4));
#1067 = DIRECTION('',(1.,-1.124276480633E-16));
#1068 = ( GEOMETRIC_REPRESENTATION_CONTEXT(2) 
PARAMETRIC_REPRESENTATION_CONTEXT() REPRESENTATION_CONTEXT('2D SPACE',''
  ) );
#1069 = PCURVE('',#1070,#1075);
#1070 = CYLINDRICAL_SURFACE('',#1071,3.95);
#1071 = AXIS2_PLACEMENT_3D('',#1072,#1073,#1074);
#1072 = CARTESIAN_POINT('',(-1.866953955814,-14.068,2.07020493775));
#1073 = DIRECTION('',(-0.984807753012,0.,0.173648177667));
#1074 = DIRECTION('',(-0.173648177667,1.124276480633E-16,-0.984807753012
    ));
#1075 = DEFINITIONAL_REPRESENTATION('',(#1076),#1080);
#1076 = LINE('',#1077,#1078);
#1077 = CARTESIAN_POINT('',(0.,0.));
#1078 = VECTOR('',#1079,1.);
#1079 = DIRECTION('',(1.,0.));
#1080 = ( GEOMETRIC_REPRESENTATION_CONTEXT(2) 
PARAMETRIC_REPRESENTATION_CONTEXT() REPRESENTATION_CONTEXT('2D SPACE',''
  ) );
#1081 = ORIENTED_EDGE('',*,*,#1082,.T.);
#1082 = EDGE_CURVE('',#1054,#1083,#1085,.T.);
#1083 = VERTEX_POINT('',#1084);
#1084 = CARTESIAN_POINT('',(-1.18104365403,-7.268,5.960195562149));
#1085 = SURFACE_CURVE('',#1086,(#1090,#1097),.PCURVE_S1.);
#1086 = LINE('',#1087,#1088);
#1087 = CARTESIAN_POINT('',(-1.18104365403,-14.068,5.960195562149));
#1088 = VECTOR('',#1089,1.);
#1089 = DIRECTION('',(0.,1.,0.));
#1090 = PCURVE('',#1016,#1091);
#1091 = DEFINITIONAL_REPRESENTATION('',(#1092),#1096);
#1092 = LINE('',#1093,#1094);
#1093 = CARTESIAN_POINT('',(-3.95,3.4));
#1094 = VECTOR('',#1095,1.);
#1095 = DIRECTION('',(0.,-1.));
#1096 = ( GEOMETRIC_REPRESENTATION_CONTEXT(2) 
PARAMETRIC_REPRESENTATION_CONTEXT() REPRESENTATION_CONTEXT('2D SPACE',''
  ) );
#1097 = PCURVE('',#1098,#1103);
#1098 = PLANE('',#1099);
#1099 = AXIS2_PLACEMENT_3D('',#1100,#1101,#1102);
#1100 = CARTESIAN_POINT('',(-1.18104365403,-14.068,5.960195562149));
#1101 = DIRECTION('',(0.173648177667,0.,0.984807753012));
#1102 = DIRECTION('',(0.,1.,0.));
#1103 = DEFINITIONAL_REPRESENTATION('',(#1104),#1108);
#1104 = LINE('',#1105,#1106);
#1105 = CARTESIAN_POINT('',(0.,0.));
#1106 = VECTOR('',#1107,1.);
#1107 = DIRECTION('',(1.,0.));
#1108 = ( GEOMETRIC_REPRESENTATION_CONTEXT(2) 
PARAMETRIC_REPRESENTATION_CONTEXT() REPRESENTATION_CONTEXT('2D SPACE',''
  ) );
#1109 = ORIENTED_EDGE('',*,*,#1110,.T.);
#1110 = EDGE_CURVE('',#1083,#1111,#1113,.T.);
#1111 = VERTEX_POINT('',#1112);
#1112 = CARTESIAN_POINT('',(-1.389082407184,-4.43440562923,
    4.780349163608));
#1113 = SURFACE_CURVE('',#1114,(#1119,#1126),.PCURVE_S1.);
#1114 = CIRCLE('',#1115,3.95);
#1115 = AXIS2_PLACEMENT_3D('',#1116,#1117,#1118);
#1116 = CARTESIAN_POINT('',(-1.866953955814,-7.268,2.07020493775));
#1117 = DIRECTION('',(-0.984807753012,-3.08148791102E-33,0.173648177667)
  );
#1118 = DIRECTION('',(0.173648177667,-1.124276480633E-16,0.984807753012)
  );
#1119 = PCURVE('',#1016,#1120);
#1120 = DEFINITIONAL_REPRESENTATION('',(#1121),#1125);
#1121 = CIRCLE('',#1122,3.95);
#1122 = AXIS2_PLACEMENT_2D('',#1123,#1124);
#1123 = CARTESIAN_POINT('',(0.,-3.4));
#1124 = DIRECTION('',(-1.,1.124276480633E-16));
#1125 = ( GEOMETRIC_REPRESENTATION_CONTEXT(2) 
PARAMETRIC_REPRESENTATION_CONTEXT() REPRESENTATION_CONTEXT('2D SPACE',''
  ) );
#1126 = PCURVE('',#1127,#1132);
#1127 = CYLINDRICAL_SURFACE('',#1128,3.95);
#1128 = AXIS2_PLACEMENT_3D('',#1129,#1130,#1131);
#1129 = CARTESIAN_POINT('',(-1.866953955814,-7.268,2.07020493775));
#1130 = DIRECTION('',(-0.984807753012,0.,0.173648177667));
#1131 = DIRECTION('',(0.173648177667,-1.124276480633E-16,0.984807753012)
  );
#1132 = DEFINITIONAL_REPRESENTATION('',(#1133),#1137);
#1133 = LINE('',#1134,#1135);
#1134 = CARTESIAN_POINT('',(0.,0.));
#1135 = VECTOR('',#1136,1.);
#1136 = DIRECTION('',(1.,0.));
#1137 = ( GEOMETRIC_REPRESENTATION_CONTEXT(2) 
PARAMETRIC_REPRESENTATION_CONTEXT() REPRESENTATION_CONTEXT('2D SPACE',''
  ) );
#1138 = ORIENTED_EDGE('',*,*,#1139,.F.);
#1139 = EDGE_CURVE('',#1140,#1111,#1142,.T.);
#1140 = VERTEX_POINT('',#1141);
#1141 = CARTESIAN_POINT('',(-1.389082407184,-4.52975910822,
    4.780349163608));
#1142 = SURFACE_CURVE('',#1143,(#1147,#1153),.PCURVE_S1.);
#1143 = LINE('',#1144,#1145);
#1144 = CARTESIAN_POINT('',(-1.389082407184,-0.334,4.780349163608));
#1145 = VECTOR('',#1146,1.);
#1146 = DIRECTION('',(-0.,1.,0.));
#1147 = PCURVE('',#1016,#1148);
#1148 = DEFINITIONAL_REPRESENTATION('',(#1149),#1152);
#1149 = B_SPLINE_CURVE_WITH_KNOTS('',1,(#1150,#1151),.UNSPECIFIED.,.F.,
  .F.,(2,2),(-17.684,-2.984),.PIECEWISE_BEZIER_KNOTS.);
#1150 = CARTESIAN_POINT('',(-2.751952568984,7.35));
#1151 = CARTESIAN_POINT('',(-2.751952568984,-7.35));
#1152 = ( GEOMETRIC_REPRESENTATION_CONTEXT(2) 
PARAMETRIC_REPRESENTATION_CONTEXT() REPRESENTATION_CONTEXT('2D SPACE',''
  ) );
#1153 = PCURVE('',#305,#1154);
#1154 = DEFINITIONAL_REPRESENTATION('',(#1155),#1158);
#1155 = B_SPLINE_CURVE_WITH_KNOTS('',1,(#1156,#1157),.UNSPECIFIED.,.F.,
  .F.,(2,2),(-17.684,-2.984),.PIECEWISE_BEZIER_KNOTS.);
#1156 = CARTESIAN_POINT('',(1.564641088034,-28.018));
#1157 = CARTESIAN_POINT('',(1.564641088034,-13.318));
#1158 = ( GEOMETRIC_REPRESENTATION_CONTEXT(2) 
PARAMETRIC_REPRESENTATION_CONTEXT() REPRESENTATION_CONTEXT('2D SPACE',''
  ) );
#1159 = ORIENTED_EDGE('',*,*,#1160,.F.);
#1160 = EDGE_CURVE('',#1002,#1140,#1161,.T.);
#1161 = SURFACE_CURVE('',#1162,(#1167,#1174),.PCURVE_S1.);
#1162 = ELLIPSE('',#1163,3.965088358296,3.95);
#1163 = AXIS2_PLACEMENT_3D('',#1164,#1165,#1166);
#1164 = CARTESIAN_POINT('',(-1.885320505419,-7.268,1.966043058891));
#1165 = DIRECTION('',(-0.984807753012,-0.,0.173648177667));
#1166 = DIRECTION('',(-0.173648177667,0.,-0.984807753012));
#1167 = PCURVE('',#1016,#1168);
#1168 = DEFINITIONAL_REPRESENTATION('',(#1169),#1173);
#1169 = ELLIPSE('',#1170,3.965088358296,3.95);
#1170 = AXIS2_PLACEMENT_2D('',#1171,#1172);
#1171 = CARTESIAN_POINT('',(0.105768743738,-3.4));
#1172 = DIRECTION('',(1.,-0.));
#1173 = ( GEOMETRIC_REPRESENTATION_CONTEXT(2) 
PARAMETRIC_REPRESENTATION_CONTEXT() REPRESENTATION_CONTEXT('2D SPACE',''
  ) );
#1174 = PCURVE('',#874,#1175);
#1175 = DEFINITIONAL_REPRESENTATION('',(#1176),#1184);
#1176 = B_SPLINE_CURVE_WITH_KNOTS('',6,(#1177,#1178,#1179,#1180,#1181,
    #1182,#1183),.UNSPECIFIED.,.F.,.F.,(7,7),(3.14159265359,
    3.985290730987),.PIECEWISE_BEZIER_KNOTS.);
#1177 = CARTESIAN_POINT('',(0.,-0.223077711993));
#1178 = CARTESIAN_POINT('',(0.140616346233,-0.223077711993));
#1179 = CARTESIAN_POINT('',(0.281232692466,-0.214877985564));
#1180 = CARTESIAN_POINT('',(0.421849038698,-0.198478216992));
#1181 = CARTESIAN_POINT('',(0.562465384931,-0.174365860395));
#1182 = CARTESIAN_POINT('',(0.703081731164,-0.143511282401));
#1183 = CARTESIAN_POINT('',(0.843698077397,-0.107206226006));
#1184 = ( GEOMETRIC_REPRESENTATION_CONTEXT(2) 
PARAMETRIC_REPRESENTATION_CONTEXT() REPRESENTATION_CONTEXT('2D SPACE',''
  ) );
#1185 = ORIENTED_EDGE('',*,*,#1001,.T.);
#1186 = ORIENTED_EDGE('',*,*,#1187,.F.);
#1187 = EDGE_CURVE('',#1188,#979,#1190,.T.);
#1188 = VERTEX_POINT('',#1189);
#1189 = CARTESIAN_POINT('',(-1.389082407184,-16.80624089178,
    4.780349163608));
#1190 = SURFACE_CURVE('',#1191,(#1196,#1203),.PCURVE_S1.);
#1191 = ELLIPSE('',#1192,3.965088358296,3.95);
#1192 = AXIS2_PLACEMENT_3D('',#1193,#1194,#1195);
#1193 = CARTESIAN_POINT('',(-1.885320505419,-14.068,1.966043058891));
#1194 = DIRECTION('',(-0.984807753012,-0.,0.173648177667));
#1195 = DIRECTION('',(-0.173648177667,0.,-0.984807753012));
#1196 = PCURVE('',#1016,#1197);
#1197 = DEFINITIONAL_REPRESENTATION('',(#1198),#1202);
#1198 = ELLIPSE('',#1199,3.965088358296,3.95);
#1199 = AXIS2_PLACEMENT_2D('',#1200,#1201);
#1200 = CARTESIAN_POINT('',(0.105768743738,3.4));
#1201 = DIRECTION('',(1.,-0.));
#1202 = ( GEOMETRIC_REPRESENTATION_CONTEXT(2) 
PARAMETRIC_REPRESENTATION_CONTEXT() REPRESENTATION_CONTEXT('2D SPACE',''
  ) );
#1203 = PCURVE('',#817,#1204);
#1204 = DEFINITIONAL_REPRESENTATION('',(#1205),#1213);
#1205 = B_SPLINE_CURVE_WITH_KNOTS('',6,(#1206,#1207,#1208,#1209,#1210,
    #1211,#1212),.UNSPECIFIED.,.F.,.F.,(7,7),(2.297894576193,
    3.14159265359),.PIECEWISE_BEZIER_KNOTS.);
#1206 = CARTESIAN_POINT('',(2.297894576193,-0.107206226006));
#1207 = CARTESIAN_POINT('',(2.438510922426,-0.143511282401));
#1208 = CARTESIAN_POINT('',(2.579127268659,-0.174365860395));
#1209 = CARTESIAN_POINT('',(2.719743614891,-0.198478216992));
#1210 = CARTESIAN_POINT('',(2.860359961124,-0.214877985564));
#1211 = CARTESIAN_POINT('',(3.000976307357,-0.223077711993));
#1212 = CARTESIAN_POINT('',(3.14159265359,-0.223077711993));
#1213 = ( GEOMETRIC_REPRESENTATION_CONTEXT(2) 
PARAMETRIC_REPRESENTATION_CONTEXT() REPRESENTATION_CONTEXT('2D SPACE',''
  ) );
#1214 = ORIENTED_EDGE('',*,*,#1215,.F.);
#1215 = EDGE_CURVE('',#1052,#1188,#1216,.T.);
#1216 = SURFACE_CURVE('',#1217,(#1221,#1227),.PCURVE_S1.);
#1217 = LINE('',#1218,#1219);
#1218 = CARTESIAN_POINT('',(-1.389082407184,-0.334,4.780349163608));
#1219 = VECTOR('',#1220,1.);
#1220 = DIRECTION('',(-0.,1.,0.));
#1221 = PCURVE('',#1016,#1222);
#1222 = DEFINITIONAL_REPRESENTATION('',(#1223),#1226);
#1223 = B_SPLINE_CURVE_WITH_KNOTS('',1,(#1224,#1225),.UNSPECIFIED.,.F.,
  .F.,(2,2),(-17.684,-2.984),.PIECEWISE_BEZIER_KNOTS.);
#1224 = CARTESIAN_POINT('',(-2.751952568984,7.35));
#1225 = CARTESIAN_POINT('',(-2.751952568984,-7.35));
#1226 = ( GEOMETRIC_REPRESENTATION_CONTEXT(2) 
PARAMETRIC_REPRESENTATION_CONTEXT() REPRESENTATION_CONTEXT('2D SPACE',''
  ) );
#1227 = PCURVE('',#43,#1228);
#1228 = DEFINITIONAL_REPRESENTATION('',(#1229),#1232);
#1229 = B_SPLINE_CURVE_WITH_KNOTS('',1,(#1230,#1231),.UNSPECIFIED.,.F.,
  .F.,(2,2),(-17.684,-2.984),.PIECEWISE_BEZIER_KNOTS.);
#1230 = CARTESIAN_POINT('',(1.564641088034,-28.018));
#1231 = CARTESIAN_POINT('',(1.564641088034,-13.318));
#1232 = ( GEOMETRIC_REPRESENTATION_CONTEXT(2) 
PARAMETRIC_REPRESENTATION_CONTEXT() REPRESENTATION_CONTEXT('2D SPACE',''
  ) );
#1233 = ADVANCED_FACE('',(#1234),#1098,.F.);
#1234 = FACE_BOUND('',#1235,.F.);
#1235 = EDGE_LOOP('',(#1236,#1237,#1260,#1286));
#1236 = ORIENTED_EDGE('',*,*,#1082,.F.);
#1237 = ORIENTED_EDGE('',*,*,#1238,.T.);
#1238 = EDGE_CURVE('',#1054,#1239,#1241,.T.);
#1239 = VERTEX_POINT('',#1240);
#1240 = CARTESIAN_POINT('',(-0.961354993736,-14.068,5.921458523983));
#1241 = SURFACE_CURVE('',#1242,(#1246,#1253),.PCURVE_S1.);
#1242 = LINE('',#1243,#1244);
#1243 = CARTESIAN_POINT('',(-1.18104365403,-14.068,5.960195562149));
#1244 = VECTOR('',#1245,1.);
#1245 = DIRECTION('',(0.984807753012,0.,-0.173648177667));
#1246 = PCURVE('',#1098,#1247);
#1247 = DEFINITIONAL_REPRESENTATION('',(#1248),#1252);
#1248 = LINE('',#1249,#1250);
#1249 = CARTESIAN_POINT('',(0.,0.));
#1250 = VECTOR('',#1251,1.);
#1251 = DIRECTION('',(0.,-1.));
#1252 = ( GEOMETRIC_REPRESENTATION_CONTEXT(2) 
PARAMETRIC_REPRESENTATION_CONTEXT() REPRESENTATION_CONTEXT('2D SPACE',''
  ) );
#1253 = PCURVE('',#1070,#1254);
#1254 = DEFINITIONAL_REPRESENTATION('',(#1255),#1259);
#1255 = LINE('',#1256,#1257);
#1256 = CARTESIAN_POINT('',(3.14159265359,0.));
#1257 = VECTOR('',#1258,1.);
#1258 = DIRECTION('',(0.,-1.));
#1259 = ( GEOMETRIC_REPRESENTATION_CONTEXT(2) 
PARAMETRIC_REPRESENTATION_CONTEXT() REPRESENTATION_CONTEXT('2D SPACE',''
  ) );
#1260 = ORIENTED_EDGE('',*,*,#1261,.F.);
#1261 = EDGE_CURVE('',#1262,#1239,#1264,.T.);
#1262 = VERTEX_POINT('',#1263);
#1263 = CARTESIAN_POINT('',(-0.961354993736,-7.268,5.921458523983));
#1264 = SURFACE_CURVE('',#1265,(#1269,#1275),.PCURVE_S1.);
#1265 = LINE('',#1266,#1267);
#1266 = CARTESIAN_POINT('',(-0.961354993736,-12.368,5.921458523983));
#1267 = VECTOR('',#1268,1.);
#1268 = DIRECTION('',(0.,-1.,0.));
#1269 = PCURVE('',#1098,#1270);
#1270 = DEFINITIONAL_REPRESENTATION('',(#1271),#1274);
#1271 = B_SPLINE_CURVE_WITH_KNOTS('',1,(#1272,#1273),.UNSPECIFIED.,.F.,
  .F.,(2,2),(-5.1,1.7),.PIECEWISE_BEZIER_KNOTS.);
#1272 = CARTESIAN_POINT('',(6.8,-0.223077711993));
#1273 = CARTESIAN_POINT('',(0.,-0.223077711993));
#1274 = ( GEOMETRIC_REPRESENTATION_CONTEXT(2) 
PARAMETRIC_REPRESENTATION_CONTEXT() REPRESENTATION_CONTEXT('2D SPACE',''
  ) );
#1275 = PCURVE('',#1276,#1281);
#1276 = PLANE('',#1277);
#1277 = AXIS2_PLACEMENT_3D('',#1278,#1279,#1280);
#1278 = CARTESIAN_POINT('',(-1.960220411121,-10.668,2.193642036378));
#1279 = DIRECTION('',(-0.965925826289,-0.,0.258819045103));
#1280 = DIRECTION('',(-0.258819045103,0.,-0.965925826289));
#1281 = DEFINITIONAL_REPRESENTATION('',(#1282),#1285);
#1282 = B_SPLINE_CURVE_WITH_KNOTS('',1,(#1283,#1284),.UNSPECIFIED.,.F.,
  .F.,(2,2),(-5.1,1.7),.PIECEWISE_BEZIER_KNOTS.);
#1283 = CARTESIAN_POINT('',(-3.859319614558,-3.4));
#1284 = CARTESIAN_POINT('',(-3.859319614558,3.4));
#1285 = ( GEOMETRIC_REPRESENTATION_CONTEXT(2) 
PARAMETRIC_REPRESENTATION_CONTEXT() REPRESENTATION_CONTEXT('2D SPACE',''
  ) );
#1286 = ORIENTED_EDGE('',*,*,#1287,.F.);
#1287 = EDGE_CURVE('',#1083,#1262,#1288,.T.);
#1288 = SURFACE_CURVE('',#1289,(#1293,#1300),.PCURVE_S1.);
#1289 = LINE('',#1290,#1291);
#1290 = CARTESIAN_POINT('',(-1.18104365403,-7.268,5.960195562149));
#1291 = VECTOR('',#1292,1.);
#1292 = DIRECTION('',(0.984807753012,0.,-0.173648177667));
#1293 = PCURVE('',#1098,#1294);
#1294 = DEFINITIONAL_REPRESENTATION('',(#1295),#1299);
#1295 = LINE('',#1296,#1297);
#1296 = CARTESIAN_POINT('',(6.8,0.));
#1297 = VECTOR('',#1298,1.);
#1298 = DIRECTION('',(0.,-1.));
#1299 = ( GEOMETRIC_REPRESENTATION_CONTEXT(2) 
PARAMETRIC_REPRESENTATION_CONTEXT() REPRESENTATION_CONTEXT('2D SPACE',''
  ) );
#1300 = PCURVE('',#1127,#1301);
#1301 = DEFINITIONAL_REPRESENTATION('',(#1302),#1306);
#1302 = LINE('',#1303,#1304);
#1303 = CARTESIAN_POINT('',(0.,0.));
#1304 = VECTOR('',#1305,1.);
#1305 = DIRECTION('',(0.,-1.));
#1306 = ( GEOMETRIC_REPRESENTATION_CONTEXT(2) 
PARAMETRIC_REPRESENTATION_CONTEXT() REPRESENTATION_CONTEXT('2D SPACE',''
  ) );
#1307 = ADVANCED_FACE('',(#1308),#1276,.F.);
#1308 = FACE_BOUND('',#1309,.F.);
#1309 = EDGE_LOOP('',(#1310,#1341,#1369,#1398,#1419,#1445,#1446,#1474));
#1310 = ORIENTED_EDGE('',*,*,#1311,.T.);
#1311 = EDGE_CURVE('',#1312,#1314,#1316,.T.);
#1312 = VERTEX_POINT('',#1313);
#1313 = CARTESIAN_POINT('',(-1.276817930446,-17.00576235068,
    4.744134816273));
#1314 = VERTEX_POINT('',#1315);
#1315 = CARTESIAN_POINT('',(-0.937885182966,-14.068,6.009049050219));
#1316 = SURFACE_CURVE('',#1317,(#1322,#1329),.PCURVE_S1.);
#1317 = CIRCLE('',#1318,3.95);
#1318 = AXIS2_PLACEMENT_3D('',#1319,#1320,#1321);
#1319 = CARTESIAN_POINT('',(-1.960220411121,-14.068,2.193642036378));
#1320 = DIRECTION('',(-0.965925826289,6.162975822039E-33,0.258819045103)
  );
#1321 = DIRECTION('',(-0.258819045103,1.124276480633E-16,-0.965925826289
    ));
#1322 = PCURVE('',#1276,#1323);
#1323 = DEFINITIONAL_REPRESENTATION('',(#1324),#1328);
#1324 = CIRCLE('',#1325,3.95);
#1325 = AXIS2_PLACEMENT_2D('',#1326,#1327);
#1326 = CARTESIAN_POINT('',(-9.153838465578E-16,3.4));
#1327 = DIRECTION('',(1.,-1.124276480633E-16));
#1328 = ( GEOMETRIC_REPRESENTATION_CONTEXT(2) 
PARAMETRIC_REPRESENTATION_CONTEXT() REPRESENTATION_CONTEXT('2D SPACE',''
  ) );
#1329 = PCURVE('',#1330,#1335);
#1330 = CYLINDRICAL_SURFACE('',#1331,3.95);
#1331 = AXIS2_PLACEMENT_3D('',#1332,#1333,#1334);
#1332 = CARTESIAN_POINT('',(-1.960220411121,-14.068,2.193642036378));
#1333 = DIRECTION('',(-0.965925826289,0.,0.258819045103));
#1334 = DIRECTION('',(-0.258819045103,1.124276480633E-16,-0.965925826289
    ));
#1335 = DEFINITIONAL_REPRESENTATION('',(#1336),#1340);
#1336 = LINE('',#1337,#1338);
#1337 = CARTESIAN_POINT('',(0.,0.));
#1338 = VECTOR('',#1339,1.);
#1339 = DIRECTION('',(1.,0.));
#1340 = ( GEOMETRIC_REPRESENTATION_CONTEXT(2) 
PARAMETRIC_REPRESENTATION_CONTEXT() REPRESENTATION_CONTEXT('2D SPACE',''
  ) );
#1341 = ORIENTED_EDGE('',*,*,#1342,.T.);
#1342 = EDGE_CURVE('',#1314,#1343,#1345,.T.);
#1343 = VERTEX_POINT('',#1344);
#1344 = CARTESIAN_POINT('',(-0.937885182966,-7.268,6.009049050219));
#1345 = SURFACE_CURVE('',#1346,(#1350,#1357),.PCURVE_S1.);
#1346 = LINE('',#1347,#1348);
#1347 = CARTESIAN_POINT('',(-0.937885182966,-14.068,6.009049050219));
#1348 = VECTOR('',#1349,1.);
#1349 = DIRECTION('',(0.,1.,0.));
#1350 = PCURVE('',#1276,#1351);
#1351 = DEFINITIONAL_REPRESENTATION('',(#1352),#1356);
#1352 = LINE('',#1353,#1354);
#1353 = CARTESIAN_POINT('',(-3.95,3.4));
#1354 = VECTOR('',#1355,1.);
#1355 = DIRECTION('',(0.,-1.));
#1356 = ( GEOMETRIC_REPRESENTATION_CONTEXT(2) 
PARAMETRIC_REPRESENTATION_CONTEXT() REPRESENTATION_CONTEXT('2D SPACE',''
  ) );
#1357 = PCURVE('',#1358,#1363);
#1358 = PLANE('',#1359);
#1359 = AXIS2_PLACEMENT_3D('',#1360,#1361,#1362);
#1360 = CARTESIAN_POINT('',(-0.937885182966,-14.068,6.009049050219));
#1361 = DIRECTION('',(0.258819045103,0.,0.965925826289));
#1362 = DIRECTION('',(0.,1.,0.));
#1363 = DEFINITIONAL_REPRESENTATION('',(#1364),#1368);
#1364 = LINE('',#1365,#1366);
#1365 = CARTESIAN_POINT('',(0.,0.));
#1366 = VECTOR('',#1367,1.);
#1367 = DIRECTION('',(1.,0.));
#1368 = ( GEOMETRIC_REPRESENTATION_CONTEXT(2) 
PARAMETRIC_REPRESENTATION_CONTEXT() REPRESENTATION_CONTEXT('2D SPACE',''
  ) );
#1369 = ORIENTED_EDGE('',*,*,#1370,.T.);
#1370 = EDGE_CURVE('',#1343,#1371,#1373,.T.);
#1371 = VERTEX_POINT('',#1372);
#1372 = CARTESIAN_POINT('',(-1.276817930446,-4.330237649314,
    4.744134816273));
#1373 = SURFACE_CURVE('',#1374,(#1379,#1386),.PCURVE_S1.);
#1374 = CIRCLE('',#1375,3.95);
#1375 = AXIS2_PLACEMENT_3D('',#1376,#1377,#1378);
#1376 = CARTESIAN_POINT('',(-1.960220411121,-7.268,2.193642036378));
#1377 = DIRECTION('',(-0.965925826289,6.162975822039E-33,0.258819045103)
  );
#1378 = DIRECTION('',(0.258819045103,-1.124276480633E-16,0.965925826289)
  );
#1379 = PCURVE('',#1276,#1380);
#1380 = DEFINITIONAL_REPRESENTATION('',(#1381),#1385);
#1381 = CIRCLE('',#1382,3.95);
#1382 = AXIS2_PLACEMENT_2D('',#1383,#1384);
#1383 = CARTESIAN_POINT('',(0.,-3.4));
#1384 = DIRECTION('',(-1.,1.124276480633E-16));
#1385 = ( GEOMETRIC_REPRESENTATION_CONTEXT(2) 
PARAMETRIC_REPRESENTATION_CONTEXT() REPRESENTATION_CONTEXT('2D SPACE',''
  ) );
#1386 = PCURVE('',#1387,#1392);
#1387 = CYLINDRICAL_SURFACE('',#1388,3.95);
#1388 = AXIS2_PLACEMENT_3D('',#1389,#1390,#1391);
#1389 = CARTESIAN_POINT('',(-1.960220411121,-7.268,2.193642036378));
#1390 = DIRECTION('',(-0.965925826289,0.,0.258819045103));
#1391 = DIRECTION('',(0.258819045103,-1.124276480633E-16,0.965925826289)
  );
#1392 = DEFINITIONAL_REPRESENTATION('',(#1393),#1397);
#1393 = LINE('',#1394,#1395);
#1394 = CARTESIAN_POINT('',(0.,0.));
#1395 = VECTOR('',#1396,1.);
#1396 = DIRECTION('',(1.,0.));
#1397 = ( GEOMETRIC_REPRESENTATION_CONTEXT(2) 
PARAMETRIC_REPRESENTATION_CONTEXT() REPRESENTATION_CONTEXT('2D SPACE',''
  ) );
#1398 = ORIENTED_EDGE('',*,*,#1399,.F.);
#1399 = EDGE_CURVE('',#1400,#1371,#1402,.T.);
#1400 = VERTEX_POINT('',#1401);
#1401 = CARTESIAN_POINT('',(-1.276817930446,-4.418791020217,
    4.744134816273));
#1402 = SURFACE_CURVE('',#1403,(#1407,#1413),.PCURVE_S1.);
#1403 = LINE('',#1404,#1405);
#1404 = CARTESIAN_POINT('',(-1.276817930446,-0.334,4.744134816273));
#1405 = VECTOR('',#1406,1.);
#1406 = DIRECTION('',(-0.,1.,0.));
#1407 = PCURVE('',#1276,#1408);
#1408 = DEFINITIONAL_REPRESENTATION('',(#1409),#1412);
#1409 = B_SPLINE_CURVE_WITH_KNOTS('',1,(#1410,#1411),.UNSPECIFIED.,.F.,
  .F.,(2,2),(-6.501812501513,-2.984),.PIECEWISE_BEZIER_KNOTS.);
#1410 = CARTESIAN_POINT('',(-2.640464423334,-3.832187498487));
#1411 = CARTESIAN_POINT('',(-2.640464423334,-7.35));
#1412 = ( GEOMETRIC_REPRESENTATION_CONTEXT(2) 
PARAMETRIC_REPRESENTATION_CONTEXT() REPRESENTATION_CONTEXT('2D SPACE',''
  ) );
#1413 = PCURVE('',#305,#1414);
#1414 = DEFINITIONAL_REPRESENTATION('',(#1415),#1418);
#1415 = B_SPLINE_CURVE_WITH_KNOTS('',1,(#1416,#1417),.UNSPECIFIED.,.F.,
  .F.,(2,2),(-6.501812501513,-2.984),.PIECEWISE_BEZIER_KNOTS.);
#1416 = CARTESIAN_POINT('',(1.446680112749,-16.83581250151));
#1417 = CARTESIAN_POINT('',(1.446680112749,-13.318));
#1418 = ( GEOMETRIC_REPRESENTATION_CONTEXT(2) 
PARAMETRIC_REPRESENTATION_CONTEXT() REPRESENTATION_CONTEXT('2D SPACE',''
  ) );
#1419 = ORIENTED_EDGE('',*,*,#1420,.F.);
#1420 = EDGE_CURVE('',#1262,#1400,#1421,.T.);
#1421 = SURFACE_CURVE('',#1422,(#1427,#1434),.PCURVE_S1.);
#1422 = ELLIPSE('',#1423,3.965088358296,3.95);
#1423 = AXIS2_PLACEMENT_3D('',#1424,#1425,#1426);
#1424 = CARTESIAN_POINT('',(-1.987595376377,-7.268,2.091477275187));
#1425 = DIRECTION('',(-0.965925826289,-0.,0.258819045103));
#1426 = DIRECTION('',(-0.258819045103,0.,-0.965925826289));
#1427 = PCURVE('',#1276,#1428);
#1428 = DEFINITIONAL_REPRESENTATION('',(#1429),#1433);
#1429 = ELLIPSE('',#1430,3.965088358296,3.95);
#1430 = AXIS2_PLACEMENT_2D('',#1431,#1432);
#1431 = CARTESIAN_POINT('',(0.105768743738,-3.4));
#1432 = DIRECTION('',(1.,-0.));
#1433 = ( GEOMETRIC_REPRESENTATION_CONTEXT(2) 
PARAMETRIC_REPRESENTATION_CONTEXT() REPRESENTATION_CONTEXT('2D SPACE',''
  ) );
#1434 = PCURVE('',#1127,#1435);
#1435 = DEFINITIONAL_REPRESENTATION('',(#1436),#1444);
#1436 = B_SPLINE_CURVE_WITH_KNOTS('',6,(#1437,#1438,#1439,#1440,#1441,
    #1442,#1443),.UNSPECIFIED.,.F.,.F.,(7,7),(3.14159265359,
    3.993803149914),.PIECEWISE_BEZIER_KNOTS.);
#1437 = CARTESIAN_POINT('',(0.,-0.223077711993));
#1438 = CARTESIAN_POINT('',(0.142035082721,-0.223077711993));
#1439 = CARTESIAN_POINT('',(0.284070165441,-0.214711692812));
#1440 = CARTESIAN_POINT('',(0.426105248162,-0.197979312547));
#1441 = CARTESIAN_POINT('',(0.568140330883,-0.173388041818));
#1442 = CARTESIAN_POINT('',(0.710175413604,-0.141947902995));
#1443 = CARTESIAN_POINT('',(0.852210496324,-0.105000149708));
#1444 = ( GEOMETRIC_REPRESENTATION_CONTEXT(2) 
PARAMETRIC_REPRESENTATION_CONTEXT() REPRESENTATION_CONTEXT('2D SPACE',''
  ) );
#1445 = ORIENTED_EDGE('',*,*,#1261,.T.);
#1446 = ORIENTED_EDGE('',*,*,#1447,.F.);
#1447 = EDGE_CURVE('',#1448,#1239,#1450,.T.);
#1448 = VERTEX_POINT('',#1449);
#1449 = CARTESIAN_POINT('',(-1.276817930446,-16.91720897978,
    4.744134816273));
#1450 = SURFACE_CURVE('',#1451,(#1456,#1463),.PCURVE_S1.);
#1451 = ELLIPSE('',#1452,3.965088358296,3.95);
#1452 = AXIS2_PLACEMENT_3D('',#1453,#1454,#1455);
#1453 = CARTESIAN_POINT('',(-1.987595376377,-14.068,2.091477275187));
#1454 = DIRECTION('',(-0.965925826289,-0.,0.258819045103));
#1455 = DIRECTION('',(-0.258819045103,0.,-0.965925826289));
#1456 = PCURVE('',#1276,#1457);
#1457 = DEFINITIONAL_REPRESENTATION('',(#1458),#1462);
#1458 = ELLIPSE('',#1459,3.965088358296,3.95);
#1459 = AXIS2_PLACEMENT_2D('',#1460,#1461);
#1460 = CARTESIAN_POINT('',(0.105768743738,3.4));
#1461 = DIRECTION('',(1.,-0.));
#1462 = ( GEOMETRIC_REPRESENTATION_CONTEXT(2) 
PARAMETRIC_REPRESENTATION_CONTEXT() REPRESENTATION_CONTEXT('2D SPACE',''
  ) );
#1463 = PCURVE('',#1070,#1464);
#1464 = DEFINITIONAL_REPRESENTATION('',(#1465),#1473);
#1465 = B_SPLINE_CURVE_WITH_KNOTS('',6,(#1466,#1467,#1468,#1469,#1470,
    #1471,#1472),.UNSPECIFIED.,.F.,.F.,(7,7),(2.289382157265,
    3.14159265359),.PIECEWISE_BEZIER_KNOTS.);
#1466 = CARTESIAN_POINT('',(2.289382157265,-0.105000149708));
#1467 = CARTESIAN_POINT('',(2.431417239986,-0.141947902995));
#1468 = CARTESIAN_POINT('',(2.573452322707,-0.173388041818));
#1469 = CARTESIAN_POINT('',(2.715487405427,-0.197979312547));
#1470 = CARTESIAN_POINT('',(2.857522488148,-0.214711692812));
#1471 = CARTESIAN_POINT('',(2.999557570869,-0.223077711993));
#1472 = CARTESIAN_POINT('',(3.14159265359,-0.223077711993));
#1473 = ( GEOMETRIC_REPRESENTATION_CONTEXT(2) 
PARAMETRIC_REPRESENTATION_CONTEXT() REPRESENTATION_CONTEXT('2D SPACE',''
  ) );
#1474 = ORIENTED_EDGE('',*,*,#1475,.F.);
#1475 = EDGE_CURVE('',#1312,#1448,#1476,.T.);
#1476 = SURFACE_CURVE('',#1477,(#1481,#1487),.PCURVE_S1.);
#1477 = LINE('',#1478,#1479);
#1478 = CARTESIAN_POINT('',(-1.276817930446,-0.334,4.744134816273));
#1479 = VECTOR('',#1480,1.);
#1480 = DIRECTION('',(-0.,1.,0.));
#1481 = PCURVE('',#1276,#1482);
#1482 = DEFINITIONAL_REPRESENTATION('',(#1483),#1486);
#1483 = B_SPLINE_CURVE_WITH_KNOTS('',1,(#1484,#1485),.UNSPECIFIED.,.F.,
  .F.,(2,2),(-17.684,-14.16618749848),.PIECEWISE_BEZIER_KNOTS.);
#1484 = CARTESIAN_POINT('',(-2.640464423334,7.35));
#1485 = CARTESIAN_POINT('',(-2.640464423334,3.832187498487));
#1486 = ( GEOMETRIC_REPRESENTATION_CONTEXT(2) 
PARAMETRIC_REPRESENTATION_CONTEXT() REPRESENTATION_CONTEXT('2D SPACE',''
  ) );
#1487 = PCURVE('',#43,#1488);
#1488 = DEFINITIONAL_REPRESENTATION('',(#1489),#1492);
#1489 = B_SPLINE_CURVE_WITH_KNOTS('',1,(#1490,#1491),.UNSPECIFIED.,.F.,
  .F.,(2,2),(-17.684,-14.16618749848),.PIECEWISE_BEZIER_KNOTS.);
#1490 = CARTESIAN_POINT('',(1.446680112749,-28.018));
#1491 = CARTESIAN_POINT('',(1.446680112749,-24.50018749848));
#1492 = ( GEOMETRIC_REPRESENTATION_CONTEXT(2) 
PARAMETRIC_REPRESENTATION_CONTEXT() REPRESENTATION_CONTEXT('2D SPACE',''
  ) );
#1493 = ADVANCED_FACE('',(#1494),#1358,.F.);
#1494 = FACE_BOUND('',#1495,.F.);
#1495 = EDGE_LOOP('',(#1496,#1497,#1520,#1546));
#1496 = ORIENTED_EDGE('',*,*,#1342,.F.);
#1497 = ORIENTED_EDGE('',*,*,#1498,.T.);
#1498 = EDGE_CURVE('',#1314,#1499,#1501,.T.);
#1499 = VERTEX_POINT('',#1500);
#1500 = CARTESIAN_POINT('',(6.327911314234E-02,-14.068,5.740787885586));
#1501 = SURFACE_CURVE('',#1502,(#1506,#1513),.PCURVE_S1.);
#1502 = LINE('',#1503,#1504);
#1503 = CARTESIAN_POINT('',(-0.937885182966,-14.068,6.009049050219));
#1504 = VECTOR('',#1505,1.);
#1505 = DIRECTION('',(0.965925826289,0.,-0.258819045103));
#1506 = PCURVE('',#1358,#1507);
#1507 = DEFINITIONAL_REPRESENTATION('',(#1508),#1512);
#1508 = LINE('',#1509,#1510);
#1509 = CARTESIAN_POINT('',(0.,0.));
#1510 = VECTOR('',#1511,1.);
#1511 = DIRECTION('',(0.,-1.));
#1512 = ( GEOMETRIC_REPRESENTATION_CONTEXT(2) 
PARAMETRIC_REPRESENTATION_CONTEXT() REPRESENTATION_CONTEXT('2D SPACE',''
  ) );
#1513 = PCURVE('',#1330,#1514);
#1514 = DEFINITIONAL_REPRESENTATION('',(#1515),#1519);
#1515 = LINE('',#1516,#1517);
#1516 = CARTESIAN_POINT('',(3.14159265359,0.));
#1517 = VECTOR('',#1518,1.);
#1518 = DIRECTION('',(0.,-1.));
#1519 = ( GEOMETRIC_REPRESENTATION_CONTEXT(2) 
PARAMETRIC_REPRESENTATION_CONTEXT() REPRESENTATION_CONTEXT('2D SPACE',''
  ) );
#1520 = ORIENTED_EDGE('',*,*,#1521,.T.);
#1521 = EDGE_CURVE('',#1499,#1522,#1524,.T.);
#1522 = VERTEX_POINT('',#1523);
#1523 = CARTESIAN_POINT('',(6.327911314235E-02,-7.268,5.740787885586));
#1524 = SURFACE_CURVE('',#1525,(#1529,#1535),.PCURVE_S1.);
#1525 = LINE('',#1526,#1527);
#1526 = CARTESIAN_POINT('',(6.327911314233E-02,-14.068,5.740787885586));
#1527 = VECTOR('',#1528,1.);
#1528 = DIRECTION('',(0.,1.,0.));
#1529 = PCURVE('',#1358,#1530);
#1530 = DEFINITIONAL_REPRESENTATION('',(#1531),#1534);
#1531 = B_SPLINE_CURVE_WITH_KNOTS('',1,(#1532,#1533),.UNSPECIFIED.,.F.,
  .F.,(2,2),(0.,6.8),.PIECEWISE_BEZIER_KNOTS.);
#1532 = CARTESIAN_POINT('',(0.,-1.036481548438));
#1533 = CARTESIAN_POINT('',(6.8,-1.036481548438));
#1534 = ( GEOMETRIC_REPRESENTATION_CONTEXT(2) 
PARAMETRIC_REPRESENTATION_CONTEXT() REPRESENTATION_CONTEXT('2D SPACE',''
  ) );
#1535 = PCURVE('',#1536,#1541);
#1536 = PLANE('',#1537);
#1537 = AXIS2_PLACEMENT_3D('',#1538,#1539,#1540);
#1538 = CARTESIAN_POINT('',(-1.18104365403,-14.068,5.960195562149));
#1539 = DIRECTION('',(0.173648177667,0.,0.984807753012));
#1540 = DIRECTION('',(0.,1.,0.));
#1541 = DEFINITIONAL_REPRESENTATION('',(#1542),#1545);
#1542 = B_SPLINE_CURVE_WITH_KNOTS('',1,(#1543,#1544),.UNSPECIFIED.,.F.,
  .F.,(2,2),(0.,6.8),.PIECEWISE_BEZIER_KNOTS.);
#1543 = CARTESIAN_POINT('',(0.,-1.263518451562));
#1544 = CARTESIAN_POINT('',(6.8,-1.263518451562));
#1545 = ( GEOMETRIC_REPRESENTATION_CONTEXT(2) 
PARAMETRIC_REPRESENTATION_CONTEXT() REPRESENTATION_CONTEXT('2D SPACE',''
  ) );
#1546 = ORIENTED_EDGE('',*,*,#1547,.F.);
#1547 = EDGE_CURVE('',#1343,#1522,#1548,.T.);
#1548 = SURFACE_CURVE('',#1549,(#1553,#1560),.PCURVE_S1.);
#1549 = LINE('',#1550,#1551);
#1550 = CARTESIAN_POINT('',(-0.937885182966,-7.268,6.009049050219));
#1551 = VECTOR('',#1552,1.);
#1552 = DIRECTION('',(0.965925826289,0.,-0.258819045103));
#1553 = PCURVE('',#1358,#1554);
#1554 = DEFINITIONAL_REPRESENTATION('',(#1555),#1559);
#1555 = LINE('',#1556,#1557);
#1556 = CARTESIAN_POINT('',(6.8,0.));
#1557 = VECTOR('',#1558,1.);
#1558 = DIRECTION('',(0.,-1.));
#1559 = ( GEOMETRIC_REPRESENTATION_CONTEXT(2) 
PARAMETRIC_REPRESENTATION_CONTEXT() REPRESENTATION_CONTEXT('2D SPACE',''
  ) );
#1560 = PCURVE('',#1387,#1561);
#1561 = DEFINITIONAL_REPRESENTATION('',(#1562),#1566);
#1562 = LINE('',#1563,#1564);
#1563 = CARTESIAN_POINT('',(0.,0.));
#1564 = VECTOR('',#1565,1.);
#1565 = DIRECTION('',(0.,-1.));
#1566 = ( GEOMETRIC_REPRESENTATION_CONTEXT(2) 
PARAMETRIC_REPRESENTATION_CONTEXT() REPRESENTATION_CONTEXT('2D SPACE',''
  ) );
#1567 = ADVANCED_FACE('',(#1568),#1536,.F.);
#1568 = FACE_BOUND('',#1569,.F.);
#1569 = EDGE_LOOP('',(#1570,#1571,#1599,#1627));
#1570 = ORIENTED_EDGE('',*,*,#1521,.F.);
#1571 = ORIENTED_EDGE('',*,*,#1572,.T.);
#1572 = EDGE_CURVE('',#1499,#1573,#1575,.T.);
#1573 = VERTEX_POINT('',#1574);
#1574 = CARTESIAN_POINT('',(9.920642488585E-02,-14.068,5.734452931182));
#1575 = SURFACE_CURVE('',#1576,(#1580,#1587),.PCURVE_S1.);
#1576 = LINE('',#1577,#1578);
#1577 = CARTESIAN_POINT('',(-1.18104365403,-14.068,5.960195562149));
#1578 = VECTOR('',#1579,1.);
#1579 = DIRECTION('',(0.984807753012,0.,-0.173648177667));
#1580 = PCURVE('',#1536,#1581);
#1581 = DEFINITIONAL_REPRESENTATION('',(#1582),#1586);
#1582 = LINE('',#1583,#1584);
#1583 = CARTESIAN_POINT('',(0.,0.));
#1584 = VECTOR('',#1585,1.);
#1585 = DIRECTION('',(0.,-1.));
#1586 = ( GEOMETRIC_REPRESENTATION_CONTEXT(2) 
PARAMETRIC_REPRESENTATION_CONTEXT() REPRESENTATION_CONTEXT('2D SPACE',''
  ) );
#1587 = PCURVE('',#1588,#1593);
#1588 = CYLINDRICAL_SURFACE('',#1589,3.95);
#1589 = AXIS2_PLACEMENT_3D('',#1590,#1591,#1592);
#1590 = CARTESIAN_POINT('',(-1.866953955814,-14.068,2.07020493775));
#1591 = DIRECTION('',(-0.984807753012,0.,0.173648177667));
#1592 = DIRECTION('',(-0.173648177667,1.124276480633E-16,-0.984807753012
    ));
#1593 = DEFINITIONAL_REPRESENTATION('',(#1594),#1598);
#1594 = LINE('',#1595,#1596);
#1595 = CARTESIAN_POINT('',(3.14159265359,0.));
#1596 = VECTOR('',#1597,1.);
#1597 = DIRECTION('',(0.,-1.));
#1598 = ( GEOMETRIC_REPRESENTATION_CONTEXT(2) 
PARAMETRIC_REPRESENTATION_CONTEXT() REPRESENTATION_CONTEXT('2D SPACE',''
  ) );
#1599 = ORIENTED_EDGE('',*,*,#1600,.T.);
#1600 = EDGE_CURVE('',#1573,#1601,#1603,.T.);
#1601 = VERTEX_POINT('',#1602);
#1602 = CARTESIAN_POINT('',(9.920642488585E-02,-7.268,5.734452931182));
#1603 = SURFACE_CURVE('',#1604,(#1608,#1615),.PCURVE_S1.);
#1604 = LINE('',#1605,#1606);
#1605 = CARTESIAN_POINT('',(9.920642488585E-02,-14.068,5.734452931182));
#1606 = VECTOR('',#1607,1.);
#1607 = DIRECTION('',(0.,1.,0.));
#1608 = PCURVE('',#1536,#1609);
#1609 = DEFINITIONAL_REPRESENTATION('',(#1610),#1614);
#1610 = LINE('',#1611,#1612);
#1611 = CARTESIAN_POINT('',(0.,-1.3));
#1612 = VECTOR('',#1613,1.);
#1613 = DIRECTION('',(1.,0.));
#1614 = ( GEOMETRIC_REPRESENTATION_CONTEXT(2) 
PARAMETRIC_REPRESENTATION_CONTEXT() REPRESENTATION_CONTEXT('2D SPACE',''
  ) );
#1615 = PCURVE('',#1616,#1621);
#1616 = PLANE('',#1617);
#1617 = AXIS2_PLACEMENT_3D('',#1618,#1619,#1620);
#1618 = CARTESIAN_POINT('',(-0.586703876899,-10.668,1.844462306783));
#1619 = DIRECTION('',(-0.984807753012,-0.,0.173648177667));
#1620 = DIRECTION('',(-0.173648177667,0.,-0.984807753012));
#1621 = DEFINITIONAL_REPRESENTATION('',(#1622),#1626);
#1622 = LINE('',#1623,#1624);
#1623 = CARTESIAN_POINT('',(-3.95,3.4));
#1624 = VECTOR('',#1625,1.);
#1625 = DIRECTION('',(0.,-1.));
#1626 = ( GEOMETRIC_REPRESENTATION_CONTEXT(2) 
PARAMETRIC_REPRESENTATION_CONTEXT() REPRESENTATION_CONTEXT('2D SPACE',''
  ) );
#1627 = ORIENTED_EDGE('',*,*,#1628,.F.);
#1628 = EDGE_CURVE('',#1522,#1601,#1629,.T.);
#1629 = SURFACE_CURVE('',#1630,(#1634,#1641),.PCURVE_S1.);
#1630 = LINE('',#1631,#1632);
#1631 = CARTESIAN_POINT('',(-1.18104365403,-7.268,5.960195562149));
#1632 = VECTOR('',#1633,1.);
#1633 = DIRECTION('',(0.984807753012,0.,-0.173648177667));
#1634 = PCURVE('',#1536,#1635);
#1635 = DEFINITIONAL_REPRESENTATION('',(#1636),#1640);
#1636 = LINE('',#1637,#1638);
#1637 = CARTESIAN_POINT('',(6.8,0.));
#1638 = VECTOR('',#1639,1.);
#1639 = DIRECTION('',(0.,-1.));
#1640 = ( GEOMETRIC_REPRESENTATION_CONTEXT(2) 
PARAMETRIC_REPRESENTATION_CONTEXT() REPRESENTATION_CONTEXT('2D SPACE',''
  ) );
#1641 = PCURVE('',#1642,#1647);
#1642 = CYLINDRICAL_SURFACE('',#1643,3.95);
#1643 = AXIS2_PLACEMENT_3D('',#1644,#1645,#1646);
#1644 = CARTESIAN_POINT('',(-1.866953955814,-7.268,2.07020493775));
#1645 = DIRECTION('',(-0.984807753012,0.,0.173648177667));
#1646 = DIRECTION('',(0.173648177667,-1.124276480633E-16,0.984807753012)
  );
#1647 = DEFINITIONAL_REPRESENTATION('',(#1648),#1652);
#1648 = LINE('',#1649,#1650);
#1649 = CARTESIAN_POINT('',(0.,0.));
#1650 = VECTOR('',#1651,1.);
#1651 = DIRECTION('',(0.,-1.));
#1652 = ( GEOMETRIC_REPRESENTATION_CONTEXT(2) 
PARAMETRIC_REPRESENTATION_CONTEXT() REPRESENTATION_CONTEXT('2D SPACE',''
  ) );
#1653 = ADVANCED_FACE('',(#1654),#1588,.F.);
#1654 = FACE_BOUND('',#1655,.F.);
#1655 = EDGE_LOOP('',(#1656,#1685,#1717,#1739,#1740));
#1656 = ORIENTED_EDGE('',*,*,#1657,.F.);
#1657 = EDGE_CURVE('',#1658,#1660,#1662,.T.);
#1658 = VERTEX_POINT('',#1659);
#1659 = CARTESIAN_POINT('',(-0.21,-17.05716689647,4.4));
#1660 = VERTEX_POINT('',#1661);
#1661 = CARTESIAN_POINT('',(-0.23236685262,-17.0543810073,4.407215113748
    ));
#1662 = SURFACE_CURVE('',#1663,(#1668,#1678),.PCURVE_S1.);
#1663 = ELLIPSE('',#1664,28.816078490961,3.95);
#1664 = AXIS2_PLACEMENT_3D('',#1665,#1666,#1667);
#1665 = CARTESIAN_POINT('',(17.717487562521,-14.068,-1.383060504039));
#1666 = DIRECTION('',(-0.307002779923,0.,-0.951708617761));
#1667 = DIRECTION('',(-0.951708617761,0.,0.307002779923));
#1668 = PCURVE('',#1588,#1669);
#1669 = DEFINITIONAL_REPRESENTATION('',(#1670),#1677);
#1670 = B_SPLINE_CURVE_WITH_KNOTS('',5,(#1671,#1672,#1673,#1674,#1675,
    #1676),.UNSPECIFIED.,.F.,.F.,(6,6),(5.42149193013,5.483171596619),
  .PIECEWISE_BEZIER_KNOTS.);
#1671 = CARTESIAN_POINT('',(2.279899276541,-1.3000006));
#1672 = CARTESIAN_POINT('',(2.292235209838,-1.032762150528));
#1673 = CARTESIAN_POINT('',(2.304571143136,-0.769059219526));
#1674 = CARTESIAN_POINT('',(2.316907076434,-0.508976530281));
#1675 = CARTESIAN_POINT('',(2.329243009731,-0.252596563401));
#1676 = CARTESIAN_POINT('',(2.341578943029,5.999999959094E-07));
#1677 = ( GEOMETRIC_REPRESENTATION_CONTEXT(2) 
PARAMETRIC_REPRESENTATION_CONTEXT() REPRESENTATION_CONTEXT('2D SPACE',''
  ) );
#1678 = PCURVE('',#43,#1679);
#1679 = DEFINITIONAL_REPRESENTATION('',(#1680),#1684);
#1680 = ELLIPSE('',#1681,28.816078490961,3.95);
#1681 = AXIS2_PLACEMENT_2D('',#1682,#1683);
#1682 = CARTESIAN_POINT('',(-18.51143010975,-24.068));
#1683 = DIRECTION('',(1.,0.));
#1684 = ( GEOMETRIC_REPRESENTATION_CONTEXT(2) 
PARAMETRIC_REPRESENTATION_CONTEXT() REPRESENTATION_CONTEXT('2D SPACE',''
  ) );
#1685 = ORIENTED_EDGE('',*,*,#1686,.T.);
#1686 = EDGE_CURVE('',#1658,#1687,#1689,.T.);
#1687 = VERTEX_POINT('',#1688);
#1688 = CARTESIAN_POINT('',(-0.136093631367,-17.04603248893,4.4));
#1689 = SURFACE_CURVE('',#1690,(#1695,#1705),.PCURVE_S1.);
#1690 = ELLIPSE('',#1691,22.747143408417,3.95);
#1691 = AXIS2_PLACEMENT_3D('',#1692,#1693,#1694);
#1692 = CARTESIAN_POINT('',(-15.07987833578,-14.068,4.4));
#1693 = DIRECTION('',(0.,0.,1.));
#1694 = DIRECTION('',(-1.,0.,0.));
#1695 = PCURVE('',#1588,#1696);
#1696 = DEFINITIONAL_REPRESENTATION('',(#1697),#1704);
#1697 = B_SPLINE_CURVE_WITH_KNOTS('',5,(#1698,#1699,#1700,#1701,#1702,
    #1703),.UNSPECIFIED.,.F.,.F.,(6,6),(2.277989486303,2.287565358433),
  .PIECEWISE_BEZIER_KNOTS.);
#1698 = CARTESIAN_POINT('',(2.277989486303,-1.137598929649));
#1699 = CARTESIAN_POINT('',(2.279904660729,-1.170213220673));
#1700 = CARTESIAN_POINT('',(2.281819835155,-1.20276078193));
#1701 = CARTESIAN_POINT('',(2.283735009581,-1.235241364198));
#1702 = CARTESIAN_POINT('',(2.285650184007,-1.267654719278));
#1703 = CARTESIAN_POINT('',(2.287565358433,-1.3000006));
#1704 = ( GEOMETRIC_REPRESENTATION_CONTEXT(2) 
PARAMETRIC_REPRESENTATION_CONTEXT() REPRESENTATION_CONTEXT('2D SPACE',''
  ) );
#1705 = PCURVE('',#1706,#1711);
#1706 = PLANE('',#1707);
#1707 = AXIS2_PLACEMENT_3D('',#1708,#1709,#1710);
#1708 = CARTESIAN_POINT('',(-2.5,-18.3,4.4));
#1709 = DIRECTION('',(0.,0.,1.));
#1710 = DIRECTION('',(1.,0.,0.));
#1711 = DEFINITIONAL_REPRESENTATION('',(#1712),#1716);
#1712 = ELLIPSE('',#1713,22.747143408417,3.95);
#1713 = AXIS2_PLACEMENT_2D('',#1714,#1715);
#1714 = CARTESIAN_POINT('',(-12.57987833578,4.232));
#1715 = DIRECTION('',(-1.,0.));
#1716 = ( GEOMETRIC_REPRESENTATION_CONTEXT(2) 
PARAMETRIC_REPRESENTATION_CONTEXT() REPRESENTATION_CONTEXT('2D SPACE',''
  ) );
#1717 = ORIENTED_EDGE('',*,*,#1718,.T.);
#1718 = EDGE_CURVE('',#1687,#1573,#1719,.T.);
#1719 = SURFACE_CURVE('',#1720,(#1725,#1732),.PCURVE_S1.);
#1720 = CIRCLE('',#1721,3.95);
#1721 = AXIS2_PLACEMENT_3D('',#1722,#1723,#1724);
#1722 = CARTESIAN_POINT('',(-0.586703876899,-14.068,1.844462306783));
#1723 = DIRECTION('',(-0.984807753012,-3.08148791102E-33,0.173648177667)
  );
#1724 = DIRECTION('',(-0.173648177667,1.124276480633E-16,-0.984807753012
    ));
#1725 = PCURVE('',#1588,#1726);
#1726 = DEFINITIONAL_REPRESENTATION('',(#1727),#1731);
#1727 = LINE('',#1728,#1729);
#1728 = CARTESIAN_POINT('',(0.,-1.3));
#1729 = VECTOR('',#1730,1.);
#1730 = DIRECTION('',(1.,0.));
#1731 = ( GEOMETRIC_REPRESENTATION_CONTEXT(2) 
PARAMETRIC_REPRESENTATION_CONTEXT() REPRESENTATION_CONTEXT('2D SPACE',''
  ) );
#1732 = PCURVE('',#1616,#1733);
#1733 = DEFINITIONAL_REPRESENTATION('',(#1734),#1738);
#1734 = CIRCLE('',#1735,3.95);
#1735 = AXIS2_PLACEMENT_2D('',#1736,#1737);
#1736 = CARTESIAN_POINT('',(-8.939638142818E-16,3.4));
#1737 = DIRECTION('',(1.,-1.124276480633E-16));
#1738 = ( GEOMETRIC_REPRESENTATION_CONTEXT(2) 
PARAMETRIC_REPRESENTATION_CONTEXT() REPRESENTATION_CONTEXT('2D SPACE',''
  ) );
#1739 = ORIENTED_EDGE('',*,*,#1572,.F.);
#1740 = ORIENTED_EDGE('',*,*,#1741,.F.);
#1741 = EDGE_CURVE('',#1660,#1499,#1742,.T.);
#1742 = SURFACE_CURVE('',#1743,(#1748,#1759),.PCURVE_S1.);
#1743 = ELLIPSE('',#1744,3.953763106395,3.95);
#1744 = AXIS2_PLACEMENT_3D('',#1745,#1746,#1747);
#1745 = CARTESIAN_POINT('',(-0.792471847209,-14.068,1.880744751715));
#1746 = DIRECTION('',(-0.97629600712,0.,0.216439613938));
#1747 = DIRECTION('',(-0.216439613938,0.,-0.97629600712));
#1748 = PCURVE('',#1588,#1749);
#1749 = DEFINITIONAL_REPRESENTATION('',(#1750),#1758);
#1750 = B_SPLINE_CURVE_WITH_KNOTS('',6,(#1751,#1752,#1753,#1754,#1755,
    #1756,#1757),.UNSPECIFIED.,.F.,.F.,(7,7),(2.28326391261,
    3.14159265359),.PIECEWISE_BEZIER_KNOTS.);
#1751 = CARTESIAN_POINT('',(2.28326391261,-1.203795838616));
#1752 = CARTESIAN_POINT('',(2.426318702773,-1.222465897137));
#1753 = CARTESIAN_POINT('',(2.569373492937,-1.238367346866));
#1754 = CARTESIAN_POINT('',(2.7124282831,-1.250812679657));
#1755 = CARTESIAN_POINT('',(2.855483073263,-1.259283254459));
#1756 = CARTESIAN_POINT('',(2.998537863426,-1.263518451562));
#1757 = CARTESIAN_POINT('',(3.14159265359,-1.263518451562));
#1758 = ( GEOMETRIC_REPRESENTATION_CONTEXT(2) 
PARAMETRIC_REPRESENTATION_CONTEXT() REPRESENTATION_CONTEXT('2D SPACE',''
  ) );
#1759 = PCURVE('',#1330,#1760);
#1760 = DEFINITIONAL_REPRESENTATION('',(#1761),#1769);
#1761 = B_SPLINE_CURVE_WITH_KNOTS('',6,(#1762,#1763,#1764,#1765,#1766,
    #1767,#1768),.UNSPECIFIED.,.F.,.F.,(7,7),(2.28326391261,
    3.14159265359),.PIECEWISE_BEZIER_KNOTS.);
#1762 = CARTESIAN_POINT('',(2.28326391261,-1.096204161384));
#1763 = CARTESIAN_POINT('',(2.426318702773,-1.077534102863));
#1764 = CARTESIAN_POINT('',(2.569373492937,-1.061632653134));
#1765 = CARTESIAN_POINT('',(2.7124282831,-1.049187320343));
#1766 = CARTESIAN_POINT('',(2.855483073263,-1.040716745541));
#1767 = CARTESIAN_POINT('',(2.998537863426,-1.036481548438));
#1768 = CARTESIAN_POINT('',(3.14159265359,-1.036481548438));
#1769 = ( GEOMETRIC_REPRESENTATION_CONTEXT(2) 
PARAMETRIC_REPRESENTATION_CONTEXT() REPRESENTATION_CONTEXT('2D SPACE',''
  ) );
#1770 = ADVANCED_FACE('',(#1771),#1706,.F.);
#1771 = FACE_BOUND('',#1772,.F.);
#1772 = EDGE_LOOP('',(#1773,#1803,#1824,#1851,#1872,#1904,#1930,#1962,
    #1981,#1982,#2003,#2031));
#1773 = ORIENTED_EDGE('',*,*,#1774,.F.);
#1774 = EDGE_CURVE('',#1775,#1777,#1779,.T.);
#1775 = VERTEX_POINT('',#1776);
#1776 = CARTESIAN_POINT('',(-0.21,-3.,4.4));
#1777 = VERTEX_POINT('',#1778);
#1778 = CARTESIAN_POINT('',(0.7,-3.,4.4));
#1779 = SURFACE_CURVE('',#1780,(#1784,#1791),.PCURVE_S1.);
#1780 = LINE('',#1781,#1782);
#1781 = CARTESIAN_POINT('',(-2.5,-3.,4.4));
#1782 = VECTOR('',#1783,1.);
#1783 = DIRECTION('',(1.,0.,0.));
#1784 = PCURVE('',#1706,#1785);
#1785 = DEFINITIONAL_REPRESENTATION('',(#1786),#1790);
#1786 = LINE('',#1787,#1788);
#1787 = CARTESIAN_POINT('',(0.,15.3));
#1788 = VECTOR('',#1789,1.);
#1789 = DIRECTION('',(1.,0.));
#1790 = ( GEOMETRIC_REPRESENTATION_CONTEXT(2) 
PARAMETRIC_REPRESENTATION_CONTEXT() REPRESENTATION_CONTEXT('2D SPACE',''
  ) );
#1791 = PCURVE('',#1792,#1797);
#1792 = PLANE('',#1793);
#1793 = AXIS2_PLACEMENT_3D('',#1794,#1795,#1796);
#1794 = CARTESIAN_POINT('',(-2.5,-3.,4.4));
#1795 = DIRECTION('',(0.,1.,0.));
#1796 = DIRECTION('',(0.,0.,1.));
#1797 = DEFINITIONAL_REPRESENTATION('',(#1798),#1802);
#1798 = LINE('',#1799,#1800);
#1799 = CARTESIAN_POINT('',(0.,0.));
#1800 = VECTOR('',#1801,1.);
#1801 = DIRECTION('',(0.,1.));
#1802 = ( GEOMETRIC_REPRESENTATION_CONTEXT(2) 
PARAMETRIC_REPRESENTATION_CONTEXT() REPRESENTATION_CONTEXT('2D SPACE',''
  ) );
#1803 = ORIENTED_EDGE('',*,*,#1804,.T.);
#1804 = EDGE_CURVE('',#1775,#1805,#1807,.T.);
#1805 = VERTEX_POINT('',#1806);
#1806 = CARTESIAN_POINT('',(-0.21,-4.278833103524,4.4));
#1807 = SURFACE_CURVE('',#1808,(#1812,#1818),.PCURVE_S1.);
#1808 = LINE('',#1809,#1810);
#1809 = CARTESIAN_POINT('',(-0.21,-4.15,4.4));
#1810 = VECTOR('',#1811,1.);
#1811 = DIRECTION('',(0.,-1.,0.));
#1812 = PCURVE('',#1706,#1813);
#1813 = DEFINITIONAL_REPRESENTATION('',(#1814),#1817);
#1814 = B_SPLINE_CURVE_WITH_KNOTS('',1,(#1815,#1816),.UNSPECIFIED.,.F.,
  .F.,(2,2),(-1.15,14.15),.PIECEWISE_BEZIER_KNOTS.);
#1815 = CARTESIAN_POINT('',(2.29,15.3));
#1816 = CARTESIAN_POINT('',(2.29,0.));
#1817 = ( GEOMETRIC_REPRESENTATION_CONTEXT(2) 
PARAMETRIC_REPRESENTATION_CONTEXT() REPRESENTATION_CONTEXT('2D SPACE',''
  ) );
#1818 = PCURVE('',#305,#1819);
#1819 = DEFINITIONAL_REPRESENTATION('',(#1820),#1823);
#1820 = B_SPLINE_CURVE_WITH_KNOTS('',1,(#1821,#1822),.UNSPECIFIED.,.F.,
  .F.,(2,2),(-1.15,14.15),.PIECEWISE_BEZIER_KNOTS.);
#1821 = CARTESIAN_POINT('',(0.325729949498,-13.));
#1822 = CARTESIAN_POINT('',(0.325729949498,-28.3));
#1823 = ( GEOMETRIC_REPRESENTATION_CONTEXT(2) 
PARAMETRIC_REPRESENTATION_CONTEXT() REPRESENTATION_CONTEXT('2D SPACE',''
  ) );
#1824 = ORIENTED_EDGE('',*,*,#1825,.F.);
#1825 = EDGE_CURVE('',#1826,#1805,#1828,.T.);
#1826 = VERTEX_POINT('',#1827);
#1827 = CARTESIAN_POINT('',(-0.136093631367,-4.289967511062,4.4));
#1828 = SURFACE_CURVE('',#1829,(#1834,#1841),.PCURVE_S1.);
#1829 = ELLIPSE('',#1830,22.747143408417,3.95);
#1830 = AXIS2_PLACEMENT_3D('',#1831,#1832,#1833);
#1831 = CARTESIAN_POINT('',(-15.07987833578,-7.268,4.4));
#1832 = DIRECTION('',(0.,0.,1.));
#1833 = DIRECTION('',(-1.,0.,0.));
#1834 = PCURVE('',#1706,#1835);
#1835 = DEFINITIONAL_REPRESENTATION('',(#1836),#1840);
#1836 = ELLIPSE('',#1837,22.747143408417,3.95);
#1837 = AXIS2_PLACEMENT_2D('',#1838,#1839);
#1838 = CARTESIAN_POINT('',(-12.57987833578,11.032));
#1839 = DIRECTION('',(-1.,0.));
#1840 = ( GEOMETRIC_REPRESENTATION_CONTEXT(2) 
PARAMETRIC_REPRESENTATION_CONTEXT() REPRESENTATION_CONTEXT('2D SPACE',''
  ) );
#1841 = PCURVE('',#1642,#1842);
#1842 = DEFINITIONAL_REPRESENTATION('',(#1843),#1850);
#1843 = B_SPLINE_CURVE_WITH_KNOTS('',5,(#1844,#1845,#1846,#1847,#1848,
    #1849),.UNSPECIFIED.,.F.,.F.,(6,6),(3.995619948746,4.005195820876),
  .PIECEWISE_BEZIER_KNOTS.);
#1844 = CARTESIAN_POINT('',(0.854027295156,-1.3000006));
#1845 = CARTESIAN_POINT('',(0.855942469582,-1.267654719278));
#1846 = CARTESIAN_POINT('',(0.857857644008,-1.235241364198));
#1847 = CARTESIAN_POINT('',(0.859772818434,-1.20276078193));
#1848 = CARTESIAN_POINT('',(0.86168799286,-1.170213220673));
#1849 = CARTESIAN_POINT('',(0.863603167286,-1.137598929649));
#1850 = ( GEOMETRIC_REPRESENTATION_CONTEXT(2) 
PARAMETRIC_REPRESENTATION_CONTEXT() REPRESENTATION_CONTEXT('2D SPACE',''
  ) );
#1851 = ORIENTED_EDGE('',*,*,#1852,.T.);
#1852 = EDGE_CURVE('',#1826,#1853,#1855,.T.);
#1853 = VERTEX_POINT('',#1854);
#1854 = CARTESIAN_POINT('',(-0.136093631367,-4.29725172717,4.4));
#1855 = SURFACE_CURVE('',#1856,(#1860,#1866),.PCURVE_S1.);
#1856 = LINE('',#1857,#1858);
#1857 = CARTESIAN_POINT('',(-0.136093631367,-14.484,4.4));
#1858 = VECTOR('',#1859,1.);
#1859 = DIRECTION('',(0.,-1.,0.));
#1860 = PCURVE('',#1706,#1861);
#1861 = DEFINITIONAL_REPRESENTATION('',(#1862),#1865);
#1862 = B_SPLINE_CURVE_WITH_KNOTS('',1,(#1863,#1864),.UNSPECIFIED.,.F.,
  .F.,(2,2),(-11.166,3.534),.PIECEWISE_BEZIER_KNOTS.);
#1863 = CARTESIAN_POINT('',(2.363906368633,14.982));
#1864 = CARTESIAN_POINT('',(2.363906368633,0.282));
#1865 = ( GEOMETRIC_REPRESENTATION_CONTEXT(2) 
PARAMETRIC_REPRESENTATION_CONTEXT() REPRESENTATION_CONTEXT('2D SPACE',''
  ) );
#1866 = PCURVE('',#1616,#1867);
#1867 = DEFINITIONAL_REPRESENTATION('',(#1868),#1871);
#1868 = B_SPLINE_CURVE_WITH_KNOTS('',1,(#1869,#1870),.UNSPECIFIED.,.F.,
  .F.,(2,2),(-11.166,3.534),.PIECEWISE_BEZIER_KNOTS.);
#1869 = CARTESIAN_POINT('',(-2.594960981369,-7.35));
#1870 = CARTESIAN_POINT('',(-2.594960981369,7.35));
#1871 = ( GEOMETRIC_REPRESENTATION_CONTEXT(2) 
PARAMETRIC_REPRESENTATION_CONTEXT() REPRESENTATION_CONTEXT('2D SPACE',''
  ) );
#1872 = ORIENTED_EDGE('',*,*,#1873,.F.);
#1873 = EDGE_CURVE('',#1874,#1853,#1876,.T.);
#1874 = VERTEX_POINT('',#1875);
#1875 = CARTESIAN_POINT('',(-2.316954202114E-02,-4.323119957132,4.4));
#1876 = SURFACE_CURVE('',#1877,(#1882,#1889),.PCURVE_S1.);
#1877 = ELLIPSE('',#1878,15.261628055367,3.95);
#1878 = AXIS2_PLACEMENT_3D('',#1879,#1880,#1881);
#1879 = CARTESIAN_POINT('',(-10.19446043104,-7.268,4.4));
#1880 = DIRECTION('',(0.,0.,1.));
#1881 = DIRECTION('',(-1.,0.,0.));
#1882 = PCURVE('',#1706,#1883);
#1883 = DEFINITIONAL_REPRESENTATION('',(#1884),#1888);
#1884 = ELLIPSE('',#1885,15.261628055367,3.95);
#1885 = AXIS2_PLACEMENT_2D('',#1886,#1887);
#1886 = CARTESIAN_POINT('',(-7.694460431044,11.032));
#1887 = DIRECTION('',(-1.,0.));
#1888 = ( GEOMETRIC_REPRESENTATION_CONTEXT(2) 
PARAMETRIC_REPRESENTATION_CONTEXT() REPRESENTATION_CONTEXT('2D SPACE',''
  ) );
#1889 = PCURVE('',#1890,#1895);
#1890 = CYLINDRICAL_SURFACE('',#1891,3.95);
#1891 = AXIS2_PLACEMENT_3D('',#1892,#1893,#1894);
#1892 = CARTESIAN_POINT('',(-1.960220411121,-7.268,2.193642036378));
#1893 = DIRECTION('',(-0.965925826289,0.,0.258819045103));
#1894 = DIRECTION('',(0.258819045103,-1.124276480633E-16,0.965925826289)
  );
#1895 = DEFINITIONAL_REPRESENTATION('',(#1896),#1903);
#1896 = B_SPLINE_CURVE_WITH_KNOTS('',5,(#1897,#1898,#1899,#1900,#1901,
    #1902),.UNSPECIFIED.,.F.,.F.,(6,6),(3.982936200111,4.007095643368),
  .PIECEWISE_BEZIER_KNOTS.);
#1897 = CARTESIAN_POINT('',(0.841343546521,-1.3000006));
#1898 = CARTESIAN_POINT('',(0.846175435173,-1.246896010897));
#1899 = CARTESIAN_POINT('',(0.851007323824,-1.193504698004));
#1900 = CARTESIAN_POINT('',(0.855839212476,-1.139829244322));
#1901 = CARTESIAN_POINT('',(0.860671101127,-1.085872260748));
#1902 = CARTESIAN_POINT('',(0.865502989779,-1.031636385309));
#1903 = ( GEOMETRIC_REPRESENTATION_CONTEXT(2) 
PARAMETRIC_REPRESENTATION_CONTEXT() REPRESENTATION_CONTEXT('2D SPACE',''
  ) );
#1904 = ORIENTED_EDGE('',*,*,#1905,.T.);
#1905 = EDGE_CURVE('',#1874,#1906,#1908,.T.);
#1906 = VERTEX_POINT('',#1907);
#1907 = CARTESIAN_POINT('',(-2.316954202114E-02,-17.01288004286,4.4));
#1908 = SURFACE_CURVE('',#1909,(#1913,#1919),.PCURVE_S1.);
#1909 = LINE('',#1910,#1911);
#1910 = CARTESIAN_POINT('',(-2.316954202114E-02,-14.484,4.4));
#1911 = VECTOR('',#1912,1.);
#1912 = DIRECTION('',(0.,-1.,0.));
#1913 = PCURVE('',#1706,#1914);
#1914 = DEFINITIONAL_REPRESENTATION('',(#1915),#1918);
#1915 = B_SPLINE_CURVE_WITH_KNOTS('',1,(#1916,#1917),.UNSPECIFIED.,.F.,
  .F.,(2,2),(-11.166,3.534),.PIECEWISE_BEZIER_KNOTS.);
#1916 = CARTESIAN_POINT('',(2.476830457979,14.982));
#1917 = CARTESIAN_POINT('',(2.476830457979,0.282));
#1918 = ( GEOMETRIC_REPRESENTATION_CONTEXT(2) 
PARAMETRIC_REPRESENTATION_CONTEXT() REPRESENTATION_CONTEXT('2D SPACE',''
  ) );
#1919 = PCURVE('',#1920,#1925);
#1920 = PLANE('',#1921);
#1921 = AXIS2_PLACEMENT_3D('',#1922,#1923,#1924);
#1922 = CARTESIAN_POINT('',(-0.704516836945,-10.668,1.857177277744));
#1923 = DIRECTION('',(-0.965925826289,-0.,0.258819045103));
#1924 = DIRECTION('',(-0.258819045103,0.,-0.965925826289));
#1925 = DEFINITIONAL_REPRESENTATION('',(#1926),#1929);
#1926 = B_SPLINE_CURVE_WITH_KNOTS('',1,(#1927,#1928),.UNSPECIFIED.,.F.,
  .F.,(2,2),(-11.166,3.534),.PIECEWISE_BEZIER_KNOTS.);
#1927 = CARTESIAN_POINT('',(-2.632523795357,-7.35));
#1928 = CARTESIAN_POINT('',(-2.632523795357,7.35));
#1929 = ( GEOMETRIC_REPRESENTATION_CONTEXT(2) 
PARAMETRIC_REPRESENTATION_CONTEXT() REPRESENTATION_CONTEXT('2D SPACE',''
  ) );
#1930 = ORIENTED_EDGE('',*,*,#1931,.F.);
#1931 = EDGE_CURVE('',#1932,#1906,#1934,.T.);
#1932 = VERTEX_POINT('',#1933);
#1933 = CARTESIAN_POINT('',(-0.136093631367,-17.03874827283,4.4));
#1934 = SURFACE_CURVE('',#1935,(#1940,#1947),.PCURVE_S1.);
#1935 = ELLIPSE('',#1936,15.261628055367,3.95);
#1936 = AXIS2_PLACEMENT_3D('',#1937,#1938,#1939);
#1937 = CARTESIAN_POINT('',(-10.19446043104,-14.068,4.4));
#1938 = DIRECTION('',(0.,0.,1.));
#1939 = DIRECTION('',(-1.,0.,0.));
#1940 = PCURVE('',#1706,#1941);
#1941 = DEFINITIONAL_REPRESENTATION('',(#1942),#1946);
#1942 = ELLIPSE('',#1943,15.261628055367,3.95);
#1943 = AXIS2_PLACEMENT_2D('',#1944,#1945);
#1944 = CARTESIAN_POINT('',(-7.694460431044,4.232));
#1945 = DIRECTION('',(-1.,0.));
#1946 = ( GEOMETRIC_REPRESENTATION_CONTEXT(2) 
PARAMETRIC_REPRESENTATION_CONTEXT() REPRESENTATION_CONTEXT('2D SPACE',''
  ) );
#1947 = PCURVE('',#1948,#1953);
#1948 = CYLINDRICAL_SURFACE('',#1949,3.95);
#1949 = AXIS2_PLACEMENT_3D('',#1950,#1951,#1952);
#1950 = CARTESIAN_POINT('',(-1.960220411121,-14.068,2.193642036378));
#1951 = DIRECTION('',(-0.965925826289,0.,0.258819045103));
#1952 = DIRECTION('',(-0.258819045103,1.124276480633E-16,-0.965925826289
    ));
#1953 = DEFINITIONAL_REPRESENTATION('',(#1954),#1961);
#1954 = B_SPLINE_CURVE_WITH_KNOTS('',5,(#1955,#1956,#1957,#1958,#1959,
    #1960),.UNSPECIFIED.,.F.,.F.,(6,6),(2.276089663811,2.300249107069),
  .PIECEWISE_BEZIER_KNOTS.);
#1955 = CARTESIAN_POINT('',(2.276089663811,-1.031636385309));
#1956 = CARTESIAN_POINT('',(2.280921552463,-1.085872260748));
#1957 = CARTESIAN_POINT('',(2.285753441114,-1.139829244322));
#1958 = CARTESIAN_POINT('',(2.290585329766,-1.193504698004));
#1959 = CARTESIAN_POINT('',(2.295417218417,-1.246896010897));
#1960 = CARTESIAN_POINT('',(2.300249107069,-1.3000006));
#1961 = ( GEOMETRIC_REPRESENTATION_CONTEXT(2) 
PARAMETRIC_REPRESENTATION_CONTEXT() REPRESENTATION_CONTEXT('2D SPACE',''
  ) );
#1962 = ORIENTED_EDGE('',*,*,#1963,.T.);
#1963 = EDGE_CURVE('',#1932,#1687,#1964,.T.);
#1964 = SURFACE_CURVE('',#1965,(#1969,#1975),.PCURVE_S1.);
#1965 = LINE('',#1966,#1967);
#1966 = CARTESIAN_POINT('',(-0.136093631367,-14.484,4.4));
#1967 = VECTOR('',#1968,1.);
#1968 = DIRECTION('',(0.,-1.,0.));
#1969 = PCURVE('',#1706,#1970);
#1970 = DEFINITIONAL_REPRESENTATION('',(#1971),#1974);
#1971 = B_SPLINE_CURVE_WITH_KNOTS('',1,(#1972,#1973),.UNSPECIFIED.,.F.,
  .F.,(2,2),(-11.166,3.534),.PIECEWISE_BEZIER_KNOTS.);
#1972 = CARTESIAN_POINT('',(2.363906368633,14.982));
#1973 = CARTESIAN_POINT('',(2.363906368633,0.282));
#1974 = ( GEOMETRIC_REPRESENTATION_CONTEXT(2) 
PARAMETRIC_REPRESENTATION_CONTEXT() REPRESENTATION_CONTEXT('2D SPACE',''
  ) );
#1975 = PCURVE('',#1616,#1976);
#1976 = DEFINITIONAL_REPRESENTATION('',(#1977),#1980);
#1977 = B_SPLINE_CURVE_WITH_KNOTS('',1,(#1978,#1979),.UNSPECIFIED.,.F.,
  .F.,(2,2),(-11.166,3.534),.PIECEWISE_BEZIER_KNOTS.);
#1978 = CARTESIAN_POINT('',(-2.594960981369,-7.35));
#1979 = CARTESIAN_POINT('',(-2.594960981369,7.35));
#1980 = ( GEOMETRIC_REPRESENTATION_CONTEXT(2) 
PARAMETRIC_REPRESENTATION_CONTEXT() REPRESENTATION_CONTEXT('2D SPACE',''
  ) );
#1981 = ORIENTED_EDGE('',*,*,#1686,.F.);
#1982 = ORIENTED_EDGE('',*,*,#1983,.T.);
#1983 = EDGE_CURVE('',#1658,#1984,#1986,.T.);
#1984 = VERTEX_POINT('',#1985);
#1985 = CARTESIAN_POINT('',(-0.21,-18.3,4.4));
#1986 = SURFACE_CURVE('',#1987,(#1991,#1997),.PCURVE_S1.);
#1987 = LINE('',#1988,#1989);
#1988 = CARTESIAN_POINT('',(-0.21,-4.15,4.4));
#1989 = VECTOR('',#1990,1.);
#1990 = DIRECTION('',(0.,-1.,0.));
#1991 = PCURVE('',#1706,#1992);
#1992 = DEFINITIONAL_REPRESENTATION('',(#1993),#1996);
#1993 = B_SPLINE_CURVE_WITH_KNOTS('',1,(#1994,#1995),.UNSPECIFIED.,.F.,
  .F.,(2,2),(-1.15,14.15),.PIECEWISE_BEZIER_KNOTS.);
#1994 = CARTESIAN_POINT('',(2.29,15.3));
#1995 = CARTESIAN_POINT('',(2.29,0.));
#1996 = ( GEOMETRIC_REPRESENTATION_CONTEXT(2) 
PARAMETRIC_REPRESENTATION_CONTEXT() REPRESENTATION_CONTEXT('2D SPACE',''
  ) );
#1997 = PCURVE('',#43,#1998);
#1998 = DEFINITIONAL_REPRESENTATION('',(#1999),#2002);
#1999 = B_SPLINE_CURVE_WITH_KNOTS('',1,(#2000,#2001),.UNSPECIFIED.,.F.,
  .F.,(2,2),(-1.15,14.15),.PIECEWISE_BEZIER_KNOTS.);
#2000 = CARTESIAN_POINT('',(0.325729949498,-13.));
#2001 = CARTESIAN_POINT('',(0.325729949498,-28.3));
#2002 = ( GEOMETRIC_REPRESENTATION_CONTEXT(2) 
PARAMETRIC_REPRESENTATION_CONTEXT() REPRESENTATION_CONTEXT('2D SPACE',''
  ) );
#2003 = ORIENTED_EDGE('',*,*,#2004,.T.);
#2004 = EDGE_CURVE('',#1984,#2005,#2007,.T.);
#2005 = VERTEX_POINT('',#2006);
#2006 = CARTESIAN_POINT('',(0.7,-18.3,4.4));
#2007 = SURFACE_CURVE('',#2008,(#2012,#2019),.PCURVE_S1.);
#2008 = LINE('',#2009,#2010);
#2009 = CARTESIAN_POINT('',(-2.5,-18.3,4.4));
#2010 = VECTOR('',#2011,1.);
#2011 = DIRECTION('',(1.,0.,0.));
#2012 = PCURVE('',#1706,#2013);
#2013 = DEFINITIONAL_REPRESENTATION('',(#2014),#2018);
#2014 = LINE('',#2015,#2016);
#2015 = CARTESIAN_POINT('',(0.,0.));
#2016 = VECTOR('',#2017,1.);
#2017 = DIRECTION('',(1.,0.));
#2018 = ( GEOMETRIC_REPRESENTATION_CONTEXT(2) 
PARAMETRIC_REPRESENTATION_CONTEXT() REPRESENTATION_CONTEXT('2D SPACE',''
  ) );
#2019 = PCURVE('',#2020,#2025);
#2020 = PLANE('',#2021);
#2021 = AXIS2_PLACEMENT_3D('',#2022,#2023,#2024);
#2022 = CARTESIAN_POINT('',(-2.5,-18.3,4.4));
#2023 = DIRECTION('',(0.,1.,0.));
#2024 = DIRECTION('',(0.,0.,1.));
#2025 = DEFINITIONAL_REPRESENTATION('',(#2026),#2030);
#2026 = LINE('',#2027,#2028);
#2027 = CARTESIAN_POINT('',(0.,0.));
#2028 = VECTOR('',#2029,1.);
#2029 = DIRECTION('',(0.,1.));
#2030 = ( GEOMETRIC_REPRESENTATION_CONTEXT(2) 
PARAMETRIC_REPRESENTATION_CONTEXT() REPRESENTATION_CONTEXT('2D SPACE',''
  ) );
#2031 = ORIENTED_EDGE('',*,*,#2032,.T.);
#2032 = EDGE_CURVE('',#2005,#1777,#2033,.T.);
#2033 = SURFACE_CURVE('',#2034,(#2038,#2045),.PCURVE_S1.);
#2034 = LINE('',#2035,#2036);
#2035 = CARTESIAN_POINT('',(0.7,-18.3,4.4));
#2036 = VECTOR('',#2037,1.);
#2037 = DIRECTION('',(0.,1.,0.));
#2038 = PCURVE('',#1706,#2039);
#2039 = DEFINITIONAL_REPRESENTATION('',(#2040),#2044);
#2040 = LINE('',#2041,#2042);
#2041 = CARTESIAN_POINT('',(3.2,0.));
#2042 = VECTOR('',#2043,1.);
#2043 = DIRECTION('',(0.,1.));
#2044 = ( GEOMETRIC_REPRESENTATION_CONTEXT(2) 
PARAMETRIC_REPRESENTATION_CONTEXT() REPRESENTATION_CONTEXT('2D SPACE',''
  ) );
#2045 = PCURVE('',#2046,#2051);
#2046 = PLANE('',#2047);
#2047 = AXIS2_PLACEMENT_3D('',#2048,#2049,#2050);
#2048 = CARTESIAN_POINT('',(0.7,-18.3,4.4));
#2049 = DIRECTION('',(1.,0.,0.));
#2050 = DIRECTION('',(0.,0.,1.));
#2051 = DEFINITIONAL_REPRESENTATION('',(#2052),#2056);
#2052 = LINE('',#2053,#2054);
#2053 = CARTESIAN_POINT('',(0.,0.));
#2054 = VECTOR('',#2055,1.);
#2055 = DIRECTION('',(0.,-1.));
#2056 = ( GEOMETRIC_REPRESENTATION_CONTEXT(2) 
PARAMETRIC_REPRESENTATION_CONTEXT() REPRESENTATION_CONTEXT('2D SPACE',''
  ) );
#2057 = ADVANCED_FACE('',(#2058),#1890,.F.);
#2058 = FACE_BOUND('',#2059,.F.);
#2059 = EDGE_LOOP('',(#2060,#2088,#2116,#2138));
#2060 = ORIENTED_EDGE('',*,*,#2061,.F.);
#2061 = EDGE_CURVE('',#2062,#1853,#2064,.T.);
#2062 = VERTEX_POINT('',#2063);
#2063 = CARTESIAN_POINT('',(9.865218819148E-02,-7.268,5.731309698693));
#2064 = SURFACE_CURVE('',#2065,(#2070,#2081),.PCURVE_S1.);
#2065 = ELLIPSE('',#2066,3.965088358296,3.95);
#2066 = AXIS2_PLACEMENT_3D('',#2067,#2068,#2069);
#2067 = CARTESIAN_POINT('',(-0.589878179515,-7.268,1.826459942065));
#2068 = DIRECTION('',(-0.984807753012,-0.,0.173648177667));
#2069 = DIRECTION('',(0.173648177667,0.,0.984807753012));
#2070 = PCURVE('',#1890,#2071);
#2071 = DEFINITIONAL_REPRESENTATION('',(#2072),#2080);
#2072 = B_SPLINE_CURVE_WITH_KNOTS('',6,(#2073,#2074,#2075,#2076,#2077,
    #2078,#2079),.UNSPECIFIED.,.F.,.F.,(7,7),(0.,0.89580792911),
  .PIECEWISE_BEZIER_KNOTS.);
#2073 = CARTESIAN_POINT('',(2.248552961266E-16,-1.073102450464));
#2074 = CARTESIAN_POINT('',(0.149301321518,-1.073102450464));
#2075 = CARTESIAN_POINT('',(0.298602643037,-1.082346324802));
#2076 = CARTESIAN_POINT('',(0.447903964555,-1.100834581434));
#2077 = CARTESIAN_POINT('',(0.597205286073,-1.127947358445));
#2078 = CARTESIAN_POINT('',(0.746506607592,-1.162452244001));
#2079 = CARTESIAN_POINT('',(0.89580792911,-1.202733648903));
#2080 = ( GEOMETRIC_REPRESENTATION_CONTEXT(2) 
PARAMETRIC_REPRESENTATION_CONTEXT() REPRESENTATION_CONTEXT('2D SPACE',''
  ) );
#2081 = PCURVE('',#1616,#2082);
#2082 = DEFINITIONAL_REPRESENTATION('',(#2083),#2087);
#2083 = ELLIPSE('',#2084,3.965088358296,3.95);
#2084 = AXIS2_PLACEMENT_2D('',#2085,#2086);
#2085 = CARTESIAN_POINT('',(1.828008021241E-02,-3.4));
#2086 = DIRECTION('',(-1.,0.));
#2087 = ( GEOMETRIC_REPRESENTATION_CONTEXT(2) 
PARAMETRIC_REPRESENTATION_CONTEXT() REPRESENTATION_CONTEXT('2D SPACE',''
  ) );
#2088 = ORIENTED_EDGE('',*,*,#2089,.T.);
#2089 = EDGE_CURVE('',#2062,#2090,#2092,.T.);
#2090 = VERTEX_POINT('',#2091);
#2091 = CARTESIAN_POINT('',(0.31781839121,-7.268,5.672584291586));
#2092 = SURFACE_CURVE('',#2093,(#2097,#2104),.PCURVE_S1.);
#2093 = LINE('',#2094,#2095);
#2094 = CARTESIAN_POINT('',(-0.937885182966,-7.268,6.009049050219));
#2095 = VECTOR('',#2096,1.);
#2096 = DIRECTION('',(0.965925826289,0.,-0.258819045103));
#2097 = PCURVE('',#1890,#2098);
#2098 = DEFINITIONAL_REPRESENTATION('',(#2099),#2103);
#2099 = LINE('',#2100,#2101);
#2100 = CARTESIAN_POINT('',(0.,0.));
#2101 = VECTOR('',#2102,1.);
#2102 = DIRECTION('',(0.,-1.));
#2103 = ( GEOMETRIC_REPRESENTATION_CONTEXT(2) 
PARAMETRIC_REPRESENTATION_CONTEXT() REPRESENTATION_CONTEXT('2D SPACE',''
  ) );
#2104 = PCURVE('',#2105,#2110);
#2105 = PLANE('',#2106);
#2106 = AXIS2_PLACEMENT_3D('',#2107,#2108,#2109);
#2107 = CARTESIAN_POINT('',(-0.937885182966,-14.068,6.009049050219));
#2108 = DIRECTION('',(0.258819045103,0.,0.965925826289));
#2109 = DIRECTION('',(0.,1.,0.));
#2110 = DEFINITIONAL_REPRESENTATION('',(#2111),#2115);
#2111 = LINE('',#2112,#2113);
#2112 = CARTESIAN_POINT('',(6.8,0.));
#2113 = VECTOR('',#2114,1.);
#2114 = DIRECTION('',(0.,-1.));
#2115 = ( GEOMETRIC_REPRESENTATION_CONTEXT(2) 
PARAMETRIC_REPRESENTATION_CONTEXT() REPRESENTATION_CONTEXT('2D SPACE',''
  ) );
#2116 = ORIENTED_EDGE('',*,*,#2117,.T.);
#2117 = EDGE_CURVE('',#2090,#1874,#2118,.T.);
#2118 = SURFACE_CURVE('',#2119,(#2124,#2131),.PCURVE_S1.);
#2119 = CIRCLE('',#2120,3.95);
#2120 = AXIS2_PLACEMENT_3D('',#2121,#2122,#2123);
#2121 = CARTESIAN_POINT('',(-0.704516836945,-7.268,1.857177277744));
#2122 = DIRECTION('',(-0.965925826289,6.162975822039E-33,0.258819045103)
  );
#2123 = DIRECTION('',(0.258819045103,-1.124276480633E-16,0.965925826289)
  );
#2124 = PCURVE('',#1890,#2125);
#2125 = DEFINITIONAL_REPRESENTATION('',(#2126),#2130);
#2126 = LINE('',#2127,#2128);
#2127 = CARTESIAN_POINT('',(0.,-1.3));
#2128 = VECTOR('',#2129,1.);
#2129 = DIRECTION('',(1.,0.));
#2130 = ( GEOMETRIC_REPRESENTATION_CONTEXT(2) 
PARAMETRIC_REPRESENTATION_CONTEXT() REPRESENTATION_CONTEXT('2D SPACE',''
  ) );
#2131 = PCURVE('',#1920,#2132);
#2132 = DEFINITIONAL_REPRESENTATION('',(#2133),#2137);
#2133 = CIRCLE('',#2134,3.95);
#2134 = AXIS2_PLACEMENT_2D('',#2135,#2136);
#2135 = CARTESIAN_POINT('',(0.,-3.4));
#2136 = DIRECTION('',(-1.,1.124276480633E-16));
#2137 = ( GEOMETRIC_REPRESENTATION_CONTEXT(2) 
PARAMETRIC_REPRESENTATION_CONTEXT() REPRESENTATION_CONTEXT('2D SPACE',''
  ) );
#2138 = ORIENTED_EDGE('',*,*,#1873,.T.);
#2139 = ADVANCED_FACE('',(#2140),#2105,.F.);
#2140 = FACE_BOUND('',#2141,.F.);
#2141 = EDGE_LOOP('',(#2142,#2163,#2186,#2207));
#2142 = ORIENTED_EDGE('',*,*,#2143,.F.);
#2143 = EDGE_CURVE('',#2144,#2062,#2146,.T.);
#2144 = VERTEX_POINT('',#2145);
#2145 = CARTESIAN_POINT('',(9.865218819149E-02,-14.068,5.731309698693));
#2146 = SURFACE_CURVE('',#2147,(#2151,#2157),.PCURVE_S1.);
#2147 = LINE('',#2148,#2149);
#2148 = CARTESIAN_POINT('',(9.865218819149E-02,-12.368,5.731309698693));
#2149 = VECTOR('',#2150,1.);
#2150 = DIRECTION('',(-0.,1.,0.));
#2151 = PCURVE('',#2105,#2152);
#2152 = DEFINITIONAL_REPRESENTATION('',(#2153),#2156);
#2153 = B_SPLINE_CURVE_WITH_KNOTS('',1,(#2154,#2155),.UNSPECIFIED.,.F.,
  .F.,(2,2),(-1.7,5.1),.PIECEWISE_BEZIER_KNOTS.);
#2154 = CARTESIAN_POINT('',(0.,-1.073102450464));
#2155 = CARTESIAN_POINT('',(6.8,-1.073102450464));
#2156 = ( GEOMETRIC_REPRESENTATION_CONTEXT(2) 
PARAMETRIC_REPRESENTATION_CONTEXT() REPRESENTATION_CONTEXT('2D SPACE',''
  ) );
#2157 = PCURVE('',#1616,#2158);
#2158 = DEFINITIONAL_REPRESENTATION('',(#2159),#2162);
#2159 = B_SPLINE_CURVE_WITH_KNOTS('',1,(#2160,#2161),.UNSPECIFIED.,.F.,
  .F.,(2,2),(-1.7,5.1),.PIECEWISE_BEZIER_KNOTS.);
#2160 = CARTESIAN_POINT('',(-3.946808278084,3.4));
#2161 = CARTESIAN_POINT('',(-3.946808278084,-3.4));
#2162 = ( GEOMETRIC_REPRESENTATION_CONTEXT(2) 
PARAMETRIC_REPRESENTATION_CONTEXT() REPRESENTATION_CONTEXT('2D SPACE',''
  ) );
#2163 = ORIENTED_EDGE('',*,*,#2164,.T.);
#2164 = EDGE_CURVE('',#2144,#2165,#2167,.T.);
#2165 = VERTEX_POINT('',#2166);
#2166 = CARTESIAN_POINT('',(0.31781839121,-14.068,5.672584291586));
#2167 = SURFACE_CURVE('',#2168,(#2172,#2179),.PCURVE_S1.);
#2168 = LINE('',#2169,#2170);
#2169 = CARTESIAN_POINT('',(-0.937885182966,-14.068,6.009049050219));
#2170 = VECTOR('',#2171,1.);
#2171 = DIRECTION('',(0.965925826289,0.,-0.258819045103));
#2172 = PCURVE('',#2105,#2173);
#2173 = DEFINITIONAL_REPRESENTATION('',(#2174),#2178);
#2174 = LINE('',#2175,#2176);
#2175 = CARTESIAN_POINT('',(0.,0.));
#2176 = VECTOR('',#2177,1.);
#2177 = DIRECTION('',(0.,-1.));
#2178 = ( GEOMETRIC_REPRESENTATION_CONTEXT(2) 
PARAMETRIC_REPRESENTATION_CONTEXT() REPRESENTATION_CONTEXT('2D SPACE',''
  ) );
#2179 = PCURVE('',#1948,#2180);
#2180 = DEFINITIONAL_REPRESENTATION('',(#2181),#2185);
#2181 = LINE('',#2182,#2183);
#2182 = CARTESIAN_POINT('',(3.14159265359,0.));
#2183 = VECTOR('',#2184,1.);
#2184 = DIRECTION('',(0.,-1.));
#2185 = ( GEOMETRIC_REPRESENTATION_CONTEXT(2) 
PARAMETRIC_REPRESENTATION_CONTEXT() REPRESENTATION_CONTEXT('2D SPACE',''
  ) );
#2186 = ORIENTED_EDGE('',*,*,#2187,.T.);
#2187 = EDGE_CURVE('',#2165,#2090,#2188,.T.);
#2188 = SURFACE_CURVE('',#2189,(#2193,#2200),.PCURVE_S1.);
#2189 = LINE('',#2190,#2191);
#2190 = CARTESIAN_POINT('',(0.31781839121,-14.068,5.672584291586));
#2191 = VECTOR('',#2192,1.);
#2192 = DIRECTION('',(0.,1.,0.));
#2193 = PCURVE('',#2105,#2194);
#2194 = DEFINITIONAL_REPRESENTATION('',(#2195),#2199);
#2195 = LINE('',#2196,#2197);
#2196 = CARTESIAN_POINT('',(0.,-1.3));
#2197 = VECTOR('',#2198,1.);
#2198 = DIRECTION('',(1.,0.));
#2199 = ( GEOMETRIC_REPRESENTATION_CONTEXT(2) 
PARAMETRIC_REPRESENTATION_CONTEXT() REPRESENTATION_CONTEXT('2D SPACE',''
  ) );
#2200 = PCURVE('',#1920,#2201);
#2201 = DEFINITIONAL_REPRESENTATION('',(#2202),#2206);
#2202 = LINE('',#2203,#2204);
#2203 = CARTESIAN_POINT('',(-3.95,3.4));
#2204 = VECTOR('',#2205,1.);
#2205 = DIRECTION('',(0.,-1.));
#2206 = ( GEOMETRIC_REPRESENTATION_CONTEXT(2) 
PARAMETRIC_REPRESENTATION_CONTEXT() REPRESENTATION_CONTEXT('2D SPACE',''
  ) );
#2207 = ORIENTED_EDGE('',*,*,#2089,.F.);
#2208 = ADVANCED_FACE('',(#2209),#1920,.T.);
#2209 = FACE_BOUND('',#2210,.T.);
#2210 = EDGE_LOOP('',(#2211,#2233,#2234,#2235));
#2211 = ORIENTED_EDGE('',*,*,#2212,.T.);
#2212 = EDGE_CURVE('',#1906,#2165,#2213,.T.);
#2213 = SURFACE_CURVE('',#2214,(#2219,#2226),.PCURVE_S1.);
#2214 = CIRCLE('',#2215,3.95);
#2215 = AXIS2_PLACEMENT_3D('',#2216,#2217,#2218);
#2216 = CARTESIAN_POINT('',(-0.704516836945,-14.068,1.857177277744));
#2217 = DIRECTION('',(-0.965925826289,6.162975822039E-33,0.258819045103)
  );
#2218 = DIRECTION('',(-0.258819045103,1.124276480633E-16,-0.965925826289
    ));
#2219 = PCURVE('',#1920,#2220);
#2220 = DEFINITIONAL_REPRESENTATION('',(#2221),#2225);
#2221 = CIRCLE('',#2222,3.95);
#2222 = AXIS2_PLACEMENT_2D('',#2223,#2224);
#2223 = CARTESIAN_POINT('',(-9.153838465578E-16,3.4));
#2224 = DIRECTION('',(1.,-1.124276480633E-16));
#2225 = ( GEOMETRIC_REPRESENTATION_CONTEXT(2) 
PARAMETRIC_REPRESENTATION_CONTEXT() REPRESENTATION_CONTEXT('2D SPACE',''
  ) );
#2226 = PCURVE('',#1948,#2227);
#2227 = DEFINITIONAL_REPRESENTATION('',(#2228),#2232);
#2228 = LINE('',#2229,#2230);
#2229 = CARTESIAN_POINT('',(0.,-1.3));
#2230 = VECTOR('',#2231,1.);
#2231 = DIRECTION('',(1.,0.));
#2232 = ( GEOMETRIC_REPRESENTATION_CONTEXT(2) 
PARAMETRIC_REPRESENTATION_CONTEXT() REPRESENTATION_CONTEXT('2D SPACE',''
  ) );
#2233 = ORIENTED_EDGE('',*,*,#2187,.T.);
#2234 = ORIENTED_EDGE('',*,*,#2117,.T.);
#2235 = ORIENTED_EDGE('',*,*,#1905,.T.);
#2236 = ADVANCED_FACE('',(#2237),#1948,.F.);
#2237 = FACE_BOUND('',#2238,.F.);
#2238 = EDGE_LOOP('',(#2239,#2240,#2241,#2242));
#2239 = ORIENTED_EDGE('',*,*,#1931,.T.);
#2240 = ORIENTED_EDGE('',*,*,#2212,.T.);
#2241 = ORIENTED_EDGE('',*,*,#2164,.F.);
#2242 = ORIENTED_EDGE('',*,*,#2243,.F.);
#2243 = EDGE_CURVE('',#1932,#2144,#2244,.T.);
#2244 = SURFACE_CURVE('',#2245,(#2250,#2261),.PCURVE_S1.);
#2245 = ELLIPSE('',#2246,3.965088358296,3.95);
#2246 = AXIS2_PLACEMENT_3D('',#2247,#2248,#2249);
#2247 = CARTESIAN_POINT('',(-0.589878179515,-14.068,1.826459942065));
#2248 = DIRECTION('',(-0.984807753012,-0.,0.173648177667));
#2249 = DIRECTION('',(0.173648177667,0.,0.984807753012));
#2250 = PCURVE('',#1948,#2251);
#2251 = DEFINITIONAL_REPRESENTATION('',(#2252),#2260);
#2252 = B_SPLINE_CURVE_WITH_KNOTS('',6,(#2253,#2254,#2255,#2256,#2257,
    #2258,#2259),.UNSPECIFIED.,.F.,.F.,(7,7),(5.38737737807,
    6.28318530718),.PIECEWISE_BEZIER_KNOTS.);
#2253 = CARTESIAN_POINT('',(2.24578472448,-1.202733648903));
#2254 = CARTESIAN_POINT('',(2.395086045998,-1.162452244001));
#2255 = CARTESIAN_POINT('',(2.544387367516,-1.127947358445));
#2256 = CARTESIAN_POINT('',(2.693688689035,-1.100834581434));
#2257 = CARTESIAN_POINT('',(2.842990010553,-1.082346324802));
#2258 = CARTESIAN_POINT('',(2.992291332071,-1.073102450464));
#2259 = CARTESIAN_POINT('',(3.14159265359,-1.073102450464));
#2260 = ( GEOMETRIC_REPRESENTATION_CONTEXT(2) 
PARAMETRIC_REPRESENTATION_CONTEXT() REPRESENTATION_CONTEXT('2D SPACE',''
  ) );
#2261 = PCURVE('',#1616,#2262);
#2262 = DEFINITIONAL_REPRESENTATION('',(#2263),#2267);
#2263 = ELLIPSE('',#2264,3.965088358296,3.95);
#2264 = AXIS2_PLACEMENT_2D('',#2265,#2266);
#2265 = CARTESIAN_POINT('',(1.828008021241E-02,3.4));
#2266 = DIRECTION('',(-1.,0.));
#2267 = ( GEOMETRIC_REPRESENTATION_CONTEXT(2) 
PARAMETRIC_REPRESENTATION_CONTEXT() REPRESENTATION_CONTEXT('2D SPACE',''
  ) );
#2268 = ADVANCED_FACE('',(#2269),#2020,.F.);
#2269 = FACE_BOUND('',#2270,.F.);
#2270 = EDGE_LOOP('',(#2271,#2272,#2293,#2319,#2345));
#2271 = ORIENTED_EDGE('',*,*,#2004,.F.);
#2272 = ORIENTED_EDGE('',*,*,#2273,.T.);
#2273 = EDGE_CURVE('',#1984,#2274,#2276,.T.);
#2274 = VERTEX_POINT('',#2275);
#2275 = CARTESIAN_POINT('',(-0.6,-18.3,4.525806451613));
#2276 = SURFACE_CURVE('',#2277,(#2281,#2287),.PCURVE_S1.);
#2277 = LINE('',#2278,#2279);
#2278 = CARTESIAN_POINT('',(-1.092082940622,-18.3,4.684542884072));
#2279 = VECTOR('',#2280,1.);
#2280 = DIRECTION('',(-0.951708617761,0.,0.307002779923));
#2281 = PCURVE('',#2020,#2282);
#2282 = DEFINITIONAL_REPRESENTATION('',(#2283),#2286);
#2283 = B_SPLINE_CURVE_WITH_KNOTS('',1,(#2284,#2285),.UNSPECIFIED.,.F.,
  .F.,(2,2),(-0.926841392587,-0.517052101283),.PIECEWISE_BEZIER_KNOTS.);
#2284 = CARTESIAN_POINT('',(-1.110223024625E-16,2.29));
#2285 = CARTESIAN_POINT('',(0.125806451613,1.9));
#2286 = ( GEOMETRIC_REPRESENTATION_CONTEXT(2) 
PARAMETRIC_REPRESENTATION_CONTEXT() REPRESENTATION_CONTEXT('2D SPACE',''
  ) );
#2287 = PCURVE('',#43,#2288);
#2288 = DEFINITIONAL_REPRESENTATION('',(#2289),#2292);
#2289 = B_SPLINE_CURVE_WITH_KNOTS('',1,(#2290,#2291),.UNSPECIFIED.,.F.,
  .F.,(2,2),(-0.926841392587,-0.517052101283),.PIECEWISE_BEZIER_KNOTS.);
#2290 = CARTESIAN_POINT('',(0.325729949498,-28.3));
#2291 = CARTESIAN_POINT('',(0.735519240802,-28.3));
#2292 = ( GEOMETRIC_REPRESENTATION_CONTEXT(2) 
PARAMETRIC_REPRESENTATION_CONTEXT() REPRESENTATION_CONTEXT('2D SPACE',''
  ) );
#2293 = ORIENTED_EDGE('',*,*,#2294,.T.);
#2294 = EDGE_CURVE('',#2274,#2295,#2297,.T.);
#2295 = VERTEX_POINT('',#2296);
#2296 = CARTESIAN_POINT('',(-0.6,-18.3,6.6));
#2297 = SURFACE_CURVE('',#2298,(#2302,#2308),.PCURVE_S1.);
#2298 = LINE('',#2299,#2300);
#2299 = CARTESIAN_POINT('',(-0.6,-18.3,0.75));
#2300 = VECTOR('',#2301,1.);
#2301 = DIRECTION('',(0.,0.,1.));
#2302 = PCURVE('',#2020,#2303);
#2303 = DEFINITIONAL_REPRESENTATION('',(#2304),#2307);
#2304 = B_SPLINE_CURVE_WITH_KNOTS('',1,(#2305,#2306),.UNSPECIFIED.,.F.,
  .F.,(2,2),(3.65,5.85),.PIECEWISE_BEZIER_KNOTS.);
#2305 = CARTESIAN_POINT('',(0.,1.9));
#2306 = CARTESIAN_POINT('',(2.2,1.9));
#2307 = ( GEOMETRIC_REPRESENTATION_CONTEXT(2) 
PARAMETRIC_REPRESENTATION_CONTEXT() REPRESENTATION_CONTEXT('2D SPACE',''
  ) );
#2308 = PCURVE('',#2309,#2314);
#2309 = PLANE('',#2310);
#2310 = AXIS2_PLACEMENT_3D('',#2311,#2312,#2313);
#2311 = CARTESIAN_POINT('',(-0.6,-21.85,-2.9));
#2312 = DIRECTION('',(1.,0.,0.));
#2313 = DIRECTION('',(0.,0.,1.));
#2314 = DEFINITIONAL_REPRESENTATION('',(#2315),#2318);
#2315 = B_SPLINE_CURVE_WITH_KNOTS('',1,(#2316,#2317),.UNSPECIFIED.,.F.,
  .F.,(2,2),(3.65,5.85),.PIECEWISE_BEZIER_KNOTS.);
#2316 = CARTESIAN_POINT('',(7.3,-3.55));
#2317 = CARTESIAN_POINT('',(9.5,-3.55));
#2318 = ( GEOMETRIC_REPRESENTATION_CONTEXT(2) 
PARAMETRIC_REPRESENTATION_CONTEXT() REPRESENTATION_CONTEXT('2D SPACE',''
  ) );
#2319 = ORIENTED_EDGE('',*,*,#2320,.F.);
#2320 = EDGE_CURVE('',#2321,#2295,#2323,.T.);
#2321 = VERTEX_POINT('',#2322);
#2322 = CARTESIAN_POINT('',(0.7,-18.3,6.6));
#2323 = SURFACE_CURVE('',#2324,(#2328,#2334),.PCURVE_S1.);
#2324 = LINE('',#2325,#2326);
#2325 = CARTESIAN_POINT('',(-1.55,-18.3,6.6));
#2326 = VECTOR('',#2327,1.);
#2327 = DIRECTION('',(-1.,0.,0.));
#2328 = PCURVE('',#2020,#2329);
#2329 = DEFINITIONAL_REPRESENTATION('',(#2330),#2333);
#2330 = B_SPLINE_CURVE_WITH_KNOTS('',1,(#2331,#2332),.UNSPECIFIED.,.F.,
  .F.,(2,2),(-2.25,-0.95),.PIECEWISE_BEZIER_KNOTS.);
#2331 = CARTESIAN_POINT('',(2.2,3.2));
#2332 = CARTESIAN_POINT('',(2.2,1.9));
#2333 = ( GEOMETRIC_REPRESENTATION_CONTEXT(2) 
PARAMETRIC_REPRESENTATION_CONTEXT() REPRESENTATION_CONTEXT('2D SPACE',''
  ) );
#2334 = PCURVE('',#2335,#2340);
#2335 = PLANE('',#2336);
#2336 = AXIS2_PLACEMENT_3D('',#2337,#2338,#2339);
#2337 = CARTESIAN_POINT('',(-0.6,-21.85,6.6));
#2338 = DIRECTION('',(0.,0.,1.));
#2339 = DIRECTION('',(1.,0.,0.));
#2340 = DEFINITIONAL_REPRESENTATION('',(#2341),#2344);
#2341 = B_SPLINE_CURVE_WITH_KNOTS('',1,(#2342,#2343),.UNSPECIFIED.,.F.,
  .F.,(2,2),(-2.25,-0.95),.PIECEWISE_BEZIER_KNOTS.);
#2342 = CARTESIAN_POINT('',(1.3,3.55));
#2343 = CARTESIAN_POINT('',(0.,3.55));
#2344 = ( GEOMETRIC_REPRESENTATION_CONTEXT(2) 
PARAMETRIC_REPRESENTATION_CONTEXT() REPRESENTATION_CONTEXT('2D SPACE',''
  ) );
#2345 = ORIENTED_EDGE('',*,*,#2346,.F.);
#2346 = EDGE_CURVE('',#2005,#2321,#2347,.T.);
#2347 = SURFACE_CURVE('',#2348,(#2352,#2359),.PCURVE_S1.);
#2348 = LINE('',#2349,#2350);
#2349 = CARTESIAN_POINT('',(0.7,-18.3,4.4));
#2350 = VECTOR('',#2351,1.);
#2351 = DIRECTION('',(0.,0.,1.));
#2352 = PCURVE('',#2020,#2353);
#2353 = DEFINITIONAL_REPRESENTATION('',(#2354),#2358);
#2354 = LINE('',#2355,#2356);
#2355 = CARTESIAN_POINT('',(0.,3.2));
#2356 = VECTOR('',#2357,1.);
#2357 = DIRECTION('',(1.,0.));
#2358 = ( GEOMETRIC_REPRESENTATION_CONTEXT(2) 
PARAMETRIC_REPRESENTATION_CONTEXT() REPRESENTATION_CONTEXT('2D SPACE',''
  ) );
#2359 = PCURVE('',#2046,#2360);
#2360 = DEFINITIONAL_REPRESENTATION('',(#2361),#2365);
#2361 = LINE('',#2362,#2363);
#2362 = CARTESIAN_POINT('',(0.,0.));
#2363 = VECTOR('',#2364,1.);
#2364 = DIRECTION('',(1.,0.));
#2365 = ( GEOMETRIC_REPRESENTATION_CONTEXT(2) 
PARAMETRIC_REPRESENTATION_CONTEXT() REPRESENTATION_CONTEXT('2D SPACE',''
  ) );
#2366 = ADVANCED_FACE('',(#2367),#2309,.T.);
#2367 = FACE_BOUND('',#2368,.T.);
#2368 = EDGE_LOOP('',(#2369,#2399,#2418,#2419));
#2369 = ORIENTED_EDGE('',*,*,#2370,.F.);
#2370 = EDGE_CURVE('',#2371,#2373,#2375,.T.);
#2371 = VERTEX_POINT('',#2372);
#2372 = CARTESIAN_POINT('',(-0.6,-21.85,4.525806451613));
#2373 = VERTEX_POINT('',#2374);
#2374 = CARTESIAN_POINT('',(-0.6,-21.85,6.6));
#2375 = SURFACE_CURVE('',#2376,(#2380,#2387),.PCURVE_S1.);
#2376 = LINE('',#2377,#2378);
#2377 = CARTESIAN_POINT('',(-0.6,-21.85,-2.9));
#2378 = VECTOR('',#2379,1.);
#2379 = DIRECTION('',(0.,0.,1.));
#2380 = PCURVE('',#2309,#2381);
#2381 = DEFINITIONAL_REPRESENTATION('',(#2382),#2386);
#2382 = LINE('',#2383,#2384);
#2383 = CARTESIAN_POINT('',(0.,0.));
#2384 = VECTOR('',#2385,1.);
#2385 = DIRECTION('',(1.,0.));
#2386 = ( GEOMETRIC_REPRESENTATION_CONTEXT(2) 
PARAMETRIC_REPRESENTATION_CONTEXT() REPRESENTATION_CONTEXT('2D SPACE',''
  ) );
#2387 = PCURVE('',#2388,#2393);
#2388 = PLANE('',#2389);
#2389 = AXIS2_PLACEMENT_3D('',#2390,#2391,#2392);
#2390 = CARTESIAN_POINT('',(-0.6,-21.85,-2.9));
#2391 = DIRECTION('',(0.,1.,0.));
#2392 = DIRECTION('',(0.,0.,1.));
#2393 = DEFINITIONAL_REPRESENTATION('',(#2394),#2398);
#2394 = LINE('',#2395,#2396);
#2395 = CARTESIAN_POINT('',(0.,0.));
#2396 = VECTOR('',#2397,1.);
#2397 = DIRECTION('',(1.,0.));
#2398 = ( GEOMETRIC_REPRESENTATION_CONTEXT(2) 
PARAMETRIC_REPRESENTATION_CONTEXT() REPRESENTATION_CONTEXT('2D SPACE',''
  ) );
#2399 = ORIENTED_EDGE('',*,*,#2400,.T.);
#2400 = EDGE_CURVE('',#2371,#2274,#2401,.T.);
#2401 = SURFACE_CURVE('',#2402,(#2406,#2412),.PCURVE_S1.);
#2402 = LINE('',#2403,#2404);
#2403 = CARTESIAN_POINT('',(-0.6,-5.925,4.525806451613));
#2404 = VECTOR('',#2405,1.);
#2405 = DIRECTION('',(0.,1.,0.));
#2406 = PCURVE('',#2309,#2407);
#2407 = DEFINITIONAL_REPRESENTATION('',(#2408),#2411);
#2408 = B_SPLINE_CURVE_WITH_KNOTS('',1,(#2409,#2410),.UNSPECIFIED.,.F.,
  .F.,(2,2),(-15.925,-12.375),.PIECEWISE_BEZIER_KNOTS.);
#2409 = CARTESIAN_POINT('',(7.425806451613,0.));
#2410 = CARTESIAN_POINT('',(7.425806451613,-3.55));
#2411 = ( GEOMETRIC_REPRESENTATION_CONTEXT(2) 
PARAMETRIC_REPRESENTATION_CONTEXT() REPRESENTATION_CONTEXT('2D SPACE',''
  ) );
#2412 = PCURVE('',#43,#2413);
#2413 = DEFINITIONAL_REPRESENTATION('',(#2414),#2417);
#2414 = B_SPLINE_CURVE_WITH_KNOTS('',1,(#2415,#2416),.UNSPECIFIED.,.F.,
  .F.,(2,2),(-15.925,-12.375),.PIECEWISE_BEZIER_KNOTS.);
#2415 = CARTESIAN_POINT('',(0.735519240802,-31.85));
#2416 = CARTESIAN_POINT('',(0.735519240802,-28.3));
#2417 = ( GEOMETRIC_REPRESENTATION_CONTEXT(2) 
PARAMETRIC_REPRESENTATION_CONTEXT() REPRESENTATION_CONTEXT('2D SPACE',''
  ) );
#2418 = ORIENTED_EDGE('',*,*,#2294,.T.);
#2419 = ORIENTED_EDGE('',*,*,#2420,.F.);
#2420 = EDGE_CURVE('',#2373,#2295,#2421,.T.);
#2421 = SURFACE_CURVE('',#2422,(#2426,#2433),.PCURVE_S1.);
#2422 = LINE('',#2423,#2424);
#2423 = CARTESIAN_POINT('',(-0.6,-21.85,6.6));
#2424 = VECTOR('',#2425,1.);
#2425 = DIRECTION('',(0.,1.,0.));
#2426 = PCURVE('',#2309,#2427);
#2427 = DEFINITIONAL_REPRESENTATION('',(#2428),#2432);
#2428 = LINE('',#2429,#2430);
#2429 = CARTESIAN_POINT('',(9.5,0.));
#2430 = VECTOR('',#2431,1.);
#2431 = DIRECTION('',(0.,-1.));
#2432 = ( GEOMETRIC_REPRESENTATION_CONTEXT(2) 
PARAMETRIC_REPRESENTATION_CONTEXT() REPRESENTATION_CONTEXT('2D SPACE',''
  ) );
#2433 = PCURVE('',#2335,#2434);
#2434 = DEFINITIONAL_REPRESENTATION('',(#2435),#2439);
#2435 = LINE('',#2436,#2437);
#2436 = CARTESIAN_POINT('',(0.,0.));
#2437 = VECTOR('',#2438,1.);
#2438 = DIRECTION('',(0.,1.));
#2439 = ( GEOMETRIC_REPRESENTATION_CONTEXT(2) 
PARAMETRIC_REPRESENTATION_CONTEXT() REPRESENTATION_CONTEXT('2D SPACE',''
  ) );
#2440 = ADVANCED_FACE('',(#2441),#2388,.T.);
#2441 = FACE_BOUND('',#2442,.T.);
#2442 = EDGE_LOOP('',(#2443,#2444,#2467,#2494,#2515));
#2443 = ORIENTED_EDGE('',*,*,#2370,.T.);
#2444 = ORIENTED_EDGE('',*,*,#2445,.T.);
#2445 = EDGE_CURVE('',#2373,#2446,#2448,.T.);
#2446 = VERTEX_POINT('',#2447);
#2447 = CARTESIAN_POINT('',(1.E-01,-21.85,6.6));
#2448 = SURFACE_CURVE('',#2449,(#2453,#2460),.PCURVE_S1.);
#2449 = LINE('',#2450,#2451);
#2450 = CARTESIAN_POINT('',(-0.6,-21.85,6.6));
#2451 = VECTOR('',#2452,1.);
#2452 = DIRECTION('',(1.,0.,0.));
#2453 = PCURVE('',#2388,#2454);
#2454 = DEFINITIONAL_REPRESENTATION('',(#2455),#2459);
#2455 = LINE('',#2456,#2457);
#2456 = CARTESIAN_POINT('',(9.5,0.));
#2457 = VECTOR('',#2458,1.);
#2458 = DIRECTION('',(0.,1.));
#2459 = ( GEOMETRIC_REPRESENTATION_CONTEXT(2) 
PARAMETRIC_REPRESENTATION_CONTEXT() REPRESENTATION_CONTEXT('2D SPACE',''
  ) );
#2460 = PCURVE('',#2335,#2461);
#2461 = DEFINITIONAL_REPRESENTATION('',(#2462),#2466);
#2462 = LINE('',#2463,#2464);
#2463 = CARTESIAN_POINT('',(0.,0.));
#2464 = VECTOR('',#2465,1.);
#2465 = DIRECTION('',(1.,0.));
#2466 = ( GEOMETRIC_REPRESENTATION_CONTEXT(2) 
PARAMETRIC_REPRESENTATION_CONTEXT() REPRESENTATION_CONTEXT('2D SPACE',''
  ) );
#2467 = ORIENTED_EDGE('',*,*,#2468,.T.);
#2468 = EDGE_CURVE('',#2446,#2469,#2471,.T.);
#2469 = VERTEX_POINT('',#2470);
#2470 = CARTESIAN_POINT('',(0.1,-21.85,4.4));
#2471 = SURFACE_CURVE('',#2472,(#2476,#2482),.PCURVE_S1.);
#2472 = LINE('',#2473,#2474);
#2473 = CARTESIAN_POINT('',(1.E-01,-21.85,-0.225));
#2474 = VECTOR('',#2475,1.);
#2475 = DIRECTION('',(0.,0.,-1.));
#2476 = PCURVE('',#2388,#2477);
#2477 = DEFINITIONAL_REPRESENTATION('',(#2478),#2481);
#2478 = B_SPLINE_CURVE_WITH_KNOTS('',1,(#2479,#2480),.UNSPECIFIED.,.F.,
  .F.,(2,2),(-6.825,-4.625),.PIECEWISE_BEZIER_KNOTS.);
#2479 = CARTESIAN_POINT('',(9.5,0.7));
#2480 = CARTESIAN_POINT('',(7.3,0.7));
#2481 = ( GEOMETRIC_REPRESENTATION_CONTEXT(2) 
PARAMETRIC_REPRESENTATION_CONTEXT() REPRESENTATION_CONTEXT('2D SPACE',''
  ) );
#2482 = PCURVE('',#2483,#2488);
#2483 = PLANE('',#2484);
#2484 = AXIS2_PLACEMENT_3D('',#2485,#2486,#2487);
#2485 = CARTESIAN_POINT('',(0.1,-21.95,2.45));
#2486 = DIRECTION('',(1.,0.,0.));
#2487 = DIRECTION('',(0.,0.,1.));
#2488 = DEFINITIONAL_REPRESENTATION('',(#2489),#2493);
#2489 = LINE('',#2490,#2491);
#2490 = CARTESIAN_POINT('',(-2.675,-1.E-01));
#2491 = VECTOR('',#2492,1.);
#2492 = DIRECTION('',(-1.,0.));
#2493 = ( GEOMETRIC_REPRESENTATION_CONTEXT(2) 
PARAMETRIC_REPRESENTATION_CONTEXT() REPRESENTATION_CONTEXT('2D SPACE',''
  ) );
#2494 = ORIENTED_EDGE('',*,*,#2495,.T.);
#2495 = EDGE_CURVE('',#2469,#2496,#2498,.T.);
#2496 = VERTEX_POINT('',#2497);
#2497 = CARTESIAN_POINT('',(-0.21,-21.85,4.4));
#2498 = SURFACE_CURVE('',#2499,(#2503,#2509),.PCURVE_S1.);
#2499 = LINE('',#2500,#2501);
#2500 = CARTESIAN_POINT('',(17.819792896096,-21.85,4.4));
#2501 = VECTOR('',#2502,1.);
#2502 = DIRECTION('',(-1.,0.,0.));
#2503 = PCURVE('',#2388,#2504);
#2504 = DEFINITIONAL_REPRESENTATION('',(#2505),#2508);
#2505 = B_SPLINE_CURVE_WITH_KNOTS('',1,(#2506,#2507),.UNSPECIFIED.,.F.,
  .F.,(2,2),(-55.5802071039,18.419792896096),.PIECEWISE_BEZIER_KNOTS.);
#2506 = CARTESIAN_POINT('',(7.3,74.));
#2507 = CARTESIAN_POINT('',(7.3,0.));
#2508 = ( GEOMETRIC_REPRESENTATION_CONTEXT(2) 
PARAMETRIC_REPRESENTATION_CONTEXT() REPRESENTATION_CONTEXT('2D SPACE',''
  ) );
#2509 = PCURVE('',#152,#2510);
#2510 = DEFINITIONAL_REPRESENTATION('',(#2511),#2514);
#2511 = B_SPLINE_CURVE_WITH_KNOTS('',1,(#2512,#2513),.UNSPECIFIED.,.F.,
  .F.,(2,2),(-55.5802071039,18.419792896096),.PIECEWISE_BEZIER_KNOTS.);
#2512 = CARTESIAN_POINT('',(37.160414207808,-11.41297748524));
#2513 = CARTESIAN_POINT('',(-36.83958579219,-11.41297748524));
#2514 = ( GEOMETRIC_REPRESENTATION_CONTEXT(2) 
PARAMETRIC_REPRESENTATION_CONTEXT() REPRESENTATION_CONTEXT('2D SPACE',''
  ) );
#2515 = ORIENTED_EDGE('',*,*,#2516,.T.);
#2516 = EDGE_CURVE('',#2496,#2371,#2517,.T.);
#2517 = SURFACE_CURVE('',#2518,(#2522,#2528),.PCURVE_S1.);
#2518 = LINE('',#2519,#2520);
#2519 = CARTESIAN_POINT('',(0.834825636192,-21.85,4.062959472196));
#2520 = VECTOR('',#2521,1.);
#2521 = DIRECTION('',(-0.951708617761,0.,0.307002779923));
#2522 = PCURVE('',#2388,#2523);
#2523 = DEFINITIONAL_REPRESENTATION('',(#2524),#2527);
#2524 = B_SPLINE_CURVE_WITH_KNOTS('',1,(#2525,#2526),.UNSPECIFIED.,.F.,
  .F.,(2,2),(1.097841941004,1.507631232308),.PIECEWISE_BEZIER_KNOTS.);
#2525 = CARTESIAN_POINT('',(7.3,0.39));
#2526 = CARTESIAN_POINT('',(7.425806451613,2.22044604925E-16));
#2527 = ( GEOMETRIC_REPRESENTATION_CONTEXT(2) 
PARAMETRIC_REPRESENTATION_CONTEXT() REPRESENTATION_CONTEXT('2D SPACE',''
  ) );
#2528 = PCURVE('',#43,#2529);
#2529 = DEFINITIONAL_REPRESENTATION('',(#2530),#2533);
#2530 = B_SPLINE_CURVE_WITH_KNOTS('',1,(#2531,#2532),.UNSPECIFIED.,.F.,
  .F.,(2,2),(1.097841941004,1.507631232308),.PIECEWISE_BEZIER_KNOTS.);
#2531 = CARTESIAN_POINT('',(0.325729949498,-31.85));
#2532 = CARTESIAN_POINT('',(0.735519240802,-31.85));
#2533 = ( GEOMETRIC_REPRESENTATION_CONTEXT(2) 
PARAMETRIC_REPRESENTATION_CONTEXT() REPRESENTATION_CONTEXT('2D SPACE',''
  ) );
#2534 = ADVANCED_FACE('',(#2535),#2483,.F.);
#2535 = FACE_BOUND('',#2536,.F.);
#2536 = EDGE_LOOP('',(#2537,#2567,#2594,#2622,#2642,#2643));
#2537 = ORIENTED_EDGE('',*,*,#2538,.F.);
#2538 = EDGE_CURVE('',#2539,#2541,#2543,.T.);
#2539 = VERTEX_POINT('',#2540);
#2540 = CARTESIAN_POINT('',(0.1,-21.95,3.05));
#2541 = VERTEX_POINT('',#2542);
#2542 = CARTESIAN_POINT('',(0.1,-21.95,4.4));
#2543 = SURFACE_CURVE('',#2544,(#2548,#2555),.PCURVE_S1.);
#2544 = LINE('',#2545,#2546);
#2545 = CARTESIAN_POINT('',(0.1,-21.95,3.05));
#2546 = VECTOR('',#2547,1.);
#2547 = DIRECTION('',(-3.083952846181E-17,0.,1.));
#2548 = PCURVE('',#2483,#2549);
#2549 = DEFINITIONAL_REPRESENTATION('',(#2550),#2554);
#2550 = LINE('',#2551,#2552);
#2551 = CARTESIAN_POINT('',(0.6,0.));
#2552 = VECTOR('',#2553,1.);
#2553 = DIRECTION('',(1.,0.));
#2554 = ( GEOMETRIC_REPRESENTATION_CONTEXT(2) 
PARAMETRIC_REPRESENTATION_CONTEXT() REPRESENTATION_CONTEXT('2D SPACE',''
  ) );
#2555 = PCURVE('',#2556,#2561);
#2556 = PLANE('',#2557);
#2557 = AXIS2_PLACEMENT_3D('',#2558,#2559,#2560);
#2558 = CARTESIAN_POINT('',(0.1,-21.95,2.45));
#2559 = DIRECTION('',(0.,1.,0.));
#2560 = DIRECTION('',(0.,0.,1.));
#2561 = DEFINITIONAL_REPRESENTATION('',(#2562),#2566);
#2562 = LINE('',#2563,#2564);
#2563 = CARTESIAN_POINT('',(0.6,4.163336342344E-17));
#2564 = VECTOR('',#2565,1.);
#2565 = DIRECTION('',(1.,-3.083952846181E-17));
#2566 = ( GEOMETRIC_REPRESENTATION_CONTEXT(2) 
PARAMETRIC_REPRESENTATION_CONTEXT() REPRESENTATION_CONTEXT('2D SPACE',''
  ) );
#2567 = ORIENTED_EDGE('',*,*,#2568,.F.);
#2568 = EDGE_CURVE('',#2569,#2539,#2571,.T.);
#2569 = VERTEX_POINT('',#2570);
#2570 = CARTESIAN_POINT('',(0.1,-19.65,3.05));
#2571 = SURFACE_CURVE('',#2572,(#2576,#2583),.PCURVE_S1.);
#2572 = LINE('',#2573,#2574);
#2573 = CARTESIAN_POINT('',(0.1,-21.95,3.05));
#2574 = VECTOR('',#2575,1.);
#2575 = DIRECTION('',(0.,-1.,0.));
#2576 = PCURVE('',#2483,#2577);
#2577 = DEFINITIONAL_REPRESENTATION('',(#2578),#2582);
#2578 = LINE('',#2579,#2580);
#2579 = CARTESIAN_POINT('',(0.6,0.));
#2580 = VECTOR('',#2581,1.);
#2581 = DIRECTION('',(0.,1.));
#2582 = ( GEOMETRIC_REPRESENTATION_CONTEXT(2) 
PARAMETRIC_REPRESENTATION_CONTEXT() REPRESENTATION_CONTEXT('2D SPACE',''
  ) );
#2583 = PCURVE('',#2584,#2589);
#2584 = PLANE('',#2585);
#2585 = AXIS2_PLACEMENT_3D('',#2586,#2587,#2588);
#2586 = CARTESIAN_POINT('',(-1.55,-21.95,3.05));
#2587 = DIRECTION('',(0.,0.,1.));
#2588 = DIRECTION('',(1.,0.,0.));
#2589 = DEFINITIONAL_REPRESENTATION('',(#2590),#2593);
#2590 = B_SPLINE_CURVE_WITH_KNOTS('',1,(#2591,#2592),.UNSPECIFIED.,.F.,
  .F.,(2,2),(-2.3,0.),.PIECEWISE_BEZIER_KNOTS.);
#2591 = CARTESIAN_POINT('',(1.65,2.3));
#2592 = CARTESIAN_POINT('',(1.65,0.));
#2593 = ( GEOMETRIC_REPRESENTATION_CONTEXT(2) 
PARAMETRIC_REPRESENTATION_CONTEXT() REPRESENTATION_CONTEXT('2D SPACE',''
  ) );
#2594 = ORIENTED_EDGE('',*,*,#2595,.F.);
#2595 = EDGE_CURVE('',#2596,#2569,#2598,.T.);
#2596 = VERTEX_POINT('',#2597);
#2597 = CARTESIAN_POINT('',(0.1,-19.65,6.6));
#2598 = SURFACE_CURVE('',#2599,(#2603,#2610),.PCURVE_S1.);
#2599 = LINE('',#2600,#2601);
#2600 = CARTESIAN_POINT('',(0.1,-19.65,6.6));
#2601 = VECTOR('',#2602,1.);
#2602 = DIRECTION('',(1.17277080066E-17,0.,-1.));
#2603 = PCURVE('',#2483,#2604);
#2604 = DEFINITIONAL_REPRESENTATION('',(#2605),#2609);
#2605 = LINE('',#2606,#2607);
#2606 = CARTESIAN_POINT('',(4.15,-2.3));
#2607 = VECTOR('',#2608,1.);
#2608 = DIRECTION('',(-1.,0.));
#2609 = ( GEOMETRIC_REPRESENTATION_CONTEXT(2) 
PARAMETRIC_REPRESENTATION_CONTEXT() REPRESENTATION_CONTEXT('2D SPACE',''
  ) );
#2610 = PCURVE('',#2611,#2616);
#2611 = PLANE('',#2612);
#2612 = AXIS2_PLACEMENT_3D('',#2613,#2614,#2615);
#2613 = CARTESIAN_POINT('',(0.1,-19.65,2.45));
#2614 = DIRECTION('',(0.,1.,0.));
#2615 = DIRECTION('',(0.,0.,1.));
#2616 = DEFINITIONAL_REPRESENTATION('',(#2617),#2621);
#2617 = LINE('',#2618,#2619);
#2618 = CARTESIAN_POINT('',(4.15,0.));
#2619 = VECTOR('',#2620,1.);
#2620 = DIRECTION('',(-1.,1.17277080066E-17));
#2621 = ( GEOMETRIC_REPRESENTATION_CONTEXT(2) 
PARAMETRIC_REPRESENTATION_CONTEXT() REPRESENTATION_CONTEXT('2D SPACE',''
  ) );
#2622 = ORIENTED_EDGE('',*,*,#2623,.F.);
#2623 = EDGE_CURVE('',#2446,#2596,#2624,.T.);
#2624 = SURFACE_CURVE('',#2625,(#2629,#2636),.PCURVE_S1.);
#2625 = LINE('',#2626,#2627);
#2626 = CARTESIAN_POINT('',(1.E-01,-21.9,6.6));
#2627 = VECTOR('',#2628,1.);
#2628 = DIRECTION('',(0.,1.,0.));
#2629 = PCURVE('',#2483,#2630);
#2630 = DEFINITIONAL_REPRESENTATION('',(#2631),#2635);
#2631 = LINE('',#2632,#2633);
#2632 = CARTESIAN_POINT('',(4.15,-5.E-02));
#2633 = VECTOR('',#2634,1.);
#2634 = DIRECTION('',(0.,-1.));
#2635 = ( GEOMETRIC_REPRESENTATION_CONTEXT(2) 
PARAMETRIC_REPRESENTATION_CONTEXT() REPRESENTATION_CONTEXT('2D SPACE',''
  ) );
#2636 = PCURVE('',#2335,#2637);
#2637 = DEFINITIONAL_REPRESENTATION('',(#2638),#2641);
#2638 = B_SPLINE_CURVE_WITH_KNOTS('',1,(#2639,#2640),.UNSPECIFIED.,.F.,
  .F.,(2,2),(5.E-02,2.25),.PIECEWISE_BEZIER_KNOTS.);
#2639 = CARTESIAN_POINT('',(0.7,0.));
#2640 = CARTESIAN_POINT('',(0.7,2.2));
#2641 = ( GEOMETRIC_REPRESENTATION_CONTEXT(2) 
PARAMETRIC_REPRESENTATION_CONTEXT() REPRESENTATION_CONTEXT('2D SPACE',''
  ) );
#2642 = ORIENTED_EDGE('',*,*,#2468,.T.);
#2643 = ORIENTED_EDGE('',*,*,#2644,.F.);
#2644 = EDGE_CURVE('',#2541,#2469,#2645,.T.);
#2645 = SURFACE_CURVE('',#2646,(#2650,#2657),.PCURVE_S1.);
#2646 = LINE('',#2647,#2648);
#2647 = CARTESIAN_POINT('',(0.1,-16.19351125738,4.4));
#2648 = VECTOR('',#2649,1.);
#2649 = DIRECTION('',(0.,1.,0.));
#2650 = PCURVE('',#2483,#2651);
#2651 = DEFINITIONAL_REPRESENTATION('',(#2652),#2656);
#2652 = LINE('',#2653,#2654);
#2653 = CARTESIAN_POINT('',(1.95,-5.75648874262));
#2654 = VECTOR('',#2655,1.);
#2655 = DIRECTION('',(0.,-1.));
#2656 = ( GEOMETRIC_REPRESENTATION_CONTEXT(2) 
PARAMETRIC_REPRESENTATION_CONTEXT() REPRESENTATION_CONTEXT('2D SPACE',''
  ) );
#2657 = PCURVE('',#152,#2658);
#2658 = DEFINITIONAL_REPRESENTATION('',(#2659),#2662);
#2659 = B_SPLINE_CURVE_WITH_KNOTS('',1,(#2660,#2661),.UNSPECIFIED.,.F.,
  .F.,(2,2),(-5.75648874262,-3.45648874262),.PIECEWISE_BEZIER_KNOTS.);
#2660 = CARTESIAN_POINT('',(-36.13958579219,-11.51297748524));
#2661 = CARTESIAN_POINT('',(-36.13958579219,-9.21297748524));
#2662 = ( GEOMETRIC_REPRESENTATION_CONTEXT(2) 
PARAMETRIC_REPRESENTATION_CONTEXT() REPRESENTATION_CONTEXT('2D SPACE',''
  ) );
#2663 = ADVANCED_FACE('',(#2664),#2611,.T.);
#2664 = FACE_BOUND('',#2665,.T.);
#2665 = EDGE_LOOP('',(#2666,#2696,#2724,#2752,#2773,#2774));
#2666 = ORIENTED_EDGE('',*,*,#2667,.F.);
#2667 = EDGE_CURVE('',#2668,#2670,#2672,.T.);
#2668 = VERTEX_POINT('',#2669);
#2669 = CARTESIAN_POINT('',(1.7,-19.65,2.45));
#2670 = VERTEX_POINT('',#2671);
#2671 = CARTESIAN_POINT('',(1.7,-19.65,6.6));
#2672 = SURFACE_CURVE('',#2673,(#2677,#2684),.PCURVE_S1.);
#2673 = LINE('',#2674,#2675);
#2674 = CARTESIAN_POINT('',(1.7,-19.65,2.45));
#2675 = VECTOR('',#2676,1.);
#2676 = DIRECTION('',(0.,0.,1.));
#2677 = PCURVE('',#2611,#2678);
#2678 = DEFINITIONAL_REPRESENTATION('',(#2679),#2683);
#2679 = LINE('',#2680,#2681);
#2680 = CARTESIAN_POINT('',(0.,1.6));
#2681 = VECTOR('',#2682,1.);
#2682 = DIRECTION('',(1.,0.));
#2683 = ( GEOMETRIC_REPRESENTATION_CONTEXT(2) 
PARAMETRIC_REPRESENTATION_CONTEXT() REPRESENTATION_CONTEXT('2D SPACE',''
  ) );
#2684 = PCURVE('',#2685,#2690);
#2685 = PLANE('',#2686);
#2686 = AXIS2_PLACEMENT_3D('',#2687,#2688,#2689);
#2687 = CARTESIAN_POINT('',(1.7,-21.95,2.45));
#2688 = DIRECTION('',(1.,0.,0.));
#2689 = DIRECTION('',(0.,0.,1.));
#2690 = DEFINITIONAL_REPRESENTATION('',(#2691),#2695);
#2691 = LINE('',#2692,#2693);
#2692 = CARTESIAN_POINT('',(0.,-2.3));
#2693 = VECTOR('',#2694,1.);
#2694 = DIRECTION('',(1.,0.));
#2695 = ( GEOMETRIC_REPRESENTATION_CONTEXT(2) 
PARAMETRIC_REPRESENTATION_CONTEXT() REPRESENTATION_CONTEXT('2D SPACE',''
  ) );
#2696 = ORIENTED_EDGE('',*,*,#2697,.T.);
#2697 = EDGE_CURVE('',#2668,#2698,#2700,.T.);
#2698 = VERTEX_POINT('',#2699);
#2699 = CARTESIAN_POINT('',(-1.55,-19.65,2.45));
#2700 = SURFACE_CURVE('',#2701,(#2705,#2712),.PCURVE_S1.);
#2701 = LINE('',#2702,#2703);
#2702 = CARTESIAN_POINT('',(1.7,-19.65,2.45));
#2703 = VECTOR('',#2704,1.);
#2704 = DIRECTION('',(-1.,0.,0.));
#2705 = PCURVE('',#2611,#2706);
#2706 = DEFINITIONAL_REPRESENTATION('',(#2707),#2711);
#2707 = LINE('',#2708,#2709);
#2708 = CARTESIAN_POINT('',(0.,1.6));
#2709 = VECTOR('',#2710,1.);
#2710 = DIRECTION('',(0.,-1.));
#2711 = ( GEOMETRIC_REPRESENTATION_CONTEXT(2) 
PARAMETRIC_REPRESENTATION_CONTEXT() REPRESENTATION_CONTEXT('2D SPACE',''
  ) );
#2712 = PCURVE('',#2713,#2718);
#2713 = PLANE('',#2714);
#2714 = AXIS2_PLACEMENT_3D('',#2715,#2716,#2717);
#2715 = CARTESIAN_POINT('',(0.1,-21.95,2.45));
#2716 = DIRECTION('',(0.,0.,1.));
#2717 = DIRECTION('',(1.,0.,0.));
#2718 = DEFINITIONAL_REPRESENTATION('',(#2719),#2723);
#2719 = LINE('',#2720,#2721);
#2720 = CARTESIAN_POINT('',(1.6,2.3));
#2721 = VECTOR('',#2722,1.);
#2722 = DIRECTION('',(-1.,0.));
#2723 = ( GEOMETRIC_REPRESENTATION_CONTEXT(2) 
PARAMETRIC_REPRESENTATION_CONTEXT() REPRESENTATION_CONTEXT('2D SPACE',''
  ) );
#2724 = ORIENTED_EDGE('',*,*,#2725,.T.);
#2725 = EDGE_CURVE('',#2698,#2726,#2728,.T.);
#2726 = VERTEX_POINT('',#2727);
#2727 = CARTESIAN_POINT('',(-1.55,-19.65,3.05));
#2728 = SURFACE_CURVE('',#2729,(#2733,#2740),.PCURVE_S1.);
#2729 = LINE('',#2730,#2731);
#2730 = CARTESIAN_POINT('',(-1.55,-19.65,2.45));
#2731 = VECTOR('',#2732,1.);
#2732 = DIRECTION('',(0.,0.,1.));
#2733 = PCURVE('',#2611,#2734);
#2734 = DEFINITIONAL_REPRESENTATION('',(#2735),#2739);
#2735 = LINE('',#2736,#2737);
#2736 = CARTESIAN_POINT('',(0.,-1.65));
#2737 = VECTOR('',#2738,1.);
#2738 = DIRECTION('',(1.,0.));
#2739 = ( GEOMETRIC_REPRESENTATION_CONTEXT(2) 
PARAMETRIC_REPRESENTATION_CONTEXT() REPRESENTATION_CONTEXT('2D SPACE',''
  ) );
#2740 = PCURVE('',#2741,#2746);
#2741 = PLANE('',#2742);
#2742 = AXIS2_PLACEMENT_3D('',#2743,#2744,#2745);
#2743 = CARTESIAN_POINT('',(-1.55,-21.95,2.45));
#2744 = DIRECTION('',(1.,0.,0.));
#2745 = DIRECTION('',(0.,0.,1.));
#2746 = DEFINITIONAL_REPRESENTATION('',(#2747),#2751);
#2747 = LINE('',#2748,#2749);
#2748 = CARTESIAN_POINT('',(0.,-2.3));
#2749 = VECTOR('',#2750,1.);
#2750 = DIRECTION('',(1.,0.));
#2751 = ( GEOMETRIC_REPRESENTATION_CONTEXT(2) 
PARAMETRIC_REPRESENTATION_CONTEXT() REPRESENTATION_CONTEXT('2D SPACE',''
  ) );
#2752 = ORIENTED_EDGE('',*,*,#2753,.T.);
#2753 = EDGE_CURVE('',#2726,#2569,#2754,.T.);
#2754 = SURFACE_CURVE('',#2755,(#2759,#2766),.PCURVE_S1.);
#2755 = LINE('',#2756,#2757);
#2756 = CARTESIAN_POINT('',(-1.55,-19.65,3.05));
#2757 = VECTOR('',#2758,1.);
#2758 = DIRECTION('',(1.,0.,0.));
#2759 = PCURVE('',#2611,#2760);
#2760 = DEFINITIONAL_REPRESENTATION('',(#2761),#2765);
#2761 = LINE('',#2762,#2763);
#2762 = CARTESIAN_POINT('',(0.6,-1.65));
#2763 = VECTOR('',#2764,1.);
#2764 = DIRECTION('',(0.,1.));
#2765 = ( GEOMETRIC_REPRESENTATION_CONTEXT(2) 
PARAMETRIC_REPRESENTATION_CONTEXT() REPRESENTATION_CONTEXT('2D SPACE',''
  ) );
#2766 = PCURVE('',#2584,#2767);
#2767 = DEFINITIONAL_REPRESENTATION('',(#2768),#2772);
#2768 = LINE('',#2769,#2770);
#2769 = CARTESIAN_POINT('',(0.,2.3));
#2770 = VECTOR('',#2771,1.);
#2771 = DIRECTION('',(1.,0.));
#2772 = ( GEOMETRIC_REPRESENTATION_CONTEXT(2) 
PARAMETRIC_REPRESENTATION_CONTEXT() REPRESENTATION_CONTEXT('2D SPACE',''
  ) );
#2773 = ORIENTED_EDGE('',*,*,#2595,.F.);
#2774 = ORIENTED_EDGE('',*,*,#2775,.F.);
#2775 = EDGE_CURVE('',#2670,#2596,#2776,.T.);
#2776 = SURFACE_CURVE('',#2777,(#2781,#2788),.PCURVE_S1.);
#2777 = LINE('',#2778,#2779);
#2778 = CARTESIAN_POINT('',(-0.25,-19.65,6.6));
#2779 = VECTOR('',#2780,1.);
#2780 = DIRECTION('',(-1.,0.,0.));
#2781 = PCURVE('',#2611,#2782);
#2782 = DEFINITIONAL_REPRESENTATION('',(#2783),#2787);
#2783 = LINE('',#2784,#2785);
#2784 = CARTESIAN_POINT('',(4.15,-0.35));
#2785 = VECTOR('',#2786,1.);
#2786 = DIRECTION('',(0.,-1.));
#2787 = ( GEOMETRIC_REPRESENTATION_CONTEXT(2) 
PARAMETRIC_REPRESENTATION_CONTEXT() REPRESENTATION_CONTEXT('2D SPACE',''
  ) );
#2788 = PCURVE('',#2335,#2789);
#2789 = DEFINITIONAL_REPRESENTATION('',(#2790),#2793);
#2790 = B_SPLINE_CURVE_WITH_KNOTS('',1,(#2791,#2792),.UNSPECIFIED.,.F.,
  .F.,(2,2),(-1.95,-0.35),.PIECEWISE_BEZIER_KNOTS.);
#2791 = CARTESIAN_POINT('',(2.3,2.2));
#2792 = CARTESIAN_POINT('',(0.7,2.2));
#2793 = ( GEOMETRIC_REPRESENTATION_CONTEXT(2) 
PARAMETRIC_REPRESENTATION_CONTEXT() REPRESENTATION_CONTEXT('2D SPACE',''
  ) );
#2794 = ADVANCED_FACE('',(#2795),#2741,.F.);
#2795 = FACE_BOUND('',#2796,.F.);
#2796 = EDGE_LOOP('',(#2797,#2822,#2843,#2844));
#2797 = ORIENTED_EDGE('',*,*,#2798,.F.);
#2798 = EDGE_CURVE('',#2799,#2801,#2803,.T.);
#2799 = VERTEX_POINT('',#2800);
#2800 = CARTESIAN_POINT('',(-1.55,-21.95,2.45));
#2801 = VERTEX_POINT('',#2802);
#2802 = CARTESIAN_POINT('',(-1.55,-21.95,3.05));
#2803 = SURFACE_CURVE('',#2804,(#2808,#2815),.PCURVE_S1.);
#2804 = LINE('',#2805,#2806);
#2805 = CARTESIAN_POINT('',(-1.55,-21.95,2.45));
#2806 = VECTOR('',#2807,1.);
#2807 = DIRECTION('',(0.,0.,1.));
#2808 = PCURVE('',#2741,#2809);
#2809 = DEFINITIONAL_REPRESENTATION('',(#2810),#2814);
#2810 = LINE('',#2811,#2812);
#2811 = CARTESIAN_POINT('',(0.,0.));
#2812 = VECTOR('',#2813,1.);
#2813 = DIRECTION('',(1.,0.));
#2814 = ( GEOMETRIC_REPRESENTATION_CONTEXT(2) 
PARAMETRIC_REPRESENTATION_CONTEXT() REPRESENTATION_CONTEXT('2D SPACE',''
  ) );
#2815 = PCURVE('',#2556,#2816);
#2816 = DEFINITIONAL_REPRESENTATION('',(#2817),#2821);
#2817 = LINE('',#2818,#2819);
#2818 = CARTESIAN_POINT('',(0.,-1.65));
#2819 = VECTOR('',#2820,1.);
#2820 = DIRECTION('',(1.,0.));
#2821 = ( GEOMETRIC_REPRESENTATION_CONTEXT(2) 
PARAMETRIC_REPRESENTATION_CONTEXT() REPRESENTATION_CONTEXT('2D SPACE',''
  ) );
#2822 = ORIENTED_EDGE('',*,*,#2823,.T.);
#2823 = EDGE_CURVE('',#2799,#2698,#2824,.T.);
#2824 = SURFACE_CURVE('',#2825,(#2829,#2836),.PCURVE_S1.);
#2825 = LINE('',#2826,#2827);
#2826 = CARTESIAN_POINT('',(-1.55,-21.95,2.45));
#2827 = VECTOR('',#2828,1.);
#2828 = DIRECTION('',(0.,1.,0.));
#2829 = PCURVE('',#2741,#2830);
#2830 = DEFINITIONAL_REPRESENTATION('',(#2831),#2835);
#2831 = LINE('',#2832,#2833);
#2832 = CARTESIAN_POINT('',(0.,0.));
#2833 = VECTOR('',#2834,1.);
#2834 = DIRECTION('',(0.,-1.));
#2835 = ( GEOMETRIC_REPRESENTATION_CONTEXT(2) 
PARAMETRIC_REPRESENTATION_CONTEXT() REPRESENTATION_CONTEXT('2D SPACE',''
  ) );
#2836 = PCURVE('',#2713,#2837);
#2837 = DEFINITIONAL_REPRESENTATION('',(#2838),#2842);
#2838 = LINE('',#2839,#2840);
#2839 = CARTESIAN_POINT('',(-1.65,0.));
#2840 = VECTOR('',#2841,1.);
#2841 = DIRECTION('',(0.,1.));
#2842 = ( GEOMETRIC_REPRESENTATION_CONTEXT(2) 
PARAMETRIC_REPRESENTATION_CONTEXT() REPRESENTATION_CONTEXT('2D SPACE',''
  ) );
#2843 = ORIENTED_EDGE('',*,*,#2725,.T.);
#2844 = ORIENTED_EDGE('',*,*,#2845,.F.);
#2845 = EDGE_CURVE('',#2801,#2726,#2846,.T.);
#2846 = SURFACE_CURVE('',#2847,(#2851,#2858),.PCURVE_S1.);
#2847 = LINE('',#2848,#2849);
#2848 = CARTESIAN_POINT('',(-1.55,-21.95,3.05));
#2849 = VECTOR('',#2850,1.);
#2850 = DIRECTION('',(0.,1.,0.));
#2851 = PCURVE('',#2741,#2852);
#2852 = DEFINITIONAL_REPRESENTATION('',(#2853),#2857);
#2853 = LINE('',#2854,#2855);
#2854 = CARTESIAN_POINT('',(0.6,0.));
#2855 = VECTOR('',#2856,1.);
#2856 = DIRECTION('',(0.,-1.));
#2857 = ( GEOMETRIC_REPRESENTATION_CONTEXT(2) 
PARAMETRIC_REPRESENTATION_CONTEXT() REPRESENTATION_CONTEXT('2D SPACE',''
  ) );
#2858 = PCURVE('',#2584,#2859);
#2859 = DEFINITIONAL_REPRESENTATION('',(#2860),#2864);
#2860 = LINE('',#2861,#2862);
#2861 = CARTESIAN_POINT('',(0.,0.));
#2862 = VECTOR('',#2863,1.);
#2863 = DIRECTION('',(0.,1.));
#2864 = ( GEOMETRIC_REPRESENTATION_CONTEXT(2) 
PARAMETRIC_REPRESENTATION_CONTEXT() REPRESENTATION_CONTEXT('2D SPACE',''
  ) );
#2865 = ADVANCED_FACE('',(#2866),#2713,.F.);
#2866 = FACE_BOUND('',#2867,.F.);
#2867 = EDGE_LOOP('',(#2868,#2869,#2870,#2893));
#2868 = ORIENTED_EDGE('',*,*,#2697,.T.);
#2869 = ORIENTED_EDGE('',*,*,#2823,.F.);
#2870 = ORIENTED_EDGE('',*,*,#2871,.T.);
#2871 = EDGE_CURVE('',#2799,#2872,#2874,.T.);
#2872 = VERTEX_POINT('',#2873);
#2873 = CARTESIAN_POINT('',(1.7,-21.95,2.45));
#2874 = SURFACE_CURVE('',#2875,(#2879,#2886),.PCURVE_S1.);
#2875 = LINE('',#2876,#2877);
#2876 = CARTESIAN_POINT('',(-1.55,-21.95,2.45));
#2877 = VECTOR('',#2878,1.);
#2878 = DIRECTION('',(1.,0.,0.));
#2879 = PCURVE('',#2713,#2880);
#2880 = DEFINITIONAL_REPRESENTATION('',(#2881),#2885);
#2881 = LINE('',#2882,#2883);
#2882 = CARTESIAN_POINT('',(-1.65,0.));
#2883 = VECTOR('',#2884,1.);
#2884 = DIRECTION('',(1.,0.));
#2885 = ( GEOMETRIC_REPRESENTATION_CONTEXT(2) 
PARAMETRIC_REPRESENTATION_CONTEXT() REPRESENTATION_CONTEXT('2D SPACE',''
  ) );
#2886 = PCURVE('',#2556,#2887);
#2887 = DEFINITIONAL_REPRESENTATION('',(#2888),#2892);
#2888 = LINE('',#2889,#2890);
#2889 = CARTESIAN_POINT('',(0.,-1.65));
#2890 = VECTOR('',#2891,1.);
#2891 = DIRECTION('',(0.,1.));
#2892 = ( GEOMETRIC_REPRESENTATION_CONTEXT(2) 
PARAMETRIC_REPRESENTATION_CONTEXT() REPRESENTATION_CONTEXT('2D SPACE',''
  ) );
#2893 = ORIENTED_EDGE('',*,*,#2894,.T.);
#2894 = EDGE_CURVE('',#2872,#2668,#2895,.T.);
#2895 = SURFACE_CURVE('',#2896,(#2900,#2907),.PCURVE_S1.);
#2896 = LINE('',#2897,#2898);
#2897 = CARTESIAN_POINT('',(1.7,-21.95,2.45));
#2898 = VECTOR('',#2899,1.);
#2899 = DIRECTION('',(0.,1.,0.));
#2900 = PCURVE('',#2713,#2901);
#2901 = DEFINITIONAL_REPRESENTATION('',(#2902),#2906);
#2902 = LINE('',#2903,#2904);
#2903 = CARTESIAN_POINT('',(1.6,0.));
#2904 = VECTOR('',#2905,1.);
#2905 = DIRECTION('',(0.,1.));
#2906 = ( GEOMETRIC_REPRESENTATION_CONTEXT(2) 
PARAMETRIC_REPRESENTATION_CONTEXT() REPRESENTATION_CONTEXT('2D SPACE',''
  ) );
#2907 = PCURVE('',#2685,#2908);
#2908 = DEFINITIONAL_REPRESENTATION('',(#2909),#2913);
#2909 = LINE('',#2910,#2911);
#2910 = CARTESIAN_POINT('',(0.,0.));
#2911 = VECTOR('',#2912,1.);
#2912 = DIRECTION('',(0.,-1.));
#2913 = ( GEOMETRIC_REPRESENTATION_CONTEXT(2) 
PARAMETRIC_REPRESENTATION_CONTEXT() REPRESENTATION_CONTEXT('2D SPACE',''
  ) );
#2914 = ADVANCED_FACE('',(#2915),#2685,.T.);
#2915 = FACE_BOUND('',#2916,.T.);
#2916 = EDGE_LOOP('',(#2917,#2940,#2941,#2942,#2964,#2991));
#2917 = ORIENTED_EDGE('',*,*,#2918,.F.);
#2918 = EDGE_CURVE('',#2872,#2919,#2921,.T.);
#2919 = VERTEX_POINT('',#2920);
#2920 = CARTESIAN_POINT('',(1.7,-21.95,4.4));
#2921 = SURFACE_CURVE('',#2922,(#2926,#2933),.PCURVE_S1.);
#2922 = LINE('',#2923,#2924);
#2923 = CARTESIAN_POINT('',(1.7,-21.95,2.45));
#2924 = VECTOR('',#2925,1.);
#2925 = DIRECTION('',(0.,0.,1.));
#2926 = PCURVE('',#2685,#2927);
#2927 = DEFINITIONAL_REPRESENTATION('',(#2928),#2932);
#2928 = LINE('',#2929,#2930);
#2929 = CARTESIAN_POINT('',(0.,0.));
#2930 = VECTOR('',#2931,1.);
#2931 = DIRECTION('',(1.,0.));
#2932 = ( GEOMETRIC_REPRESENTATION_CONTEXT(2) 
PARAMETRIC_REPRESENTATION_CONTEXT() REPRESENTATION_CONTEXT('2D SPACE',''
  ) );
#2933 = PCURVE('',#2556,#2934);
#2934 = DEFINITIONAL_REPRESENTATION('',(#2935),#2939);
#2935 = LINE('',#2936,#2937);
#2936 = CARTESIAN_POINT('',(0.,1.6));
#2937 = VECTOR('',#2938,1.);
#2938 = DIRECTION('',(1.,0.));
#2939 = ( GEOMETRIC_REPRESENTATION_CONTEXT(2) 
PARAMETRIC_REPRESENTATION_CONTEXT() REPRESENTATION_CONTEXT('2D SPACE',''
  ) );
#2940 = ORIENTED_EDGE('',*,*,#2894,.T.);
#2941 = ORIENTED_EDGE('',*,*,#2667,.T.);
#2942 = ORIENTED_EDGE('',*,*,#2943,.F.);
#2943 = EDGE_CURVE('',#2944,#2670,#2946,.T.);
#2944 = VERTEX_POINT('',#2945);
#2945 = CARTESIAN_POINT('',(1.7,-21.85,6.6));
#2946 = SURFACE_CURVE('',#2947,(#2951,#2958),.PCURVE_S1.);
#2947 = LINE('',#2948,#2949);
#2948 = CARTESIAN_POINT('',(1.7,-21.9,6.6));
#2949 = VECTOR('',#2950,1.);
#2950 = DIRECTION('',(0.,1.,0.));
#2951 = PCURVE('',#2685,#2952);
#2952 = DEFINITIONAL_REPRESENTATION('',(#2953),#2957);
#2953 = LINE('',#2954,#2955);
#2954 = CARTESIAN_POINT('',(4.15,-5.E-02));
#2955 = VECTOR('',#2956,1.);
#2956 = DIRECTION('',(0.,-1.));
#2957 = ( GEOMETRIC_REPRESENTATION_CONTEXT(2) 
PARAMETRIC_REPRESENTATION_CONTEXT() REPRESENTATION_CONTEXT('2D SPACE',''
  ) );
#2958 = PCURVE('',#2335,#2959);
#2959 = DEFINITIONAL_REPRESENTATION('',(#2960),#2963);
#2960 = B_SPLINE_CURVE_WITH_KNOTS('',1,(#2961,#2962),.UNSPECIFIED.,.F.,
  .F.,(2,2),(5.E-02,2.25),.PIECEWISE_BEZIER_KNOTS.);
#2961 = CARTESIAN_POINT('',(2.3,0.));
#2962 = CARTESIAN_POINT('',(2.3,2.2));
#2963 = ( GEOMETRIC_REPRESENTATION_CONTEXT(2) 
PARAMETRIC_REPRESENTATION_CONTEXT() REPRESENTATION_CONTEXT('2D SPACE',''
  ) );
#2964 = ORIENTED_EDGE('',*,*,#2965,.T.);
#2965 = EDGE_CURVE('',#2944,#2966,#2968,.T.);
#2966 = VERTEX_POINT('',#2967);
#2967 = CARTESIAN_POINT('',(1.7,-21.85,4.4));
#2968 = SURFACE_CURVE('',#2969,(#2973,#2980),.PCURVE_S1.);
#2969 = LINE('',#2970,#2971);
#2970 = CARTESIAN_POINT('',(1.7,-21.85,-0.225));
#2971 = VECTOR('',#2972,1.);
#2972 = DIRECTION('',(0.,0.,-1.));
#2973 = PCURVE('',#2685,#2974);
#2974 = DEFINITIONAL_REPRESENTATION('',(#2975),#2979);
#2975 = LINE('',#2976,#2977);
#2976 = CARTESIAN_POINT('',(-2.675,-1.E-01));
#2977 = VECTOR('',#2978,1.);
#2978 = DIRECTION('',(-1.,0.));
#2979 = ( GEOMETRIC_REPRESENTATION_CONTEXT(2) 
PARAMETRIC_REPRESENTATION_CONTEXT() REPRESENTATION_CONTEXT('2D SPACE',''
  ) );
#2980 = PCURVE('',#2981,#2986);
#2981 = PLANE('',#2982);
#2982 = AXIS2_PLACEMENT_3D('',#2983,#2984,#2985);
#2983 = CARTESIAN_POINT('',(-0.6,-21.85,-2.9));
#2984 = DIRECTION('',(0.,1.,0.));
#2985 = DIRECTION('',(0.,0.,1.));
#2986 = DEFINITIONAL_REPRESENTATION('',(#2987),#2990);
#2987 = B_SPLINE_CURVE_WITH_KNOTS('',1,(#2988,#2989),.UNSPECIFIED.,.F.,
  .F.,(2,2),(-6.825,-4.625),.PIECEWISE_BEZIER_KNOTS.);
#2988 = CARTESIAN_POINT('',(9.5,2.3));
#2989 = CARTESIAN_POINT('',(7.3,2.3));
#2990 = ( GEOMETRIC_REPRESENTATION_CONTEXT(2) 
PARAMETRIC_REPRESENTATION_CONTEXT() REPRESENTATION_CONTEXT('2D SPACE',''
  ) );
#2991 = ORIENTED_EDGE('',*,*,#2992,.F.);
#2992 = EDGE_CURVE('',#2919,#2966,#2993,.T.);
#2993 = SURFACE_CURVE('',#2994,(#2998,#3005),.PCURVE_S1.);
#2994 = LINE('',#2995,#2996);
#2995 = CARTESIAN_POINT('',(1.7,-16.19351125738,4.4));
#2996 = VECTOR('',#2997,1.);
#2997 = DIRECTION('',(0.,1.,0.));
#2998 = PCURVE('',#2685,#2999);
#2999 = DEFINITIONAL_REPRESENTATION('',(#3000),#3004);
#3000 = LINE('',#3001,#3002);
#3001 = CARTESIAN_POINT('',(1.95,-5.75648874262));
#3002 = VECTOR('',#3003,1.);
#3003 = DIRECTION('',(0.,-1.));
#3004 = ( GEOMETRIC_REPRESENTATION_CONTEXT(2) 
PARAMETRIC_REPRESENTATION_CONTEXT() REPRESENTATION_CONTEXT('2D SPACE',''
  ) );
#3005 = PCURVE('',#152,#3006);
#3006 = DEFINITIONAL_REPRESENTATION('',(#3007),#3010);
#3007 = B_SPLINE_CURVE_WITH_KNOTS('',1,(#3008,#3009),.UNSPECIFIED.,.F.,
  .F.,(2,2),(-5.75648874262,-3.45648874262),.PIECEWISE_BEZIER_KNOTS.);
#3008 = CARTESIAN_POINT('',(-34.53958579219,-11.51297748524));
#3009 = CARTESIAN_POINT('',(-34.53958579219,-9.21297748524));
#3010 = ( GEOMETRIC_REPRESENTATION_CONTEXT(2) 
PARAMETRIC_REPRESENTATION_CONTEXT() REPRESENTATION_CONTEXT('2D SPACE',''
  ) );
#3011 = ADVANCED_FACE('',(#3012),#2981,.T.);
#3012 = FACE_BOUND('',#3013,.T.);
#3013 = EDGE_LOOP('',(#3014,#3015,#3038,#3064,#3085,#3111,#3137,#3163));
#3014 = ORIENTED_EDGE('',*,*,#2965,.F.);
#3015 = ORIENTED_EDGE('',*,*,#3016,.T.);
#3016 = EDGE_CURVE('',#2944,#3017,#3019,.T.);
#3017 = VERTEX_POINT('',#3018);
#3018 = CARTESIAN_POINT('',(17.,-21.85,6.6));
#3019 = SURFACE_CURVE('',#3020,(#3024,#3031),.PCURVE_S1.);
#3020 = LINE('',#3021,#3022);
#3021 = CARTESIAN_POINT('',(-0.6,-21.85,6.6));
#3022 = VECTOR('',#3023,1.);
#3023 = DIRECTION('',(1.,0.,0.));
#3024 = PCURVE('',#2981,#3025);
#3025 = DEFINITIONAL_REPRESENTATION('',(#3026),#3030);
#3026 = LINE('',#3027,#3028);
#3027 = CARTESIAN_POINT('',(9.5,0.));
#3028 = VECTOR('',#3029,1.);
#3029 = DIRECTION('',(0.,1.));
#3030 = ( GEOMETRIC_REPRESENTATION_CONTEXT(2) 
PARAMETRIC_REPRESENTATION_CONTEXT() REPRESENTATION_CONTEXT('2D SPACE',''
  ) );
#3031 = PCURVE('',#2335,#3032);
#3032 = DEFINITIONAL_REPRESENTATION('',(#3033),#3037);
#3033 = LINE('',#3034,#3035);
#3034 = CARTESIAN_POINT('',(0.,0.));
#3035 = VECTOR('',#3036,1.);
#3036 = DIRECTION('',(1.,0.));
#3037 = ( GEOMETRIC_REPRESENTATION_CONTEXT(2) 
PARAMETRIC_REPRESENTATION_CONTEXT() REPRESENTATION_CONTEXT('2D SPACE',''
  ) );
#3038 = ORIENTED_EDGE('',*,*,#3039,.T.);
#3039 = EDGE_CURVE('',#3017,#3040,#3042,.T.);
#3040 = VERTEX_POINT('',#3041);
#3041 = CARTESIAN_POINT('',(17.,-21.85,4.4));
#3042 = SURFACE_CURVE('',#3043,(#3047,#3053),.PCURVE_S1.);
#3043 = LINE('',#3044,#3045);
#3044 = CARTESIAN_POINT('',(17.,-21.85,-0.55));
#3045 = VECTOR('',#3046,1.);
#3046 = DIRECTION('',(0.,0.,-1.));
#3047 = PCURVE('',#2981,#3048);
#3048 = DEFINITIONAL_REPRESENTATION('',(#3049),#3052);
#3049 = B_SPLINE_CURVE_WITH_KNOTS('',1,(#3050,#3051),.UNSPECIFIED.,.F.,
  .F.,(2,2),(-7.15,-4.95),.PIECEWISE_BEZIER_KNOTS.);
#3050 = CARTESIAN_POINT('',(9.5,17.6));
#3051 = CARTESIAN_POINT('',(7.3,17.6));
#3052 = ( GEOMETRIC_REPRESENTATION_CONTEXT(2) 
PARAMETRIC_REPRESENTATION_CONTEXT() REPRESENTATION_CONTEXT('2D SPACE',''
  ) );
#3053 = PCURVE('',#3054,#3059);
#3054 = PLANE('',#3055);
#3055 = AXIS2_PLACEMENT_3D('',#3056,#3057,#3058);
#3056 = CARTESIAN_POINT('',(17.,-22.2,1.8));
#3057 = DIRECTION('',(1.,0.,0.));
#3058 = DIRECTION('',(0.,0.,1.));
#3059 = DEFINITIONAL_REPRESENTATION('',(#3060),#3063);
#3060 = B_SPLINE_CURVE_WITH_KNOTS('',1,(#3061,#3062),.UNSPECIFIED.,.F.,
  .F.,(2,2),(-7.15,-4.95),.PIECEWISE_BEZIER_KNOTS.);
#3061 = CARTESIAN_POINT('',(4.8,-0.35));
#3062 = CARTESIAN_POINT('',(2.6,-0.35));
#3063 = ( GEOMETRIC_REPRESENTATION_CONTEXT(2) 
PARAMETRIC_REPRESENTATION_CONTEXT() REPRESENTATION_CONTEXT('2D SPACE',''
  ) );
#3064 = ORIENTED_EDGE('',*,*,#3065,.T.);
#3065 = EDGE_CURVE('',#3040,#3066,#3068,.T.);
#3066 = VERTEX_POINT('',#3067);
#3067 = CARTESIAN_POINT('',(10.45,-21.85,4.4));
#3068 = SURFACE_CURVE('',#3069,(#3073,#3079),.PCURVE_S1.);
#3069 = LINE('',#3070,#3071);
#3070 = CARTESIAN_POINT('',(17.819792896096,-21.85,4.4));
#3071 = VECTOR('',#3072,1.);
#3072 = DIRECTION('',(-1.,0.,0.));
#3073 = PCURVE('',#2981,#3074);
#3074 = DEFINITIONAL_REPRESENTATION('',(#3075),#3078);
#3075 = B_SPLINE_CURVE_WITH_KNOTS('',1,(#3076,#3077),.UNSPECIFIED.,.F.,
  .F.,(2,2),(-55.5802071039,18.419792896096),.PIECEWISE_BEZIER_KNOTS.);
#3076 = CARTESIAN_POINT('',(7.3,74.));
#3077 = CARTESIAN_POINT('',(7.3,0.));
#3078 = ( GEOMETRIC_REPRESENTATION_CONTEXT(2) 
PARAMETRIC_REPRESENTATION_CONTEXT() REPRESENTATION_CONTEXT('2D SPACE',''
  ) );
#3079 = PCURVE('',#152,#3080);
#3080 = DEFINITIONAL_REPRESENTATION('',(#3081),#3084);
#3081 = B_SPLINE_CURVE_WITH_KNOTS('',1,(#3082,#3083),.UNSPECIFIED.,.F.,
  .F.,(2,2),(-55.5802071039,18.419792896096),.PIECEWISE_BEZIER_KNOTS.);
#3082 = CARTESIAN_POINT('',(37.160414207808,-11.41297748524));
#3083 = CARTESIAN_POINT('',(-36.83958579219,-11.41297748524));
#3084 = ( GEOMETRIC_REPRESENTATION_CONTEXT(2) 
PARAMETRIC_REPRESENTATION_CONTEXT() REPRESENTATION_CONTEXT('2D SPACE',''
  ) );
#3085 = ORIENTED_EDGE('',*,*,#3086,.T.);
#3086 = EDGE_CURVE('',#3066,#3087,#3089,.T.);
#3087 = VERTEX_POINT('',#3088);
#3088 = CARTESIAN_POINT('',(10.45,-21.85,6.2));
#3089 = SURFACE_CURVE('',#3090,(#3094,#3100),.PCURVE_S1.);
#3090 = LINE('',#3091,#3092);
#3091 = CARTESIAN_POINT('',(10.45,-21.85,0.7));
#3092 = VECTOR('',#3093,1.);
#3093 = DIRECTION('',(0.,-0.,1.));
#3094 = PCURVE('',#2981,#3095);
#3095 = DEFINITIONAL_REPRESENTATION('',(#3096),#3099);
#3096 = B_SPLINE_CURVE_WITH_KNOTS('',1,(#3097,#3098),.UNSPECIFIED.,.F.,
  .F.,(2,2),(3.7,5.5),.PIECEWISE_BEZIER_KNOTS.);
#3097 = CARTESIAN_POINT('',(7.3,11.05));
#3098 = CARTESIAN_POINT('',(9.1,11.05));
#3099 = ( GEOMETRIC_REPRESENTATION_CONTEXT(2) 
PARAMETRIC_REPRESENTATION_CONTEXT() REPRESENTATION_CONTEXT('2D SPACE',''
  ) );
#3100 = PCURVE('',#3101,#3106);
#3101 = PLANE('',#3102);
#3102 = AXIS2_PLACEMENT_3D('',#3103,#3104,#3105);
#3103 = CARTESIAN_POINT('',(10.45,-21.2,4.3));
#3104 = DIRECTION('',(1.,-0.,-0.));
#3105 = DIRECTION('',(0.,0.,-1.));
#3106 = DEFINITIONAL_REPRESENTATION('',(#3107),#3110);
#3107 = B_SPLINE_CURVE_WITH_KNOTS('',1,(#3108,#3109),.UNSPECIFIED.,.F.,
  .F.,(2,2),(3.7,5.5),.PIECEWISE_BEZIER_KNOTS.);
#3108 = CARTESIAN_POINT('',(-0.1,-0.65));
#3109 = CARTESIAN_POINT('',(-1.9,-0.65));
#3110 = ( GEOMETRIC_REPRESENTATION_CONTEXT(2) 
PARAMETRIC_REPRESENTATION_CONTEXT() REPRESENTATION_CONTEXT('2D SPACE',''
  ) );
#3111 = ORIENTED_EDGE('',*,*,#3112,.T.);
#3112 = EDGE_CURVE('',#3087,#3113,#3115,.T.);
#3113 = VERTEX_POINT('',#3114);
#3114 = CARTESIAN_POINT('',(6.05,-21.85,6.2));
#3115 = SURFACE_CURVE('',#3116,(#3120,#3126),.PCURVE_S1.);
#3116 = LINE('',#3117,#3118);
#3117 = CARTESIAN_POINT('',(2.725,-21.85,6.2));
#3118 = VECTOR('',#3119,1.);
#3119 = DIRECTION('',(-1.,0.,0.));
#3120 = PCURVE('',#2981,#3121);
#3121 = DEFINITIONAL_REPRESENTATION('',(#3122),#3125);
#3122 = B_SPLINE_CURVE_WITH_KNOTS('',1,(#3123,#3124),.UNSPECIFIED.,.F.,
  .F.,(2,2),(-7.725,-3.325),.PIECEWISE_BEZIER_KNOTS.);
#3123 = CARTESIAN_POINT('',(9.1,11.05));
#3124 = CARTESIAN_POINT('',(9.1,6.65));
#3125 = ( GEOMETRIC_REPRESENTATION_CONTEXT(2) 
PARAMETRIC_REPRESENTATION_CONTEXT() REPRESENTATION_CONTEXT('2D SPACE',''
  ) );
#3126 = PCURVE('',#3127,#3132);
#3127 = PLANE('',#3128);
#3128 = AXIS2_PLACEMENT_3D('',#3129,#3130,#3131);
#3129 = CARTESIAN_POINT('',(6.05,-21.2,6.2));
#3130 = DIRECTION('',(0.,0.,1.));
#3131 = DIRECTION('',(-1.,0.,0.));
#3132 = DEFINITIONAL_REPRESENTATION('',(#3133),#3136);
#3133 = B_SPLINE_CURVE_WITH_KNOTS('',1,(#3134,#3135),.UNSPECIFIED.,.F.,
  .F.,(2,2),(-7.725,-3.325),.PIECEWISE_BEZIER_KNOTS.);
#3134 = CARTESIAN_POINT('',(-4.4,0.65));
#3135 = CARTESIAN_POINT('',(0.,0.65));
#3136 = ( GEOMETRIC_REPRESENTATION_CONTEXT(2) 
PARAMETRIC_REPRESENTATION_CONTEXT() REPRESENTATION_CONTEXT('2D SPACE',''
  ) );
#3137 = ORIENTED_EDGE('',*,*,#3138,.F.);
#3138 = EDGE_CURVE('',#3139,#3113,#3141,.T.);
#3139 = VERTEX_POINT('',#3140);
#3140 = CARTESIAN_POINT('',(6.05,-21.85,4.4));
#3141 = SURFACE_CURVE('',#3142,(#3146,#3152),.PCURVE_S1.);
#3142 = LINE('',#3143,#3144);
#3143 = CARTESIAN_POINT('',(6.05,-21.85,0.7));
#3144 = VECTOR('',#3145,1.);
#3145 = DIRECTION('',(0.,-0.,1.));
#3146 = PCURVE('',#2981,#3147);
#3147 = DEFINITIONAL_REPRESENTATION('',(#3148),#3151);
#3148 = B_SPLINE_CURVE_WITH_KNOTS('',1,(#3149,#3150),.UNSPECIFIED.,.F.,
  .F.,(2,2),(3.7,5.5),.PIECEWISE_BEZIER_KNOTS.);
#3149 = CARTESIAN_POINT('',(7.3,6.65));
#3150 = CARTESIAN_POINT('',(9.1,6.65));
#3151 = ( GEOMETRIC_REPRESENTATION_CONTEXT(2) 
PARAMETRIC_REPRESENTATION_CONTEXT() REPRESENTATION_CONTEXT('2D SPACE',''
  ) );
#3152 = PCURVE('',#3153,#3158);
#3153 = PLANE('',#3154);
#3154 = AXIS2_PLACEMENT_3D('',#3155,#3156,#3157);
#3155 = CARTESIAN_POINT('',(6.05,-21.2,4.3));
#3156 = DIRECTION('',(1.,-0.,-0.));
#3157 = DIRECTION('',(0.,0.,-1.));
#3158 = DEFINITIONAL_REPRESENTATION('',(#3159),#3162);
#3159 = B_SPLINE_CURVE_WITH_KNOTS('',1,(#3160,#3161),.UNSPECIFIED.,.F.,
  .F.,(2,2),(3.7,5.5),.PIECEWISE_BEZIER_KNOTS.);
#3160 = CARTESIAN_POINT('',(-0.1,-0.65));
#3161 = CARTESIAN_POINT('',(-1.9,-0.65));
#3162 = ( GEOMETRIC_REPRESENTATION_CONTEXT(2) 
PARAMETRIC_REPRESENTATION_CONTEXT() REPRESENTATION_CONTEXT('2D SPACE',''
  ) );
#3163 = ORIENTED_EDGE('',*,*,#3164,.T.);
#3164 = EDGE_CURVE('',#3139,#2966,#3165,.T.);
#3165 = SURFACE_CURVE('',#3166,(#3170,#3176),.PCURVE_S1.);
#3166 = LINE('',#3167,#3168);
#3167 = CARTESIAN_POINT('',(17.819792896096,-21.85,4.4));
#3168 = VECTOR('',#3169,1.);
#3169 = DIRECTION('',(-1.,0.,0.));
#3170 = PCURVE('',#2981,#3171);
#3171 = DEFINITIONAL_REPRESENTATION('',(#3172),#3175);
#3172 = B_SPLINE_CURVE_WITH_KNOTS('',1,(#3173,#3174),.UNSPECIFIED.,.F.,
  .F.,(2,2),(-55.5802071039,18.419792896096),.PIECEWISE_BEZIER_KNOTS.);
#3173 = CARTESIAN_POINT('',(7.3,74.));
#3174 = CARTESIAN_POINT('',(7.3,0.));
#3175 = ( GEOMETRIC_REPRESENTATION_CONTEXT(2) 
PARAMETRIC_REPRESENTATION_CONTEXT() REPRESENTATION_CONTEXT('2D SPACE',''
  ) );
#3176 = PCURVE('',#152,#3177);
#3177 = DEFINITIONAL_REPRESENTATION('',(#3178),#3181);
#3178 = B_SPLINE_CURVE_WITH_KNOTS('',1,(#3179,#3180),.UNSPECIFIED.,.F.,
  .F.,(2,2),(-55.5802071039,18.419792896096),.PIECEWISE_BEZIER_KNOTS.);
#3179 = CARTESIAN_POINT('',(37.160414207808,-11.41297748524));
#3180 = CARTESIAN_POINT('',(-36.83958579219,-11.41297748524));
#3181 = ( GEOMETRIC_REPRESENTATION_CONTEXT(2) 
PARAMETRIC_REPRESENTATION_CONTEXT() REPRESENTATION_CONTEXT('2D SPACE',''
  ) );
#3182 = ADVANCED_FACE('',(#3183),#3054,.F.);
#3183 = FACE_BOUND('',#3184,.F.);
#3184 = EDGE_LOOP('',(#3185,#3215,#3241,#3267,#3295,#3323,#3342,#3343));
#3185 = ORIENTED_EDGE('',*,*,#3186,.F.);
#3186 = EDGE_CURVE('',#3187,#3189,#3191,.T.);
#3187 = VERTEX_POINT('',#3188);
#3188 = CARTESIAN_POINT('',(17.,-22.2,2.55));
#3189 = VERTEX_POINT('',#3190);
#3190 = CARTESIAN_POINT('',(17.,-22.2,4.4));
#3191 = SURFACE_CURVE('',#3192,(#3196,#3203),.PCURVE_S1.);
#3192 = LINE('',#3193,#3194);
#3193 = CARTESIAN_POINT('',(17.,-22.2,1.8));
#3194 = VECTOR('',#3195,1.);
#3195 = DIRECTION('',(0.,0.,1.));
#3196 = PCURVE('',#3054,#3197);
#3197 = DEFINITIONAL_REPRESENTATION('',(#3198),#3202);
#3198 = LINE('',#3199,#3200);
#3199 = CARTESIAN_POINT('',(0.,0.));
#3200 = VECTOR('',#3201,1.);
#3201 = DIRECTION('',(1.,0.));
#3202 = ( GEOMETRIC_REPRESENTATION_CONTEXT(2) 
PARAMETRIC_REPRESENTATION_CONTEXT() REPRESENTATION_CONTEXT('2D SPACE',''
  ) );
#3203 = PCURVE('',#3204,#3209);
#3204 = PLANE('',#3205);
#3205 = AXIS2_PLACEMENT_3D('',#3206,#3207,#3208);
#3206 = CARTESIAN_POINT('',(17.,-22.2,1.8));
#3207 = DIRECTION('',(0.,1.,0.));
#3208 = DIRECTION('',(0.,0.,1.));
#3209 = DEFINITIONAL_REPRESENTATION('',(#3210),#3214);
#3210 = LINE('',#3211,#3212);
#3211 = CARTESIAN_POINT('',(0.,0.));
#3212 = VECTOR('',#3213,1.);
#3213 = DIRECTION('',(1.,0.));
#3214 = ( GEOMETRIC_REPRESENTATION_CONTEXT(2) 
PARAMETRIC_REPRESENTATION_CONTEXT() REPRESENTATION_CONTEXT('2D SPACE',''
  ) );
#3215 = ORIENTED_EDGE('',*,*,#3216,.F.);
#3216 = EDGE_CURVE('',#3217,#3187,#3219,.T.);
#3217 = VERTEX_POINT('',#3218);
#3218 = CARTESIAN_POINT('',(17.,-21.357,2.55));
#3219 = SURFACE_CURVE('',#3220,(#3224,#3230),.PCURVE_S1.);
#3220 = LINE('',#3221,#3222);
#3221 = CARTESIAN_POINT('',(17.,-22.25,2.55));
#3222 = VECTOR('',#3223,1.);
#3223 = DIRECTION('',(0.,-1.,0.));
#3224 = PCURVE('',#3054,#3225);
#3225 = DEFINITIONAL_REPRESENTATION('',(#3226),#3229);
#3226 = B_SPLINE_CURVE_WITH_KNOTS('',1,(#3227,#3228),.UNSPECIFIED.,.F.,
  .F.,(2,2),(-0.893,-5.E-02),.PIECEWISE_BEZIER_KNOTS.);
#3227 = CARTESIAN_POINT('',(0.75,-0.843));
#3228 = CARTESIAN_POINT('',(0.75,0.));
#3229 = ( GEOMETRIC_REPRESENTATION_CONTEXT(2) 
PARAMETRIC_REPRESENTATION_CONTEXT() REPRESENTATION_CONTEXT('2D SPACE',''
  ) );
#3230 = PCURVE('',#3231,#3236);
#3231 = PLANE('',#3232);
#3232 = AXIS2_PLACEMENT_3D('',#3233,#3234,#3235);
#3233 = CARTESIAN_POINT('',(16.8,-22.3,2.55));
#3234 = DIRECTION('',(0.,0.,1.));
#3235 = DIRECTION('',(1.,0.,0.));
#3236 = DEFINITIONAL_REPRESENTATION('',(#3237),#3240);
#3237 = B_SPLINE_CURVE_WITH_KNOTS('',1,(#3238,#3239),.UNSPECIFIED.,.F.,
  .F.,(2,2),(-0.893,-5.E-02),.PIECEWISE_BEZIER_KNOTS.);
#3238 = CARTESIAN_POINT('',(0.2,0.943));
#3239 = CARTESIAN_POINT('',(0.2,0.1));
#3240 = ( GEOMETRIC_REPRESENTATION_CONTEXT(2) 
PARAMETRIC_REPRESENTATION_CONTEXT() REPRESENTATION_CONTEXT('2D SPACE',''
  ) );
#3241 = ORIENTED_EDGE('',*,*,#3242,.F.);
#3242 = EDGE_CURVE('',#3243,#3217,#3245,.T.);
#3243 = VERTEX_POINT('',#3244);
#3244 = CARTESIAN_POINT('',(17.,-21.357,1.8));
#3245 = SURFACE_CURVE('',#3246,(#3250,#3256),.PCURVE_S1.);
#3246 = LINE('',#3247,#3248);
#3247 = CARTESIAN_POINT('',(17.,-21.357,1.775));
#3248 = VECTOR('',#3249,1.);
#3249 = DIRECTION('',(0.,0.,1.));
#3250 = PCURVE('',#3054,#3251);
#3251 = DEFINITIONAL_REPRESENTATION('',(#3252),#3255);
#3252 = B_SPLINE_CURVE_WITH_KNOTS('',1,(#3253,#3254),.UNSPECIFIED.,.F.,
  .F.,(2,2),(2.5E-02,0.775),.PIECEWISE_BEZIER_KNOTS.);
#3253 = CARTESIAN_POINT('',(0.,-0.843));
#3254 = CARTESIAN_POINT('',(0.75,-0.843));
#3255 = ( GEOMETRIC_REPRESENTATION_CONTEXT(2) 
PARAMETRIC_REPRESENTATION_CONTEXT() REPRESENTATION_CONTEXT('2D SPACE',''
  ) );
#3256 = PCURVE('',#3257,#3262);
#3257 = PLANE('',#3258);
#3258 = AXIS2_PLACEMENT_3D('',#3259,#3260,#3261);
#3259 = CARTESIAN_POINT('',(16.8,-21.357,1.75));
#3260 = DIRECTION('',(0.,1.,0.));
#3261 = DIRECTION('',(0.,0.,1.));
#3262 = DEFINITIONAL_REPRESENTATION('',(#3263),#3266);
#3263 = B_SPLINE_CURVE_WITH_KNOTS('',1,(#3264,#3265),.UNSPECIFIED.,.F.,
  .F.,(2,2),(2.5E-02,0.775),.PIECEWISE_BEZIER_KNOTS.);
#3264 = CARTESIAN_POINT('',(5.E-02,0.2));
#3265 = CARTESIAN_POINT('',(0.8,0.2));
#3266 = ( GEOMETRIC_REPRESENTATION_CONTEXT(2) 
PARAMETRIC_REPRESENTATION_CONTEXT() REPRESENTATION_CONTEXT('2D SPACE',''
  ) );
#3267 = ORIENTED_EDGE('',*,*,#3268,.T.);
#3268 = EDGE_CURVE('',#3243,#3269,#3271,.T.);
#3269 = VERTEX_POINT('',#3270);
#3270 = CARTESIAN_POINT('',(17.,-20.7,1.8));
#3271 = SURFACE_CURVE('',#3272,(#3276,#3283),.PCURVE_S1.);
#3272 = LINE('',#3273,#3274);
#3273 = CARTESIAN_POINT('',(17.,-22.2,1.8));
#3274 = VECTOR('',#3275,1.);
#3275 = DIRECTION('',(0.,1.,0.));
#3276 = PCURVE('',#3054,#3277);
#3277 = DEFINITIONAL_REPRESENTATION('',(#3278),#3282);
#3278 = LINE('',#3279,#3280);
#3279 = CARTESIAN_POINT('',(0.,0.));
#3280 = VECTOR('',#3281,1.);
#3281 = DIRECTION('',(0.,-1.));
#3282 = ( GEOMETRIC_REPRESENTATION_CONTEXT(2) 
PARAMETRIC_REPRESENTATION_CONTEXT() REPRESENTATION_CONTEXT('2D SPACE',''
  ) );
#3283 = PCURVE('',#3284,#3289);
#3284 = PLANE('',#3285);
#3285 = AXIS2_PLACEMENT_3D('',#3286,#3287,#3288);
#3286 = CARTESIAN_POINT('',(17.,-22.2,1.8));
#3287 = DIRECTION('',(0.,0.,1.));
#3288 = DIRECTION('',(1.,0.,0.));
#3289 = DEFINITIONAL_REPRESENTATION('',(#3290),#3294);
#3290 = LINE('',#3291,#3292);
#3291 = CARTESIAN_POINT('',(0.,0.));
#3292 = VECTOR('',#3293,1.);
#3293 = DIRECTION('',(0.,1.));
#3294 = ( GEOMETRIC_REPRESENTATION_CONTEXT(2) 
PARAMETRIC_REPRESENTATION_CONTEXT() REPRESENTATION_CONTEXT('2D SPACE',''
  ) );
#3295 = ORIENTED_EDGE('',*,*,#3296,.T.);
#3296 = EDGE_CURVE('',#3269,#3297,#3299,.T.);
#3297 = VERTEX_POINT('',#3298);
#3298 = CARTESIAN_POINT('',(17.,-20.7,6.6));
#3299 = SURFACE_CURVE('',#3300,(#3304,#3311),.PCURVE_S1.);
#3300 = LINE('',#3301,#3302);
#3301 = CARTESIAN_POINT('',(17.,-20.7,1.8));
#3302 = VECTOR('',#3303,1.);
#3303 = DIRECTION('',(0.,0.,1.));
#3304 = PCURVE('',#3054,#3305);
#3305 = DEFINITIONAL_REPRESENTATION('',(#3306),#3310);
#3306 = LINE('',#3307,#3308);
#3307 = CARTESIAN_POINT('',(0.,-1.5));
#3308 = VECTOR('',#3309,1.);
#3309 = DIRECTION('',(1.,0.));
#3310 = ( GEOMETRIC_REPRESENTATION_CONTEXT(2) 
PARAMETRIC_REPRESENTATION_CONTEXT() REPRESENTATION_CONTEXT('2D SPACE',''
  ) );
#3311 = PCURVE('',#3312,#3317);
#3312 = PLANE('',#3313);
#3313 = AXIS2_PLACEMENT_3D('',#3314,#3315,#3316);
#3314 = CARTESIAN_POINT('',(17.,-20.7,1.8));
#3315 = DIRECTION('',(0.,1.,0.));
#3316 = DIRECTION('',(0.,0.,1.));
#3317 = DEFINITIONAL_REPRESENTATION('',(#3318),#3322);
#3318 = LINE('',#3319,#3320);
#3319 = CARTESIAN_POINT('',(0.,0.));
#3320 = VECTOR('',#3321,1.);
#3321 = DIRECTION('',(1.,0.));
#3322 = ( GEOMETRIC_REPRESENTATION_CONTEXT(2) 
PARAMETRIC_REPRESENTATION_CONTEXT() REPRESENTATION_CONTEXT('2D SPACE',''
  ) );
#3323 = ORIENTED_EDGE('',*,*,#3324,.F.);
#3324 = EDGE_CURVE('',#3017,#3297,#3325,.T.);
#3325 = SURFACE_CURVE('',#3326,(#3330,#3336),.PCURVE_S1.);
#3326 = LINE('',#3327,#3328);
#3327 = CARTESIAN_POINT('',(17.,-22.025,6.6));
#3328 = VECTOR('',#3329,1.);
#3329 = DIRECTION('',(0.,1.,0.));
#3330 = PCURVE('',#3054,#3331);
#3331 = DEFINITIONAL_REPRESENTATION('',(#3332),#3335);
#3332 = B_SPLINE_CURVE_WITH_KNOTS('',1,(#3333,#3334),.UNSPECIFIED.,.F.,
  .F.,(2,2),(0.175,1.325),.PIECEWISE_BEZIER_KNOTS.);
#3333 = CARTESIAN_POINT('',(4.8,-0.35));
#3334 = CARTESIAN_POINT('',(4.8,-1.5));
#3335 = ( GEOMETRIC_REPRESENTATION_CONTEXT(2) 
PARAMETRIC_REPRESENTATION_CONTEXT() REPRESENTATION_CONTEXT('2D SPACE',''
  ) );
#3336 = PCURVE('',#2335,#3337);
#3337 = DEFINITIONAL_REPRESENTATION('',(#3338),#3341);
#3338 = B_SPLINE_CURVE_WITH_KNOTS('',1,(#3339,#3340),.UNSPECIFIED.,.F.,
  .F.,(2,2),(0.175,1.325),.PIECEWISE_BEZIER_KNOTS.);
#3339 = CARTESIAN_POINT('',(17.6,0.));
#3340 = CARTESIAN_POINT('',(17.6,1.15));
#3341 = ( GEOMETRIC_REPRESENTATION_CONTEXT(2) 
PARAMETRIC_REPRESENTATION_CONTEXT() REPRESENTATION_CONTEXT('2D SPACE',''
  ) );
#3342 = ORIENTED_EDGE('',*,*,#3039,.T.);
#3343 = ORIENTED_EDGE('',*,*,#3344,.F.);
#3344 = EDGE_CURVE('',#3189,#3040,#3345,.T.);
#3345 = SURFACE_CURVE('',#3346,(#3350,#3356),.PCURVE_S1.);
#3346 = LINE('',#3347,#3348);
#3347 = CARTESIAN_POINT('',(17.,-16.31851125738,4.4));
#3348 = VECTOR('',#3349,1.);
#3349 = DIRECTION('',(0.,1.,0.));
#3350 = PCURVE('',#3054,#3351);
#3351 = DEFINITIONAL_REPRESENTATION('',(#3352),#3355);
#3352 = B_SPLINE_CURVE_WITH_KNOTS('',1,(#3353,#3354),.UNSPECIFIED.,.F.,
  .F.,(2,2),(-5.88148874262,-4.38148874262),.PIECEWISE_BEZIER_KNOTS.);
#3353 = CARTESIAN_POINT('',(2.6,0.));
#3354 = CARTESIAN_POINT('',(2.6,-1.5));
#3355 = ( GEOMETRIC_REPRESENTATION_CONTEXT(2) 
PARAMETRIC_REPRESENTATION_CONTEXT() REPRESENTATION_CONTEXT('2D SPACE',''
  ) );
#3356 = PCURVE('',#152,#3357);
#3357 = DEFINITIONAL_REPRESENTATION('',(#3358),#3361);
#3358 = B_SPLINE_CURVE_WITH_KNOTS('',1,(#3359,#3360),.UNSPECIFIED.,.F.,
  .F.,(2,2),(-5.88148874262,-4.38148874262),.PIECEWISE_BEZIER_KNOTS.);
#3359 = CARTESIAN_POINT('',(-19.23958579219,-11.76297748524));
#3360 = CARTESIAN_POINT('',(-19.23958579219,-10.26297748524));
#3361 = ( GEOMETRIC_REPRESENTATION_CONTEXT(2) 
PARAMETRIC_REPRESENTATION_CONTEXT() REPRESENTATION_CONTEXT('2D SPACE',''
  ) );
#3362 = ADVANCED_FACE('',(#3363),#3231,.F.);
#3363 = FACE_BOUND('',#3364,.F.);
#3364 = EDGE_LOOP('',(#3365,#3388,#3389,#3410));
#3365 = ORIENTED_EDGE('',*,*,#3366,.F.);
#3366 = EDGE_CURVE('',#3217,#3367,#3369,.T.);
#3367 = VERTEX_POINT('',#3368);
#3368 = CARTESIAN_POINT('',(19.,-21.357,2.55));
#3369 = SURFACE_CURVE('',#3370,(#3374,#3381),.PCURVE_S1.);
#3370 = LINE('',#3371,#3372);
#3371 = CARTESIAN_POINT('',(16.8,-21.357,2.55));
#3372 = VECTOR('',#3373,1.);
#3373 = DIRECTION('',(1.,0.,0.));
#3374 = PCURVE('',#3231,#3375);
#3375 = DEFINITIONAL_REPRESENTATION('',(#3376),#3380);
#3376 = LINE('',#3377,#3378);
#3377 = CARTESIAN_POINT('',(0.,0.943));
#3378 = VECTOR('',#3379,1.);
#3379 = DIRECTION('',(1.,0.));
#3380 = ( GEOMETRIC_REPRESENTATION_CONTEXT(2) 
PARAMETRIC_REPRESENTATION_CONTEXT() REPRESENTATION_CONTEXT('2D SPACE',''
  ) );
#3381 = PCURVE('',#3257,#3382);
#3382 = DEFINITIONAL_REPRESENTATION('',(#3383),#3387);
#3383 = LINE('',#3384,#3385);
#3384 = CARTESIAN_POINT('',(0.8,0.));
#3385 = VECTOR('',#3386,1.);
#3386 = DIRECTION('',(0.,1.));
#3387 = ( GEOMETRIC_REPRESENTATION_CONTEXT(2) 
PARAMETRIC_REPRESENTATION_CONTEXT() REPRESENTATION_CONTEXT('2D SPACE',''
  ) );
#3388 = ORIENTED_EDGE('',*,*,#3216,.T.);
#3389 = ORIENTED_EDGE('',*,*,#3390,.T.);
#3390 = EDGE_CURVE('',#3187,#3391,#3393,.T.);
#3391 = VERTEX_POINT('',#3392);
#3392 = CARTESIAN_POINT('',(19.,-22.2,2.55));
#3393 = SURFACE_CURVE('',#3394,(#3398,#3404),.PCURVE_S1.);
#3394 = LINE('',#3395,#3396);
#3395 = CARTESIAN_POINT('',(16.9,-22.2,2.55));
#3396 = VECTOR('',#3397,1.);
#3397 = DIRECTION('',(1.,0.,0.));
#3398 = PCURVE('',#3231,#3399);
#3399 = DEFINITIONAL_REPRESENTATION('',(#3400),#3403);
#3400 = B_SPLINE_CURVE_WITH_KNOTS('',1,(#3401,#3402),.UNSPECIFIED.,.F.,
  .F.,(2,2),(0.1,2.1),.PIECEWISE_BEZIER_KNOTS.);
#3401 = CARTESIAN_POINT('',(0.2,0.1));
#3402 = CARTESIAN_POINT('',(2.2,0.1));
#3403 = ( GEOMETRIC_REPRESENTATION_CONTEXT(2) 
PARAMETRIC_REPRESENTATION_CONTEXT() REPRESENTATION_CONTEXT('2D SPACE',''
  ) );
#3404 = PCURVE('',#3204,#3405);
#3405 = DEFINITIONAL_REPRESENTATION('',(#3406),#3409);
#3406 = B_SPLINE_CURVE_WITH_KNOTS('',1,(#3407,#3408),.UNSPECIFIED.,.F.,
  .F.,(2,2),(0.1,2.1),.PIECEWISE_BEZIER_KNOTS.);
#3407 = CARTESIAN_POINT('',(0.75,0.));
#3408 = CARTESIAN_POINT('',(0.75,2.));
#3409 = ( GEOMETRIC_REPRESENTATION_CONTEXT(2) 
PARAMETRIC_REPRESENTATION_CONTEXT() REPRESENTATION_CONTEXT('2D SPACE',''
  ) );
#3410 = ORIENTED_EDGE('',*,*,#3411,.F.);
#3411 = EDGE_CURVE('',#3367,#3391,#3412,.T.);
#3412 = SURFACE_CURVE('',#3413,(#3417,#3423),.PCURVE_S1.);
#3413 = LINE('',#3414,#3415);
#3414 = CARTESIAN_POINT('',(19.,-22.25,2.55));
#3415 = VECTOR('',#3416,1.);
#3416 = DIRECTION('',(0.,-1.,0.));
#3417 = PCURVE('',#3231,#3418);
#3418 = DEFINITIONAL_REPRESENTATION('',(#3419),#3422);
#3419 = B_SPLINE_CURVE_WITH_KNOTS('',1,(#3420,#3421),.UNSPECIFIED.,.F.,
  .F.,(2,2),(-0.893,-5.E-02),.PIECEWISE_BEZIER_KNOTS.);
#3420 = CARTESIAN_POINT('',(2.2,0.943));
#3421 = CARTESIAN_POINT('',(2.2,0.1));
#3422 = ( GEOMETRIC_REPRESENTATION_CONTEXT(2) 
PARAMETRIC_REPRESENTATION_CONTEXT() REPRESENTATION_CONTEXT('2D SPACE',''
  ) );
#3423 = PCURVE('',#3424,#3429);
#3424 = PLANE('',#3425);
#3425 = AXIS2_PLACEMENT_3D('',#3426,#3427,#3428);
#3426 = CARTESIAN_POINT('',(19.,-22.2,1.8));
#3427 = DIRECTION('',(1.,0.,0.));
#3428 = DIRECTION('',(0.,0.,1.));
#3429 = DEFINITIONAL_REPRESENTATION('',(#3430),#3433);
#3430 = B_SPLINE_CURVE_WITH_KNOTS('',1,(#3431,#3432),.UNSPECIFIED.,.F.,
  .F.,(2,2),(-0.893,-5.E-02),.PIECEWISE_BEZIER_KNOTS.);
#3431 = CARTESIAN_POINT('',(0.75,-0.843));
#3432 = CARTESIAN_POINT('',(0.75,0.));
#3433 = ( GEOMETRIC_REPRESENTATION_CONTEXT(2) 
PARAMETRIC_REPRESENTATION_CONTEXT() REPRESENTATION_CONTEXT('2D SPACE',''
  ) );
#3434 = ADVANCED_FACE('',(#3435),#3424,.T.);
#3435 = FACE_BOUND('',#3436,.T.);
#3436 = EDGE_LOOP('',(#3437,#3460,#3461,#3482,#3505,#3528,#3549,#3575));
#3437 = ORIENTED_EDGE('',*,*,#3438,.F.);
#3438 = EDGE_CURVE('',#3391,#3439,#3441,.T.);
#3439 = VERTEX_POINT('',#3440);
#3440 = CARTESIAN_POINT('',(19.,-22.2,4.4));
#3441 = SURFACE_CURVE('',#3442,(#3446,#3453),.PCURVE_S1.);
#3442 = LINE('',#3443,#3444);
#3443 = CARTESIAN_POINT('',(19.,-22.2,1.8));
#3444 = VECTOR('',#3445,1.);
#3445 = DIRECTION('',(0.,0.,1.));
#3446 = PCURVE('',#3424,#3447);
#3447 = DEFINITIONAL_REPRESENTATION('',(#3448),#3452);
#3448 = LINE('',#3449,#3450);
#3449 = CARTESIAN_POINT('',(0.,0.));
#3450 = VECTOR('',#3451,1.);
#3451 = DIRECTION('',(1.,0.));
#3452 = ( GEOMETRIC_REPRESENTATION_CONTEXT(2) 
PARAMETRIC_REPRESENTATION_CONTEXT() REPRESENTATION_CONTEXT('2D SPACE',''
  ) );
#3453 = PCURVE('',#3204,#3454);
#3454 = DEFINITIONAL_REPRESENTATION('',(#3455),#3459);
#3455 = LINE('',#3456,#3457);
#3456 = CARTESIAN_POINT('',(0.,2.));
#3457 = VECTOR('',#3458,1.);
#3458 = DIRECTION('',(1.,0.));
#3459 = ( GEOMETRIC_REPRESENTATION_CONTEXT(2) 
PARAMETRIC_REPRESENTATION_CONTEXT() REPRESENTATION_CONTEXT('2D SPACE',''
  ) );
#3460 = ORIENTED_EDGE('',*,*,#3411,.F.);
#3461 = ORIENTED_EDGE('',*,*,#3462,.F.);
#3462 = EDGE_CURVE('',#3463,#3367,#3465,.T.);
#3463 = VERTEX_POINT('',#3464);
#3464 = CARTESIAN_POINT('',(19.,-21.357,1.8));
#3465 = SURFACE_CURVE('',#3466,(#3470,#3476),.PCURVE_S1.);
#3466 = LINE('',#3467,#3468);
#3467 = CARTESIAN_POINT('',(19.,-21.357,1.775));
#3468 = VECTOR('',#3469,1.);
#3469 = DIRECTION('',(0.,0.,1.));
#3470 = PCURVE('',#3424,#3471);
#3471 = DEFINITIONAL_REPRESENTATION('',(#3472),#3475);
#3472 = B_SPLINE_CURVE_WITH_KNOTS('',1,(#3473,#3474),.UNSPECIFIED.,.F.,
  .F.,(2,2),(2.5E-02,0.775),.PIECEWISE_BEZIER_KNOTS.);
#3473 = CARTESIAN_POINT('',(0.,-0.843));
#3474 = CARTESIAN_POINT('',(0.75,-0.843));
#3475 = ( GEOMETRIC_REPRESENTATION_CONTEXT(2) 
PARAMETRIC_REPRESENTATION_CONTEXT() REPRESENTATION_CONTEXT('2D SPACE',''
  ) );
#3476 = PCURVE('',#3257,#3477);
#3477 = DEFINITIONAL_REPRESENTATION('',(#3478),#3481);
#3478 = B_SPLINE_CURVE_WITH_KNOTS('',1,(#3479,#3480),.UNSPECIFIED.,.F.,
  .F.,(2,2),(2.5E-02,0.775),.PIECEWISE_BEZIER_KNOTS.);
#3479 = CARTESIAN_POINT('',(5.E-02,2.2));
#3480 = CARTESIAN_POINT('',(0.8,2.2));
#3481 = ( GEOMETRIC_REPRESENTATION_CONTEXT(2) 
PARAMETRIC_REPRESENTATION_CONTEXT() REPRESENTATION_CONTEXT('2D SPACE',''
  ) );
#3482 = ORIENTED_EDGE('',*,*,#3483,.T.);
#3483 = EDGE_CURVE('',#3463,#3484,#3486,.T.);
#3484 = VERTEX_POINT('',#3485);
#3485 = CARTESIAN_POINT('',(19.,-20.7,1.8));
#3486 = SURFACE_CURVE('',#3487,(#3491,#3498),.PCURVE_S1.);
#3487 = LINE('',#3488,#3489);
#3488 = CARTESIAN_POINT('',(19.,-22.2,1.8));
#3489 = VECTOR('',#3490,1.);
#3490 = DIRECTION('',(0.,1.,0.));
#3491 = PCURVE('',#3424,#3492);
#3492 = DEFINITIONAL_REPRESENTATION('',(#3493),#3497);
#3493 = LINE('',#3494,#3495);
#3494 = CARTESIAN_POINT('',(0.,0.));
#3495 = VECTOR('',#3496,1.);
#3496 = DIRECTION('',(0.,-1.));
#3497 = ( GEOMETRIC_REPRESENTATION_CONTEXT(2) 
PARAMETRIC_REPRESENTATION_CONTEXT() REPRESENTATION_CONTEXT('2D SPACE',''
  ) );
#3498 = PCURVE('',#3284,#3499);
#3499 = DEFINITIONAL_REPRESENTATION('',(#3500),#3504);
#3500 = LINE('',#3501,#3502);
#3501 = CARTESIAN_POINT('',(2.,0.));
#3502 = VECTOR('',#3503,1.);
#3503 = DIRECTION('',(0.,1.));
#3504 = ( GEOMETRIC_REPRESENTATION_CONTEXT(2) 
PARAMETRIC_REPRESENTATION_CONTEXT() REPRESENTATION_CONTEXT('2D SPACE',''
  ) );
#3505 = ORIENTED_EDGE('',*,*,#3506,.T.);
#3506 = EDGE_CURVE('',#3484,#3507,#3509,.T.);
#3507 = VERTEX_POINT('',#3508);
#3508 = CARTESIAN_POINT('',(19.,-20.7,6.6));
#3509 = SURFACE_CURVE('',#3510,(#3514,#3521),.PCURVE_S1.);
#3510 = LINE('',#3511,#3512);
#3511 = CARTESIAN_POINT('',(19.,-20.7,1.8));
#3512 = VECTOR('',#3513,1.);
#3513 = DIRECTION('',(0.,0.,1.));
#3514 = PCURVE('',#3424,#3515);
#3515 = DEFINITIONAL_REPRESENTATION('',(#3516),#3520);
#3516 = LINE('',#3517,#3518);
#3517 = CARTESIAN_POINT('',(0.,-1.5));
#3518 = VECTOR('',#3519,1.);
#3519 = DIRECTION('',(1.,0.));
#3520 = ( GEOMETRIC_REPRESENTATION_CONTEXT(2) 
PARAMETRIC_REPRESENTATION_CONTEXT() REPRESENTATION_CONTEXT('2D SPACE',''
  ) );
#3521 = PCURVE('',#3312,#3522);
#3522 = DEFINITIONAL_REPRESENTATION('',(#3523),#3527);
#3523 = LINE('',#3524,#3525);
#3524 = CARTESIAN_POINT('',(0.,2.));
#3525 = VECTOR('',#3526,1.);
#3526 = DIRECTION('',(1.,0.));
#3527 = ( GEOMETRIC_REPRESENTATION_CONTEXT(2) 
PARAMETRIC_REPRESENTATION_CONTEXT() REPRESENTATION_CONTEXT('2D SPACE',''
  ) );
#3528 = ORIENTED_EDGE('',*,*,#3529,.F.);
#3529 = EDGE_CURVE('',#3530,#3507,#3532,.T.);
#3530 = VERTEX_POINT('',#3531);
#3531 = CARTESIAN_POINT('',(19.,-21.85,6.6));
#3532 = SURFACE_CURVE('',#3533,(#3537,#3543),.PCURVE_S1.);
#3533 = LINE('',#3534,#3535);
#3534 = CARTESIAN_POINT('',(19.,-22.025,6.6));
#3535 = VECTOR('',#3536,1.);
#3536 = DIRECTION('',(0.,1.,0.));
#3537 = PCURVE('',#3424,#3538);
#3538 = DEFINITIONAL_REPRESENTATION('',(#3539),#3542);
#3539 = B_SPLINE_CURVE_WITH_KNOTS('',1,(#3540,#3541),.UNSPECIFIED.,.F.,
  .F.,(2,2),(0.175,1.325),.PIECEWISE_BEZIER_KNOTS.);
#3540 = CARTESIAN_POINT('',(4.8,-0.35));
#3541 = CARTESIAN_POINT('',(4.8,-1.5));
#3542 = ( GEOMETRIC_REPRESENTATION_CONTEXT(2) 
PARAMETRIC_REPRESENTATION_CONTEXT() REPRESENTATION_CONTEXT('2D SPACE',''
  ) );
#3543 = PCURVE('',#2335,#3544);
#3544 = DEFINITIONAL_REPRESENTATION('',(#3545),#3548);
#3545 = B_SPLINE_CURVE_WITH_KNOTS('',1,(#3546,#3547),.UNSPECIFIED.,.F.,
  .F.,(2,2),(0.175,1.325),.PIECEWISE_BEZIER_KNOTS.);
#3546 = CARTESIAN_POINT('',(19.6,0.));
#3547 = CARTESIAN_POINT('',(19.6,1.15));
#3548 = ( GEOMETRIC_REPRESENTATION_CONTEXT(2) 
PARAMETRIC_REPRESENTATION_CONTEXT() REPRESENTATION_CONTEXT('2D SPACE',''
  ) );
#3549 = ORIENTED_EDGE('',*,*,#3550,.T.);
#3550 = EDGE_CURVE('',#3530,#3551,#3553,.T.);
#3551 = VERTEX_POINT('',#3552);
#3552 = CARTESIAN_POINT('',(19.,-21.85,4.4));
#3553 = SURFACE_CURVE('',#3554,(#3558,#3564),.PCURVE_S1.);
#3554 = LINE('',#3555,#3556);
#3555 = CARTESIAN_POINT('',(19.,-21.85,-0.55));
#3556 = VECTOR('',#3557,1.);
#3557 = DIRECTION('',(0.,0.,-1.));
#3558 = PCURVE('',#3424,#3559);
#3559 = DEFINITIONAL_REPRESENTATION('',(#3560),#3563);
#3560 = B_SPLINE_CURVE_WITH_KNOTS('',1,(#3561,#3562),.UNSPECIFIED.,.F.,
  .F.,(2,2),(-7.15,-4.95),.PIECEWISE_BEZIER_KNOTS.);
#3561 = CARTESIAN_POINT('',(4.8,-0.35));
#3562 = CARTESIAN_POINT('',(2.6,-0.35));
#3563 = ( GEOMETRIC_REPRESENTATION_CONTEXT(2) 
PARAMETRIC_REPRESENTATION_CONTEXT() REPRESENTATION_CONTEXT('2D SPACE',''
  ) );
#3564 = PCURVE('',#3565,#3570);
#3565 = PLANE('',#3566);
#3566 = AXIS2_PLACEMENT_3D('',#3567,#3568,#3569);
#3567 = CARTESIAN_POINT('',(-0.6,-21.85,-2.9));
#3568 = DIRECTION('',(0.,1.,0.));
#3569 = DIRECTION('',(0.,0.,1.));
#3570 = DEFINITIONAL_REPRESENTATION('',(#3571),#3574);
#3571 = B_SPLINE_CURVE_WITH_KNOTS('',1,(#3572,#3573),.UNSPECIFIED.,.F.,
  .F.,(2,2),(-7.15,-4.95),.PIECEWISE_BEZIER_KNOTS.);
#3572 = CARTESIAN_POINT('',(9.5,19.6));
#3573 = CARTESIAN_POINT('',(7.3,19.6));
#3574 = ( GEOMETRIC_REPRESENTATION_CONTEXT(2) 
PARAMETRIC_REPRESENTATION_CONTEXT() REPRESENTATION_CONTEXT('2D SPACE',''
  ) );
#3575 = ORIENTED_EDGE('',*,*,#3576,.F.);
#3576 = EDGE_CURVE('',#3439,#3551,#3577,.T.);
#3577 = SURFACE_CURVE('',#3578,(#3582,#3588),.PCURVE_S1.);
#3578 = LINE('',#3579,#3580);
#3579 = CARTESIAN_POINT('',(19.,-16.31851125738,4.4));
#3580 = VECTOR('',#3581,1.);
#3581 = DIRECTION('',(0.,1.,0.));
#3582 = PCURVE('',#3424,#3583);
#3583 = DEFINITIONAL_REPRESENTATION('',(#3584),#3587);
#3584 = B_SPLINE_CURVE_WITH_KNOTS('',1,(#3585,#3586),.UNSPECIFIED.,.F.,
  .F.,(2,2),(-5.88148874262,-4.38148874262),.PIECEWISE_BEZIER_KNOTS.);
#3585 = CARTESIAN_POINT('',(2.6,0.));
#3586 = CARTESIAN_POINT('',(2.6,-1.5));
#3587 = ( GEOMETRIC_REPRESENTATION_CONTEXT(2) 
PARAMETRIC_REPRESENTATION_CONTEXT() REPRESENTATION_CONTEXT('2D SPACE',''
  ) );
#3588 = PCURVE('',#152,#3589);
#3589 = DEFINITIONAL_REPRESENTATION('',(#3590),#3593);
#3590 = B_SPLINE_CURVE_WITH_KNOTS('',1,(#3591,#3592),.UNSPECIFIED.,.F.,
  .F.,(2,2),(-5.88148874262,-4.38148874262),.PIECEWISE_BEZIER_KNOTS.);
#3591 = CARTESIAN_POINT('',(-17.23958579219,-11.76297748524));
#3592 = CARTESIAN_POINT('',(-17.23958579219,-10.26297748524));
#3593 = ( GEOMETRIC_REPRESENTATION_CONTEXT(2) 
PARAMETRIC_REPRESENTATION_CONTEXT() REPRESENTATION_CONTEXT('2D SPACE',''
  ) );
#3594 = ADVANCED_FACE('',(#3595),#3565,.T.);
#3595 = FACE_BOUND('',#3596,.T.);
#3596 = EDGE_LOOP('',(#3597,#3620,#3646,#3667,#3693,#3719,#3745,#3764));
#3597 = ORIENTED_EDGE('',*,*,#3598,.T.);
#3598 = EDGE_CURVE('',#3530,#3599,#3601,.T.);
#3599 = VERTEX_POINT('',#3600);
#3600 = CARTESIAN_POINT('',(40.,-21.85,6.6));
#3601 = SURFACE_CURVE('',#3602,(#3606,#3613),.PCURVE_S1.);
#3602 = LINE('',#3603,#3604);
#3603 = CARTESIAN_POINT('',(-0.6,-21.85,6.6));
#3604 = VECTOR('',#3605,1.);
#3605 = DIRECTION('',(1.,0.,0.));
#3606 = PCURVE('',#3565,#3607);
#3607 = DEFINITIONAL_REPRESENTATION('',(#3608),#3612);
#3608 = LINE('',#3609,#3610);
#3609 = CARTESIAN_POINT('',(9.5,0.));
#3610 = VECTOR('',#3611,1.);
#3611 = DIRECTION('',(0.,1.));
#3612 = ( GEOMETRIC_REPRESENTATION_CONTEXT(2) 
PARAMETRIC_REPRESENTATION_CONTEXT() REPRESENTATION_CONTEXT('2D SPACE',''
  ) );
#3613 = PCURVE('',#2335,#3614);
#3614 = DEFINITIONAL_REPRESENTATION('',(#3615),#3619);
#3615 = LINE('',#3616,#3617);
#3616 = CARTESIAN_POINT('',(0.,0.));
#3617 = VECTOR('',#3618,1.);
#3618 = DIRECTION('',(1.,0.));
#3619 = ( GEOMETRIC_REPRESENTATION_CONTEXT(2) 
PARAMETRIC_REPRESENTATION_CONTEXT() REPRESENTATION_CONTEXT('2D SPACE',''
  ) );
#3620 = ORIENTED_EDGE('',*,*,#3621,.T.);
#3621 = EDGE_CURVE('',#3599,#3622,#3624,.T.);
#3622 = VERTEX_POINT('',#3623);
#3623 = CARTESIAN_POINT('',(40.,-21.85,4.4));
#3624 = SURFACE_CURVE('',#3625,(#3629,#3635),.PCURVE_S1.);
#3625 = LINE('',#3626,#3627);
#3626 = CARTESIAN_POINT('',(40.,-21.85,-0.55));
#3627 = VECTOR('',#3628,1.);
#3628 = DIRECTION('',(0.,0.,-1.));
#3629 = PCURVE('',#3565,#3630);
#3630 = DEFINITIONAL_REPRESENTATION('',(#3631),#3634);
#3631 = B_SPLINE_CURVE_WITH_KNOTS('',1,(#3632,#3633),.UNSPECIFIED.,.F.,
  .F.,(2,2),(-7.15,-4.95),.PIECEWISE_BEZIER_KNOTS.);
#3632 = CARTESIAN_POINT('',(9.5,40.6));
#3633 = CARTESIAN_POINT('',(7.3,40.6));
#3634 = ( GEOMETRIC_REPRESENTATION_CONTEXT(2) 
PARAMETRIC_REPRESENTATION_CONTEXT() REPRESENTATION_CONTEXT('2D SPACE',''
  ) );
#3635 = PCURVE('',#3636,#3641);
#3636 = PLANE('',#3637);
#3637 = AXIS2_PLACEMENT_3D('',#3638,#3639,#3640);
#3638 = CARTESIAN_POINT('',(40.,-22.2,1.8));
#3639 = DIRECTION('',(1.,0.,0.));
#3640 = DIRECTION('',(0.,0.,1.));
#3641 = DEFINITIONAL_REPRESENTATION('',(#3642),#3645);
#3642 = B_SPLINE_CURVE_WITH_KNOTS('',1,(#3643,#3644),.UNSPECIFIED.,.F.,
  .F.,(2,2),(-7.15,-4.95),.PIECEWISE_BEZIER_KNOTS.);
#3643 = CARTESIAN_POINT('',(4.8,-0.35));
#3644 = CARTESIAN_POINT('',(2.6,-0.35));
#3645 = ( GEOMETRIC_REPRESENTATION_CONTEXT(2) 
PARAMETRIC_REPRESENTATION_CONTEXT() REPRESENTATION_CONTEXT('2D SPACE',''
  ) );
#3646 = ORIENTED_EDGE('',*,*,#3647,.T.);
#3647 = EDGE_CURVE('',#3622,#3648,#3650,.T.);
#3648 = VERTEX_POINT('',#3649);
#3649 = CARTESIAN_POINT('',(39.3,-21.85,4.4));
#3650 = SURFACE_CURVE('',#3651,(#3655,#3661),.PCURVE_S1.);
#3651 = LINE('',#3652,#3653);
#3652 = CARTESIAN_POINT('',(17.819792896096,-21.85,4.4));
#3653 = VECTOR('',#3654,1.);
#3654 = DIRECTION('',(-1.,0.,0.));
#3655 = PCURVE('',#3565,#3656);
#3656 = DEFINITIONAL_REPRESENTATION('',(#3657),#3660);
#3657 = B_SPLINE_CURVE_WITH_KNOTS('',1,(#3658,#3659),.UNSPECIFIED.,.F.,
  .F.,(2,2),(-55.5802071039,18.419792896096),.PIECEWISE_BEZIER_KNOTS.);
#3658 = CARTESIAN_POINT('',(7.3,74.));
#3659 = CARTESIAN_POINT('',(7.3,0.));
#3660 = ( GEOMETRIC_REPRESENTATION_CONTEXT(2) 
PARAMETRIC_REPRESENTATION_CONTEXT() REPRESENTATION_CONTEXT('2D SPACE',''
  ) );
#3661 = PCURVE('',#152,#3662);
#3662 = DEFINITIONAL_REPRESENTATION('',(#3663),#3666);
#3663 = B_SPLINE_CURVE_WITH_KNOTS('',1,(#3664,#3665),.UNSPECIFIED.,.F.,
  .F.,(2,2),(-55.5802071039,18.419792896096),.PIECEWISE_BEZIER_KNOTS.);
#3664 = CARTESIAN_POINT('',(37.160414207808,-11.41297748524));
#3665 = CARTESIAN_POINT('',(-36.83958579219,-11.41297748524));
#3666 = ( GEOMETRIC_REPRESENTATION_CONTEXT(2) 
PARAMETRIC_REPRESENTATION_CONTEXT() REPRESENTATION_CONTEXT('2D SPACE',''
  ) );
#3667 = ORIENTED_EDGE('',*,*,#3668,.F.);
#3668 = EDGE_CURVE('',#3669,#3648,#3671,.T.);
#3669 = VERTEX_POINT('',#3670);
#3670 = CARTESIAN_POINT('',(39.3,-21.85,5.45));
#3671 = SURFACE_CURVE('',#3672,(#3676,#3682),.PCURVE_S1.);
#3672 = LINE('',#3673,#3674);
#3673 = CARTESIAN_POINT('',(39.3,-21.85,0.7));
#3674 = VECTOR('',#3675,1.);
#3675 = DIRECTION('',(0.,0.,-1.));
#3676 = PCURVE('',#3565,#3677);
#3677 = DEFINITIONAL_REPRESENTATION('',(#3678),#3681);
#3678 = B_SPLINE_CURVE_WITH_KNOTS('',1,(#3679,#3680),.UNSPECIFIED.,.F.,
  .F.,(2,2),(-4.75,-3.7),.PIECEWISE_BEZIER_KNOTS.);
#3679 = CARTESIAN_POINT('',(8.35,39.9));
#3680 = CARTESIAN_POINT('',(7.3,39.9));
#3681 = ( GEOMETRIC_REPRESENTATION_CONTEXT(2) 
PARAMETRIC_REPRESENTATION_CONTEXT() REPRESENTATION_CONTEXT('2D SPACE',''
  ) );
#3682 = PCURVE('',#3683,#3688);
#3683 = PLANE('',#3684);
#3684 = AXIS2_PLACEMENT_3D('',#3685,#3686,#3687);
#3685 = CARTESIAN_POINT('',(39.3,-22.85,4.3));
#3686 = DIRECTION('',(1.,0.,0.));
#3687 = DIRECTION('',(0.,0.,1.));
#3688 = DEFINITIONAL_REPRESENTATION('',(#3689),#3692);
#3689 = B_SPLINE_CURVE_WITH_KNOTS('',1,(#3690,#3691),.UNSPECIFIED.,.F.,
  .F.,(2,2),(-4.75,-3.7),.PIECEWISE_BEZIER_KNOTS.);
#3690 = CARTESIAN_POINT('',(1.15,-1.));
#3691 = CARTESIAN_POINT('',(0.1,-1.));
#3692 = ( GEOMETRIC_REPRESENTATION_CONTEXT(2) 
PARAMETRIC_REPRESENTATION_CONTEXT() REPRESENTATION_CONTEXT('2D SPACE',''
  ) );
#3693 = ORIENTED_EDGE('',*,*,#3694,.F.);
#3694 = EDGE_CURVE('',#3695,#3669,#3697,.T.);
#3695 = VERTEX_POINT('',#3696);
#3696 = CARTESIAN_POINT('',(28.7,-21.85,5.45));
#3697 = SURFACE_CURVE('',#3698,(#3702,#3708),.PCURVE_S1.);
#3698 = LINE('',#3699,#3700);
#3699 = CARTESIAN_POINT('',(14.05,-21.85,5.45));
#3700 = VECTOR('',#3701,1.);
#3701 = DIRECTION('',(1.,0.,0.));
#3702 = PCURVE('',#3565,#3703);
#3703 = DEFINITIONAL_REPRESENTATION('',(#3704),#3707);
#3704 = B_SPLINE_CURVE_WITH_KNOTS('',1,(#3705,#3706),.UNSPECIFIED.,.F.,
  .F.,(2,2),(14.65,25.25),.PIECEWISE_BEZIER_KNOTS.);
#3705 = CARTESIAN_POINT('',(8.35,29.3));
#3706 = CARTESIAN_POINT('',(8.35,39.9));
#3707 = ( GEOMETRIC_REPRESENTATION_CONTEXT(2) 
PARAMETRIC_REPRESENTATION_CONTEXT() REPRESENTATION_CONTEXT('2D SPACE',''
  ) );
#3708 = PCURVE('',#3709,#3714);
#3709 = PLANE('',#3710);
#3710 = AXIS2_PLACEMENT_3D('',#3711,#3712,#3713);
#3711 = CARTESIAN_POINT('',(28.7,-22.85,5.45));
#3712 = DIRECTION('',(0.,0.,1.));
#3713 = DIRECTION('',(1.,0.,0.));
#3714 = DEFINITIONAL_REPRESENTATION('',(#3715),#3718);
#3715 = B_SPLINE_CURVE_WITH_KNOTS('',1,(#3716,#3717),.UNSPECIFIED.,.F.,
  .F.,(2,2),(14.65,25.25),.PIECEWISE_BEZIER_KNOTS.);
#3716 = CARTESIAN_POINT('',(0.,1.));
#3717 = CARTESIAN_POINT('',(10.6,1.));
#3718 = ( GEOMETRIC_REPRESENTATION_CONTEXT(2) 
PARAMETRIC_REPRESENTATION_CONTEXT() REPRESENTATION_CONTEXT('2D SPACE',''
  ) );
#3719 = ORIENTED_EDGE('',*,*,#3720,.T.);
#3720 = EDGE_CURVE('',#3695,#3721,#3723,.T.);
#3721 = VERTEX_POINT('',#3722);
#3722 = CARTESIAN_POINT('',(28.7,-21.85,4.4));
#3723 = SURFACE_CURVE('',#3724,(#3728,#3734),.PCURVE_S1.);
#3724 = LINE('',#3725,#3726);
#3725 = CARTESIAN_POINT('',(28.7,-21.85,0.7));
#3726 = VECTOR('',#3727,1.);
#3727 = DIRECTION('',(0.,0.,-1.));
#3728 = PCURVE('',#3565,#3729);
#3729 = DEFINITIONAL_REPRESENTATION('',(#3730),#3733);
#3730 = B_SPLINE_CURVE_WITH_KNOTS('',1,(#3731,#3732),.UNSPECIFIED.,.F.,
  .F.,(2,2),(-4.75,-3.7),.PIECEWISE_BEZIER_KNOTS.);
#3731 = CARTESIAN_POINT('',(8.35,29.3));
#3732 = CARTESIAN_POINT('',(7.3,29.3));
#3733 = ( GEOMETRIC_REPRESENTATION_CONTEXT(2) 
PARAMETRIC_REPRESENTATION_CONTEXT() REPRESENTATION_CONTEXT('2D SPACE',''
  ) );
#3734 = PCURVE('',#3735,#3740);
#3735 = PLANE('',#3736);
#3736 = AXIS2_PLACEMENT_3D('',#3737,#3738,#3739);
#3737 = CARTESIAN_POINT('',(28.7,-22.85,4.3));
#3738 = DIRECTION('',(1.,0.,0.));
#3739 = DIRECTION('',(0.,0.,1.));
#3740 = DEFINITIONAL_REPRESENTATION('',(#3741),#3744);
#3741 = B_SPLINE_CURVE_WITH_KNOTS('',1,(#3742,#3743),.UNSPECIFIED.,.F.,
  .F.,(2,2),(-4.75,-3.7),.PIECEWISE_BEZIER_KNOTS.);
#3742 = CARTESIAN_POINT('',(1.15,-1.));
#3743 = CARTESIAN_POINT('',(0.1,-1.));
#3744 = ( GEOMETRIC_REPRESENTATION_CONTEXT(2) 
PARAMETRIC_REPRESENTATION_CONTEXT() REPRESENTATION_CONTEXT('2D SPACE',''
  ) );
#3745 = ORIENTED_EDGE('',*,*,#3746,.T.);
#3746 = EDGE_CURVE('',#3721,#3551,#3747,.T.);
#3747 = SURFACE_CURVE('',#3748,(#3752,#3758),.PCURVE_S1.);
#3748 = LINE('',#3749,#3750);
#3749 = CARTESIAN_POINT('',(17.819792896096,-21.85,4.4));
#3750 = VECTOR('',#3751,1.);
#3751 = DIRECTION('',(-1.,0.,0.));
#3752 = PCURVE('',#3565,#3753);
#3753 = DEFINITIONAL_REPRESENTATION('',(#3754),#3757);
#3754 = B_SPLINE_CURVE_WITH_KNOTS('',1,(#3755,#3756),.UNSPECIFIED.,.F.,
  .F.,(2,2),(-55.5802071039,18.419792896096),.PIECEWISE_BEZIER_KNOTS.);
#3755 = CARTESIAN_POINT('',(7.3,74.));
#3756 = CARTESIAN_POINT('',(7.3,0.));
#3757 = ( GEOMETRIC_REPRESENTATION_CONTEXT(2) 
PARAMETRIC_REPRESENTATION_CONTEXT() REPRESENTATION_CONTEXT('2D SPACE',''
  ) );
#3758 = PCURVE('',#152,#3759);
#3759 = DEFINITIONAL_REPRESENTATION('',(#3760),#3763);
#3760 = B_SPLINE_CURVE_WITH_KNOTS('',1,(#3761,#3762),.UNSPECIFIED.,.F.,
  .F.,(2,2),(-55.5802071039,18.419792896096),.PIECEWISE_BEZIER_KNOTS.);
#3761 = CARTESIAN_POINT('',(37.160414207808,-11.41297748524));
#3762 = CARTESIAN_POINT('',(-36.83958579219,-11.41297748524));
#3763 = ( GEOMETRIC_REPRESENTATION_CONTEXT(2) 
PARAMETRIC_REPRESENTATION_CONTEXT() REPRESENTATION_CONTEXT('2D SPACE',''
  ) );
#3764 = ORIENTED_EDGE('',*,*,#3550,.F.);
#3765 = ADVANCED_FACE('',(#3766),#3636,.F.);
#3766 = FACE_BOUND('',#3767,.F.);
#3767 = EDGE_LOOP('',(#3768,#3798,#3824,#3850,#3878,#3906,#3925,#3926));
#3768 = ORIENTED_EDGE('',*,*,#3769,.F.);
#3769 = EDGE_CURVE('',#3770,#3772,#3774,.T.);
#3770 = VERTEX_POINT('',#3771);
#3771 = CARTESIAN_POINT('',(40.,-22.2,2.55));
#3772 = VERTEX_POINT('',#3773);
#3773 = CARTESIAN_POINT('',(40.,-22.2,4.4));
#3774 = SURFACE_CURVE('',#3775,(#3779,#3786),.PCURVE_S1.);
#3775 = LINE('',#3776,#3777);
#3776 = CARTESIAN_POINT('',(40.,-22.2,1.8));
#3777 = VECTOR('',#3778,1.);
#3778 = DIRECTION('',(0.,0.,1.));
#3779 = PCURVE('',#3636,#3780);
#3780 = DEFINITIONAL_REPRESENTATION('',(#3781),#3785);
#3781 = LINE('',#3782,#3783);
#3782 = CARTESIAN_POINT('',(0.,0.));
#3783 = VECTOR('',#3784,1.);
#3784 = DIRECTION('',(1.,0.));
#3785 = ( GEOMETRIC_REPRESENTATION_CONTEXT(2) 
PARAMETRIC_REPRESENTATION_CONTEXT() REPRESENTATION_CONTEXT('2D SPACE',''
  ) );
#3786 = PCURVE('',#3787,#3792);
#3787 = PLANE('',#3788);
#3788 = AXIS2_PLACEMENT_3D('',#3789,#3790,#3791);
#3789 = CARTESIAN_POINT('',(40.,-22.2,1.8));
#3790 = DIRECTION('',(0.,1.,0.));
#3791 = DIRECTION('',(0.,0.,1.));
#3792 = DEFINITIONAL_REPRESENTATION('',(#3793),#3797);
#3793 = LINE('',#3794,#3795);
#3794 = CARTESIAN_POINT('',(0.,0.));
#3795 = VECTOR('',#3796,1.);
#3796 = DIRECTION('',(1.,0.));
#3797 = ( GEOMETRIC_REPRESENTATION_CONTEXT(2) 
PARAMETRIC_REPRESENTATION_CONTEXT() REPRESENTATION_CONTEXT('2D SPACE',''
  ) );
#3798 = ORIENTED_EDGE('',*,*,#3799,.F.);
#3799 = EDGE_CURVE('',#3800,#3770,#3802,.T.);
#3800 = VERTEX_POINT('',#3801);
#3801 = CARTESIAN_POINT('',(40.,-21.357,2.55));
#3802 = SURFACE_CURVE('',#3803,(#3807,#3813),.PCURVE_S1.);
#3803 = LINE('',#3804,#3805);
#3804 = CARTESIAN_POINT('',(40.,-22.25,2.55));
#3805 = VECTOR('',#3806,1.);
#3806 = DIRECTION('',(0.,-1.,0.));
#3807 = PCURVE('',#3636,#3808);
#3808 = DEFINITIONAL_REPRESENTATION('',(#3809),#3812);
#3809 = B_SPLINE_CURVE_WITH_KNOTS('',1,(#3810,#3811),.UNSPECIFIED.,.F.,
  .F.,(2,2),(-0.893,-5.E-02),.PIECEWISE_BEZIER_KNOTS.);
#3810 = CARTESIAN_POINT('',(0.75,-0.843));
#3811 = CARTESIAN_POINT('',(0.75,0.));
#3812 = ( GEOMETRIC_REPRESENTATION_CONTEXT(2) 
PARAMETRIC_REPRESENTATION_CONTEXT() REPRESENTATION_CONTEXT('2D SPACE',''
  ) );
#3813 = PCURVE('',#3814,#3819);
#3814 = PLANE('',#3815);
#3815 = AXIS2_PLACEMENT_3D('',#3816,#3817,#3818);
#3816 = CARTESIAN_POINT('',(39.8,-22.3,2.55));
#3817 = DIRECTION('',(0.,0.,1.));
#3818 = DIRECTION('',(1.,0.,0.));
#3819 = DEFINITIONAL_REPRESENTATION('',(#3820),#3823);
#3820 = B_SPLINE_CURVE_WITH_KNOTS('',1,(#3821,#3822),.UNSPECIFIED.,.F.,
  .F.,(2,2),(-0.893,-5.E-02),.PIECEWISE_BEZIER_KNOTS.);
#3821 = CARTESIAN_POINT('',(0.2,0.943));
#3822 = CARTESIAN_POINT('',(0.2,0.1));
#3823 = ( GEOMETRIC_REPRESENTATION_CONTEXT(2) 
PARAMETRIC_REPRESENTATION_CONTEXT() REPRESENTATION_CONTEXT('2D SPACE',''
  ) );
#3824 = ORIENTED_EDGE('',*,*,#3825,.F.);
#3825 = EDGE_CURVE('',#3826,#3800,#3828,.T.);
#3826 = VERTEX_POINT('',#3827);
#3827 = CARTESIAN_POINT('',(40.,-21.357,1.8));
#3828 = SURFACE_CURVE('',#3829,(#3833,#3839),.PCURVE_S1.);
#3829 = LINE('',#3830,#3831);
#3830 = CARTESIAN_POINT('',(40.,-21.357,1.775));
#3831 = VECTOR('',#3832,1.);
#3832 = DIRECTION('',(0.,0.,1.));
#3833 = PCURVE('',#3636,#3834);
#3834 = DEFINITIONAL_REPRESENTATION('',(#3835),#3838);
#3835 = B_SPLINE_CURVE_WITH_KNOTS('',1,(#3836,#3837),.UNSPECIFIED.,.F.,
  .F.,(2,2),(2.5E-02,0.775),.PIECEWISE_BEZIER_KNOTS.);
#3836 = CARTESIAN_POINT('',(0.,-0.843));
#3837 = CARTESIAN_POINT('',(0.75,-0.843));
#3838 = ( GEOMETRIC_REPRESENTATION_CONTEXT(2) 
PARAMETRIC_REPRESENTATION_CONTEXT() REPRESENTATION_CONTEXT('2D SPACE',''
  ) );
#3839 = PCURVE('',#3840,#3845);
#3840 = PLANE('',#3841);
#3841 = AXIS2_PLACEMENT_3D('',#3842,#3843,#3844);
#3842 = CARTESIAN_POINT('',(39.8,-21.357,1.75));
#3843 = DIRECTION('',(0.,1.,0.));
#3844 = DIRECTION('',(0.,0.,1.));
#3845 = DEFINITIONAL_REPRESENTATION('',(#3846),#3849);
#3846 = B_SPLINE_CURVE_WITH_KNOTS('',1,(#3847,#3848),.UNSPECIFIED.,.F.,
  .F.,(2,2),(2.5E-02,0.775),.PIECEWISE_BEZIER_KNOTS.);
#3847 = CARTESIAN_POINT('',(5.E-02,0.2));
#3848 = CARTESIAN_POINT('',(0.8,0.2));
#3849 = ( GEOMETRIC_REPRESENTATION_CONTEXT(2) 
PARAMETRIC_REPRESENTATION_CONTEXT() REPRESENTATION_CONTEXT('2D SPACE',''
  ) );
#3850 = ORIENTED_EDGE('',*,*,#3851,.T.);
#3851 = EDGE_CURVE('',#3826,#3852,#3854,.T.);
#3852 = VERTEX_POINT('',#3853);
#3853 = CARTESIAN_POINT('',(40.,-20.7,1.8));
#3854 = SURFACE_CURVE('',#3855,(#3859,#3866),.PCURVE_S1.);
#3855 = LINE('',#3856,#3857);
#3856 = CARTESIAN_POINT('',(40.,-22.2,1.8));
#3857 = VECTOR('',#3858,1.);
#3858 = DIRECTION('',(0.,1.,0.));
#3859 = PCURVE('',#3636,#3860);
#3860 = DEFINITIONAL_REPRESENTATION('',(#3861),#3865);
#3861 = LINE('',#3862,#3863);
#3862 = CARTESIAN_POINT('',(0.,0.));
#3863 = VECTOR('',#3864,1.);
#3864 = DIRECTION('',(0.,-1.));
#3865 = ( GEOMETRIC_REPRESENTATION_CONTEXT(2) 
PARAMETRIC_REPRESENTATION_CONTEXT() REPRESENTATION_CONTEXT('2D SPACE',''
  ) );
#3866 = PCURVE('',#3867,#3872);
#3867 = PLANE('',#3868);
#3868 = AXIS2_PLACEMENT_3D('',#3869,#3870,#3871);
#3869 = CARTESIAN_POINT('',(40.,-22.2,1.8));
#3870 = DIRECTION('',(0.,0.,1.));
#3871 = DIRECTION('',(1.,0.,0.));
#3872 = DEFINITIONAL_REPRESENTATION('',(#3873),#3877);
#3873 = LINE('',#3874,#3875);
#3874 = CARTESIAN_POINT('',(0.,0.));
#3875 = VECTOR('',#3876,1.);
#3876 = DIRECTION('',(0.,1.));
#3877 = ( GEOMETRIC_REPRESENTATION_CONTEXT(2) 
PARAMETRIC_REPRESENTATION_CONTEXT() REPRESENTATION_CONTEXT('2D SPACE',''
  ) );
#3878 = ORIENTED_EDGE('',*,*,#3879,.T.);
#3879 = EDGE_CURVE('',#3852,#3880,#3882,.T.);
#3880 = VERTEX_POINT('',#3881);
#3881 = CARTESIAN_POINT('',(40.,-20.7,6.6));
#3882 = SURFACE_CURVE('',#3883,(#3887,#3894),.PCURVE_S1.);
#3883 = LINE('',#3884,#3885);
#3884 = CARTESIAN_POINT('',(40.,-20.7,1.8));
#3885 = VECTOR('',#3886,1.);
#3886 = DIRECTION('',(0.,0.,1.));
#3887 = PCURVE('',#3636,#3888);
#3888 = DEFINITIONAL_REPRESENTATION('',(#3889),#3893);
#3889 = LINE('',#3890,#3891);
#3890 = CARTESIAN_POINT('',(0.,-1.5));
#3891 = VECTOR('',#3892,1.);
#3892 = DIRECTION('',(1.,0.));
#3893 = ( GEOMETRIC_REPRESENTATION_CONTEXT(2) 
PARAMETRIC_REPRESENTATION_CONTEXT() REPRESENTATION_CONTEXT('2D SPACE',''
  ) );
#3894 = PCURVE('',#3895,#3900);
#3895 = PLANE('',#3896);
#3896 = AXIS2_PLACEMENT_3D('',#3897,#3898,#3899);
#3897 = CARTESIAN_POINT('',(40.,-20.7,1.8));
#3898 = DIRECTION('',(0.,1.,0.));
#3899 = DIRECTION('',(0.,0.,1.));
#3900 = DEFINITIONAL_REPRESENTATION('',(#3901),#3905);
#3901 = LINE('',#3902,#3903);
#3902 = CARTESIAN_POINT('',(0.,0.));
#3903 = VECTOR('',#3904,1.);
#3904 = DIRECTION('',(1.,0.));
#3905 = ( GEOMETRIC_REPRESENTATION_CONTEXT(2) 
PARAMETRIC_REPRESENTATION_CONTEXT() REPRESENTATION_CONTEXT('2D SPACE',''
  ) );
#3906 = ORIENTED_EDGE('',*,*,#3907,.F.);
#3907 = EDGE_CURVE('',#3599,#3880,#3908,.T.);
#3908 = SURFACE_CURVE('',#3909,(#3913,#3919),.PCURVE_S1.);
#3909 = LINE('',#3910,#3911);
#3910 = CARTESIAN_POINT('',(40.,-22.025,6.6));
#3911 = VECTOR('',#3912,1.);
#3912 = DIRECTION('',(0.,1.,0.));
#3913 = PCURVE('',#3636,#3914);
#3914 = DEFINITIONAL_REPRESENTATION('',(#3915),#3918);
#3915 = B_SPLINE_CURVE_WITH_KNOTS('',1,(#3916,#3917),.UNSPECIFIED.,.F.,
  .F.,(2,2),(0.175,1.325),.PIECEWISE_BEZIER_KNOTS.);
#3916 = CARTESIAN_POINT('',(4.8,-0.35));
#3917 = CARTESIAN_POINT('',(4.8,-1.5));
#3918 = ( GEOMETRIC_REPRESENTATION_CONTEXT(2) 
PARAMETRIC_REPRESENTATION_CONTEXT() REPRESENTATION_CONTEXT('2D SPACE',''
  ) );
#3919 = PCURVE('',#2335,#3920);
#3920 = DEFINITIONAL_REPRESENTATION('',(#3921),#3924);
#3921 = B_SPLINE_CURVE_WITH_KNOTS('',1,(#3922,#3923),.UNSPECIFIED.,.F.,
  .F.,(2,2),(0.175,1.325),.PIECEWISE_BEZIER_KNOTS.);
#3922 = CARTESIAN_POINT('',(40.6,0.));
#3923 = CARTESIAN_POINT('',(40.6,1.15));
#3924 = ( GEOMETRIC_REPRESENTATION_CONTEXT(2) 
PARAMETRIC_REPRESENTATION_CONTEXT() REPRESENTATION_CONTEXT('2D SPACE',''
  ) );
#3925 = ORIENTED_EDGE('',*,*,#3621,.T.);
#3926 = ORIENTED_EDGE('',*,*,#3927,.F.);
#3927 = EDGE_CURVE('',#3772,#3622,#3928,.T.);
#3928 = SURFACE_CURVE('',#3929,(#3933,#3939),.PCURVE_S1.);
#3929 = LINE('',#3930,#3931);
#3930 = CARTESIAN_POINT('',(40.,-16.31851125738,4.4));
#3931 = VECTOR('',#3932,1.);
#3932 = DIRECTION('',(0.,1.,0.));
#3933 = PCURVE('',#3636,#3934);
#3934 = DEFINITIONAL_REPRESENTATION('',(#3935),#3938);
#3935 = B_SPLINE_CURVE_WITH_KNOTS('',1,(#3936,#3937),.UNSPECIFIED.,.F.,
  .F.,(2,2),(-5.88148874262,-4.38148874262),.PIECEWISE_BEZIER_KNOTS.);
#3936 = CARTESIAN_POINT('',(2.6,0.));
#3937 = CARTESIAN_POINT('',(2.6,-1.5));
#3938 = ( GEOMETRIC_REPRESENTATION_CONTEXT(2) 
PARAMETRIC_REPRESENTATION_CONTEXT() REPRESENTATION_CONTEXT('2D SPACE',''
  ) );
#3939 = PCURVE('',#152,#3940);
#3940 = DEFINITIONAL_REPRESENTATION('',(#3941),#3944);
#3941 = B_SPLINE_CURVE_WITH_KNOTS('',1,(#3942,#3943),.UNSPECIFIED.,.F.,
  .F.,(2,2),(-5.88148874262,-4.38148874262),.PIECEWISE_BEZIER_KNOTS.);
#3942 = CARTESIAN_POINT('',(3.760414207808,-11.76297748524));
#3943 = CARTESIAN_POINT('',(3.760414207808,-10.26297748524));
#3944 = ( GEOMETRIC_REPRESENTATION_CONTEXT(2) 
PARAMETRIC_REPRESENTATION_CONTEXT() REPRESENTATION_CONTEXT('2D SPACE',''
  ) );
#3945 = ADVANCED_FACE('',(#3946),#3814,.F.);
#3946 = FACE_BOUND('',#3947,.F.);
#3947 = EDGE_LOOP('',(#3948,#3971,#3972,#3993));
#3948 = ORIENTED_EDGE('',*,*,#3949,.F.);
#3949 = EDGE_CURVE('',#3800,#3950,#3952,.T.);
#3950 = VERTEX_POINT('',#3951);
#3951 = CARTESIAN_POINT('',(42.,-21.357,2.55));
#3952 = SURFACE_CURVE('',#3953,(#3957,#3964),.PCURVE_S1.);
#3953 = LINE('',#3954,#3955);
#3954 = CARTESIAN_POINT('',(39.8,-21.357,2.55));
#3955 = VECTOR('',#3956,1.);
#3956 = DIRECTION('',(1.,0.,0.));
#3957 = PCURVE('',#3814,#3958);
#3958 = DEFINITIONAL_REPRESENTATION('',(#3959),#3963);
#3959 = LINE('',#3960,#3961);
#3960 = CARTESIAN_POINT('',(0.,0.943));
#3961 = VECTOR('',#3962,1.);
#3962 = DIRECTION('',(1.,0.));
#3963 = ( GEOMETRIC_REPRESENTATION_CONTEXT(2) 
PARAMETRIC_REPRESENTATION_CONTEXT() REPRESENTATION_CONTEXT('2D SPACE',''
  ) );
#3964 = PCURVE('',#3840,#3965);
#3965 = DEFINITIONAL_REPRESENTATION('',(#3966),#3970);
#3966 = LINE('',#3967,#3968);
#3967 = CARTESIAN_POINT('',(0.8,0.));
#3968 = VECTOR('',#3969,1.);
#3969 = DIRECTION('',(0.,1.));
#3970 = ( GEOMETRIC_REPRESENTATION_CONTEXT(2) 
PARAMETRIC_REPRESENTATION_CONTEXT() REPRESENTATION_CONTEXT('2D SPACE',''
  ) );
#3971 = ORIENTED_EDGE('',*,*,#3799,.T.);
#3972 = ORIENTED_EDGE('',*,*,#3973,.T.);
#3973 = EDGE_CURVE('',#3770,#3974,#3976,.T.);
#3974 = VERTEX_POINT('',#3975);
#3975 = CARTESIAN_POINT('',(42.,-22.2,2.55));
#3976 = SURFACE_CURVE('',#3977,(#3981,#3987),.PCURVE_S1.);
#3977 = LINE('',#3978,#3979);
#3978 = CARTESIAN_POINT('',(39.9,-22.2,2.55));
#3979 = VECTOR('',#3980,1.);
#3980 = DIRECTION('',(1.,0.,0.));
#3981 = PCURVE('',#3814,#3982);
#3982 = DEFINITIONAL_REPRESENTATION('',(#3983),#3986);
#3983 = B_SPLINE_CURVE_WITH_KNOTS('',1,(#3984,#3985),.UNSPECIFIED.,.F.,
  .F.,(2,2),(0.1,2.1),.PIECEWISE_BEZIER_KNOTS.);
#3984 = CARTESIAN_POINT('',(0.2,0.1));
#3985 = CARTESIAN_POINT('',(2.2,0.1));
#3986 = ( GEOMETRIC_REPRESENTATION_CONTEXT(2) 
PARAMETRIC_REPRESENTATION_CONTEXT() REPRESENTATION_CONTEXT('2D SPACE',''
  ) );
#3987 = PCURVE('',#3787,#3988);
#3988 = DEFINITIONAL_REPRESENTATION('',(#3989),#3992);
#3989 = B_SPLINE_CURVE_WITH_KNOTS('',1,(#3990,#3991),.UNSPECIFIED.,.F.,
  .F.,(2,2),(0.1,2.1),.PIECEWISE_BEZIER_KNOTS.);
#3990 = CARTESIAN_POINT('',(0.75,0.));
#3991 = CARTESIAN_POINT('',(0.75,2.));
#3992 = ( GEOMETRIC_REPRESENTATION_CONTEXT(2) 
PARAMETRIC_REPRESENTATION_CONTEXT() REPRESENTATION_CONTEXT('2D SPACE',''
  ) );
#3993 = ORIENTED_EDGE('',*,*,#3994,.F.);
#3994 = EDGE_CURVE('',#3950,#3974,#3995,.T.);
#3995 = SURFACE_CURVE('',#3996,(#4000,#4006),.PCURVE_S1.);
#3996 = LINE('',#3997,#3998);
#3997 = CARTESIAN_POINT('',(42.,-22.25,2.55));
#3998 = VECTOR('',#3999,1.);
#3999 = DIRECTION('',(0.,-1.,0.));
#4000 = PCURVE('',#3814,#4001);
#4001 = DEFINITIONAL_REPRESENTATION('',(#4002),#4005);
#4002 = B_SPLINE_CURVE_WITH_KNOTS('',1,(#4003,#4004),.UNSPECIFIED.,.F.,
  .F.,(2,2),(-0.893,-5.E-02),.PIECEWISE_BEZIER_KNOTS.);
#4003 = CARTESIAN_POINT('',(2.2,0.943));
#4004 = CARTESIAN_POINT('',(2.2,0.1));
#4005 = ( GEOMETRIC_REPRESENTATION_CONTEXT(2) 
PARAMETRIC_REPRESENTATION_CONTEXT() REPRESENTATION_CONTEXT('2D SPACE',''
  ) );
#4006 = PCURVE('',#4007,#4012);
#4007 = PLANE('',#4008);
#4008 = AXIS2_PLACEMENT_3D('',#4009,#4010,#4011);
#4009 = CARTESIAN_POINT('',(42.,-22.2,1.8));
#4010 = DIRECTION('',(1.,0.,0.));
#4011 = DIRECTION('',(0.,0.,1.));
#4012 = DEFINITIONAL_REPRESENTATION('',(#4013),#4016);
#4013 = B_SPLINE_CURVE_WITH_KNOTS('',1,(#4014,#4015),.UNSPECIFIED.,.F.,
  .F.,(2,2),(-0.893,-5.E-02),.PIECEWISE_BEZIER_KNOTS.);
#4014 = CARTESIAN_POINT('',(0.75,-0.843));
#4015 = CARTESIAN_POINT('',(0.75,0.));
#4016 = ( GEOMETRIC_REPRESENTATION_CONTEXT(2) 
PARAMETRIC_REPRESENTATION_CONTEXT() REPRESENTATION_CONTEXT('2D SPACE',''
  ) );
#4017 = ADVANCED_FACE('',(#4018),#4007,.T.);
#4018 = FACE_BOUND('',#4019,.T.);
#4019 = EDGE_LOOP('',(#4020,#4043,#4044,#4065,#4088,#4111,#4132,#4158));
#4020 = ORIENTED_EDGE('',*,*,#4021,.F.);
#4021 = EDGE_CURVE('',#3974,#4022,#4024,.T.);
#4022 = VERTEX_POINT('',#4023);
#4023 = CARTESIAN_POINT('',(42.,-22.2,4.4));
#4024 = SURFACE_CURVE('',#4025,(#4029,#4036),.PCURVE_S1.);
#4025 = LINE('',#4026,#4027);
#4026 = CARTESIAN_POINT('',(42.,-22.2,1.8));
#4027 = VECTOR('',#4028,1.);
#4028 = DIRECTION('',(0.,0.,1.));
#4029 = PCURVE('',#4007,#4030);
#4030 = DEFINITIONAL_REPRESENTATION('',(#4031),#4035);
#4031 = LINE('',#4032,#4033);
#4032 = CARTESIAN_POINT('',(0.,0.));
#4033 = VECTOR('',#4034,1.);
#4034 = DIRECTION('',(1.,0.));
#4035 = ( GEOMETRIC_REPRESENTATION_CONTEXT(2) 
PARAMETRIC_REPRESENTATION_CONTEXT() REPRESENTATION_CONTEXT('2D SPACE',''
  ) );
#4036 = PCURVE('',#3787,#4037);
#4037 = DEFINITIONAL_REPRESENTATION('',(#4038),#4042);
#4038 = LINE('',#4039,#4040);
#4039 = CARTESIAN_POINT('',(0.,2.));
#4040 = VECTOR('',#4041,1.);
#4041 = DIRECTION('',(1.,0.));
#4042 = ( GEOMETRIC_REPRESENTATION_CONTEXT(2) 
PARAMETRIC_REPRESENTATION_CONTEXT() REPRESENTATION_CONTEXT('2D SPACE',''
  ) );
#4043 = ORIENTED_EDGE('',*,*,#3994,.F.);
#4044 = ORIENTED_EDGE('',*,*,#4045,.F.);
#4045 = EDGE_CURVE('',#4046,#3950,#4048,.T.);
#4046 = VERTEX_POINT('',#4047);
#4047 = CARTESIAN_POINT('',(42.,-21.357,1.8));
#4048 = SURFACE_CURVE('',#4049,(#4053,#4059),.PCURVE_S1.);
#4049 = LINE('',#4050,#4051);
#4050 = CARTESIAN_POINT('',(42.,-21.357,1.775));
#4051 = VECTOR('',#4052,1.);
#4052 = DIRECTION('',(0.,0.,1.));
#4053 = PCURVE('',#4007,#4054);
#4054 = DEFINITIONAL_REPRESENTATION('',(#4055),#4058);
#4055 = B_SPLINE_CURVE_WITH_KNOTS('',1,(#4056,#4057),.UNSPECIFIED.,.F.,
  .F.,(2,2),(2.5E-02,0.775),.PIECEWISE_BEZIER_KNOTS.);
#4056 = CARTESIAN_POINT('',(0.,-0.843));
#4057 = CARTESIAN_POINT('',(0.75,-0.843));
#4058 = ( GEOMETRIC_REPRESENTATION_CONTEXT(2) 
PARAMETRIC_REPRESENTATION_CONTEXT() REPRESENTATION_CONTEXT('2D SPACE',''
  ) );
#4059 = PCURVE('',#3840,#4060);
#4060 = DEFINITIONAL_REPRESENTATION('',(#4061),#4064);
#4061 = B_SPLINE_CURVE_WITH_KNOTS('',1,(#4062,#4063),.UNSPECIFIED.,.F.,
  .F.,(2,2),(2.5E-02,0.775),.PIECEWISE_BEZIER_KNOTS.);
#4062 = CARTESIAN_POINT('',(5.E-02,2.2));
#4063 = CARTESIAN_POINT('',(0.8,2.2));
#4064 = ( GEOMETRIC_REPRESENTATION_CONTEXT(2) 
PARAMETRIC_REPRESENTATION_CONTEXT() REPRESENTATION_CONTEXT('2D SPACE',''
  ) );
#4065 = ORIENTED_EDGE('',*,*,#4066,.T.);
#4066 = EDGE_CURVE('',#4046,#4067,#4069,.T.);
#4067 = VERTEX_POINT('',#4068);
#4068 = CARTESIAN_POINT('',(42.,-20.7,1.8));
#4069 = SURFACE_CURVE('',#4070,(#4074,#4081),.PCURVE_S1.);
#4070 = LINE('',#4071,#4072);
#4071 = CARTESIAN_POINT('',(42.,-22.2,1.8));
#4072 = VECTOR('',#4073,1.);
#4073 = DIRECTION('',(0.,1.,0.));
#4074 = PCURVE('',#4007,#4075);
#4075 = DEFINITIONAL_REPRESENTATION('',(#4076),#4080);
#4076 = LINE('',#4077,#4078);
#4077 = CARTESIAN_POINT('',(0.,0.));
#4078 = VECTOR('',#4079,1.);
#4079 = DIRECTION('',(0.,-1.));
#4080 = ( GEOMETRIC_REPRESENTATION_CONTEXT(2) 
PARAMETRIC_REPRESENTATION_CONTEXT() REPRESENTATION_CONTEXT('2D SPACE',''
  ) );
#4081 = PCURVE('',#3867,#4082);
#4082 = DEFINITIONAL_REPRESENTATION('',(#4083),#4087);
#4083 = LINE('',#4084,#4085);
#4084 = CARTESIAN_POINT('',(2.,0.));
#4085 = VECTOR('',#4086,1.);
#4086 = DIRECTION('',(0.,1.));
#4087 = ( GEOMETRIC_REPRESENTATION_CONTEXT(2) 
PARAMETRIC_REPRESENTATION_CONTEXT() REPRESENTATION_CONTEXT('2D SPACE',''
  ) );
#4088 = ORIENTED_EDGE('',*,*,#4089,.T.);
#4089 = EDGE_CURVE('',#4067,#4090,#4092,.T.);
#4090 = VERTEX_POINT('',#4091);
#4091 = CARTESIAN_POINT('',(42.,-20.7,6.6));
#4092 = SURFACE_CURVE('',#4093,(#4097,#4104),.PCURVE_S1.);
#4093 = LINE('',#4094,#4095);
#4094 = CARTESIAN_POINT('',(42.,-20.7,1.8));
#4095 = VECTOR('',#4096,1.);
#4096 = DIRECTION('',(0.,0.,1.));
#4097 = PCURVE('',#4007,#4098);
#4098 = DEFINITIONAL_REPRESENTATION('',(#4099),#4103);
#4099 = LINE('',#4100,#4101);
#4100 = CARTESIAN_POINT('',(0.,-1.5));
#4101 = VECTOR('',#4102,1.);
#4102 = DIRECTION('',(1.,0.));
#4103 = ( GEOMETRIC_REPRESENTATION_CONTEXT(2) 
PARAMETRIC_REPRESENTATION_CONTEXT() REPRESENTATION_CONTEXT('2D SPACE',''
  ) );
#4104 = PCURVE('',#3895,#4105);
#4105 = DEFINITIONAL_REPRESENTATION('',(#4106),#4110);
#4106 = LINE('',#4107,#4108);
#4107 = CARTESIAN_POINT('',(0.,2.));
#4108 = VECTOR('',#4109,1.);
#4109 = DIRECTION('',(1.,0.));
#4110 = ( GEOMETRIC_REPRESENTATION_CONTEXT(2) 
PARAMETRIC_REPRESENTATION_CONTEXT() REPRESENTATION_CONTEXT('2D SPACE',''
  ) );
#4111 = ORIENTED_EDGE('',*,*,#4112,.F.);
#4112 = EDGE_CURVE('',#4113,#4090,#4115,.T.);
#4113 = VERTEX_POINT('',#4114);
#4114 = CARTESIAN_POINT('',(42.,-21.85,6.6));
#4115 = SURFACE_CURVE('',#4116,(#4120,#4126),.PCURVE_S1.);
#4116 = LINE('',#4117,#4118);
#4117 = CARTESIAN_POINT('',(42.,-22.025,6.6));
#4118 = VECTOR('',#4119,1.);
#4119 = DIRECTION('',(0.,1.,0.));
#4120 = PCURVE('',#4007,#4121);
#4121 = DEFINITIONAL_REPRESENTATION('',(#4122),#4125);
#4122 = B_SPLINE_CURVE_WITH_KNOTS('',1,(#4123,#4124),.UNSPECIFIED.,.F.,
  .F.,(2,2),(0.175,1.325),.PIECEWISE_BEZIER_KNOTS.);
#4123 = CARTESIAN_POINT('',(4.8,-0.35));
#4124 = CARTESIAN_POINT('',(4.8,-1.5));
#4125 = ( GEOMETRIC_REPRESENTATION_CONTEXT(2) 
PARAMETRIC_REPRESENTATION_CONTEXT() REPRESENTATION_CONTEXT('2D SPACE',''
  ) );
#4126 = PCURVE('',#2335,#4127);
#4127 = DEFINITIONAL_REPRESENTATION('',(#4128),#4131);
#4128 = B_SPLINE_CURVE_WITH_KNOTS('',1,(#4129,#4130),.UNSPECIFIED.,.F.,
  .F.,(2,2),(0.175,1.325),.PIECEWISE_BEZIER_KNOTS.);
#4129 = CARTESIAN_POINT('',(42.6,0.));
#4130 = CARTESIAN_POINT('',(42.6,1.15));
#4131 = ( GEOMETRIC_REPRESENTATION_CONTEXT(2) 
PARAMETRIC_REPRESENTATION_CONTEXT() REPRESENTATION_CONTEXT('2D SPACE',''
  ) );
#4132 = ORIENTED_EDGE('',*,*,#4133,.T.);
#4133 = EDGE_CURVE('',#4113,#4134,#4136,.T.);
#4134 = VERTEX_POINT('',#4135);
#4135 = CARTESIAN_POINT('',(42.,-21.85,4.4));
#4136 = SURFACE_CURVE('',#4137,(#4141,#4147),.PCURVE_S1.);
#4137 = LINE('',#4138,#4139);
#4138 = CARTESIAN_POINT('',(42.,-21.85,-0.55));
#4139 = VECTOR('',#4140,1.);
#4140 = DIRECTION('',(0.,0.,-1.));
#4141 = PCURVE('',#4007,#4142);
#4142 = DEFINITIONAL_REPRESENTATION('',(#4143),#4146);
#4143 = B_SPLINE_CURVE_WITH_KNOTS('',1,(#4144,#4145),.UNSPECIFIED.,.F.,
  .F.,(2,2),(-7.15,-4.95),.PIECEWISE_BEZIER_KNOTS.);
#4144 = CARTESIAN_POINT('',(4.8,-0.35));
#4145 = CARTESIAN_POINT('',(2.6,-0.35));
#4146 = ( GEOMETRIC_REPRESENTATION_CONTEXT(2) 
PARAMETRIC_REPRESENTATION_CONTEXT() REPRESENTATION_CONTEXT('2D SPACE',''
  ) );
#4147 = PCURVE('',#4148,#4153);
#4148 = PLANE('',#4149);
#4149 = AXIS2_PLACEMENT_3D('',#4150,#4151,#4152);
#4150 = CARTESIAN_POINT('',(-0.6,-21.85,-2.9));
#4151 = DIRECTION('',(0.,1.,0.));
#4152 = DIRECTION('',(0.,0.,1.));
#4153 = DEFINITIONAL_REPRESENTATION('',(#4154),#4157);
#4154 = B_SPLINE_CURVE_WITH_KNOTS('',1,(#4155,#4156),.UNSPECIFIED.,.F.,
  .F.,(2,2),(-7.15,-4.95),.PIECEWISE_BEZIER_KNOTS.);
#4155 = CARTESIAN_POINT('',(9.5,42.6));
#4156 = CARTESIAN_POINT('',(7.3,42.6));
#4157 = ( GEOMETRIC_REPRESENTATION_CONTEXT(2) 
PARAMETRIC_REPRESENTATION_CONTEXT() REPRESENTATION_CONTEXT('2D SPACE',''
  ) );
#4158 = ORIENTED_EDGE('',*,*,#4159,.F.);
#4159 = EDGE_CURVE('',#4022,#4134,#4160,.T.);
#4160 = SURFACE_CURVE('',#4161,(#4165,#4171),.PCURVE_S1.);
#4161 = LINE('',#4162,#4163);
#4162 = CARTESIAN_POINT('',(42.,-16.31851125738,4.4));
#4163 = VECTOR('',#4164,1.);
#4164 = DIRECTION('',(0.,1.,0.));
#4165 = PCURVE('',#4007,#4166);
#4166 = DEFINITIONAL_REPRESENTATION('',(#4167),#4170);
#4167 = B_SPLINE_CURVE_WITH_KNOTS('',1,(#4168,#4169),.UNSPECIFIED.,.F.,
  .F.,(2,2),(-5.88148874262,-4.38148874262),.PIECEWISE_BEZIER_KNOTS.);
#4168 = CARTESIAN_POINT('',(2.6,0.));
#4169 = CARTESIAN_POINT('',(2.6,-1.5));
#4170 = ( GEOMETRIC_REPRESENTATION_CONTEXT(2) 
PARAMETRIC_REPRESENTATION_CONTEXT() REPRESENTATION_CONTEXT('2D SPACE',''
  ) );
#4171 = PCURVE('',#152,#4172);
#4172 = DEFINITIONAL_REPRESENTATION('',(#4173),#4176);
#4173 = B_SPLINE_CURVE_WITH_KNOTS('',1,(#4174,#4175),.UNSPECIFIED.,.F.,
  .F.,(2,2),(-5.88148874262,-4.38148874262),.PIECEWISE_BEZIER_KNOTS.);
#4174 = CARTESIAN_POINT('',(5.760414207808,-11.76297748524));
#4175 = CARTESIAN_POINT('',(5.760414207808,-10.26297748524));
#4176 = ( GEOMETRIC_REPRESENTATION_CONTEXT(2) 
PARAMETRIC_REPRESENTATION_CONTEXT() REPRESENTATION_CONTEXT('2D SPACE',''
  ) );
#4177 = ADVANCED_FACE('',(#4178),#4148,.T.);
#4178 = FACE_BOUND('',#4179,.T.);
#4179 = EDGE_LOOP('',(#4180,#4208,#4227,#4228));
#4180 = ORIENTED_EDGE('',*,*,#4181,.T.);
#4181 = EDGE_CURVE('',#4182,#4184,#4186,.T.);
#4182 = VERTEX_POINT('',#4183);
#4183 = CARTESIAN_POINT('',(66.,-21.85,6.6));
#4184 = VERTEX_POINT('',#4185);
#4185 = CARTESIAN_POINT('',(66.,-21.85,4.4));
#4186 = SURFACE_CURVE('',#4187,(#4191,#4197),.PCURVE_S1.);
#4187 = LINE('',#4188,#4189);
#4188 = CARTESIAN_POINT('',(66.,-21.85,-0.55));
#4189 = VECTOR('',#4190,1.);
#4190 = DIRECTION('',(0.,0.,-1.));
#4191 = PCURVE('',#4148,#4192);
#4192 = DEFINITIONAL_REPRESENTATION('',(#4193),#4196);
#4193 = B_SPLINE_CURVE_WITH_KNOTS('',1,(#4194,#4195),.UNSPECIFIED.,.F.,
  .F.,(2,2),(-7.15,-4.95),.PIECEWISE_BEZIER_KNOTS.);
#4194 = CARTESIAN_POINT('',(9.5,66.6));
#4195 = CARTESIAN_POINT('',(7.3,66.6));
#4196 = ( GEOMETRIC_REPRESENTATION_CONTEXT(2) 
PARAMETRIC_REPRESENTATION_CONTEXT() REPRESENTATION_CONTEXT('2D SPACE',''
  ) );
#4197 = PCURVE('',#4198,#4203);
#4198 = PLANE('',#4199);
#4199 = AXIS2_PLACEMENT_3D('',#4200,#4201,#4202);
#4200 = CARTESIAN_POINT('',(66.,-22.2,1.8));
#4201 = DIRECTION('',(1.,0.,0.));
#4202 = DIRECTION('',(0.,0.,1.));
#4203 = DEFINITIONAL_REPRESENTATION('',(#4204),#4207);
#4204 = B_SPLINE_CURVE_WITH_KNOTS('',1,(#4205,#4206),.UNSPECIFIED.,.F.,
  .F.,(2,2),(-7.15,-4.95),.PIECEWISE_BEZIER_KNOTS.);
#4205 = CARTESIAN_POINT('',(4.8,-0.35));
#4206 = CARTESIAN_POINT('',(2.6,-0.35));
#4207 = ( GEOMETRIC_REPRESENTATION_CONTEXT(2) 
PARAMETRIC_REPRESENTATION_CONTEXT() REPRESENTATION_CONTEXT('2D SPACE',''
  ) );
#4208 = ORIENTED_EDGE('',*,*,#4209,.T.);
#4209 = EDGE_CURVE('',#4184,#4134,#4210,.T.);
#4210 = SURFACE_CURVE('',#4211,(#4215,#4221),.PCURVE_S1.);
#4211 = LINE('',#4212,#4213);
#4212 = CARTESIAN_POINT('',(17.819792896096,-21.85,4.4));
#4213 = VECTOR('',#4214,1.);
#4214 = DIRECTION('',(-1.,0.,0.));
#4215 = PCURVE('',#4148,#4216);
#4216 = DEFINITIONAL_REPRESENTATION('',(#4217),#4220);
#4217 = B_SPLINE_CURVE_WITH_KNOTS('',1,(#4218,#4219),.UNSPECIFIED.,.F.,
  .F.,(2,2),(-55.5802071039,18.419792896096),.PIECEWISE_BEZIER_KNOTS.);
#4218 = CARTESIAN_POINT('',(7.3,74.));
#4219 = CARTESIAN_POINT('',(7.3,0.));
#4220 = ( GEOMETRIC_REPRESENTATION_CONTEXT(2) 
PARAMETRIC_REPRESENTATION_CONTEXT() REPRESENTATION_CONTEXT('2D SPACE',''
  ) );
#4221 = PCURVE('',#152,#4222);
#4222 = DEFINITIONAL_REPRESENTATION('',(#4223),#4226);
#4223 = B_SPLINE_CURVE_WITH_KNOTS('',1,(#4224,#4225),.UNSPECIFIED.,.F.,
  .F.,(2,2),(-55.5802071039,18.419792896096),.PIECEWISE_BEZIER_KNOTS.);
#4224 = CARTESIAN_POINT('',(37.160414207808,-11.41297748524));
#4225 = CARTESIAN_POINT('',(-36.83958579219,-11.41297748524));
#4226 = ( GEOMETRIC_REPRESENTATION_CONTEXT(2) 
PARAMETRIC_REPRESENTATION_CONTEXT() REPRESENTATION_CONTEXT('2D SPACE',''
  ) );
#4227 = ORIENTED_EDGE('',*,*,#4133,.F.);
#4228 = ORIENTED_EDGE('',*,*,#4229,.T.);
#4229 = EDGE_CURVE('',#4113,#4182,#4230,.T.);
#4230 = SURFACE_CURVE('',#4231,(#4235,#4242),.PCURVE_S1.);
#4231 = LINE('',#4232,#4233);
#4232 = CARTESIAN_POINT('',(-0.6,-21.85,6.6));
#4233 = VECTOR('',#4234,1.);
#4234 = DIRECTION('',(1.,0.,0.));
#4235 = PCURVE('',#4148,#4236);
#4236 = DEFINITIONAL_REPRESENTATION('',(#4237),#4241);
#4237 = LINE('',#4238,#4239);
#4238 = CARTESIAN_POINT('',(9.5,0.));
#4239 = VECTOR('',#4240,1.);
#4240 = DIRECTION('',(0.,1.));
#4241 = ( GEOMETRIC_REPRESENTATION_CONTEXT(2) 
PARAMETRIC_REPRESENTATION_CONTEXT() REPRESENTATION_CONTEXT('2D SPACE',''
  ) );
#4242 = PCURVE('',#2335,#4243);
#4243 = DEFINITIONAL_REPRESENTATION('',(#4244),#4248);
#4244 = LINE('',#4245,#4246);
#4245 = CARTESIAN_POINT('',(0.,0.));
#4246 = VECTOR('',#4247,1.);
#4247 = DIRECTION('',(1.,0.));
#4248 = ( GEOMETRIC_REPRESENTATION_CONTEXT(2) 
PARAMETRIC_REPRESENTATION_CONTEXT() REPRESENTATION_CONTEXT('2D SPACE',''
  ) );
#4249 = ADVANCED_FACE('',(#4250),#4198,.F.);
#4250 = FACE_BOUND('',#4251,.F.);
#4251 = EDGE_LOOP('',(#4252,#4282,#4308,#4334,#4362,#4390,#4409,#4410));
#4252 = ORIENTED_EDGE('',*,*,#4253,.F.);
#4253 = EDGE_CURVE('',#4254,#4256,#4258,.T.);
#4254 = VERTEX_POINT('',#4255);
#4255 = CARTESIAN_POINT('',(66.,-22.2,2.55));
#4256 = VERTEX_POINT('',#4257);
#4257 = CARTESIAN_POINT('',(66.,-22.2,4.4));
#4258 = SURFACE_CURVE('',#4259,(#4263,#4270),.PCURVE_S1.);
#4259 = LINE('',#4260,#4261);
#4260 = CARTESIAN_POINT('',(66.,-22.2,1.8));
#4261 = VECTOR('',#4262,1.);
#4262 = DIRECTION('',(0.,0.,1.));
#4263 = PCURVE('',#4198,#4264);
#4264 = DEFINITIONAL_REPRESENTATION('',(#4265),#4269);
#4265 = LINE('',#4266,#4267);
#4266 = CARTESIAN_POINT('',(0.,0.));
#4267 = VECTOR('',#4268,1.);
#4268 = DIRECTION('',(1.,0.));
#4269 = ( GEOMETRIC_REPRESENTATION_CONTEXT(2) 
PARAMETRIC_REPRESENTATION_CONTEXT() REPRESENTATION_CONTEXT('2D SPACE',''
  ) );
#4270 = PCURVE('',#4271,#4276);
#4271 = PLANE('',#4272);
#4272 = AXIS2_PLACEMENT_3D('',#4273,#4274,#4275);
#4273 = CARTESIAN_POINT('',(66.,-22.2,1.8));
#4274 = DIRECTION('',(0.,1.,0.));
#4275 = DIRECTION('',(0.,0.,1.));
#4276 = DEFINITIONAL_REPRESENTATION('',(#4277),#4281);
#4277 = LINE('',#4278,#4279);
#4278 = CARTESIAN_POINT('',(0.,0.));
#4279 = VECTOR('',#4280,1.);
#4280 = DIRECTION('',(1.,0.));
#4281 = ( GEOMETRIC_REPRESENTATION_CONTEXT(2) 
PARAMETRIC_REPRESENTATION_CONTEXT() REPRESENTATION_CONTEXT('2D SPACE',''
  ) );
#4282 = ORIENTED_EDGE('',*,*,#4283,.F.);
#4283 = EDGE_CURVE('',#4284,#4254,#4286,.T.);
#4284 = VERTEX_POINT('',#4285);
#4285 = CARTESIAN_POINT('',(66.,-21.357,2.55));
#4286 = SURFACE_CURVE('',#4287,(#4291,#4297),.PCURVE_S1.);
#4287 = LINE('',#4288,#4289);
#4288 = CARTESIAN_POINT('',(66.,-22.25,2.55));
#4289 = VECTOR('',#4290,1.);
#4290 = DIRECTION('',(0.,-1.,0.));
#4291 = PCURVE('',#4198,#4292);
#4292 = DEFINITIONAL_REPRESENTATION('',(#4293),#4296);
#4293 = B_SPLINE_CURVE_WITH_KNOTS('',1,(#4294,#4295),.UNSPECIFIED.,.F.,
  .F.,(2,2),(-0.893,-5.E-02),.PIECEWISE_BEZIER_KNOTS.);
#4294 = CARTESIAN_POINT('',(0.75,-0.843));
#4295 = CARTESIAN_POINT('',(0.75,0.));
#4296 = ( GEOMETRIC_REPRESENTATION_CONTEXT(2) 
PARAMETRIC_REPRESENTATION_CONTEXT() REPRESENTATION_CONTEXT('2D SPACE',''
  ) );
#4297 = PCURVE('',#4298,#4303);
#4298 = PLANE('',#4299);
#4299 = AXIS2_PLACEMENT_3D('',#4300,#4301,#4302);
#4300 = CARTESIAN_POINT('',(65.8,-22.3,2.55));
#4301 = DIRECTION('',(0.,0.,1.));
#4302 = DIRECTION('',(1.,0.,0.));
#4303 = DEFINITIONAL_REPRESENTATION('',(#4304),#4307);
#4304 = B_SPLINE_CURVE_WITH_KNOTS('',1,(#4305,#4306),.UNSPECIFIED.,.F.,
  .F.,(2,2),(-0.893,-5.E-02),.PIECEWISE_BEZIER_KNOTS.);
#4305 = CARTESIAN_POINT('',(0.2,0.943));
#4306 = CARTESIAN_POINT('',(0.2,0.1));
#4307 = ( GEOMETRIC_REPRESENTATION_CONTEXT(2) 
PARAMETRIC_REPRESENTATION_CONTEXT() REPRESENTATION_CONTEXT('2D SPACE',''
  ) );
#4308 = ORIENTED_EDGE('',*,*,#4309,.F.);
#4309 = EDGE_CURVE('',#4310,#4284,#4312,.T.);
#4310 = VERTEX_POINT('',#4311);
#4311 = CARTESIAN_POINT('',(66.,-21.357,1.8));
#4312 = SURFACE_CURVE('',#4313,(#4317,#4323),.PCURVE_S1.);
#4313 = LINE('',#4314,#4315);
#4314 = CARTESIAN_POINT('',(66.,-21.357,1.775));
#4315 = VECTOR('',#4316,1.);
#4316 = DIRECTION('',(0.,0.,1.));
#4317 = PCURVE('',#4198,#4318);
#4318 = DEFINITIONAL_REPRESENTATION('',(#4319),#4322);
#4319 = B_SPLINE_CURVE_WITH_KNOTS('',1,(#4320,#4321),.UNSPECIFIED.,.F.,
  .F.,(2,2),(2.5E-02,0.775),.PIECEWISE_BEZIER_KNOTS.);
#4320 = CARTESIAN_POINT('',(0.,-0.843));
#4321 = CARTESIAN_POINT('',(0.75,-0.843));
#4322 = ( GEOMETRIC_REPRESENTATION_CONTEXT(2) 
PARAMETRIC_REPRESENTATION_CONTEXT() REPRESENTATION_CONTEXT('2D SPACE',''
  ) );
#4323 = PCURVE('',#4324,#4329);
#4324 = PLANE('',#4325);
#4325 = AXIS2_PLACEMENT_3D('',#4326,#4327,#4328);
#4326 = CARTESIAN_POINT('',(65.8,-21.357,1.75));
#4327 = DIRECTION('',(0.,1.,0.));
#4328 = DIRECTION('',(0.,0.,1.));
#4329 = DEFINITIONAL_REPRESENTATION('',(#4330),#4333);
#4330 = B_SPLINE_CURVE_WITH_KNOTS('',1,(#4331,#4332),.UNSPECIFIED.,.F.,
  .F.,(2,2),(2.5E-02,0.775),.PIECEWISE_BEZIER_KNOTS.);
#4331 = CARTESIAN_POINT('',(5.E-02,0.2));
#4332 = CARTESIAN_POINT('',(0.8,0.2));
#4333 = ( GEOMETRIC_REPRESENTATION_CONTEXT(2) 
PARAMETRIC_REPRESENTATION_CONTEXT() REPRESENTATION_CONTEXT('2D SPACE',''
  ) );
#4334 = ORIENTED_EDGE('',*,*,#4335,.T.);
#4335 = EDGE_CURVE('',#4310,#4336,#4338,.T.);
#4336 = VERTEX_POINT('',#4337);
#4337 = CARTESIAN_POINT('',(66.,-20.7,1.8));
#4338 = SURFACE_CURVE('',#4339,(#4343,#4350),.PCURVE_S1.);
#4339 = LINE('',#4340,#4341);
#4340 = CARTESIAN_POINT('',(66.,-22.2,1.8));
#4341 = VECTOR('',#4342,1.);
#4342 = DIRECTION('',(0.,1.,0.));
#4343 = PCURVE('',#4198,#4344);
#4344 = DEFINITIONAL_REPRESENTATION('',(#4345),#4349);
#4345 = LINE('',#4346,#4347);
#4346 = CARTESIAN_POINT('',(0.,0.));
#4347 = VECTOR('',#4348,1.);
#4348 = DIRECTION('',(0.,-1.));
#4349 = ( GEOMETRIC_REPRESENTATION_CONTEXT(2) 
PARAMETRIC_REPRESENTATION_CONTEXT() REPRESENTATION_CONTEXT('2D SPACE',''
  ) );
#4350 = PCURVE('',#4351,#4356);
#4351 = PLANE('',#4352);
#4352 = AXIS2_PLACEMENT_3D('',#4353,#4354,#4355);
#4353 = CARTESIAN_POINT('',(66.,-22.2,1.8));
#4354 = DIRECTION('',(0.,0.,1.));
#4355 = DIRECTION('',(1.,0.,0.));
#4356 = DEFINITIONAL_REPRESENTATION('',(#4357),#4361);
#4357 = LINE('',#4358,#4359);
#4358 = CARTESIAN_POINT('',(0.,0.));
#4359 = VECTOR('',#4360,1.);
#4360 = DIRECTION('',(0.,1.));
#4361 = ( GEOMETRIC_REPRESENTATION_CONTEXT(2) 
PARAMETRIC_REPRESENTATION_CONTEXT() REPRESENTATION_CONTEXT('2D SPACE',''
  ) );
#4362 = ORIENTED_EDGE('',*,*,#4363,.T.);
#4363 = EDGE_CURVE('',#4336,#4364,#4366,.T.);
#4364 = VERTEX_POINT('',#4365);
#4365 = CARTESIAN_POINT('',(66.,-20.7,6.6));
#4366 = SURFACE_CURVE('',#4367,(#4371,#4378),.PCURVE_S1.);
#4367 = LINE('',#4368,#4369);
#4368 = CARTESIAN_POINT('',(66.,-20.7,1.8));
#4369 = VECTOR('',#4370,1.);
#4370 = DIRECTION('',(0.,0.,1.));
#4371 = PCURVE('',#4198,#4372);
#4372 = DEFINITIONAL_REPRESENTATION('',(#4373),#4377);
#4373 = LINE('',#4374,#4375);
#4374 = CARTESIAN_POINT('',(0.,-1.5));
#4375 = VECTOR('',#4376,1.);
#4376 = DIRECTION('',(1.,0.));
#4377 = ( GEOMETRIC_REPRESENTATION_CONTEXT(2) 
PARAMETRIC_REPRESENTATION_CONTEXT() REPRESENTATION_CONTEXT('2D SPACE',''
  ) );
#4378 = PCURVE('',#4379,#4384);
#4379 = PLANE('',#4380);
#4380 = AXIS2_PLACEMENT_3D('',#4381,#4382,#4383);
#4381 = CARTESIAN_POINT('',(66.,-20.7,1.8));
#4382 = DIRECTION('',(0.,1.,0.));
#4383 = DIRECTION('',(0.,0.,1.));
#4384 = DEFINITIONAL_REPRESENTATION('',(#4385),#4389);
#4385 = LINE('',#4386,#4387);
#4386 = CARTESIAN_POINT('',(0.,0.));
#4387 = VECTOR('',#4388,1.);
#4388 = DIRECTION('',(1.,0.));
#4389 = ( GEOMETRIC_REPRESENTATION_CONTEXT(2) 
PARAMETRIC_REPRESENTATION_CONTEXT() REPRESENTATION_CONTEXT('2D SPACE',''
  ) );
#4390 = ORIENTED_EDGE('',*,*,#4391,.F.);
#4391 = EDGE_CURVE('',#4182,#4364,#4392,.T.);
#4392 = SURFACE_CURVE('',#4393,(#4397,#4403),.PCURVE_S1.);
#4393 = LINE('',#4394,#4395);
#4394 = CARTESIAN_POINT('',(66.,-22.025,6.6));
#4395 = VECTOR('',#4396,1.);
#4396 = DIRECTION('',(0.,1.,0.));
#4397 = PCURVE('',#4198,#4398);
#4398 = DEFINITIONAL_REPRESENTATION('',(#4399),#4402);
#4399 = B_SPLINE_CURVE_WITH_KNOTS('',1,(#4400,#4401),.UNSPECIFIED.,.F.,
  .F.,(2,2),(0.175,1.325),.PIECEWISE_BEZIER_KNOTS.);
#4400 = CARTESIAN_POINT('',(4.8,-0.35));
#4401 = CARTESIAN_POINT('',(4.8,-1.5));
#4402 = ( GEOMETRIC_REPRESENTATION_CONTEXT(2) 
PARAMETRIC_REPRESENTATION_CONTEXT() REPRESENTATION_CONTEXT('2D SPACE',''
  ) );
#4403 = PCURVE('',#2335,#4404);
#4404 = DEFINITIONAL_REPRESENTATION('',(#4405),#4408);
#4405 = B_SPLINE_CURVE_WITH_KNOTS('',1,(#4406,#4407),.UNSPECIFIED.,.F.,
  .F.,(2,2),(0.175,1.325),.PIECEWISE_BEZIER_KNOTS.);
#4406 = CARTESIAN_POINT('',(66.6,0.));
#4407 = CARTESIAN_POINT('',(66.6,1.15));
#4408 = ( GEOMETRIC_REPRESENTATION_CONTEXT(2) 
PARAMETRIC_REPRESENTATION_CONTEXT() REPRESENTATION_CONTEXT('2D SPACE',''
  ) );
#4409 = ORIENTED_EDGE('',*,*,#4181,.T.);
#4410 = ORIENTED_EDGE('',*,*,#4411,.F.);
#4411 = EDGE_CURVE('',#4256,#4184,#4412,.T.);
#4412 = SURFACE_CURVE('',#4413,(#4417,#4423),.PCURVE_S1.);
#4413 = LINE('',#4414,#4415);
#4414 = CARTESIAN_POINT('',(66.,-16.31851125738,4.4));
#4415 = VECTOR('',#4416,1.);
#4416 = DIRECTION('',(0.,1.,0.));
#4417 = PCURVE('',#4198,#4418);
#4418 = DEFINITIONAL_REPRESENTATION('',(#4419),#4422);
#4419 = B_SPLINE_CURVE_WITH_KNOTS('',1,(#4420,#4421),.UNSPECIFIED.,.F.,
  .F.,(2,2),(-5.88148874262,-4.38148874262),.PIECEWISE_BEZIER_KNOTS.);
#4420 = CARTESIAN_POINT('',(2.6,0.));
#4421 = CARTESIAN_POINT('',(2.6,-1.5));
#4422 = ( GEOMETRIC_REPRESENTATION_CONTEXT(2) 
PARAMETRIC_REPRESENTATION_CONTEXT() REPRESENTATION_CONTEXT('2D SPACE',''
  ) );
#4423 = PCURVE('',#152,#4424);
#4424 = DEFINITIONAL_REPRESENTATION('',(#4425),#4428);
#4425 = B_SPLINE_CURVE_WITH_KNOTS('',1,(#4426,#4427),.UNSPECIFIED.,.F.,
  .F.,(2,2),(-5.88148874262,-4.38148874262),.PIECEWISE_BEZIER_KNOTS.);
#4426 = CARTESIAN_POINT('',(29.760414207808,-11.76297748524));
#4427 = CARTESIAN_POINT('',(29.760414207808,-10.26297748524));
#4428 = ( GEOMETRIC_REPRESENTATION_CONTEXT(2) 
PARAMETRIC_REPRESENTATION_CONTEXT() REPRESENTATION_CONTEXT('2D SPACE',''
  ) );
#4429 = ADVANCED_FACE('',(#4430),#4298,.F.);
#4430 = FACE_BOUND('',#4431,.F.);
#4431 = EDGE_LOOP('',(#4432,#4455,#4456,#4477));
#4432 = ORIENTED_EDGE('',*,*,#4433,.F.);
#4433 = EDGE_CURVE('',#4284,#4434,#4436,.T.);
#4434 = VERTEX_POINT('',#4435);
#4435 = CARTESIAN_POINT('',(68.,-21.357,2.55));
#4436 = SURFACE_CURVE('',#4437,(#4441,#4448),.PCURVE_S1.);
#4437 = LINE('',#4438,#4439);
#4438 = CARTESIAN_POINT('',(65.8,-21.357,2.55));
#4439 = VECTOR('',#4440,1.);
#4440 = DIRECTION('',(1.,0.,0.));
#4441 = PCURVE('',#4298,#4442);
#4442 = DEFINITIONAL_REPRESENTATION('',(#4443),#4447);
#4443 = LINE('',#4444,#4445);
#4444 = CARTESIAN_POINT('',(0.,0.943));
#4445 = VECTOR('',#4446,1.);
#4446 = DIRECTION('',(1.,0.));
#4447 = ( GEOMETRIC_REPRESENTATION_CONTEXT(2) 
PARAMETRIC_REPRESENTATION_CONTEXT() REPRESENTATION_CONTEXT('2D SPACE',''
  ) );
#4448 = PCURVE('',#4324,#4449);
#4449 = DEFINITIONAL_REPRESENTATION('',(#4450),#4454);
#4450 = LINE('',#4451,#4452);
#4451 = CARTESIAN_POINT('',(0.8,0.));
#4452 = VECTOR('',#4453,1.);
#4453 = DIRECTION('',(0.,1.));
#4454 = ( GEOMETRIC_REPRESENTATION_CONTEXT(2) 
PARAMETRIC_REPRESENTATION_CONTEXT() REPRESENTATION_CONTEXT('2D SPACE',''
  ) );
#4455 = ORIENTED_EDGE('',*,*,#4283,.T.);
#4456 = ORIENTED_EDGE('',*,*,#4457,.T.);
#4457 = EDGE_CURVE('',#4254,#4458,#4460,.T.);
#4458 = VERTEX_POINT('',#4459);
#4459 = CARTESIAN_POINT('',(68.,-22.2,2.55));
#4460 = SURFACE_CURVE('',#4461,(#4465,#4471),.PCURVE_S1.);
#4461 = LINE('',#4462,#4463);
#4462 = CARTESIAN_POINT('',(65.9,-22.2,2.55));
#4463 = VECTOR('',#4464,1.);
#4464 = DIRECTION('',(1.,0.,0.));
#4465 = PCURVE('',#4298,#4466);
#4466 = DEFINITIONAL_REPRESENTATION('',(#4467),#4470);
#4467 = B_SPLINE_CURVE_WITH_KNOTS('',1,(#4468,#4469),.UNSPECIFIED.,.F.,
  .F.,(2,2),(9.999999999999E-02,2.1),.PIECEWISE_BEZIER_KNOTS.);
#4468 = CARTESIAN_POINT('',(0.2,0.1));
#4469 = CARTESIAN_POINT('',(2.2,0.1));
#4470 = ( GEOMETRIC_REPRESENTATION_CONTEXT(2) 
PARAMETRIC_REPRESENTATION_CONTEXT() REPRESENTATION_CONTEXT('2D SPACE',''
  ) );
#4471 = PCURVE('',#4271,#4472);
#4472 = DEFINITIONAL_REPRESENTATION('',(#4473),#4476);
#4473 = B_SPLINE_CURVE_WITH_KNOTS('',1,(#4474,#4475),.UNSPECIFIED.,.F.,
  .F.,(2,2),(9.999999999999E-02,2.1),.PIECEWISE_BEZIER_KNOTS.);
#4474 = CARTESIAN_POINT('',(0.75,0.));
#4475 = CARTESIAN_POINT('',(0.75,2.));
#4476 = ( GEOMETRIC_REPRESENTATION_CONTEXT(2) 
PARAMETRIC_REPRESENTATION_CONTEXT() REPRESENTATION_CONTEXT('2D SPACE',''
  ) );
#4477 = ORIENTED_EDGE('',*,*,#4478,.F.);
#4478 = EDGE_CURVE('',#4434,#4458,#4479,.T.);
#4479 = SURFACE_CURVE('',#4480,(#4484,#4490),.PCURVE_S1.);
#4480 = LINE('',#4481,#4482);
#4481 = CARTESIAN_POINT('',(68.,-22.25,2.55));
#4482 = VECTOR('',#4483,1.);
#4483 = DIRECTION('',(0.,-1.,0.));
#4484 = PCURVE('',#4298,#4485);
#4485 = DEFINITIONAL_REPRESENTATION('',(#4486),#4489);
#4486 = B_SPLINE_CURVE_WITH_KNOTS('',1,(#4487,#4488),.UNSPECIFIED.,.F.,
  .F.,(2,2),(-0.893,-5.E-02),.PIECEWISE_BEZIER_KNOTS.);
#4487 = CARTESIAN_POINT('',(2.2,0.943));
#4488 = CARTESIAN_POINT('',(2.2,0.1));
#4489 = ( GEOMETRIC_REPRESENTATION_CONTEXT(2) 
PARAMETRIC_REPRESENTATION_CONTEXT() REPRESENTATION_CONTEXT('2D SPACE',''
  ) );
#4490 = PCURVE('',#4491,#4496);
#4491 = PLANE('',#4492);
#4492 = AXIS2_PLACEMENT_3D('',#4493,#4494,#4495);
#4493 = CARTESIAN_POINT('',(68.,-22.2,1.8));
#4494 = DIRECTION('',(1.,0.,0.));
#4495 = DIRECTION('',(0.,0.,1.));
#4496 = DEFINITIONAL_REPRESENTATION('',(#4497),#4500);
#4497 = B_SPLINE_CURVE_WITH_KNOTS('',1,(#4498,#4499),.UNSPECIFIED.,.F.,
  .F.,(2,2),(-0.893,-5.E-02),.PIECEWISE_BEZIER_KNOTS.);
#4498 = CARTESIAN_POINT('',(0.75,-0.843));
#4499 = CARTESIAN_POINT('',(0.75,0.));
#4500 = ( GEOMETRIC_REPRESENTATION_CONTEXT(2) 
PARAMETRIC_REPRESENTATION_CONTEXT() REPRESENTATION_CONTEXT('2D SPACE',''
  ) );
#4501 = ADVANCED_FACE('',(#4502),#4491,.T.);
#4502 = FACE_BOUND('',#4503,.T.);
#4503 = EDGE_LOOP('',(#4504,#4527,#4528,#4549,#4572,#4595,#4616,#4642));
#4504 = ORIENTED_EDGE('',*,*,#4505,.F.);
#4505 = EDGE_CURVE('',#4458,#4506,#4508,.T.);
#4506 = VERTEX_POINT('',#4507);
#4507 = CARTESIAN_POINT('',(68.,-22.2,4.4));
#4508 = SURFACE_CURVE('',#4509,(#4513,#4520),.PCURVE_S1.);
#4509 = LINE('',#4510,#4511);
#4510 = CARTESIAN_POINT('',(68.,-22.2,1.8));
#4511 = VECTOR('',#4512,1.);
#4512 = DIRECTION('',(0.,0.,1.));
#4513 = PCURVE('',#4491,#4514);
#4514 = DEFINITIONAL_REPRESENTATION('',(#4515),#4519);
#4515 = LINE('',#4516,#4517);
#4516 = CARTESIAN_POINT('',(0.,0.));
#4517 = VECTOR('',#4518,1.);
#4518 = DIRECTION('',(1.,0.));
#4519 = ( GEOMETRIC_REPRESENTATION_CONTEXT(2) 
PARAMETRIC_REPRESENTATION_CONTEXT() REPRESENTATION_CONTEXT('2D SPACE',''
  ) );
#4520 = PCURVE('',#4271,#4521);
#4521 = DEFINITIONAL_REPRESENTATION('',(#4522),#4526);
#4522 = LINE('',#4523,#4524);
#4523 = CARTESIAN_POINT('',(0.,2.));
#4524 = VECTOR('',#4525,1.);
#4525 = DIRECTION('',(1.,0.));
#4526 = ( GEOMETRIC_REPRESENTATION_CONTEXT(2) 
PARAMETRIC_REPRESENTATION_CONTEXT() REPRESENTATION_CONTEXT('2D SPACE',''
  ) );
#4527 = ORIENTED_EDGE('',*,*,#4478,.F.);
#4528 = ORIENTED_EDGE('',*,*,#4529,.F.);
#4529 = EDGE_CURVE('',#4530,#4434,#4532,.T.);
#4530 = VERTEX_POINT('',#4531);
#4531 = CARTESIAN_POINT('',(68.,-21.357,1.8));
#4532 = SURFACE_CURVE('',#4533,(#4537,#4543),.PCURVE_S1.);
#4533 = LINE('',#4534,#4535);
#4534 = CARTESIAN_POINT('',(68.,-21.357,1.775));
#4535 = VECTOR('',#4536,1.);
#4536 = DIRECTION('',(0.,0.,1.));
#4537 = PCURVE('',#4491,#4538);
#4538 = DEFINITIONAL_REPRESENTATION('',(#4539),#4542);
#4539 = B_SPLINE_CURVE_WITH_KNOTS('',1,(#4540,#4541),.UNSPECIFIED.,.F.,
  .F.,(2,2),(2.5E-02,0.775),.PIECEWISE_BEZIER_KNOTS.);
#4540 = CARTESIAN_POINT('',(0.,-0.843));
#4541 = CARTESIAN_POINT('',(0.75,-0.843));
#4542 = ( GEOMETRIC_REPRESENTATION_CONTEXT(2) 
PARAMETRIC_REPRESENTATION_CONTEXT() REPRESENTATION_CONTEXT('2D SPACE',''
  ) );
#4543 = PCURVE('',#4324,#4544);
#4544 = DEFINITIONAL_REPRESENTATION('',(#4545),#4548);
#4545 = B_SPLINE_CURVE_WITH_KNOTS('',1,(#4546,#4547),.UNSPECIFIED.,.F.,
  .F.,(2,2),(2.5E-02,0.775),.PIECEWISE_BEZIER_KNOTS.);
#4546 = CARTESIAN_POINT('',(5.E-02,2.2));
#4547 = CARTESIAN_POINT('',(0.8,2.2));
#4548 = ( GEOMETRIC_REPRESENTATION_CONTEXT(2) 
PARAMETRIC_REPRESENTATION_CONTEXT() REPRESENTATION_CONTEXT('2D SPACE',''
  ) );
#4549 = ORIENTED_EDGE('',*,*,#4550,.T.);
#4550 = EDGE_CURVE('',#4530,#4551,#4553,.T.);
#4551 = VERTEX_POINT('',#4552);
#4552 = CARTESIAN_POINT('',(68.,-20.7,1.8));
#4553 = SURFACE_CURVE('',#4554,(#4558,#4565),.PCURVE_S1.);
#4554 = LINE('',#4555,#4556);
#4555 = CARTESIAN_POINT('',(68.,-22.2,1.8));
#4556 = VECTOR('',#4557,1.);
#4557 = DIRECTION('',(0.,1.,0.));
#4558 = PCURVE('',#4491,#4559);
#4559 = DEFINITIONAL_REPRESENTATION('',(#4560),#4564);
#4560 = LINE('',#4561,#4562);
#4561 = CARTESIAN_POINT('',(0.,0.));
#4562 = VECTOR('',#4563,1.);
#4563 = DIRECTION('',(0.,-1.));
#4564 = ( GEOMETRIC_REPRESENTATION_CONTEXT(2) 
PARAMETRIC_REPRESENTATION_CONTEXT() REPRESENTATION_CONTEXT('2D SPACE',''
  ) );
#4565 = PCURVE('',#4351,#4566);
#4566 = DEFINITIONAL_REPRESENTATION('',(#4567),#4571);
#4567 = LINE('',#4568,#4569);
#4568 = CARTESIAN_POINT('',(2.,0.));
#4569 = VECTOR('',#4570,1.);
#4570 = DIRECTION('',(0.,1.));
#4571 = ( GEOMETRIC_REPRESENTATION_CONTEXT(2) 
PARAMETRIC_REPRESENTATION_CONTEXT() REPRESENTATION_CONTEXT('2D SPACE',''
  ) );
#4572 = ORIENTED_EDGE('',*,*,#4573,.T.);
#4573 = EDGE_CURVE('',#4551,#4574,#4576,.T.);
#4574 = VERTEX_POINT('',#4575);
#4575 = CARTESIAN_POINT('',(68.,-20.7,6.6));
#4576 = SURFACE_CURVE('',#4577,(#4581,#4588),.PCURVE_S1.);
#4577 = LINE('',#4578,#4579);
#4578 = CARTESIAN_POINT('',(68.,-20.7,1.8));
#4579 = VECTOR('',#4580,1.);
#4580 = DIRECTION('',(0.,0.,1.));
#4581 = PCURVE('',#4491,#4582);
#4582 = DEFINITIONAL_REPRESENTATION('',(#4583),#4587);
#4583 = LINE('',#4584,#4585);
#4584 = CARTESIAN_POINT('',(0.,-1.5));
#4585 = VECTOR('',#4586,1.);
#4586 = DIRECTION('',(1.,0.));
#4587 = ( GEOMETRIC_REPRESENTATION_CONTEXT(2) 
PARAMETRIC_REPRESENTATION_CONTEXT() REPRESENTATION_CONTEXT('2D SPACE',''
  ) );
#4588 = PCURVE('',#4379,#4589);
#4589 = DEFINITIONAL_REPRESENTATION('',(#4590),#4594);
#4590 = LINE('',#4591,#4592);
#4591 = CARTESIAN_POINT('',(0.,2.));
#4592 = VECTOR('',#4593,1.);
#4593 = DIRECTION('',(1.,0.));
#4594 = ( GEOMETRIC_REPRESENTATION_CONTEXT(2) 
PARAMETRIC_REPRESENTATION_CONTEXT() REPRESENTATION_CONTEXT('2D SPACE',''
  ) );
#4595 = ORIENTED_EDGE('',*,*,#4596,.F.);
#4596 = EDGE_CURVE('',#4597,#4574,#4599,.T.);
#4597 = VERTEX_POINT('',#4598);
#4598 = CARTESIAN_POINT('',(68.,-21.85,6.6));
#4599 = SURFACE_CURVE('',#4600,(#4604,#4610),.PCURVE_S1.);
#4600 = LINE('',#4601,#4602);
#4601 = CARTESIAN_POINT('',(68.,-22.025,6.6));
#4602 = VECTOR('',#4603,1.);
#4603 = DIRECTION('',(0.,1.,0.));
#4604 = PCURVE('',#4491,#4605);
#4605 = DEFINITIONAL_REPRESENTATION('',(#4606),#4609);
#4606 = B_SPLINE_CURVE_WITH_KNOTS('',1,(#4607,#4608),.UNSPECIFIED.,.F.,
  .F.,(2,2),(0.175,1.325),.PIECEWISE_BEZIER_KNOTS.);
#4607 = CARTESIAN_POINT('',(4.8,-0.35));
#4608 = CARTESIAN_POINT('',(4.8,-1.5));
#4609 = ( GEOMETRIC_REPRESENTATION_CONTEXT(2) 
PARAMETRIC_REPRESENTATION_CONTEXT() REPRESENTATION_CONTEXT('2D SPACE',''
  ) );
#4610 = PCURVE('',#2335,#4611);
#4611 = DEFINITIONAL_REPRESENTATION('',(#4612),#4615);
#4612 = B_SPLINE_CURVE_WITH_KNOTS('',1,(#4613,#4614),.UNSPECIFIED.,.F.,
  .F.,(2,2),(0.175,1.325),.PIECEWISE_BEZIER_KNOTS.);
#4613 = CARTESIAN_POINT('',(68.6,0.));
#4614 = CARTESIAN_POINT('',(68.6,1.15));
#4615 = ( GEOMETRIC_REPRESENTATION_CONTEXT(2) 
PARAMETRIC_REPRESENTATION_CONTEXT() REPRESENTATION_CONTEXT('2D SPACE',''
  ) );
#4616 = ORIENTED_EDGE('',*,*,#4617,.T.);
#4617 = EDGE_CURVE('',#4597,#4618,#4620,.T.);
#4618 = VERTEX_POINT('',#4619);
#4619 = CARTESIAN_POINT('',(68.,-21.85,4.4));
#4620 = SURFACE_CURVE('',#4621,(#4625,#4631),.PCURVE_S1.);
#4621 = LINE('',#4622,#4623);
#4622 = CARTESIAN_POINT('',(68.,-21.85,-0.55));
#4623 = VECTOR('',#4624,1.);
#4624 = DIRECTION('',(0.,0.,-1.));
#4625 = PCURVE('',#4491,#4626);
#4626 = DEFINITIONAL_REPRESENTATION('',(#4627),#4630);
#4627 = B_SPLINE_CURVE_WITH_KNOTS('',1,(#4628,#4629),.UNSPECIFIED.,.F.,
  .F.,(2,2),(-7.15,-4.95),.PIECEWISE_BEZIER_KNOTS.);
#4628 = CARTESIAN_POINT('',(4.8,-0.35));
#4629 = CARTESIAN_POINT('',(2.6,-0.35));
#4630 = ( GEOMETRIC_REPRESENTATION_CONTEXT(2) 
PARAMETRIC_REPRESENTATION_CONTEXT() REPRESENTATION_CONTEXT('2D SPACE',''
  ) );
#4631 = PCURVE('',#4632,#4637);
#4632 = PLANE('',#4633);
#4633 = AXIS2_PLACEMENT_3D('',#4634,#4635,#4636);
#4634 = CARTESIAN_POINT('',(-0.6,-21.85,-2.9));
#4635 = DIRECTION('',(0.,1.,0.));
#4636 = DIRECTION('',(0.,0.,1.));
#4637 = DEFINITIONAL_REPRESENTATION('',(#4638),#4641);
#4638 = B_SPLINE_CURVE_WITH_KNOTS('',1,(#4639,#4640),.UNSPECIFIED.,.F.,
  .F.,(2,2),(-7.15,-4.95),.PIECEWISE_BEZIER_KNOTS.);
#4639 = CARTESIAN_POINT('',(9.5,68.6));
#4640 = CARTESIAN_POINT('',(7.3,68.6));
#4641 = ( GEOMETRIC_REPRESENTATION_CONTEXT(2) 
PARAMETRIC_REPRESENTATION_CONTEXT() REPRESENTATION_CONTEXT('2D SPACE',''
  ) );
#4642 = ORIENTED_EDGE('',*,*,#4643,.F.);
#4643 = EDGE_CURVE('',#4506,#4618,#4644,.T.);
#4644 = SURFACE_CURVE('',#4645,(#4649,#4655),.PCURVE_S1.);
#4645 = LINE('',#4646,#4647);
#4646 = CARTESIAN_POINT('',(68.,-16.31851125738,4.4));
#4647 = VECTOR('',#4648,1.);
#4648 = DIRECTION('',(0.,1.,0.));
#4649 = PCURVE('',#4491,#4650);
#4650 = DEFINITIONAL_REPRESENTATION('',(#4651),#4654);
#4651 = B_SPLINE_CURVE_WITH_KNOTS('',1,(#4652,#4653),.UNSPECIFIED.,.F.,
  .F.,(2,2),(-5.88148874262,-4.38148874262),.PIECEWISE_BEZIER_KNOTS.);
#4652 = CARTESIAN_POINT('',(2.6,0.));
#4653 = CARTESIAN_POINT('',(2.6,-1.5));
#4654 = ( GEOMETRIC_REPRESENTATION_CONTEXT(2) 
PARAMETRIC_REPRESENTATION_CONTEXT() REPRESENTATION_CONTEXT('2D SPACE',''
  ) );
#4655 = PCURVE('',#152,#4656);
#4656 = DEFINITIONAL_REPRESENTATION('',(#4657),#4660);
#4657 = B_SPLINE_CURVE_WITH_KNOTS('',1,(#4658,#4659),.UNSPECIFIED.,.F.,
  .F.,(2,2),(-5.88148874262,-4.38148874262),.PIECEWISE_BEZIER_KNOTS.);
#4658 = CARTESIAN_POINT('',(31.760414207808,-11.76297748524));
#4659 = CARTESIAN_POINT('',(31.760414207808,-10.26297748524));
#4660 = ( GEOMETRIC_REPRESENTATION_CONTEXT(2) 
PARAMETRIC_REPRESENTATION_CONTEXT() REPRESENTATION_CONTEXT('2D SPACE',''
  ) );
#4661 = ADVANCED_FACE('',(#4662),#4632,.T.);
#4662 = FACE_BOUND('',#4663,.T.);
#4663 = EDGE_LOOP('',(#4664,#4694,#4720,#4746,#4765,#4766));
#4664 = ORIENTED_EDGE('',*,*,#4665,.F.);
#4665 = EDGE_CURVE('',#4666,#4668,#4670,.T.);
#4666 = VERTEX_POINT('',#4667);
#4667 = CARTESIAN_POINT('',(73.4,-21.85,6.2));
#4668 = VERTEX_POINT('',#4669);
#4669 = CARTESIAN_POINT('',(73.4,-21.85,6.6));
#4670 = SURFACE_CURVE('',#4671,(#4675,#4682),.PCURVE_S1.);
#4671 = LINE('',#4672,#4673);
#4672 = CARTESIAN_POINT('',(73.4,-21.85,-2.9));
#4673 = VECTOR('',#4674,1.);
#4674 = DIRECTION('',(0.,0.,1.));
#4675 = PCURVE('',#4632,#4676);
#4676 = DEFINITIONAL_REPRESENTATION('',(#4677),#4681);
#4677 = LINE('',#4678,#4679);
#4678 = CARTESIAN_POINT('',(0.,74.));
#4679 = VECTOR('',#4680,1.);
#4680 = DIRECTION('',(1.,0.));
#4681 = ( GEOMETRIC_REPRESENTATION_CONTEXT(2) 
PARAMETRIC_REPRESENTATION_CONTEXT() REPRESENTATION_CONTEXT('2D SPACE',''
  ) );
#4682 = PCURVE('',#4683,#4688);
#4683 = PLANE('',#4684);
#4684 = AXIS2_PLACEMENT_3D('',#4685,#4686,#4687);
#4685 = CARTESIAN_POINT('',(73.4,-21.85,-2.9));
#4686 = DIRECTION('',(1.,0.,0.));
#4687 = DIRECTION('',(0.,0.,1.));
#4688 = DEFINITIONAL_REPRESENTATION('',(#4689),#4693);
#4689 = LINE('',#4690,#4691);
#4690 = CARTESIAN_POINT('',(0.,0.));
#4691 = VECTOR('',#4692,1.);
#4692 = DIRECTION('',(1.,0.));
#4693 = ( GEOMETRIC_REPRESENTATION_CONTEXT(2) 
PARAMETRIC_REPRESENTATION_CONTEXT() REPRESENTATION_CONTEXT('2D SPACE',''
  ) );
#4694 = ORIENTED_EDGE('',*,*,#4695,.T.);
#4695 = EDGE_CURVE('',#4666,#4696,#4698,.T.);
#4696 = VERTEX_POINT('',#4697);
#4697 = CARTESIAN_POINT('',(69.55,-21.85,6.2));
#4698 = SURFACE_CURVE('',#4699,(#4703,#4709),.PCURVE_S1.);
#4699 = LINE('',#4700,#4701);
#4700 = CARTESIAN_POINT('',(34.475,-21.85,6.2));
#4701 = VECTOR('',#4702,1.);
#4702 = DIRECTION('',(-1.,0.,0.));
#4703 = PCURVE('',#4632,#4704);
#4704 = DEFINITIONAL_REPRESENTATION('',(#4705),#4708);
#4705 = B_SPLINE_CURVE_WITH_KNOTS('',1,(#4706,#4707),.UNSPECIFIED.,.F.,
  .F.,(2,2),(-38.925,-35.075),.PIECEWISE_BEZIER_KNOTS.);
#4706 = CARTESIAN_POINT('',(9.1,74.));
#4707 = CARTESIAN_POINT('',(9.1,70.15));
#4708 = ( GEOMETRIC_REPRESENTATION_CONTEXT(2) 
PARAMETRIC_REPRESENTATION_CONTEXT() REPRESENTATION_CONTEXT('2D SPACE',''
  ) );
#4709 = PCURVE('',#4710,#4715);
#4710 = PLANE('',#4711);
#4711 = AXIS2_PLACEMENT_3D('',#4712,#4713,#4714);
#4712 = CARTESIAN_POINT('',(69.55,-21.2,6.2));
#4713 = DIRECTION('',(0.,0.,1.));
#4714 = DIRECTION('',(-1.,0.,0.));
#4715 = DEFINITIONAL_REPRESENTATION('',(#4716),#4719);
#4716 = B_SPLINE_CURVE_WITH_KNOTS('',1,(#4717,#4718),.UNSPECIFIED.,.F.,
  .F.,(2,2),(-38.925,-35.075),.PIECEWISE_BEZIER_KNOTS.);
#4717 = CARTESIAN_POINT('',(-3.85,0.65));
#4718 = CARTESIAN_POINT('',(0.,0.65));
#4719 = ( GEOMETRIC_REPRESENTATION_CONTEXT(2) 
PARAMETRIC_REPRESENTATION_CONTEXT() REPRESENTATION_CONTEXT('2D SPACE',''
  ) );
#4720 = ORIENTED_EDGE('',*,*,#4721,.F.);
#4721 = EDGE_CURVE('',#4722,#4696,#4724,.T.);
#4722 = VERTEX_POINT('',#4723);
#4723 = CARTESIAN_POINT('',(69.55,-21.85,4.4));
#4724 = SURFACE_CURVE('',#4725,(#4729,#4735),.PCURVE_S1.);
#4725 = LINE('',#4726,#4727);
#4726 = CARTESIAN_POINT('',(69.55,-21.85,0.7));
#4727 = VECTOR('',#4728,1.);
#4728 = DIRECTION('',(0.,-0.,1.));
#4729 = PCURVE('',#4632,#4730);
#4730 = DEFINITIONAL_REPRESENTATION('',(#4731),#4734);
#4731 = B_SPLINE_CURVE_WITH_KNOTS('',1,(#4732,#4733),.UNSPECIFIED.,.F.,
  .F.,(2,2),(3.7,5.5),.PIECEWISE_BEZIER_KNOTS.);
#4732 = CARTESIAN_POINT('',(7.3,70.15));
#4733 = CARTESIAN_POINT('',(9.1,70.15));
#4734 = ( GEOMETRIC_REPRESENTATION_CONTEXT(2) 
PARAMETRIC_REPRESENTATION_CONTEXT() REPRESENTATION_CONTEXT('2D SPACE',''
  ) );
#4735 = PCURVE('',#4736,#4741);
#4736 = PLANE('',#4737);
#4737 = AXIS2_PLACEMENT_3D('',#4738,#4739,#4740);
#4738 = CARTESIAN_POINT('',(69.55,-21.2,4.3));
#4739 = DIRECTION('',(1.,-0.,-0.));
#4740 = DIRECTION('',(0.,0.,-1.));
#4741 = DEFINITIONAL_REPRESENTATION('',(#4742),#4745);
#4742 = B_SPLINE_CURVE_WITH_KNOTS('',1,(#4743,#4744),.UNSPECIFIED.,.F.,
  .F.,(2,2),(3.7,5.5),.PIECEWISE_BEZIER_KNOTS.);
#4743 = CARTESIAN_POINT('',(-0.1,-0.65));
#4744 = CARTESIAN_POINT('',(-1.9,-0.65));
#4745 = ( GEOMETRIC_REPRESENTATION_CONTEXT(2) 
PARAMETRIC_REPRESENTATION_CONTEXT() REPRESENTATION_CONTEXT('2D SPACE',''
  ) );
#4746 = ORIENTED_EDGE('',*,*,#4747,.T.);
#4747 = EDGE_CURVE('',#4722,#4618,#4748,.T.);
#4748 = SURFACE_CURVE('',#4749,(#4753,#4759),.PCURVE_S1.);
#4749 = LINE('',#4750,#4751);
#4750 = CARTESIAN_POINT('',(17.819792896096,-21.85,4.4));
#4751 = VECTOR('',#4752,1.);
#4752 = DIRECTION('',(-1.,0.,0.));
#4753 = PCURVE('',#4632,#4754);
#4754 = DEFINITIONAL_REPRESENTATION('',(#4755),#4758);
#4755 = B_SPLINE_CURVE_WITH_KNOTS('',1,(#4756,#4757),.UNSPECIFIED.,.F.,
  .F.,(2,2),(-55.5802071039,18.419792896096),.PIECEWISE_BEZIER_KNOTS.);
#4756 = CARTESIAN_POINT('',(7.3,74.));
#4757 = CARTESIAN_POINT('',(7.3,0.));
#4758 = ( GEOMETRIC_REPRESENTATION_CONTEXT(2) 
PARAMETRIC_REPRESENTATION_CONTEXT() REPRESENTATION_CONTEXT('2D SPACE',''
  ) );
#4759 = PCURVE('',#152,#4760);
#4760 = DEFINITIONAL_REPRESENTATION('',(#4761),#4764);
#4761 = B_SPLINE_CURVE_WITH_KNOTS('',1,(#4762,#4763),.UNSPECIFIED.,.F.,
  .F.,(2,2),(-55.5802071039,18.419792896096),.PIECEWISE_BEZIER_KNOTS.);
#4762 = CARTESIAN_POINT('',(37.160414207808,-11.41297748524));
#4763 = CARTESIAN_POINT('',(-36.83958579219,-11.41297748524));
#4764 = ( GEOMETRIC_REPRESENTATION_CONTEXT(2) 
PARAMETRIC_REPRESENTATION_CONTEXT() REPRESENTATION_CONTEXT('2D SPACE',''
  ) );
#4765 = ORIENTED_EDGE('',*,*,#4617,.F.);
#4766 = ORIENTED_EDGE('',*,*,#4767,.T.);
#4767 = EDGE_CURVE('',#4597,#4668,#4768,.T.);
#4768 = SURFACE_CURVE('',#4769,(#4773,#4780),.PCURVE_S1.);
#4769 = LINE('',#4770,#4771);
#4770 = CARTESIAN_POINT('',(-0.6,-21.85,6.6));
#4771 = VECTOR('',#4772,1.);
#4772 = DIRECTION('',(1.,0.,0.));
#4773 = PCURVE('',#4632,#4774);
#4774 = DEFINITIONAL_REPRESENTATION('',(#4775),#4779);
#4775 = LINE('',#4776,#4777);
#4776 = CARTESIAN_POINT('',(9.5,0.));
#4777 = VECTOR('',#4778,1.);
#4778 = DIRECTION('',(0.,1.));
#4779 = ( GEOMETRIC_REPRESENTATION_CONTEXT(2) 
PARAMETRIC_REPRESENTATION_CONTEXT() REPRESENTATION_CONTEXT('2D SPACE',''
  ) );
#4780 = PCURVE('',#2335,#4781);
#4781 = DEFINITIONAL_REPRESENTATION('',(#4782),#4786);
#4782 = LINE('',#4783,#4784);
#4783 = CARTESIAN_POINT('',(0.,0.));
#4784 = VECTOR('',#4785,1.);
#4785 = DIRECTION('',(1.,0.));
#4786 = ( GEOMETRIC_REPRESENTATION_CONTEXT(2) 
PARAMETRIC_REPRESENTATION_CONTEXT() REPRESENTATION_CONTEXT('2D SPACE',''
  ) );
#4787 = ADVANCED_FACE('',(#4788),#4710,.F.);
#4788 = FACE_BOUND('',#4789,.T.);
#4789 = EDGE_LOOP('',(#4790,#4813,#4814,#4835,#4863,#4891));
#4790 = ORIENTED_EDGE('',*,*,#4791,.F.);
#4791 = EDGE_CURVE('',#4696,#4792,#4794,.T.);
#4792 = VERTEX_POINT('',#4793);
#4793 = CARTESIAN_POINT('',(69.55,-22.55,6.2));
#4794 = SURFACE_CURVE('',#4795,(#4799,#4806),.PCURVE_S1.);
#4795 = LINE('',#4796,#4797);
#4796 = CARTESIAN_POINT('',(69.55,-21.2,6.2));
#4797 = VECTOR('',#4798,1.);
#4798 = DIRECTION('',(0.,-1.,0.));
#4799 = PCURVE('',#4710,#4800);
#4800 = DEFINITIONAL_REPRESENTATION('',(#4801),#4805);
#4801 = LINE('',#4802,#4803);
#4802 = CARTESIAN_POINT('',(-0.,-0.));
#4803 = VECTOR('',#4804,1.);
#4804 = DIRECTION('',(-0.,1.));
#4805 = ( GEOMETRIC_REPRESENTATION_CONTEXT(2) 
PARAMETRIC_REPRESENTATION_CONTEXT() REPRESENTATION_CONTEXT('2D SPACE',''
  ) );
#4806 = PCURVE('',#4736,#4807);
#4807 = DEFINITIONAL_REPRESENTATION('',(#4808),#4812);
#4808 = LINE('',#4809,#4810);
#4809 = CARTESIAN_POINT('',(-1.9,0.));
#4810 = VECTOR('',#4811,1.);
#4811 = DIRECTION('',(-0.,-1.));
#4812 = ( GEOMETRIC_REPRESENTATION_CONTEXT(2) 
PARAMETRIC_REPRESENTATION_CONTEXT() REPRESENTATION_CONTEXT('2D SPACE',''
  ) );
#4813 = ORIENTED_EDGE('',*,*,#4695,.F.);
#4814 = ORIENTED_EDGE('',*,*,#4815,.T.);
#4815 = EDGE_CURVE('',#4666,#4816,#4818,.T.);
#4816 = VERTEX_POINT('',#4817);
#4817 = CARTESIAN_POINT('',(73.4,-21.2,6.2));
#4818 = SURFACE_CURVE('',#4819,(#4823,#4829),.PCURVE_S1.);
#4819 = LINE('',#4820,#4821);
#4820 = CARTESIAN_POINT('',(73.4,-21.525,6.2));
#4821 = VECTOR('',#4822,1.);
#4822 = DIRECTION('',(0.,1.,0.));
#4823 = PCURVE('',#4710,#4824);
#4824 = DEFINITIONAL_REPRESENTATION('',(#4825),#4828);
#4825 = B_SPLINE_CURVE_WITH_KNOTS('',1,(#4826,#4827),.UNSPECIFIED.,.F.,
  .F.,(2,2),(-0.325,0.325),.PIECEWISE_BEZIER_KNOTS.);
#4826 = CARTESIAN_POINT('',(-3.85,0.65));
#4827 = CARTESIAN_POINT('',(-3.85,0.));
#4828 = ( GEOMETRIC_REPRESENTATION_CONTEXT(2) 
PARAMETRIC_REPRESENTATION_CONTEXT() REPRESENTATION_CONTEXT('2D SPACE',''
  ) );
#4829 = PCURVE('',#4683,#4830);
#4830 = DEFINITIONAL_REPRESENTATION('',(#4831),#4834);
#4831 = B_SPLINE_CURVE_WITH_KNOTS('',1,(#4832,#4833),.UNSPECIFIED.,.F.,
  .F.,(2,2),(-0.325,0.325),.PIECEWISE_BEZIER_KNOTS.);
#4832 = CARTESIAN_POINT('',(9.1,0.));
#4833 = CARTESIAN_POINT('',(9.1,-0.65));
#4834 = ( GEOMETRIC_REPRESENTATION_CONTEXT(2) 
PARAMETRIC_REPRESENTATION_CONTEXT() REPRESENTATION_CONTEXT('2D SPACE',''
  ) );
#4835 = ORIENTED_EDGE('',*,*,#4836,.T.);
#4836 = EDGE_CURVE('',#4816,#4837,#4839,.T.);
#4837 = VERTEX_POINT('',#4838);
#4838 = CARTESIAN_POINT('',(73.45,-21.2,6.2));
#4839 = SURFACE_CURVE('',#4840,(#4844,#4851),.PCURVE_S1.);
#4840 = LINE('',#4841,#4842);
#4841 = CARTESIAN_POINT('',(69.55,-21.2,6.2));
#4842 = VECTOR('',#4843,1.);
#4843 = DIRECTION('',(1.,0.,-0.));
#4844 = PCURVE('',#4710,#4845);
#4845 = DEFINITIONAL_REPRESENTATION('',(#4846),#4850);
#4846 = LINE('',#4847,#4848);
#4847 = CARTESIAN_POINT('',(-0.,-0.));
#4848 = VECTOR('',#4849,1.);
#4849 = DIRECTION('',(-1.,0.));
#4850 = ( GEOMETRIC_REPRESENTATION_CONTEXT(2) 
PARAMETRIC_REPRESENTATION_CONTEXT() REPRESENTATION_CONTEXT('2D SPACE',''
  ) );
#4851 = PCURVE('',#4852,#4857);
#4852 = PLANE('',#4853);
#4853 = AXIS2_PLACEMENT_3D('',#4854,#4855,#4856);
#4854 = CARTESIAN_POINT('',(69.55,-21.2,4.3));
#4855 = DIRECTION('',(0.,-1.,0.));
#4856 = DIRECTION('',(0.,0.,-1.));
#4857 = DEFINITIONAL_REPRESENTATION('',(#4858),#4862);
#4858 = LINE('',#4859,#4860);
#4859 = CARTESIAN_POINT('',(-1.9,0.));
#4860 = VECTOR('',#4861,1.);
#4861 = DIRECTION('',(-0.,1.));
#4862 = ( GEOMETRIC_REPRESENTATION_CONTEXT(2) 
PARAMETRIC_REPRESENTATION_CONTEXT() REPRESENTATION_CONTEXT('2D SPACE',''
  ) );
#4863 = ORIENTED_EDGE('',*,*,#4864,.T.);
#4864 = EDGE_CURVE('',#4837,#4865,#4867,.T.);
#4865 = VERTEX_POINT('',#4866);
#4866 = CARTESIAN_POINT('',(73.45,-22.55,6.2));
#4867 = SURFACE_CURVE('',#4868,(#4872,#4879),.PCURVE_S1.);
#4868 = LINE('',#4869,#4870);
#4869 = CARTESIAN_POINT('',(73.45,-21.2,6.2));
#4870 = VECTOR('',#4871,1.);
#4871 = DIRECTION('',(0.,-1.,0.));
#4872 = PCURVE('',#4710,#4873);
#4873 = DEFINITIONAL_REPRESENTATION('',(#4874),#4878);
#4874 = LINE('',#4875,#4876);
#4875 = CARTESIAN_POINT('',(-3.9,-0.));
#4876 = VECTOR('',#4877,1.);
#4877 = DIRECTION('',(-0.,1.));
#4878 = ( GEOMETRIC_REPRESENTATION_CONTEXT(2) 
PARAMETRIC_REPRESENTATION_CONTEXT() REPRESENTATION_CONTEXT('2D SPACE',''
  ) );
#4879 = PCURVE('',#4880,#4885);
#4880 = PLANE('',#4881);
#4881 = AXIS2_PLACEMENT_3D('',#4882,#4883,#4884);
#4882 = CARTESIAN_POINT('',(73.45,-21.2,4.3));
#4883 = DIRECTION('',(1.,-0.,-0.));
#4884 = DIRECTION('',(0.,0.,-1.));
#4885 = DEFINITIONAL_REPRESENTATION('',(#4886),#4890);
#4886 = LINE('',#4887,#4888);
#4887 = CARTESIAN_POINT('',(-1.9,0.));
#4888 = VECTOR('',#4889,1.);
#4889 = DIRECTION('',(-0.,-1.));
#4890 = ( GEOMETRIC_REPRESENTATION_CONTEXT(2) 
PARAMETRIC_REPRESENTATION_CONTEXT() REPRESENTATION_CONTEXT('2D SPACE',''
  ) );
#4891 = ORIENTED_EDGE('',*,*,#4892,.F.);
#4892 = EDGE_CURVE('',#4792,#4865,#4893,.T.);
#4893 = SURFACE_CURVE('',#4894,(#4898,#4905),.PCURVE_S1.);
#4894 = LINE('',#4895,#4896);
#4895 = CARTESIAN_POINT('',(69.55,-22.55,6.2));
#4896 = VECTOR('',#4897,1.);
#4897 = DIRECTION('',(1.,0.,-0.));
#4898 = PCURVE('',#4710,#4899);
#4899 = DEFINITIONAL_REPRESENTATION('',(#4900),#4904);
#4900 = LINE('',#4901,#4902);
#4901 = CARTESIAN_POINT('',(-0.,1.35));
#4902 = VECTOR('',#4903,1.);
#4903 = DIRECTION('',(-1.,0.));
#4904 = ( GEOMETRIC_REPRESENTATION_CONTEXT(2) 
PARAMETRIC_REPRESENTATION_CONTEXT() REPRESENTATION_CONTEXT('2D SPACE',''
  ) );
#4905 = PCURVE('',#4906,#4911);
#4906 = PLANE('',#4907);
#4907 = AXIS2_PLACEMENT_3D('',#4908,#4909,#4910);
#4908 = CARTESIAN_POINT('',(69.55,-22.55,4.3));
#4909 = DIRECTION('',(0.,-1.,0.));
#4910 = DIRECTION('',(0.,0.,-1.));
#4911 = DEFINITIONAL_REPRESENTATION('',(#4912),#4916);
#4912 = LINE('',#4913,#4914);
#4913 = CARTESIAN_POINT('',(-1.9,0.));
#4914 = VECTOR('',#4915,1.);
#4915 = DIRECTION('',(-0.,1.));
#4916 = ( GEOMETRIC_REPRESENTATION_CONTEXT(2) 
PARAMETRIC_REPRESENTATION_CONTEXT() REPRESENTATION_CONTEXT('2D SPACE',''
  ) );
#4917 = ADVANCED_FACE('',(#4918),#4852,.T.);
#4918 = FACE_BOUND('',#4919,.F.);
#4919 = EDGE_LOOP('',(#4920,#4943,#4964,#4983));
#4920 = ORIENTED_EDGE('',*,*,#4921,.F.);
#4921 = EDGE_CURVE('',#4922,#4837,#4924,.T.);
#4922 = VERTEX_POINT('',#4923);
#4923 = CARTESIAN_POINT('',(73.45,-21.2,4.4));
#4924 = SURFACE_CURVE('',#4925,(#4929,#4936),.PCURVE_S1.);
#4925 = LINE('',#4926,#4927);
#4926 = CARTESIAN_POINT('',(73.45,-21.2,4.3));
#4927 = VECTOR('',#4928,1.);
#4928 = DIRECTION('',(0.,0.,1.));
#4929 = PCURVE('',#4852,#4930);
#4930 = DEFINITIONAL_REPRESENTATION('',(#4931),#4935);
#4931 = LINE('',#4932,#4933);
#4932 = CARTESIAN_POINT('',(-0.,3.9));
#4933 = VECTOR('',#4934,1.);
#4934 = DIRECTION('',(-1.,0.));
#4935 = ( GEOMETRIC_REPRESENTATION_CONTEXT(2) 
PARAMETRIC_REPRESENTATION_CONTEXT() REPRESENTATION_CONTEXT('2D SPACE',''
  ) );
#4936 = PCURVE('',#4880,#4937);
#4937 = DEFINITIONAL_REPRESENTATION('',(#4938),#4942);
#4938 = LINE('',#4939,#4940);
#4939 = CARTESIAN_POINT('',(-0.,0.));
#4940 = VECTOR('',#4941,1.);
#4941 = DIRECTION('',(-1.,0.));
#4942 = ( GEOMETRIC_REPRESENTATION_CONTEXT(2) 
PARAMETRIC_REPRESENTATION_CONTEXT() REPRESENTATION_CONTEXT('2D SPACE',''
  ) );
#4943 = ORIENTED_EDGE('',*,*,#4944,.T.);
#4944 = EDGE_CURVE('',#4922,#4945,#4947,.T.);
#4945 = VERTEX_POINT('',#4946);
#4946 = CARTESIAN_POINT('',(73.4,-21.2,4.4));
#4947 = SURFACE_CURVE('',#4948,(#4952,#4958),.PCURVE_S1.);
#4948 = LINE('',#4949,#4950);
#4949 = CARTESIAN_POINT('',(52.894792896096,-21.2,4.4));
#4950 = VECTOR('',#4951,1.);
#4951 = DIRECTION('',(-1.,0.,0.));
#4952 = PCURVE('',#4852,#4953);
#4953 = DEFINITIONAL_REPRESENTATION('',(#4954),#4957);
#4954 = B_SPLINE_CURVE_WITH_KNOTS('',1,(#4955,#4956),.UNSPECIFIED.,.F.,
  .F.,(2,2),(-20.5552071039,-16.6552071039),.PIECEWISE_BEZIER_KNOTS.);
#4955 = CARTESIAN_POINT('',(-0.1,3.9));
#4956 = CARTESIAN_POINT('',(-0.1,0.));
#4957 = ( GEOMETRIC_REPRESENTATION_CONTEXT(2) 
PARAMETRIC_REPRESENTATION_CONTEXT() REPRESENTATION_CONTEXT('2D SPACE',''
  ) );
#4958 = PCURVE('',#152,#4959);
#4959 = DEFINITIONAL_REPRESENTATION('',(#4960),#4963);
#4960 = B_SPLINE_CURVE_WITH_KNOTS('',1,(#4961,#4962),.UNSPECIFIED.,.F.,
  .F.,(2,2),(-20.5552071039,-16.6552071039),.PIECEWISE_BEZIER_KNOTS.);
#4961 = CARTESIAN_POINT('',(37.210414207808,-10.76297748524));
#4962 = CARTESIAN_POINT('',(33.310414207808,-10.76297748524));
#4963 = ( GEOMETRIC_REPRESENTATION_CONTEXT(2) 
PARAMETRIC_REPRESENTATION_CONTEXT() REPRESENTATION_CONTEXT('2D SPACE',''
  ) );
#4964 = ORIENTED_EDGE('',*,*,#4965,.T.);
#4965 = EDGE_CURVE('',#4945,#4816,#4966,.T.);
#4966 = SURFACE_CURVE('',#4967,(#4971,#4977),.PCURVE_S1.);
#4967 = LINE('',#4968,#4969);
#4968 = CARTESIAN_POINT('',(73.4,-21.2,0.7));
#4969 = VECTOR('',#4970,1.);
#4970 = DIRECTION('',(-0.,0.,1.));
#4971 = PCURVE('',#4852,#4972);
#4972 = DEFINITIONAL_REPRESENTATION('',(#4973),#4976);
#4973 = B_SPLINE_CURVE_WITH_KNOTS('',1,(#4974,#4975),.UNSPECIFIED.,.F.,
  .F.,(2,2),(3.7,5.5),.PIECEWISE_BEZIER_KNOTS.);
#4974 = CARTESIAN_POINT('',(-0.1,3.85));
#4975 = CARTESIAN_POINT('',(-1.9,3.85));
#4976 = ( GEOMETRIC_REPRESENTATION_CONTEXT(2) 
PARAMETRIC_REPRESENTATION_CONTEXT() REPRESENTATION_CONTEXT('2D SPACE',''
  ) );
#4977 = PCURVE('',#4683,#4978);
#4978 = DEFINITIONAL_REPRESENTATION('',(#4979),#4982);
#4979 = B_SPLINE_CURVE_WITH_KNOTS('',1,(#4980,#4981),.UNSPECIFIED.,.F.,
  .F.,(2,2),(3.7,5.5),.PIECEWISE_BEZIER_KNOTS.);
#4980 = CARTESIAN_POINT('',(7.3,-0.65));
#4981 = CARTESIAN_POINT('',(9.1,-0.65));
#4982 = ( GEOMETRIC_REPRESENTATION_CONTEXT(2) 
PARAMETRIC_REPRESENTATION_CONTEXT() REPRESENTATION_CONTEXT('2D SPACE',''
  ) );
#4983 = ORIENTED_EDGE('',*,*,#4836,.T.);
#4984 = ADVANCED_FACE('',(#4985),#4880,.F.);
#4985 = FACE_BOUND('',#4986,.T.);
#4986 = EDGE_LOOP('',(#4987,#5010,#5011,#5012,#5033,#5061,#5089,#5117));
#4987 = ORIENTED_EDGE('',*,*,#4988,.T.);
#4988 = EDGE_CURVE('',#4989,#4865,#4991,.T.);
#4989 = VERTEX_POINT('',#4990);
#4990 = CARTESIAN_POINT('',(73.45,-22.55,5.894594594595));
#4991 = SURFACE_CURVE('',#4992,(#4996,#5003),.PCURVE_S1.);
#4992 = LINE('',#4993,#4994);
#4993 = CARTESIAN_POINT('',(73.45,-22.55,4.3));
#4994 = VECTOR('',#4995,1.);
#4995 = DIRECTION('',(0.,0.,1.));
#4996 = PCURVE('',#4880,#4997);
#4997 = DEFINITIONAL_REPRESENTATION('',(#4998),#5002);
#4998 = LINE('',#4999,#5000);
#4999 = CARTESIAN_POINT('',(-0.,-1.35));
#5000 = VECTOR('',#5001,1.);
#5001 = DIRECTION('',(-1.,0.));
#5002 = ( GEOMETRIC_REPRESENTATION_CONTEXT(2) 
PARAMETRIC_REPRESENTATION_CONTEXT() REPRESENTATION_CONTEXT('2D SPACE',''
  ) );
#5003 = PCURVE('',#4906,#5004);
#5004 = DEFINITIONAL_REPRESENTATION('',(#5005),#5009);
#5005 = LINE('',#5006,#5007);
#5006 = CARTESIAN_POINT('',(-0.,3.9));
#5007 = VECTOR('',#5008,1.);
#5008 = DIRECTION('',(-1.,0.));
#5009 = ( GEOMETRIC_REPRESENTATION_CONTEXT(2) 
PARAMETRIC_REPRESENTATION_CONTEXT() REPRESENTATION_CONTEXT('2D SPACE',''
  ) );
#5010 = ORIENTED_EDGE('',*,*,#4864,.F.);
#5011 = ORIENTED_EDGE('',*,*,#4921,.F.);
#5012 = ORIENTED_EDGE('',*,*,#5013,.T.);
#5013 = EDGE_CURVE('',#4922,#5014,#5016,.T.);
#5014 = VERTEX_POINT('',#5015);
#5015 = CARTESIAN_POINT('',(73.45,-22.55,4.4));
#5016 = SURFACE_CURVE('',#5017,(#5021,#5027),.PCURVE_S1.);
#5017 = LINE('',#5018,#5019);
#5018 = CARTESIAN_POINT('',(73.45,-15.81851125738,4.4));
#5019 = VECTOR('',#5020,1.);
#5020 = DIRECTION('',(0.,-1.,0.));
#5021 = PCURVE('',#4880,#5022);
#5022 = DEFINITIONAL_REPRESENTATION('',(#5023),#5026);
#5023 = B_SPLINE_CURVE_WITH_KNOTS('',1,(#5024,#5025),.UNSPECIFIED.,.F.,
  .F.,(2,2),(5.38148874262,7.08148874262),.PIECEWISE_BEZIER_KNOTS.);
#5024 = CARTESIAN_POINT('',(-0.1,0.));
#5025 = CARTESIAN_POINT('',(-0.1,-1.7));
#5026 = ( GEOMETRIC_REPRESENTATION_CONTEXT(2) 
PARAMETRIC_REPRESENTATION_CONTEXT() REPRESENTATION_CONTEXT('2D SPACE',''
  ) );
#5027 = PCURVE('',#152,#5028);
#5028 = DEFINITIONAL_REPRESENTATION('',(#5029),#5032);
#5029 = B_SPLINE_CURVE_WITH_KNOTS('',1,(#5030,#5031),.UNSPECIFIED.,.F.,
  .F.,(2,2),(5.38148874262,7.08148874262),.PIECEWISE_BEZIER_KNOTS.);
#5030 = CARTESIAN_POINT('',(37.210414207808,-10.76297748524));
#5031 = CARTESIAN_POINT('',(37.210414207808,-12.46297748524));
#5032 = ( GEOMETRIC_REPRESENTATION_CONTEXT(2) 
PARAMETRIC_REPRESENTATION_CONTEXT() REPRESENTATION_CONTEXT('2D SPACE',''
  ) );
#5033 = ORIENTED_EDGE('',*,*,#5034,.T.);
#5034 = EDGE_CURVE('',#5014,#5035,#5037,.T.);
#5035 = VERTEX_POINT('',#5036);
#5036 = CARTESIAN_POINT('',(73.45,-22.55,4.818918918919));
#5037 = SURFACE_CURVE('',#5038,(#5042,#5049),.PCURVE_S1.);
#5038 = LINE('',#5039,#5040);
#5039 = CARTESIAN_POINT('',(73.45,-22.55,4.3));
#5040 = VECTOR('',#5041,1.);
#5041 = DIRECTION('',(0.,0.,1.));
#5042 = PCURVE('',#4880,#5043);
#5043 = DEFINITIONAL_REPRESENTATION('',(#5044),#5048);
#5044 = LINE('',#5045,#5046);
#5045 = CARTESIAN_POINT('',(-0.,-1.35));
#5046 = VECTOR('',#5047,1.);
#5047 = DIRECTION('',(-1.,0.));
#5048 = ( GEOMETRIC_REPRESENTATION_CONTEXT(2) 
PARAMETRIC_REPRESENTATION_CONTEXT() REPRESENTATION_CONTEXT('2D SPACE',''
  ) );
#5049 = PCURVE('',#5050,#5055);
#5050 = PLANE('',#5051);
#5051 = AXIS2_PLACEMENT_3D('',#5052,#5053,#5054);
#5052 = CARTESIAN_POINT('',(69.55,-22.55,4.3));
#5053 = DIRECTION('',(0.,-1.,0.));
#5054 = DIRECTION('',(0.,0.,-1.));
#5055 = DEFINITIONAL_REPRESENTATION('',(#5056),#5060);
#5056 = LINE('',#5057,#5058);
#5057 = CARTESIAN_POINT('',(-0.,3.9));
#5058 = VECTOR('',#5059,1.);
#5059 = DIRECTION('',(-1.,0.));
#5060 = ( GEOMETRIC_REPRESENTATION_CONTEXT(2) 
PARAMETRIC_REPRESENTATION_CONTEXT() REPRESENTATION_CONTEXT('2D SPACE',''
  ) );
#5061 = ORIENTED_EDGE('',*,*,#5062,.T.);
#5062 = EDGE_CURVE('',#5035,#5063,#5065,.T.);
#5063 = VERTEX_POINT('',#5064);
#5064 = CARTESIAN_POINT('',(73.45,-22.9,5.15));
#5065 = SURFACE_CURVE('',#5066,(#5070,#5077),.PCURVE_S1.);
#5066 = LINE('',#5067,#5068);
#5067 = CARTESIAN_POINT('',(73.45,-22.53,4.8));
#5068 = VECTOR('',#5069,1.);
#5069 = DIRECTION('',(-0.,-0.726468416955,0.687199853876));
#5070 = PCURVE('',#4880,#5071);
#5071 = DEFINITIONAL_REPRESENTATION('',(#5072),#5076);
#5072 = LINE('',#5073,#5074);
#5073 = CARTESIAN_POINT('',(-0.5,-1.33));
#5074 = VECTOR('',#5075,1.);
#5075 = DIRECTION('',(-0.687199853876,-0.726468416955));
#5076 = ( GEOMETRIC_REPRESENTATION_CONTEXT(2) 
PARAMETRIC_REPRESENTATION_CONTEXT() REPRESENTATION_CONTEXT('2D SPACE',''
  ) );
#5077 = PCURVE('',#5078,#5083);
#5078 = PLANE('',#5079);
#5079 = AXIS2_PLACEMENT_3D('',#5080,#5081,#5082);
#5080 = CARTESIAN_POINT('',(69.55,-22.53,4.8));
#5081 = DIRECTION('',(-0.,0.687199853876,0.726468416955));
#5082 = DIRECTION('',(0.,0.726468416955,-0.687199853876));
#5083 = DEFINITIONAL_REPRESENTATION('',(#5084),#5088);
#5084 = LINE('',#5085,#5086);
#5085 = CARTESIAN_POINT('',(-0.,-3.9));
#5086 = VECTOR('',#5087,1.);
#5087 = DIRECTION('',(-1.,0.));
#5088 = ( GEOMETRIC_REPRESENTATION_CONTEXT(2) 
PARAMETRIC_REPRESENTATION_CONTEXT() REPRESENTATION_CONTEXT('2D SPACE',''
  ) );
#5089 = ORIENTED_EDGE('',*,*,#5090,.T.);
#5090 = EDGE_CURVE('',#5063,#5091,#5093,.T.);
#5091 = VERTEX_POINT('',#5092);
#5092 = CARTESIAN_POINT('',(73.45,-22.9,5.45));
#5093 = SURFACE_CURVE('',#5094,(#5098,#5105),.PCURVE_S1.);
#5094 = LINE('',#5095,#5096);
#5095 = CARTESIAN_POINT('',(73.45,-22.9,5.15));
#5096 = VECTOR('',#5097,1.);
#5097 = DIRECTION('',(-0.,-0.,1.));
#5098 = PCURVE('',#4880,#5099);
#5099 = DEFINITIONAL_REPRESENTATION('',(#5100),#5104);
#5100 = LINE('',#5101,#5102);
#5101 = CARTESIAN_POINT('',(-0.85,-1.7));
#5102 = VECTOR('',#5103,1.);
#5103 = DIRECTION('',(-1.,0.));
#5104 = ( GEOMETRIC_REPRESENTATION_CONTEXT(2) 
PARAMETRIC_REPRESENTATION_CONTEXT() REPRESENTATION_CONTEXT('2D SPACE',''
  ) );
#5105 = PCURVE('',#5106,#5111);
#5106 = PLANE('',#5107);
#5107 = AXIS2_PLACEMENT_3D('',#5108,#5109,#5110);
#5108 = CARTESIAN_POINT('',(69.55,-22.9,5.15));
#5109 = DIRECTION('',(-0.,1.,-0.));
#5110 = DIRECTION('',(0.,0.,-1.));
#5111 = DEFINITIONAL_REPRESENTATION('',(#5112),#5116);
#5112 = LINE('',#5113,#5114);
#5113 = CARTESIAN_POINT('',(-0.,-3.9));
#5114 = VECTOR('',#5115,1.);
#5115 = DIRECTION('',(-1.,0.));
#5116 = ( GEOMETRIC_REPRESENTATION_CONTEXT(2) 
PARAMETRIC_REPRESENTATION_CONTEXT() REPRESENTATION_CONTEXT('2D SPACE',''
  ) );
#5117 = ORIENTED_EDGE('',*,*,#5118,.T.);
#5118 = EDGE_CURVE('',#5091,#4989,#5119,.T.);
#5119 = SURFACE_CURVE('',#5120,(#5124,#5131),.PCURVE_S1.);
#5120 = LINE('',#5121,#5122);
#5121 = CARTESIAN_POINT('',(73.45,-22.9,5.45));
#5122 = VECTOR('',#5123,1.);
#5123 = DIRECTION('',(-0.,0.618559606331,0.785737878313));
#5124 = PCURVE('',#4880,#5125);
#5125 = DEFINITIONAL_REPRESENTATION('',(#5126),#5130);
#5126 = LINE('',#5127,#5128);
#5127 = CARTESIAN_POINT('',(-1.15,-1.7));
#5128 = VECTOR('',#5129,1.);
#5129 = DIRECTION('',(-0.785737878313,0.618559606331));
#5130 = ( GEOMETRIC_REPRESENTATION_CONTEXT(2) 
PARAMETRIC_REPRESENTATION_CONTEXT() REPRESENTATION_CONTEXT('2D SPACE',''
  ) );
#5131 = PCURVE('',#5132,#5137);
#5132 = PLANE('',#5133);
#5133 = AXIS2_PLACEMENT_3D('',#5134,#5135,#5136);
#5134 = CARTESIAN_POINT('',(69.55,-22.9,5.45));
#5135 = DIRECTION('',(0.,0.785737878313,-0.618559606331));
#5136 = DIRECTION('',(0.,-0.618559606331,-0.785737878313));
#5137 = DEFINITIONAL_REPRESENTATION('',(#5138),#5142);
#5138 = LINE('',#5139,#5140);
#5139 = CARTESIAN_POINT('',(-0.,-3.9));
#5140 = VECTOR('',#5141,1.);
#5141 = DIRECTION('',(-1.,0.));
#5142 = ( GEOMETRIC_REPRESENTATION_CONTEXT(2) 
PARAMETRIC_REPRESENTATION_CONTEXT() REPRESENTATION_CONTEXT('2D SPACE',''
  ) );
#5143 = ADVANCED_FACE('',(#5144),#5050,.F.);
#5144 = FACE_BOUND('',#5145,.T.);
#5145 = EDGE_LOOP('',(#5146,#5147,#5168,#5191));
#5146 = ORIENTED_EDGE('',*,*,#5034,.F.);
#5147 = ORIENTED_EDGE('',*,*,#5148,.T.);
#5148 = EDGE_CURVE('',#5014,#5149,#5151,.T.);
#5149 = VERTEX_POINT('',#5150);
#5150 = CARTESIAN_POINT('',(69.55,-22.55,4.4));
#5151 = SURFACE_CURVE('',#5152,(#5156,#5162),.PCURVE_S1.);
#5152 = LINE('',#5153,#5154);
#5153 = CARTESIAN_POINT('',(52.894792896096,-22.55,4.4));
#5154 = VECTOR('',#5155,1.);
#5155 = DIRECTION('',(-1.,0.,0.));
#5156 = PCURVE('',#5050,#5157);
#5157 = DEFINITIONAL_REPRESENTATION('',(#5158),#5161);
#5158 = B_SPLINE_CURVE_WITH_KNOTS('',1,(#5159,#5160),.UNSPECIFIED.,.F.,
  .F.,(2,2),(-20.5552071039,-16.6552071039),.PIECEWISE_BEZIER_KNOTS.);
#5159 = CARTESIAN_POINT('',(-0.1,3.9));
#5160 = CARTESIAN_POINT('',(-0.1,0.));
#5161 = ( GEOMETRIC_REPRESENTATION_CONTEXT(2) 
PARAMETRIC_REPRESENTATION_CONTEXT() REPRESENTATION_CONTEXT('2D SPACE',''
  ) );
#5162 = PCURVE('',#152,#5163);
#5163 = DEFINITIONAL_REPRESENTATION('',(#5164),#5167);
#5164 = B_SPLINE_CURVE_WITH_KNOTS('',1,(#5165,#5166),.UNSPECIFIED.,.F.,
  .F.,(2,2),(-20.5552071039,-16.6552071039),.PIECEWISE_BEZIER_KNOTS.);
#5165 = CARTESIAN_POINT('',(37.210414207808,-12.11297748524));
#5166 = CARTESIAN_POINT('',(33.310414207808,-12.11297748524));
#5167 = ( GEOMETRIC_REPRESENTATION_CONTEXT(2) 
PARAMETRIC_REPRESENTATION_CONTEXT() REPRESENTATION_CONTEXT('2D SPACE',''
  ) );
#5168 = ORIENTED_EDGE('',*,*,#5169,.T.);
#5169 = EDGE_CURVE('',#5149,#5170,#5172,.T.);
#5170 = VERTEX_POINT('',#5171);
#5171 = CARTESIAN_POINT('',(69.55,-22.55,4.818918918919));
#5172 = SURFACE_CURVE('',#5173,(#5177,#5184),.PCURVE_S1.);
#5173 = LINE('',#5174,#5175);
#5174 = CARTESIAN_POINT('',(69.55,-22.55,4.3));
#5175 = VECTOR('',#5176,1.);
#5176 = DIRECTION('',(0.,0.,1.));
#5177 = PCURVE('',#5050,#5178);
#5178 = DEFINITIONAL_REPRESENTATION('',(#5179),#5183);
#5179 = LINE('',#5180,#5181);
#5180 = CARTESIAN_POINT('',(-0.,0.));
#5181 = VECTOR('',#5182,1.);
#5182 = DIRECTION('',(-1.,0.));
#5183 = ( GEOMETRIC_REPRESENTATION_CONTEXT(2) 
PARAMETRIC_REPRESENTATION_CONTEXT() REPRESENTATION_CONTEXT('2D SPACE',''
  ) );
#5184 = PCURVE('',#4736,#5185);
#5185 = DEFINITIONAL_REPRESENTATION('',(#5186),#5190);
#5186 = LINE('',#5187,#5188);
#5187 = CARTESIAN_POINT('',(-0.,-1.35));
#5188 = VECTOR('',#5189,1.);
#5189 = DIRECTION('',(-1.,0.));
#5190 = ( GEOMETRIC_REPRESENTATION_CONTEXT(2) 
PARAMETRIC_REPRESENTATION_CONTEXT() REPRESENTATION_CONTEXT('2D SPACE',''
  ) );
#5191 = ORIENTED_EDGE('',*,*,#5192,.T.);
#5192 = EDGE_CURVE('',#5170,#5035,#5193,.T.);
#5193 = SURFACE_CURVE('',#5194,(#5198,#5205),.PCURVE_S1.);
#5194 = LINE('',#5195,#5196);
#5195 = CARTESIAN_POINT('',(69.55,-22.55,4.818918918919));
#5196 = VECTOR('',#5197,1.);
#5197 = DIRECTION('',(1.,-0.,-0.));
#5198 = PCURVE('',#5050,#5199);
#5199 = DEFINITIONAL_REPRESENTATION('',(#5200),#5204);
#5200 = LINE('',#5201,#5202);
#5201 = CARTESIAN_POINT('',(-0.518918918919,0.));
#5202 = VECTOR('',#5203,1.);
#5203 = DIRECTION('',(-0.,1.));
#5204 = ( GEOMETRIC_REPRESENTATION_CONTEXT(2) 
PARAMETRIC_REPRESENTATION_CONTEXT() REPRESENTATION_CONTEXT('2D SPACE',''
  ) );
#5205 = PCURVE('',#5078,#5206);
#5206 = DEFINITIONAL_REPRESENTATION('',(#5207),#5211);
#5207 = LINE('',#5208,#5209);
#5208 = CARTESIAN_POINT('',(-2.753044665567E-02,0.));
#5209 = VECTOR('',#5210,1.);
#5210 = DIRECTION('',(-0.,-1.));
#5211 = ( GEOMETRIC_REPRESENTATION_CONTEXT(2) 
PARAMETRIC_REPRESENTATION_CONTEXT() REPRESENTATION_CONTEXT('2D SPACE',''
  ) );
#5212 = ADVANCED_FACE('',(#5213),#5078,.T.);
#5213 = FACE_BOUND('',#5214,.F.);
#5214 = EDGE_LOOP('',(#5215,#5238,#5239,#5240));
#5215 = ORIENTED_EDGE('',*,*,#5216,.F.);
#5216 = EDGE_CURVE('',#5170,#5217,#5219,.T.);
#5217 = VERTEX_POINT('',#5218);
#5218 = CARTESIAN_POINT('',(69.55,-22.9,5.15));
#5219 = SURFACE_CURVE('',#5220,(#5224,#5231),.PCURVE_S1.);
#5220 = LINE('',#5221,#5222);
#5221 = CARTESIAN_POINT('',(69.55,-22.53,4.8));
#5222 = VECTOR('',#5223,1.);
#5223 = DIRECTION('',(-0.,-0.726468416955,0.687199853876));
#5224 = PCURVE('',#5078,#5225);
#5225 = DEFINITIONAL_REPRESENTATION('',(#5226),#5230);
#5226 = LINE('',#5227,#5228);
#5227 = CARTESIAN_POINT('',(-0.,-0.));
#5228 = VECTOR('',#5229,1.);
#5229 = DIRECTION('',(-1.,0.));
#5230 = ( GEOMETRIC_REPRESENTATION_CONTEXT(2) 
PARAMETRIC_REPRESENTATION_CONTEXT() REPRESENTATION_CONTEXT('2D SPACE',''
  ) );
#5231 = PCURVE('',#4736,#5232);
#5232 = DEFINITIONAL_REPRESENTATION('',(#5233),#5237);
#5233 = LINE('',#5234,#5235);
#5234 = CARTESIAN_POINT('',(-0.5,-1.33));
#5235 = VECTOR('',#5236,1.);
#5236 = DIRECTION('',(-0.687199853876,-0.726468416955));
#5237 = ( GEOMETRIC_REPRESENTATION_CONTEXT(2) 
PARAMETRIC_REPRESENTATION_CONTEXT() REPRESENTATION_CONTEXT('2D SPACE',''
  ) );
#5238 = ORIENTED_EDGE('',*,*,#5192,.T.);
#5239 = ORIENTED_EDGE('',*,*,#5062,.T.);
#5240 = ORIENTED_EDGE('',*,*,#5241,.F.);
#5241 = EDGE_CURVE('',#5217,#5063,#5242,.T.);
#5242 = SURFACE_CURVE('',#5243,(#5247,#5254),.PCURVE_S1.);
#5243 = LINE('',#5244,#5245);
#5244 = CARTESIAN_POINT('',(69.55,-22.9,5.15));
#5245 = VECTOR('',#5246,1.);
#5246 = DIRECTION('',(1.,-0.,-0.));
#5247 = PCURVE('',#5078,#5248);
#5248 = DEFINITIONAL_REPRESENTATION('',(#5249),#5253);
#5249 = LINE('',#5250,#5251);
#5250 = CARTESIAN_POINT('',(-0.50931326313,0.));
#5251 = VECTOR('',#5252,1.);
#5252 = DIRECTION('',(-0.,-1.));
#5253 = ( GEOMETRIC_REPRESENTATION_CONTEXT(2) 
PARAMETRIC_REPRESENTATION_CONTEXT() REPRESENTATION_CONTEXT('2D SPACE',''
  ) );
#5254 = PCURVE('',#5106,#5255);
#5255 = DEFINITIONAL_REPRESENTATION('',(#5256),#5260);
#5256 = LINE('',#5257,#5258);
#5257 = CARTESIAN_POINT('',(-0.,-0.));
#5258 = VECTOR('',#5259,1.);
#5259 = DIRECTION('',(-0.,-1.));
#5260 = ( GEOMETRIC_REPRESENTATION_CONTEXT(2) 
PARAMETRIC_REPRESENTATION_CONTEXT() REPRESENTATION_CONTEXT('2D SPACE',''
  ) );
#5261 = ADVANCED_FACE('',(#5262),#5106,.T.);
#5262 = FACE_BOUND('',#5263,.F.);
#5263 = EDGE_LOOP('',(#5264,#5265,#5266,#5289));
#5264 = ORIENTED_EDGE('',*,*,#5241,.T.);
#5265 = ORIENTED_EDGE('',*,*,#5090,.T.);
#5266 = ORIENTED_EDGE('',*,*,#5267,.F.);
#5267 = EDGE_CURVE('',#5268,#5091,#5270,.T.);
#5268 = VERTEX_POINT('',#5269);
#5269 = CARTESIAN_POINT('',(69.55,-22.9,5.45));
#5270 = SURFACE_CURVE('',#5271,(#5275,#5282),.PCURVE_S1.);
#5271 = LINE('',#5272,#5273);
#5272 = CARTESIAN_POINT('',(69.55,-22.9,5.45));
#5273 = VECTOR('',#5274,1.);
#5274 = DIRECTION('',(1.,-0.,-0.));
#5275 = PCURVE('',#5106,#5276);
#5276 = DEFINITIONAL_REPRESENTATION('',(#5277),#5281);
#5277 = LINE('',#5278,#5279);
#5278 = CARTESIAN_POINT('',(-0.3,-0.));
#5279 = VECTOR('',#5280,1.);
#5280 = DIRECTION('',(-0.,-1.));
#5281 = ( GEOMETRIC_REPRESENTATION_CONTEXT(2) 
PARAMETRIC_REPRESENTATION_CONTEXT() REPRESENTATION_CONTEXT('2D SPACE',''
  ) );
#5282 = PCURVE('',#5132,#5283);
#5283 = DEFINITIONAL_REPRESENTATION('',(#5284),#5288);
#5284 = LINE('',#5285,#5286);
#5285 = CARTESIAN_POINT('',(-0.,0.));
#5286 = VECTOR('',#5287,1.);
#5287 = DIRECTION('',(-0.,-1.));
#5288 = ( GEOMETRIC_REPRESENTATION_CONTEXT(2) 
PARAMETRIC_REPRESENTATION_CONTEXT() REPRESENTATION_CONTEXT('2D SPACE',''
  ) );
#5289 = ORIENTED_EDGE('',*,*,#5290,.F.);
#5290 = EDGE_CURVE('',#5217,#5268,#5291,.T.);
#5291 = SURFACE_CURVE('',#5292,(#5296,#5303),.PCURVE_S1.);
#5292 = LINE('',#5293,#5294);
#5293 = CARTESIAN_POINT('',(69.55,-22.9,5.15));
#5294 = VECTOR('',#5295,1.);
#5295 = DIRECTION('',(-0.,-0.,1.));
#5296 = PCURVE('',#5106,#5297);
#5297 = DEFINITIONAL_REPRESENTATION('',(#5298),#5302);
#5298 = LINE('',#5299,#5300);
#5299 = CARTESIAN_POINT('',(-0.,-0.));
#5300 = VECTOR('',#5301,1.);
#5301 = DIRECTION('',(-1.,0.));
#5302 = ( GEOMETRIC_REPRESENTATION_CONTEXT(2) 
PARAMETRIC_REPRESENTATION_CONTEXT() REPRESENTATION_CONTEXT('2D SPACE',''
  ) );
#5303 = PCURVE('',#4736,#5304);
#5304 = DEFINITIONAL_REPRESENTATION('',(#5305),#5309);
#5305 = LINE('',#5306,#5307);
#5306 = CARTESIAN_POINT('',(-0.85,-1.7));
#5307 = VECTOR('',#5308,1.);
#5308 = DIRECTION('',(-1.,0.));
#5309 = ( GEOMETRIC_REPRESENTATION_CONTEXT(2) 
PARAMETRIC_REPRESENTATION_CONTEXT() REPRESENTATION_CONTEXT('2D SPACE',''
  ) );
#5310 = ADVANCED_FACE('',(#5311),#5132,.T.);
#5311 = FACE_BOUND('',#5312,.F.);
#5312 = EDGE_LOOP('',(#5313,#5336,#5337,#5338));
#5313 = ORIENTED_EDGE('',*,*,#5314,.F.);
#5314 = EDGE_CURVE('',#5268,#5315,#5317,.T.);
#5315 = VERTEX_POINT('',#5316);
#5316 = CARTESIAN_POINT('',(69.55,-22.55,5.894594594595));
#5317 = SURFACE_CURVE('',#5318,(#5322,#5329),.PCURVE_S1.);
#5318 = LINE('',#5319,#5320);
#5319 = CARTESIAN_POINT('',(69.55,-22.9,5.45));
#5320 = VECTOR('',#5321,1.);
#5321 = DIRECTION('',(-0.,0.618559606331,0.785737878313));
#5322 = PCURVE('',#5132,#5323);
#5323 = DEFINITIONAL_REPRESENTATION('',(#5324),#5328);
#5324 = LINE('',#5325,#5326);
#5325 = CARTESIAN_POINT('',(-0.,0.));
#5326 = VECTOR('',#5327,1.);
#5327 = DIRECTION('',(-1.,0.));
#5328 = ( GEOMETRIC_REPRESENTATION_CONTEXT(2) 
PARAMETRIC_REPRESENTATION_CONTEXT() REPRESENTATION_CONTEXT('2D SPACE',''
  ) );
#5329 = PCURVE('',#4736,#5330);
#5330 = DEFINITIONAL_REPRESENTATION('',(#5331),#5335);
#5331 = LINE('',#5332,#5333);
#5332 = CARTESIAN_POINT('',(-1.15,-1.7));
#5333 = VECTOR('',#5334,1.);
#5334 = DIRECTION('',(-0.785737878313,0.618559606331));
#5335 = ( GEOMETRIC_REPRESENTATION_CONTEXT(2) 
PARAMETRIC_REPRESENTATION_CONTEXT() REPRESENTATION_CONTEXT('2D SPACE',''
  ) );
#5336 = ORIENTED_EDGE('',*,*,#5267,.T.);
#5337 = ORIENTED_EDGE('',*,*,#5118,.T.);
#5338 = ORIENTED_EDGE('',*,*,#5339,.T.);
#5339 = EDGE_CURVE('',#4989,#5315,#5340,.T.);
#5340 = SURFACE_CURVE('',#5341,(#5345,#5352),.PCURVE_S1.);
#5341 = LINE('',#5342,#5343);
#5342 = CARTESIAN_POINT('',(69.55,-22.55,5.894594594595));
#5343 = VECTOR('',#5344,1.);
#5344 = DIRECTION('',(-1.,-0.,-0.));
#5345 = PCURVE('',#5132,#5346);
#5346 = DEFINITIONAL_REPRESENTATION('',(#5347),#5351);
#5347 = LINE('',#5348,#5349);
#5348 = CARTESIAN_POINT('',(-0.565830675682,0.));
#5349 = VECTOR('',#5350,1.);
#5350 = DIRECTION('',(-0.,1.));
#5351 = ( GEOMETRIC_REPRESENTATION_CONTEXT(2) 
PARAMETRIC_REPRESENTATION_CONTEXT() REPRESENTATION_CONTEXT('2D SPACE',''
  ) );
#5352 = PCURVE('',#4906,#5353);
#5353 = DEFINITIONAL_REPRESENTATION('',(#5354),#5358);
#5354 = LINE('',#5355,#5356);
#5355 = CARTESIAN_POINT('',(-1.594594594595,0.));
#5356 = VECTOR('',#5357,1.);
#5357 = DIRECTION('',(-0.,-1.));
#5358 = ( GEOMETRIC_REPRESENTATION_CONTEXT(2) 
PARAMETRIC_REPRESENTATION_CONTEXT() REPRESENTATION_CONTEXT('2D SPACE',''
  ) );
#5359 = ADVANCED_FACE('',(#5360),#4906,.F.);
#5360 = FACE_BOUND('',#5361,.T.);
#5361 = EDGE_LOOP('',(#5362,#5363,#5364,#5385));
#5362 = ORIENTED_EDGE('',*,*,#4988,.F.);
#5363 = ORIENTED_EDGE('',*,*,#5339,.T.);
#5364 = ORIENTED_EDGE('',*,*,#5365,.T.);
#5365 = EDGE_CURVE('',#5315,#4792,#5366,.T.);
#5366 = SURFACE_CURVE('',#5367,(#5371,#5378),.PCURVE_S1.);
#5367 = LINE('',#5368,#5369);
#5368 = CARTESIAN_POINT('',(69.55,-22.55,4.3));
#5369 = VECTOR('',#5370,1.);
#5370 = DIRECTION('',(0.,0.,1.));
#5371 = PCURVE('',#4906,#5372);
#5372 = DEFINITIONAL_REPRESENTATION('',(#5373),#5377);
#5373 = LINE('',#5374,#5375);
#5374 = CARTESIAN_POINT('',(-0.,0.));
#5375 = VECTOR('',#5376,1.);
#5376 = DIRECTION('',(-1.,0.));
#5377 = ( GEOMETRIC_REPRESENTATION_CONTEXT(2) 
PARAMETRIC_REPRESENTATION_CONTEXT() REPRESENTATION_CONTEXT('2D SPACE',''
  ) );
#5378 = PCURVE('',#4736,#5379);
#5379 = DEFINITIONAL_REPRESENTATION('',(#5380),#5384);
#5380 = LINE('',#5381,#5382);
#5381 = CARTESIAN_POINT('',(-0.,-1.35));
#5382 = VECTOR('',#5383,1.);
#5383 = DIRECTION('',(-1.,0.));
#5384 = ( GEOMETRIC_REPRESENTATION_CONTEXT(2) 
PARAMETRIC_REPRESENTATION_CONTEXT() REPRESENTATION_CONTEXT('2D SPACE',''
  ) );
#5385 = ORIENTED_EDGE('',*,*,#4892,.T.);
#5386 = ADVANCED_FACE('',(#5387),#4736,.T.);
#5387 = FACE_BOUND('',#5388,.F.);
#5388 = EDGE_LOOP('',(#5389,#5390,#5391,#5410,#5411,#5412,#5413,#5414));
#5389 = ORIENTED_EDGE('',*,*,#4791,.F.);
#5390 = ORIENTED_EDGE('',*,*,#4721,.F.);
#5391 = ORIENTED_EDGE('',*,*,#5392,.T.);
#5392 = EDGE_CURVE('',#4722,#5149,#5393,.T.);
#5393 = SURFACE_CURVE('',#5394,(#5398,#5404),.PCURVE_S1.);
#5394 = LINE('',#5395,#5396);
#5395 = CARTESIAN_POINT('',(69.55,-15.81851125738,4.4));
#5396 = VECTOR('',#5397,1.);
#5397 = DIRECTION('',(0.,-1.,0.));
#5398 = PCURVE('',#4736,#5399);
#5399 = DEFINITIONAL_REPRESENTATION('',(#5400),#5403);
#5400 = B_SPLINE_CURVE_WITH_KNOTS('',1,(#5401,#5402),.UNSPECIFIED.,.F.,
  .F.,(2,2),(5.38148874262,7.08148874262),.PIECEWISE_BEZIER_KNOTS.);
#5401 = CARTESIAN_POINT('',(-0.1,0.));
#5402 = CARTESIAN_POINT('',(-0.1,-1.7));
#5403 = ( GEOMETRIC_REPRESENTATION_CONTEXT(2) 
PARAMETRIC_REPRESENTATION_CONTEXT() REPRESENTATION_CONTEXT('2D SPACE',''
  ) );
#5404 = PCURVE('',#152,#5405);
#5405 = DEFINITIONAL_REPRESENTATION('',(#5406),#5409);
#5406 = B_SPLINE_CURVE_WITH_KNOTS('',1,(#5407,#5408),.UNSPECIFIED.,.F.,
  .F.,(2,2),(5.38148874262,7.08148874262),.PIECEWISE_BEZIER_KNOTS.);
#5407 = CARTESIAN_POINT('',(33.310414207808,-10.76297748524));
#5408 = CARTESIAN_POINT('',(33.310414207808,-12.46297748524));
#5409 = ( GEOMETRIC_REPRESENTATION_CONTEXT(2) 
PARAMETRIC_REPRESENTATION_CONTEXT() REPRESENTATION_CONTEXT('2D SPACE',''
  ) );
#5410 = ORIENTED_EDGE('',*,*,#5169,.T.);
#5411 = ORIENTED_EDGE('',*,*,#5216,.T.);
#5412 = ORIENTED_EDGE('',*,*,#5290,.T.);
#5413 = ORIENTED_EDGE('',*,*,#5314,.T.);
#5414 = ORIENTED_EDGE('',*,*,#5365,.T.);
#5415 = ADVANCED_FACE('',(#5416),#4683,.F.);
#5416 = FACE_BOUND('',#5417,.F.);
#5417 = EDGE_LOOP('',(#5418,#5419,#5420,#5421,#5442,#5468));
#5418 = ORIENTED_EDGE('',*,*,#4665,.F.);
#5419 = ORIENTED_EDGE('',*,*,#4815,.T.);
#5420 = ORIENTED_EDGE('',*,*,#4965,.F.);
#5421 = ORIENTED_EDGE('',*,*,#5422,.T.);
#5422 = EDGE_CURVE('',#4945,#5423,#5425,.T.);
#5423 = VERTEX_POINT('',#5424);
#5424 = CARTESIAN_POINT('',(73.4,-17.8,4.4));
#5425 = SURFACE_CURVE('',#5426,(#5430,#5436),.PCURVE_S1.);
#5426 = LINE('',#5427,#5428);
#5427 = CARTESIAN_POINT('',(73.4,-16.14351125738,4.4));
#5428 = VECTOR('',#5429,1.);
#5429 = DIRECTION('',(0.,1.,0.));
#5430 = PCURVE('',#4683,#5431);
#5431 = DEFINITIONAL_REPRESENTATION('',(#5432),#5435);
#5432 = B_SPLINE_CURVE_WITH_KNOTS('',1,(#5433,#5434),.UNSPECIFIED.,.F.,
  .F.,(2,2),(-5.70648874262,16.84351125738),.PIECEWISE_BEZIER_KNOTS.);
#5433 = CARTESIAN_POINT('',(7.3,0.));
#5434 = CARTESIAN_POINT('',(7.3,-22.55));
#5435 = ( GEOMETRIC_REPRESENTATION_CONTEXT(2) 
PARAMETRIC_REPRESENTATION_CONTEXT() REPRESENTATION_CONTEXT('2D SPACE',''
  ) );
#5436 = PCURVE('',#152,#5437);
#5437 = DEFINITIONAL_REPRESENTATION('',(#5438),#5441);
#5438 = B_SPLINE_CURVE_WITH_KNOTS('',1,(#5439,#5440),.UNSPECIFIED.,.F.,
  .F.,(2,2),(-5.70648874262,16.84351125738),.PIECEWISE_BEZIER_KNOTS.);
#5439 = CARTESIAN_POINT('',(37.160414207808,-11.41297748524));
#5440 = CARTESIAN_POINT('',(37.160414207808,11.13702251476));
#5441 = ( GEOMETRIC_REPRESENTATION_CONTEXT(2) 
PARAMETRIC_REPRESENTATION_CONTEXT() REPRESENTATION_CONTEXT('2D SPACE',''
  ) );
#5442 = ORIENTED_EDGE('',*,*,#5443,.T.);
#5443 = EDGE_CURVE('',#5423,#5444,#5446,.T.);
#5444 = VERTEX_POINT('',#5445);
#5445 = CARTESIAN_POINT('',(73.4,-17.8,6.6));
#5446 = SURFACE_CURVE('',#5447,(#5451,#5457),.PCURVE_S1.);
#5447 = LINE('',#5448,#5449);
#5448 = CARTESIAN_POINT('',(73.4,-17.8,-0.925));
#5449 = VECTOR('',#5450,1.);
#5450 = DIRECTION('',(0.,0.,1.));
#5451 = PCURVE('',#4683,#5452);
#5452 = DEFINITIONAL_REPRESENTATION('',(#5453),#5456);
#5453 = B_SPLINE_CURVE_WITH_KNOTS('',1,(#5454,#5455),.UNSPECIFIED.,.F.,
  .F.,(2,2),(5.325,7.525),.PIECEWISE_BEZIER_KNOTS.);
#5454 = CARTESIAN_POINT('',(7.3,-4.05));
#5455 = CARTESIAN_POINT('',(9.5,-4.05));
#5456 = ( GEOMETRIC_REPRESENTATION_CONTEXT(2) 
PARAMETRIC_REPRESENTATION_CONTEXT() REPRESENTATION_CONTEXT('2D SPACE',''
  ) );
#5457 = PCURVE('',#5458,#5463);
#5458 = PLANE('',#5459);
#5459 = AXIS2_PLACEMENT_3D('',#5460,#5461,#5462);
#5460 = CARTESIAN_POINT('',(69.4,-17.8,1.05));
#5461 = DIRECTION('',(0.,1.,0.));
#5462 = DIRECTION('',(0.,0.,1.));
#5463 = DEFINITIONAL_REPRESENTATION('',(#5464),#5467);
#5464 = B_SPLINE_CURVE_WITH_KNOTS('',1,(#5465,#5466),.UNSPECIFIED.,.F.,
  .F.,(2,2),(5.325,7.525),.PIECEWISE_BEZIER_KNOTS.);
#5465 = CARTESIAN_POINT('',(3.35,4.));
#5466 = CARTESIAN_POINT('',(5.55,4.));
#5467 = ( GEOMETRIC_REPRESENTATION_CONTEXT(2) 
PARAMETRIC_REPRESENTATION_CONTEXT() REPRESENTATION_CONTEXT('2D SPACE',''
  ) );
#5468 = ORIENTED_EDGE('',*,*,#5469,.F.);
#5469 = EDGE_CURVE('',#4668,#5444,#5470,.T.);
#5470 = SURFACE_CURVE('',#5471,(#5475,#5482),.PCURVE_S1.);
#5471 = LINE('',#5472,#5473);
#5472 = CARTESIAN_POINT('',(73.4,-21.85,6.6));
#5473 = VECTOR('',#5474,1.);
#5474 = DIRECTION('',(0.,1.,0.));
#5475 = PCURVE('',#4683,#5476);
#5476 = DEFINITIONAL_REPRESENTATION('',(#5477),#5481);
#5477 = LINE('',#5478,#5479);
#5478 = CARTESIAN_POINT('',(9.5,0.));
#5479 = VECTOR('',#5480,1.);
#5480 = DIRECTION('',(0.,-1.));
#5481 = ( GEOMETRIC_REPRESENTATION_CONTEXT(2) 
PARAMETRIC_REPRESENTATION_CONTEXT() REPRESENTATION_CONTEXT('2D SPACE',''
  ) );
#5482 = PCURVE('',#2335,#5483);
#5483 = DEFINITIONAL_REPRESENTATION('',(#5484),#5488);
#5484 = LINE('',#5485,#5486);
#5485 = CARTESIAN_POINT('',(74.,0.));
#5486 = VECTOR('',#5487,1.);
#5487 = DIRECTION('',(0.,1.));
#5488 = ( GEOMETRIC_REPRESENTATION_CONTEXT(2) 
PARAMETRIC_REPRESENTATION_CONTEXT() REPRESENTATION_CONTEXT('2D SPACE',''
  ) );
#5489 = ADVANCED_FACE('',(#5490),#5458,.T.);
#5490 = FACE_BOUND('',#5491,.T.);
#5491 = EDGE_LOOP('',(#5492,#5513,#5541,#5569,#5595,#5614));
#5492 = ORIENTED_EDGE('',*,*,#5493,.T.);
#5493 = EDGE_CURVE('',#5444,#5494,#5496,.T.);
#5494 = VERTEX_POINT('',#5495);
#5495 = CARTESIAN_POINT('',(69.4,-17.8,6.6));
#5496 = SURFACE_CURVE('',#5497,(#5501,#5507),.PCURVE_S1.);
#5497 = LINE('',#5498,#5499);
#5498 = CARTESIAN_POINT('',(34.4,-17.8,6.6));
#5499 = VECTOR('',#5500,1.);
#5500 = DIRECTION('',(-1.,0.,0.));
#5501 = PCURVE('',#5458,#5502);
#5502 = DEFINITIONAL_REPRESENTATION('',(#5503),#5506);
#5503 = B_SPLINE_CURVE_WITH_KNOTS('',1,(#5504,#5505),.UNSPECIFIED.,.F.,
  .F.,(2,2),(-39.,-35.),.PIECEWISE_BEZIER_KNOTS.);
#5504 = CARTESIAN_POINT('',(5.55,4.));
#5505 = CARTESIAN_POINT('',(5.55,0.));
#5506 = ( GEOMETRIC_REPRESENTATION_CONTEXT(2) 
PARAMETRIC_REPRESENTATION_CONTEXT() REPRESENTATION_CONTEXT('2D SPACE',''
  ) );
#5507 = PCURVE('',#2335,#5508);
#5508 = DEFINITIONAL_REPRESENTATION('',(#5509),#5512);
#5509 = B_SPLINE_CURVE_WITH_KNOTS('',1,(#5510,#5511),.UNSPECIFIED.,.F.,
  .F.,(2,2),(-39.,-35.),.PIECEWISE_BEZIER_KNOTS.);
#5510 = CARTESIAN_POINT('',(74.,4.05));
#5511 = CARTESIAN_POINT('',(70.,4.05));
#5512 = ( GEOMETRIC_REPRESENTATION_CONTEXT(2) 
PARAMETRIC_REPRESENTATION_CONTEXT() REPRESENTATION_CONTEXT('2D SPACE',''
  ) );
#5513 = ORIENTED_EDGE('',*,*,#5514,.T.);
#5514 = EDGE_CURVE('',#5494,#5515,#5517,.T.);
#5515 = VERTEX_POINT('',#5516);
#5516 = CARTESIAN_POINT('',(69.4,-17.8,6.75));
#5517 = SURFACE_CURVE('',#5518,(#5522,#5529),.PCURVE_S1.);
#5518 = LINE('',#5519,#5520);
#5519 = CARTESIAN_POINT('',(69.4,-17.8,1.05));
#5520 = VECTOR('',#5521,1.);
#5521 = DIRECTION('',(0.,0.,1.));
#5522 = PCURVE('',#5458,#5523);
#5523 = DEFINITIONAL_REPRESENTATION('',(#5524),#5528);
#5524 = LINE('',#5525,#5526);
#5525 = CARTESIAN_POINT('',(0.,0.));
#5526 = VECTOR('',#5527,1.);
#5527 = DIRECTION('',(1.,0.));
#5528 = ( GEOMETRIC_REPRESENTATION_CONTEXT(2) 
PARAMETRIC_REPRESENTATION_CONTEXT() REPRESENTATION_CONTEXT('2D SPACE',''
  ) );
#5529 = PCURVE('',#5530,#5535);
#5530 = PLANE('',#5531);
#5531 = AXIS2_PLACEMENT_3D('',#5532,#5533,#5534);
#5532 = CARTESIAN_POINT('',(69.4,-17.8,1.05));
#5533 = DIRECTION('',(1.,0.,0.));
#5534 = DIRECTION('',(0.,0.,1.));
#5535 = DEFINITIONAL_REPRESENTATION('',(#5536),#5540);
#5536 = LINE('',#5537,#5538);
#5537 = CARTESIAN_POINT('',(0.,0.));
#5538 = VECTOR('',#5539,1.);
#5539 = DIRECTION('',(1.,0.));
#5540 = ( GEOMETRIC_REPRESENTATION_CONTEXT(2) 
PARAMETRIC_REPRESENTATION_CONTEXT() REPRESENTATION_CONTEXT('2D SPACE',''
  ) );
#5541 = ORIENTED_EDGE('',*,*,#5542,.T.);
#5542 = EDGE_CURVE('',#5515,#5543,#5545,.T.);
#5543 = VERTEX_POINT('',#5544);
#5544 = CARTESIAN_POINT('',(74.8,-17.8,6.75));
#5545 = SURFACE_CURVE('',#5546,(#5550,#5557),.PCURVE_S1.);
#5546 = LINE('',#5547,#5548);
#5547 = CARTESIAN_POINT('',(69.4,-17.8,6.75));
#5548 = VECTOR('',#5549,1.);
#5549 = DIRECTION('',(1.,0.,0.));
#5550 = PCURVE('',#5458,#5551);
#5551 = DEFINITIONAL_REPRESENTATION('',(#5552),#5556);
#5552 = LINE('',#5553,#5554);
#5553 = CARTESIAN_POINT('',(5.7,0.));
#5554 = VECTOR('',#5555,1.);
#5555 = DIRECTION('',(0.,1.));
#5556 = ( GEOMETRIC_REPRESENTATION_CONTEXT(2) 
PARAMETRIC_REPRESENTATION_CONTEXT() REPRESENTATION_CONTEXT('2D SPACE',''
  ) );
#5557 = PCURVE('',#5558,#5563);
#5558 = PLANE('',#5559);
#5559 = AXIS2_PLACEMENT_3D('',#5560,#5561,#5562);
#5560 = CARTESIAN_POINT('',(69.4,-17.8,6.75));
#5561 = DIRECTION('',(0.,0.,1.));
#5562 = DIRECTION('',(1.,0.,0.));
#5563 = DEFINITIONAL_REPRESENTATION('',(#5564),#5568);
#5564 = LINE('',#5565,#5566);
#5565 = CARTESIAN_POINT('',(0.,0.));
#5566 = VECTOR('',#5567,1.);
#5567 = DIRECTION('',(1.,0.));
#5568 = ( GEOMETRIC_REPRESENTATION_CONTEXT(2) 
PARAMETRIC_REPRESENTATION_CONTEXT() REPRESENTATION_CONTEXT('2D SPACE',''
  ) );
#5569 = ORIENTED_EDGE('',*,*,#5570,.T.);
#5570 = EDGE_CURVE('',#5543,#5571,#5573,.T.);
#5571 = VERTEX_POINT('',#5572);
#5572 = CARTESIAN_POINT('',(74.8,-17.8,4.4));
#5573 = SURFACE_CURVE('',#5574,(#5578,#5584),.PCURVE_S1.);
#5574 = LINE('',#5575,#5576);
#5575 = CARTESIAN_POINT('',(74.8,-17.8,2.725));
#5576 = VECTOR('',#5577,1.);
#5577 = DIRECTION('',(0.,0.,-1.));
#5578 = PCURVE('',#5458,#5579);
#5579 = DEFINITIONAL_REPRESENTATION('',(#5580),#5583);
#5580 = B_SPLINE_CURVE_WITH_KNOTS('',1,(#5581,#5582),.UNSPECIFIED.,.F.,
  .F.,(2,2),(-4.025,-1.675),.PIECEWISE_BEZIER_KNOTS.);
#5581 = CARTESIAN_POINT('',(5.7,5.4));
#5582 = CARTESIAN_POINT('',(3.35,5.4));
#5583 = ( GEOMETRIC_REPRESENTATION_CONTEXT(2) 
PARAMETRIC_REPRESENTATION_CONTEXT() REPRESENTATION_CONTEXT('2D SPACE',''
  ) );
#5584 = PCURVE('',#5585,#5590);
#5585 = PLANE('',#5586);
#5586 = AXIS2_PLACEMENT_3D('',#5587,#5588,#5589);
#5587 = CARTESIAN_POINT('',(74.8,-23.7,4.4));
#5588 = DIRECTION('',(-1.,0.,0.));
#5589 = DIRECTION('',(0.,1.,0.));
#5590 = DEFINITIONAL_REPRESENTATION('',(#5591),#5594);
#5591 = B_SPLINE_CURVE_WITH_KNOTS('',1,(#5592,#5593),.UNSPECIFIED.,.F.,
  .F.,(2,2),(-4.025,-1.675),.PIECEWISE_BEZIER_KNOTS.);
#5592 = CARTESIAN_POINT('',(5.9,-2.35));
#5593 = CARTESIAN_POINT('',(5.9,0.));
#5594 = ( GEOMETRIC_REPRESENTATION_CONTEXT(2) 
PARAMETRIC_REPRESENTATION_CONTEXT() REPRESENTATION_CONTEXT('2D SPACE',''
  ) );
#5595 = ORIENTED_EDGE('',*,*,#5596,.T.);
#5596 = EDGE_CURVE('',#5571,#5423,#5597,.T.);
#5597 = SURFACE_CURVE('',#5598,(#5602,#5608),.PCURVE_S1.);
#5598 = LINE('',#5599,#5600);
#5599 = CARTESIAN_POINT('',(52.819792896096,-17.8,4.4));
#5600 = VECTOR('',#5601,1.);
#5601 = DIRECTION('',(-1.,0.,0.));
#5602 = PCURVE('',#5458,#5603);
#5603 = DEFINITIONAL_REPRESENTATION('',(#5604),#5607);
#5604 = B_SPLINE_CURVE_WITH_KNOTS('',1,(#5605,#5606),.UNSPECIFIED.,.F.,
  .F.,(2,2),(-21.9802071039,-16.5802071039),.PIECEWISE_BEZIER_KNOTS.);
#5605 = CARTESIAN_POINT('',(3.35,5.4));
#5606 = CARTESIAN_POINT('',(3.35,0.));
#5607 = ( GEOMETRIC_REPRESENTATION_CONTEXT(2) 
PARAMETRIC_REPRESENTATION_CONTEXT() REPRESENTATION_CONTEXT('2D SPACE',''
  ) );
#5608 = PCURVE('',#152,#5609);
#5609 = DEFINITIONAL_REPRESENTATION('',(#5610),#5613);
#5610 = B_SPLINE_CURVE_WITH_KNOTS('',1,(#5611,#5612),.UNSPECIFIED.,.F.,
  .F.,(2,2),(-21.9802071039,-16.5802071039),.PIECEWISE_BEZIER_KNOTS.);
#5611 = CARTESIAN_POINT('',(38.560414207808,-7.36297748524));
#5612 = CARTESIAN_POINT('',(33.160414207808,-7.36297748524));
#5613 = ( GEOMETRIC_REPRESENTATION_CONTEXT(2) 
PARAMETRIC_REPRESENTATION_CONTEXT() REPRESENTATION_CONTEXT('2D SPACE',''
  ) );
#5614 = ORIENTED_EDGE('',*,*,#5443,.T.);
#5615 = ADVANCED_FACE('',(#5616),#5530,.T.);
#5616 = FACE_BOUND('',#5617,.T.);
#5617 = EDGE_LOOP('',(#5618,#5619,#5640,#5668));
#5618 = ORIENTED_EDGE('',*,*,#5514,.F.);
#5619 = ORIENTED_EDGE('',*,*,#5620,.T.);
#5620 = EDGE_CURVE('',#5494,#5621,#5623,.T.);
#5621 = VERTEX_POINT('',#5622);
#5622 = CARTESIAN_POINT('',(69.4,-4.3,6.6));
#5623 = SURFACE_CURVE('',#5624,(#5628,#5634),.PCURVE_S1.);
#5624 = LINE('',#5625,#5626);
#5625 = CARTESIAN_POINT('',(69.4,-19.825,6.6));
#5626 = VECTOR('',#5627,1.);
#5627 = DIRECTION('',(0.,1.,0.));
#5628 = PCURVE('',#5530,#5629);
#5629 = DEFINITIONAL_REPRESENTATION('',(#5630),#5633);
#5630 = B_SPLINE_CURVE_WITH_KNOTS('',1,(#5631,#5632),.UNSPECIFIED.,.F.,
  .F.,(2,2),(2.025,15.525),.PIECEWISE_BEZIER_KNOTS.);
#5631 = CARTESIAN_POINT('',(5.55,0.));
#5632 = CARTESIAN_POINT('',(5.55,-13.5));
#5633 = ( GEOMETRIC_REPRESENTATION_CONTEXT(2) 
PARAMETRIC_REPRESENTATION_CONTEXT() REPRESENTATION_CONTEXT('2D SPACE',''
  ) );
#5634 = PCURVE('',#2335,#5635);
#5635 = DEFINITIONAL_REPRESENTATION('',(#5636),#5639);
#5636 = B_SPLINE_CURVE_WITH_KNOTS('',1,(#5637,#5638),.UNSPECIFIED.,.F.,
  .F.,(2,2),(2.025,15.525),.PIECEWISE_BEZIER_KNOTS.);
#5637 = CARTESIAN_POINT('',(70.,4.05));
#5638 = CARTESIAN_POINT('',(70.,17.55));
#5639 = ( GEOMETRIC_REPRESENTATION_CONTEXT(2) 
PARAMETRIC_REPRESENTATION_CONTEXT() REPRESENTATION_CONTEXT('2D SPACE',''
  ) );
#5640 = ORIENTED_EDGE('',*,*,#5641,.T.);
#5641 = EDGE_CURVE('',#5621,#5642,#5644,.T.);
#5642 = VERTEX_POINT('',#5643);
#5643 = CARTESIAN_POINT('',(69.4,-4.3,6.75));
#5644 = SURFACE_CURVE('',#5645,(#5649,#5656),.PCURVE_S1.);
#5645 = LINE('',#5646,#5647);
#5646 = CARTESIAN_POINT('',(69.4,-4.3,1.05));
#5647 = VECTOR('',#5648,1.);
#5648 = DIRECTION('',(0.,0.,1.));
#5649 = PCURVE('',#5530,#5650);
#5650 = DEFINITIONAL_REPRESENTATION('',(#5651),#5655);
#5651 = LINE('',#5652,#5653);
#5652 = CARTESIAN_POINT('',(0.,-13.5));
#5653 = VECTOR('',#5654,1.);
#5654 = DIRECTION('',(1.,0.));
#5655 = ( GEOMETRIC_REPRESENTATION_CONTEXT(2) 
PARAMETRIC_REPRESENTATION_CONTEXT() REPRESENTATION_CONTEXT('2D SPACE',''
  ) );
#5656 = PCURVE('',#5657,#5662);
#5657 = PLANE('',#5658);
#5658 = AXIS2_PLACEMENT_3D('',#5659,#5660,#5661);
#5659 = CARTESIAN_POINT('',(69.4,-4.3,1.05));
#5660 = DIRECTION('',(0.,1.,0.));
#5661 = DIRECTION('',(0.,0.,1.));
#5662 = DEFINITIONAL_REPRESENTATION('',(#5663),#5667);
#5663 = LINE('',#5664,#5665);
#5664 = CARTESIAN_POINT('',(0.,0.));
#5665 = VECTOR('',#5666,1.);
#5666 = DIRECTION('',(1.,0.));
#5667 = ( GEOMETRIC_REPRESENTATION_CONTEXT(2) 
PARAMETRIC_REPRESENTATION_CONTEXT() REPRESENTATION_CONTEXT('2D SPACE',''
  ) );
#5668 = ORIENTED_EDGE('',*,*,#5669,.F.);
#5669 = EDGE_CURVE('',#5515,#5642,#5670,.T.);
#5670 = SURFACE_CURVE('',#5671,(#5675,#5682),.PCURVE_S1.);
#5671 = LINE('',#5672,#5673);
#5672 = CARTESIAN_POINT('',(69.4,-17.8,6.75));
#5673 = VECTOR('',#5674,1.);
#5674 = DIRECTION('',(0.,1.,0.));
#5675 = PCURVE('',#5530,#5676);
#5676 = DEFINITIONAL_REPRESENTATION('',(#5677),#5681);
#5677 = LINE('',#5678,#5679);
#5678 = CARTESIAN_POINT('',(5.7,0.));
#5679 = VECTOR('',#5680,1.);
#5680 = DIRECTION('',(0.,-1.));
#5681 = ( GEOMETRIC_REPRESENTATION_CONTEXT(2) 
PARAMETRIC_REPRESENTATION_CONTEXT() REPRESENTATION_CONTEXT('2D SPACE',''
  ) );
#5682 = PCURVE('',#5558,#5683);
#5683 = DEFINITIONAL_REPRESENTATION('',(#5684),#5688);
#5684 = LINE('',#5685,#5686);
#5685 = CARTESIAN_POINT('',(0.,0.));
#5686 = VECTOR('',#5687,1.);
#5687 = DIRECTION('',(0.,1.));
#5688 = ( GEOMETRIC_REPRESENTATION_CONTEXT(2) 
PARAMETRIC_REPRESENTATION_CONTEXT() REPRESENTATION_CONTEXT('2D SPACE',''
  ) );
#5689 = ADVANCED_FACE('',(#5690),#5657,.F.);
#5690 = FACE_BOUND('',#5691,.F.);
#5691 = EDGE_LOOP('',(#5692,#5713,#5714,#5737,#5758,#5784));
#5692 = ORIENTED_EDGE('',*,*,#5693,.T.);
#5693 = EDGE_CURVE('',#5694,#5621,#5696,.T.);
#5694 = VERTEX_POINT('',#5695);
#5695 = CARTESIAN_POINT('',(73.4,-4.3,6.6));
#5696 = SURFACE_CURVE('',#5697,(#5701,#5707),.PCURVE_S1.);
#5697 = LINE('',#5698,#5699);
#5698 = CARTESIAN_POINT('',(34.4,-4.3,6.6));
#5699 = VECTOR('',#5700,1.);
#5700 = DIRECTION('',(-1.,0.,0.));
#5701 = PCURVE('',#5657,#5702);
#5702 = DEFINITIONAL_REPRESENTATION('',(#5703),#5706);
#5703 = B_SPLINE_CURVE_WITH_KNOTS('',1,(#5704,#5705),.UNSPECIFIED.,.F.,
  .F.,(2,2),(-39.,-35.),.PIECEWISE_BEZIER_KNOTS.);
#5704 = CARTESIAN_POINT('',(5.55,4.));
#5705 = CARTESIAN_POINT('',(5.55,0.));
#5706 = ( GEOMETRIC_REPRESENTATION_CONTEXT(2) 
PARAMETRIC_REPRESENTATION_CONTEXT() REPRESENTATION_CONTEXT('2D SPACE',''
  ) );
#5707 = PCURVE('',#2335,#5708);
#5708 = DEFINITIONAL_REPRESENTATION('',(#5709),#5712);
#5709 = B_SPLINE_CURVE_WITH_KNOTS('',1,(#5710,#5711),.UNSPECIFIED.,.F.,
  .F.,(2,2),(-39.,-35.),.PIECEWISE_BEZIER_KNOTS.);
#5710 = CARTESIAN_POINT('',(74.,17.55));
#5711 = CARTESIAN_POINT('',(70.,17.55));
#5712 = ( GEOMETRIC_REPRESENTATION_CONTEXT(2) 
PARAMETRIC_REPRESENTATION_CONTEXT() REPRESENTATION_CONTEXT('2D SPACE',''
  ) );
#5713 = ORIENTED_EDGE('',*,*,#5641,.T.);
#5714 = ORIENTED_EDGE('',*,*,#5715,.T.);
#5715 = EDGE_CURVE('',#5642,#5716,#5718,.T.);
#5716 = VERTEX_POINT('',#5717);
#5717 = CARTESIAN_POINT('',(74.8,-4.3,6.75));
#5718 = SURFACE_CURVE('',#5719,(#5723,#5730),.PCURVE_S1.);
#5719 = LINE('',#5720,#5721);
#5720 = CARTESIAN_POINT('',(69.4,-4.3,6.75));
#5721 = VECTOR('',#5722,1.);
#5722 = DIRECTION('',(1.,0.,0.));
#5723 = PCURVE('',#5657,#5724);
#5724 = DEFINITIONAL_REPRESENTATION('',(#5725),#5729);
#5725 = LINE('',#5726,#5727);
#5726 = CARTESIAN_POINT('',(5.7,0.));
#5727 = VECTOR('',#5728,1.);
#5728 = DIRECTION('',(0.,1.));
#5729 = ( GEOMETRIC_REPRESENTATION_CONTEXT(2) 
PARAMETRIC_REPRESENTATION_CONTEXT() REPRESENTATION_CONTEXT('2D SPACE',''
  ) );
#5730 = PCURVE('',#5558,#5731);
#5731 = DEFINITIONAL_REPRESENTATION('',(#5732),#5736);
#5732 = LINE('',#5733,#5734);
#5733 = CARTESIAN_POINT('',(0.,13.5));
#5734 = VECTOR('',#5735,1.);
#5735 = DIRECTION('',(1.,0.));
#5736 = ( GEOMETRIC_REPRESENTATION_CONTEXT(2) 
PARAMETRIC_REPRESENTATION_CONTEXT() REPRESENTATION_CONTEXT('2D SPACE',''
  ) );
#5737 = ORIENTED_EDGE('',*,*,#5738,.T.);
#5738 = EDGE_CURVE('',#5716,#5739,#5741,.T.);
#5739 = VERTEX_POINT('',#5740);
#5740 = CARTESIAN_POINT('',(74.8,-4.3,4.4));
#5741 = SURFACE_CURVE('',#5742,(#5746,#5752),.PCURVE_S1.);
#5742 = LINE('',#5743,#5744);
#5743 = CARTESIAN_POINT('',(74.8,-4.3,2.725));
#5744 = VECTOR('',#5745,1.);
#5745 = DIRECTION('',(0.,0.,-1.));
#5746 = PCURVE('',#5657,#5747);
#5747 = DEFINITIONAL_REPRESENTATION('',(#5748),#5751);
#5748 = B_SPLINE_CURVE_WITH_KNOTS('',1,(#5749,#5750),.UNSPECIFIED.,.F.,
  .F.,(2,2),(-4.025,-1.675),.PIECEWISE_BEZIER_KNOTS.);
#5749 = CARTESIAN_POINT('',(5.7,5.4));
#5750 = CARTESIAN_POINT('',(3.35,5.4));
#5751 = ( GEOMETRIC_REPRESENTATION_CONTEXT(2) 
PARAMETRIC_REPRESENTATION_CONTEXT() REPRESENTATION_CONTEXT('2D SPACE',''
  ) );
#5752 = PCURVE('',#5585,#5753);
#5753 = DEFINITIONAL_REPRESENTATION('',(#5754),#5757);
#5754 = B_SPLINE_CURVE_WITH_KNOTS('',1,(#5755,#5756),.UNSPECIFIED.,.F.,
  .F.,(2,2),(-4.025,-1.675),.PIECEWISE_BEZIER_KNOTS.);
#5755 = CARTESIAN_POINT('',(19.4,-2.35));
#5756 = CARTESIAN_POINT('',(19.4,0.));
#5757 = ( GEOMETRIC_REPRESENTATION_CONTEXT(2) 
PARAMETRIC_REPRESENTATION_CONTEXT() REPRESENTATION_CONTEXT('2D SPACE',''
  ) );
#5758 = ORIENTED_EDGE('',*,*,#5759,.T.);
#5759 = EDGE_CURVE('',#5739,#5760,#5762,.T.);
#5760 = VERTEX_POINT('',#5761);
#5761 = CARTESIAN_POINT('',(73.4,-4.3,4.4));
#5762 = SURFACE_CURVE('',#5763,(#5767,#5773),.PCURVE_S1.);
#5763 = LINE('',#5764,#5765);
#5764 = CARTESIAN_POINT('',(52.819792896096,-4.3,4.4));
#5765 = VECTOR('',#5766,1.);
#5766 = DIRECTION('',(-1.,0.,0.));
#5767 = PCURVE('',#5657,#5768);
#5768 = DEFINITIONAL_REPRESENTATION('',(#5769),#5772);
#5769 = B_SPLINE_CURVE_WITH_KNOTS('',1,(#5770,#5771),.UNSPECIFIED.,.F.,
  .F.,(2,2),(-21.9802071039,-16.5802071039),.PIECEWISE_BEZIER_KNOTS.);
#5770 = CARTESIAN_POINT('',(3.35,5.4));
#5771 = CARTESIAN_POINT('',(3.35,0.));
#5772 = ( GEOMETRIC_REPRESENTATION_CONTEXT(2) 
PARAMETRIC_REPRESENTATION_CONTEXT() REPRESENTATION_CONTEXT('2D SPACE',''
  ) );
#5773 = PCURVE('',#5774,#5779);
#5774 = PLANE('',#5775);
#5775 = AXIS2_PLACEMENT_3D('',#5776,#5777,#5778);
#5776 = CARTESIAN_POINT('',(36.239585792192,-10.43702251476,4.4));
#5777 = DIRECTION('',(0.,0.,1.));
#5778 = DIRECTION('',(1.,0.,-0.));
#5779 = DEFINITIONAL_REPRESENTATION('',(#5780),#5783);
#5780 = B_SPLINE_CURVE_WITH_KNOTS('',1,(#5781,#5782),.UNSPECIFIED.,.F.,
  .F.,(2,2),(-21.9802071039,-16.5802071039),.PIECEWISE_BEZIER_KNOTS.);
#5781 = CARTESIAN_POINT('',(38.560414207808,6.13702251476));
#5782 = CARTESIAN_POINT('',(33.160414207808,6.13702251476));
#5783 = ( GEOMETRIC_REPRESENTATION_CONTEXT(2) 
PARAMETRIC_REPRESENTATION_CONTEXT() REPRESENTATION_CONTEXT('2D SPACE',''
  ) );
#5784 = ORIENTED_EDGE('',*,*,#5785,.T.);
#5785 = EDGE_CURVE('',#5760,#5694,#5786,.T.);
#5786 = SURFACE_CURVE('',#5787,(#5791,#5797),.PCURVE_S1.);
#5787 = LINE('',#5788,#5789);
#5788 = CARTESIAN_POINT('',(73.4,-4.3,-0.925));
#5789 = VECTOR('',#5790,1.);
#5790 = DIRECTION('',(0.,0.,1.));
#5791 = PCURVE('',#5657,#5792);
#5792 = DEFINITIONAL_REPRESENTATION('',(#5793),#5796);
#5793 = B_SPLINE_CURVE_WITH_KNOTS('',1,(#5794,#5795),.UNSPECIFIED.,.F.,
  .F.,(2,2),(5.325,7.525),.PIECEWISE_BEZIER_KNOTS.);
#5794 = CARTESIAN_POINT('',(3.35,4.));
#5795 = CARTESIAN_POINT('',(5.55,4.));
#5796 = ( GEOMETRIC_REPRESENTATION_CONTEXT(2) 
PARAMETRIC_REPRESENTATION_CONTEXT() REPRESENTATION_CONTEXT('2D SPACE',''
  ) );
#5797 = PCURVE('',#5798,#5803);
#5798 = PLANE('',#5799);
#5799 = AXIS2_PLACEMENT_3D('',#5800,#5801,#5802);
#5800 = CARTESIAN_POINT('',(73.4,-21.85,-2.9));
#5801 = DIRECTION('',(1.,0.,0.));
#5802 = DIRECTION('',(0.,0.,1.));
#5803 = DEFINITIONAL_REPRESENTATION('',(#5804),#5807);
#5804 = B_SPLINE_CURVE_WITH_KNOTS('',1,(#5805,#5806),.UNSPECIFIED.,.F.,
  .F.,(2,2),(5.325,7.525),.PIECEWISE_BEZIER_KNOTS.);
#5805 = CARTESIAN_POINT('',(7.3,-17.55));
#5806 = CARTESIAN_POINT('',(9.5,-17.55));
#5807 = ( GEOMETRIC_REPRESENTATION_CONTEXT(2) 
PARAMETRIC_REPRESENTATION_CONTEXT() REPRESENTATION_CONTEXT('2D SPACE',''
  ) );
#5808 = ADVANCED_FACE('',(#5809),#5774,.F.);
#5809 = FACE_BOUND('',#5810,.F.);
#5810 = EDGE_LOOP('',(#5811,#5812,#5835,#5864,#5892,#5925,#5953,#5982,
    #6010,#6039,#6067,#6100,#6128,#6149,#6175,#6201,#6227,#6253,#6274,
    #6300,#6326,#6352,#6378,#6404,#6430,#6456,#6477,#6503,#6529,#6555,
    #6581,#6607,#6633,#6659,#6685,#6711,#6737,#6763,#6789));
#5811 = ORIENTED_EDGE('',*,*,#5759,.F.);
#5812 = ORIENTED_EDGE('',*,*,#5813,.T.);
#5813 = EDGE_CURVE('',#5739,#5814,#5816,.T.);
#5814 = VERTEX_POINT('',#5815);
#5815 = CARTESIAN_POINT('',(74.8,0.5,4.4));
#5816 = SURFACE_CURVE('',#5817,(#5821,#5828),.PCURVE_S1.);
#5817 = LINE('',#5818,#5819);
#5818 = CARTESIAN_POINT('',(74.8,-23.7,4.4));
#5819 = VECTOR('',#5820,1.);
#5820 = DIRECTION('',(0.,1.,0.));
#5821 = PCURVE('',#5774,#5822);
#5822 = DEFINITIONAL_REPRESENTATION('',(#5823),#5827);
#5823 = LINE('',#5824,#5825);
#5824 = CARTESIAN_POINT('',(38.560414207808,-13.26297748524));
#5825 = VECTOR('',#5826,1.);
#5826 = DIRECTION('',(0.,1.));
#5827 = ( GEOMETRIC_REPRESENTATION_CONTEXT(2) 
PARAMETRIC_REPRESENTATION_CONTEXT() REPRESENTATION_CONTEXT('2D SPACE',''
  ) );
#5828 = PCURVE('',#5585,#5829);
#5829 = DEFINITIONAL_REPRESENTATION('',(#5830),#5834);
#5830 = LINE('',#5831,#5832);
#5831 = CARTESIAN_POINT('',(0.,0.));
#5832 = VECTOR('',#5833,1.);
#5833 = DIRECTION('',(1.,0.));
#5834 = ( GEOMETRIC_REPRESENTATION_CONTEXT(2) 
PARAMETRIC_REPRESENTATION_CONTEXT() REPRESENTATION_CONTEXT('2D SPACE',''
  ) );
#5835 = ORIENTED_EDGE('',*,*,#5836,.T.);
#5836 = EDGE_CURVE('',#5814,#5837,#5839,.T.);
#5837 = VERTEX_POINT('',#5838);
#5838 = CARTESIAN_POINT('',(72.8,2.5,4.4));
#5839 = SURFACE_CURVE('',#5840,(#5845,#5852),.PCURVE_S1.);
#5840 = CIRCLE('',#5841,2.);
#5841 = AXIS2_PLACEMENT_3D('',#5842,#5843,#5844);
#5842 = CARTESIAN_POINT('',(72.8,0.5,4.4));
#5843 = DIRECTION('',(0.,0.,1.));
#5844 = DIRECTION('',(0.,-1.,0.));
#5845 = PCURVE('',#5774,#5846);
#5846 = DEFINITIONAL_REPRESENTATION('',(#5847),#5851);
#5847 = CIRCLE('',#5848,2.);
#5848 = AXIS2_PLACEMENT_2D('',#5849,#5850);
#5849 = CARTESIAN_POINT('',(36.560414207808,10.93702251476));
#5850 = DIRECTION('',(0.,-1.));
#5851 = ( GEOMETRIC_REPRESENTATION_CONTEXT(2) 
PARAMETRIC_REPRESENTATION_CONTEXT() REPRESENTATION_CONTEXT('2D SPACE',''
  ) );
#5852 = PCURVE('',#5853,#5858);
#5853 = CYLINDRICAL_SURFACE('',#5854,2.);
#5854 = AXIS2_PLACEMENT_3D('',#5855,#5856,#5857);
#5855 = CARTESIAN_POINT('',(72.8,0.5,4.4));
#5856 = DIRECTION('',(0.,0.,1.));
#5857 = DIRECTION('',(1.,0.,-0.));
#5858 = DEFINITIONAL_REPRESENTATION('',(#5859),#5863);
#5859 = LINE('',#5860,#5861);
#5860 = CARTESIAN_POINT('',(-1.570796326795,0.));
#5861 = VECTOR('',#5862,1.);
#5862 = DIRECTION('',(1.,0.));
#5863 = ( GEOMETRIC_REPRESENTATION_CONTEXT(2) 
PARAMETRIC_REPRESENTATION_CONTEXT() REPRESENTATION_CONTEXT('2D SPACE',''
  ) );
#5864 = ORIENTED_EDGE('',*,*,#5865,.T.);
#5865 = EDGE_CURVE('',#5837,#5866,#5868,.T.);
#5866 = VERTEX_POINT('',#5867);
#5867 = CARTESIAN_POINT('',(66.630444461638,2.5,4.4));
#5868 = SURFACE_CURVE('',#5869,(#5873,#5880),.PCURVE_S1.);
#5869 = LINE('',#5870,#5871);
#5870 = CARTESIAN_POINT('',(74.8,2.5,4.4));
#5871 = VECTOR('',#5872,1.);
#5872 = DIRECTION('',(-1.,0.,0.));
#5873 = PCURVE('',#5774,#5874);
#5874 = DEFINITIONAL_REPRESENTATION('',(#5875),#5879);
#5875 = LINE('',#5876,#5877);
#5876 = CARTESIAN_POINT('',(38.560414207808,12.93702251476));
#5877 = VECTOR('',#5878,1.);
#5878 = DIRECTION('',(-1.,0.));
#5879 = ( GEOMETRIC_REPRESENTATION_CONTEXT(2) 
PARAMETRIC_REPRESENTATION_CONTEXT() REPRESENTATION_CONTEXT('2D SPACE',''
  ) );
#5880 = PCURVE('',#5881,#5886);
#5881 = PLANE('',#5882);
#5882 = AXIS2_PLACEMENT_3D('',#5883,#5884,#5885);
#5883 = CARTESIAN_POINT('',(74.8,2.5,4.4));
#5884 = DIRECTION('',(0.,-1.,0.));
#5885 = DIRECTION('',(-1.,0.,0.));
#5886 = DEFINITIONAL_REPRESENTATION('',(#5887),#5891);
#5887 = LINE('',#5888,#5889);
#5888 = CARTESIAN_POINT('',(0.,-0.));
#5889 = VECTOR('',#5890,1.);
#5890 = DIRECTION('',(1.,0.));
#5891 = ( GEOMETRIC_REPRESENTATION_CONTEXT(2) 
PARAMETRIC_REPRESENTATION_CONTEXT() REPRESENTATION_CONTEXT('2D SPACE',''
  ) );
#5892 = ORIENTED_EDGE('',*,*,#5893,.T.);
#5893 = EDGE_CURVE('',#5866,#5894,#5896,.T.);
#5894 = VERTEX_POINT('',#5895);
#5895 = CARTESIAN_POINT('',(65.483519772912,2.861536158962,4.4));
#5896 = SURFACE_CURVE('',#5897,(#5902,#5913),.PCURVE_S1.);
#5897 = CIRCLE('',#5898,2.);
#5898 = AXIS2_PLACEMENT_3D('',#5899,#5900,#5901);
#5899 = CARTESIAN_POINT('',(66.630444461638,4.5,4.4));
#5900 = DIRECTION('',(-0.,-0.,-1.));
#5901 = DIRECTION('',(0.,-1.,0.));
#5902 = PCURVE('',#5774,#5903);
#5903 = DEFINITIONAL_REPRESENTATION('',(#5904),#5912);
#5904 = ( BOUNDED_CURVE() B_SPLINE_CURVE(2,(#5905,#5906,#5907,#5908,
#5909,#5910,#5911),.UNSPECIFIED.,.T.,.F.) B_SPLINE_CURVE_WITH_KNOTS((1,2
    ,2,2,2,1),(-2.094395102393,0.,2.094395102393,4.188790204786,
6.28318530718,8.377580409573),.UNSPECIFIED.) CURVE() 
GEOMETRIC_REPRESENTATION_ITEM() RATIONAL_B_SPLINE_CURVE((1.,0.5,1.,0.5,
1.,0.5,1.)) REPRESENTATION_ITEM('') );
#5905 = CARTESIAN_POINT('',(30.390858669447,12.93702251476));
#5906 = CARTESIAN_POINT('',(26.926757054309,12.93702251476));
#5907 = CARTESIAN_POINT('',(28.658807861878,15.93702251476));
#5908 = CARTESIAN_POINT('',(30.390858669447,18.93702251476));
#5909 = CARTESIAN_POINT('',(32.122909477016,15.93702251476));
#5910 = CARTESIAN_POINT('',(33.854960284584,12.93702251476));
#5911 = CARTESIAN_POINT('',(30.390858669447,12.93702251476));
#5912 = ( GEOMETRIC_REPRESENTATION_CONTEXT(2) 
PARAMETRIC_REPRESENTATION_CONTEXT() REPRESENTATION_CONTEXT('2D SPACE',''
  ) );
#5913 = PCURVE('',#5914,#5919);
#5914 = CYLINDRICAL_SURFACE('',#5915,2.);
#5915 = AXIS2_PLACEMENT_3D('',#5916,#5917,#5918);
#5916 = CARTESIAN_POINT('',(66.630444461638,4.5,4.4));
#5917 = DIRECTION('',(0.,0.,1.));
#5918 = DIRECTION('',(0.,-1.,0.));
#5919 = DEFINITIONAL_REPRESENTATION('',(#5920),#5924);
#5920 = LINE('',#5921,#5922);
#5921 = CARTESIAN_POINT('',(-0.,0.));
#5922 = VECTOR('',#5923,1.);
#5923 = DIRECTION('',(-1.,0.));
#5924 = ( GEOMETRIC_REPRESENTATION_CONTEXT(2) 
PARAMETRIC_REPRESENTATION_CONTEXT() REPRESENTATION_CONTEXT('2D SPACE',''
  ) );
#5925 = ORIENTED_EDGE('',*,*,#5926,.T.);
#5926 = EDGE_CURVE('',#5894,#5927,#5929,.T.);
#5927 = VERTEX_POINT('',#5928);
#5928 = CARTESIAN_POINT('',(64.516480227088,3.538463841038,4.4));
#5929 = SURFACE_CURVE('',#5930,(#5934,#5941),.PCURVE_S1.);
#5930 = LINE('',#5931,#5932);
#5931 = CARTESIAN_POINT('',(66.,2.5,4.4));
#5932 = VECTOR('',#5933,1.);
#5933 = DIRECTION('',(-0.819231920519,0.573462344363,0.));
#5934 = PCURVE('',#5774,#5935);
#5935 = DEFINITIONAL_REPRESENTATION('',(#5936),#5940);
#5936 = LINE('',#5937,#5938);
#5937 = CARTESIAN_POINT('',(29.760414207808,12.93702251476));
#5938 = VECTOR('',#5939,1.);
#5939 = DIRECTION('',(-0.819231920519,0.573462344363));
#5940 = ( GEOMETRIC_REPRESENTATION_CONTEXT(2) 
PARAMETRIC_REPRESENTATION_CONTEXT() REPRESENTATION_CONTEXT('2D SPACE',''
  ) );
#5941 = PCURVE('',#5942,#5947);
#5942 = PLANE('',#5943);
#5943 = AXIS2_PLACEMENT_3D('',#5944,#5945,#5946);
#5944 = CARTESIAN_POINT('',(66.,2.5,4.4));
#5945 = DIRECTION('',(-0.573462344363,-0.819231920519,0.));
#5946 = DIRECTION('',(-0.819231920519,0.573462344363,0.));
#5947 = DEFINITIONAL_REPRESENTATION('',(#5948),#5952);
#5948 = LINE('',#5949,#5950);
#5949 = CARTESIAN_POINT('',(0.,0.));
#5950 = VECTOR('',#5951,1.);
#5951 = DIRECTION('',(1.,0.));
#5952 = ( GEOMETRIC_REPRESENTATION_CONTEXT(2) 
PARAMETRIC_REPRESENTATION_CONTEXT() REPRESENTATION_CONTEXT('2D SPACE',''
  ) );
#5953 = ORIENTED_EDGE('',*,*,#5954,.T.);
#5954 = EDGE_CURVE('',#5927,#5955,#5957,.T.);
#5955 = VERTEX_POINT('',#5956);
#5956 = CARTESIAN_POINT('',(63.369555538362,3.9,4.4));
#5957 = SURFACE_CURVE('',#5958,(#5963,#5970),.PCURVE_S1.);
#5958 = CIRCLE('',#5959,2.);
#5959 = AXIS2_PLACEMENT_3D('',#5960,#5961,#5962);
#5960 = CARTESIAN_POINT('',(63.369555538362,1.9,4.4));
#5961 = DIRECTION('',(0.,0.,1.));
#5962 = DIRECTION('',(0.,-1.,0.));
#5963 = PCURVE('',#5774,#5964);
#5964 = DEFINITIONAL_REPRESENTATION('',(#5965),#5969);
#5965 = CIRCLE('',#5966,2.);
#5966 = AXIS2_PLACEMENT_2D('',#5967,#5968);
#5967 = CARTESIAN_POINT('',(27.12996974617,12.33702251476));
#5968 = DIRECTION('',(0.,-1.));
#5969 = ( GEOMETRIC_REPRESENTATION_CONTEXT(2) 
PARAMETRIC_REPRESENTATION_CONTEXT() REPRESENTATION_CONTEXT('2D SPACE',''
  ) );
#5970 = PCURVE('',#5971,#5976);
#5971 = CYLINDRICAL_SURFACE('',#5972,2.);
#5972 = AXIS2_PLACEMENT_3D('',#5973,#5974,#5975);
#5973 = CARTESIAN_POINT('',(63.369555538362,1.9,4.4));
#5974 = DIRECTION('',(0.,0.,1.));
#5975 = DIRECTION('',(0.573462344363,0.819231920519,-0.));
#5976 = DEFINITIONAL_REPRESENTATION('',(#5977),#5981);
#5977 = LINE('',#5978,#5979);
#5978 = CARTESIAN_POINT('',(-2.530866689201,0.));
#5979 = VECTOR('',#5980,1.);
#5980 = DIRECTION('',(1.,0.));
#5981 = ( GEOMETRIC_REPRESENTATION_CONTEXT(2) 
PARAMETRIC_REPRESENTATION_CONTEXT() REPRESENTATION_CONTEXT('2D SPACE',''
  ) );
#5982 = ORIENTED_EDGE('',*,*,#5983,.T.);
#5983 = EDGE_CURVE('',#5955,#5984,#5986,.T.);
#5984 = VERTEX_POINT('',#5985);
#5985 = CARTESIAN_POINT('',(51.130444461638,3.9,4.4));
#5986 = SURFACE_CURVE('',#5987,(#5991,#5998),.PCURVE_S1.);
#5987 = LINE('',#5988,#5989);
#5988 = CARTESIAN_POINT('',(64.,3.9,4.4));
#5989 = VECTOR('',#5990,1.);
#5990 = DIRECTION('',(-1.,0.,0.));
#5991 = PCURVE('',#5774,#5992);
#5992 = DEFINITIONAL_REPRESENTATION('',(#5993),#5997);
#5993 = LINE('',#5994,#5995);
#5994 = CARTESIAN_POINT('',(27.760414207808,14.33702251476));
#5995 = VECTOR('',#5996,1.);
#5996 = DIRECTION('',(-1.,0.));
#5997 = ( GEOMETRIC_REPRESENTATION_CONTEXT(2) 
PARAMETRIC_REPRESENTATION_CONTEXT() REPRESENTATION_CONTEXT('2D SPACE',''
  ) );
#5998 = PCURVE('',#5999,#6004);
#5999 = PLANE('',#6000);
#6000 = AXIS2_PLACEMENT_3D('',#6001,#6002,#6003);
#6001 = CARTESIAN_POINT('',(64.,3.9,4.4));
#6002 = DIRECTION('',(0.,-1.,0.));
#6003 = DIRECTION('',(-1.,0.,0.));
#6004 = DEFINITIONAL_REPRESENTATION('',(#6005),#6009);
#6005 = LINE('',#6006,#6007);
#6006 = CARTESIAN_POINT('',(0.,-0.));
#6007 = VECTOR('',#6008,1.);
#6008 = DIRECTION('',(1.,0.));
#6009 = ( GEOMETRIC_REPRESENTATION_CONTEXT(2) 
PARAMETRIC_REPRESENTATION_CONTEXT() REPRESENTATION_CONTEXT('2D SPACE',''
  ) );
#6010 = ORIENTED_EDGE('',*,*,#6011,.T.);
#6011 = EDGE_CURVE('',#5984,#6012,#6014,.T.);
#6012 = VERTEX_POINT('',#6013);
#6013 = CARTESIAN_POINT('',(49.983519772912,3.538463841038,4.4));
#6014 = SURFACE_CURVE('',#6015,(#6020,#6027),.PCURVE_S1.);
#6015 = CIRCLE('',#6016,2.);
#6016 = AXIS2_PLACEMENT_3D('',#6017,#6018,#6019);
#6017 = CARTESIAN_POINT('',(51.130444461638,1.9,4.4));
#6018 = DIRECTION('',(0.,0.,1.));
#6019 = DIRECTION('',(0.,-1.,0.));
#6020 = PCURVE('',#5774,#6021);
#6021 = DEFINITIONAL_REPRESENTATION('',(#6022),#6026);
#6022 = CIRCLE('',#6023,2.);
#6023 = AXIS2_PLACEMENT_2D('',#6024,#6025);
#6024 = CARTESIAN_POINT('',(14.890858669447,12.33702251476));
#6025 = DIRECTION('',(0.,-1.));
#6026 = ( GEOMETRIC_REPRESENTATION_CONTEXT(2) 
PARAMETRIC_REPRESENTATION_CONTEXT() REPRESENTATION_CONTEXT('2D SPACE',''
  ) );
#6027 = PCURVE('',#6028,#6033);
#6028 = CYLINDRICAL_SURFACE('',#6029,2.);
#6029 = AXIS2_PLACEMENT_3D('',#6030,#6031,#6032);
#6030 = CARTESIAN_POINT('',(51.130444461638,1.9,4.4));
#6031 = DIRECTION('',(0.,0.,1.));
#6032 = DIRECTION('',(-0.,1.,0.));
#6033 = DEFINITIONAL_REPRESENTATION('',(#6034),#6038);
#6034 = LINE('',#6035,#6036);
#6035 = CARTESIAN_POINT('',(-3.14159265359,0.));
#6036 = VECTOR('',#6037,1.);
#6037 = DIRECTION('',(1.,0.));
#6038 = ( GEOMETRIC_REPRESENTATION_CONTEXT(2) 
PARAMETRIC_REPRESENTATION_CONTEXT() REPRESENTATION_CONTEXT('2D SPACE',''
  ) );
#6039 = ORIENTED_EDGE('',*,*,#6040,.T.);
#6040 = EDGE_CURVE('',#6012,#6041,#6043,.T.);
#6041 = VERTEX_POINT('',#6042);
#6042 = CARTESIAN_POINT('',(49.016480227088,2.861536158962,4.4));
#6043 = SURFACE_CURVE('',#6044,(#6048,#6055),.PCURVE_S1.);
#6044 = LINE('',#6045,#6046);
#6045 = CARTESIAN_POINT('',(50.5,3.9,4.4));
#6046 = VECTOR('',#6047,1.);
#6047 = DIRECTION('',(-0.819231920519,-0.573462344363,0.));
#6048 = PCURVE('',#5774,#6049);
#6049 = DEFINITIONAL_REPRESENTATION('',(#6050),#6054);
#6050 = LINE('',#6051,#6052);
#6051 = CARTESIAN_POINT('',(14.260414207808,14.33702251476));
#6052 = VECTOR('',#6053,1.);
#6053 = DIRECTION('',(-0.819231920519,-0.573462344363));
#6054 = ( GEOMETRIC_REPRESENTATION_CONTEXT(2) 
PARAMETRIC_REPRESENTATION_CONTEXT() REPRESENTATION_CONTEXT('2D SPACE',''
  ) );
#6055 = PCURVE('',#6056,#6061);
#6056 = PLANE('',#6057);
#6057 = AXIS2_PLACEMENT_3D('',#6058,#6059,#6060);
#6058 = CARTESIAN_POINT('',(50.5,3.9,4.4));
#6059 = DIRECTION('',(0.573462344363,-0.819231920519,0.));
#6060 = DIRECTION('',(-0.819231920519,-0.573462344363,0.));
#6061 = DEFINITIONAL_REPRESENTATION('',(#6062),#6066);
#6062 = LINE('',#6063,#6064);
#6063 = CARTESIAN_POINT('',(0.,0.));
#6064 = VECTOR('',#6065,1.);
#6065 = DIRECTION('',(1.,0.));
#6066 = ( GEOMETRIC_REPRESENTATION_CONTEXT(2) 
PARAMETRIC_REPRESENTATION_CONTEXT() REPRESENTATION_CONTEXT('2D SPACE',''
  ) );
#6067 = ORIENTED_EDGE('',*,*,#6068,.T.);
#6068 = EDGE_CURVE('',#6041,#6069,#6071,.T.);
#6069 = VERTEX_POINT('',#6070);
#6070 = CARTESIAN_POINT('',(47.869555538362,2.5,4.4));
#6071 = SURFACE_CURVE('',#6072,(#6077,#6088),.PCURVE_S1.);
#6072 = CIRCLE('',#6073,2.);
#6073 = AXIS2_PLACEMENT_3D('',#6074,#6075,#6076);
#6074 = CARTESIAN_POINT('',(47.869555538362,4.5,4.4));
#6075 = DIRECTION('',(-0.,-0.,-1.));
#6076 = DIRECTION('',(0.,-1.,0.));
#6077 = PCURVE('',#5774,#6078);
#6078 = DEFINITIONAL_REPRESENTATION('',(#6079),#6087);
#6079 = ( BOUNDED_CURVE() B_SPLINE_CURVE(2,(#6080,#6081,#6082,#6083,
#6084,#6085,#6086),.UNSPECIFIED.,.T.,.F.) B_SPLINE_CURVE_WITH_KNOTS((1,2
    ,2,2,2,1),(-2.094395102393,0.,2.094395102393,4.188790204786,
6.28318530718,8.377580409573),.UNSPECIFIED.) CURVE() 
GEOMETRIC_REPRESENTATION_ITEM() RATIONAL_B_SPLINE_CURVE((1.,0.5,1.,0.5,
1.,0.5,1.)) REPRESENTATION_ITEM('') );
#6080 = CARTESIAN_POINT('',(11.62996974617,12.93702251476));
#6081 = CARTESIAN_POINT('',(8.165868131032,12.93702251476));
#6082 = CARTESIAN_POINT('',(9.897918938601,15.93702251476));
#6083 = CARTESIAN_POINT('',(11.62996974617,18.93702251476));
#6084 = CARTESIAN_POINT('',(13.362020553739,15.93702251476));
#6085 = CARTESIAN_POINT('',(15.094071361308,12.93702251476));
#6086 = CARTESIAN_POINT('',(11.62996974617,12.93702251476));
#6087 = ( GEOMETRIC_REPRESENTATION_CONTEXT(2) 
PARAMETRIC_REPRESENTATION_CONTEXT() REPRESENTATION_CONTEXT('2D SPACE',''
  ) );
#6088 = PCURVE('',#6089,#6094);
#6089 = CYLINDRICAL_SURFACE('',#6090,2.);
#6090 = AXIS2_PLACEMENT_3D('',#6091,#6092,#6093);
#6091 = CARTESIAN_POINT('',(47.869555538362,4.5,4.4));
#6092 = DIRECTION('',(0.,0.,1.));
#6093 = DIRECTION('',(0.573462344363,-0.819231920519,0.));
#6094 = DEFINITIONAL_REPRESENTATION('',(#6095),#6099);
#6095 = LINE('',#6096,#6097);
#6096 = CARTESIAN_POINT('',(5.67245934279,-0.));
#6097 = VECTOR('',#6098,1.);
#6098 = DIRECTION('',(-1.,0.));
#6099 = ( GEOMETRIC_REPRESENTATION_CONTEXT(2) 
PARAMETRIC_REPRESENTATION_CONTEXT() REPRESENTATION_CONTEXT('2D SPACE',''
  ) );
#6100 = ORIENTED_EDGE('',*,*,#6101,.T.);
#6101 = EDGE_CURVE('',#6069,#6102,#6104,.T.);
#6102 = VERTEX_POINT('',#6103);
#6103 = CARTESIAN_POINT('',(-0.21,2.5,4.4));
#6104 = SURFACE_CURVE('',#6105,(#6109,#6116),.PCURVE_S1.);
#6105 = LINE('',#6106,#6107);
#6106 = CARTESIAN_POINT('',(48.5,2.5,4.4));
#6107 = VECTOR('',#6108,1.);
#6108 = DIRECTION('',(-1.,0.,0.));
#6109 = PCURVE('',#5774,#6110);
#6110 = DEFINITIONAL_REPRESENTATION('',(#6111),#6115);
#6111 = LINE('',#6112,#6113);
#6112 = CARTESIAN_POINT('',(12.260414207808,12.93702251476));
#6113 = VECTOR('',#6114,1.);
#6114 = DIRECTION('',(-1.,0.));
#6115 = ( GEOMETRIC_REPRESENTATION_CONTEXT(2) 
PARAMETRIC_REPRESENTATION_CONTEXT() REPRESENTATION_CONTEXT('2D SPACE',''
  ) );
#6116 = PCURVE('',#6117,#6122);
#6117 = PLANE('',#6118);
#6118 = AXIS2_PLACEMENT_3D('',#6119,#6120,#6121);
#6119 = CARTESIAN_POINT('',(48.5,2.5,4.4));
#6120 = DIRECTION('',(0.,-1.,0.));
#6121 = DIRECTION('',(-1.,0.,0.));
#6122 = DEFINITIONAL_REPRESENTATION('',(#6123),#6127);
#6123 = LINE('',#6124,#6125);
#6124 = CARTESIAN_POINT('',(0.,-0.));
#6125 = VECTOR('',#6126,1.);
#6126 = DIRECTION('',(1.,0.));
#6127 = ( GEOMETRIC_REPRESENTATION_CONTEXT(2) 
PARAMETRIC_REPRESENTATION_CONTEXT() REPRESENTATION_CONTEXT('2D SPACE',''
  ) );
#6128 = ORIENTED_EDGE('',*,*,#6129,.T.);
#6129 = EDGE_CURVE('',#6102,#6130,#6132,.T.);
#6130 = VERTEX_POINT('',#6131);
#6131 = CARTESIAN_POINT('',(-0.21,0.7,4.4));
#6132 = SURFACE_CURVE('',#6133,(#6137,#6143),.PCURVE_S1.);
#6133 = LINE('',#6134,#6135);
#6134 = CARTESIAN_POINT('',(-0.21,-0.21851125738,4.4));
#6135 = VECTOR('',#6136,1.);
#6136 = DIRECTION('',(0.,-1.,0.));
#6137 = PCURVE('',#5774,#6138);
#6138 = DEFINITIONAL_REPRESENTATION('',(#6139),#6142);
#6139 = B_SPLINE_CURVE_WITH_KNOTS('',1,(#6140,#6141),.UNSPECIFIED.,.F.,
  .F.,(2,2),(-4.11851125738,4.08148874262),.PIECEWISE_BEZIER_KNOTS.);
#6140 = CARTESIAN_POINT('',(-36.44958579219,14.33702251476));
#6141 = CARTESIAN_POINT('',(-36.44958579219,6.13702251476));
#6142 = ( GEOMETRIC_REPRESENTATION_CONTEXT(2) 
PARAMETRIC_REPRESENTATION_CONTEXT() REPRESENTATION_CONTEXT('2D SPACE',''
  ) );
#6143 = PCURVE('',#305,#6144);
#6144 = DEFINITIONAL_REPRESENTATION('',(#6145),#6148);
#6145 = B_SPLINE_CURVE_WITH_KNOTS('',1,(#6146,#6147),.UNSPECIFIED.,.F.,
  .F.,(2,2),(-4.11851125738,4.08148874262),.PIECEWISE_BEZIER_KNOTS.);
#6146 = CARTESIAN_POINT('',(0.325729949498,-6.1));
#6147 = CARTESIAN_POINT('',(0.325729949498,-14.3));
#6148 = ( GEOMETRIC_REPRESENTATION_CONTEXT(2) 
PARAMETRIC_REPRESENTATION_CONTEXT() REPRESENTATION_CONTEXT('2D SPACE',''
  ) );
#6149 = ORIENTED_EDGE('',*,*,#6150,.F.);
#6150 = EDGE_CURVE('',#6151,#6130,#6153,.T.);
#6151 = VERTEX_POINT('',#6152);
#6152 = CARTESIAN_POINT('',(6.05,0.7,4.4));
#6153 = SURFACE_CURVE('',#6154,(#6158,#6164),.PCURVE_S1.);
#6154 = LINE('',#6155,#6156);
#6155 = CARTESIAN_POINT('',(17.819792896096,0.7,4.4));
#6156 = VECTOR('',#6157,1.);
#6157 = DIRECTION('',(-1.,0.,0.));
#6158 = PCURVE('',#5774,#6159);
#6159 = DEFINITIONAL_REPRESENTATION('',(#6160),#6163);
#6160 = B_SPLINE_CURVE_WITH_KNOTS('',1,(#6161,#6162),.UNSPECIFIED.,.F.,
  .F.,(2,2),(-55.5802071039,18.419792896096),.PIECEWISE_BEZIER_KNOTS.);
#6161 = CARTESIAN_POINT('',(37.160414207808,11.13702251476));
#6162 = CARTESIAN_POINT('',(-36.83958579219,11.13702251476));
#6163 = ( GEOMETRIC_REPRESENTATION_CONTEXT(2) 
PARAMETRIC_REPRESENTATION_CONTEXT() REPRESENTATION_CONTEXT('2D SPACE',''
  ) );
#6164 = PCURVE('',#6165,#6170);
#6165 = PLANE('',#6166);
#6166 = AXIS2_PLACEMENT_3D('',#6167,#6168,#6169);
#6167 = CARTESIAN_POINT('',(-0.6,0.7,-2.9));
#6168 = DIRECTION('',(0.,1.,0.));
#6169 = DIRECTION('',(0.,0.,1.));
#6170 = DEFINITIONAL_REPRESENTATION('',(#6171),#6174);
#6171 = B_SPLINE_CURVE_WITH_KNOTS('',1,(#6172,#6173),.UNSPECIFIED.,.F.,
  .F.,(2,2),(-55.5802071039,18.419792896096),.PIECEWISE_BEZIER_KNOTS.);
#6172 = CARTESIAN_POINT('',(7.3,74.));
#6173 = CARTESIAN_POINT('',(7.3,0.));
#6174 = ( GEOMETRIC_REPRESENTATION_CONTEXT(2) 
PARAMETRIC_REPRESENTATION_CONTEXT() REPRESENTATION_CONTEXT('2D SPACE',''
  ) );
#6175 = ORIENTED_EDGE('',*,*,#6176,.T.);
#6176 = EDGE_CURVE('',#6151,#6177,#6179,.T.);
#6177 = VERTEX_POINT('',#6178);
#6178 = CARTESIAN_POINT('',(6.05,1.35,4.4));
#6179 = SURFACE_CURVE('',#6180,(#6184,#6190),.PCURVE_S1.);
#6180 = LINE('',#6181,#6182);
#6181 = CARTESIAN_POINT('',(6.05,-5.21851125738,4.4));
#6182 = VECTOR('',#6183,1.);
#6183 = DIRECTION('',(0.,1.,0.));
#6184 = PCURVE('',#5774,#6185);
#6185 = DEFINITIONAL_REPRESENTATION('',(#6186),#6189);
#6186 = B_SPLINE_CURVE_WITH_KNOTS('',1,(#6187,#6188),.UNSPECIFIED.,.F.,
  .F.,(2,2),(5.21851125738,6.91851125738),.PIECEWISE_BEZIER_KNOTS.);
#6187 = CARTESIAN_POINT('',(-30.18958579219,10.43702251476));
#6188 = CARTESIAN_POINT('',(-30.18958579219,12.13702251476));
#6189 = ( GEOMETRIC_REPRESENTATION_CONTEXT(2) 
PARAMETRIC_REPRESENTATION_CONTEXT() REPRESENTATION_CONTEXT('2D SPACE',''
  ) );
#6190 = PCURVE('',#6191,#6196);
#6191 = PLANE('',#6192);
#6192 = AXIS2_PLACEMENT_3D('',#6193,#6194,#6195);
#6193 = CARTESIAN_POINT('',(6.05,0.,4.3));
#6194 = DIRECTION('',(1.,0.,0.));
#6195 = DIRECTION('',(0.,0.,1.));
#6196 = DEFINITIONAL_REPRESENTATION('',(#6197),#6200);
#6197 = B_SPLINE_CURVE_WITH_KNOTS('',1,(#6198,#6199),.UNSPECIFIED.,.F.,
  .F.,(2,2),(5.21851125738,6.91851125738),.PIECEWISE_BEZIER_KNOTS.);
#6198 = CARTESIAN_POINT('',(0.1,0.));
#6199 = CARTESIAN_POINT('',(0.1,-1.7));
#6200 = ( GEOMETRIC_REPRESENTATION_CONTEXT(2) 
PARAMETRIC_REPRESENTATION_CONTEXT() REPRESENTATION_CONTEXT('2D SPACE',''
  ) );
#6201 = ORIENTED_EDGE('',*,*,#6202,.F.);
#6202 = EDGE_CURVE('',#6203,#6177,#6205,.T.);
#6203 = VERTEX_POINT('',#6204);
#6204 = CARTESIAN_POINT('',(10.45,1.35,4.4));
#6205 = SURFACE_CURVE('',#6206,(#6210,#6216),.PCURVE_S1.);
#6206 = LINE('',#6207,#6208);
#6207 = CARTESIAN_POINT('',(21.144792896096,1.35,4.4));
#6208 = VECTOR('',#6209,1.);
#6209 = DIRECTION('',(-1.,0.,0.));
#6210 = PCURVE('',#5774,#6211);
#6211 = DEFINITIONAL_REPRESENTATION('',(#6212),#6215);
#6212 = B_SPLINE_CURVE_WITH_KNOTS('',1,(#6213,#6214),.UNSPECIFIED.,.F.,
  .F.,(2,2),(10.694792896096,15.094792896096),.PIECEWISE_BEZIER_KNOTS.);
#6213 = CARTESIAN_POINT('',(-25.78958579219,11.78702251476));
#6214 = CARTESIAN_POINT('',(-30.18958579219,11.78702251476));
#6215 = ( GEOMETRIC_REPRESENTATION_CONTEXT(2) 
PARAMETRIC_REPRESENTATION_CONTEXT() REPRESENTATION_CONTEXT('2D SPACE',''
  ) );
#6216 = PCURVE('',#6217,#6222);
#6217 = PLANE('',#6218);
#6218 = AXIS2_PLACEMENT_3D('',#6219,#6220,#6221);
#6219 = CARTESIAN_POINT('',(6.05,1.35,4.3));
#6220 = DIRECTION('',(0.,1.,0.));
#6221 = DIRECTION('',(0.,0.,1.));
#6222 = DEFINITIONAL_REPRESENTATION('',(#6223),#6226);
#6223 = B_SPLINE_CURVE_WITH_KNOTS('',1,(#6224,#6225),.UNSPECIFIED.,.F.,
  .F.,(2,2),(10.694792896096,15.094792896096),.PIECEWISE_BEZIER_KNOTS.);
#6224 = CARTESIAN_POINT('',(0.1,4.4));
#6225 = CARTESIAN_POINT('',(0.1,0.));
#6226 = ( GEOMETRIC_REPRESENTATION_CONTEXT(2) 
PARAMETRIC_REPRESENTATION_CONTEXT() REPRESENTATION_CONTEXT('2D SPACE',''
  ) );
#6227 = ORIENTED_EDGE('',*,*,#6228,.F.);
#6228 = EDGE_CURVE('',#6229,#6203,#6231,.T.);
#6229 = VERTEX_POINT('',#6230);
#6230 = CARTESIAN_POINT('',(10.45,0.7,4.4));
#6231 = SURFACE_CURVE('',#6232,(#6236,#6242),.PCURVE_S1.);
#6232 = LINE('',#6233,#6234);
#6233 = CARTESIAN_POINT('',(10.45,-5.21851125738,4.4));
#6234 = VECTOR('',#6235,1.);
#6235 = DIRECTION('',(0.,1.,0.));
#6236 = PCURVE('',#5774,#6237);
#6237 = DEFINITIONAL_REPRESENTATION('',(#6238),#6241);
#6238 = B_SPLINE_CURVE_WITH_KNOTS('',1,(#6239,#6240),.UNSPECIFIED.,.F.,
  .F.,(2,2),(5.21851125738,6.91851125738),.PIECEWISE_BEZIER_KNOTS.);
#6239 = CARTESIAN_POINT('',(-25.78958579219,10.43702251476));
#6240 = CARTESIAN_POINT('',(-25.78958579219,12.13702251476));
#6241 = ( GEOMETRIC_REPRESENTATION_CONTEXT(2) 
PARAMETRIC_REPRESENTATION_CONTEXT() REPRESENTATION_CONTEXT('2D SPACE',''
  ) );
#6242 = PCURVE('',#6243,#6248);
#6243 = PLANE('',#6244);
#6244 = AXIS2_PLACEMENT_3D('',#6245,#6246,#6247);
#6245 = CARTESIAN_POINT('',(10.45,0.,4.3));
#6246 = DIRECTION('',(1.,0.,0.));
#6247 = DIRECTION('',(0.,0.,1.));
#6248 = DEFINITIONAL_REPRESENTATION('',(#6249),#6252);
#6249 = B_SPLINE_CURVE_WITH_KNOTS('',1,(#6250,#6251),.UNSPECIFIED.,.F.,
  .F.,(2,2),(5.21851125738,6.91851125738),.PIECEWISE_BEZIER_KNOTS.);
#6250 = CARTESIAN_POINT('',(0.1,0.));
#6251 = CARTESIAN_POINT('',(0.1,-1.7));
#6252 = ( GEOMETRIC_REPRESENTATION_CONTEXT(2) 
PARAMETRIC_REPRESENTATION_CONTEXT() REPRESENTATION_CONTEXT('2D SPACE',''
  ) );
#6253 = ORIENTED_EDGE('',*,*,#6254,.F.);
#6254 = EDGE_CURVE('',#6255,#6229,#6257,.T.);
#6255 = VERTEX_POINT('',#6256);
#6256 = CARTESIAN_POINT('',(11.,0.7,4.4));
#6257 = SURFACE_CURVE('',#6258,(#6262,#6268),.PCURVE_S1.);
#6258 = LINE('',#6259,#6260);
#6259 = CARTESIAN_POINT('',(17.819792896096,0.7,4.4));
#6260 = VECTOR('',#6261,1.);
#6261 = DIRECTION('',(-1.,0.,0.));
#6262 = PCURVE('',#5774,#6263);
#6263 = DEFINITIONAL_REPRESENTATION('',(#6264),#6267);
#6264 = B_SPLINE_CURVE_WITH_KNOTS('',1,(#6265,#6266),.UNSPECIFIED.,.F.,
  .F.,(2,2),(-55.5802071039,18.419792896096),.PIECEWISE_BEZIER_KNOTS.);
#6265 = CARTESIAN_POINT('',(37.160414207808,11.13702251476));
#6266 = CARTESIAN_POINT('',(-36.83958579219,11.13702251476));
#6267 = ( GEOMETRIC_REPRESENTATION_CONTEXT(2) 
PARAMETRIC_REPRESENTATION_CONTEXT() REPRESENTATION_CONTEXT('2D SPACE',''
  ) );
#6268 = PCURVE('',#6165,#6269);
#6269 = DEFINITIONAL_REPRESENTATION('',(#6270),#6273);
#6270 = B_SPLINE_CURVE_WITH_KNOTS('',1,(#6271,#6272),.UNSPECIFIED.,.F.,
  .F.,(2,2),(-55.5802071039,18.419792896096),.PIECEWISE_BEZIER_KNOTS.);
#6271 = CARTESIAN_POINT('',(7.3,74.));
#6272 = CARTESIAN_POINT('',(7.3,0.));
#6273 = ( GEOMETRIC_REPRESENTATION_CONTEXT(2) 
PARAMETRIC_REPRESENTATION_CONTEXT() REPRESENTATION_CONTEXT('2D SPACE',''
  ) );
#6274 = ORIENTED_EDGE('',*,*,#6275,.T.);
#6275 = EDGE_CURVE('',#6255,#6276,#6278,.T.);
#6276 = VERTEX_POINT('',#6277);
#6277 = CARTESIAN_POINT('',(11.,1.15,4.4));
#6278 = SURFACE_CURVE('',#6279,(#6283,#6289),.PCURVE_S1.);
#6279 = LINE('',#6280,#6281);
#6280 = CARTESIAN_POINT('',(11.,-5.49351125738,4.4));
#6281 = VECTOR('',#6282,1.);
#6282 = DIRECTION('',(0.,1.,0.));
#6283 = PCURVE('',#5774,#6284);
#6284 = DEFINITIONAL_REPRESENTATION('',(#6285),#6288);
#6285 = B_SPLINE_CURVE_WITH_KNOTS('',1,(#6286,#6287),.UNSPECIFIED.,.F.,
  .F.,(2,2),(4.94351125738,6.64351125738),.PIECEWISE_BEZIER_KNOTS.);
#6286 = CARTESIAN_POINT('',(-25.23958579219,9.88702251476));
#6287 = CARTESIAN_POINT('',(-25.23958579219,11.58702251476));
#6288 = ( GEOMETRIC_REPRESENTATION_CONTEXT(2) 
PARAMETRIC_REPRESENTATION_CONTEXT() REPRESENTATION_CONTEXT('2D SPACE',''
  ) );
#6289 = PCURVE('',#6290,#6295);
#6290 = PLANE('',#6291);
#6291 = AXIS2_PLACEMENT_3D('',#6292,#6293,#6294);
#6292 = CARTESIAN_POINT('',(11.,-0.55,1.8));
#6293 = DIRECTION('',(1.,0.,0.));
#6294 = DIRECTION('',(0.,0.,1.));
#6295 = DEFINITIONAL_REPRESENTATION('',(#6296),#6299);
#6296 = B_SPLINE_CURVE_WITH_KNOTS('',1,(#6297,#6298),.UNSPECIFIED.,.F.,
  .F.,(2,2),(4.94351125738,6.64351125738),.PIECEWISE_BEZIER_KNOTS.);
#6297 = CARTESIAN_POINT('',(2.6,0.));
#6298 = CARTESIAN_POINT('',(2.6,-1.7));
#6299 = ( GEOMETRIC_REPRESENTATION_CONTEXT(2) 
PARAMETRIC_REPRESENTATION_CONTEXT() REPRESENTATION_CONTEXT('2D SPACE',''
  ) );
#6300 = ORIENTED_EDGE('',*,*,#6301,.F.);
#6301 = EDGE_CURVE('',#6302,#6276,#6304,.T.);
#6302 = VERTEX_POINT('',#6303);
#6303 = CARTESIAN_POINT('',(13.,1.15,4.4));
#6304 = SURFACE_CURVE('',#6305,(#6309,#6315),.PCURVE_S1.);
#6305 = LINE('',#6306,#6307);
#6306 = CARTESIAN_POINT('',(23.619792896096,1.15,4.4));
#6307 = VECTOR('',#6308,1.);
#6308 = DIRECTION('',(-1.,0.,0.));
#6309 = PCURVE('',#5774,#6310);
#6310 = DEFINITIONAL_REPRESENTATION('',(#6311),#6314);
#6311 = B_SPLINE_CURVE_WITH_KNOTS('',1,(#6312,#6313),.UNSPECIFIED.,.F.,
  .F.,(2,2),(10.619792896096,12.619792896096),.PIECEWISE_BEZIER_KNOTS.);
#6312 = CARTESIAN_POINT('',(-23.23958579219,11.58702251476));
#6313 = CARTESIAN_POINT('',(-25.23958579219,11.58702251476));
#6314 = ( GEOMETRIC_REPRESENTATION_CONTEXT(2) 
PARAMETRIC_REPRESENTATION_CONTEXT() REPRESENTATION_CONTEXT('2D SPACE',''
  ) );
#6315 = PCURVE('',#6316,#6321);
#6316 = PLANE('',#6317);
#6317 = AXIS2_PLACEMENT_3D('',#6318,#6319,#6320);
#6318 = CARTESIAN_POINT('',(11.,1.15,1.8));
#6319 = DIRECTION('',(0.,1.,0.));
#6320 = DIRECTION('',(0.,0.,1.));
#6321 = DEFINITIONAL_REPRESENTATION('',(#6322),#6325);
#6322 = B_SPLINE_CURVE_WITH_KNOTS('',1,(#6323,#6324),.UNSPECIFIED.,.F.,
  .F.,(2,2),(10.619792896096,12.619792896096),.PIECEWISE_BEZIER_KNOTS.);
#6323 = CARTESIAN_POINT('',(2.6,2.));
#6324 = CARTESIAN_POINT('',(2.6,0.));
#6325 = ( GEOMETRIC_REPRESENTATION_CONTEXT(2) 
PARAMETRIC_REPRESENTATION_CONTEXT() REPRESENTATION_CONTEXT('2D SPACE',''
  ) );
#6326 = ORIENTED_EDGE('',*,*,#6327,.F.);
#6327 = EDGE_CURVE('',#6328,#6302,#6330,.T.);
#6328 = VERTEX_POINT('',#6329);
#6329 = CARTESIAN_POINT('',(13.,0.7,4.4));
#6330 = SURFACE_CURVE('',#6331,(#6335,#6341),.PCURVE_S1.);
#6331 = LINE('',#6332,#6333);
#6332 = CARTESIAN_POINT('',(13.,-5.49351125738,4.4));
#6333 = VECTOR('',#6334,1.);
#6334 = DIRECTION('',(0.,1.,0.));
#6335 = PCURVE('',#5774,#6336);
#6336 = DEFINITIONAL_REPRESENTATION('',(#6337),#6340);
#6337 = B_SPLINE_CURVE_WITH_KNOTS('',1,(#6338,#6339),.UNSPECIFIED.,.F.,
  .F.,(2,2),(4.94351125738,6.64351125738),.PIECEWISE_BEZIER_KNOTS.);
#6338 = CARTESIAN_POINT('',(-23.23958579219,9.88702251476));
#6339 = CARTESIAN_POINT('',(-23.23958579219,11.58702251476));
#6340 = ( GEOMETRIC_REPRESENTATION_CONTEXT(2) 
PARAMETRIC_REPRESENTATION_CONTEXT() REPRESENTATION_CONTEXT('2D SPACE',''
  ) );
#6341 = PCURVE('',#6342,#6347);
#6342 = PLANE('',#6343);
#6343 = AXIS2_PLACEMENT_3D('',#6344,#6345,#6346);
#6344 = CARTESIAN_POINT('',(13.,-0.55,1.8));
#6345 = DIRECTION('',(1.,0.,0.));
#6346 = DIRECTION('',(0.,0.,1.));
#6347 = DEFINITIONAL_REPRESENTATION('',(#6348),#6351);
#6348 = B_SPLINE_CURVE_WITH_KNOTS('',1,(#6349,#6350),.UNSPECIFIED.,.F.,
  .F.,(2,2),(4.94351125738,6.64351125738),.PIECEWISE_BEZIER_KNOTS.);
#6349 = CARTESIAN_POINT('',(2.6,0.));
#6350 = CARTESIAN_POINT('',(2.6,-1.7));
#6351 = ( GEOMETRIC_REPRESENTATION_CONTEXT(2) 
PARAMETRIC_REPRESENTATION_CONTEXT() REPRESENTATION_CONTEXT('2D SPACE',''
  ) );
#6352 = ORIENTED_EDGE('',*,*,#6353,.F.);
#6353 = EDGE_CURVE('',#6354,#6328,#6356,.T.);
#6354 = VERTEX_POINT('',#6355);
#6355 = CARTESIAN_POINT('',(28.7,0.7,4.4));
#6356 = SURFACE_CURVE('',#6357,(#6361,#6367),.PCURVE_S1.);
#6357 = LINE('',#6358,#6359);
#6358 = CARTESIAN_POINT('',(17.819792896096,0.7,4.4));
#6359 = VECTOR('',#6360,1.);
#6360 = DIRECTION('',(-1.,0.,0.));
#6361 = PCURVE('',#5774,#6362);
#6362 = DEFINITIONAL_REPRESENTATION('',(#6363),#6366);
#6363 = B_SPLINE_CURVE_WITH_KNOTS('',1,(#6364,#6365),.UNSPECIFIED.,.F.,
  .F.,(2,2),(-55.5802071039,18.419792896096),.PIECEWISE_BEZIER_KNOTS.);
#6364 = CARTESIAN_POINT('',(37.160414207808,11.13702251476));
#6365 = CARTESIAN_POINT('',(-36.83958579219,11.13702251476));
#6366 = ( GEOMETRIC_REPRESENTATION_CONTEXT(2) 
PARAMETRIC_REPRESENTATION_CONTEXT() REPRESENTATION_CONTEXT('2D SPACE',''
  ) );
#6367 = PCURVE('',#6368,#6373);
#6368 = PLANE('',#6369);
#6369 = AXIS2_PLACEMENT_3D('',#6370,#6371,#6372);
#6370 = CARTESIAN_POINT('',(-0.6,0.7,-2.9));
#6371 = DIRECTION('',(0.,1.,0.));
#6372 = DIRECTION('',(0.,0.,1.));
#6373 = DEFINITIONAL_REPRESENTATION('',(#6374),#6377);
#6374 = B_SPLINE_CURVE_WITH_KNOTS('',1,(#6375,#6376),.UNSPECIFIED.,.F.,
  .F.,(2,2),(-55.5802071039,18.419792896096),.PIECEWISE_BEZIER_KNOTS.);
#6375 = CARTESIAN_POINT('',(7.3,74.));
#6376 = CARTESIAN_POINT('',(7.3,0.));
#6377 = ( GEOMETRIC_REPRESENTATION_CONTEXT(2) 
PARAMETRIC_REPRESENTATION_CONTEXT() REPRESENTATION_CONTEXT('2D SPACE',''
  ) );
#6378 = ORIENTED_EDGE('',*,*,#6379,.T.);
#6379 = EDGE_CURVE('',#6354,#6380,#6382,.T.);
#6380 = VERTEX_POINT('',#6381);
#6381 = CARTESIAN_POINT('',(28.7,1.7,4.4));
#6382 = SURFACE_CURVE('',#6383,(#6387,#6393),.PCURVE_S1.);
#6383 = LINE('',#6384,#6385);
#6384 = CARTESIAN_POINT('',(28.7,-4.94351125738,4.4));
#6385 = VECTOR('',#6386,1.);
#6386 = DIRECTION('',(0.,1.,0.));
#6387 = PCURVE('',#5774,#6388);
#6388 = DEFINITIONAL_REPRESENTATION('',(#6389),#6392);
#6389 = B_SPLINE_CURVE_WITH_KNOTS('',1,(#6390,#6391),.UNSPECIFIED.,.F.,
  .F.,(2,2),(5.49351125738,6.64351125738),.PIECEWISE_BEZIER_KNOTS.);
#6390 = CARTESIAN_POINT('',(-7.539585792192,10.98702251476));
#6391 = CARTESIAN_POINT('',(-7.539585792192,12.13702251476));
#6392 = ( GEOMETRIC_REPRESENTATION_CONTEXT(2) 
PARAMETRIC_REPRESENTATION_CONTEXT() REPRESENTATION_CONTEXT('2D SPACE',''
  ) );
#6393 = PCURVE('',#6394,#6399);
#6394 = PLANE('',#6395);
#6395 = AXIS2_PLACEMENT_3D('',#6396,#6397,#6398);
#6396 = CARTESIAN_POINT('',(28.7,0.55,4.3));
#6397 = DIRECTION('',(1.,0.,0.));
#6398 = DIRECTION('',(0.,0.,1.));
#6399 = DEFINITIONAL_REPRESENTATION('',(#6400),#6403);
#6400 = B_SPLINE_CURVE_WITH_KNOTS('',1,(#6401,#6402),.UNSPECIFIED.,.F.,
  .F.,(2,2),(5.49351125738,6.64351125738),.PIECEWISE_BEZIER_KNOTS.);
#6401 = CARTESIAN_POINT('',(0.1,0.));
#6402 = CARTESIAN_POINT('',(0.1,-1.15));
#6403 = ( GEOMETRIC_REPRESENTATION_CONTEXT(2) 
PARAMETRIC_REPRESENTATION_CONTEXT() REPRESENTATION_CONTEXT('2D SPACE',''
  ) );
#6404 = ORIENTED_EDGE('',*,*,#6405,.F.);
#6405 = EDGE_CURVE('',#6406,#6380,#6408,.T.);
#6406 = VERTEX_POINT('',#6407);
#6407 = CARTESIAN_POINT('',(39.3,1.7,4.4));
#6408 = SURFACE_CURVE('',#6409,(#6413,#6419),.PCURVE_S1.);
#6409 = LINE('',#6410,#6411);
#6410 = CARTESIAN_POINT('',(32.469792896096,1.7,4.4));
#6411 = VECTOR('',#6412,1.);
#6412 = DIRECTION('',(-1.,0.,0.));
#6413 = PCURVE('',#5774,#6414);
#6414 = DEFINITIONAL_REPRESENTATION('',(#6415),#6418);
#6415 = B_SPLINE_CURVE_WITH_KNOTS('',1,(#6416,#6417),.UNSPECIFIED.,.F.,
  .F.,(2,2),(-6.830207103904,3.769792896096),.PIECEWISE_BEZIER_KNOTS.);
#6416 = CARTESIAN_POINT('',(3.060414207808,12.13702251476));
#6417 = CARTESIAN_POINT('',(-7.539585792192,12.13702251476));
#6418 = ( GEOMETRIC_REPRESENTATION_CONTEXT(2) 
PARAMETRIC_REPRESENTATION_CONTEXT() REPRESENTATION_CONTEXT('2D SPACE',''
  ) );
#6419 = PCURVE('',#6420,#6425);
#6420 = PLANE('',#6421);
#6421 = AXIS2_PLACEMENT_3D('',#6422,#6423,#6424);
#6422 = CARTESIAN_POINT('',(28.7,1.7,4.3));
#6423 = DIRECTION('',(0.,1.,0.));
#6424 = DIRECTION('',(0.,0.,1.));
#6425 = DEFINITIONAL_REPRESENTATION('',(#6426),#6429);
#6426 = B_SPLINE_CURVE_WITH_KNOTS('',1,(#6427,#6428),.UNSPECIFIED.,.F.,
  .F.,(2,2),(-6.830207103904,3.769792896096),.PIECEWISE_BEZIER_KNOTS.);
#6427 = CARTESIAN_POINT('',(0.1,10.6));
#6428 = CARTESIAN_POINT('',(0.1,0.));
#6429 = ( GEOMETRIC_REPRESENTATION_CONTEXT(2) 
PARAMETRIC_REPRESENTATION_CONTEXT() REPRESENTATION_CONTEXT('2D SPACE',''
  ) );
#6430 = ORIENTED_EDGE('',*,*,#6431,.F.);
#6431 = EDGE_CURVE('',#6432,#6406,#6434,.T.);
#6432 = VERTEX_POINT('',#6433);
#6433 = CARTESIAN_POINT('',(39.3,0.7,4.4));
#6434 = SURFACE_CURVE('',#6435,(#6439,#6445),.PCURVE_S1.);
#6435 = LINE('',#6436,#6437);
#6436 = CARTESIAN_POINT('',(39.3,-4.94351125738,4.4));
#6437 = VECTOR('',#6438,1.);
#6438 = DIRECTION('',(0.,1.,0.));
#6439 = PCURVE('',#5774,#6440);
#6440 = DEFINITIONAL_REPRESENTATION('',(#6441),#6444);
#6441 = B_SPLINE_CURVE_WITH_KNOTS('',1,(#6442,#6443),.UNSPECIFIED.,.F.,
  .F.,(2,2),(5.49351125738,6.64351125738),.PIECEWISE_BEZIER_KNOTS.);
#6442 = CARTESIAN_POINT('',(3.060414207808,10.98702251476));
#6443 = CARTESIAN_POINT('',(3.060414207808,12.13702251476));
#6444 = ( GEOMETRIC_REPRESENTATION_CONTEXT(2) 
PARAMETRIC_REPRESENTATION_CONTEXT() REPRESENTATION_CONTEXT('2D SPACE',''
  ) );
#6445 = PCURVE('',#6446,#6451);
#6446 = PLANE('',#6447);
#6447 = AXIS2_PLACEMENT_3D('',#6448,#6449,#6450);
#6448 = CARTESIAN_POINT('',(39.3,0.55,4.3));
#6449 = DIRECTION('',(1.,0.,0.));
#6450 = DIRECTION('',(0.,0.,1.));
#6451 = DEFINITIONAL_REPRESENTATION('',(#6452),#6455);
#6452 = B_SPLINE_CURVE_WITH_KNOTS('',1,(#6453,#6454),.UNSPECIFIED.,.F.,
  .F.,(2,2),(5.49351125738,6.64351125738),.PIECEWISE_BEZIER_KNOTS.);
#6453 = CARTESIAN_POINT('',(0.1,0.));
#6454 = CARTESIAN_POINT('',(0.1,-1.15));
#6455 = ( GEOMETRIC_REPRESENTATION_CONTEXT(2) 
PARAMETRIC_REPRESENTATION_CONTEXT() REPRESENTATION_CONTEXT('2D SPACE',''
  ) );
#6456 = ORIENTED_EDGE('',*,*,#6457,.F.);
#6457 = EDGE_CURVE('',#6458,#6432,#6460,.T.);
#6458 = VERTEX_POINT('',#6459);
#6459 = CARTESIAN_POINT('',(44.,0.7,4.4));
#6460 = SURFACE_CURVE('',#6461,(#6465,#6471),.PCURVE_S1.);
#6461 = LINE('',#6462,#6463);
#6462 = CARTESIAN_POINT('',(17.819792896096,0.7,4.4));
#6463 = VECTOR('',#6464,1.);
#6464 = DIRECTION('',(-1.,0.,0.));
#6465 = PCURVE('',#5774,#6466);
#6466 = DEFINITIONAL_REPRESENTATION('',(#6467),#6470);
#6467 = B_SPLINE_CURVE_WITH_KNOTS('',1,(#6468,#6469),.UNSPECIFIED.,.F.,
  .F.,(2,2),(-55.5802071039,18.419792896096),.PIECEWISE_BEZIER_KNOTS.);
#6468 = CARTESIAN_POINT('',(37.160414207808,11.13702251476));
#6469 = CARTESIAN_POINT('',(-36.83958579219,11.13702251476));
#6470 = ( GEOMETRIC_REPRESENTATION_CONTEXT(2) 
PARAMETRIC_REPRESENTATION_CONTEXT() REPRESENTATION_CONTEXT('2D SPACE',''
  ) );
#6471 = PCURVE('',#6368,#6472);
#6472 = DEFINITIONAL_REPRESENTATION('',(#6473),#6476);
#6473 = B_SPLINE_CURVE_WITH_KNOTS('',1,(#6474,#6475),.UNSPECIFIED.,.F.,
  .F.,(2,2),(-55.5802071039,18.419792896096),.PIECEWISE_BEZIER_KNOTS.);
#6474 = CARTESIAN_POINT('',(7.3,74.));
#6475 = CARTESIAN_POINT('',(7.3,0.));
#6476 = ( GEOMETRIC_REPRESENTATION_CONTEXT(2) 
PARAMETRIC_REPRESENTATION_CONTEXT() REPRESENTATION_CONTEXT('2D SPACE',''
  ) );
#6477 = ORIENTED_EDGE('',*,*,#6478,.T.);
#6478 = EDGE_CURVE('',#6458,#6479,#6481,.T.);
#6479 = VERTEX_POINT('',#6480);
#6480 = CARTESIAN_POINT('',(44.,1.15,4.4));
#6481 = SURFACE_CURVE('',#6482,(#6486,#6492),.PCURVE_S1.);
#6482 = LINE('',#6483,#6484);
#6483 = CARTESIAN_POINT('',(44.,-5.49351125738,4.4));
#6484 = VECTOR('',#6485,1.);
#6485 = DIRECTION('',(0.,1.,0.));
#6486 = PCURVE('',#5774,#6487);
#6487 = DEFINITIONAL_REPRESENTATION('',(#6488),#6491);
#6488 = B_SPLINE_CURVE_WITH_KNOTS('',1,(#6489,#6490),.UNSPECIFIED.,.F.,
  .F.,(2,2),(4.94351125738,6.64351125738),.PIECEWISE_BEZIER_KNOTS.);
#6489 = CARTESIAN_POINT('',(7.760414207808,9.88702251476));
#6490 = CARTESIAN_POINT('',(7.760414207808,11.58702251476));
#6491 = ( GEOMETRIC_REPRESENTATION_CONTEXT(2) 
PARAMETRIC_REPRESENTATION_CONTEXT() REPRESENTATION_CONTEXT('2D SPACE',''
  ) );
#6492 = PCURVE('',#6493,#6498);
#6493 = PLANE('',#6494);
#6494 = AXIS2_PLACEMENT_3D('',#6495,#6496,#6497);
#6495 = CARTESIAN_POINT('',(44.,-0.55,1.8));
#6496 = DIRECTION('',(1.,0.,0.));
#6497 = DIRECTION('',(0.,0.,1.));
#6498 = DEFINITIONAL_REPRESENTATION('',(#6499),#6502);
#6499 = B_SPLINE_CURVE_WITH_KNOTS('',1,(#6500,#6501),.UNSPECIFIED.,.F.,
  .F.,(2,2),(4.94351125738,6.64351125738),.PIECEWISE_BEZIER_KNOTS.);
#6500 = CARTESIAN_POINT('',(2.6,0.));
#6501 = CARTESIAN_POINT('',(2.6,-1.7));
#6502 = ( GEOMETRIC_REPRESENTATION_CONTEXT(2) 
PARAMETRIC_REPRESENTATION_CONTEXT() REPRESENTATION_CONTEXT('2D SPACE',''
  ) );
#6503 = ORIENTED_EDGE('',*,*,#6504,.F.);
#6504 = EDGE_CURVE('',#6505,#6479,#6507,.T.);
#6505 = VERTEX_POINT('',#6506);
#6506 = CARTESIAN_POINT('',(46.,1.15,4.4));
#6507 = SURFACE_CURVE('',#6508,(#6512,#6518),.PCURVE_S1.);
#6508 = LINE('',#6509,#6510);
#6509 = CARTESIAN_POINT('',(40.119792896096,1.15,4.4));
#6510 = VECTOR('',#6511,1.);
#6511 = DIRECTION('',(-1.,0.,0.));
#6512 = PCURVE('',#5774,#6513);
#6513 = DEFINITIONAL_REPRESENTATION('',(#6514),#6517);
#6514 = B_SPLINE_CURVE_WITH_KNOTS('',1,(#6515,#6516),.UNSPECIFIED.,.F.,
  .F.,(2,2),(-5.880207103904,-3.880207103904),.PIECEWISE_BEZIER_KNOTS.);
#6515 = CARTESIAN_POINT('',(9.760414207808,11.58702251476));
#6516 = CARTESIAN_POINT('',(7.760414207808,11.58702251476));
#6517 = ( GEOMETRIC_REPRESENTATION_CONTEXT(2) 
PARAMETRIC_REPRESENTATION_CONTEXT() REPRESENTATION_CONTEXT('2D SPACE',''
  ) );
#6518 = PCURVE('',#6519,#6524);
#6519 = PLANE('',#6520);
#6520 = AXIS2_PLACEMENT_3D('',#6521,#6522,#6523);
#6521 = CARTESIAN_POINT('',(44.,1.15,1.8));
#6522 = DIRECTION('',(0.,1.,0.));
#6523 = DIRECTION('',(0.,0.,1.));
#6524 = DEFINITIONAL_REPRESENTATION('',(#6525),#6528);
#6525 = B_SPLINE_CURVE_WITH_KNOTS('',1,(#6526,#6527),.UNSPECIFIED.,.F.,
  .F.,(2,2),(-5.880207103904,-3.880207103904),.PIECEWISE_BEZIER_KNOTS.);
#6526 = CARTESIAN_POINT('',(2.6,2.));
#6527 = CARTESIAN_POINT('',(2.6,0.));
#6528 = ( GEOMETRIC_REPRESENTATION_CONTEXT(2) 
PARAMETRIC_REPRESENTATION_CONTEXT() REPRESENTATION_CONTEXT('2D SPACE',''
  ) );
#6529 = ORIENTED_EDGE('',*,*,#6530,.F.);
#6530 = EDGE_CURVE('',#6531,#6505,#6533,.T.);
#6531 = VERTEX_POINT('',#6532);
#6532 = CARTESIAN_POINT('',(46.,0.7,4.4));
#6533 = SURFACE_CURVE('',#6534,(#6538,#6544),.PCURVE_S1.);
#6534 = LINE('',#6535,#6536);
#6535 = CARTESIAN_POINT('',(46.,-5.49351125738,4.4));
#6536 = VECTOR('',#6537,1.);
#6537 = DIRECTION('',(0.,1.,0.));
#6538 = PCURVE('',#5774,#6539);
#6539 = DEFINITIONAL_REPRESENTATION('',(#6540),#6543);
#6540 = B_SPLINE_CURVE_WITH_KNOTS('',1,(#6541,#6542),.UNSPECIFIED.,.F.,
  .F.,(2,2),(4.94351125738,6.64351125738),.PIECEWISE_BEZIER_KNOTS.);
#6541 = CARTESIAN_POINT('',(9.760414207808,9.88702251476));
#6542 = CARTESIAN_POINT('',(9.760414207808,11.58702251476));
#6543 = ( GEOMETRIC_REPRESENTATION_CONTEXT(2) 
PARAMETRIC_REPRESENTATION_CONTEXT() REPRESENTATION_CONTEXT('2D SPACE',''
  ) );
#6544 = PCURVE('',#6545,#6550);
#6545 = PLANE('',#6546);
#6546 = AXIS2_PLACEMENT_3D('',#6547,#6548,#6549);
#6547 = CARTESIAN_POINT('',(46.,-0.55,1.8));
#6548 = DIRECTION('',(1.,0.,0.));
#6549 = DIRECTION('',(0.,0.,1.));
#6550 = DEFINITIONAL_REPRESENTATION('',(#6551),#6554);
#6551 = B_SPLINE_CURVE_WITH_KNOTS('',1,(#6552,#6553),.UNSPECIFIED.,.F.,
  .F.,(2,2),(4.94351125738,6.64351125738),.PIECEWISE_BEZIER_KNOTS.);
#6552 = CARTESIAN_POINT('',(2.6,0.));
#6553 = CARTESIAN_POINT('',(2.6,-1.7));
#6554 = ( GEOMETRIC_REPRESENTATION_CONTEXT(2) 
PARAMETRIC_REPRESENTATION_CONTEXT() REPRESENTATION_CONTEXT('2D SPACE',''
  ) );
#6555 = ORIENTED_EDGE('',*,*,#6556,.F.);
#6556 = EDGE_CURVE('',#6557,#6531,#6559,.T.);
#6557 = VERTEX_POINT('',#6558);
#6558 = CARTESIAN_POINT('',(67.,0.7,4.4));
#6559 = SURFACE_CURVE('',#6560,(#6564,#6570),.PCURVE_S1.);
#6560 = LINE('',#6561,#6562);
#6561 = CARTESIAN_POINT('',(17.819792896096,0.7,4.4));
#6562 = VECTOR('',#6563,1.);
#6563 = DIRECTION('',(-1.,0.,0.));
#6564 = PCURVE('',#5774,#6565);
#6565 = DEFINITIONAL_REPRESENTATION('',(#6566),#6569);
#6566 = B_SPLINE_CURVE_WITH_KNOTS('',1,(#6567,#6568),.UNSPECIFIED.,.F.,
  .F.,(2,2),(-55.5802071039,18.419792896096),.PIECEWISE_BEZIER_KNOTS.);
#6567 = CARTESIAN_POINT('',(37.160414207808,11.13702251476));
#6568 = CARTESIAN_POINT('',(-36.83958579219,11.13702251476));
#6569 = ( GEOMETRIC_REPRESENTATION_CONTEXT(2) 
PARAMETRIC_REPRESENTATION_CONTEXT() REPRESENTATION_CONTEXT('2D SPACE',''
  ) );
#6570 = PCURVE('',#6571,#6576);
#6571 = PLANE('',#6572);
#6572 = AXIS2_PLACEMENT_3D('',#6573,#6574,#6575);
#6573 = CARTESIAN_POINT('',(-0.6,0.7,-2.9));
#6574 = DIRECTION('',(0.,1.,0.));
#6575 = DIRECTION('',(0.,0.,1.));
#6576 = DEFINITIONAL_REPRESENTATION('',(#6577),#6580);
#6577 = B_SPLINE_CURVE_WITH_KNOTS('',1,(#6578,#6579),.UNSPECIFIED.,.F.,
  .F.,(2,2),(-55.5802071039,18.419792896096),.PIECEWISE_BEZIER_KNOTS.);
#6578 = CARTESIAN_POINT('',(7.3,74.));
#6579 = CARTESIAN_POINT('',(7.3,0.));
#6580 = ( GEOMETRIC_REPRESENTATION_CONTEXT(2) 
PARAMETRIC_REPRESENTATION_CONTEXT() REPRESENTATION_CONTEXT('2D SPACE',''
  ) );
#6581 = ORIENTED_EDGE('',*,*,#6582,.T.);
#6582 = EDGE_CURVE('',#6557,#6583,#6585,.T.);
#6583 = VERTEX_POINT('',#6584);
#6584 = CARTESIAN_POINT('',(67.,1.15,4.4));
#6585 = SURFACE_CURVE('',#6586,(#6590,#6596),.PCURVE_S1.);
#6586 = LINE('',#6587,#6588);
#6587 = CARTESIAN_POINT('',(67.,-5.49351125738,4.4));
#6588 = VECTOR('',#6589,1.);
#6589 = DIRECTION('',(0.,1.,0.));
#6590 = PCURVE('',#5774,#6591);
#6591 = DEFINITIONAL_REPRESENTATION('',(#6592),#6595);
#6592 = B_SPLINE_CURVE_WITH_KNOTS('',1,(#6593,#6594),.UNSPECIFIED.,.F.,
  .F.,(2,2),(4.94351125738,6.64351125738),.PIECEWISE_BEZIER_KNOTS.);
#6593 = CARTESIAN_POINT('',(30.760414207808,9.88702251476));
#6594 = CARTESIAN_POINT('',(30.760414207808,11.58702251476));
#6595 = ( GEOMETRIC_REPRESENTATION_CONTEXT(2) 
PARAMETRIC_REPRESENTATION_CONTEXT() REPRESENTATION_CONTEXT('2D SPACE',''
  ) );
#6596 = PCURVE('',#6597,#6602);
#6597 = PLANE('',#6598);
#6598 = AXIS2_PLACEMENT_3D('',#6599,#6600,#6601);
#6599 = CARTESIAN_POINT('',(67.,-0.55,1.8));
#6600 = DIRECTION('',(1.,0.,0.));
#6601 = DIRECTION('',(0.,0.,1.));
#6602 = DEFINITIONAL_REPRESENTATION('',(#6603),#6606);
#6603 = B_SPLINE_CURVE_WITH_KNOTS('',1,(#6604,#6605),.UNSPECIFIED.,.F.,
  .F.,(2,2),(4.94351125738,6.64351125738),.PIECEWISE_BEZIER_KNOTS.);
#6604 = CARTESIAN_POINT('',(2.6,0.));
#6605 = CARTESIAN_POINT('',(2.6,-1.7));
#6606 = ( GEOMETRIC_REPRESENTATION_CONTEXT(2) 
PARAMETRIC_REPRESENTATION_CONTEXT() REPRESENTATION_CONTEXT('2D SPACE',''
  ) );
#6607 = ORIENTED_EDGE('',*,*,#6608,.F.);
#6608 = EDGE_CURVE('',#6609,#6583,#6611,.T.);
#6609 = VERTEX_POINT('',#6610);
#6610 = CARTESIAN_POINT('',(69.,1.15,4.4));
#6611 = SURFACE_CURVE('',#6612,(#6616,#6622),.PCURVE_S1.);
#6612 = LINE('',#6613,#6614);
#6613 = CARTESIAN_POINT('',(51.619792896096,1.15,4.4));
#6614 = VECTOR('',#6615,1.);
#6615 = DIRECTION('',(-1.,0.,0.));
#6616 = PCURVE('',#5774,#6617);
#6617 = DEFINITIONAL_REPRESENTATION('',(#6618),#6621);
#6618 = B_SPLINE_CURVE_WITH_KNOTS('',1,(#6619,#6620),.UNSPECIFIED.,.F.,
  .F.,(2,2),(-17.3802071039,-15.3802071039),.PIECEWISE_BEZIER_KNOTS.);
#6619 = CARTESIAN_POINT('',(32.760414207808,11.58702251476));
#6620 = CARTESIAN_POINT('',(30.760414207808,11.58702251476));
#6621 = ( GEOMETRIC_REPRESENTATION_CONTEXT(2) 
PARAMETRIC_REPRESENTATION_CONTEXT() REPRESENTATION_CONTEXT('2D SPACE',''
  ) );
#6622 = PCURVE('',#6623,#6628);
#6623 = PLANE('',#6624);
#6624 = AXIS2_PLACEMENT_3D('',#6625,#6626,#6627);
#6625 = CARTESIAN_POINT('',(67.,1.15,1.8));
#6626 = DIRECTION('',(0.,1.,0.));
#6627 = DIRECTION('',(0.,0.,1.));
#6628 = DEFINITIONAL_REPRESENTATION('',(#6629),#6632);
#6629 = B_SPLINE_CURVE_WITH_KNOTS('',1,(#6630,#6631),.UNSPECIFIED.,.F.,
  .F.,(2,2),(-17.3802071039,-15.3802071039),.PIECEWISE_BEZIER_KNOTS.);
#6630 = CARTESIAN_POINT('',(2.6,2.));
#6631 = CARTESIAN_POINT('',(2.6,0.));
#6632 = ( GEOMETRIC_REPRESENTATION_CONTEXT(2) 
PARAMETRIC_REPRESENTATION_CONTEXT() REPRESENTATION_CONTEXT('2D SPACE',''
  ) );
#6633 = ORIENTED_EDGE('',*,*,#6634,.F.);
#6634 = EDGE_CURVE('',#6635,#6609,#6637,.T.);
#6635 = VERTEX_POINT('',#6636);
#6636 = CARTESIAN_POINT('',(69.,0.7,4.4));
#6637 = SURFACE_CURVE('',#6638,(#6642,#6648),.PCURVE_S1.);
#6638 = LINE('',#6639,#6640);
#6639 = CARTESIAN_POINT('',(69.,-5.49351125738,4.4));
#6640 = VECTOR('',#6641,1.);
#6641 = DIRECTION('',(0.,1.,0.));
#6642 = PCURVE('',#5774,#6643);
#6643 = DEFINITIONAL_REPRESENTATION('',(#6644),#6647);
#6644 = B_SPLINE_CURVE_WITH_KNOTS('',1,(#6645,#6646),.UNSPECIFIED.,.F.,
  .F.,(2,2),(4.94351125738,6.64351125738),.PIECEWISE_BEZIER_KNOTS.);
#6645 = CARTESIAN_POINT('',(32.760414207808,9.88702251476));
#6646 = CARTESIAN_POINT('',(32.760414207808,11.58702251476));
#6647 = ( GEOMETRIC_REPRESENTATION_CONTEXT(2) 
PARAMETRIC_REPRESENTATION_CONTEXT() REPRESENTATION_CONTEXT('2D SPACE',''
  ) );
#6648 = PCURVE('',#6649,#6654);
#6649 = PLANE('',#6650);
#6650 = AXIS2_PLACEMENT_3D('',#6651,#6652,#6653);
#6651 = CARTESIAN_POINT('',(69.,-0.55,1.8));
#6652 = DIRECTION('',(1.,0.,0.));
#6653 = DIRECTION('',(0.,0.,1.));
#6654 = DEFINITIONAL_REPRESENTATION('',(#6655),#6658);
#6655 = B_SPLINE_CURVE_WITH_KNOTS('',1,(#6656,#6657),.UNSPECIFIED.,.F.,
  .F.,(2,2),(4.94351125738,6.64351125738),.PIECEWISE_BEZIER_KNOTS.);
#6656 = CARTESIAN_POINT('',(2.6,0.));
#6657 = CARTESIAN_POINT('',(2.6,-1.7));
#6658 = ( GEOMETRIC_REPRESENTATION_CONTEXT(2) 
PARAMETRIC_REPRESENTATION_CONTEXT() REPRESENTATION_CONTEXT('2D SPACE',''
  ) );
#6659 = ORIENTED_EDGE('',*,*,#6660,.F.);
#6660 = EDGE_CURVE('',#6661,#6635,#6663,.T.);
#6661 = VERTEX_POINT('',#6662);
#6662 = CARTESIAN_POINT('',(69.55,0.7,4.4));
#6663 = SURFACE_CURVE('',#6664,(#6668,#6674),.PCURVE_S1.);
#6664 = LINE('',#6665,#6666);
#6665 = CARTESIAN_POINT('',(17.819792896096,0.7,4.4));
#6666 = VECTOR('',#6667,1.);
#6667 = DIRECTION('',(-1.,0.,0.));
#6668 = PCURVE('',#5774,#6669);
#6669 = DEFINITIONAL_REPRESENTATION('',(#6670),#6673);
#6670 = B_SPLINE_CURVE_WITH_KNOTS('',1,(#6671,#6672),.UNSPECIFIED.,.F.,
  .F.,(2,2),(-55.5802071039,18.419792896096),.PIECEWISE_BEZIER_KNOTS.);
#6671 = CARTESIAN_POINT('',(37.160414207808,11.13702251476));
#6672 = CARTESIAN_POINT('',(-36.83958579219,11.13702251476));
#6673 = ( GEOMETRIC_REPRESENTATION_CONTEXT(2) 
PARAMETRIC_REPRESENTATION_CONTEXT() REPRESENTATION_CONTEXT('2D SPACE',''
  ) );
#6674 = PCURVE('',#6675,#6680);
#6675 = PLANE('',#6676);
#6676 = AXIS2_PLACEMENT_3D('',#6677,#6678,#6679);
#6677 = CARTESIAN_POINT('',(-0.6,0.7,-2.9));
#6678 = DIRECTION('',(0.,1.,0.));
#6679 = DIRECTION('',(0.,0.,1.));
#6680 = DEFINITIONAL_REPRESENTATION('',(#6681),#6684);
#6681 = B_SPLINE_CURVE_WITH_KNOTS('',1,(#6682,#6683),.UNSPECIFIED.,.F.,
  .F.,(2,2),(-55.5802071039,18.419792896096),.PIECEWISE_BEZIER_KNOTS.);
#6682 = CARTESIAN_POINT('',(7.3,74.));
#6683 = CARTESIAN_POINT('',(7.3,0.));
#6684 = ( GEOMETRIC_REPRESENTATION_CONTEXT(2) 
PARAMETRIC_REPRESENTATION_CONTEXT() REPRESENTATION_CONTEXT('2D SPACE',''
  ) );
#6685 = ORIENTED_EDGE('',*,*,#6686,.T.);
#6686 = EDGE_CURVE('',#6661,#6687,#6689,.T.);
#6687 = VERTEX_POINT('',#6688);
#6688 = CARTESIAN_POINT('',(69.55,1.35,4.4));
#6689 = SURFACE_CURVE('',#6690,(#6694,#6700),.PCURVE_S1.);
#6690 = LINE('',#6691,#6692);
#6691 = CARTESIAN_POINT('',(69.55,-5.21851125738,4.4));
#6692 = VECTOR('',#6693,1.);
#6693 = DIRECTION('',(0.,1.,0.));
#6694 = PCURVE('',#5774,#6695);
#6695 = DEFINITIONAL_REPRESENTATION('',(#6696),#6699);
#6696 = B_SPLINE_CURVE_WITH_KNOTS('',1,(#6697,#6698),.UNSPECIFIED.,.F.,
  .F.,(2,2),(5.21851125738,6.91851125738),.PIECEWISE_BEZIER_KNOTS.);
#6697 = CARTESIAN_POINT('',(33.310414207808,10.43702251476));
#6698 = CARTESIAN_POINT('',(33.310414207808,12.13702251476));
#6699 = ( GEOMETRIC_REPRESENTATION_CONTEXT(2) 
PARAMETRIC_REPRESENTATION_CONTEXT() REPRESENTATION_CONTEXT('2D SPACE',''
  ) );
#6700 = PCURVE('',#6701,#6706);
#6701 = PLANE('',#6702);
#6702 = AXIS2_PLACEMENT_3D('',#6703,#6704,#6705);
#6703 = CARTESIAN_POINT('',(69.55,0.,4.3));
#6704 = DIRECTION('',(1.,0.,0.));
#6705 = DIRECTION('',(0.,0.,1.));
#6706 = DEFINITIONAL_REPRESENTATION('',(#6707),#6710);
#6707 = B_SPLINE_CURVE_WITH_KNOTS('',1,(#6708,#6709),.UNSPECIFIED.,.F.,
  .F.,(2,2),(5.21851125738,6.91851125738),.PIECEWISE_BEZIER_KNOTS.);
#6708 = CARTESIAN_POINT('',(0.1,0.));
#6709 = CARTESIAN_POINT('',(0.1,-1.7));
#6710 = ( GEOMETRIC_REPRESENTATION_CONTEXT(2) 
PARAMETRIC_REPRESENTATION_CONTEXT() REPRESENTATION_CONTEXT('2D SPACE',''
  ) );
#6711 = ORIENTED_EDGE('',*,*,#6712,.F.);
#6712 = EDGE_CURVE('',#6713,#6687,#6715,.T.);
#6713 = VERTEX_POINT('',#6714);
#6714 = CARTESIAN_POINT('',(73.45,1.35,4.4));
#6715 = SURFACE_CURVE('',#6716,(#6720,#6726),.PCURVE_S1.);
#6716 = LINE('',#6717,#6718);
#6717 = CARTESIAN_POINT('',(52.894792896096,1.35,4.4));
#6718 = VECTOR('',#6719,1.);
#6719 = DIRECTION('',(-1.,0.,0.));
#6720 = PCURVE('',#5774,#6721);
#6721 = DEFINITIONAL_REPRESENTATION('',(#6722),#6725);
#6722 = B_SPLINE_CURVE_WITH_KNOTS('',1,(#6723,#6724),.UNSPECIFIED.,.F.,
  .F.,(2,2),(-20.5552071039,-16.6552071039),.PIECEWISE_BEZIER_KNOTS.);
#6723 = CARTESIAN_POINT('',(37.210414207808,11.78702251476));
#6724 = CARTESIAN_POINT('',(33.310414207808,11.78702251476));
#6725 = ( GEOMETRIC_REPRESENTATION_CONTEXT(2) 
PARAMETRIC_REPRESENTATION_CONTEXT() REPRESENTATION_CONTEXT('2D SPACE',''
  ) );
#6726 = PCURVE('',#6727,#6732);
#6727 = PLANE('',#6728);
#6728 = AXIS2_PLACEMENT_3D('',#6729,#6730,#6731);
#6729 = CARTESIAN_POINT('',(69.55,1.35,4.3));
#6730 = DIRECTION('',(0.,1.,0.));
#6731 = DIRECTION('',(0.,0.,1.));
#6732 = DEFINITIONAL_REPRESENTATION('',(#6733),#6736);
#6733 = B_SPLINE_CURVE_WITH_KNOTS('',1,(#6734,#6735),.UNSPECIFIED.,.F.,
  .F.,(2,2),(-20.5552071039,-16.6552071039),.PIECEWISE_BEZIER_KNOTS.);
#6734 = CARTESIAN_POINT('',(0.1,3.9));
#6735 = CARTESIAN_POINT('',(0.1,0.));
#6736 = ( GEOMETRIC_REPRESENTATION_CONTEXT(2) 
PARAMETRIC_REPRESENTATION_CONTEXT() REPRESENTATION_CONTEXT('2D SPACE',''
  ) );
#6737 = ORIENTED_EDGE('',*,*,#6738,.F.);
#6738 = EDGE_CURVE('',#6739,#6713,#6741,.T.);
#6739 = VERTEX_POINT('',#6740);
#6740 = CARTESIAN_POINT('',(73.45,0.,4.4));
#6741 = SURFACE_CURVE('',#6742,(#6746,#6752),.PCURVE_S1.);
#6742 = LINE('',#6743,#6744);
#6743 = CARTESIAN_POINT('',(73.45,-5.21851125738,4.4));
#6744 = VECTOR('',#6745,1.);
#6745 = DIRECTION('',(0.,1.,0.));
#6746 = PCURVE('',#5774,#6747);
#6747 = DEFINITIONAL_REPRESENTATION('',(#6748),#6751);
#6748 = B_SPLINE_CURVE_WITH_KNOTS('',1,(#6749,#6750),.UNSPECIFIED.,.F.,
  .F.,(2,2),(5.21851125738,6.91851125738),.PIECEWISE_BEZIER_KNOTS.);
#6749 = CARTESIAN_POINT('',(37.210414207808,10.43702251476));
#6750 = CARTESIAN_POINT('',(37.210414207808,12.13702251476));
#6751 = ( GEOMETRIC_REPRESENTATION_CONTEXT(2) 
PARAMETRIC_REPRESENTATION_CONTEXT() REPRESENTATION_CONTEXT('2D SPACE',''
  ) );
#6752 = PCURVE('',#6753,#6758);
#6753 = PLANE('',#6754);
#6754 = AXIS2_PLACEMENT_3D('',#6755,#6756,#6757);
#6755 = CARTESIAN_POINT('',(73.45,0.,4.3));
#6756 = DIRECTION('',(1.,0.,0.));
#6757 = DIRECTION('',(0.,0.,1.));
#6758 = DEFINITIONAL_REPRESENTATION('',(#6759),#6762);
#6759 = B_SPLINE_CURVE_WITH_KNOTS('',1,(#6760,#6761),.UNSPECIFIED.,.F.,
  .F.,(2,2),(5.21851125738,6.91851125738),.PIECEWISE_BEZIER_KNOTS.);
#6760 = CARTESIAN_POINT('',(0.1,0.));
#6761 = CARTESIAN_POINT('',(0.1,-1.7));
#6762 = ( GEOMETRIC_REPRESENTATION_CONTEXT(2) 
PARAMETRIC_REPRESENTATION_CONTEXT() REPRESENTATION_CONTEXT('2D SPACE',''
  ) );
#6763 = ORIENTED_EDGE('',*,*,#6764,.T.);
#6764 = EDGE_CURVE('',#6739,#6765,#6767,.T.);
#6765 = VERTEX_POINT('',#6766);
#6766 = CARTESIAN_POINT('',(73.4,0.,4.4));
#6767 = SURFACE_CURVE('',#6768,(#6772,#6778),.PCURVE_S1.);
#6768 = LINE('',#6769,#6770);
#6769 = CARTESIAN_POINT('',(52.894792896096,0.,4.4));
#6770 = VECTOR('',#6771,1.);
#6771 = DIRECTION('',(-1.,0.,0.));
#6772 = PCURVE('',#5774,#6773);
#6773 = DEFINITIONAL_REPRESENTATION('',(#6774),#6777);
#6774 = B_SPLINE_CURVE_WITH_KNOTS('',1,(#6775,#6776),.UNSPECIFIED.,.F.,
  .F.,(2,2),(-20.5552071039,-16.6552071039),.PIECEWISE_BEZIER_KNOTS.);
#6775 = CARTESIAN_POINT('',(37.210414207808,10.43702251476));
#6776 = CARTESIAN_POINT('',(33.310414207808,10.43702251476));
#6777 = ( GEOMETRIC_REPRESENTATION_CONTEXT(2) 
PARAMETRIC_REPRESENTATION_CONTEXT() REPRESENTATION_CONTEXT('2D SPACE',''
  ) );
#6778 = PCURVE('',#6779,#6784);
#6779 = PLANE('',#6780);
#6780 = AXIS2_PLACEMENT_3D('',#6781,#6782,#6783);
#6781 = CARTESIAN_POINT('',(69.55,0.,4.3));
#6782 = DIRECTION('',(0.,1.,0.));
#6783 = DIRECTION('',(0.,0.,1.));
#6784 = DEFINITIONAL_REPRESENTATION('',(#6785),#6788);
#6785 = B_SPLINE_CURVE_WITH_KNOTS('',1,(#6786,#6787),.UNSPECIFIED.,.F.,
  .F.,(2,2),(-20.5552071039,-16.6552071039),.PIECEWISE_BEZIER_KNOTS.);
#6786 = CARTESIAN_POINT('',(0.1,3.9));
#6787 = CARTESIAN_POINT('',(0.1,0.));
#6788 = ( GEOMETRIC_REPRESENTATION_CONTEXT(2) 
PARAMETRIC_REPRESENTATION_CONTEXT() REPRESENTATION_CONTEXT('2D SPACE',''
  ) );
#6789 = ORIENTED_EDGE('',*,*,#6790,.F.);
#6790 = EDGE_CURVE('',#5760,#6765,#6791,.T.);
#6791 = SURFACE_CURVE('',#6792,(#6796,#6802),.PCURVE_S1.);
#6792 = LINE('',#6793,#6794);
#6793 = CARTESIAN_POINT('',(73.4,-16.14351125738,4.4));
#6794 = VECTOR('',#6795,1.);
#6795 = DIRECTION('',(0.,1.,0.));
#6796 = PCURVE('',#5774,#6797);
#6797 = DEFINITIONAL_REPRESENTATION('',(#6798),#6801);
#6798 = B_SPLINE_CURVE_WITH_KNOTS('',1,(#6799,#6800),.UNSPECIFIED.,.F.,
  .F.,(2,2),(-5.70648874262,16.84351125738),.PIECEWISE_BEZIER_KNOTS.);
#6799 = CARTESIAN_POINT('',(37.160414207808,-11.41297748524));
#6800 = CARTESIAN_POINT('',(37.160414207808,11.13702251476));
#6801 = ( GEOMETRIC_REPRESENTATION_CONTEXT(2) 
PARAMETRIC_REPRESENTATION_CONTEXT() REPRESENTATION_CONTEXT('2D SPACE',''
  ) );
#6802 = PCURVE('',#5798,#6803);
#6803 = DEFINITIONAL_REPRESENTATION('',(#6804),#6807);
#6804 = B_SPLINE_CURVE_WITH_KNOTS('',1,(#6805,#6806),.UNSPECIFIED.,.F.,
  .F.,(2,2),(-5.70648874262,16.84351125738),.PIECEWISE_BEZIER_KNOTS.);
#6805 = CARTESIAN_POINT('',(7.3,0.));
#6806 = CARTESIAN_POINT('',(7.3,-22.55));
#6807 = ( GEOMETRIC_REPRESENTATION_CONTEXT(2) 
PARAMETRIC_REPRESENTATION_CONTEXT() REPRESENTATION_CONTEXT('2D SPACE',''
  ) );
#6808 = ADVANCED_FACE('',(#6809),#5853,.T.);
#6809 = FACE_BOUND('',#6810,.T.);
#6810 = EDGE_LOOP('',(#6811,#6834,#6835,#6858));
#6811 = ORIENTED_EDGE('',*,*,#6812,.F.);
#6812 = EDGE_CURVE('',#5814,#6813,#6815,.T.);
#6813 = VERTEX_POINT('',#6814);
#6814 = CARTESIAN_POINT('',(74.8,0.5,7.45));
#6815 = SURFACE_CURVE('',#6816,(#6820,#6827),.PCURVE_S1.);
#6816 = LINE('',#6817,#6818);
#6817 = CARTESIAN_POINT('',(74.8,0.5,4.4));
#6818 = VECTOR('',#6819,1.);
#6819 = DIRECTION('',(0.,0.,1.));
#6820 = PCURVE('',#5853,#6821);
#6821 = DEFINITIONAL_REPRESENTATION('',(#6822),#6826);
#6822 = LINE('',#6823,#6824);
#6823 = CARTESIAN_POINT('',(0.,0.));
#6824 = VECTOR('',#6825,1.);
#6825 = DIRECTION('',(0.,1.));
#6826 = ( GEOMETRIC_REPRESENTATION_CONTEXT(2) 
PARAMETRIC_REPRESENTATION_CONTEXT() REPRESENTATION_CONTEXT('2D SPACE',''
  ) );
#6827 = PCURVE('',#5585,#6828);
#6828 = DEFINITIONAL_REPRESENTATION('',(#6829),#6833);
#6829 = LINE('',#6830,#6831);
#6830 = CARTESIAN_POINT('',(24.2,0.));
#6831 = VECTOR('',#6832,1.);
#6832 = DIRECTION('',(0.,-1.));
#6833 = ( GEOMETRIC_REPRESENTATION_CONTEXT(2) 
PARAMETRIC_REPRESENTATION_CONTEXT() REPRESENTATION_CONTEXT('2D SPACE',''
  ) );
#6834 = ORIENTED_EDGE('',*,*,#5836,.T.);
#6835 = ORIENTED_EDGE('',*,*,#6836,.T.);
#6836 = EDGE_CURVE('',#5837,#6837,#6839,.T.);
#6837 = VERTEX_POINT('',#6838);
#6838 = CARTESIAN_POINT('',(72.8,2.5,7.45));
#6839 = SURFACE_CURVE('',#6840,(#6844,#6851),.PCURVE_S1.);
#6840 = LINE('',#6841,#6842);
#6841 = CARTESIAN_POINT('',(72.8,2.5,4.4));
#6842 = VECTOR('',#6843,1.);
#6843 = DIRECTION('',(0.,0.,1.));
#6844 = PCURVE('',#5853,#6845);
#6845 = DEFINITIONAL_REPRESENTATION('',(#6846),#6850);
#6846 = LINE('',#6847,#6848);
#6847 = CARTESIAN_POINT('',(1.570796326795,0.));
#6848 = VECTOR('',#6849,1.);
#6849 = DIRECTION('',(0.,1.));
#6850 = ( GEOMETRIC_REPRESENTATION_CONTEXT(2) 
PARAMETRIC_REPRESENTATION_CONTEXT() REPRESENTATION_CONTEXT('2D SPACE',''
  ) );
#6851 = PCURVE('',#5881,#6852);
#6852 = DEFINITIONAL_REPRESENTATION('',(#6853),#6857);
#6853 = LINE('',#6854,#6855);
#6854 = CARTESIAN_POINT('',(2.,0.));
#6855 = VECTOR('',#6856,1.);
#6856 = DIRECTION('',(0.,-1.));
#6857 = ( GEOMETRIC_REPRESENTATION_CONTEXT(2) 
PARAMETRIC_REPRESENTATION_CONTEXT() REPRESENTATION_CONTEXT('2D SPACE',''
  ) );
#6858 = ORIENTED_EDGE('',*,*,#6859,.F.);
#6859 = EDGE_CURVE('',#6813,#6837,#6860,.T.);
#6860 = SURFACE_CURVE('',#6861,(#6866,#6873),.PCURVE_S1.);
#6861 = CIRCLE('',#6862,2.);
#6862 = AXIS2_PLACEMENT_3D('',#6863,#6864,#6865);
#6863 = CARTESIAN_POINT('',(72.8,0.5,7.45));
#6864 = DIRECTION('',(0.,0.,1.));
#6865 = DIRECTION('',(1.,1.665334536938E-16,-0.));
#6866 = PCURVE('',#5853,#6867);
#6867 = DEFINITIONAL_REPRESENTATION('',(#6868),#6872);
#6868 = LINE('',#6869,#6870);
#6869 = CARTESIAN_POINT('',(0.,3.05));
#6870 = VECTOR('',#6871,1.);
#6871 = DIRECTION('',(1.,0.));
#6872 = ( GEOMETRIC_REPRESENTATION_CONTEXT(2) 
PARAMETRIC_REPRESENTATION_CONTEXT() REPRESENTATION_CONTEXT('2D SPACE',''
  ) );
#6873 = PCURVE('',#6874,#6879);
#6874 = CONICAL_SURFACE('',#6875,2.,0.785398163397);
#6875 = AXIS2_PLACEMENT_3D('',#6876,#6877,#6878);
#6876 = CARTESIAN_POINT('',(72.8,0.5,7.45));
#6877 = DIRECTION('',(-0.,-0.,-1.));
#6878 = DIRECTION('',(1.,1.665334536938E-16,-0.));
#6879 = DEFINITIONAL_REPRESENTATION('',(#6880),#6884);
#6880 = LINE('',#6881,#6882);
#6881 = CARTESIAN_POINT('',(-0.,-0.));
#6882 = VECTOR('',#6883,1.);
#6883 = DIRECTION('',(-1.,-0.));
#6884 = ( GEOMETRIC_REPRESENTATION_CONTEXT(2) 
PARAMETRIC_REPRESENTATION_CONTEXT() REPRESENTATION_CONTEXT('2D SPACE',''
  ) );
#6885 = ADVANCED_FACE('',(#6886),#6874,.T.);
#6886 = FACE_BOUND('',#6887,.T.);
#6887 = EDGE_LOOP('',(#6888,#6916,#6917,#6945));
#6888 = ORIENTED_EDGE('',*,*,#6889,.F.);
#6889 = EDGE_CURVE('',#6813,#6890,#6892,.T.);
#6890 = VERTEX_POINT('',#6891);
#6891 = CARTESIAN_POINT('',(74.45,0.5,7.8));
#6892 = SURFACE_CURVE('',#6893,(#6897,#6904),.PCURVE_S1.);
#6893 = LINE('',#6894,#6895);
#6894 = CARTESIAN_POINT('',(74.625,0.5,7.625));
#6895 = VECTOR('',#6896,1.);
#6896 = DIRECTION('',(-0.707106781187,-0.,0.707106781187));
#6897 = PCURVE('',#6874,#6898);
#6898 = DEFINITIONAL_REPRESENTATION('',(#6899),#6903);
#6899 = LINE('',#6900,#6901);
#6900 = CARTESIAN_POINT('',(-0.,-0.175));
#6901 = VECTOR('',#6902,1.);
#6902 = DIRECTION('',(-0.,-1.));
#6903 = ( GEOMETRIC_REPRESENTATION_CONTEXT(2) 
PARAMETRIC_REPRESENTATION_CONTEXT() REPRESENTATION_CONTEXT('2D SPACE',''
  ) );
#6904 = PCURVE('',#6905,#6910);
#6905 = PLANE('',#6906);
#6906 = AXIS2_PLACEMENT_3D('',#6907,#6908,#6909);
#6907 = CARTESIAN_POINT('',(74.625,-21.7,7.625));
#6908 = DIRECTION('',(-0.707106781187,0.,-0.707106781187));
#6909 = DIRECTION('',(-0.,-1.,-0.));
#6910 = DEFINITIONAL_REPRESENTATION('',(#6911),#6915);
#6911 = LINE('',#6912,#6913);
#6912 = CARTESIAN_POINT('',(-22.2,0.));
#6913 = VECTOR('',#6914,1.);
#6914 = DIRECTION('',(-0.,1.));
#6915 = ( GEOMETRIC_REPRESENTATION_CONTEXT(2) 
PARAMETRIC_REPRESENTATION_CONTEXT() REPRESENTATION_CONTEXT('2D SPACE',''
  ) );
#6916 = ORIENTED_EDGE('',*,*,#6859,.T.);
#6917 = ORIENTED_EDGE('',*,*,#6918,.T.);
#6918 = EDGE_CURVE('',#6837,#6919,#6921,.T.);
#6919 = VERTEX_POINT('',#6920);
#6920 = CARTESIAN_POINT('',(72.8,2.15,7.8));
#6921 = SURFACE_CURVE('',#6922,(#6926,#6933),.PCURVE_S1.);
#6922 = LINE('',#6923,#6924);
#6923 = CARTESIAN_POINT('',(72.8,2.5,7.45));
#6924 = VECTOR('',#6925,1.);
#6925 = DIRECTION('',(7.445913158951E-17,-0.707106781187,0.707106781187)
  );
#6926 = PCURVE('',#6874,#6927);
#6927 = DEFINITIONAL_REPRESENTATION('',(#6928),#6932);
#6928 = LINE('',#6929,#6930);
#6929 = CARTESIAN_POINT('',(-1.570796326795,-0.));
#6930 = VECTOR('',#6931,1.);
#6931 = DIRECTION('',(-0.,-1.));
#6932 = ( GEOMETRIC_REPRESENTATION_CONTEXT(2) 
PARAMETRIC_REPRESENTATION_CONTEXT() REPRESENTATION_CONTEXT('2D SPACE',''
  ) );
#6933 = PCURVE('',#6934,#6939);
#6934 = PLANE('',#6935);
#6935 = AXIS2_PLACEMENT_3D('',#6936,#6937,#6938);
#6936 = CARTESIAN_POINT('',(72.8,2.325,7.625));
#6937 = DIRECTION('',(0.,-0.707106781187,-0.707106781187));
#6938 = DIRECTION('',(1.,0.,-0.));
#6939 = DEFINITIONAL_REPRESENTATION('',(#6940),#6944);
#6940 = LINE('',#6941,#6942);
#6941 = CARTESIAN_POINT('',(-0.,-0.247487373415));
#6942 = VECTOR('',#6943,1.);
#6943 = DIRECTION('',(7.445913158951E-17,1.));
#6944 = ( GEOMETRIC_REPRESENTATION_CONTEXT(2) 
PARAMETRIC_REPRESENTATION_CONTEXT() REPRESENTATION_CONTEXT('2D SPACE',''
  ) );
#6945 = ORIENTED_EDGE('',*,*,#6946,.F.);
#6946 = EDGE_CURVE('',#6890,#6919,#6947,.T.);
#6947 = SURFACE_CURVE('',#6948,(#6953,#6960),.PCURVE_S1.);
#6948 = CIRCLE('',#6949,1.65);
#6949 = AXIS2_PLACEMENT_3D('',#6950,#6951,#6952);
#6950 = CARTESIAN_POINT('',(72.8,0.5,7.8));
#6951 = DIRECTION('',(0.,0.,1.));
#6952 = DIRECTION('',(1.,1.665334536938E-16,-0.));
#6953 = PCURVE('',#6874,#6954);
#6954 = DEFINITIONAL_REPRESENTATION('',(#6955),#6959);
#6955 = LINE('',#6956,#6957);
#6956 = CARTESIAN_POINT('',(-0.,-0.35));
#6957 = VECTOR('',#6958,1.);
#6958 = DIRECTION('',(-1.,-0.));
#6959 = ( GEOMETRIC_REPRESENTATION_CONTEXT(2) 
PARAMETRIC_REPRESENTATION_CONTEXT() REPRESENTATION_CONTEXT('2D SPACE',''
  ) );
#6960 = PCURVE('',#6961,#6966);
#6961 = PLANE('',#6962);
#6962 = AXIS2_PLACEMENT_3D('',#6963,#6964,#6965);
#6963 = CARTESIAN_POINT('',(36.239585792192,-10.43702251476,7.8));
#6964 = DIRECTION('',(0.,0.,1.));
#6965 = DIRECTION('',(1.,0.,-0.));
#6966 = DEFINITIONAL_REPRESENTATION('',(#6967),#6971);
#6967 = CIRCLE('',#6968,1.65);
#6968 = AXIS2_PLACEMENT_2D('',#6969,#6970);
#6969 = CARTESIAN_POINT('',(36.560414207808,10.93702251476));
#6970 = DIRECTION('',(1.,1.665334536938E-16));
#6971 = ( GEOMETRIC_REPRESENTATION_CONTEXT(2) 
PARAMETRIC_REPRESENTATION_CONTEXT() REPRESENTATION_CONTEXT('2D SPACE',''
  ) );
#6972 = ADVANCED_FACE('',(#6973),#6934,.F.);
#6973 = FACE_BOUND('',#6974,.T.);
#6974 = EDGE_LOOP('',(#6975,#6976,#6999,#7027));
#6975 = ORIENTED_EDGE('',*,*,#6918,.F.);
#6976 = ORIENTED_EDGE('',*,*,#6977,.T.);
#6977 = EDGE_CURVE('',#6837,#6978,#6980,.T.);
#6978 = VERTEX_POINT('',#6979);
#6979 = CARTESIAN_POINT('',(66.630444461638,2.5,7.45));
#6980 = SURFACE_CURVE('',#6981,(#6985,#6992),.PCURVE_S1.);
#6981 = LINE('',#6982,#6983);
#6982 = CARTESIAN_POINT('',(72.8,2.5,7.45));
#6983 = VECTOR('',#6984,1.);
#6984 = DIRECTION('',(-1.,0.,0.));
#6985 = PCURVE('',#6934,#6986);
#6986 = DEFINITIONAL_REPRESENTATION('',(#6987),#6991);
#6987 = LINE('',#6988,#6989);
#6988 = CARTESIAN_POINT('',(-0.,-0.247487373415));
#6989 = VECTOR('',#6990,1.);
#6990 = DIRECTION('',(-1.,0.));
#6991 = ( GEOMETRIC_REPRESENTATION_CONTEXT(2) 
PARAMETRIC_REPRESENTATION_CONTEXT() REPRESENTATION_CONTEXT('2D SPACE',''
  ) );
#6992 = PCURVE('',#5881,#6993);
#6993 = DEFINITIONAL_REPRESENTATION('',(#6994),#6998);
#6994 = LINE('',#6995,#6996);
#6995 = CARTESIAN_POINT('',(2.,-3.05));
#6996 = VECTOR('',#6997,1.);
#6997 = DIRECTION('',(1.,0.));
#6998 = ( GEOMETRIC_REPRESENTATION_CONTEXT(2) 
PARAMETRIC_REPRESENTATION_CONTEXT() REPRESENTATION_CONTEXT('2D SPACE',''
  ) );
#6999 = ORIENTED_EDGE('',*,*,#7000,.T.);
#7000 = EDGE_CURVE('',#6978,#7001,#7003,.T.);
#7001 = VERTEX_POINT('',#7002);
#7002 = CARTESIAN_POINT('',(66.630444461638,2.15,7.8));
#7003 = SURFACE_CURVE('',#7004,(#7008,#7015),.PCURVE_S1.);
#7004 = LINE('',#7005,#7006);
#7005 = CARTESIAN_POINT('',(66.630444461638,2.325,7.625));
#7006 = VECTOR('',#7007,1.);
#7007 = DIRECTION('',(0.,-0.707106781187,0.707106781187));
#7008 = PCURVE('',#6934,#7009);
#7009 = DEFINITIONAL_REPRESENTATION('',(#7010),#7014);
#7010 = LINE('',#7011,#7012);
#7011 = CARTESIAN_POINT('',(-6.169555538362,0.));
#7012 = VECTOR('',#7013,1.);
#7013 = DIRECTION('',(-0.,1.));
#7014 = ( GEOMETRIC_REPRESENTATION_CONTEXT(2) 
PARAMETRIC_REPRESENTATION_CONTEXT() REPRESENTATION_CONTEXT('2D SPACE',''
  ) );
#7015 = PCURVE('',#7016,#7021);
#7016 = CONICAL_SURFACE('',#7017,2.,0.785398163397);
#7017 = AXIS2_PLACEMENT_3D('',#7018,#7019,#7020);
#7018 = CARTESIAN_POINT('',(66.630444461638,4.5,7.45));
#7019 = DIRECTION('',(0.,0.,1.));
#7020 = DIRECTION('',(0.,-1.,0.));
#7021 = DEFINITIONAL_REPRESENTATION('',(#7022),#7026);
#7022 = LINE('',#7023,#7024);
#7023 = CARTESIAN_POINT('',(-0.,0.175));
#7024 = VECTOR('',#7025,1.);
#7025 = DIRECTION('',(-0.,1.));
#7026 = ( GEOMETRIC_REPRESENTATION_CONTEXT(2) 
PARAMETRIC_REPRESENTATION_CONTEXT() REPRESENTATION_CONTEXT('2D SPACE',''
  ) );
#7027 = ORIENTED_EDGE('',*,*,#7028,.F.);
#7028 = EDGE_CURVE('',#6919,#7001,#7029,.T.);
#7029 = SURFACE_CURVE('',#7030,(#7034,#7041),.PCURVE_S1.);
#7030 = LINE('',#7031,#7032);
#7031 = CARTESIAN_POINT('',(72.8,2.15,7.8));
#7032 = VECTOR('',#7033,1.);
#7033 = DIRECTION('',(-1.,0.,0.));
#7034 = PCURVE('',#6934,#7035);
#7035 = DEFINITIONAL_REPRESENTATION('',(#7036),#7040);
#7036 = LINE('',#7037,#7038);
#7037 = CARTESIAN_POINT('',(-0.,0.247487373415));
#7038 = VECTOR('',#7039,1.);
#7039 = DIRECTION('',(-1.,0.));
#7040 = ( GEOMETRIC_REPRESENTATION_CONTEXT(2) 
PARAMETRIC_REPRESENTATION_CONTEXT() REPRESENTATION_CONTEXT('2D SPACE',''
  ) );
#7041 = PCURVE('',#6961,#7042);
#7042 = DEFINITIONAL_REPRESENTATION('',(#7043),#7047);
#7043 = LINE('',#7044,#7045);
#7044 = CARTESIAN_POINT('',(36.560414207808,12.58702251476));
#7045 = VECTOR('',#7046,1.);
#7046 = DIRECTION('',(-1.,0.));
#7047 = ( GEOMETRIC_REPRESENTATION_CONTEXT(2) 
PARAMETRIC_REPRESENTATION_CONTEXT() REPRESENTATION_CONTEXT('2D SPACE',''
  ) );
#7048 = ADVANCED_FACE('',(#7049),#7016,.F.);
#7049 = FACE_BOUND('',#7050,.T.);
#7050 = EDGE_LOOP('',(#7051,#7052,#7076,#7104));
#7051 = ORIENTED_EDGE('',*,*,#7000,.F.);
#7052 = ORIENTED_EDGE('',*,*,#7053,.T.);
#7053 = EDGE_CURVE('',#6978,#7054,#7056,.T.);
#7054 = VERTEX_POINT('',#7055);
#7055 = CARTESIAN_POINT('',(65.483519772912,2.861536158962,7.45));
#7056 = SURFACE_CURVE('',#7057,(#7062,#7069),.PCURVE_S1.);
#7057 = CIRCLE('',#7058,2.);
#7058 = AXIS2_PLACEMENT_3D('',#7059,#7060,#7061);
#7059 = CARTESIAN_POINT('',(66.630444461638,4.5,7.45));
#7060 = DIRECTION('',(-0.,-0.,-1.));
#7061 = DIRECTION('',(0.,-1.,0.));
#7062 = PCURVE('',#7016,#7063);
#7063 = DEFINITIONAL_REPRESENTATION('',(#7064),#7068);
#7064 = LINE('',#7065,#7066);
#7065 = CARTESIAN_POINT('',(-0.,0.));
#7066 = VECTOR('',#7067,1.);
#7067 = DIRECTION('',(-1.,0.));
#7068 = ( GEOMETRIC_REPRESENTATION_CONTEXT(2) 
PARAMETRIC_REPRESENTATION_CONTEXT() REPRESENTATION_CONTEXT('2D SPACE',''
  ) );
#7069 = PCURVE('',#5914,#7070);
#7070 = DEFINITIONAL_REPRESENTATION('',(#7071),#7075);
#7071 = LINE('',#7072,#7073);
#7072 = CARTESIAN_POINT('',(-0.,3.05));
#7073 = VECTOR('',#7074,1.);
#7074 = DIRECTION('',(-1.,0.));
#7075 = ( GEOMETRIC_REPRESENTATION_CONTEXT(2) 
PARAMETRIC_REPRESENTATION_CONTEXT() REPRESENTATION_CONTEXT('2D SPACE',''
  ) );
#7076 = ORIENTED_EDGE('',*,*,#7077,.T.);
#7077 = EDGE_CURVE('',#7054,#7078,#7080,.T.);
#7078 = VERTEX_POINT('',#7079);
#7079 = CARTESIAN_POINT('',(65.282807952384,2.57480498678,7.8));
#7080 = SURFACE_CURVE('',#7081,(#7085,#7092),.PCURVE_S1.);
#7081 = LINE('',#7082,#7083);
#7082 = CARTESIAN_POINT('',(65.483519772912,2.861536158962,7.45));
#7083 = VECTOR('',#7084,1.);
#7084 = DIRECTION('',(-0.405499112454,-0.579284446363,0.707106781187));
#7085 = PCURVE('',#7016,#7086);
#7086 = DEFINITIONAL_REPRESENTATION('',(#7087),#7091);
#7087 = LINE('',#7088,#7089);
#7088 = CARTESIAN_POINT('',(-0.610725964389,0.));
#7089 = VECTOR('',#7090,1.);
#7090 = DIRECTION('',(-0.,1.));
#7091 = ( GEOMETRIC_REPRESENTATION_CONTEXT(2) 
PARAMETRIC_REPRESENTATION_CONTEXT() REPRESENTATION_CONTEXT('2D SPACE',''
  ) );
#7092 = PCURVE('',#7093,#7098);
#7093 = PLANE('',#7094);
#7094 = AXIS2_PLACEMENT_3D('',#7095,#7096,#7097);
#7095 = CARTESIAN_POINT('',(65.383163862648,2.718170572871,7.625));
#7096 = DIRECTION('',(-0.405499112454,-0.579284446363,-0.707106781187));
#7097 = DIRECTION('',(0.819231920519,-0.573462344363,1.387778780781E-16)
  );
#7098 = DEFINITIONAL_REPRESENTATION('',(#7099),#7103);
#7099 = LINE('',#7100,#7101);
#7100 = CARTESIAN_POINT('',(4.735795089417E-15,-0.247487373415));
#7101 = VECTOR('',#7102,1.);
#7102 = DIRECTION('',(-1.239138262573E-16,1.));
#7103 = ( GEOMETRIC_REPRESENTATION_CONTEXT(2) 
PARAMETRIC_REPRESENTATION_CONTEXT() REPRESENTATION_CONTEXT('2D SPACE',''
  ) );
#7104 = ORIENTED_EDGE('',*,*,#7105,.F.);
#7105 = EDGE_CURVE('',#7001,#7078,#7106,.T.);
#7106 = SURFACE_CURVE('',#7107,(#7112,#7119),.PCURVE_S1.);
#7107 = CIRCLE('',#7108,2.35);
#7108 = AXIS2_PLACEMENT_3D('',#7109,#7110,#7111);
#7109 = CARTESIAN_POINT('',(66.630444461638,4.5,7.8));
#7110 = DIRECTION('',(-0.,-0.,-1.));
#7111 = DIRECTION('',(0.,-1.,0.));
#7112 = PCURVE('',#7016,#7113);
#7113 = DEFINITIONAL_REPRESENTATION('',(#7114),#7118);
#7114 = LINE('',#7115,#7116);
#7115 = CARTESIAN_POINT('',(-0.,0.35));
#7116 = VECTOR('',#7117,1.);
#7117 = DIRECTION('',(-1.,0.));
#7118 = ( GEOMETRIC_REPRESENTATION_CONTEXT(2) 
PARAMETRIC_REPRESENTATION_CONTEXT() REPRESENTATION_CONTEXT('2D SPACE',''
  ) );
#7119 = PCURVE('',#6961,#7120);
#7120 = DEFINITIONAL_REPRESENTATION('',(#7121),#7129);
#7121 = ( BOUNDED_CURVE() B_SPLINE_CURVE(2,(#7122,#7123,#7124,#7125,
#7126,#7127,#7128),.UNSPECIFIED.,.T.,.F.) B_SPLINE_CURVE_WITH_KNOTS((1,2
    ,2,2,2,1),(-2.094395102393,0.,2.094395102393,4.188790204786,
6.28318530718,8.377580409573),.UNSPECIFIED.) CURVE() 
GEOMETRIC_REPRESENTATION_ITEM() RATIONAL_B_SPLINE_CURVE((1.,0.5,1.,0.5,
1.,0.5,1.)) REPRESENTATION_ITEM('') );
#7122 = CARTESIAN_POINT('',(30.390858669447,12.58702251476));
#7123 = CARTESIAN_POINT('',(26.32053927166,12.58702251476));
#7124 = CARTESIAN_POINT('',(28.355698970553,16.11202251476));
#7125 = CARTESIAN_POINT('',(30.390858669447,19.63702251476));
#7126 = CARTESIAN_POINT('',(32.42601836834,16.11202251476));
#7127 = CARTESIAN_POINT('',(34.461178067234,12.58702251476));
#7128 = CARTESIAN_POINT('',(30.390858669447,12.58702251476));
#7129 = ( GEOMETRIC_REPRESENTATION_CONTEXT(2) 
PARAMETRIC_REPRESENTATION_CONTEXT() REPRESENTATION_CONTEXT('2D SPACE',''
  ) );
#7130 = ADVANCED_FACE('',(#7131),#7093,.F.);
#7131 = FACE_BOUND('',#7132,.T.);
#7132 = EDGE_LOOP('',(#7133,#7134,#7157,#7185));
#7133 = ORIENTED_EDGE('',*,*,#7077,.F.);
#7134 = ORIENTED_EDGE('',*,*,#7135,.T.);
#7135 = EDGE_CURVE('',#7054,#7136,#7138,.T.);
#7136 = VERTEX_POINT('',#7137);
#7137 = CARTESIAN_POINT('',(64.516480227088,3.538463841038,7.45));
#7138 = SURFACE_CURVE('',#7139,(#7143,#7150),.PCURVE_S1.);
#7139 = LINE('',#7140,#7141);
#7140 = CARTESIAN_POINT('',(65.483519772912,2.861536158962,7.45));
#7141 = VECTOR('',#7142,1.);
#7142 = DIRECTION('',(-0.819231920519,0.573462344363,0.));
#7143 = PCURVE('',#7093,#7144);
#7144 = DEFINITIONAL_REPRESENTATION('',(#7145),#7149);
#7145 = LINE('',#7146,#7147);
#7146 = CARTESIAN_POINT('',(4.999473057765E-15,-0.247487373415));
#7147 = VECTOR('',#7148,1.);
#7148 = DIRECTION('',(-1.,-5.551115123126E-17));
#7149 = ( GEOMETRIC_REPRESENTATION_CONTEXT(2) 
PARAMETRIC_REPRESENTATION_CONTEXT() REPRESENTATION_CONTEXT('2D SPACE',''
  ) );
#7150 = PCURVE('',#5942,#7151);
#7151 = DEFINITIONAL_REPRESENTATION('',(#7152),#7156);
#7152 = LINE('',#7153,#7154);
#7153 = CARTESIAN_POINT('',(0.630444461638,-3.05));
#7154 = VECTOR('',#7155,1.);
#7155 = DIRECTION('',(1.,0.));
#7156 = ( GEOMETRIC_REPRESENTATION_CONTEXT(2) 
PARAMETRIC_REPRESENTATION_CONTEXT() REPRESENTATION_CONTEXT('2D SPACE',''
  ) );
#7157 = ORIENTED_EDGE('',*,*,#7158,.T.);
#7158 = EDGE_CURVE('',#7136,#7159,#7161,.T.);
#7159 = VERTEX_POINT('',#7160);
#7160 = CARTESIAN_POINT('',(64.315768406561,3.251732668856,7.8));
#7161 = SURFACE_CURVE('',#7162,(#7166,#7173),.PCURVE_S1.);
#7162 = LINE('',#7163,#7164);
#7163 = CARTESIAN_POINT('',(64.416124316825,3.395098254947,7.625));
#7164 = VECTOR('',#7165,1.);
#7165 = DIRECTION('',(-0.405499112454,-0.579284446363,0.707106781187));
#7166 = PCURVE('',#7093,#7167);
#7167 = DEFINITIONAL_REPRESENTATION('',(#7168),#7172);
#7168 = LINE('',#7169,#7170);
#7169 = CARTESIAN_POINT('',(-1.18042219987,2.015815764255E-15));
#7170 = VECTOR('',#7171,1.);
#7171 = DIRECTION('',(4.261962743648E-17,1.));
#7172 = ( GEOMETRIC_REPRESENTATION_CONTEXT(2) 
PARAMETRIC_REPRESENTATION_CONTEXT() REPRESENTATION_CONTEXT('2D SPACE',''
  ) );
#7173 = PCURVE('',#7174,#7179);
#7174 = CONICAL_SURFACE('',#7175,2.,0.785398163397);
#7175 = AXIS2_PLACEMENT_3D('',#7176,#7177,#7178);
#7176 = CARTESIAN_POINT('',(63.369555538362,1.9,7.45));
#7177 = DIRECTION('',(-0.,-0.,-1.));
#7178 = DIRECTION('',(0.573462344363,0.819231920519,-0.));
#7179 = DEFINITIONAL_REPRESENTATION('',(#7180),#7184);
#7180 = LINE('',#7181,#7182);
#7181 = CARTESIAN_POINT('',(-0.,-0.175));
#7182 = VECTOR('',#7183,1.);
#7183 = DIRECTION('',(-0.,-1.));
#7184 = ( GEOMETRIC_REPRESENTATION_CONTEXT(2) 
PARAMETRIC_REPRESENTATION_CONTEXT() REPRESENTATION_CONTEXT('2D SPACE',''
  ) );
#7185 = ORIENTED_EDGE('',*,*,#7186,.F.);
#7186 = EDGE_CURVE('',#7078,#7159,#7187,.T.);
#7187 = SURFACE_CURVE('',#7188,(#7192,#7199),.PCURVE_S1.);
#7188 = LINE('',#7189,#7190);
#7189 = CARTESIAN_POINT('',(65.282807952384,2.57480498678,7.8));
#7190 = VECTOR('',#7191,1.);
#7191 = DIRECTION('',(-0.819231920519,0.573462344363,0.));
#7192 = PCURVE('',#7093,#7193);
#7193 = DEFINITIONAL_REPRESENTATION('',(#7194),#7198);
#7194 = LINE('',#7195,#7196);
#7195 = CARTESIAN_POINT('',(8.434225540199E-15,0.247487373415));
#7196 = VECTOR('',#7197,1.);
#7197 = DIRECTION('',(-1.,-5.551115123126E-17));
#7198 = ( GEOMETRIC_REPRESENTATION_CONTEXT(2) 
PARAMETRIC_REPRESENTATION_CONTEXT() REPRESENTATION_CONTEXT('2D SPACE',''
  ) );
#7199 = PCURVE('',#6961,#7200);
#7200 = DEFINITIONAL_REPRESENTATION('',(#7201),#7205);
#7201 = LINE('',#7202,#7203);
#7202 = CARTESIAN_POINT('',(29.043222160193,13.01182750154));
#7203 = VECTOR('',#7204,1.);
#7204 = DIRECTION('',(-0.819231920519,0.573462344363));
#7205 = ( GEOMETRIC_REPRESENTATION_CONTEXT(2) 
PARAMETRIC_REPRESENTATION_CONTEXT() REPRESENTATION_CONTEXT('2D SPACE',''
  ) );
#7206 = ADVANCED_FACE('',(#7207),#7174,.T.);
#7207 = FACE_BOUND('',#7208,.T.);
#7208 = EDGE_LOOP('',(#7209,#7210,#7234,#7262));
#7209 = ORIENTED_EDGE('',*,*,#7158,.F.);
#7210 = ORIENTED_EDGE('',*,*,#7211,.T.);
#7211 = EDGE_CURVE('',#7136,#7212,#7214,.T.);
#7212 = VERTEX_POINT('',#7213);
#7213 = CARTESIAN_POINT('',(63.369555538362,3.9,7.45));
#7214 = SURFACE_CURVE('',#7215,(#7220,#7227),.PCURVE_S1.);
#7215 = CIRCLE('',#7216,2.);
#7216 = AXIS2_PLACEMENT_3D('',#7217,#7218,#7219);
#7217 = CARTESIAN_POINT('',(63.369555538362,1.9,7.45));
#7218 = DIRECTION('',(0.,0.,1.));
#7219 = DIRECTION('',(0.573462344363,0.819231920519,-0.));
#7220 = PCURVE('',#7174,#7221);
#7221 = DEFINITIONAL_REPRESENTATION('',(#7222),#7226);
#7222 = LINE('',#7223,#7224);
#7223 = CARTESIAN_POINT('',(-0.,-0.));
#7224 = VECTOR('',#7225,1.);
#7225 = DIRECTION('',(-1.,-0.));
#7226 = ( GEOMETRIC_REPRESENTATION_CONTEXT(2) 
PARAMETRIC_REPRESENTATION_CONTEXT() REPRESENTATION_CONTEXT('2D SPACE',''
  ) );
#7227 = PCURVE('',#5971,#7228);
#7228 = DEFINITIONAL_REPRESENTATION('',(#7229),#7233);
#7229 = LINE('',#7230,#7231);
#7230 = CARTESIAN_POINT('',(0.,3.05));
#7231 = VECTOR('',#7232,1.);
#7232 = DIRECTION('',(1.,0.));
#7233 = ( GEOMETRIC_REPRESENTATION_CONTEXT(2) 
PARAMETRIC_REPRESENTATION_CONTEXT() REPRESENTATION_CONTEXT('2D SPACE',''
  ) );
#7234 = ORIENTED_EDGE('',*,*,#7235,.T.);
#7235 = EDGE_CURVE('',#7212,#7236,#7238,.T.);
#7236 = VERTEX_POINT('',#7237);
#7237 = CARTESIAN_POINT('',(63.369555538362,3.55,7.8));
#7238 = SURFACE_CURVE('',#7239,(#7243,#7250),.PCURVE_S1.);
#7239 = LINE('',#7240,#7241);
#7240 = CARTESIAN_POINT('',(63.369555538362,3.9,7.45));
#7241 = VECTOR('',#7242,1.);
#7242 = DIRECTION('',(-2.997602166488E-15,-0.707106781187,0.707106781187
    ));
#7243 = PCURVE('',#7174,#7244);
#7244 = DEFINITIONAL_REPRESENTATION('',(#7245),#7249);
#7245 = LINE('',#7246,#7247);
#7246 = CARTESIAN_POINT('',(-0.610725964389,-0.));
#7247 = VECTOR('',#7248,1.);
#7248 = DIRECTION('',(-0.,-1.));
#7249 = ( GEOMETRIC_REPRESENTATION_CONTEXT(2) 
PARAMETRIC_REPRESENTATION_CONTEXT() REPRESENTATION_CONTEXT('2D SPACE',''
  ) );
#7250 = PCURVE('',#7251,#7256);
#7251 = PLANE('',#7252);
#7252 = AXIS2_PLACEMENT_3D('',#7253,#7254,#7255);
#7253 = CARTESIAN_POINT('',(63.369555538362,3.725,7.625));
#7254 = DIRECTION('',(0.,-0.707106781187,-0.707106781187));
#7255 = DIRECTION('',(1.,0.,-0.));
#7256 = DEFINITIONAL_REPRESENTATION('',(#7257),#7261);
#7257 = LINE('',#7258,#7259);
#7258 = CARTESIAN_POINT('',(7.105427357601E-15,-0.247487373415));
#7259 = VECTOR('',#7260,1.);
#7260 = DIRECTION('',(-2.997602166488E-15,1.));
#7261 = ( GEOMETRIC_REPRESENTATION_CONTEXT(2) 
PARAMETRIC_REPRESENTATION_CONTEXT() REPRESENTATION_CONTEXT('2D SPACE',''
  ) );
#7262 = ORIENTED_EDGE('',*,*,#7263,.F.);
#7263 = EDGE_CURVE('',#7159,#7236,#7264,.T.);
#7264 = SURFACE_CURVE('',#7265,(#7270,#7277),.PCURVE_S1.);
#7265 = CIRCLE('',#7266,1.65);
#7266 = AXIS2_PLACEMENT_3D('',#7267,#7268,#7269);
#7267 = CARTESIAN_POINT('',(63.369555538362,1.9,7.8));
#7268 = DIRECTION('',(0.,0.,1.));
#7269 = DIRECTION('',(0.573462344363,0.819231920519,-0.));
#7270 = PCURVE('',#7174,#7271);
#7271 = DEFINITIONAL_REPRESENTATION('',(#7272),#7276);
#7272 = LINE('',#7273,#7274);
#7273 = CARTESIAN_POINT('',(-0.,-0.35));
#7274 = VECTOR('',#7275,1.);
#7275 = DIRECTION('',(-1.,-0.));
#7276 = ( GEOMETRIC_REPRESENTATION_CONTEXT(2) 
PARAMETRIC_REPRESENTATION_CONTEXT() REPRESENTATION_CONTEXT('2D SPACE',''
  ) );
#7277 = PCURVE('',#6961,#7278);
#7278 = DEFINITIONAL_REPRESENTATION('',(#7279),#7283);
#7279 = CIRCLE('',#7280,1.65);
#7280 = AXIS2_PLACEMENT_2D('',#7281,#7282);
#7281 = CARTESIAN_POINT('',(27.12996974617,12.33702251476));
#7282 = DIRECTION('',(0.573462344363,0.819231920519));
#7283 = ( GEOMETRIC_REPRESENTATION_CONTEXT(2) 
PARAMETRIC_REPRESENTATION_CONTEXT() REPRESENTATION_CONTEXT('2D SPACE',''
  ) );
#7284 = ADVANCED_FACE('',(#7285),#7251,.F.);
#7285 = FACE_BOUND('',#7286,.T.);
#7286 = EDGE_LOOP('',(#7287,#7288,#7311,#7339));
#7287 = ORIENTED_EDGE('',*,*,#7235,.F.);
#7288 = ORIENTED_EDGE('',*,*,#7289,.T.);
#7289 = EDGE_CURVE('',#7212,#7290,#7292,.T.);
#7290 = VERTEX_POINT('',#7291);
#7291 = CARTESIAN_POINT('',(51.130444461638,3.9,7.45));
#7292 = SURFACE_CURVE('',#7293,(#7297,#7304),.PCURVE_S1.);
#7293 = LINE('',#7294,#7295);
#7294 = CARTESIAN_POINT('',(63.369555538362,3.9,7.45));
#7295 = VECTOR('',#7296,1.);
#7296 = DIRECTION('',(-1.,0.,0.));
#7297 = PCURVE('',#7251,#7298);
#7298 = DEFINITIONAL_REPRESENTATION('',(#7299),#7303);
#7299 = LINE('',#7300,#7301);
#7300 = CARTESIAN_POINT('',(-0.,-0.247487373415));
#7301 = VECTOR('',#7302,1.);
#7302 = DIRECTION('',(-1.,0.));
#7303 = ( GEOMETRIC_REPRESENTATION_CONTEXT(2) 
PARAMETRIC_REPRESENTATION_CONTEXT() REPRESENTATION_CONTEXT('2D SPACE',''
  ) );
#7304 = PCURVE('',#5999,#7305);
#7305 = DEFINITIONAL_REPRESENTATION('',(#7306),#7310);
#7306 = LINE('',#7307,#7308);
#7307 = CARTESIAN_POINT('',(0.630444461638,-3.05));
#7308 = VECTOR('',#7309,1.);
#7309 = DIRECTION('',(1.,0.));
#7310 = ( GEOMETRIC_REPRESENTATION_CONTEXT(2) 
PARAMETRIC_REPRESENTATION_CONTEXT() REPRESENTATION_CONTEXT('2D SPACE',''
  ) );
#7311 = ORIENTED_EDGE('',*,*,#7312,.T.);
#7312 = EDGE_CURVE('',#7290,#7313,#7315,.T.);
#7313 = VERTEX_POINT('',#7314);
#7314 = CARTESIAN_POINT('',(51.130444461638,3.55,7.8));
#7315 = SURFACE_CURVE('',#7316,(#7320,#7327),.PCURVE_S1.);
#7316 = LINE('',#7317,#7318);
#7317 = CARTESIAN_POINT('',(51.130444461638,3.725,7.625));
#7318 = VECTOR('',#7319,1.);
#7319 = DIRECTION('',(0.,-0.707106781187,0.707106781187));
#7320 = PCURVE('',#7251,#7321);
#7321 = DEFINITIONAL_REPRESENTATION('',(#7322),#7326);
#7322 = LINE('',#7323,#7324);
#7323 = CARTESIAN_POINT('',(-12.23911107672,0.));
#7324 = VECTOR('',#7325,1.);
#7325 = DIRECTION('',(-0.,1.));
#7326 = ( GEOMETRIC_REPRESENTATION_CONTEXT(2) 
PARAMETRIC_REPRESENTATION_CONTEXT() REPRESENTATION_CONTEXT('2D SPACE',''
  ) );
#7327 = PCURVE('',#7328,#7333);
#7328 = CONICAL_SURFACE('',#7329,2.,0.785398163397);
#7329 = AXIS2_PLACEMENT_3D('',#7330,#7331,#7332);
#7330 = CARTESIAN_POINT('',(51.130444461638,1.9,7.45));
#7331 = DIRECTION('',(-0.,-0.,-1.));
#7332 = DIRECTION('',(0.,1.,-0.));
#7333 = DEFINITIONAL_REPRESENTATION('',(#7334),#7338);
#7334 = LINE('',#7335,#7336);
#7335 = CARTESIAN_POINT('',(-0.,-0.175));
#7336 = VECTOR('',#7337,1.);
#7337 = DIRECTION('',(-0.,-1.));
#7338 = ( GEOMETRIC_REPRESENTATION_CONTEXT(2) 
PARAMETRIC_REPRESENTATION_CONTEXT() REPRESENTATION_CONTEXT('2D SPACE',''
  ) );
#7339 = ORIENTED_EDGE('',*,*,#7340,.F.);
#7340 = EDGE_CURVE('',#7236,#7313,#7341,.T.);
#7341 = SURFACE_CURVE('',#7342,(#7346,#7353),.PCURVE_S1.);
#7342 = LINE('',#7343,#7344);
#7343 = CARTESIAN_POINT('',(63.369555538362,3.55,7.8));
#7344 = VECTOR('',#7345,1.);
#7345 = DIRECTION('',(-1.,0.,0.));
#7346 = PCURVE('',#7251,#7347);
#7347 = DEFINITIONAL_REPRESENTATION('',(#7348),#7352);
#7348 = LINE('',#7349,#7350);
#7349 = CARTESIAN_POINT('',(-0.,0.247487373415));
#7350 = VECTOR('',#7351,1.);
#7351 = DIRECTION('',(-1.,0.));
#7352 = ( GEOMETRIC_REPRESENTATION_CONTEXT(2) 
PARAMETRIC_REPRESENTATION_CONTEXT() REPRESENTATION_CONTEXT('2D SPACE',''
  ) );
#7353 = PCURVE('',#6961,#7354);
#7354 = DEFINITIONAL_REPRESENTATION('',(#7355),#7359);
#7355 = LINE('',#7356,#7357);
#7356 = CARTESIAN_POINT('',(27.12996974617,13.98702251476));
#7357 = VECTOR('',#7358,1.);
#7358 = DIRECTION('',(-1.,0.));
#7359 = ( GEOMETRIC_REPRESENTATION_CONTEXT(2) 
PARAMETRIC_REPRESENTATION_CONTEXT() REPRESENTATION_CONTEXT('2D SPACE',''
  ) );
#7360 = ADVANCED_FACE('',(#7361),#7328,.T.);
#7361 = FACE_BOUND('',#7362,.T.);
#7362 = EDGE_LOOP('',(#7363,#7364,#7388,#7416));
#7363 = ORIENTED_EDGE('',*,*,#7312,.F.);
#7364 = ORIENTED_EDGE('',*,*,#7365,.T.);
#7365 = EDGE_CURVE('',#7290,#7366,#7368,.T.);
#7366 = VERTEX_POINT('',#7367);
#7367 = CARTESIAN_POINT('',(49.983519772912,3.538463841038,7.45));
#7368 = SURFACE_CURVE('',#7369,(#7374,#7381),.PCURVE_S1.);
#7369 = CIRCLE('',#7370,2.);
#7370 = AXIS2_PLACEMENT_3D('',#7371,#7372,#7373);
#7371 = CARTESIAN_POINT('',(51.130444461638,1.9,7.45));
#7372 = DIRECTION('',(0.,0.,1.));
#7373 = DIRECTION('',(0.,1.,-0.));
#7374 = PCURVE('',#7328,#7375);
#7375 = DEFINITIONAL_REPRESENTATION('',(#7376),#7380);
#7376 = LINE('',#7377,#7378);
#7377 = CARTESIAN_POINT('',(-0.,-0.));
#7378 = VECTOR('',#7379,1.);
#7379 = DIRECTION('',(-1.,-0.));
#7380 = ( GEOMETRIC_REPRESENTATION_CONTEXT(2) 
PARAMETRIC_REPRESENTATION_CONTEXT() REPRESENTATION_CONTEXT('2D SPACE',''
  ) );
#7381 = PCURVE('',#6028,#7382);
#7382 = DEFINITIONAL_REPRESENTATION('',(#7383),#7387);
#7383 = LINE('',#7384,#7385);
#7384 = CARTESIAN_POINT('',(0.,3.05));
#7385 = VECTOR('',#7386,1.);
#7386 = DIRECTION('',(1.,0.));
#7387 = ( GEOMETRIC_REPRESENTATION_CONTEXT(2) 
PARAMETRIC_REPRESENTATION_CONTEXT() REPRESENTATION_CONTEXT('2D SPACE',''
  ) );
#7388 = ORIENTED_EDGE('',*,*,#7389,.T.);
#7389 = EDGE_CURVE('',#7366,#7390,#7392,.T.);
#7390 = VERTEX_POINT('',#7391);
#7391 = CARTESIAN_POINT('',(50.184231593439,3.251732668856,7.8));
#7392 = SURFACE_CURVE('',#7393,(#7397,#7404),.PCURVE_S1.);
#7393 = LINE('',#7394,#7395);
#7394 = CARTESIAN_POINT('',(49.983519772912,3.538463841038,7.45));
#7395 = VECTOR('',#7396,1.);
#7396 = DIRECTION('',(0.405499112454,-0.579284446363,0.707106781187));
#7397 = PCURVE('',#7328,#7398);
#7398 = DEFINITIONAL_REPRESENTATION('',(#7399),#7403);
#7399 = LINE('',#7400,#7401);
#7400 = CARTESIAN_POINT('',(-0.610725964389,-0.));
#7401 = VECTOR('',#7402,1.);
#7402 = DIRECTION('',(-0.,-1.));
#7403 = ( GEOMETRIC_REPRESENTATION_CONTEXT(2) 
PARAMETRIC_REPRESENTATION_CONTEXT() REPRESENTATION_CONTEXT('2D SPACE',''
  ) );
#7404 = PCURVE('',#7405,#7410);
#7405 = PLANE('',#7406);
#7406 = AXIS2_PLACEMENT_3D('',#7407,#7408,#7409);
#7407 = CARTESIAN_POINT('',(50.083875683175,3.395098254947,7.625));
#7408 = DIRECTION('',(0.405499112454,-0.579284446363,-0.707106781187));
#7409 = DIRECTION('',(0.819231920519,0.573462344363,2.775557561563E-17)
  );
#7410 = DEFINITIONAL_REPRESENTATION('',(#7411),#7415);
#7411 = LINE('',#7412,#7413);
#7412 = CARTESIAN_POINT('',(3.131522818833E-15,-0.247487373415));
#7413 = VECTOR('',#7414,1.);
#7414 = DIRECTION('',(-9.139614672897E-17,1.));
#7415 = ( GEOMETRIC_REPRESENTATION_CONTEXT(2) 
PARAMETRIC_REPRESENTATION_CONTEXT() REPRESENTATION_CONTEXT('2D SPACE',''
  ) );
#7416 = ORIENTED_EDGE('',*,*,#7417,.F.);
#7417 = EDGE_CURVE('',#7313,#7390,#7418,.T.);
#7418 = SURFACE_CURVE('',#7419,(#7424,#7431),.PCURVE_S1.);
#7419 = CIRCLE('',#7420,1.65);
#7420 = AXIS2_PLACEMENT_3D('',#7421,#7422,#7423);
#7421 = CARTESIAN_POINT('',(51.130444461638,1.9,7.8));
#7422 = DIRECTION('',(0.,0.,1.));
#7423 = DIRECTION('',(0.,1.,-0.));
#7424 = PCURVE('',#7328,#7425);
#7425 = DEFINITIONAL_REPRESENTATION('',(#7426),#7430);
#7426 = LINE('',#7427,#7428);
#7427 = CARTESIAN_POINT('',(-0.,-0.35));
#7428 = VECTOR('',#7429,1.);
#7429 = DIRECTION('',(-1.,-0.));
#7430 = ( GEOMETRIC_REPRESENTATION_CONTEXT(2) 
PARAMETRIC_REPRESENTATION_CONTEXT() REPRESENTATION_CONTEXT('2D SPACE',''
  ) );
#7431 = PCURVE('',#6961,#7432);
#7432 = DEFINITIONAL_REPRESENTATION('',(#7433),#7437);
#7433 = CIRCLE('',#7434,1.65);
#7434 = AXIS2_PLACEMENT_2D('',#7435,#7436);
#7435 = CARTESIAN_POINT('',(14.890858669447,12.33702251476));
#7436 = DIRECTION('',(0.,1.));
#7437 = ( GEOMETRIC_REPRESENTATION_CONTEXT(2) 
PARAMETRIC_REPRESENTATION_CONTEXT() REPRESENTATION_CONTEXT('2D SPACE',''
  ) );
#7438 = ADVANCED_FACE('',(#7439),#7405,.F.);
#7439 = FACE_BOUND('',#7440,.T.);
#7440 = EDGE_LOOP('',(#7441,#7442,#7465,#7493));
#7441 = ORIENTED_EDGE('',*,*,#7389,.F.);
#7442 = ORIENTED_EDGE('',*,*,#7443,.T.);
#7443 = EDGE_CURVE('',#7366,#7444,#7446,.T.);
#7444 = VERTEX_POINT('',#7445);
#7445 = CARTESIAN_POINT('',(49.016480227088,2.861536158962,7.45));
#7446 = SURFACE_CURVE('',#7447,(#7451,#7458),.PCURVE_S1.);
#7447 = LINE('',#7448,#7449);
#7448 = CARTESIAN_POINT('',(49.983519772912,3.538463841038,7.45));
#7449 = VECTOR('',#7450,1.);
#7450 = DIRECTION('',(-0.819231920519,-0.573462344363,0.));
#7451 = PCURVE('',#7405,#7452);
#7452 = DEFINITIONAL_REPRESENTATION('',(#7453),#7457);
#7453 = LINE('',#7454,#7455);
#7454 = CARTESIAN_POINT('',(2.118444308863E-15,-0.247487373415));
#7455 = VECTOR('',#7456,1.);
#7456 = DIRECTION('',(-1.,-8.326672684689E-17));
#7457 = ( GEOMETRIC_REPRESENTATION_CONTEXT(2) 
PARAMETRIC_REPRESENTATION_CONTEXT() REPRESENTATION_CONTEXT('2D SPACE',''
  ) );
#7458 = PCURVE('',#6056,#7459);
#7459 = DEFINITIONAL_REPRESENTATION('',(#7460),#7464);
#7460 = LINE('',#7461,#7462);
#7461 = CARTESIAN_POINT('',(0.630444461638,-3.05));
#7462 = VECTOR('',#7463,1.);
#7463 = DIRECTION('',(1.,0.));
#7464 = ( GEOMETRIC_REPRESENTATION_CONTEXT(2) 
PARAMETRIC_REPRESENTATION_CONTEXT() REPRESENTATION_CONTEXT('2D SPACE',''
  ) );
#7465 = ORIENTED_EDGE('',*,*,#7466,.T.);
#7466 = EDGE_CURVE('',#7444,#7467,#7469,.T.);
#7467 = VERTEX_POINT('',#7468);
#7468 = CARTESIAN_POINT('',(49.217192047616,2.57480498678,7.8));
#7469 = SURFACE_CURVE('',#7470,(#7474,#7481),.PCURVE_S1.);
#7470 = LINE('',#7471,#7472);
#7471 = CARTESIAN_POINT('',(49.116836137352,2.718170572871,7.625));
#7472 = VECTOR('',#7473,1.);
#7473 = DIRECTION('',(0.405499112454,-0.579284446363,0.707106781187));
#7474 = PCURVE('',#7405,#7475);
#7475 = DEFINITIONAL_REPRESENTATION('',(#7476),#7480);
#7476 = LINE('',#7477,#7478);
#7477 = CARTESIAN_POINT('',(-1.18042219987,-1.516215403174E-15));
#7478 = VECTOR('',#7479,1.);
#7479 = DIRECTION('',(1.962615573355E-17,1.));
#7480 = ( GEOMETRIC_REPRESENTATION_CONTEXT(2) 
PARAMETRIC_REPRESENTATION_CONTEXT() REPRESENTATION_CONTEXT('2D SPACE',''
  ) );
#7481 = PCURVE('',#7482,#7487);
#7482 = CONICAL_SURFACE('',#7483,2.,0.785398163397);
#7483 = AXIS2_PLACEMENT_3D('',#7484,#7485,#7486);
#7484 = CARTESIAN_POINT('',(47.869555538362,4.5,7.45));
#7485 = DIRECTION('',(0.,0.,1.));
#7486 = DIRECTION('',(0.573462344363,-0.819231920519,0.));
#7487 = DEFINITIONAL_REPRESENTATION('',(#7488),#7492);
#7488 = LINE('',#7489,#7490);
#7489 = CARTESIAN_POINT('',(-0.,0.175));
#7490 = VECTOR('',#7491,1.);
#7491 = DIRECTION('',(-0.,1.));
#7492 = ( GEOMETRIC_REPRESENTATION_CONTEXT(2) 
PARAMETRIC_REPRESENTATION_CONTEXT() REPRESENTATION_CONTEXT('2D SPACE',''
  ) );
#7493 = ORIENTED_EDGE('',*,*,#7494,.F.);
#7494 = EDGE_CURVE('',#7390,#7467,#7495,.T.);
#7495 = SURFACE_CURVE('',#7496,(#7500,#7507),.PCURVE_S1.);
#7496 = LINE('',#7497,#7498);
#7497 = CARTESIAN_POINT('',(50.184231593439,3.251732668856,7.8));
#7498 = VECTOR('',#7499,1.);
#7499 = DIRECTION('',(-0.819231920519,-0.573462344363,0.));
#7500 = PCURVE('',#7405,#7501);
#7501 = DEFINITIONAL_REPRESENTATION('',(#7502),#7506);
#7502 = LINE('',#7503,#7504);
#7503 = CARTESIAN_POINT('',(4.72330508039E-15,0.247487373415));
#7504 = VECTOR('',#7505,1.);
#7505 = DIRECTION('',(-1.,-8.326672684689E-17));
#7506 = ( GEOMETRIC_REPRESENTATION_CONTEXT(2) 
PARAMETRIC_REPRESENTATION_CONTEXT() REPRESENTATION_CONTEXT('2D SPACE',''
  ) );
#7507 = PCURVE('',#6961,#7508);
#7508 = DEFINITIONAL_REPRESENTATION('',(#7509),#7513);
#7509 = LINE('',#7510,#7511);
#7510 = CARTESIAN_POINT('',(13.944645801247,13.688755183616));
#7511 = VECTOR('',#7512,1.);
#7512 = DIRECTION('',(-0.819231920519,-0.573462344363));
#7513 = ( GEOMETRIC_REPRESENTATION_CONTEXT(2) 
PARAMETRIC_REPRESENTATION_CONTEXT() REPRESENTATION_CONTEXT('2D SPACE',''
  ) );
#7514 = ADVANCED_FACE('',(#7515),#7482,.F.);
#7515 = FACE_BOUND('',#7516,.T.);
#7516 = EDGE_LOOP('',(#7517,#7518,#7542,#7570));
#7517 = ORIENTED_EDGE('',*,*,#7466,.F.);
#7518 = ORIENTED_EDGE('',*,*,#7519,.T.);
#7519 = EDGE_CURVE('',#7444,#7520,#7522,.T.);
#7520 = VERTEX_POINT('',#7521);
#7521 = CARTESIAN_POINT('',(47.869555538362,2.5,7.45));
#7522 = SURFACE_CURVE('',#7523,(#7528,#7535),.PCURVE_S1.);
#7523 = CIRCLE('',#7524,2.);
#7524 = AXIS2_PLACEMENT_3D('',#7525,#7526,#7527);
#7525 = CARTESIAN_POINT('',(47.869555538362,4.5,7.45));
#7526 = DIRECTION('',(0.,-0.,-1.));
#7527 = DIRECTION('',(0.573462344363,-0.819231920519,0.));
#7528 = PCURVE('',#7482,#7529);
#7529 = DEFINITIONAL_REPRESENTATION('',(#7530),#7534);
#7530 = LINE('',#7531,#7532);
#7531 = CARTESIAN_POINT('',(-0.,0.));
#7532 = VECTOR('',#7533,1.);
#7533 = DIRECTION('',(-1.,0.));
#7534 = ( GEOMETRIC_REPRESENTATION_CONTEXT(2) 
PARAMETRIC_REPRESENTATION_CONTEXT() REPRESENTATION_CONTEXT('2D SPACE',''
  ) );
#7535 = PCURVE('',#6089,#7536);
#7536 = DEFINITIONAL_REPRESENTATION('',(#7537),#7541);
#7537 = LINE('',#7538,#7539);
#7538 = CARTESIAN_POINT('',(-0.,3.05));
#7539 = VECTOR('',#7540,1.);
#7540 = DIRECTION('',(-1.,0.));
#7541 = ( GEOMETRIC_REPRESENTATION_CONTEXT(2) 
PARAMETRIC_REPRESENTATION_CONTEXT() REPRESENTATION_CONTEXT('2D SPACE',''
  ) );
#7542 = ORIENTED_EDGE('',*,*,#7543,.T.);
#7543 = EDGE_CURVE('',#7520,#7544,#7546,.T.);
#7544 = VERTEX_POINT('',#7545);
#7545 = CARTESIAN_POINT('',(47.869555538362,2.15,7.8));
#7546 = SURFACE_CURVE('',#7547,(#7551,#7558),.PCURVE_S1.);
#7547 = LINE('',#7548,#7549);
#7548 = CARTESIAN_POINT('',(47.869555538362,2.5,7.45));
#7549 = VECTOR('',#7550,1.);
#7550 = DIRECTION('',(0.,-0.707106781187,0.707106781187));
#7551 = PCURVE('',#7482,#7552);
#7552 = DEFINITIONAL_REPRESENTATION('',(#7553),#7557);
#7553 = LINE('',#7554,#7555);
#7554 = CARTESIAN_POINT('',(-0.610725964389,0.));
#7555 = VECTOR('',#7556,1.);
#7556 = DIRECTION('',(-0.,1.));
#7557 = ( GEOMETRIC_REPRESENTATION_CONTEXT(2) 
PARAMETRIC_REPRESENTATION_CONTEXT() REPRESENTATION_CONTEXT('2D SPACE',''
  ) );
#7558 = PCURVE('',#7559,#7564);
#7559 = PLANE('',#7560);
#7560 = AXIS2_PLACEMENT_3D('',#7561,#7562,#7563);
#7561 = CARTESIAN_POINT('',(47.869555538362,2.325,7.625));
#7562 = DIRECTION('',(0.,-0.707106781187,-0.707106781187));
#7563 = DIRECTION('',(1.,0.,-0.));
#7564 = DEFINITIONAL_REPRESENTATION('',(#7565),#7569);
#7565 = LINE('',#7566,#7567);
#7566 = CARTESIAN_POINT('',(-0.,-0.247487373415));
#7567 = VECTOR('',#7568,1.);
#7568 = DIRECTION('',(-0.,1.));
#7569 = ( GEOMETRIC_REPRESENTATION_CONTEXT(2) 
PARAMETRIC_REPRESENTATION_CONTEXT() REPRESENTATION_CONTEXT('2D SPACE',''
  ) );
#7570 = ORIENTED_EDGE('',*,*,#7571,.F.);
#7571 = EDGE_CURVE('',#7467,#7544,#7572,.T.);
#7572 = SURFACE_CURVE('',#7573,(#7578,#7585),.PCURVE_S1.);
#7573 = CIRCLE('',#7574,2.35);
#7574 = AXIS2_PLACEMENT_3D('',#7575,#7576,#7577);
#7575 = CARTESIAN_POINT('',(47.869555538362,4.5,7.8));
#7576 = DIRECTION('',(0.,-0.,-1.));
#7577 = DIRECTION('',(0.573462344363,-0.819231920519,0.));
#7578 = PCURVE('',#7482,#7579);
#7579 = DEFINITIONAL_REPRESENTATION('',(#7580),#7584);
#7580 = LINE('',#7581,#7582);
#7581 = CARTESIAN_POINT('',(-0.,0.35));
#7582 = VECTOR('',#7583,1.);
#7583 = DIRECTION('',(-1.,0.));
#7584 = ( GEOMETRIC_REPRESENTATION_CONTEXT(2) 
PARAMETRIC_REPRESENTATION_CONTEXT() REPRESENTATION_CONTEXT('2D SPACE',''
  ) );
#7585 = PCURVE('',#6961,#7586);
#7586 = DEFINITIONAL_REPRESENTATION('',(#7587),#7595);
#7587 = ( BOUNDED_CURVE() B_SPLINE_CURVE(2,(#7588,#7589,#7590,#7591,
#7592,#7593,#7594),.UNSPECIFIED.,.T.,.F.) B_SPLINE_CURVE_WITH_KNOTS((1,2
    ,2,2,2,1),(-2.094395102393,0.,2.094395102393,4.188790204786,
6.28318530718,8.377580409573),.UNSPECIFIED.) CURVE() 
GEOMETRIC_REPRESENTATION_ITEM() RATIONAL_B_SPLINE_CURVE((1.,0.5,1.,0.5,
1.,0.5,1.)) REPRESENTATION_ITEM('') );
#7588 = CARTESIAN_POINT('',(12.977606255424,13.01182750154));
#7589 = CARTESIAN_POINT('',(9.643070678049,10.677652597378));
#7590 = CARTESIAN_POINT('',(9.288883702856,14.732532569288));
#7591 = CARTESIAN_POINT('',(8.934696727663,18.787412541199));
#7592 = CARTESIAN_POINT('',(12.623419280231,17.066707473451));
#7593 = CARTESIAN_POINT('',(16.312141832799,15.346002405702));
#7594 = CARTESIAN_POINT('',(12.977606255424,13.01182750154));
#7595 = ( GEOMETRIC_REPRESENTATION_CONTEXT(2) 
PARAMETRIC_REPRESENTATION_CONTEXT() REPRESENTATION_CONTEXT('2D SPACE',''
  ) );
#7596 = ADVANCED_FACE('',(#7597),#7559,.F.);
#7597 = FACE_BOUND('',#7598,.T.);
#7598 = EDGE_LOOP('',(#7599,#7600,#7623,#7651));
#7599 = ORIENTED_EDGE('',*,*,#7543,.F.);
#7600 = ORIENTED_EDGE('',*,*,#7601,.T.);
#7601 = EDGE_CURVE('',#7520,#7602,#7604,.T.);
#7602 = VERTEX_POINT('',#7603);
#7603 = CARTESIAN_POINT('',(-0.5,2.5,7.45));
#7604 = SURFACE_CURVE('',#7605,(#7609,#7616),.PCURVE_S1.);
#7605 = LINE('',#7606,#7607);
#7606 = CARTESIAN_POINT('',(47.869555538362,2.5,7.45));
#7607 = VECTOR('',#7608,1.);
#7608 = DIRECTION('',(-1.,0.,0.));
#7609 = PCURVE('',#7559,#7610);
#7610 = DEFINITIONAL_REPRESENTATION('',(#7611),#7615);
#7611 = LINE('',#7612,#7613);
#7612 = CARTESIAN_POINT('',(-0.,-0.247487373415));
#7613 = VECTOR('',#7614,1.);
#7614 = DIRECTION('',(-1.,0.));
#7615 = ( GEOMETRIC_REPRESENTATION_CONTEXT(2) 
PARAMETRIC_REPRESENTATION_CONTEXT() REPRESENTATION_CONTEXT('2D SPACE',''
  ) );
#7616 = PCURVE('',#6117,#7617);
#7617 = DEFINITIONAL_REPRESENTATION('',(#7618),#7622);
#7618 = LINE('',#7619,#7620);
#7619 = CARTESIAN_POINT('',(0.630444461638,-3.05));
#7620 = VECTOR('',#7621,1.);
#7621 = DIRECTION('',(1.,0.));
#7622 = ( GEOMETRIC_REPRESENTATION_CONTEXT(2) 
PARAMETRIC_REPRESENTATION_CONTEXT() REPRESENTATION_CONTEXT('2D SPACE',''
  ) );
#7623 = ORIENTED_EDGE('',*,*,#7624,.T.);
#7624 = EDGE_CURVE('',#7602,#7625,#7627,.T.);
#7625 = VERTEX_POINT('',#7626);
#7626 = CARTESIAN_POINT('',(-0.5,2.15,7.8));
#7627 = SURFACE_CURVE('',#7628,(#7632,#7639),.PCURVE_S1.);
#7628 = LINE('',#7629,#7630);
#7629 = CARTESIAN_POINT('',(-0.5,2.325,7.625));
#7630 = VECTOR('',#7631,1.);
#7631 = DIRECTION('',(0.,-0.707106781187,0.707106781187));
#7632 = PCURVE('',#7559,#7633);
#7633 = DEFINITIONAL_REPRESENTATION('',(#7634),#7638);
#7634 = LINE('',#7635,#7636);
#7635 = CARTESIAN_POINT('',(-48.36955553836,0.));
#7636 = VECTOR('',#7637,1.);
#7637 = DIRECTION('',(-0.,1.));
#7638 = ( GEOMETRIC_REPRESENTATION_CONTEXT(2) 
PARAMETRIC_REPRESENTATION_CONTEXT() REPRESENTATION_CONTEXT('2D SPACE',''
  ) );
#7639 = PCURVE('',#7640,#7645);
#7640 = CONICAL_SURFACE('',#7641,2.,0.785398163397);
#7641 = AXIS2_PLACEMENT_3D('',#7642,#7643,#7644);
#7642 = CARTESIAN_POINT('',(-0.5,0.5,7.45));
#7643 = DIRECTION('',(-0.,-0.,-1.));
#7644 = DIRECTION('',(-1.110223024625E-16,1.,0.));
#7645 = DEFINITIONAL_REPRESENTATION('',(#7646),#7650);
#7646 = LINE('',#7647,#7648);
#7647 = CARTESIAN_POINT('',(-0.,-0.175));
#7648 = VECTOR('',#7649,1.);
#7649 = DIRECTION('',(-0.,-1.));
#7650 = ( GEOMETRIC_REPRESENTATION_CONTEXT(2) 
PARAMETRIC_REPRESENTATION_CONTEXT() REPRESENTATION_CONTEXT('2D SPACE',''
  ) );
#7651 = ORIENTED_EDGE('',*,*,#7652,.F.);
#7652 = EDGE_CURVE('',#7544,#7625,#7653,.T.);
#7653 = SURFACE_CURVE('',#7654,(#7658,#7665),.PCURVE_S1.);
#7654 = LINE('',#7655,#7656);
#7655 = CARTESIAN_POINT('',(47.869555538362,2.15,7.8));
#7656 = VECTOR('',#7657,1.);
#7657 = DIRECTION('',(-1.,0.,0.));
#7658 = PCURVE('',#7559,#7659);
#7659 = DEFINITIONAL_REPRESENTATION('',(#7660),#7664);
#7660 = LINE('',#7661,#7662);
#7661 = CARTESIAN_POINT('',(-0.,0.247487373415));
#7662 = VECTOR('',#7663,1.);
#7663 = DIRECTION('',(-1.,0.));
#7664 = ( GEOMETRIC_REPRESENTATION_CONTEXT(2) 
PARAMETRIC_REPRESENTATION_CONTEXT() REPRESENTATION_CONTEXT('2D SPACE',''
  ) );
#7665 = PCURVE('',#6961,#7666);
#7666 = DEFINITIONAL_REPRESENTATION('',(#7667),#7671);
#7667 = LINE('',#7668,#7669);
#7668 = CARTESIAN_POINT('',(11.62996974617,12.58702251476));
#7669 = VECTOR('',#7670,1.);
#7670 = DIRECTION('',(-1.,0.));
#7671 = ( GEOMETRIC_REPRESENTATION_CONTEXT(2) 
PARAMETRIC_REPRESENTATION_CONTEXT() REPRESENTATION_CONTEXT('2D SPACE',''
  ) );
#7672 = ADVANCED_FACE('',(#7673),#7640,.T.);
#7673 = FACE_BOUND('',#7674,.T.);
#7674 = EDGE_LOOP('',(#7675,#7676,#7698,#7721));
#7675 = ORIENTED_EDGE('',*,*,#7624,.F.);
#7676 = ORIENTED_EDGE('',*,*,#7677,.T.);
#7677 = EDGE_CURVE('',#7602,#318,#7678,.T.);
#7678 = SURFACE_CURVE('',#7679,(#7684,#7691),.PCURVE_S1.);
#7679 = CIRCLE('',#7680,2.);
#7680 = AXIS2_PLACEMENT_3D('',#7681,#7682,#7683);
#7681 = CARTESIAN_POINT('',(-0.5,0.5,7.45));
#7682 = DIRECTION('',(0.,0.,1.));
#7683 = DIRECTION('',(-1.110223024625E-16,1.,0.));
#7684 = PCURVE('',#7640,#7685);
#7685 = DEFINITIONAL_REPRESENTATION('',(#7686),#7690);
#7686 = LINE('',#7687,#7688);
#7687 = CARTESIAN_POINT('',(-0.,-0.));
#7688 = VECTOR('',#7689,1.);
#7689 = DIRECTION('',(-1.,-0.));
#7690 = ( GEOMETRIC_REPRESENTATION_CONTEXT(2) 
PARAMETRIC_REPRESENTATION_CONTEXT() REPRESENTATION_CONTEXT('2D SPACE',''
  ) );
#7691 = PCURVE('',#333,#7692);
#7692 = DEFINITIONAL_REPRESENTATION('',(#7693),#7697);
#7693 = LINE('',#7694,#7695);
#7694 = CARTESIAN_POINT('',(0.,3.05));
#7695 = VECTOR('',#7696,1.);
#7696 = DIRECTION('',(1.,0.));
#7697 = ( GEOMETRIC_REPRESENTATION_CONTEXT(2) 
PARAMETRIC_REPRESENTATION_CONTEXT() REPRESENTATION_CONTEXT('2D SPACE',''
  ) );
#7698 = ORIENTED_EDGE('',*,*,#7699,.T.);
#7699 = EDGE_CURVE('',#318,#7700,#7702,.T.);
#7700 = VERTEX_POINT('',#7701);
#7701 = CARTESIAN_POINT('',(-2.15,0.5,7.8));
#7702 = SURFACE_CURVE('',#7703,(#7707,#7714),.PCURVE_S1.);
#7703 = LINE('',#7704,#7705);
#7704 = CARTESIAN_POINT('',(-2.5,0.5,7.45));
#7705 = VECTOR('',#7706,1.);
#7706 = DIRECTION('',(0.707106781187,3.520682012241E-17,0.707106781187)
  );
#7707 = PCURVE('',#7640,#7708);
#7708 = DEFINITIONAL_REPRESENTATION('',(#7709),#7713);
#7709 = LINE('',#7710,#7711);
#7710 = CARTESIAN_POINT('',(-1.570796326795,-0.));
#7711 = VECTOR('',#7712,1.);
#7712 = DIRECTION('',(-0.,-1.));
#7713 = ( GEOMETRIC_REPRESENTATION_CONTEXT(2) 
PARAMETRIC_REPRESENTATION_CONTEXT() REPRESENTATION_CONTEXT('2D SPACE',''
  ) );
#7714 = PCURVE('',#359,#7715);
#7715 = DEFINITIONAL_REPRESENTATION('',(#7716),#7720);
#7716 = LINE('',#7717,#7718);
#7717 = CARTESIAN_POINT('',(-1.110223024625E-16,-0.247487373415));
#7718 = VECTOR('',#7719,1.);
#7719 = DIRECTION('',(3.520682012241E-17,1.));
#7720 = ( GEOMETRIC_REPRESENTATION_CONTEXT(2) 
PARAMETRIC_REPRESENTATION_CONTEXT() REPRESENTATION_CONTEXT('2D SPACE',''
  ) );
#7721 = ORIENTED_EDGE('',*,*,#7722,.F.);
#7722 = EDGE_CURVE('',#7625,#7700,#7723,.T.);
#7723 = SURFACE_CURVE('',#7724,(#7729,#7736),.PCURVE_S1.);
#7724 = CIRCLE('',#7725,1.65);
#7725 = AXIS2_PLACEMENT_3D('',#7726,#7727,#7728);
#7726 = CARTESIAN_POINT('',(-0.5,0.5,7.8));
#7727 = DIRECTION('',(0.,0.,1.));
#7728 = DIRECTION('',(-1.110223024625E-16,1.,0.));
#7729 = PCURVE('',#7640,#7730);
#7730 = DEFINITIONAL_REPRESENTATION('',(#7731),#7735);
#7731 = LINE('',#7732,#7733);
#7732 = CARTESIAN_POINT('',(-0.,-0.35));
#7733 = VECTOR('',#7734,1.);
#7734 = DIRECTION('',(-1.,-0.));
#7735 = ( GEOMETRIC_REPRESENTATION_CONTEXT(2) 
PARAMETRIC_REPRESENTATION_CONTEXT() REPRESENTATION_CONTEXT('2D SPACE',''
  ) );
#7736 = PCURVE('',#6961,#7737);
#7737 = DEFINITIONAL_REPRESENTATION('',(#7738),#7742);
#7738 = CIRCLE('',#7739,1.65);
#7739 = AXIS2_PLACEMENT_2D('',#7740,#7741);
#7740 = CARTESIAN_POINT('',(-36.73958579219,10.93702251476));
#7741 = DIRECTION('',(-1.110223024625E-16,1.));
#7742 = ( GEOMETRIC_REPRESENTATION_CONTEXT(2) 
PARAMETRIC_REPRESENTATION_CONTEXT() REPRESENTATION_CONTEXT('2D SPACE',''
  ) );
#7743 = ADVANCED_FACE('',(#7744,#7877,#7912,#7947,#8049),#6961,.T.);
#7744 = FACE_BOUND('',#7745,.T.);
#7745 = EDGE_LOOP('',(#7746,#7771,#7800,#7821,#7822,#7823,#7824,#7825,
    #7826,#7827,#7828,#7829,#7830,#7831,#7832,#7855));
#7746 = ORIENTED_EDGE('',*,*,#7747,.T.);
#7747 = EDGE_CURVE('',#7748,#7750,#7752,.T.);
#7748 = VERTEX_POINT('',#7749);
#7749 = CARTESIAN_POINT('',(-0.5,-23.35,7.8));
#7750 = VERTEX_POINT('',#7751);
#7751 = CARTESIAN_POINT('',(72.8,-23.35,7.8));
#7752 = SURFACE_CURVE('',#7753,(#7757,#7764),.PCURVE_S1.);
#7753 = LINE('',#7754,#7755);
#7754 = CARTESIAN_POINT('',(-0.5,-23.35,7.8));
#7755 = VECTOR('',#7756,1.);
#7756 = DIRECTION('',(1.,0.,0.));
#7757 = PCURVE('',#6961,#7758);
#7758 = DEFINITIONAL_REPRESENTATION('',(#7759),#7763);
#7759 = LINE('',#7760,#7761);
#7760 = CARTESIAN_POINT('',(-36.73958579219,-12.91297748524));
#7761 = VECTOR('',#7762,1.);
#7762 = DIRECTION('',(1.,0.));
#7763 = ( GEOMETRIC_REPRESENTATION_CONTEXT(2) 
PARAMETRIC_REPRESENTATION_CONTEXT() REPRESENTATION_CONTEXT('2D SPACE',''
  ) );
#7764 = PCURVE('',#98,#7765);
#7765 = DEFINITIONAL_REPRESENTATION('',(#7766),#7770);
#7766 = LINE('',#7767,#7768);
#7767 = CARTESIAN_POINT('',(4.814824860968E-34,0.247487373415));
#7768 = VECTOR('',#7769,1.);
#7769 = DIRECTION('',(-1.,0.));
#7770 = ( GEOMETRIC_REPRESENTATION_CONTEXT(2) 
PARAMETRIC_REPRESENTATION_CONTEXT() REPRESENTATION_CONTEXT('2D SPACE',''
  ) );
#7771 = ORIENTED_EDGE('',*,*,#7772,.T.);
#7772 = EDGE_CURVE('',#7750,#7773,#7775,.T.);
#7773 = VERTEX_POINT('',#7774);
#7774 = CARTESIAN_POINT('',(74.45,-21.7,7.8));
#7775 = SURFACE_CURVE('',#7776,(#7781,#7788),.PCURVE_S1.);
#7776 = CIRCLE('',#7777,1.65);
#7777 = AXIS2_PLACEMENT_3D('',#7778,#7779,#7780);
#7778 = CARTESIAN_POINT('',(72.8,-21.7,7.8));
#7779 = DIRECTION('',(0.,0.,1.));
#7780 = DIRECTION('',(0.,-1.,0.));
#7781 = PCURVE('',#6961,#7782);
#7782 = DEFINITIONAL_REPRESENTATION('',(#7783),#7787);
#7783 = CIRCLE('',#7784,1.65);
#7784 = AXIS2_PLACEMENT_2D('',#7785,#7786);
#7785 = CARTESIAN_POINT('',(36.560414207808,-11.26297748524));
#7786 = DIRECTION('',(0.,-1.));
#7787 = ( GEOMETRIC_REPRESENTATION_CONTEXT(2) 
PARAMETRIC_REPRESENTATION_CONTEXT() REPRESENTATION_CONTEXT('2D SPACE',''
  ) );
#7788 = PCURVE('',#7789,#7794);
#7789 = CONICAL_SURFACE('',#7790,2.,0.785398163397);
#7790 = AXIS2_PLACEMENT_3D('',#7791,#7792,#7793);
#7791 = CARTESIAN_POINT('',(72.8,-21.7,7.45));
#7792 = DIRECTION('',(-0.,-0.,-1.));
#7793 = DIRECTION('',(0.,-1.,0.));
#7794 = DEFINITIONAL_REPRESENTATION('',(#7795),#7799);
#7795 = LINE('',#7796,#7797);
#7796 = CARTESIAN_POINT('',(-0.,-0.35));
#7797 = VECTOR('',#7798,1.);
#7798 = DIRECTION('',(-1.,-0.));
#7799 = ( GEOMETRIC_REPRESENTATION_CONTEXT(2) 
PARAMETRIC_REPRESENTATION_CONTEXT() REPRESENTATION_CONTEXT('2D SPACE',''
  ) );
#7800 = ORIENTED_EDGE('',*,*,#7801,.T.);
#7801 = EDGE_CURVE('',#7773,#6890,#7802,.T.);
#7802 = SURFACE_CURVE('',#7803,(#7807,#7814),.PCURVE_S1.);
#7803 = LINE('',#7804,#7805);
#7804 = CARTESIAN_POINT('',(74.45,-21.7,7.8));
#7805 = VECTOR('',#7806,1.);
#7806 = DIRECTION('',(0.,1.,0.));
#7807 = PCURVE('',#6961,#7808);
#7808 = DEFINITIONAL_REPRESENTATION('',(#7809),#7813);
#7809 = LINE('',#7810,#7811);
#7810 = CARTESIAN_POINT('',(38.210414207808,-11.26297748524));
#7811 = VECTOR('',#7812,1.);
#7812 = DIRECTION('',(0.,1.));
#7813 = ( GEOMETRIC_REPRESENTATION_CONTEXT(2) 
PARAMETRIC_REPRESENTATION_CONTEXT() REPRESENTATION_CONTEXT('2D SPACE',''
  ) );
#7814 = PCURVE('',#6905,#7815);
#7815 = DEFINITIONAL_REPRESENTATION('',(#7816),#7820);
#7816 = LINE('',#7817,#7818);
#7817 = CARTESIAN_POINT('',(-0.,0.247487373415));
#7818 = VECTOR('',#7819,1.);
#7819 = DIRECTION('',(-1.,0.));
#7820 = ( GEOMETRIC_REPRESENTATION_CONTEXT(2) 
PARAMETRIC_REPRESENTATION_CONTEXT() REPRESENTATION_CONTEXT('2D SPACE',''
  ) );
#7821 = ORIENTED_EDGE('',*,*,#6946,.T.);
#7822 = ORIENTED_EDGE('',*,*,#7028,.T.);
#7823 = ORIENTED_EDGE('',*,*,#7105,.T.);
#7824 = ORIENTED_EDGE('',*,*,#7186,.T.);
#7825 = ORIENTED_EDGE('',*,*,#7263,.T.);
#7826 = ORIENTED_EDGE('',*,*,#7340,.T.);
#7827 = ORIENTED_EDGE('',*,*,#7417,.T.);
#7828 = ORIENTED_EDGE('',*,*,#7494,.T.);
#7829 = ORIENTED_EDGE('',*,*,#7571,.T.);
#7830 = ORIENTED_EDGE('',*,*,#7652,.T.);
#7831 = ORIENTED_EDGE('',*,*,#7722,.T.);
#7832 = ORIENTED_EDGE('',*,*,#7833,.T.);
#7833 = EDGE_CURVE('',#7700,#7834,#7836,.T.);
#7834 = VERTEX_POINT('',#7835);
#7835 = CARTESIAN_POINT('',(-2.15,-21.7,7.8));
#7836 = SURFACE_CURVE('',#7837,(#7841,#7848),.PCURVE_S1.);
#7837 = LINE('',#7838,#7839);
#7838 = CARTESIAN_POINT('',(-2.15,0.5,7.8));
#7839 = VECTOR('',#7840,1.);
#7840 = DIRECTION('',(0.,-1.,0.));
#7841 = PCURVE('',#6961,#7842);
#7842 = DEFINITIONAL_REPRESENTATION('',(#7843),#7847);
#7843 = LINE('',#7844,#7845);
#7844 = CARTESIAN_POINT('',(-38.38958579219,10.93702251476));
#7845 = VECTOR('',#7846,1.);
#7846 = DIRECTION('',(0.,-1.));
#7847 = ( GEOMETRIC_REPRESENTATION_CONTEXT(2) 
PARAMETRIC_REPRESENTATION_CONTEXT() REPRESENTATION_CONTEXT('2D SPACE',''
  ) );
#7848 = PCURVE('',#359,#7849);
#7849 = DEFINITIONAL_REPRESENTATION('',(#7850),#7854);
#7850 = LINE('',#7851,#7852);
#7851 = CARTESIAN_POINT('',(-0.,0.247487373415));
#7852 = VECTOR('',#7853,1.);
#7853 = DIRECTION('',(-1.,0.));
#7854 = ( GEOMETRIC_REPRESENTATION_CONTEXT(2) 
PARAMETRIC_REPRESENTATION_CONTEXT() REPRESENTATION_CONTEXT('2D SPACE',''
  ) );
#7855 = ORIENTED_EDGE('',*,*,#7856,.T.);
#7856 = EDGE_CURVE('',#7834,#7748,#7857,.T.);
#7857 = SURFACE_CURVE('',#7858,(#7863,#7870),.PCURVE_S1.);
#7858 = CIRCLE('',#7859,1.65);
#7859 = AXIS2_PLACEMENT_3D('',#7860,#7861,#7862);
#7860 = CARTESIAN_POINT('',(-0.5,-21.7,7.8));
#7861 = DIRECTION('',(0.,0.,1.));
#7862 = DIRECTION('',(-1.,0.,0.));
#7863 = PCURVE('',#6961,#7864);
#7864 = DEFINITIONAL_REPRESENTATION('',(#7865),#7869);
#7865 = CIRCLE('',#7866,1.65);
#7866 = AXIS2_PLACEMENT_2D('',#7867,#7868);
#7867 = CARTESIAN_POINT('',(-36.73958579219,-11.26297748524));
#7868 = DIRECTION('',(-1.,0.));
#7869 = ( GEOMETRIC_REPRESENTATION_CONTEXT(2) 
PARAMETRIC_REPRESENTATION_CONTEXT() REPRESENTATION_CONTEXT('2D SPACE',''
  ) );
#7870 = PCURVE('',#240,#7871);
#7871 = DEFINITIONAL_REPRESENTATION('',(#7872),#7876);
#7872 = LINE('',#7873,#7874);
#7873 = CARTESIAN_POINT('',(-0.,-0.35));
#7874 = VECTOR('',#7875,1.);
#7875 = DIRECTION('',(-1.,-0.));
#7876 = ( GEOMETRIC_REPRESENTATION_CONTEXT(2) 
PARAMETRIC_REPRESENTATION_CONTEXT() REPRESENTATION_CONTEXT('2D SPACE',''
  ) );
#7877 = FACE_BOUND('',#7878,.T.);
#7878 = EDGE_LOOP('',(#7879));
#7879 = ORIENTED_EDGE('',*,*,#7880,.T.);
#7880 = EDGE_CURVE('',#7881,#7881,#7883,.T.);
#7881 = VERTEX_POINT('',#7882);
#7882 = CARTESIAN_POINT('',(50.499,-15.875,7.8));
#7883 = SURFACE_CURVE('',#7884,(#7889,#7900),.PCURVE_S1.);
#7884 = CIRCLE('',#7885,1.35);
#7885 = AXIS2_PLACEMENT_3D('',#7886,#7887,#7888);
#7886 = CARTESIAN_POINT('',(49.149,-15.875,7.8));
#7887 = DIRECTION('',(0.,0.,-1.));
#7888 = DIRECTION('',(1.,0.,0.));
#7889 = PCURVE('',#6961,#7890);
#7890 = DEFINITIONAL_REPRESENTATION('',(#7891),#7899);
#7891 = ( BOUNDED_CURVE() B_SPLINE_CURVE(2,(#7892,#7893,#7894,#7895,
#7896,#7897,#7898),.UNSPECIFIED.,.T.,.F.) B_SPLINE_CURVE_WITH_KNOTS((1,2
    ,2,2,2,1),(-2.094395102393,0.,2.094395102393,4.188790204786,
6.28318530718,8.377580409573),.UNSPECIFIED.) CURVE() 
GEOMETRIC_REPRESENTATION_ITEM() RATIONAL_B_SPLINE_CURVE((1.,0.5,1.,0.5,
1.,0.5,1.)) REPRESENTATION_ITEM('') );
#7892 = CARTESIAN_POINT('',(14.259414207808,-5.43797748524));
#7893 = CARTESIAN_POINT('',(14.259414207808,-7.776246075458));
#7894 = CARTESIAN_POINT('',(12.234414207808,-6.607111780349));
#7895 = CARTESIAN_POINT('',(10.209414207808,-5.43797748524));
#7896 = CARTESIAN_POINT('',(12.234414207808,-4.268843190131));
#7897 = CARTESIAN_POINT('',(14.259414207808,-3.099708895022));
#7898 = CARTESIAN_POINT('',(14.259414207808,-5.43797748524));
#7899 = ( GEOMETRIC_REPRESENTATION_CONTEXT(2) 
PARAMETRIC_REPRESENTATION_CONTEXT() REPRESENTATION_CONTEXT('2D SPACE',''
  ) );
#7900 = PCURVE('',#7901,#7906);
#7901 = CYLINDRICAL_SURFACE('',#7902,1.35);
#7902 = AXIS2_PLACEMENT_3D('',#7903,#7904,#7905);
#7903 = CARTESIAN_POINT('',(49.149,-15.875,7.55));
#7904 = DIRECTION('',(-0.,-0.,-1.));
#7905 = DIRECTION('',(1.,0.,0.));
#7906 = DEFINITIONAL_REPRESENTATION('',(#7907),#7911);
#7907 = LINE('',#7908,#7909);
#7908 = CARTESIAN_POINT('',(-6.28318530718,-0.25));
#7909 = VECTOR('',#7910,1.);
#7910 = DIRECTION('',(1.,-0.));
#7911 = ( GEOMETRIC_REPRESENTATION_CONTEXT(2) 
PARAMETRIC_REPRESENTATION_CONTEXT() REPRESENTATION_CONTEXT('2D SPACE',''
  ) );
#7912 = FACE_BOUND('',#7913,.T.);
#7913 = EDGE_LOOP('',(#7914));
#7914 = ORIENTED_EDGE('',*,*,#7915,.T.);
#7915 = EDGE_CURVE('',#7916,#7916,#7918,.T.);
#7916 = VERTEX_POINT('',#7917);
#7917 = CARTESIAN_POINT('',(63.492766952966,-14.732,7.8));
#7918 = SURFACE_CURVE('',#7919,(#7924,#7935),.PCURVE_S1.);
#7919 = CIRCLE('',#7920,3.167766952966);
#7920 = AXIS2_PLACEMENT_3D('',#7921,#7922,#7923);
#7921 = CARTESIAN_POINT('',(60.325,-14.732,7.8));
#7922 = DIRECTION('',(0.,0.,-1.));
#7923 = DIRECTION('',(1.,0.,0.));
#7924 = PCURVE('',#6961,#7925);
#7925 = DEFINITIONAL_REPRESENTATION('',(#7926),#7934);
#7926 = ( BOUNDED_CURVE() B_SPLINE_CURVE(2,(#7927,#7928,#7929,#7930,
#7931,#7932,#7933),.UNSPECIFIED.,.T.,.F.) B_SPLINE_CURVE_WITH_KNOTS((1,2
    ,2,2,2,1),(-2.094395102393,0.,2.094395102393,4.188790204786,
6.28318530718,8.377580409573),.UNSPECIFIED.) CURVE() 
GEOMETRIC_REPRESENTATION_ITEM() RATIONAL_B_SPLINE_CURVE((1.,0.5,1.,0.5,
1.,0.5,1.)) REPRESENTATION_ITEM('') );
#7927 = CARTESIAN_POINT('',(27.253181160775,-4.29497748524));
#7928 = CARTESIAN_POINT('',(27.253181160775,-9.781710794316));
#7929 = CARTESIAN_POINT('',(22.501530731325,-7.038344139778));
#7930 = CARTESIAN_POINT('',(17.749880301876,-4.29497748524));
#7931 = CARTESIAN_POINT('',(22.501530731325,-1.551610830703));
#7932 = CARTESIAN_POINT('',(27.253181160775,1.191755823835));
#7933 = CARTESIAN_POINT('',(27.253181160775,-4.29497748524));
#7934 = ( GEOMETRIC_REPRESENTATION_CONTEXT(2) 
PARAMETRIC_REPRESENTATION_CONTEXT() REPRESENTATION_CONTEXT('2D SPACE',''
  ) );
#7935 = PCURVE('',#7936,#7941);
#7936 = CYLINDRICAL_SURFACE('',#7937,3.167766952966);
#7937 = AXIS2_PLACEMENT_3D('',#7938,#7939,#7940);
#7938 = CARTESIAN_POINT('',(60.325,-14.732,3.4));
#7939 = DIRECTION('',(-0.,-0.,-1.));
#7940 = DIRECTION('',(1.,0.,0.));
#7941 = DEFINITIONAL_REPRESENTATION('',(#7942),#7946);
#7942 = LINE('',#7943,#7944);
#7943 = CARTESIAN_POINT('',(-6.28318530718,-4.4));
#7944 = VECTOR('',#7945,1.);
#7945 = DIRECTION('',(1.,-0.));
#7946 = ( GEOMETRIC_REPRESENTATION_CONTEXT(2) 
PARAMETRIC_REPRESENTATION_CONTEXT() REPRESENTATION_CONTEXT('2D SPACE',''
  ) );
#7947 = FACE_BOUND('',#7948,.T.);
#7948 = EDGE_LOOP('',(#7949,#7976,#8001,#8026));
#7949 = ORIENTED_EDGE('',*,*,#7950,.T.);
#7950 = EDGE_CURVE('',#7951,#7953,#7955,.T.);
#7951 = VERTEX_POINT('',#7952);
#7952 = CARTESIAN_POINT('',(44.141677391304,-5.501862608696,7.8));
#7953 = VERTEX_POINT('',#7954);
#7954 = CARTESIAN_POINT('',(44.141677391304,-17.9822973913,7.8));
#7955 = SURFACE_CURVE('',#7956,(#7959,#7965),.PCURVE_S1.);
#7956 = B_SPLINE_CURVE_WITH_KNOTS('',1,(#7957,#7958),.UNSPECIFIED.,.F.,
  .F.,(2,2),(0.,1.),.PIECEWISE_BEZIER_KNOTS.);
#7957 = CARTESIAN_POINT('',(44.141677391304,-5.501862608696,7.8));
#7958 = CARTESIAN_POINT('',(44.141677391304,-17.9822973913,7.8));
#7959 = PCURVE('',#6961,#7960);
#7960 = DEFINITIONAL_REPRESENTATION('',(#7961),#7964);
#7961 = B_SPLINE_CURVE_WITH_KNOTS('',1,(#7962,#7963),.UNSPECIFIED.,.F.,
  .F.,(2,2),(0.,1.),.PIECEWISE_BEZIER_KNOTS.);
#7962 = CARTESIAN_POINT('',(7.902091599113,4.935159906064));
#7963 = CARTESIAN_POINT('',(7.902091599113,-7.545274876545));
#7964 = ( GEOMETRIC_REPRESENTATION_CONTEXT(2) 
PARAMETRIC_REPRESENTATION_CONTEXT() REPRESENTATION_CONTEXT('2D SPACE',''
  ) );
#7965 = PCURVE('',#7966,#7971);
#7966 = B_SPLINE_SURFACE_WITH_KNOTS('',1,1,(
    (#7967,#7968)
    ,(#7969,#7970
    )),.UNSPECIFIED.,.F.,.F.,.F.,(2,2),(2,2),(0.,12.5),(0.,1.),
  .PIECEWISE_BEZIER_KNOTS.);
#7967 = CARTESIAN_POINT('',(43.70146,-17.54208,7.35));
#7968 = CARTESIAN_POINT('',(44.15146,-17.99208,7.81));
#7969 = CARTESIAN_POINT('',(43.70146,-5.94208,7.35));
#7970 = CARTESIAN_POINT('',(44.15146,-5.49208,7.81));
#7971 = DEFINITIONAL_REPRESENTATION('',(#7972),#7975);
#7972 = B_SPLINE_CURVE_WITH_KNOTS('',1,(#7973,#7974),.UNSPECIFIED.,.F.,
  .F.,(2,2),(0.,1.),.PIECEWISE_BEZIER_KNOTS.);
#7973 = CARTESIAN_POINT('',(12.5,0.978260869565));
#7974 = CARTESIAN_POINT('',(0.,0.978260869565));
#7975 = ( GEOMETRIC_REPRESENTATION_CONTEXT(2) 
PARAMETRIC_REPRESENTATION_CONTEXT() REPRESENTATION_CONTEXT('2D SPACE',''
  ) );
#7976 = ORIENTED_EDGE('',*,*,#7977,.T.);
#7977 = EDGE_CURVE('',#7953,#7978,#7980,.T.);
#7978 = VERTEX_POINT('',#7979);
#7979 = CARTESIAN_POINT('',(20.761242608696,-17.9822973913,7.8));
#7980 = SURFACE_CURVE('',#7981,(#7984,#7990),.PCURVE_S1.);
#7981 = B_SPLINE_CURVE_WITH_KNOTS('',1,(#7982,#7983),.UNSPECIFIED.,.F.,
  .F.,(2,2),(0.,1.),.PIECEWISE_BEZIER_KNOTS.);
#7982 = CARTESIAN_POINT('',(44.141677391304,-17.9822973913,7.8));
#7983 = CARTESIAN_POINT('',(20.761242608696,-17.9822973913,7.8));
#7984 = PCURVE('',#6961,#7985);
#7985 = DEFINITIONAL_REPRESENTATION('',(#7986),#7989);
#7986 = B_SPLINE_CURVE_WITH_KNOTS('',1,(#7987,#7988),.UNSPECIFIED.,.F.,
  .F.,(2,2),(0.,1.),.PIECEWISE_BEZIER_KNOTS.);
#7987 = CARTESIAN_POINT('',(7.902091599113,-7.545274876545));
#7988 = CARTESIAN_POINT('',(-15.47834318349,-7.545274876545));
#7989 = ( GEOMETRIC_REPRESENTATION_CONTEXT(2) 
PARAMETRIC_REPRESENTATION_CONTEXT() REPRESENTATION_CONTEXT('2D SPACE',''
  ) );
#7990 = PCURVE('',#7991,#7996);
#7991 = B_SPLINE_SURFACE_WITH_KNOTS('',1,1,(
    (#7992,#7993)
    ,(#7994,#7995
    )),.UNSPECIFIED.,.F.,.F.,.F.,(2,2),(2,2),(0.,23.4),(0.,1.),
  .PIECEWISE_BEZIER_KNOTS.);
#7992 = CARTESIAN_POINT('',(21.20146,-17.54208,7.35));
#7993 = CARTESIAN_POINT('',(20.75146,-17.99208,7.81));
#7994 = CARTESIAN_POINT('',(43.70146,-17.54208,7.35));
#7995 = CARTESIAN_POINT('',(44.15146,-17.99208,7.81));
#7996 = DEFINITIONAL_REPRESENTATION('',(#7997),#8000);
#7997 = B_SPLINE_CURVE_WITH_KNOTS('',1,(#7998,#7999),.UNSPECIFIED.,.F.,
  .F.,(2,2),(0.,1.),.PIECEWISE_BEZIER_KNOTS.);
#7998 = CARTESIAN_POINT('',(23.4,0.978260869565));
#7999 = CARTESIAN_POINT('',(0.,0.978260869565));
#8000 = ( GEOMETRIC_REPRESENTATION_CONTEXT(2) 
PARAMETRIC_REPRESENTATION_CONTEXT() REPRESENTATION_CONTEXT('2D SPACE',''
  ) );
#8001 = ORIENTED_EDGE('',*,*,#8002,.T.);
#8002 = EDGE_CURVE('',#7978,#8003,#8005,.T.);
#8003 = VERTEX_POINT('',#8004);
#8004 = CARTESIAN_POINT('',(20.761242608696,-5.501862608696,7.8));
#8005 = SURFACE_CURVE('',#8006,(#8009,#8015),.PCURVE_S1.);
#8006 = B_SPLINE_CURVE_WITH_KNOTS('',1,(#8007,#8008),.UNSPECIFIED.,.F.,
  .F.,(2,2),(0.,1.),.PIECEWISE_BEZIER_KNOTS.);
#8007 = CARTESIAN_POINT('',(20.761242608696,-17.9822973913,7.8));
#8008 = CARTESIAN_POINT('',(20.761242608696,-5.501862608696,7.8));
#8009 = PCURVE('',#6961,#8010);
#8010 = DEFINITIONAL_REPRESENTATION('',(#8011),#8014);
#8011 = B_SPLINE_CURVE_WITH_KNOTS('',1,(#8012,#8013),.UNSPECIFIED.,.F.,
  .F.,(2,2),(0.,1.),.PIECEWISE_BEZIER_KNOTS.);
#8012 = CARTESIAN_POINT('',(-15.47834318349,-7.545274876545));
#8013 = CARTESIAN_POINT('',(-15.47834318349,4.935159906064));
#8014 = ( GEOMETRIC_REPRESENTATION_CONTEXT(2) 
PARAMETRIC_REPRESENTATION_CONTEXT() REPRESENTATION_CONTEXT('2D SPACE',''
  ) );
#8015 = PCURVE('',#8016,#8021);
#8016 = B_SPLINE_SURFACE_WITH_KNOTS('',1,1,(
    (#8017,#8018)
    ,(#8019,#8020
    )),.UNSPECIFIED.,.F.,.F.,.F.,(2,2),(2,2),(0.,12.5),(0.,1.),
  .PIECEWISE_BEZIER_KNOTS.);
#8017 = CARTESIAN_POINT('',(21.20146,-5.94208,7.35));
#8018 = CARTESIAN_POINT('',(20.75146,-5.49208,7.81));
#8019 = CARTESIAN_POINT('',(21.20146,-17.54208,7.35));
#8020 = CARTESIAN_POINT('',(20.75146,-17.99208,7.81));
#8021 = DEFINITIONAL_REPRESENTATION('',(#8022),#8025);
#8022 = B_SPLINE_CURVE_WITH_KNOTS('',1,(#8023,#8024),.UNSPECIFIED.,.F.,
  .F.,(2,2),(0.,1.),.PIECEWISE_BEZIER_KNOTS.);
#8023 = CARTESIAN_POINT('',(12.5,0.978260869565));
#8024 = CARTESIAN_POINT('',(0.,0.978260869565));
#8025 = ( GEOMETRIC_REPRESENTATION_CONTEXT(2) 
PARAMETRIC_REPRESENTATION_CONTEXT() REPRESENTATION_CONTEXT('2D SPACE',''
  ) );
#8026 = ORIENTED_EDGE('',*,*,#8027,.T.);
#8027 = EDGE_CURVE('',#8003,#7951,#8028,.T.);
#8028 = SURFACE_CURVE('',#8029,(#8032,#8038),.PCURVE_S1.);
#8029 = B_SPLINE_CURVE_WITH_KNOTS('',1,(#8030,#8031),.UNSPECIFIED.,.F.,
  .F.,(2,2),(0.,1.),.PIECEWISE_BEZIER_KNOTS.);
#8030 = CARTESIAN_POINT('',(20.761242608696,-5.501862608696,7.8));
#8031 = CARTESIAN_POINT('',(44.141677391304,-5.501862608696,7.8));
#8032 = PCURVE('',#6961,#8033);
#8033 = DEFINITIONAL_REPRESENTATION('',(#8034),#8037);
#8034 = B_SPLINE_CURVE_WITH_KNOTS('',1,(#8035,#8036),.UNSPECIFIED.,.F.,
  .F.,(2,2),(0.,1.),.PIECEWISE_BEZIER_KNOTS.);
#8035 = CARTESIAN_POINT('',(-15.47834318349,4.935159906064));
#8036 = CARTESIAN_POINT('',(7.902091599113,4.935159906064));
#8037 = ( GEOMETRIC_REPRESENTATION_CONTEXT(2) 
PARAMETRIC_REPRESENTATION_CONTEXT() REPRESENTATION_CONTEXT('2D SPACE',''
  ) );
#8038 = PCURVE('',#8039,#8044);
#8039 = B_SPLINE_SURFACE_WITH_KNOTS('',1,1,(
    (#8040,#8041)
    ,(#8042,#8043
    )),.UNSPECIFIED.,.F.,.F.,.F.,(2,2),(2,2),(0.,23.4),(0.,1.),
  .PIECEWISE_BEZIER_KNOTS.);
#8040 = CARTESIAN_POINT('',(43.70146,-5.94208,7.35));
#8041 = CARTESIAN_POINT('',(44.15146,-5.49208,7.81));
#8042 = CARTESIAN_POINT('',(21.20146,-5.94208,7.35));
#8043 = CARTESIAN_POINT('',(20.75146,-5.49208,7.81));
#8044 = DEFINITIONAL_REPRESENTATION('',(#8045),#8048);
#8045 = B_SPLINE_CURVE_WITH_KNOTS('',1,(#8046,#8047),.UNSPECIFIED.,.F.,
  .F.,(2,2),(0.,1.),.PIECEWISE_BEZIER_KNOTS.);
#8046 = CARTESIAN_POINT('',(23.4,0.978260869565));
#8047 = CARTESIAN_POINT('',(0.,0.978260869565));
#8048 = ( GEOMETRIC_REPRESENTATION_CONTEXT(2) 
PARAMETRIC_REPRESENTATION_CONTEXT() REPRESENTATION_CONTEXT('2D SPACE',''
  ) );
#8049 = FACE_BOUND('',#8050,.T.);
#8050 = EDGE_LOOP('',(#8051,#8079,#8112,#8138,#8164,#8190,#8223,#8249,
    #8282,#8308));
#8051 = ORIENTED_EDGE('',*,*,#8052,.F.);
#8052 = EDGE_CURVE('',#8053,#8055,#8057,.T.);
#8053 = VERTEX_POINT('',#8054);
#8054 = CARTESIAN_POINT('',(46.499,-5.8,7.8));
#8055 = VERTEX_POINT('',#8056);
#8056 = CARTESIAN_POINT('',(46.499,-18.475,7.8));
#8057 = SURFACE_CURVE('',#8058,(#8062,#8068),.PCURVE_S1.);
#8058 = LINE('',#8059,#8060);
#8059 = CARTESIAN_POINT('',(46.499,-14.45601125738,7.8));
#8060 = VECTOR('',#8061,1.);
#8061 = DIRECTION('',(-1.110223024625E-16,-1.,0.));
#8062 = PCURVE('',#6961,#8063);
#8063 = DEFINITIONAL_REPRESENTATION('',(#8064),#8067);
#8064 = B_SPLINE_CURVE_WITH_KNOTS('',1,(#8065,#8066),.UNSPECIFIED.,.F.,
  .F.,(2,2),(-8.65601125738,4.01898874262),.PIECEWISE_BEZIER_KNOTS.);
#8065 = CARTESIAN_POINT('',(10.259414207808,4.63702251476));
#8066 = CARTESIAN_POINT('',(10.259414207808,-8.03797748524));
#8067 = ( GEOMETRIC_REPRESENTATION_CONTEXT(2) 
PARAMETRIC_REPRESENTATION_CONTEXT() REPRESENTATION_CONTEXT('2D SPACE',''
  ) );
#8068 = PCURVE('',#8069,#8074);
#8069 = PLANE('',#8070);
#8070 = AXIS2_PLACEMENT_3D('',#8071,#8072,#8073);
#8071 = CARTESIAN_POINT('',(46.499,-18.475,6.1));
#8072 = DIRECTION('',(-1.,1.110223024625E-16,0.));
#8073 = DIRECTION('',(1.110223024625E-16,1.,0.));
#8074 = DEFINITIONAL_REPRESENTATION('',(#8075),#8078);
#8075 = B_SPLINE_CURVE_WITH_KNOTS('',1,(#8076,#8077),.UNSPECIFIED.,.F.,
  .F.,(2,2),(-8.65601125738,4.01898874262),.PIECEWISE_BEZIER_KNOTS.);
#8076 = CARTESIAN_POINT('',(12.675,-1.7));
#8077 = CARTESIAN_POINT('',(0.,-1.7));
#8078 = ( GEOMETRIC_REPRESENTATION_CONTEXT(2) 
PARAMETRIC_REPRESENTATION_CONTEXT() REPRESENTATION_CONTEXT('2D SPACE',''
  ) );
#8079 = ORIENTED_EDGE('',*,*,#8080,.T.);
#8080 = EDGE_CURVE('',#8053,#8081,#8083,.T.);
#8081 = VERTEX_POINT('',#8082);
#8082 = CARTESIAN_POINT('',(47.149,-5.8,7.8));
#8083 = SURFACE_CURVE('',#8084,(#8089,#8100),.PCURVE_S1.);
#8084 = CIRCLE('',#8085,0.325);
#8085 = AXIS2_PLACEMENT_3D('',#8086,#8087,#8088);
#8086 = CARTESIAN_POINT('',(46.824,-5.8,7.8));
#8087 = DIRECTION('',(-0.,0.,-1.));
#8088 = DIRECTION('',(-1.,-2.621834373538E-15,0.));
#8089 = PCURVE('',#6961,#8090);
#8090 = DEFINITIONAL_REPRESENTATION('',(#8091),#8099);
#8091 = ( BOUNDED_CURVE() B_SPLINE_CURVE(2,(#8092,#8093,#8094,#8095,
#8096,#8097,#8098),.UNSPECIFIED.,.T.,.F.) B_SPLINE_CURVE_WITH_KNOTS((1,2
    ,2,2,2,1),(-2.094395102393,0.,2.094395102393,4.188790204786,
6.28318530718,8.377580409573),.UNSPECIFIED.) CURVE() 
GEOMETRIC_REPRESENTATION_ITEM() RATIONAL_B_SPLINE_CURVE((1.,0.5,1.,0.5,
1.,0.5,1.)) REPRESENTATION_ITEM('') );
#8092 = CARTESIAN_POINT('',(10.259414207808,4.63702251476));
#8093 = CARTESIAN_POINT('',(10.259414207808,5.19993902722));
#8094 = CARTESIAN_POINT('',(10.746914207808,4.91848077099));
#8095 = CARTESIAN_POINT('',(11.234414207808,4.63702251476));
#8096 = CARTESIAN_POINT('',(10.746914207808,4.35556425853));
#8097 = CARTESIAN_POINT('',(10.259414207808,4.0741060023));
#8098 = CARTESIAN_POINT('',(10.259414207808,4.63702251476));
#8099 = ( GEOMETRIC_REPRESENTATION_CONTEXT(2) 
PARAMETRIC_REPRESENTATION_CONTEXT() REPRESENTATION_CONTEXT('2D SPACE',''
  ) );
#8100 = PCURVE('',#8101,#8106);
#8101 = CYLINDRICAL_SURFACE('',#8102,0.325);
#8102 = AXIS2_PLACEMENT_3D('',#8103,#8104,#8105);
#8103 = CARTESIAN_POINT('',(46.824,-5.8,6.1));
#8104 = DIRECTION('',(-0.,0.,-1.));
#8105 = DIRECTION('',(-1.,-2.621834373538E-15,0.));
#8106 = DEFINITIONAL_REPRESENTATION('',(#8107),#8111);
#8107 = LINE('',#8108,#8109);
#8108 = CARTESIAN_POINT('',(0.,-1.7));
#8109 = VECTOR('',#8110,1.);
#8110 = DIRECTION('',(1.,0.));
#8111 = ( GEOMETRIC_REPRESENTATION_CONTEXT(2) 
PARAMETRIC_REPRESENTATION_CONTEXT() REPRESENTATION_CONTEXT('2D SPACE',''
  ) );
#8112 = ORIENTED_EDGE('',*,*,#8113,.F.);
#8113 = EDGE_CURVE('',#8114,#8081,#8116,.T.);
#8114 = VERTEX_POINT('',#8115);
#8115 = CARTESIAN_POINT('',(47.149,-18.15,7.8));
#8116 = SURFACE_CURVE('',#8117,(#8121,#8127),.PCURVE_S1.);
#8117 = LINE('',#8118,#8119);
#8118 = CARTESIAN_POINT('',(47.149,-8.11851125738,7.8));
#8119 = VECTOR('',#8120,1.);
#8120 = DIRECTION('',(1.110223024625E-16,1.,-0.));
#8121 = PCURVE('',#6961,#8122);
#8122 = DEFINITIONAL_REPRESENTATION('',(#8123),#8126);
#8123 = B_SPLINE_CURVE_WITH_KNOTS('',1,(#8124,#8125),.UNSPECIFIED.,.F.,
  .F.,(2,2),(-10.35648874262,2.31851125738),.PIECEWISE_BEZIER_KNOTS.);
#8124 = CARTESIAN_POINT('',(10.909414207808,-8.03797748524));
#8125 = CARTESIAN_POINT('',(10.909414207808,4.63702251476));
#8126 = ( GEOMETRIC_REPRESENTATION_CONTEXT(2) 
PARAMETRIC_REPRESENTATION_CONTEXT() REPRESENTATION_CONTEXT('2D SPACE',''
  ) );
#8127 = PCURVE('',#8128,#8133);
#8128 = PLANE('',#8129);
#8129 = AXIS2_PLACEMENT_3D('',#8130,#8131,#8132);
#8130 = CARTESIAN_POINT('',(47.149,-5.8,6.1));
#8131 = DIRECTION('',(1.,-1.110223024625E-16,0.));
#8132 = DIRECTION('',(-1.110223024625E-16,-1.,0.));
#8133 = DEFINITIONAL_REPRESENTATION('',(#8134),#8137);
#8134 = B_SPLINE_CURVE_WITH_KNOTS('',1,(#8135,#8136),.UNSPECIFIED.,.F.,
  .F.,(2,2),(-10.35648874262,2.31851125738),.PIECEWISE_BEZIER_KNOTS.);
#8135 = CARTESIAN_POINT('',(12.675,-1.7));
#8136 = CARTESIAN_POINT('',(0.,-1.7));
#8137 = ( GEOMETRIC_REPRESENTATION_CONTEXT(2) 
PARAMETRIC_REPRESENTATION_CONTEXT() REPRESENTATION_CONTEXT('2D SPACE',''
  ) );
#8138 = ORIENTED_EDGE('',*,*,#8139,.F.);
#8139 = EDGE_CURVE('',#8140,#8114,#8142,.T.);
#8140 = VERTEX_POINT('',#8141);
#8141 = CARTESIAN_POINT('',(51.149,-18.15,7.8));
#8142 = SURFACE_CURVE('',#8143,(#8147,#8153),.PCURVE_S1.);
#8143 = LINE('',#8144,#8145);
#8144 = CARTESIAN_POINT('',(41.531792896096,-18.15,7.8));
#8145 = VECTOR('',#8146,1.);
#8146 = DIRECTION('',(-1.,0.,0.));
#8147 = PCURVE('',#6961,#8148);
#8148 = DEFINITIONAL_REPRESENTATION('',(#8149),#8152);
#8149 = B_SPLINE_CURVE_WITH_KNOTS('',1,(#8150,#8151),.UNSPECIFIED.,.F.,
  .F.,(2,2),(-9.942207103904,-5.292207103904),.PIECEWISE_BEZIER_KNOTS.);
#8150 = CARTESIAN_POINT('',(15.234414207808,-7.71297748524));
#8151 = CARTESIAN_POINT('',(10.584414207808,-7.71297748524));
#8152 = ( GEOMETRIC_REPRESENTATION_CONTEXT(2) 
PARAMETRIC_REPRESENTATION_CONTEXT() REPRESENTATION_CONTEXT('2D SPACE',''
  ) );
#8153 = PCURVE('',#8154,#8159);
#8154 = PLANE('',#8155);
#8155 = AXIS2_PLACEMENT_3D('',#8156,#8157,#8158);
#8156 = CARTESIAN_POINT('',(46.824,-18.15,6.1));
#8157 = DIRECTION('',(0.,1.,0.));
#8158 = DIRECTION('',(0.,0.,1.));
#8159 = DEFINITIONAL_REPRESENTATION('',(#8160),#8163);
#8160 = B_SPLINE_CURVE_WITH_KNOTS('',1,(#8161,#8162),.UNSPECIFIED.,.F.,
  .F.,(2,2),(-9.942207103904,-5.292207103904),.PIECEWISE_BEZIER_KNOTS.);
#8161 = CARTESIAN_POINT('',(1.7,4.65));
#8162 = CARTESIAN_POINT('',(1.7,0.));
#8163 = ( GEOMETRIC_REPRESENTATION_CONTEXT(2) 
PARAMETRIC_REPRESENTATION_CONTEXT() REPRESENTATION_CONTEXT('2D SPACE',''
  ) );
#8164 = ORIENTED_EDGE('',*,*,#8165,.F.);
#8165 = EDGE_CURVE('',#8166,#8140,#8168,.T.);
#8166 = VERTEX_POINT('',#8167);
#8167 = CARTESIAN_POINT('',(51.149,-5.8,7.8));
#8168 = SURFACE_CURVE('',#8169,(#8173,#8179),.PCURVE_S1.);
#8169 = LINE('',#8170,#8171);
#8170 = CARTESIAN_POINT('',(51.149,-14.45601125738,7.8));
#8171 = VECTOR('',#8172,1.);
#8172 = DIRECTION('',(-1.110223024625E-16,-1.,0.));
#8173 = PCURVE('',#6961,#8174);
#8174 = DEFINITIONAL_REPRESENTATION('',(#8175),#8178);
#8175 = B_SPLINE_CURVE_WITH_KNOTS('',1,(#8176,#8177),.UNSPECIFIED.,.F.,
  .F.,(2,2),(-8.65601125738,4.01898874262),.PIECEWISE_BEZIER_KNOTS.);
#8176 = CARTESIAN_POINT('',(14.909414207808,4.63702251476));
#8177 = CARTESIAN_POINT('',(14.909414207808,-8.03797748524));
#8178 = ( GEOMETRIC_REPRESENTATION_CONTEXT(2) 
PARAMETRIC_REPRESENTATION_CONTEXT() REPRESENTATION_CONTEXT('2D SPACE',''
  ) );
#8179 = PCURVE('',#8180,#8185);
#8180 = PLANE('',#8181);
#8181 = AXIS2_PLACEMENT_3D('',#8182,#8183,#8184);
#8182 = CARTESIAN_POINT('',(51.149,-18.475,6.1));
#8183 = DIRECTION('',(-1.,1.110223024625E-16,0.));
#8184 = DIRECTION('',(1.110223024625E-16,1.,0.));
#8185 = DEFINITIONAL_REPRESENTATION('',(#8186),#8189);
#8186 = B_SPLINE_CURVE_WITH_KNOTS('',1,(#8187,#8188),.UNSPECIFIED.,.F.,
  .F.,(2,2),(-8.65601125738,4.01898874262),.PIECEWISE_BEZIER_KNOTS.);
#8187 = CARTESIAN_POINT('',(12.675,-1.7));
#8188 = CARTESIAN_POINT('',(0.,-1.7));
#8189 = ( GEOMETRIC_REPRESENTATION_CONTEXT(2) 
PARAMETRIC_REPRESENTATION_CONTEXT() REPRESENTATION_CONTEXT('2D SPACE',''
  ) );
#8190 = ORIENTED_EDGE('',*,*,#8191,.T.);
#8191 = EDGE_CURVE('',#8166,#8192,#8194,.T.);
#8192 = VERTEX_POINT('',#8193);
#8193 = CARTESIAN_POINT('',(51.799,-5.8,7.8));
#8194 = SURFACE_CURVE('',#8195,(#8200,#8211),.PCURVE_S1.);
#8195 = CIRCLE('',#8196,0.325);
#8196 = AXIS2_PLACEMENT_3D('',#8197,#8198,#8199);
#8197 = CARTESIAN_POINT('',(51.474,-5.8,7.8));
#8198 = DIRECTION('',(-0.,0.,-1.));
#8199 = DIRECTION('',(-1.,-2.621834373538E-15,0.));
#8200 = PCURVE('',#6961,#8201);
#8201 = DEFINITIONAL_REPRESENTATION('',(#8202),#8210);
#8202 = ( BOUNDED_CURVE() B_SPLINE_CURVE(2,(#8203,#8204,#8205,#8206,
#8207,#8208,#8209),.UNSPECIFIED.,.T.,.F.) B_SPLINE_CURVE_WITH_KNOTS((1,2
    ,2,2,2,1),(-2.094395102393,0.,2.094395102393,4.188790204786,
6.28318530718,8.377580409573),.UNSPECIFIED.) CURVE() 
GEOMETRIC_REPRESENTATION_ITEM() RATIONAL_B_SPLINE_CURVE((1.,0.5,1.,0.5,
1.,0.5,1.)) REPRESENTATION_ITEM('') );
#8203 = CARTESIAN_POINT('',(14.909414207808,4.63702251476));
#8204 = CARTESIAN_POINT('',(14.909414207808,5.19993902722));
#8205 = CARTESIAN_POINT('',(15.396914207808,4.91848077099));
#8206 = CARTESIAN_POINT('',(15.884414207808,4.63702251476));
#8207 = CARTESIAN_POINT('',(15.396914207808,4.35556425853));
#8208 = CARTESIAN_POINT('',(14.909414207808,4.0741060023));
#8209 = CARTESIAN_POINT('',(14.909414207808,4.63702251476));
#8210 = ( GEOMETRIC_REPRESENTATION_CONTEXT(2) 
PARAMETRIC_REPRESENTATION_CONTEXT() REPRESENTATION_CONTEXT('2D SPACE',''
  ) );
#8211 = PCURVE('',#8212,#8217);
#8212 = CYLINDRICAL_SURFACE('',#8213,0.325);
#8213 = AXIS2_PLACEMENT_3D('',#8214,#8215,#8216);
#8214 = CARTESIAN_POINT('',(51.474,-5.8,6.1));
#8215 = DIRECTION('',(-0.,0.,-1.));
#8216 = DIRECTION('',(-1.,-2.621834373538E-15,0.));
#8217 = DEFINITIONAL_REPRESENTATION('',(#8218),#8222);
#8218 = LINE('',#8219,#8220);
#8219 = CARTESIAN_POINT('',(0.,-1.7));
#8220 = VECTOR('',#8221,1.);
#8221 = DIRECTION('',(1.,0.));
#8222 = ( GEOMETRIC_REPRESENTATION_CONTEXT(2) 
PARAMETRIC_REPRESENTATION_CONTEXT() REPRESENTATION_CONTEXT('2D SPACE',''
  ) );
#8223 = ORIENTED_EDGE('',*,*,#8224,.F.);
#8224 = EDGE_CURVE('',#8225,#8192,#8227,.T.);
#8225 = VERTEX_POINT('',#8226);
#8226 = CARTESIAN_POINT('',(51.799,-18.475,7.8));
#8227 = SURFACE_CURVE('',#8228,(#8232,#8238),.PCURVE_S1.);
#8228 = LINE('',#8229,#8230);
#8229 = CARTESIAN_POINT('',(51.799,-8.11851125738,7.8));
#8230 = VECTOR('',#8231,1.);
#8231 = DIRECTION('',(1.110223024625E-16,1.,-0.));
#8232 = PCURVE('',#6961,#8233);
#8233 = DEFINITIONAL_REPRESENTATION('',(#8234),#8237);
#8234 = B_SPLINE_CURVE_WITH_KNOTS('',1,(#8235,#8236),.UNSPECIFIED.,.F.,
  .F.,(2,2),(-10.35648874262,2.31851125738),.PIECEWISE_BEZIER_KNOTS.);
#8235 = CARTESIAN_POINT('',(15.559414207808,-8.03797748524));
#8236 = CARTESIAN_POINT('',(15.559414207808,4.63702251476));
#8237 = ( GEOMETRIC_REPRESENTATION_CONTEXT(2) 
PARAMETRIC_REPRESENTATION_CONTEXT() REPRESENTATION_CONTEXT('2D SPACE',''
  ) );
#8238 = PCURVE('',#8239,#8244);
#8239 = PLANE('',#8240);
#8240 = AXIS2_PLACEMENT_3D('',#8241,#8242,#8243);
#8241 = CARTESIAN_POINT('',(51.799,-5.8,6.1));
#8242 = DIRECTION('',(1.,-1.110223024625E-16,0.));
#8243 = DIRECTION('',(-1.110223024625E-16,-1.,0.));
#8244 = DEFINITIONAL_REPRESENTATION('',(#8245),#8248);
#8245 = B_SPLINE_CURVE_WITH_KNOTS('',1,(#8246,#8247),.UNSPECIFIED.,.F.,
  .F.,(2,2),(-10.35648874262,2.31851125738),.PIECEWISE_BEZIER_KNOTS.);
#8246 = CARTESIAN_POINT('',(12.675,-1.7));
#8247 = CARTESIAN_POINT('',(0.,-1.7));
#8248 = ( GEOMETRIC_REPRESENTATION_CONTEXT(2) 
PARAMETRIC_REPRESENTATION_CONTEXT() REPRESENTATION_CONTEXT('2D SPACE',''
  ) );
#8249 = ORIENTED_EDGE('',*,*,#8250,.T.);
#8250 = EDGE_CURVE('',#8225,#8251,#8253,.T.);
#8251 = VERTEX_POINT('',#8252);
#8252 = CARTESIAN_POINT('',(51.474,-18.8,7.8));
#8253 = SURFACE_CURVE('',#8254,(#8259,#8270),.PCURVE_S1.);
#8254 = CIRCLE('',#8255,0.325);
#8255 = AXIS2_PLACEMENT_3D('',#8256,#8257,#8258);
#8256 = CARTESIAN_POINT('',(51.474,-18.475,7.8));
#8257 = DIRECTION('',(0.,0.,-1.));
#8258 = DIRECTION('',(1.,2.621834373538E-15,0.));
#8259 = PCURVE('',#6961,#8260);
#8260 = DEFINITIONAL_REPRESENTATION('',(#8261),#8269);
#8261 = ( BOUNDED_CURVE() B_SPLINE_CURVE(2,(#8262,#8263,#8264,#8265,
#8266,#8267,#8268),.UNSPECIFIED.,.T.,.F.) B_SPLINE_CURVE_WITH_KNOTS((1,2
    ,2,2,2,1),(-2.094395102393,0.,2.094395102393,4.188790204786,
6.28318530718,8.377580409573),.UNSPECIFIED.) CURVE() 
GEOMETRIC_REPRESENTATION_ITEM() RATIONAL_B_SPLINE_CURVE((1.,0.5,1.,0.5,
1.,0.5,1.)) REPRESENTATION_ITEM('') );
#8262 = CARTESIAN_POINT('',(15.559414207808,-8.03797748524));
#8263 = CARTESIAN_POINT('',(15.559414207808,-8.6008939977));
#8264 = CARTESIAN_POINT('',(15.071914207808,-8.31943574147));
#8265 = CARTESIAN_POINT('',(14.584414207808,-8.03797748524));
#8266 = CARTESIAN_POINT('',(15.071914207808,-7.75651922901));
#8267 = CARTESIAN_POINT('',(15.559414207808,-7.47506097278));
#8268 = CARTESIAN_POINT('',(15.559414207808,-8.03797748524));
#8269 = ( GEOMETRIC_REPRESENTATION_CONTEXT(2) 
PARAMETRIC_REPRESENTATION_CONTEXT() REPRESENTATION_CONTEXT('2D SPACE',''
  ) );
#8270 = PCURVE('',#8271,#8276);
#8271 = CYLINDRICAL_SURFACE('',#8272,0.325);
#8272 = AXIS2_PLACEMENT_3D('',#8273,#8274,#8275);
#8273 = CARTESIAN_POINT('',(51.474,-18.475,6.1));
#8274 = DIRECTION('',(0.,0.,-1.));
#8275 = DIRECTION('',(1.,2.621834373538E-15,0.));
#8276 = DEFINITIONAL_REPRESENTATION('',(#8277),#8281);
#8277 = LINE('',#8278,#8279);
#8278 = CARTESIAN_POINT('',(0.,-1.7));
#8279 = VECTOR('',#8280,1.);
#8280 = DIRECTION('',(1.,0.));
#8281 = ( GEOMETRIC_REPRESENTATION_CONTEXT(2) 
PARAMETRIC_REPRESENTATION_CONTEXT() REPRESENTATION_CONTEXT('2D SPACE',''
  ) );
#8282 = ORIENTED_EDGE('',*,*,#8283,.T.);
#8283 = EDGE_CURVE('',#8251,#8284,#8286,.T.);
#8284 = VERTEX_POINT('',#8285);
#8285 = CARTESIAN_POINT('',(46.824,-18.8,7.8));
#8286 = SURFACE_CURVE('',#8287,(#8291,#8297),.PCURVE_S1.);
#8287 = LINE('',#8288,#8289);
#8288 = CARTESIAN_POINT('',(41.531792896096,-18.8,7.8));
#8289 = VECTOR('',#8290,1.);
#8290 = DIRECTION('',(-1.,0.,0.));
#8291 = PCURVE('',#6961,#8292);
#8292 = DEFINITIONAL_REPRESENTATION('',(#8293),#8296);
#8293 = B_SPLINE_CURVE_WITH_KNOTS('',1,(#8294,#8295),.UNSPECIFIED.,.F.,
  .F.,(2,2),(-9.942207103904,-5.292207103904),.PIECEWISE_BEZIER_KNOTS.);
#8294 = CARTESIAN_POINT('',(15.234414207808,-8.36297748524));
#8295 = CARTESIAN_POINT('',(10.584414207808,-8.36297748524));
#8296 = ( GEOMETRIC_REPRESENTATION_CONTEXT(2) 
PARAMETRIC_REPRESENTATION_CONTEXT() REPRESENTATION_CONTEXT('2D SPACE',''
  ) );
#8297 = PCURVE('',#8298,#8303);
#8298 = PLANE('',#8299);
#8299 = AXIS2_PLACEMENT_3D('',#8300,#8301,#8302);
#8300 = CARTESIAN_POINT('',(46.824,-18.8,6.1));
#8301 = DIRECTION('',(0.,1.,0.));
#8302 = DIRECTION('',(0.,0.,1.));
#8303 = DEFINITIONAL_REPRESENTATION('',(#8304),#8307);
#8304 = B_SPLINE_CURVE_WITH_KNOTS('',1,(#8305,#8306),.UNSPECIFIED.,.F.,
  .F.,(2,2),(-9.942207103904,-5.292207103904),.PIECEWISE_BEZIER_KNOTS.);
#8305 = CARTESIAN_POINT('',(1.7,4.65));
#8306 = CARTESIAN_POINT('',(1.7,0.));
#8307 = ( GEOMETRIC_REPRESENTATION_CONTEXT(2) 
PARAMETRIC_REPRESENTATION_CONTEXT() REPRESENTATION_CONTEXT('2D SPACE',''
  ) );
#8308 = ORIENTED_EDGE('',*,*,#8309,.T.);
#8309 = EDGE_CURVE('',#8284,#8055,#8310,.T.);
#8310 = SURFACE_CURVE('',#8311,(#8316,#8327),.PCURVE_S1.);
#8311 = CIRCLE('',#8312,0.325);
#8312 = AXIS2_PLACEMENT_3D('',#8313,#8314,#8315);
#8313 = CARTESIAN_POINT('',(46.824,-18.475,7.8));
#8314 = DIRECTION('',(0.,0.,-1.));
#8315 = DIRECTION('',(1.,2.621834373538E-15,0.));
#8316 = PCURVE('',#6961,#8317);
#8317 = DEFINITIONAL_REPRESENTATION('',(#8318),#8326);
#8318 = ( BOUNDED_CURVE() B_SPLINE_CURVE(2,(#8319,#8320,#8321,#8322,
#8323,#8324,#8325),.UNSPECIFIED.,.T.,.F.) B_SPLINE_CURVE_WITH_KNOTS((1,2
    ,2,2,2,1),(-2.094395102393,0.,2.094395102393,4.188790204786,
6.28318530718,8.377580409573),.UNSPECIFIED.) CURVE() 
GEOMETRIC_REPRESENTATION_ITEM() RATIONAL_B_SPLINE_CURVE((1.,0.5,1.,0.5,
1.,0.5,1.)) REPRESENTATION_ITEM('') );
#8319 = CARTESIAN_POINT('',(10.909414207808,-8.03797748524));
#8320 = CARTESIAN_POINT('',(10.909414207808,-8.6008939977));
#8321 = CARTESIAN_POINT('',(10.421914207808,-8.31943574147));
#8322 = CARTESIAN_POINT('',(9.934414207808,-8.03797748524));
#8323 = CARTESIAN_POINT('',(10.421914207808,-7.75651922901));
#8324 = CARTESIAN_POINT('',(10.909414207808,-7.47506097278));
#8325 = CARTESIAN_POINT('',(10.909414207808,-8.03797748524));
#8326 = ( GEOMETRIC_REPRESENTATION_CONTEXT(2) 
PARAMETRIC_REPRESENTATION_CONTEXT() REPRESENTATION_CONTEXT('2D SPACE',''
  ) );
#8327 = PCURVE('',#8328,#8333);
#8328 = CYLINDRICAL_SURFACE('',#8329,0.325);
#8329 = AXIS2_PLACEMENT_3D('',#8330,#8331,#8332);
#8330 = CARTESIAN_POINT('',(46.824,-18.475,6.1));
#8331 = DIRECTION('',(0.,0.,-1.));
#8332 = DIRECTION('',(1.,2.621834373538E-15,0.));
#8333 = DEFINITIONAL_REPRESENTATION('',(#8334),#8338);
#8334 = LINE('',#8335,#8336);
#8335 = CARTESIAN_POINT('',(0.,-1.7));
#8336 = VECTOR('',#8337,1.);
#8337 = DIRECTION('',(1.,0.));
#8338 = ( GEOMETRIC_REPRESENTATION_CONTEXT(2) 
PARAMETRIC_REPRESENTATION_CONTEXT() REPRESENTATION_CONTEXT('2D SPACE',''
  ) );
#8339 = ADVANCED_FACE('',(#8340),#8212,.F.);
#8340 = FACE_BOUND('',#8341,.F.);
#8341 = EDGE_LOOP('',(#8342,#8372,#8393,#8394));
#8342 = ORIENTED_EDGE('',*,*,#8343,.F.);
#8343 = EDGE_CURVE('',#8344,#8346,#8348,.T.);
#8344 = VERTEX_POINT('',#8345);
#8345 = CARTESIAN_POINT('',(51.149,-5.8,6.6));
#8346 = VERTEX_POINT('',#8347);
#8347 = CARTESIAN_POINT('',(51.799,-5.8,6.6));
#8348 = SURFACE_CURVE('',#8349,(#8354,#8361),.PCURVE_S1.);
#8349 = CIRCLE('',#8350,0.325);
#8350 = AXIS2_PLACEMENT_3D('',#8351,#8352,#8353);
#8351 = CARTESIAN_POINT('',(51.474,-5.8,6.6));
#8352 = DIRECTION('',(-0.,0.,-1.));
#8353 = DIRECTION('',(-1.,-2.621834373538E-15,0.));
#8354 = PCURVE('',#8212,#8355);
#8355 = DEFINITIONAL_REPRESENTATION('',(#8356),#8360);
#8356 = LINE('',#8357,#8358);
#8357 = CARTESIAN_POINT('',(0.,-0.5));
#8358 = VECTOR('',#8359,1.);
#8359 = DIRECTION('',(1.,0.));
#8360 = ( GEOMETRIC_REPRESENTATION_CONTEXT(2) 
PARAMETRIC_REPRESENTATION_CONTEXT() REPRESENTATION_CONTEXT('2D SPACE',''
  ) );
#8361 = PCURVE('',#2335,#8362);
#8362 = DEFINITIONAL_REPRESENTATION('',(#8363),#8371);
#8363 = ( BOUNDED_CURVE() B_SPLINE_CURVE(2,(#8364,#8365,#8366,#8367,
#8368,#8369,#8370),.UNSPECIFIED.,.T.,.F.) B_SPLINE_CURVE_WITH_KNOTS((1,2
    ,2,2,2,1),(-2.094395102393,0.,2.094395102393,4.188790204786,
6.28318530718,8.377580409573),.UNSPECIFIED.) CURVE() 
GEOMETRIC_REPRESENTATION_ITEM() RATIONAL_B_SPLINE_CURVE((1.,0.5,1.,0.5,
1.,0.5,1.)) REPRESENTATION_ITEM('') );
#8364 = CARTESIAN_POINT('',(51.749,16.05));
#8365 = CARTESIAN_POINT('',(51.749,16.61291651246));
#8366 = CARTESIAN_POINT('',(52.2365,16.33145825623));
#8367 = CARTESIAN_POINT('',(52.724,16.05));
#8368 = CARTESIAN_POINT('',(52.2365,15.76854174377));
#8369 = CARTESIAN_POINT('',(51.749,15.48708348754));
#8370 = CARTESIAN_POINT('',(51.749,16.05));
#8371 = ( GEOMETRIC_REPRESENTATION_CONTEXT(2) 
PARAMETRIC_REPRESENTATION_CONTEXT() REPRESENTATION_CONTEXT('2D SPACE',''
  ) );
#8372 = ORIENTED_EDGE('',*,*,#8373,.T.);
#8373 = EDGE_CURVE('',#8344,#8166,#8374,.T.);
#8374 = SURFACE_CURVE('',#8375,(#8379,#8386),.PCURVE_S1.);
#8375 = LINE('',#8376,#8377);
#8376 = CARTESIAN_POINT('',(51.149,-5.8,6.1));
#8377 = VECTOR('',#8378,1.);
#8378 = DIRECTION('',(0.,0.,1.));
#8379 = PCURVE('',#8212,#8380);
#8380 = DEFINITIONAL_REPRESENTATION('',(#8381),#8385);
#8381 = LINE('',#8382,#8383);
#8382 = CARTESIAN_POINT('',(0.,0.));
#8383 = VECTOR('',#8384,1.);
#8384 = DIRECTION('',(0.,-1.));
#8385 = ( GEOMETRIC_REPRESENTATION_CONTEXT(2) 
PARAMETRIC_REPRESENTATION_CONTEXT() REPRESENTATION_CONTEXT('2D SPACE',''
  ) );
#8386 = PCURVE('',#8180,#8387);
#8387 = DEFINITIONAL_REPRESENTATION('',(#8388),#8392);
#8388 = LINE('',#8389,#8390);
#8389 = CARTESIAN_POINT('',(12.675,0.));
#8390 = VECTOR('',#8391,1.);
#8391 = DIRECTION('',(0.,-1.));
#8392 = ( GEOMETRIC_REPRESENTATION_CONTEXT(2) 
PARAMETRIC_REPRESENTATION_CONTEXT() REPRESENTATION_CONTEXT('2D SPACE',''
  ) );
#8393 = ORIENTED_EDGE('',*,*,#8191,.T.);
#8394 = ORIENTED_EDGE('',*,*,#8395,.F.);
#8395 = EDGE_CURVE('',#8346,#8192,#8396,.T.);
#8396 = SURFACE_CURVE('',#8397,(#8401,#8408),.PCURVE_S1.);
#8397 = LINE('',#8398,#8399);
#8398 = CARTESIAN_POINT('',(51.799,-5.8,6.1));
#8399 = VECTOR('',#8400,1.);
#8400 = DIRECTION('',(0.,0.,1.));
#8401 = PCURVE('',#8212,#8402);
#8402 = DEFINITIONAL_REPRESENTATION('',(#8403),#8407);
#8403 = LINE('',#8404,#8405);
#8404 = CARTESIAN_POINT('',(3.14159265359,0.));
#8405 = VECTOR('',#8406,1.);
#8406 = DIRECTION('',(0.,-1.));
#8407 = ( GEOMETRIC_REPRESENTATION_CONTEXT(2) 
PARAMETRIC_REPRESENTATION_CONTEXT() REPRESENTATION_CONTEXT('2D SPACE',''
  ) );
#8408 = PCURVE('',#8239,#8409);
#8409 = DEFINITIONAL_REPRESENTATION('',(#8410),#8414);
#8410 = LINE('',#8411,#8412);
#8411 = CARTESIAN_POINT('',(0.,0.));
#8412 = VECTOR('',#8413,1.);
#8413 = DIRECTION('',(0.,-1.));
#8414 = ( GEOMETRIC_REPRESENTATION_CONTEXT(2) 
PARAMETRIC_REPRESENTATION_CONTEXT() REPRESENTATION_CONTEXT('2D SPACE',''
  ) );
#8415 = ADVANCED_FACE('',(#8416),#8239,.F.);
#8416 = FACE_BOUND('',#8417,.F.);
#8417 = EDGE_LOOP('',(#8418,#8441,#8462,#8489,#8515,#8542,#8561,#8562));
#8418 = ORIENTED_EDGE('',*,*,#8419,.F.);
#8419 = EDGE_CURVE('',#8420,#8225,#8422,.T.);
#8420 = VERTEX_POINT('',#8421);
#8421 = CARTESIAN_POINT('',(51.799,-18.475,6.6));
#8422 = SURFACE_CURVE('',#8423,(#8427,#8434),.PCURVE_S1.);
#8423 = LINE('',#8424,#8425);
#8424 = CARTESIAN_POINT('',(51.799,-18.475,6.1));
#8425 = VECTOR('',#8426,1.);
#8426 = DIRECTION('',(0.,0.,1.));
#8427 = PCURVE('',#8239,#8428);
#8428 = DEFINITIONAL_REPRESENTATION('',(#8429),#8433);
#8429 = LINE('',#8430,#8431);
#8430 = CARTESIAN_POINT('',(12.675,0.));
#8431 = VECTOR('',#8432,1.);
#8432 = DIRECTION('',(0.,-1.));
#8433 = ( GEOMETRIC_REPRESENTATION_CONTEXT(2) 
PARAMETRIC_REPRESENTATION_CONTEXT() REPRESENTATION_CONTEXT('2D SPACE',''
  ) );
#8434 = PCURVE('',#8271,#8435);
#8435 = DEFINITIONAL_REPRESENTATION('',(#8436),#8440);
#8436 = LINE('',#8437,#8438);
#8437 = CARTESIAN_POINT('',(0.,0.));
#8438 = VECTOR('',#8439,1.);
#8439 = DIRECTION('',(0.,-1.));
#8440 = ( GEOMETRIC_REPRESENTATION_CONTEXT(2) 
PARAMETRIC_REPRESENTATION_CONTEXT() REPRESENTATION_CONTEXT('2D SPACE',''
  ) );
#8441 = ORIENTED_EDGE('',*,*,#8442,.T.);
#8442 = EDGE_CURVE('',#8420,#8443,#8445,.T.);
#8443 = VERTEX_POINT('',#8444);
#8444 = CARTESIAN_POINT('',(51.799,-17.3,6.6));
#8445 = SURFACE_CURVE('',#8446,(#8450,#8456),.PCURVE_S1.);
#8446 = LINE('',#8447,#8448);
#8447 = CARTESIAN_POINT('',(51.799,-13.825,6.6));
#8448 = VECTOR('',#8449,1.);
#8449 = DIRECTION('',(1.110223024625E-16,1.,-0.));
#8450 = PCURVE('',#8239,#8451);
#8451 = DEFINITIONAL_REPRESENTATION('',(#8452),#8455);
#8452 = B_SPLINE_CURVE_WITH_KNOTS('',1,(#8453,#8454),.UNSPECIFIED.,.F.,
  .F.,(2,2),(-4.65,8.025),.PIECEWISE_BEZIER_KNOTS.);
#8453 = CARTESIAN_POINT('',(12.675,-0.5));
#8454 = CARTESIAN_POINT('',(0.,-0.5));
#8455 = ( GEOMETRIC_REPRESENTATION_CONTEXT(2) 
PARAMETRIC_REPRESENTATION_CONTEXT() REPRESENTATION_CONTEXT('2D SPACE',''
  ) );
#8456 = PCURVE('',#2335,#8457);
#8457 = DEFINITIONAL_REPRESENTATION('',(#8458),#8461);
#8458 = B_SPLINE_CURVE_WITH_KNOTS('',1,(#8459,#8460),.UNSPECIFIED.,.F.,
  .F.,(2,2),(-4.65,8.025),.PIECEWISE_BEZIER_KNOTS.);
#8459 = CARTESIAN_POINT('',(52.399,3.375));
#8460 = CARTESIAN_POINT('',(52.399,16.05));
#8461 = ( GEOMETRIC_REPRESENTATION_CONTEXT(2) 
PARAMETRIC_REPRESENTATION_CONTEXT() REPRESENTATION_CONTEXT('2D SPACE',''
  ) );
#8462 = ORIENTED_EDGE('',*,*,#8463,.T.);
#8463 = EDGE_CURVE('',#8443,#8464,#8466,.T.);
#8464 = VERTEX_POINT('',#8465);
#8465 = CARTESIAN_POINT('',(51.799,-17.3,6.7));
#8466 = SURFACE_CURVE('',#8467,(#8471,#8477),.PCURVE_S1.);
#8467 = LINE('',#8468,#8469);
#8468 = CARTESIAN_POINT('',(51.799,-17.3,5.875));
#8469 = VECTOR('',#8470,1.);
#8470 = DIRECTION('',(-0.,0.,1.));
#8471 = PCURVE('',#8239,#8472);
#8472 = DEFINITIONAL_REPRESENTATION('',(#8473),#8476);
#8473 = B_SPLINE_CURVE_WITH_KNOTS('',1,(#8474,#8475),.UNSPECIFIED.,.F.,
  .F.,(2,2),(0.725,0.825),.PIECEWISE_BEZIER_KNOTS.);
#8474 = CARTESIAN_POINT('',(11.5,-0.5));
#8475 = CARTESIAN_POINT('',(11.5,-0.6));
#8476 = ( GEOMETRIC_REPRESENTATION_CONTEXT(2) 
PARAMETRIC_REPRESENTATION_CONTEXT() REPRESENTATION_CONTEXT('2D SPACE',''
  ) );
#8477 = PCURVE('',#8478,#8483);
#8478 = PLANE('',#8479);
#8479 = AXIS2_PLACEMENT_3D('',#8480,#8481,#8482);
#8480 = CARTESIAN_POINT('',(51.6,-17.3,5.65));
#8481 = DIRECTION('',(0.,1.,0.));
#8482 = DIRECTION('',(0.,0.,1.));
#8483 = DEFINITIONAL_REPRESENTATION('',(#8484),#8488);
#8484 = LINE('',#8485,#8486);
#8485 = CARTESIAN_POINT('',(0.225,0.199));
#8486 = VECTOR('',#8487,1.);
#8487 = DIRECTION('',(1.,0.));
#8488 = ( GEOMETRIC_REPRESENTATION_CONTEXT(2) 
PARAMETRIC_REPRESENTATION_CONTEXT() REPRESENTATION_CONTEXT('2D SPACE',''
  ) );
#8489 = ORIENTED_EDGE('',*,*,#8490,.F.);
#8490 = EDGE_CURVE('',#8491,#8464,#8493,.T.);
#8491 = VERTEX_POINT('',#8492);
#8492 = CARTESIAN_POINT('',(51.799,-14.5,6.7));
#8493 = SURFACE_CURVE('',#8494,(#8498,#8504),.PCURVE_S1.);
#8494 = LINE('',#8495,#8496);
#8495 = CARTESIAN_POINT('',(51.799,-11.55,6.7));
#8496 = VECTOR('',#8497,1.);
#8497 = DIRECTION('',(-1.110223024625E-16,-1.,0.));
#8498 = PCURVE('',#8239,#8499);
#8499 = DEFINITIONAL_REPRESENTATION('',(#8500),#8503);
#8500 = B_SPLINE_CURVE_WITH_KNOTS('',1,(#8501,#8502),.UNSPECIFIED.,.F.,
  .F.,(2,2),(2.95,5.75),.PIECEWISE_BEZIER_KNOTS.);
#8501 = CARTESIAN_POINT('',(8.7,-0.6));
#8502 = CARTESIAN_POINT('',(11.5,-0.6));
#8503 = ( GEOMETRIC_REPRESENTATION_CONTEXT(2) 
PARAMETRIC_REPRESENTATION_CONTEXT() REPRESENTATION_CONTEXT('2D SPACE',''
  ) );
#8504 = PCURVE('',#8505,#8510);
#8505 = PLANE('',#8506);
#8506 = AXIS2_PLACEMENT_3D('',#8507,#8508,#8509);
#8507 = CARTESIAN_POINT('',(51.6,-17.3,6.7));
#8508 = DIRECTION('',(0.,0.,1.));
#8509 = DIRECTION('',(1.,0.,0.));
#8510 = DEFINITIONAL_REPRESENTATION('',(#8511),#8514);
#8511 = B_SPLINE_CURVE_WITH_KNOTS('',1,(#8512,#8513),.UNSPECIFIED.,.F.,
  .F.,(2,2),(2.95,5.75),.PIECEWISE_BEZIER_KNOTS.);
#8512 = CARTESIAN_POINT('',(0.199,2.8));
#8513 = CARTESIAN_POINT('',(0.199,0.));
#8514 = ( GEOMETRIC_REPRESENTATION_CONTEXT(2) 
PARAMETRIC_REPRESENTATION_CONTEXT() REPRESENTATION_CONTEXT('2D SPACE',''
  ) );
#8515 = ORIENTED_EDGE('',*,*,#8516,.F.);
#8516 = EDGE_CURVE('',#8517,#8491,#8519,.T.);
#8517 = VERTEX_POINT('',#8518);
#8518 = CARTESIAN_POINT('',(51.799,-14.5,6.6));
#8519 = SURFACE_CURVE('',#8520,(#8524,#8530),.PCURVE_S1.);
#8520 = LINE('',#8521,#8522);
#8521 = CARTESIAN_POINT('',(51.799,-14.5,5.875));
#8522 = VECTOR('',#8523,1.);
#8523 = DIRECTION('',(-0.,0.,1.));
#8524 = PCURVE('',#8239,#8525);
#8525 = DEFINITIONAL_REPRESENTATION('',(#8526),#8529);
#8526 = B_SPLINE_CURVE_WITH_KNOTS('',1,(#8527,#8528),.UNSPECIFIED.,.F.,
  .F.,(2,2),(0.725,0.825),.PIECEWISE_BEZIER_KNOTS.);
#8527 = CARTESIAN_POINT('',(8.7,-0.5));
#8528 = CARTESIAN_POINT('',(8.7,-0.6));
#8529 = ( GEOMETRIC_REPRESENTATION_CONTEXT(2) 
PARAMETRIC_REPRESENTATION_CONTEXT() REPRESENTATION_CONTEXT('2D SPACE',''
  ) );
#8530 = PCURVE('',#8531,#8536);
#8531 = PLANE('',#8532);
#8532 = AXIS2_PLACEMENT_3D('',#8533,#8534,#8535);
#8533 = CARTESIAN_POINT('',(51.6,-14.5,5.65));
#8534 = DIRECTION('',(0.,1.,0.));
#8535 = DIRECTION('',(0.,0.,1.));
#8536 = DEFINITIONAL_REPRESENTATION('',(#8537),#8541);
#8537 = LINE('',#8538,#8539);
#8538 = CARTESIAN_POINT('',(0.225,0.199));
#8539 = VECTOR('',#8540,1.);
#8540 = DIRECTION('',(1.,0.));
#8541 = ( GEOMETRIC_REPRESENTATION_CONTEXT(2) 
PARAMETRIC_REPRESENTATION_CONTEXT() REPRESENTATION_CONTEXT('2D SPACE',''
  ) );
#8542 = ORIENTED_EDGE('',*,*,#8543,.T.);
#8543 = EDGE_CURVE('',#8517,#8346,#8544,.T.);
#8544 = SURFACE_CURVE('',#8545,(#8549,#8555),.PCURVE_S1.);
#8545 = LINE('',#8546,#8547);
#8546 = CARTESIAN_POINT('',(51.799,-13.825,6.6));
#8547 = VECTOR('',#8548,1.);
#8548 = DIRECTION('',(1.110223024625E-16,1.,-0.));
#8549 = PCURVE('',#8239,#8550);
#8550 = DEFINITIONAL_REPRESENTATION('',(#8551),#8554);
#8551 = B_SPLINE_CURVE_WITH_KNOTS('',1,(#8552,#8553),.UNSPECIFIED.,.F.,
  .F.,(2,2),(-4.65,8.025),.PIECEWISE_BEZIER_KNOTS.);
#8552 = CARTESIAN_POINT('',(12.675,-0.5));
#8553 = CARTESIAN_POINT('',(0.,-0.5));
#8554 = ( GEOMETRIC_REPRESENTATION_CONTEXT(2) 
PARAMETRIC_REPRESENTATION_CONTEXT() REPRESENTATION_CONTEXT('2D SPACE',''
  ) );
#8555 = PCURVE('',#2335,#8556);
#8556 = DEFINITIONAL_REPRESENTATION('',(#8557),#8560);
#8557 = B_SPLINE_CURVE_WITH_KNOTS('',1,(#8558,#8559),.UNSPECIFIED.,.F.,
  .F.,(2,2),(-4.65,8.025),.PIECEWISE_BEZIER_KNOTS.);
#8558 = CARTESIAN_POINT('',(52.399,3.375));
#8559 = CARTESIAN_POINT('',(52.399,16.05));
#8560 = ( GEOMETRIC_REPRESENTATION_CONTEXT(2) 
PARAMETRIC_REPRESENTATION_CONTEXT() REPRESENTATION_CONTEXT('2D SPACE',''
  ) );
#8561 = ORIENTED_EDGE('',*,*,#8395,.T.);
#8562 = ORIENTED_EDGE('',*,*,#8224,.F.);
#8563 = ADVANCED_FACE('',(#8564),#8478,.F.);
#8564 = FACE_BOUND('',#8565,.F.);
#8565 = EDGE_LOOP('',(#8566,#8596,#8624,#8652,#8680,#8708,#8729,#8730));
#8566 = ORIENTED_EDGE('',*,*,#8567,.F.);
#8567 = EDGE_CURVE('',#8568,#8570,#8572,.T.);
#8568 = VERTEX_POINT('',#8569);
#8569 = CARTESIAN_POINT('',(52.8,-17.3,5.65));
#8570 = VERTEX_POINT('',#8571);
#8571 = CARTESIAN_POINT('',(52.8,-17.3,6.6));
#8572 = SURFACE_CURVE('',#8573,(#8577,#8584),.PCURVE_S1.);
#8573 = LINE('',#8574,#8575);
#8574 = CARTESIAN_POINT('',(52.8,-17.3,5.65));
#8575 = VECTOR('',#8576,1.);
#8576 = DIRECTION('',(0.,0.,1.));
#8577 = PCURVE('',#8478,#8578);
#8578 = DEFINITIONAL_REPRESENTATION('',(#8579),#8583);
#8579 = LINE('',#8580,#8581);
#8580 = CARTESIAN_POINT('',(0.,1.2));
#8581 = VECTOR('',#8582,1.);
#8582 = DIRECTION('',(1.,0.));
#8583 = ( GEOMETRIC_REPRESENTATION_CONTEXT(2) 
PARAMETRIC_REPRESENTATION_CONTEXT() REPRESENTATION_CONTEXT('2D SPACE',''
  ) );
#8584 = PCURVE('',#8585,#8590);
#8585 = PLANE('',#8586);
#8586 = AXIS2_PLACEMENT_3D('',#8587,#8588,#8589);
#8587 = CARTESIAN_POINT('',(52.8,-17.3,5.65));
#8588 = DIRECTION('',(1.,0.,0.));
#8589 = DIRECTION('',(0.,0.,1.));
#8590 = DEFINITIONAL_REPRESENTATION('',(#8591),#8595);
#8591 = LINE('',#8592,#8593);
#8592 = CARTESIAN_POINT('',(0.,0.));
#8593 = VECTOR('',#8594,1.);
#8594 = DIRECTION('',(1.,0.));
#8595 = ( GEOMETRIC_REPRESENTATION_CONTEXT(2) 
PARAMETRIC_REPRESENTATION_CONTEXT() REPRESENTATION_CONTEXT('2D SPACE',''
  ) );
#8596 = ORIENTED_EDGE('',*,*,#8597,.F.);
#8597 = EDGE_CURVE('',#8598,#8568,#8600,.T.);
#8598 = VERTEX_POINT('',#8599);
#8599 = CARTESIAN_POINT('',(50.649,-17.3,5.65));
#8600 = SURFACE_CURVE('',#8601,(#8605,#8612),.PCURVE_S1.);
#8601 = LINE('',#8602,#8603);
#8602 = CARTESIAN_POINT('',(50.649,-17.3,5.65));
#8603 = VECTOR('',#8604,1.);
#8604 = DIRECTION('',(1.,0.,0.));
#8605 = PCURVE('',#8478,#8606);
#8606 = DEFINITIONAL_REPRESENTATION('',(#8607),#8611);
#8607 = LINE('',#8608,#8609);
#8608 = CARTESIAN_POINT('',(0.,-0.951));
#8609 = VECTOR('',#8610,1.);
#8610 = DIRECTION('',(0.,1.));
#8611 = ( GEOMETRIC_REPRESENTATION_CONTEXT(2) 
PARAMETRIC_REPRESENTATION_CONTEXT() REPRESENTATION_CONTEXT('2D SPACE',''
  ) );
#8612 = PCURVE('',#8613,#8618);
#8613 = PLANE('',#8614);
#8614 = AXIS2_PLACEMENT_3D('',#8615,#8616,#8617);
#8615 = CARTESIAN_POINT('',(50.649,-17.3,5.65));
#8616 = DIRECTION('',(0.,0.,1.));
#8617 = DIRECTION('',(1.,0.,0.));
#8618 = DEFINITIONAL_REPRESENTATION('',(#8619),#8623);
#8619 = LINE('',#8620,#8621);
#8620 = CARTESIAN_POINT('',(0.,0.));
#8621 = VECTOR('',#8622,1.);
#8622 = DIRECTION('',(1.,0.));
#8623 = ( GEOMETRIC_REPRESENTATION_CONTEXT(2) 
PARAMETRIC_REPRESENTATION_CONTEXT() REPRESENTATION_CONTEXT('2D SPACE',''
  ) );
#8624 = ORIENTED_EDGE('',*,*,#8625,.T.);
#8625 = EDGE_CURVE('',#8598,#8626,#8628,.T.);
#8626 = VERTEX_POINT('',#8627);
#8627 = CARTESIAN_POINT('',(50.649,-17.3,6.45));
#8628 = SURFACE_CURVE('',#8629,(#8633,#8640),.PCURVE_S1.);
#8629 = LINE('',#8630,#8631);
#8630 = CARTESIAN_POINT('',(50.649,-17.3,5.65));
#8631 = VECTOR('',#8632,1.);
#8632 = DIRECTION('',(0.,0.,1.));
#8633 = PCURVE('',#8478,#8634);
#8634 = DEFINITIONAL_REPRESENTATION('',(#8635),#8639);
#8635 = LINE('',#8636,#8637);
#8636 = CARTESIAN_POINT('',(0.,-0.951));
#8637 = VECTOR('',#8638,1.);
#8638 = DIRECTION('',(1.,0.));
#8639 = ( GEOMETRIC_REPRESENTATION_CONTEXT(2) 
PARAMETRIC_REPRESENTATION_CONTEXT() REPRESENTATION_CONTEXT('2D SPACE',''
  ) );
#8640 = PCURVE('',#8641,#8646);
#8641 = PLANE('',#8642);
#8642 = AXIS2_PLACEMENT_3D('',#8643,#8644,#8645);
#8643 = CARTESIAN_POINT('',(50.649,-17.3,5.65));
#8644 = DIRECTION('',(1.,0.,0.));
#8645 = DIRECTION('',(0.,0.,1.));
#8646 = DEFINITIONAL_REPRESENTATION('',(#8647),#8651);
#8647 = LINE('',#8648,#8649);
#8648 = CARTESIAN_POINT('',(0.,0.));
#8649 = VECTOR('',#8650,1.);
#8650 = DIRECTION('',(1.,0.));
#8651 = ( GEOMETRIC_REPRESENTATION_CONTEXT(2) 
PARAMETRIC_REPRESENTATION_CONTEXT() REPRESENTATION_CONTEXT('2D SPACE',''
  ) );
#8652 = ORIENTED_EDGE('',*,*,#8653,.T.);
#8653 = EDGE_CURVE('',#8626,#8654,#8656,.T.);
#8654 = VERTEX_POINT('',#8655);
#8655 = CARTESIAN_POINT('',(51.6,-17.3,6.45));
#8656 = SURFACE_CURVE('',#8657,(#8661,#8668),.PCURVE_S1.);
#8657 = LINE('',#8658,#8659);
#8658 = CARTESIAN_POINT('',(50.649,-17.3,6.45));
#8659 = VECTOR('',#8660,1.);
#8660 = DIRECTION('',(1.,0.,0.));
#8661 = PCURVE('',#8478,#8662);
#8662 = DEFINITIONAL_REPRESENTATION('',(#8663),#8667);
#8663 = LINE('',#8664,#8665);
#8664 = CARTESIAN_POINT('',(0.8,-0.951));
#8665 = VECTOR('',#8666,1.);
#8666 = DIRECTION('',(0.,1.));
#8667 = ( GEOMETRIC_REPRESENTATION_CONTEXT(2) 
PARAMETRIC_REPRESENTATION_CONTEXT() REPRESENTATION_CONTEXT('2D SPACE',''
  ) );
#8668 = PCURVE('',#8669,#8674);
#8669 = PLANE('',#8670);
#8670 = AXIS2_PLACEMENT_3D('',#8671,#8672,#8673);
#8671 = CARTESIAN_POINT('',(50.649,-17.3,6.45));
#8672 = DIRECTION('',(0.,0.,1.));
#8673 = DIRECTION('',(1.,0.,0.));
#8674 = DEFINITIONAL_REPRESENTATION('',(#8675),#8679);
#8675 = LINE('',#8676,#8677);
#8676 = CARTESIAN_POINT('',(0.,0.));
#8677 = VECTOR('',#8678,1.);
#8678 = DIRECTION('',(1.,0.));
#8679 = ( GEOMETRIC_REPRESENTATION_CONTEXT(2) 
PARAMETRIC_REPRESENTATION_CONTEXT() REPRESENTATION_CONTEXT('2D SPACE',''
  ) );
#8680 = ORIENTED_EDGE('',*,*,#8681,.T.);
#8681 = EDGE_CURVE('',#8654,#8682,#8684,.T.);
#8682 = VERTEX_POINT('',#8683);
#8683 = CARTESIAN_POINT('',(51.6,-17.3,6.7));
#8684 = SURFACE_CURVE('',#8685,(#8689,#8696),.PCURVE_S1.);
#8685 = LINE('',#8686,#8687);
#8686 = CARTESIAN_POINT('',(51.6,-17.3,5.65));
#8687 = VECTOR('',#8688,1.);
#8688 = DIRECTION('',(0.,0.,1.));
#8689 = PCURVE('',#8478,#8690);
#8690 = DEFINITIONAL_REPRESENTATION('',(#8691),#8695);
#8691 = LINE('',#8692,#8693);
#8692 = CARTESIAN_POINT('',(0.,0.));
#8693 = VECTOR('',#8694,1.);
#8694 = DIRECTION('',(1.,0.));
#8695 = ( GEOMETRIC_REPRESENTATION_CONTEXT(2) 
PARAMETRIC_REPRESENTATION_CONTEXT() REPRESENTATION_CONTEXT('2D SPACE',''
  ) );
#8696 = PCURVE('',#8697,#8702);
#8697 = PLANE('',#8698);
#8698 = AXIS2_PLACEMENT_3D('',#8699,#8700,#8701);
#8699 = CARTESIAN_POINT('',(51.6,-17.3,5.65));
#8700 = DIRECTION('',(1.,0.,0.));
#8701 = DIRECTION('',(0.,0.,1.));
#8702 = DEFINITIONAL_REPRESENTATION('',(#8703),#8707);
#8703 = LINE('',#8704,#8705);
#8704 = CARTESIAN_POINT('',(0.,0.));
#8705 = VECTOR('',#8706,1.);
#8706 = DIRECTION('',(1.,0.));
#8707 = ( GEOMETRIC_REPRESENTATION_CONTEXT(2) 
PARAMETRIC_REPRESENTATION_CONTEXT() REPRESENTATION_CONTEXT('2D SPACE',''
  ) );
#8708 = ORIENTED_EDGE('',*,*,#8709,.T.);
#8709 = EDGE_CURVE('',#8682,#8464,#8710,.T.);
#8710 = SURFACE_CURVE('',#8711,(#8715,#8722),.PCURVE_S1.);
#8711 = LINE('',#8712,#8713);
#8712 = CARTESIAN_POINT('',(51.6,-17.3,6.7));
#8713 = VECTOR('',#8714,1.);
#8714 = DIRECTION('',(1.,0.,0.));
#8715 = PCURVE('',#8478,#8716);
#8716 = DEFINITIONAL_REPRESENTATION('',(#8717),#8721);
#8717 = LINE('',#8718,#8719);
#8718 = CARTESIAN_POINT('',(1.05,0.));
#8719 = VECTOR('',#8720,1.);
#8720 = DIRECTION('',(0.,1.));
#8721 = ( GEOMETRIC_REPRESENTATION_CONTEXT(2) 
PARAMETRIC_REPRESENTATION_CONTEXT() REPRESENTATION_CONTEXT('2D SPACE',''
  ) );
#8722 = PCURVE('',#8505,#8723);
#8723 = DEFINITIONAL_REPRESENTATION('',(#8724),#8728);
#8724 = LINE('',#8725,#8726);
#8725 = CARTESIAN_POINT('',(0.,0.));
#8726 = VECTOR('',#8727,1.);
#8727 = DIRECTION('',(1.,0.));
#8728 = ( GEOMETRIC_REPRESENTATION_CONTEXT(2) 
PARAMETRIC_REPRESENTATION_CONTEXT() REPRESENTATION_CONTEXT('2D SPACE',''
  ) );
#8729 = ORIENTED_EDGE('',*,*,#8463,.F.);
#8730 = ORIENTED_EDGE('',*,*,#8731,.F.);
#8731 = EDGE_CURVE('',#8570,#8443,#8732,.T.);
#8732 = SURFACE_CURVE('',#8733,(#8737,#8744),.PCURVE_S1.);
#8733 = LINE('',#8734,#8735);
#8734 = CARTESIAN_POINT('',(25.5,-17.3,6.6));
#8735 = VECTOR('',#8736,1.);
#8736 = DIRECTION('',(-1.,0.,0.));
#8737 = PCURVE('',#8478,#8738);
#8738 = DEFINITIONAL_REPRESENTATION('',(#8739),#8743);
#8739 = LINE('',#8740,#8741);
#8740 = CARTESIAN_POINT('',(0.95,-26.1));
#8741 = VECTOR('',#8742,1.);
#8742 = DIRECTION('',(0.,-1.));
#8743 = ( GEOMETRIC_REPRESENTATION_CONTEXT(2) 
PARAMETRIC_REPRESENTATION_CONTEXT() REPRESENTATION_CONTEXT('2D SPACE',''
  ) );
#8744 = PCURVE('',#2335,#8745);
#8745 = DEFINITIONAL_REPRESENTATION('',(#8746),#8749);
#8746 = B_SPLINE_CURVE_WITH_KNOTS('',1,(#8747,#8748),.UNSPECIFIED.,.F.,
  .F.,(2,2),(-27.3,-26.1),.PIECEWISE_BEZIER_KNOTS.);
#8747 = CARTESIAN_POINT('',(53.4,4.55));
#8748 = CARTESIAN_POINT('',(52.2,4.55));
#8749 = ( GEOMETRIC_REPRESENTATION_CONTEXT(2) 
PARAMETRIC_REPRESENTATION_CONTEXT() REPRESENTATION_CONTEXT('2D SPACE',''
  ) );
#8750 = ADVANCED_FACE('',(#8751),#8697,.F.);
#8751 = FACE_BOUND('',#8752,.F.);
#8752 = EDGE_LOOP('',(#8753,#8754,#8775,#8798));
#8753 = ORIENTED_EDGE('',*,*,#8681,.F.);
#8754 = ORIENTED_EDGE('',*,*,#8755,.T.);
#8755 = EDGE_CURVE('',#8654,#8756,#8758,.T.);
#8756 = VERTEX_POINT('',#8757);
#8757 = CARTESIAN_POINT('',(51.6,-14.5,6.45));
#8758 = SURFACE_CURVE('',#8759,(#8763,#8769),.PCURVE_S1.);
#8759 = LINE('',#8760,#8761);
#8760 = CARTESIAN_POINT('',(51.6,-17.3,6.45));
#8761 = VECTOR('',#8762,1.);
#8762 = DIRECTION('',(0.,1.,0.));
#8763 = PCURVE('',#8697,#8764);
#8764 = DEFINITIONAL_REPRESENTATION('',(#8765),#8768);
#8765 = B_SPLINE_CURVE_WITH_KNOTS('',1,(#8766,#8767),.UNSPECIFIED.,.F.,
  .F.,(2,2),(0.,2.8),.PIECEWISE_BEZIER_KNOTS.);
#8766 = CARTESIAN_POINT('',(0.8,0.));
#8767 = CARTESIAN_POINT('',(0.8,-2.8));
#8768 = ( GEOMETRIC_REPRESENTATION_CONTEXT(2) 
PARAMETRIC_REPRESENTATION_CONTEXT() REPRESENTATION_CONTEXT('2D SPACE',''
  ) );
#8769 = PCURVE('',#8669,#8770);
#8770 = DEFINITIONAL_REPRESENTATION('',(#8771),#8774);
#8771 = B_SPLINE_CURVE_WITH_KNOTS('',1,(#8772,#8773),.UNSPECIFIED.,.F.,
  .F.,(2,2),(0.,2.8),.PIECEWISE_BEZIER_KNOTS.);
#8772 = CARTESIAN_POINT('',(0.951,0.));
#8773 = CARTESIAN_POINT('',(0.951,2.8));
#8774 = ( GEOMETRIC_REPRESENTATION_CONTEXT(2) 
PARAMETRIC_REPRESENTATION_CONTEXT() REPRESENTATION_CONTEXT('2D SPACE',''
  ) );
#8775 = ORIENTED_EDGE('',*,*,#8776,.T.);
#8776 = EDGE_CURVE('',#8756,#8777,#8779,.T.);
#8777 = VERTEX_POINT('',#8778);
#8778 = CARTESIAN_POINT('',(51.6,-14.5,6.7));
#8779 = SURFACE_CURVE('',#8780,(#8784,#8791),.PCURVE_S1.);
#8780 = LINE('',#8781,#8782);
#8781 = CARTESIAN_POINT('',(51.6,-14.5,5.65));
#8782 = VECTOR('',#8783,1.);
#8783 = DIRECTION('',(0.,0.,1.));
#8784 = PCURVE('',#8697,#8785);
#8785 = DEFINITIONAL_REPRESENTATION('',(#8786),#8790);
#8786 = LINE('',#8787,#8788);
#8787 = CARTESIAN_POINT('',(0.,-2.8));
#8788 = VECTOR('',#8789,1.);
#8789 = DIRECTION('',(1.,0.));
#8790 = ( GEOMETRIC_REPRESENTATION_CONTEXT(2) 
PARAMETRIC_REPRESENTATION_CONTEXT() REPRESENTATION_CONTEXT('2D SPACE',''
  ) );
#8791 = PCURVE('',#8531,#8792);
#8792 = DEFINITIONAL_REPRESENTATION('',(#8793),#8797);
#8793 = LINE('',#8794,#8795);
#8794 = CARTESIAN_POINT('',(0.,0.));
#8795 = VECTOR('',#8796,1.);
#8796 = DIRECTION('',(1.,0.));
#8797 = ( GEOMETRIC_REPRESENTATION_CONTEXT(2) 
PARAMETRIC_REPRESENTATION_CONTEXT() REPRESENTATION_CONTEXT('2D SPACE',''
  ) );
#8798 = ORIENTED_EDGE('',*,*,#8799,.F.);
#8799 = EDGE_CURVE('',#8682,#8777,#8800,.T.);
#8800 = SURFACE_CURVE('',#8801,(#8805,#8812),.PCURVE_S1.);
#8801 = LINE('',#8802,#8803);
#8802 = CARTESIAN_POINT('',(51.6,-17.3,6.7));
#8803 = VECTOR('',#8804,1.);
#8804 = DIRECTION('',(0.,1.,0.));
#8805 = PCURVE('',#8697,#8806);
#8806 = DEFINITIONAL_REPRESENTATION('',(#8807),#8811);
#8807 = LINE('',#8808,#8809);
#8808 = CARTESIAN_POINT('',(1.05,0.));
#8809 = VECTOR('',#8810,1.);
#8810 = DIRECTION('',(0.,-1.));
#8811 = ( GEOMETRIC_REPRESENTATION_CONTEXT(2) 
PARAMETRIC_REPRESENTATION_CONTEXT() REPRESENTATION_CONTEXT('2D SPACE',''
  ) );
#8812 = PCURVE('',#8505,#8813);
#8813 = DEFINITIONAL_REPRESENTATION('',(#8814),#8818);
#8814 = LINE('',#8815,#8816);
#8815 = CARTESIAN_POINT('',(0.,0.));
#8816 = VECTOR('',#8817,1.);
#8817 = DIRECTION('',(0.,1.));
#8818 = ( GEOMETRIC_REPRESENTATION_CONTEXT(2) 
PARAMETRIC_REPRESENTATION_CONTEXT() REPRESENTATION_CONTEXT('2D SPACE',''
  ) );
#8819 = ADVANCED_FACE('',(#8820),#8669,.T.);
#8820 = FACE_BOUND('',#8821,.T.);
#8821 = EDGE_LOOP('',(#8822,#8845,#8866,#8867));
#8822 = ORIENTED_EDGE('',*,*,#8823,.F.);
#8823 = EDGE_CURVE('',#8824,#8756,#8826,.T.);
#8824 = VERTEX_POINT('',#8825);
#8825 = CARTESIAN_POINT('',(50.649,-14.5,6.45));
#8826 = SURFACE_CURVE('',#8827,(#8831,#8838),.PCURVE_S1.);
#8827 = LINE('',#8828,#8829);
#8828 = CARTESIAN_POINT('',(50.649,-14.5,6.45));
#8829 = VECTOR('',#8830,1.);
#8830 = DIRECTION('',(1.,0.,0.));
#8831 = PCURVE('',#8669,#8832);
#8832 = DEFINITIONAL_REPRESENTATION('',(#8833),#8837);
#8833 = LINE('',#8834,#8835);
#8834 = CARTESIAN_POINT('',(0.,2.8));
#8835 = VECTOR('',#8836,1.);
#8836 = DIRECTION('',(1.,0.));
#8837 = ( GEOMETRIC_REPRESENTATION_CONTEXT(2) 
PARAMETRIC_REPRESENTATION_CONTEXT() REPRESENTATION_CONTEXT('2D SPACE',''
  ) );
#8838 = PCURVE('',#8531,#8839);
#8839 = DEFINITIONAL_REPRESENTATION('',(#8840),#8844);
#8840 = LINE('',#8841,#8842);
#8841 = CARTESIAN_POINT('',(0.8,-0.951));
#8842 = VECTOR('',#8843,1.);
#8843 = DIRECTION('',(0.,1.));
#8844 = ( GEOMETRIC_REPRESENTATION_CONTEXT(2) 
PARAMETRIC_REPRESENTATION_CONTEXT() REPRESENTATION_CONTEXT('2D SPACE',''
  ) );
#8845 = ORIENTED_EDGE('',*,*,#8846,.F.);
#8846 = EDGE_CURVE('',#8626,#8824,#8847,.T.);
#8847 = SURFACE_CURVE('',#8848,(#8852,#8859),.PCURVE_S1.);
#8848 = LINE('',#8849,#8850);
#8849 = CARTESIAN_POINT('',(50.649,-17.3,6.45));
#8850 = VECTOR('',#8851,1.);
#8851 = DIRECTION('',(0.,1.,0.));
#8852 = PCURVE('',#8669,#8853);
#8853 = DEFINITIONAL_REPRESENTATION('',(#8854),#8858);
#8854 = LINE('',#8855,#8856);
#8855 = CARTESIAN_POINT('',(0.,0.));
#8856 = VECTOR('',#8857,1.);
#8857 = DIRECTION('',(0.,1.));
#8858 = ( GEOMETRIC_REPRESENTATION_CONTEXT(2) 
PARAMETRIC_REPRESENTATION_CONTEXT() REPRESENTATION_CONTEXT('2D SPACE',''
  ) );
#8859 = PCURVE('',#8641,#8860);
#8860 = DEFINITIONAL_REPRESENTATION('',(#8861),#8865);
#8861 = LINE('',#8862,#8863);
#8862 = CARTESIAN_POINT('',(0.8,0.));
#8863 = VECTOR('',#8864,1.);
#8864 = DIRECTION('',(0.,-1.));
#8865 = ( GEOMETRIC_REPRESENTATION_CONTEXT(2) 
PARAMETRIC_REPRESENTATION_CONTEXT() REPRESENTATION_CONTEXT('2D SPACE',''
  ) );
#8866 = ORIENTED_EDGE('',*,*,#8653,.T.);
#8867 = ORIENTED_EDGE('',*,*,#8755,.T.);
#8868 = ADVANCED_FACE('',(#8869),#8641,.F.);
#8869 = FACE_BOUND('',#8870,.F.);
#8870 = EDGE_LOOP('',(#8871,#8872,#8895,#8916));
#8871 = ORIENTED_EDGE('',*,*,#8625,.F.);
#8872 = ORIENTED_EDGE('',*,*,#8873,.T.);
#8873 = EDGE_CURVE('',#8598,#8874,#8876,.T.);
#8874 = VERTEX_POINT('',#8875);
#8875 = CARTESIAN_POINT('',(50.649,-14.5,5.65));
#8876 = SURFACE_CURVE('',#8877,(#8881,#8888),.PCURVE_S1.);
#8877 = LINE('',#8878,#8879);
#8878 = CARTESIAN_POINT('',(50.649,-17.3,5.65));
#8879 = VECTOR('',#8880,1.);
#8880 = DIRECTION('',(0.,1.,0.));
#8881 = PCURVE('',#8641,#8882);
#8882 = DEFINITIONAL_REPRESENTATION('',(#8883),#8887);
#8883 = LINE('',#8884,#8885);
#8884 = CARTESIAN_POINT('',(0.,0.));
#8885 = VECTOR('',#8886,1.);
#8886 = DIRECTION('',(0.,-1.));
#8887 = ( GEOMETRIC_REPRESENTATION_CONTEXT(2) 
PARAMETRIC_REPRESENTATION_CONTEXT() REPRESENTATION_CONTEXT('2D SPACE',''
  ) );
#8888 = PCURVE('',#8613,#8889);
#8889 = DEFINITIONAL_REPRESENTATION('',(#8890),#8894);
#8890 = LINE('',#8891,#8892);
#8891 = CARTESIAN_POINT('',(0.,0.));
#8892 = VECTOR('',#8893,1.);
#8893 = DIRECTION('',(0.,1.));
#8894 = ( GEOMETRIC_REPRESENTATION_CONTEXT(2) 
PARAMETRIC_REPRESENTATION_CONTEXT() REPRESENTATION_CONTEXT('2D SPACE',''
  ) );
#8895 = ORIENTED_EDGE('',*,*,#8896,.T.);
#8896 = EDGE_CURVE('',#8874,#8824,#8897,.T.);
#8897 = SURFACE_CURVE('',#8898,(#8902,#8909),.PCURVE_S1.);
#8898 = LINE('',#8899,#8900);
#8899 = CARTESIAN_POINT('',(50.649,-14.5,5.65));
#8900 = VECTOR('',#8901,1.);
#8901 = DIRECTION('',(0.,0.,1.));
#8902 = PCURVE('',#8641,#8903);
#8903 = DEFINITIONAL_REPRESENTATION('',(#8904),#8908);
#8904 = LINE('',#8905,#8906);
#8905 = CARTESIAN_POINT('',(0.,-2.8));
#8906 = VECTOR('',#8907,1.);
#8907 = DIRECTION('',(1.,0.));
#8908 = ( GEOMETRIC_REPRESENTATION_CONTEXT(2) 
PARAMETRIC_REPRESENTATION_CONTEXT() REPRESENTATION_CONTEXT('2D SPACE',''
  ) );
#8909 = PCURVE('',#8531,#8910);
#8910 = DEFINITIONAL_REPRESENTATION('',(#8911),#8915);
#8911 = LINE('',#8912,#8913);
#8912 = CARTESIAN_POINT('',(0.,-0.951));
#8913 = VECTOR('',#8914,1.);
#8914 = DIRECTION('',(1.,0.));
#8915 = ( GEOMETRIC_REPRESENTATION_CONTEXT(2) 
PARAMETRIC_REPRESENTATION_CONTEXT() REPRESENTATION_CONTEXT('2D SPACE',''
  ) );
#8916 = ORIENTED_EDGE('',*,*,#8846,.F.);
#8917 = ADVANCED_FACE('',(#8918),#8613,.F.);
#8918 = FACE_BOUND('',#8919,.F.);
#8919 = EDGE_LOOP('',(#8920,#8943,#8944,#8945));
#8920 = ORIENTED_EDGE('',*,*,#8921,.T.);
#8921 = EDGE_CURVE('',#8922,#8874,#8924,.T.);
#8922 = VERTEX_POINT('',#8923);
#8923 = CARTESIAN_POINT('',(52.8,-14.5,5.65));
#8924 = SURFACE_CURVE('',#8925,(#8929,#8936),.PCURVE_S1.);
#8925 = LINE('',#8926,#8927);
#8926 = CARTESIAN_POINT('',(52.8,-14.5,5.65));
#8927 = VECTOR('',#8928,1.);
#8928 = DIRECTION('',(-1.,0.,0.));
#8929 = PCURVE('',#8613,#8930);
#8930 = DEFINITIONAL_REPRESENTATION('',(#8931),#8935);
#8931 = LINE('',#8932,#8933);
#8932 = CARTESIAN_POINT('',(2.151,2.8));
#8933 = VECTOR('',#8934,1.);
#8934 = DIRECTION('',(-1.,0.));
#8935 = ( GEOMETRIC_REPRESENTATION_CONTEXT(2) 
PARAMETRIC_REPRESENTATION_CONTEXT() REPRESENTATION_CONTEXT('2D SPACE',''
  ) );
#8936 = PCURVE('',#8531,#8937);
#8937 = DEFINITIONAL_REPRESENTATION('',(#8938),#8942);
#8938 = LINE('',#8939,#8940);
#8939 = CARTESIAN_POINT('',(0.,1.2));
#8940 = VECTOR('',#8941,1.);
#8941 = DIRECTION('',(0.,-1.));
#8942 = ( GEOMETRIC_REPRESENTATION_CONTEXT(2) 
PARAMETRIC_REPRESENTATION_CONTEXT() REPRESENTATION_CONTEXT('2D SPACE',''
  ) );
#8943 = ORIENTED_EDGE('',*,*,#8873,.F.);
#8944 = ORIENTED_EDGE('',*,*,#8597,.T.);
#8945 = ORIENTED_EDGE('',*,*,#8946,.T.);
#8946 = EDGE_CURVE('',#8568,#8922,#8947,.T.);
#8947 = SURFACE_CURVE('',#8948,(#8952,#8959),.PCURVE_S1.);
#8948 = LINE('',#8949,#8950);
#8949 = CARTESIAN_POINT('',(52.8,-17.3,5.65));
#8950 = VECTOR('',#8951,1.);
#8951 = DIRECTION('',(0.,1.,0.));
#8952 = PCURVE('',#8613,#8953);
#8953 = DEFINITIONAL_REPRESENTATION('',(#8954),#8958);
#8954 = LINE('',#8955,#8956);
#8955 = CARTESIAN_POINT('',(2.151,0.));
#8956 = VECTOR('',#8957,1.);
#8957 = DIRECTION('',(0.,1.));
#8958 = ( GEOMETRIC_REPRESENTATION_CONTEXT(2) 
PARAMETRIC_REPRESENTATION_CONTEXT() REPRESENTATION_CONTEXT('2D SPACE',''
  ) );
#8959 = PCURVE('',#8585,#8960);
#8960 = DEFINITIONAL_REPRESENTATION('',(#8961),#8965);
#8961 = LINE('',#8962,#8963);
#8962 = CARTESIAN_POINT('',(0.,0.));
#8963 = VECTOR('',#8964,1.);
#8964 = DIRECTION('',(0.,-1.));
#8965 = ( GEOMETRIC_REPRESENTATION_CONTEXT(2) 
PARAMETRIC_REPRESENTATION_CONTEXT() REPRESENTATION_CONTEXT('2D SPACE',''
  ) );
#8966 = ADVANCED_FACE('',(#8967),#8585,.T.);
#8967 = FACE_BOUND('',#8968,.T.);
#8968 = EDGE_LOOP('',(#8969,#8970,#8971,#8994));
#8969 = ORIENTED_EDGE('',*,*,#8567,.F.);
#8970 = ORIENTED_EDGE('',*,*,#8946,.T.);
#8971 = ORIENTED_EDGE('',*,*,#8972,.T.);
#8972 = EDGE_CURVE('',#8922,#8973,#8975,.T.);
#8973 = VERTEX_POINT('',#8974);
#8974 = CARTESIAN_POINT('',(52.8,-14.5,6.6));
#8975 = SURFACE_CURVE('',#8976,(#8980,#8987),.PCURVE_S1.);
#8976 = LINE('',#8977,#8978);
#8977 = CARTESIAN_POINT('',(52.8,-14.5,5.65));
#8978 = VECTOR('',#8979,1.);
#8979 = DIRECTION('',(0.,0.,1.));
#8980 = PCURVE('',#8585,#8981);
#8981 = DEFINITIONAL_REPRESENTATION('',(#8982),#8986);
#8982 = LINE('',#8983,#8984);
#8983 = CARTESIAN_POINT('',(0.,-2.8));
#8984 = VECTOR('',#8985,1.);
#8985 = DIRECTION('',(1.,0.));
#8986 = ( GEOMETRIC_REPRESENTATION_CONTEXT(2) 
PARAMETRIC_REPRESENTATION_CONTEXT() REPRESENTATION_CONTEXT('2D SPACE',''
  ) );
#8987 = PCURVE('',#8531,#8988);
#8988 = DEFINITIONAL_REPRESENTATION('',(#8989),#8993);
#8989 = LINE('',#8990,#8991);
#8990 = CARTESIAN_POINT('',(0.,1.2));
#8991 = VECTOR('',#8992,1.);
#8992 = DIRECTION('',(1.,0.));
#8993 = ( GEOMETRIC_REPRESENTATION_CONTEXT(2) 
PARAMETRIC_REPRESENTATION_CONTEXT() REPRESENTATION_CONTEXT('2D SPACE',''
  ) );
#8994 = ORIENTED_EDGE('',*,*,#8995,.F.);
#8995 = EDGE_CURVE('',#8570,#8973,#8996,.T.);
#8996 = SURFACE_CURVE('',#8997,(#9001,#9008),.PCURVE_S1.);
#8997 = LINE('',#8998,#8999);
#8998 = CARTESIAN_POINT('',(52.8,-19.575,6.6));
#8999 = VECTOR('',#9000,1.);
#9000 = DIRECTION('',(0.,1.,0.));
#9001 = PCURVE('',#8585,#9002);
#9002 = DEFINITIONAL_REPRESENTATION('',(#9003),#9007);
#9003 = LINE('',#9004,#9005);
#9004 = CARTESIAN_POINT('',(0.95,2.275));
#9005 = VECTOR('',#9006,1.);
#9006 = DIRECTION('',(0.,-1.));
#9007 = ( GEOMETRIC_REPRESENTATION_CONTEXT(2) 
PARAMETRIC_REPRESENTATION_CONTEXT() REPRESENTATION_CONTEXT('2D SPACE',''
  ) );
#9008 = PCURVE('',#2335,#9009);
#9009 = DEFINITIONAL_REPRESENTATION('',(#9010),#9013);
#9010 = B_SPLINE_CURVE_WITH_KNOTS('',1,(#9011,#9012),.UNSPECIFIED.,.F.,
  .F.,(2,2),(2.275,5.075),.PIECEWISE_BEZIER_KNOTS.);
#9011 = CARTESIAN_POINT('',(53.4,4.55));
#9012 = CARTESIAN_POINT('',(53.4,7.35));
#9013 = ( GEOMETRIC_REPRESENTATION_CONTEXT(2) 
PARAMETRIC_REPRESENTATION_CONTEXT() REPRESENTATION_CONTEXT('2D SPACE',''
  ) );
#9014 = ADVANCED_FACE('',(#9015),#8505,.T.);
#9015 = FACE_BOUND('',#9016,.T.);
#9016 = EDGE_LOOP('',(#9017,#9038,#9039,#9040));
#9017 = ORIENTED_EDGE('',*,*,#9018,.F.);
#9018 = EDGE_CURVE('',#8777,#8491,#9019,.T.);
#9019 = SURFACE_CURVE('',#9020,(#9024,#9031),.PCURVE_S1.);
#9020 = LINE('',#9021,#9022);
#9021 = CARTESIAN_POINT('',(51.6,-14.5,6.7));
#9022 = VECTOR('',#9023,1.);
#9023 = DIRECTION('',(1.,0.,0.));
#9024 = PCURVE('',#8505,#9025);
#9025 = DEFINITIONAL_REPRESENTATION('',(#9026),#9030);
#9026 = LINE('',#9027,#9028);
#9027 = CARTESIAN_POINT('',(0.,2.8));
#9028 = VECTOR('',#9029,1.);
#9029 = DIRECTION('',(1.,0.));
#9030 = ( GEOMETRIC_REPRESENTATION_CONTEXT(2) 
PARAMETRIC_REPRESENTATION_CONTEXT() REPRESENTATION_CONTEXT('2D SPACE',''
  ) );
#9031 = PCURVE('',#8531,#9032);
#9032 = DEFINITIONAL_REPRESENTATION('',(#9033),#9037);
#9033 = LINE('',#9034,#9035);
#9034 = CARTESIAN_POINT('',(1.05,0.));
#9035 = VECTOR('',#9036,1.);
#9036 = DIRECTION('',(0.,1.));
#9037 = ( GEOMETRIC_REPRESENTATION_CONTEXT(2) 
PARAMETRIC_REPRESENTATION_CONTEXT() REPRESENTATION_CONTEXT('2D SPACE',''
  ) );
#9038 = ORIENTED_EDGE('',*,*,#8799,.F.);
#9039 = ORIENTED_EDGE('',*,*,#8709,.T.);
#9040 = ORIENTED_EDGE('',*,*,#8490,.F.);
#9041 = ADVANCED_FACE('',(#9042),#8531,.T.);
#9042 = FACE_BOUND('',#9043,.T.);
#9043 = EDGE_LOOP('',(#9044,#9045,#9046,#9047,#9048,#9049,#9050,#9051));
#9044 = ORIENTED_EDGE('',*,*,#8972,.F.);
#9045 = ORIENTED_EDGE('',*,*,#8921,.T.);
#9046 = ORIENTED_EDGE('',*,*,#8896,.T.);
#9047 = ORIENTED_EDGE('',*,*,#8823,.T.);
#9048 = ORIENTED_EDGE('',*,*,#8776,.T.);
#9049 = ORIENTED_EDGE('',*,*,#9018,.T.);
#9050 = ORIENTED_EDGE('',*,*,#8516,.F.);
#9051 = ORIENTED_EDGE('',*,*,#9052,.F.);
#9052 = EDGE_CURVE('',#8973,#8517,#9053,.T.);
#9053 = SURFACE_CURVE('',#9054,(#9058,#9065),.PCURVE_S1.);
#9054 = LINE('',#9055,#9056);
#9055 = CARTESIAN_POINT('',(25.5,-14.5,6.6));
#9056 = VECTOR('',#9057,1.);
#9057 = DIRECTION('',(-1.,0.,0.));
#9058 = PCURVE('',#8531,#9059);
#9059 = DEFINITIONAL_REPRESENTATION('',(#9060),#9064);
#9060 = LINE('',#9061,#9062);
#9061 = CARTESIAN_POINT('',(0.95,-26.1));
#9062 = VECTOR('',#9063,1.);
#9063 = DIRECTION('',(0.,-1.));
#9064 = ( GEOMETRIC_REPRESENTATION_CONTEXT(2) 
PARAMETRIC_REPRESENTATION_CONTEXT() REPRESENTATION_CONTEXT('2D SPACE',''
  ) );
#9065 = PCURVE('',#2335,#9066);
#9066 = DEFINITIONAL_REPRESENTATION('',(#9067),#9070);
#9067 = B_SPLINE_CURVE_WITH_KNOTS('',1,(#9068,#9069),.UNSPECIFIED.,.F.,
  .F.,(2,2),(-27.3,-26.1),.PIECEWISE_BEZIER_KNOTS.);
#9068 = CARTESIAN_POINT('',(53.4,7.35));
#9069 = CARTESIAN_POINT('',(52.2,7.35));
#9070 = ( GEOMETRIC_REPRESENTATION_CONTEXT(2) 
PARAMETRIC_REPRESENTATION_CONTEXT() REPRESENTATION_CONTEXT('2D SPACE',''
  ) );
#9071 = ADVANCED_FACE('',(#9072),#8180,.F.);
#9072 = FACE_BOUND('',#9073,.F.);
#9073 = EDGE_LOOP('',(#9074,#9075,#9103,#9131,#9150));
#9074 = ORIENTED_EDGE('',*,*,#8373,.F.);
#9075 = ORIENTED_EDGE('',*,*,#9076,.T.);
#9076 = EDGE_CURVE('',#8344,#9077,#9079,.T.);
#9077 = VERTEX_POINT('',#9078);
#9078 = CARTESIAN_POINT('',(51.149,-7.3,7.));
#9079 = SURFACE_CURVE('',#9080,(#9084,#9091),.PCURVE_S1.);
#9080 = LINE('',#9081,#9082);
#9081 = CARTESIAN_POINT('',(51.149,-5.8,6.6));
#9082 = VECTOR('',#9083,1.);
#9083 = DIRECTION('',(0.,-0.966234939601,0.25766265056));
#9084 = PCURVE('',#8180,#9085);
#9085 = DEFINITIONAL_REPRESENTATION('',(#9086),#9090);
#9086 = LINE('',#9087,#9088);
#9087 = CARTESIAN_POINT('',(12.675,-0.5));
#9088 = VECTOR('',#9089,1.);
#9089 = DIRECTION('',(-0.966234939601,-0.25766265056));
#9090 = ( GEOMETRIC_REPRESENTATION_CONTEXT(2) 
PARAMETRIC_REPRESENTATION_CONTEXT() REPRESENTATION_CONTEXT('2D SPACE',''
  ) );
#9091 = PCURVE('',#9092,#9097);
#9092 = PLANE('',#9093);
#9093 = AXIS2_PLACEMENT_3D('',#9094,#9095,#9096);
#9094 = CARTESIAN_POINT('',(47.149,-5.8,6.6));
#9095 = DIRECTION('',(0.,-0.25766265056,-0.966234939601));
#9096 = DIRECTION('',(0.,-0.966234939601,0.25766265056));
#9097 = DEFINITIONAL_REPRESENTATION('',(#9098),#9102);
#9098 = LINE('',#9099,#9100);
#9099 = CARTESIAN_POINT('',(0.,-4.));
#9100 = VECTOR('',#9101,1.);
#9101 = DIRECTION('',(1.,0.));
#9102 = ( GEOMETRIC_REPRESENTATION_CONTEXT(2) 
PARAMETRIC_REPRESENTATION_CONTEXT() REPRESENTATION_CONTEXT('2D SPACE',''
  ) );
#9103 = ORIENTED_EDGE('',*,*,#9104,.F.);
#9104 = EDGE_CURVE('',#9105,#9077,#9107,.T.);
#9105 = VERTEX_POINT('',#9106);
#9106 = CARTESIAN_POINT('',(51.149,-18.15,7.));
#9107 = SURFACE_CURVE('',#9108,(#9112,#9119),.PCURVE_S1.);
#9108 = LINE('',#9109,#9110);
#9109 = CARTESIAN_POINT('',(51.149,-18.15,7.));
#9110 = VECTOR('',#9111,1.);
#9111 = DIRECTION('',(0.,1.,0.));
#9112 = PCURVE('',#8180,#9113);
#9113 = DEFINITIONAL_REPRESENTATION('',(#9114),#9118);
#9114 = LINE('',#9115,#9116);
#9115 = CARTESIAN_POINT('',(0.325,-0.9));
#9116 = VECTOR('',#9117,1.);
#9117 = DIRECTION('',(1.,0.));
#9118 = ( GEOMETRIC_REPRESENTATION_CONTEXT(2) 
PARAMETRIC_REPRESENTATION_CONTEXT() REPRESENTATION_CONTEXT('2D SPACE',''
  ) );
#9119 = PCURVE('',#9120,#9125);
#9120 = PLANE('',#9121);
#9121 = AXIS2_PLACEMENT_3D('',#9122,#9123,#9124);
#9122 = CARTESIAN_POINT('',(47.149,-18.15,7.));
#9123 = DIRECTION('',(0.,0.,1.));
#9124 = DIRECTION('',(1.,0.,0.));
#9125 = DEFINITIONAL_REPRESENTATION('',(#9126),#9130);
#9126 = LINE('',#9127,#9128);
#9127 = CARTESIAN_POINT('',(4.,0.));
#9128 = VECTOR('',#9129,1.);
#9129 = DIRECTION('',(0.,1.));
#9130 = ( GEOMETRIC_REPRESENTATION_CONTEXT(2) 
PARAMETRIC_REPRESENTATION_CONTEXT() REPRESENTATION_CONTEXT('2D SPACE',''
  ) );
#9131 = ORIENTED_EDGE('',*,*,#9132,.F.);
#9132 = EDGE_CURVE('',#8140,#9105,#9133,.T.);
#9133 = SURFACE_CURVE('',#9134,(#9138,#9144),.PCURVE_S1.);
#9134 = LINE('',#9135,#9136);
#9135 = CARTESIAN_POINT('',(51.149,-18.15,6.1));
#9136 = VECTOR('',#9137,1.);
#9137 = DIRECTION('',(0.,0.,-1.));
#9138 = PCURVE('',#8180,#9139);
#9139 = DEFINITIONAL_REPRESENTATION('',(#9140),#9143);
#9140 = B_SPLINE_CURVE_WITH_KNOTS('',1,(#9141,#9142),.UNSPECIFIED.,.F.,
  .F.,(2,2),(-1.7,-0.5),.PIECEWISE_BEZIER_KNOTS.);
#9141 = CARTESIAN_POINT('',(0.325,-1.7));
#9142 = CARTESIAN_POINT('',(0.325,-0.5));
#9143 = ( GEOMETRIC_REPRESENTATION_CONTEXT(2) 
PARAMETRIC_REPRESENTATION_CONTEXT() REPRESENTATION_CONTEXT('2D SPACE',''
  ) );
#9144 = PCURVE('',#8154,#9145);
#9145 = DEFINITIONAL_REPRESENTATION('',(#9146),#9149);
#9146 = B_SPLINE_CURVE_WITH_KNOTS('',1,(#9147,#9148),.UNSPECIFIED.,.F.,
  .F.,(2,2),(-1.7,-0.5),.PIECEWISE_BEZIER_KNOTS.);
#9147 = CARTESIAN_POINT('',(1.7,4.325));
#9148 = CARTESIAN_POINT('',(0.5,4.325));
#9149 = ( GEOMETRIC_REPRESENTATION_CONTEXT(2) 
PARAMETRIC_REPRESENTATION_CONTEXT() REPRESENTATION_CONTEXT('2D SPACE',''
  ) );
#9150 = ORIENTED_EDGE('',*,*,#8165,.F.);
#9151 = ADVANCED_FACE('',(#9152),#9092,.T.);
#9152 = FACE_BOUND('',#9153,.T.);
#9153 = EDGE_LOOP('',(#9154,#9177,#9178,#9201));
#9154 = ORIENTED_EDGE('',*,*,#9155,.T.);
#9155 = EDGE_CURVE('',#9156,#8344,#9158,.T.);
#9156 = VERTEX_POINT('',#9157);
#9157 = CARTESIAN_POINT('',(47.149,-5.8,6.6));
#9158 = SURFACE_CURVE('',#9159,(#9163,#9170),.PCURVE_S1.);
#9159 = LINE('',#9160,#9161);
#9160 = CARTESIAN_POINT('',(47.149,-5.8,6.6));
#9161 = VECTOR('',#9162,1.);
#9162 = DIRECTION('',(1.,0.,0.));
#9163 = PCURVE('',#9092,#9164);
#9164 = DEFINITIONAL_REPRESENTATION('',(#9165),#9169);
#9165 = LINE('',#9166,#9167);
#9166 = CARTESIAN_POINT('',(0.,0.));
#9167 = VECTOR('',#9168,1.);
#9168 = DIRECTION('',(0.,-1.));
#9169 = ( GEOMETRIC_REPRESENTATION_CONTEXT(2) 
PARAMETRIC_REPRESENTATION_CONTEXT() REPRESENTATION_CONTEXT('2D SPACE',''
  ) );
#9170 = PCURVE('',#2335,#9171);
#9171 = DEFINITIONAL_REPRESENTATION('',(#9172),#9176);
#9172 = LINE('',#9173,#9174);
#9173 = CARTESIAN_POINT('',(47.749,16.05));
#9174 = VECTOR('',#9175,1.);
#9175 = DIRECTION('',(1.,0.));
#9176 = ( GEOMETRIC_REPRESENTATION_CONTEXT(2) 
PARAMETRIC_REPRESENTATION_CONTEXT() REPRESENTATION_CONTEXT('2D SPACE',''
  ) );
#9177 = ORIENTED_EDGE('',*,*,#9076,.T.);
#9178 = ORIENTED_EDGE('',*,*,#9179,.F.);
#9179 = EDGE_CURVE('',#9180,#9077,#9182,.T.);
#9180 = VERTEX_POINT('',#9181);
#9181 = CARTESIAN_POINT('',(47.149,-7.3,7.));
#9182 = SURFACE_CURVE('',#9183,(#9187,#9194),.PCURVE_S1.);
#9183 = LINE('',#9184,#9185);
#9184 = CARTESIAN_POINT('',(47.149,-7.3,7.));
#9185 = VECTOR('',#9186,1.);
#9186 = DIRECTION('',(1.,0.,0.));
#9187 = PCURVE('',#9092,#9188);
#9188 = DEFINITIONAL_REPRESENTATION('',(#9189),#9193);
#9189 = LINE('',#9190,#9191);
#9190 = CARTESIAN_POINT('',(1.552417469626,0.));
#9191 = VECTOR('',#9192,1.);
#9192 = DIRECTION('',(0.,-1.));
#9193 = ( GEOMETRIC_REPRESENTATION_CONTEXT(2) 
PARAMETRIC_REPRESENTATION_CONTEXT() REPRESENTATION_CONTEXT('2D SPACE',''
  ) );
#9194 = PCURVE('',#9120,#9195);
#9195 = DEFINITIONAL_REPRESENTATION('',(#9196),#9200);
#9196 = LINE('',#9197,#9198);
#9197 = CARTESIAN_POINT('',(0.,10.85));
#9198 = VECTOR('',#9199,1.);
#9199 = DIRECTION('',(1.,0.));
#9200 = ( GEOMETRIC_REPRESENTATION_CONTEXT(2) 
PARAMETRIC_REPRESENTATION_CONTEXT() REPRESENTATION_CONTEXT('2D SPACE',''
  ) );
#9201 = ORIENTED_EDGE('',*,*,#9202,.F.);
#9202 = EDGE_CURVE('',#9156,#9180,#9203,.T.);
#9203 = SURFACE_CURVE('',#9204,(#9208,#9215),.PCURVE_S1.);
#9204 = LINE('',#9205,#9206);
#9205 = CARTESIAN_POINT('',(47.149,-5.8,6.6));
#9206 = VECTOR('',#9207,1.);
#9207 = DIRECTION('',(0.,-0.966234939601,0.25766265056));
#9208 = PCURVE('',#9092,#9209);
#9209 = DEFINITIONAL_REPRESENTATION('',(#9210),#9214);
#9210 = LINE('',#9211,#9212);
#9211 = CARTESIAN_POINT('',(0.,0.));
#9212 = VECTOR('',#9213,1.);
#9213 = DIRECTION('',(1.,0.));
#9214 = ( GEOMETRIC_REPRESENTATION_CONTEXT(2) 
PARAMETRIC_REPRESENTATION_CONTEXT() REPRESENTATION_CONTEXT('2D SPACE',''
  ) );
#9215 = PCURVE('',#8128,#9216);
#9216 = DEFINITIONAL_REPRESENTATION('',(#9217),#9221);
#9217 = LINE('',#9218,#9219);
#9218 = CARTESIAN_POINT('',(0.,-0.5));
#9219 = VECTOR('',#9220,1.);
#9220 = DIRECTION('',(0.966234939601,-0.25766265056));
#9221 = ( GEOMETRIC_REPRESENTATION_CONTEXT(2) 
PARAMETRIC_REPRESENTATION_CONTEXT() REPRESENTATION_CONTEXT('2D SPACE',''
  ) );
#9222 = ADVANCED_FACE('',(#9223,#9271),#9120,.F.);
#9223 = FACE_BOUND('',#9224,.F.);
#9224 = EDGE_LOOP('',(#9225,#9248,#9269,#9270));
#9225 = ORIENTED_EDGE('',*,*,#9226,.F.);
#9226 = EDGE_CURVE('',#9227,#9180,#9229,.T.);
#9227 = VERTEX_POINT('',#9228);
#9228 = CARTESIAN_POINT('',(47.149,-18.15,7.));
#9229 = SURFACE_CURVE('',#9230,(#9234,#9241),.PCURVE_S1.);
#9230 = LINE('',#9231,#9232);
#9231 = CARTESIAN_POINT('',(47.149,-18.15,7.));
#9232 = VECTOR('',#9233,1.);
#9233 = DIRECTION('',(0.,1.,0.));
#9234 = PCURVE('',#9120,#9235);
#9235 = DEFINITIONAL_REPRESENTATION('',(#9236),#9240);
#9236 = LINE('',#9237,#9238);
#9237 = CARTESIAN_POINT('',(0.,0.));
#9238 = VECTOR('',#9239,1.);
#9239 = DIRECTION('',(0.,1.));
#9240 = ( GEOMETRIC_REPRESENTATION_CONTEXT(2) 
PARAMETRIC_REPRESENTATION_CONTEXT() REPRESENTATION_CONTEXT('2D SPACE',''
  ) );
#9241 = PCURVE('',#8128,#9242);
#9242 = DEFINITIONAL_REPRESENTATION('',(#9243),#9247);
#9243 = LINE('',#9244,#9245);
#9244 = CARTESIAN_POINT('',(12.35,-0.9));
#9245 = VECTOR('',#9246,1.);
#9246 = DIRECTION('',(-1.,0.));
#9247 = ( GEOMETRIC_REPRESENTATION_CONTEXT(2) 
PARAMETRIC_REPRESENTATION_CONTEXT() REPRESENTATION_CONTEXT('2D SPACE',''
  ) );
#9248 = ORIENTED_EDGE('',*,*,#9249,.T.);
#9249 = EDGE_CURVE('',#9227,#9105,#9250,.T.);
#9250 = SURFACE_CURVE('',#9251,(#9255,#9262),.PCURVE_S1.);
#9251 = LINE('',#9252,#9253);
#9252 = CARTESIAN_POINT('',(47.149,-18.15,7.));
#9253 = VECTOR('',#9254,1.);
#9254 = DIRECTION('',(1.,0.,0.));
#9255 = PCURVE('',#9120,#9256);
#9256 = DEFINITIONAL_REPRESENTATION('',(#9257),#9261);
#9257 = LINE('',#9258,#9259);
#9258 = CARTESIAN_POINT('',(0.,0.));
#9259 = VECTOR('',#9260,1.);
#9260 = DIRECTION('',(1.,0.));
#9261 = ( GEOMETRIC_REPRESENTATION_CONTEXT(2) 
PARAMETRIC_REPRESENTATION_CONTEXT() REPRESENTATION_CONTEXT('2D SPACE',''
  ) );
#9262 = PCURVE('',#8154,#9263);
#9263 = DEFINITIONAL_REPRESENTATION('',(#9264),#9268);
#9264 = LINE('',#9265,#9266);
#9265 = CARTESIAN_POINT('',(0.9,0.325));
#9266 = VECTOR('',#9267,1.);
#9267 = DIRECTION('',(0.,1.));
#9268 = ( GEOMETRIC_REPRESENTATION_CONTEXT(2) 
PARAMETRIC_REPRESENTATION_CONTEXT() REPRESENTATION_CONTEXT('2D SPACE',''
  ) );
#9269 = ORIENTED_EDGE('',*,*,#9104,.T.);
#9270 = ORIENTED_EDGE('',*,*,#9179,.F.);
#9271 = FACE_BOUND('',#9272,.F.);
#9272 = EDGE_LOOP('',(#9273));
#9273 = ORIENTED_EDGE('',*,*,#9274,.T.);
#9274 = EDGE_CURVE('',#9275,#9275,#9277,.T.);
#9275 = VERTEX_POINT('',#9276);
#9276 = CARTESIAN_POINT('',(50.349,-15.875,7.));
#9277 = SURFACE_CURVE('',#9278,(#9283,#9294),.PCURVE_S1.);
#9278 = CIRCLE('',#9279,1.2);
#9279 = AXIS2_PLACEMENT_3D('',#9280,#9281,#9282);
#9280 = CARTESIAN_POINT('',(49.149,-15.875,7.));
#9281 = DIRECTION('',(0.,0.,-1.));
#9282 = DIRECTION('',(1.,0.,0.));
#9283 = PCURVE('',#9120,#9284);
#9284 = DEFINITIONAL_REPRESENTATION('',(#9285),#9293);
#9285 = ( BOUNDED_CURVE() B_SPLINE_CURVE(2,(#9286,#9287,#9288,#9289,
#9290,#9291,#9292),.UNSPECIFIED.,.T.,.F.) B_SPLINE_CURVE_WITH_KNOTS((1,2
    ,2,2,2,1),(-2.094395102393,0.,2.094395102393,4.188790204786,
6.28318530718,8.377580409573),.UNSPECIFIED.) CURVE() 
GEOMETRIC_REPRESENTATION_ITEM() RATIONAL_B_SPLINE_CURVE((1.,0.5,1.,0.5,
1.,0.5,1.)) REPRESENTATION_ITEM('') );
#9286 = CARTESIAN_POINT('',(3.2,2.275));
#9287 = CARTESIAN_POINT('',(3.2,0.196539030917));
#9288 = CARTESIAN_POINT('',(1.4,1.235769515459));
#9289 = CARTESIAN_POINT('',(-0.4,2.275));
#9290 = CARTESIAN_POINT('',(1.4,3.314230484541));
#9291 = CARTESIAN_POINT('',(3.2,4.353460969083));
#9292 = CARTESIAN_POINT('',(3.2,2.275));
#9293 = ( GEOMETRIC_REPRESENTATION_CONTEXT(2) 
PARAMETRIC_REPRESENTATION_CONTEXT() REPRESENTATION_CONTEXT('2D SPACE',''
  ) );
#9294 = PCURVE('',#9295,#9300);
#9295 = CYLINDRICAL_SURFACE('',#9296,1.2);
#9296 = AXIS2_PLACEMENT_3D('',#9297,#9298,#9299);
#9297 = CARTESIAN_POINT('',(49.149,-15.875,5.65));
#9298 = DIRECTION('',(-0.,-0.,-1.));
#9299 = DIRECTION('',(1.,0.,0.));
#9300 = DEFINITIONAL_REPRESENTATION('',(#9301),#9305);
#9301 = LINE('',#9302,#9303);
#9302 = CARTESIAN_POINT('',(-6.28318530718,-1.35));
#9303 = VECTOR('',#9304,1.);
#9304 = DIRECTION('',(1.,-0.));
#9305 = ( GEOMETRIC_REPRESENTATION_CONTEXT(2) 
PARAMETRIC_REPRESENTATION_CONTEXT() REPRESENTATION_CONTEXT('2D SPACE',''
  ) );
#9306 = ADVANCED_FACE('',(#9307),#9295,.T.);
#9307 = FACE_BOUND('',#9308,.F.);
#9308 = EDGE_LOOP('',(#9309,#9338,#9359,#9360));
#9309 = ORIENTED_EDGE('',*,*,#9310,.F.);
#9310 = EDGE_CURVE('',#9311,#9311,#9313,.T.);
#9311 = VERTEX_POINT('',#9312);
#9312 = CARTESIAN_POINT('',(50.349,-15.875,5.65));
#9313 = SURFACE_CURVE('',#9314,(#9319,#9326),.PCURVE_S1.);
#9314 = CIRCLE('',#9315,1.2);
#9315 = AXIS2_PLACEMENT_3D('',#9316,#9317,#9318);
#9316 = CARTESIAN_POINT('',(49.149,-15.875,5.65));
#9317 = DIRECTION('',(0.,0.,1.));
#9318 = DIRECTION('',(1.,0.,0.));
#9319 = PCURVE('',#9295,#9320);
#9320 = DEFINITIONAL_REPRESENTATION('',(#9321),#9325);
#9321 = LINE('',#9322,#9323);
#9322 = CARTESIAN_POINT('',(-0.,0.));
#9323 = VECTOR('',#9324,1.);
#9324 = DIRECTION('',(-1.,0.));
#9325 = ( GEOMETRIC_REPRESENTATION_CONTEXT(2) 
PARAMETRIC_REPRESENTATION_CONTEXT() REPRESENTATION_CONTEXT('2D SPACE',''
  ) );
#9326 = PCURVE('',#9327,#9332);
#9327 = PLANE('',#9328);
#9328 = AXIS2_PLACEMENT_3D('',#9329,#9330,#9331);
#9329 = CARTESIAN_POINT('',(49.149,-15.875,5.65));
#9330 = DIRECTION('',(0.,0.,1.));
#9331 = DIRECTION('',(1.,0.,-0.));
#9332 = DEFINITIONAL_REPRESENTATION('',(#9333),#9337);
#9333 = CIRCLE('',#9334,1.2);
#9334 = AXIS2_PLACEMENT_2D('',#9335,#9336);
#9335 = CARTESIAN_POINT('',(0.,0.));
#9336 = DIRECTION('',(1.,0.));
#9337 = ( GEOMETRIC_REPRESENTATION_CONTEXT(2) 
PARAMETRIC_REPRESENTATION_CONTEXT() REPRESENTATION_CONTEXT('2D SPACE',''
  ) );
#9338 = ORIENTED_EDGE('',*,*,#9339,.T.);
#9339 = EDGE_CURVE('',#9311,#9275,#9340,.T.);
#9340 = SEAM_CURVE('',#9341,(#9345,#9352),.PCURVE_S1.);
#9341 = LINE('',#9342,#9343);
#9342 = CARTESIAN_POINT('',(50.349,-15.875,5.65));
#9343 = VECTOR('',#9344,1.);
#9344 = DIRECTION('',(0.,0.,1.));
#9345 = PCURVE('',#9295,#9346);
#9346 = DEFINITIONAL_REPRESENTATION('',(#9347),#9351);
#9347 = LINE('',#9348,#9349);
#9348 = CARTESIAN_POINT('',(-6.28318530718,0.));
#9349 = VECTOR('',#9350,1.);
#9350 = DIRECTION('',(-0.,-1.));
#9351 = ( GEOMETRIC_REPRESENTATION_CONTEXT(2) 
PARAMETRIC_REPRESENTATION_CONTEXT() REPRESENTATION_CONTEXT('2D SPACE',''
  ) );
#9352 = PCURVE('',#9295,#9353);
#9353 = DEFINITIONAL_REPRESENTATION('',(#9354),#9358);
#9354 = LINE('',#9355,#9356);
#9355 = CARTESIAN_POINT('',(-0.,0.));
#9356 = VECTOR('',#9357,1.);
#9357 = DIRECTION('',(-0.,-1.));
#9358 = ( GEOMETRIC_REPRESENTATION_CONTEXT(2) 
PARAMETRIC_REPRESENTATION_CONTEXT() REPRESENTATION_CONTEXT('2D SPACE',''
  ) );
#9359 = ORIENTED_EDGE('',*,*,#9274,.F.);
#9360 = ORIENTED_EDGE('',*,*,#9339,.F.);
#9361 = ADVANCED_FACE('',(#9362),#9327,.F.);
#9362 = FACE_BOUND('',#9363,.F.);
#9363 = EDGE_LOOP('',(#9364));
#9364 = ORIENTED_EDGE('',*,*,#9310,.T.);
#9365 = ADVANCED_FACE('',(#9366),#8271,.F.);
#9366 = FACE_BOUND('',#9367,.F.);
#9367 = EDGE_LOOP('',(#9368,#9396,#9397,#9398));
#9368 = ORIENTED_EDGE('',*,*,#9369,.F.);
#9369 = EDGE_CURVE('',#8420,#9370,#9372,.T.);
#9370 = VERTEX_POINT('',#9371);
#9371 = CARTESIAN_POINT('',(51.474,-18.8,6.6));
#9372 = SURFACE_CURVE('',#9373,(#9378,#9385),.PCURVE_S1.);
#9373 = CIRCLE('',#9374,0.325);
#9374 = AXIS2_PLACEMENT_3D('',#9375,#9376,#9377);
#9375 = CARTESIAN_POINT('',(51.474,-18.475,6.6));
#9376 = DIRECTION('',(0.,0.,-1.));
#9377 = DIRECTION('',(1.,2.621834373538E-15,0.));
#9378 = PCURVE('',#8271,#9379);
#9379 = DEFINITIONAL_REPRESENTATION('',(#9380),#9384);
#9380 = LINE('',#9381,#9382);
#9381 = CARTESIAN_POINT('',(0.,-0.5));
#9382 = VECTOR('',#9383,1.);
#9383 = DIRECTION('',(1.,0.));
#9384 = ( GEOMETRIC_REPRESENTATION_CONTEXT(2) 
PARAMETRIC_REPRESENTATION_CONTEXT() REPRESENTATION_CONTEXT('2D SPACE',''
  ) );
#9385 = PCURVE('',#2335,#9386);
#9386 = DEFINITIONAL_REPRESENTATION('',(#9387),#9395);
#9387 = ( BOUNDED_CURVE() B_SPLINE_CURVE(2,(#9388,#9389,#9390,#9391,
#9392,#9393,#9394),.UNSPECIFIED.,.T.,.F.) B_SPLINE_CURVE_WITH_KNOTS((1,2
    ,2,2,2,1),(-2.094395102393,0.,2.094395102393,4.188790204786,
6.28318530718,8.377580409573),.UNSPECIFIED.) CURVE() 
GEOMETRIC_REPRESENTATION_ITEM() RATIONAL_B_SPLINE_CURVE((1.,0.5,1.,0.5,
1.,0.5,1.)) REPRESENTATION_ITEM('') );
#9388 = CARTESIAN_POINT('',(52.399,3.375));
#9389 = CARTESIAN_POINT('',(52.399,2.81208348754));
#9390 = CARTESIAN_POINT('',(51.9115,3.09354174377));
#9391 = CARTESIAN_POINT('',(51.424,3.375));
#9392 = CARTESIAN_POINT('',(51.9115,3.65645825623));
#9393 = CARTESIAN_POINT('',(52.399,3.93791651246));
#9394 = CARTESIAN_POINT('',(52.399,3.375));
#9395 = ( GEOMETRIC_REPRESENTATION_CONTEXT(2) 
PARAMETRIC_REPRESENTATION_CONTEXT() REPRESENTATION_CONTEXT('2D SPACE',''
  ) );
#9396 = ORIENTED_EDGE('',*,*,#8419,.T.);
#9397 = ORIENTED_EDGE('',*,*,#8250,.T.);
#9398 = ORIENTED_EDGE('',*,*,#9399,.F.);
#9399 = EDGE_CURVE('',#9370,#8251,#9400,.T.);
#9400 = SURFACE_CURVE('',#9401,(#9405,#9412),.PCURVE_S1.);
#9401 = LINE('',#9402,#9403);
#9402 = CARTESIAN_POINT('',(51.474,-18.8,6.1));
#9403 = VECTOR('',#9404,1.);
#9404 = DIRECTION('',(0.,0.,1.));
#9405 = PCURVE('',#8271,#9406);
#9406 = DEFINITIONAL_REPRESENTATION('',(#9407),#9411);
#9407 = LINE('',#9408,#9409);
#9408 = CARTESIAN_POINT('',(1.570796326795,0.));
#9409 = VECTOR('',#9410,1.);
#9410 = DIRECTION('',(0.,-1.));
#9411 = ( GEOMETRIC_REPRESENTATION_CONTEXT(2) 
PARAMETRIC_REPRESENTATION_CONTEXT() REPRESENTATION_CONTEXT('2D SPACE',''
  ) );
#9412 = PCURVE('',#8298,#9413);
#9413 = DEFINITIONAL_REPRESENTATION('',(#9414),#9418);
#9414 = LINE('',#9415,#9416);
#9415 = CARTESIAN_POINT('',(0.,4.65));
#9416 = VECTOR('',#9417,1.);
#9417 = DIRECTION('',(1.,0.));
#9418 = ( GEOMETRIC_REPRESENTATION_CONTEXT(2) 
PARAMETRIC_REPRESENTATION_CONTEXT() REPRESENTATION_CONTEXT('2D SPACE',''
  ) );
#9419 = ADVANCED_FACE('',(#9420),#8154,.F.);
#9420 = FACE_BOUND('',#9421,.F.);
#9421 = EDGE_LOOP('',(#9422,#9423,#9424,#9425));
#9422 = ORIENTED_EDGE('',*,*,#8139,.F.);
#9423 = ORIENTED_EDGE('',*,*,#9132,.T.);
#9424 = ORIENTED_EDGE('',*,*,#9249,.F.);
#9425 = ORIENTED_EDGE('',*,*,#9426,.T.);
#9426 = EDGE_CURVE('',#9227,#8114,#9427,.T.);
#9427 = SURFACE_CURVE('',#9428,(#9432,#9438),.PCURVE_S1.);
#9428 = LINE('',#9429,#9430);
#9429 = CARTESIAN_POINT('',(47.149,-18.15,6.1));
#9430 = VECTOR('',#9431,1.);
#9431 = DIRECTION('',(-0.,0.,1.));
#9432 = PCURVE('',#8154,#9433);
#9433 = DEFINITIONAL_REPRESENTATION('',(#9434),#9437);
#9434 = B_SPLINE_CURVE_WITH_KNOTS('',1,(#9435,#9436),.UNSPECIFIED.,.F.,
  .F.,(2,2),(0.5,1.7),.PIECEWISE_BEZIER_KNOTS.);
#9435 = CARTESIAN_POINT('',(0.5,0.325));
#9436 = CARTESIAN_POINT('',(1.7,0.325));
#9437 = ( GEOMETRIC_REPRESENTATION_CONTEXT(2) 
PARAMETRIC_REPRESENTATION_CONTEXT() REPRESENTATION_CONTEXT('2D SPACE',''
  ) );
#9438 = PCURVE('',#8128,#9439);
#9439 = DEFINITIONAL_REPRESENTATION('',(#9440),#9443);
#9440 = B_SPLINE_CURVE_WITH_KNOTS('',1,(#9441,#9442),.UNSPECIFIED.,.F.,
  .F.,(2,2),(0.5,1.7),.PIECEWISE_BEZIER_KNOTS.);
#9441 = CARTESIAN_POINT('',(12.35,-0.5));
#9442 = CARTESIAN_POINT('',(12.35,-1.7));
#9443 = ( GEOMETRIC_REPRESENTATION_CONTEXT(2) 
PARAMETRIC_REPRESENTATION_CONTEXT() REPRESENTATION_CONTEXT('2D SPACE',''
  ) );
#9444 = ADVANCED_FACE('',(#9445),#8298,.T.);
#9445 = FACE_BOUND('',#9446,.T.);
#9446 = EDGE_LOOP('',(#9447,#9448,#9469,#9490));
#9447 = ORIENTED_EDGE('',*,*,#9399,.F.);
#9448 = ORIENTED_EDGE('',*,*,#9449,.T.);
#9449 = EDGE_CURVE('',#9370,#9450,#9452,.T.);
#9450 = VERTEX_POINT('',#9451);
#9451 = CARTESIAN_POINT('',(46.824,-18.8,6.6));
#9452 = SURFACE_CURVE('',#9453,(#9457,#9463),.PCURVE_S1.);
#9453 = LINE('',#9454,#9455);
#9454 = CARTESIAN_POINT('',(23.112,-18.8,6.6));
#9455 = VECTOR('',#9456,1.);
#9456 = DIRECTION('',(-1.,0.,0.));
#9457 = PCURVE('',#8298,#9458);
#9458 = DEFINITIONAL_REPRESENTATION('',(#9459),#9462);
#9459 = B_SPLINE_CURVE_WITH_KNOTS('',1,(#9460,#9461),.UNSPECIFIED.,.F.,
  .F.,(2,2),(-28.362,-23.712),.PIECEWISE_BEZIER_KNOTS.);
#9460 = CARTESIAN_POINT('',(0.5,4.65));
#9461 = CARTESIAN_POINT('',(0.5,0.));
#9462 = ( GEOMETRIC_REPRESENTATION_CONTEXT(2) 
PARAMETRIC_REPRESENTATION_CONTEXT() REPRESENTATION_CONTEXT('2D SPACE',''
  ) );
#9463 = PCURVE('',#2335,#9464);
#9464 = DEFINITIONAL_REPRESENTATION('',(#9465),#9468);
#9465 = B_SPLINE_CURVE_WITH_KNOTS('',1,(#9466,#9467),.UNSPECIFIED.,.F.,
  .F.,(2,2),(-28.362,-23.712),.PIECEWISE_BEZIER_KNOTS.);
#9466 = CARTESIAN_POINT('',(52.074,3.05));
#9467 = CARTESIAN_POINT('',(47.424,3.05));
#9468 = ( GEOMETRIC_REPRESENTATION_CONTEXT(2) 
PARAMETRIC_REPRESENTATION_CONTEXT() REPRESENTATION_CONTEXT('2D SPACE',''
  ) );
#9469 = ORIENTED_EDGE('',*,*,#9470,.T.);
#9470 = EDGE_CURVE('',#9450,#8284,#9471,.T.);
#9471 = SURFACE_CURVE('',#9472,(#9476,#9483),.PCURVE_S1.);
#9472 = LINE('',#9473,#9474);
#9473 = CARTESIAN_POINT('',(46.824,-18.8,6.1));
#9474 = VECTOR('',#9475,1.);
#9475 = DIRECTION('',(0.,0.,1.));
#9476 = PCURVE('',#8298,#9477);
#9477 = DEFINITIONAL_REPRESENTATION('',(#9478),#9482);
#9478 = LINE('',#9479,#9480);
#9479 = CARTESIAN_POINT('',(0.,0.));
#9480 = VECTOR('',#9481,1.);
#9481 = DIRECTION('',(1.,0.));
#9482 = ( GEOMETRIC_REPRESENTATION_CONTEXT(2) 
PARAMETRIC_REPRESENTATION_CONTEXT() REPRESENTATION_CONTEXT('2D SPACE',''
  ) );
#9483 = PCURVE('',#8328,#9484);
#9484 = DEFINITIONAL_REPRESENTATION('',(#9485),#9489);
#9485 = LINE('',#9486,#9487);
#9486 = CARTESIAN_POINT('',(1.570796326795,0.));
#9487 = VECTOR('',#9488,1.);
#9488 = DIRECTION('',(0.,-1.));
#9489 = ( GEOMETRIC_REPRESENTATION_CONTEXT(2) 
PARAMETRIC_REPRESENTATION_CONTEXT() REPRESENTATION_CONTEXT('2D SPACE',''
  ) );
#9490 = ORIENTED_EDGE('',*,*,#8283,.F.);
#9491 = ADVANCED_FACE('',(#9492),#8128,.F.);
#9492 = FACE_BOUND('',#9493,.F.);
#9493 = EDGE_LOOP('',(#9494,#9495,#9496,#9497,#9518));
#9494 = ORIENTED_EDGE('',*,*,#9426,.F.);
#9495 = ORIENTED_EDGE('',*,*,#9226,.T.);
#9496 = ORIENTED_EDGE('',*,*,#9202,.F.);
#9497 = ORIENTED_EDGE('',*,*,#9498,.T.);
#9498 = EDGE_CURVE('',#9156,#8081,#9499,.T.);
#9499 = SURFACE_CURVE('',#9500,(#9504,#9511),.PCURVE_S1.);
#9500 = LINE('',#9501,#9502);
#9501 = CARTESIAN_POINT('',(47.149,-5.8,6.1));
#9502 = VECTOR('',#9503,1.);
#9503 = DIRECTION('',(0.,0.,1.));
#9504 = PCURVE('',#8128,#9505);
#9505 = DEFINITIONAL_REPRESENTATION('',(#9506),#9510);
#9506 = LINE('',#9507,#9508);
#9507 = CARTESIAN_POINT('',(0.,0.));
#9508 = VECTOR('',#9509,1.);
#9509 = DIRECTION('',(0.,-1.));
#9510 = ( GEOMETRIC_REPRESENTATION_CONTEXT(2) 
PARAMETRIC_REPRESENTATION_CONTEXT() REPRESENTATION_CONTEXT('2D SPACE',''
  ) );
#9511 = PCURVE('',#8101,#9512);
#9512 = DEFINITIONAL_REPRESENTATION('',(#9513),#9517);
#9513 = LINE('',#9514,#9515);
#9514 = CARTESIAN_POINT('',(3.14159265359,0.));
#9515 = VECTOR('',#9516,1.);
#9516 = DIRECTION('',(0.,-1.));
#9517 = ( GEOMETRIC_REPRESENTATION_CONTEXT(2) 
PARAMETRIC_REPRESENTATION_CONTEXT() REPRESENTATION_CONTEXT('2D SPACE',''
  ) );
#9518 = ORIENTED_EDGE('',*,*,#8113,.F.);
#9519 = ADVANCED_FACE('',(#9520),#8328,.F.);
#9520 = FACE_BOUND('',#9521,.F.);
#9521 = EDGE_LOOP('',(#9522,#9550,#9551,#9552));
#9522 = ORIENTED_EDGE('',*,*,#9523,.F.);
#9523 = EDGE_CURVE('',#9450,#9524,#9526,.T.);
#9524 = VERTEX_POINT('',#9525);
#9525 = CARTESIAN_POINT('',(46.499,-18.475,6.6));
#9526 = SURFACE_CURVE('',#9527,(#9532,#9539),.PCURVE_S1.);
#9527 = CIRCLE('',#9528,0.325);
#9528 = AXIS2_PLACEMENT_3D('',#9529,#9530,#9531);
#9529 = CARTESIAN_POINT('',(46.824,-18.475,6.6));
#9530 = DIRECTION('',(0.,0.,-1.));
#9531 = DIRECTION('',(1.,2.621834373538E-15,0.));
#9532 = PCURVE('',#8328,#9533);
#9533 = DEFINITIONAL_REPRESENTATION('',(#9534),#9538);
#9534 = LINE('',#9535,#9536);
#9535 = CARTESIAN_POINT('',(0.,-0.5));
#9536 = VECTOR('',#9537,1.);
#9537 = DIRECTION('',(1.,0.));
#9538 = ( GEOMETRIC_REPRESENTATION_CONTEXT(2) 
PARAMETRIC_REPRESENTATION_CONTEXT() REPRESENTATION_CONTEXT('2D SPACE',''
  ) );
#9539 = PCURVE('',#2335,#9540);
#9540 = DEFINITIONAL_REPRESENTATION('',(#9541),#9549);
#9541 = ( BOUNDED_CURVE() B_SPLINE_CURVE(2,(#9542,#9543,#9544,#9545,
#9546,#9547,#9548),.UNSPECIFIED.,.T.,.F.) B_SPLINE_CURVE_WITH_KNOTS((1,2
    ,2,2,2,1),(-2.094395102393,0.,2.094395102393,4.188790204786,
6.28318530718,8.377580409573),.UNSPECIFIED.) CURVE() 
GEOMETRIC_REPRESENTATION_ITEM() RATIONAL_B_SPLINE_CURVE((1.,0.5,1.,0.5,
1.,0.5,1.)) REPRESENTATION_ITEM('') );
#9542 = CARTESIAN_POINT('',(47.749,3.375));
#9543 = CARTESIAN_POINT('',(47.749,2.81208348754));
#9544 = CARTESIAN_POINT('',(47.2615,3.09354174377));
#9545 = CARTESIAN_POINT('',(46.774,3.375));
#9546 = CARTESIAN_POINT('',(47.2615,3.65645825623));
#9547 = CARTESIAN_POINT('',(47.749,3.93791651246));
#9548 = CARTESIAN_POINT('',(47.749,3.375));
#9549 = ( GEOMETRIC_REPRESENTATION_CONTEXT(2) 
PARAMETRIC_REPRESENTATION_CONTEXT() REPRESENTATION_CONTEXT('2D SPACE',''
  ) );
#9550 = ORIENTED_EDGE('',*,*,#9470,.T.);
#9551 = ORIENTED_EDGE('',*,*,#8309,.T.);
#9552 = ORIENTED_EDGE('',*,*,#9553,.F.);
#9553 = EDGE_CURVE('',#9524,#8055,#9554,.T.);
#9554 = SURFACE_CURVE('',#9555,(#9559,#9566),.PCURVE_S1.);
#9555 = LINE('',#9556,#9557);
#9556 = CARTESIAN_POINT('',(46.499,-18.475,6.1));
#9557 = VECTOR('',#9558,1.);
#9558 = DIRECTION('',(0.,0.,1.));
#9559 = PCURVE('',#8328,#9560);
#9560 = DEFINITIONAL_REPRESENTATION('',(#9561),#9565);
#9561 = LINE('',#9562,#9563);
#9562 = CARTESIAN_POINT('',(3.14159265359,0.));
#9563 = VECTOR('',#9564,1.);
#9564 = DIRECTION('',(0.,-1.));
#9565 = ( GEOMETRIC_REPRESENTATION_CONTEXT(2) 
PARAMETRIC_REPRESENTATION_CONTEXT() REPRESENTATION_CONTEXT('2D SPACE',''
  ) );
#9566 = PCURVE('',#8069,#9567);
#9567 = DEFINITIONAL_REPRESENTATION('',(#9568),#9572);
#9568 = LINE('',#9569,#9570);
#9569 = CARTESIAN_POINT('',(0.,0.));
#9570 = VECTOR('',#9571,1.);
#9571 = DIRECTION('',(0.,-1.));
#9572 = ( GEOMETRIC_REPRESENTATION_CONTEXT(2) 
PARAMETRIC_REPRESENTATION_CONTEXT() REPRESENTATION_CONTEXT('2D SPACE',''
  ) );
#9573 = ADVANCED_FACE('',(#9574),#8101,.F.);
#9574 = FACE_BOUND('',#9575,.F.);
#9575 = EDGE_LOOP('',(#9576,#9604,#9625,#9626));
#9576 = ORIENTED_EDGE('',*,*,#9577,.F.);
#9577 = EDGE_CURVE('',#9578,#9156,#9580,.T.);
#9578 = VERTEX_POINT('',#9579);
#9579 = CARTESIAN_POINT('',(46.499,-5.8,6.6));
#9580 = SURFACE_CURVE('',#9581,(#9586,#9593),.PCURVE_S1.);
#9581 = CIRCLE('',#9582,0.325);
#9582 = AXIS2_PLACEMENT_3D('',#9583,#9584,#9585);
#9583 = CARTESIAN_POINT('',(46.824,-5.8,6.6));
#9584 = DIRECTION('',(-0.,0.,-1.));
#9585 = DIRECTION('',(-1.,-2.621834373538E-15,0.));
#9586 = PCURVE('',#8101,#9587);
#9587 = DEFINITIONAL_REPRESENTATION('',(#9588),#9592);
#9588 = LINE('',#9589,#9590);
#9589 = CARTESIAN_POINT('',(0.,-0.5));
#9590 = VECTOR('',#9591,1.);
#9591 = DIRECTION('',(1.,0.));
#9592 = ( GEOMETRIC_REPRESENTATION_CONTEXT(2) 
PARAMETRIC_REPRESENTATION_CONTEXT() REPRESENTATION_CONTEXT('2D SPACE',''
  ) );
#9593 = PCURVE('',#2335,#9594);
#9594 = DEFINITIONAL_REPRESENTATION('',(#9595),#9603);
#9595 = ( BOUNDED_CURVE() B_SPLINE_CURVE(2,(#9596,#9597,#9598,#9599,
#9600,#9601,#9602),.UNSPECIFIED.,.T.,.F.) B_SPLINE_CURVE_WITH_KNOTS((1,2
    ,2,2,2,1),(-2.094395102393,0.,2.094395102393,4.188790204786,
6.28318530718,8.377580409573),.UNSPECIFIED.) CURVE() 
GEOMETRIC_REPRESENTATION_ITEM() RATIONAL_B_SPLINE_CURVE((1.,0.5,1.,0.5,
1.,0.5,1.)) REPRESENTATION_ITEM('') );
#9596 = CARTESIAN_POINT('',(47.099,16.05));
#9597 = CARTESIAN_POINT('',(47.099,16.61291651246));
#9598 = CARTESIAN_POINT('',(47.5865,16.33145825623));
#9599 = CARTESIAN_POINT('',(48.074,16.05));
#9600 = CARTESIAN_POINT('',(47.5865,15.76854174377));
#9601 = CARTESIAN_POINT('',(47.099,15.48708348754));
#9602 = CARTESIAN_POINT('',(47.099,16.05));
#9603 = ( GEOMETRIC_REPRESENTATION_CONTEXT(2) 
PARAMETRIC_REPRESENTATION_CONTEXT() REPRESENTATION_CONTEXT('2D SPACE',''
  ) );
#9604 = ORIENTED_EDGE('',*,*,#9605,.T.);
#9605 = EDGE_CURVE('',#9578,#8053,#9606,.T.);
#9606 = SURFACE_CURVE('',#9607,(#9611,#9618),.PCURVE_S1.);
#9607 = LINE('',#9608,#9609);
#9608 = CARTESIAN_POINT('',(46.499,-5.8,6.1));
#9609 = VECTOR('',#9610,1.);
#9610 = DIRECTION('',(0.,0.,1.));
#9611 = PCURVE('',#8101,#9612);
#9612 = DEFINITIONAL_REPRESENTATION('',(#9613),#9617);
#9613 = LINE('',#9614,#9615);
#9614 = CARTESIAN_POINT('',(0.,0.));
#9615 = VECTOR('',#9616,1.);
#9616 = DIRECTION('',(0.,-1.));
#9617 = ( GEOMETRIC_REPRESENTATION_CONTEXT(2) 
PARAMETRIC_REPRESENTATION_CONTEXT() REPRESENTATION_CONTEXT('2D SPACE',''
  ) );
#9618 = PCURVE('',#8069,#9619);
#9619 = DEFINITIONAL_REPRESENTATION('',(#9620),#9624);
#9620 = LINE('',#9621,#9622);
#9621 = CARTESIAN_POINT('',(12.675,0.));
#9622 = VECTOR('',#9623,1.);
#9623 = DIRECTION('',(0.,-1.));
#9624 = ( GEOMETRIC_REPRESENTATION_CONTEXT(2) 
PARAMETRIC_REPRESENTATION_CONTEXT() REPRESENTATION_CONTEXT('2D SPACE',''
  ) );
#9625 = ORIENTED_EDGE('',*,*,#8080,.T.);
#9626 = ORIENTED_EDGE('',*,*,#9498,.F.);
#9627 = ADVANCED_FACE('',(#9628),#8069,.F.);
#9628 = FACE_BOUND('',#9629,.F.);
#9629 = EDGE_LOOP('',(#9630,#9631,#9652,#9679,#9705,#9732,#9751,#9752));
#9630 = ORIENTED_EDGE('',*,*,#9605,.F.);
#9631 = ORIENTED_EDGE('',*,*,#9632,.T.);
#9632 = EDGE_CURVE('',#9578,#9633,#9635,.T.);
#9633 = VERTEX_POINT('',#9634);
#9634 = CARTESIAN_POINT('',(46.499,-14.5,6.6));
#9635 = SURFACE_CURVE('',#9636,(#9640,#9646),.PCURVE_S1.);
#9636 = LINE('',#9637,#9638);
#9637 = CARTESIAN_POINT('',(46.499,-20.1625,6.6));
#9638 = VECTOR('',#9639,1.);
#9639 = DIRECTION('',(-1.110223024625E-16,-1.,0.));
#9640 = PCURVE('',#8069,#9641);
#9641 = DEFINITIONAL_REPRESENTATION('',(#9642),#9645);
#9642 = B_SPLINE_CURVE_WITH_KNOTS('',1,(#9643,#9644),.UNSPECIFIED.,.F.,
  .F.,(2,2),(-14.3625,-1.6875),.PIECEWISE_BEZIER_KNOTS.);
#9643 = CARTESIAN_POINT('',(12.675,-0.5));
#9644 = CARTESIAN_POINT('',(0.,-0.5));
#9645 = ( GEOMETRIC_REPRESENTATION_CONTEXT(2) 
PARAMETRIC_REPRESENTATION_CONTEXT() REPRESENTATION_CONTEXT('2D SPACE',''
  ) );
#9646 = PCURVE('',#2335,#9647);
#9647 = DEFINITIONAL_REPRESENTATION('',(#9648),#9651);
#9648 = B_SPLINE_CURVE_WITH_KNOTS('',1,(#9649,#9650),.UNSPECIFIED.,.F.,
  .F.,(2,2),(-14.3625,-1.6875),.PIECEWISE_BEZIER_KNOTS.);
#9649 = CARTESIAN_POINT('',(47.099,16.05));
#9650 = CARTESIAN_POINT('',(47.099,3.375));
#9651 = ( GEOMETRIC_REPRESENTATION_CONTEXT(2) 
PARAMETRIC_REPRESENTATION_CONTEXT() REPRESENTATION_CONTEXT('2D SPACE',''
  ) );
#9652 = ORIENTED_EDGE('',*,*,#9653,.F.);
#9653 = EDGE_CURVE('',#9654,#9633,#9656,.T.);
#9654 = VERTEX_POINT('',#9655);
#9655 = CARTESIAN_POINT('',(46.499,-14.5,6.7));
#9656 = SURFACE_CURVE('',#9657,(#9661,#9667),.PCURVE_S1.);
#9657 = LINE('',#9658,#9659);
#9658 = CARTESIAN_POINT('',(46.499,-14.5,5.875));
#9659 = VECTOR('',#9660,1.);
#9660 = DIRECTION('',(0.,0.,-1.));
#9661 = PCURVE('',#8069,#9662);
#9662 = DEFINITIONAL_REPRESENTATION('',(#9663),#9666);
#9663 = B_SPLINE_CURVE_WITH_KNOTS('',1,(#9664,#9665),.UNSPECIFIED.,.F.,
  .F.,(2,2),(-0.825,-0.725),.PIECEWISE_BEZIER_KNOTS.);
#9664 = CARTESIAN_POINT('',(3.975,-0.6));
#9665 = CARTESIAN_POINT('',(3.975,-0.5));
#9666 = ( GEOMETRIC_REPRESENTATION_CONTEXT(2) 
PARAMETRIC_REPRESENTATION_CONTEXT() REPRESENTATION_CONTEXT('2D SPACE',''
  ) );
#9667 = PCURVE('',#9668,#9673);
#9668 = PLANE('',#9669);
#9669 = AXIS2_PLACEMENT_3D('',#9670,#9671,#9672);
#9670 = CARTESIAN_POINT('',(45.5,-14.5,5.65));
#9671 = DIRECTION('',(0.,1.,0.));
#9672 = DIRECTION('',(0.,0.,1.));
#9673 = DEFINITIONAL_REPRESENTATION('',(#9674),#9678);
#9674 = LINE('',#9675,#9676);
#9675 = CARTESIAN_POINT('',(0.225,0.999));
#9676 = VECTOR('',#9677,1.);
#9677 = DIRECTION('',(-1.,0.));
#9678 = ( GEOMETRIC_REPRESENTATION_CONTEXT(2) 
PARAMETRIC_REPRESENTATION_CONTEXT() REPRESENTATION_CONTEXT('2D SPACE',''
  ) );
#9679 = ORIENTED_EDGE('',*,*,#9680,.F.);
#9680 = EDGE_CURVE('',#9681,#9654,#9683,.T.);
#9681 = VERTEX_POINT('',#9682);
#9682 = CARTESIAN_POINT('',(46.499,-17.3,6.7));
#9683 = SURFACE_CURVE('',#9684,(#9688,#9694),.PCURVE_S1.);
#9684 = LINE('',#9685,#9686);
#9685 = CARTESIAN_POINT('',(46.499,-17.8875,6.7));
#9686 = VECTOR('',#9687,1.);
#9687 = DIRECTION('',(1.110223024625E-16,1.,-0.));
#9688 = PCURVE('',#8069,#9689);
#9689 = DEFINITIONAL_REPRESENTATION('',(#9690),#9693);
#9690 = B_SPLINE_CURVE_WITH_KNOTS('',1,(#9691,#9692),.UNSPECIFIED.,.F.,
  .F.,(2,2),(0.5875,3.3875),.PIECEWISE_BEZIER_KNOTS.);
#9691 = CARTESIAN_POINT('',(1.175,-0.6));
#9692 = CARTESIAN_POINT('',(3.975,-0.6));
#9693 = ( GEOMETRIC_REPRESENTATION_CONTEXT(2) 
PARAMETRIC_REPRESENTATION_CONTEXT() REPRESENTATION_CONTEXT('2D SPACE',''
  ) );
#9694 = PCURVE('',#9695,#9700);
#9695 = PLANE('',#9696);
#9696 = AXIS2_PLACEMENT_3D('',#9697,#9698,#9699);
#9697 = CARTESIAN_POINT('',(45.5,-17.3,6.7));
#9698 = DIRECTION('',(0.,0.,1.));
#9699 = DIRECTION('',(1.,0.,0.));
#9700 = DEFINITIONAL_REPRESENTATION('',(#9701),#9704);
#9701 = B_SPLINE_CURVE_WITH_KNOTS('',1,(#9702,#9703),.UNSPECIFIED.,.F.,
  .F.,(2,2),(0.5875,3.3875),.PIECEWISE_BEZIER_KNOTS.);
#9702 = CARTESIAN_POINT('',(0.999,0.));
#9703 = CARTESIAN_POINT('',(0.999,2.8));
#9704 = ( GEOMETRIC_REPRESENTATION_CONTEXT(2) 
PARAMETRIC_REPRESENTATION_CONTEXT() REPRESENTATION_CONTEXT('2D SPACE',''
  ) );
#9705 = ORIENTED_EDGE('',*,*,#9706,.T.);
#9706 = EDGE_CURVE('',#9681,#9707,#9709,.T.);
#9707 = VERTEX_POINT('',#9708);
#9708 = CARTESIAN_POINT('',(46.499,-17.3,6.6));
#9709 = SURFACE_CURVE('',#9710,(#9714,#9720),.PCURVE_S1.);
#9710 = LINE('',#9711,#9712);
#9711 = CARTESIAN_POINT('',(46.499,-17.3,5.875));
#9712 = VECTOR('',#9713,1.);
#9713 = DIRECTION('',(0.,0.,-1.));
#9714 = PCURVE('',#8069,#9715);
#9715 = DEFINITIONAL_REPRESENTATION('',(#9716),#9719);
#9716 = B_SPLINE_CURVE_WITH_KNOTS('',1,(#9717,#9718),.UNSPECIFIED.,.F.,
  .F.,(2,2),(-0.825,-0.725),.PIECEWISE_BEZIER_KNOTS.);
#9717 = CARTESIAN_POINT('',(1.175,-0.6));
#9718 = CARTESIAN_POINT('',(1.175,-0.5));
#9719 = ( GEOMETRIC_REPRESENTATION_CONTEXT(2) 
PARAMETRIC_REPRESENTATION_CONTEXT() REPRESENTATION_CONTEXT('2D SPACE',''
  ) );
#9720 = PCURVE('',#9721,#9726);
#9721 = PLANE('',#9722);
#9722 = AXIS2_PLACEMENT_3D('',#9723,#9724,#9725);
#9723 = CARTESIAN_POINT('',(45.5,-17.3,5.65));
#9724 = DIRECTION('',(0.,1.,0.));
#9725 = DIRECTION('',(0.,0.,1.));
#9726 = DEFINITIONAL_REPRESENTATION('',(#9727),#9731);
#9727 = LINE('',#9728,#9729);
#9728 = CARTESIAN_POINT('',(0.225,0.999));
#9729 = VECTOR('',#9730,1.);
#9730 = DIRECTION('',(-1.,0.));
#9731 = ( GEOMETRIC_REPRESENTATION_CONTEXT(2) 
PARAMETRIC_REPRESENTATION_CONTEXT() REPRESENTATION_CONTEXT('2D SPACE',''
  ) );
#9732 = ORIENTED_EDGE('',*,*,#9733,.T.);
#9733 = EDGE_CURVE('',#9707,#9524,#9734,.T.);
#9734 = SURFACE_CURVE('',#9735,(#9739,#9745),.PCURVE_S1.);
#9735 = LINE('',#9736,#9737);
#9736 = CARTESIAN_POINT('',(46.499,-20.1625,6.6));
#9737 = VECTOR('',#9738,1.);
#9738 = DIRECTION('',(-1.110223024625E-16,-1.,0.));
#9739 = PCURVE('',#8069,#9740);
#9740 = DEFINITIONAL_REPRESENTATION('',(#9741),#9744);
#9741 = B_SPLINE_CURVE_WITH_KNOTS('',1,(#9742,#9743),.UNSPECIFIED.,.F.,
  .F.,(2,2),(-14.3625,-1.6875),.PIECEWISE_BEZIER_KNOTS.);
#9742 = CARTESIAN_POINT('',(12.675,-0.5));
#9743 = CARTESIAN_POINT('',(0.,-0.5));
#9744 = ( GEOMETRIC_REPRESENTATION_CONTEXT(2) 
PARAMETRIC_REPRESENTATION_CONTEXT() REPRESENTATION_CONTEXT('2D SPACE',''
  ) );
#9745 = PCURVE('',#2335,#9746);
#9746 = DEFINITIONAL_REPRESENTATION('',(#9747),#9750);
#9747 = B_SPLINE_CURVE_WITH_KNOTS('',1,(#9748,#9749),.UNSPECIFIED.,.F.,
  .F.,(2,2),(-14.3625,-1.6875),.PIECEWISE_BEZIER_KNOTS.);
#9748 = CARTESIAN_POINT('',(47.099,16.05));
#9749 = CARTESIAN_POINT('',(47.099,3.375));
#9750 = ( GEOMETRIC_REPRESENTATION_CONTEXT(2) 
PARAMETRIC_REPRESENTATION_CONTEXT() REPRESENTATION_CONTEXT('2D SPACE',''
  ) );
#9751 = ORIENTED_EDGE('',*,*,#9553,.T.);
#9752 = ORIENTED_EDGE('',*,*,#8052,.F.);
#9753 = ADVANCED_FACE('',(#9754),#9668,.T.);
#9754 = FACE_BOUND('',#9755,.T.);
#9755 = EDGE_LOOP('',(#9756,#9786,#9814,#9842,#9870,#9898,#9918,#9919));
#9756 = ORIENTED_EDGE('',*,*,#9757,.F.);
#9757 = EDGE_CURVE('',#9758,#9760,#9762,.T.);
#9758 = VERTEX_POINT('',#9759);
#9759 = CARTESIAN_POINT('',(46.7,-14.5,6.45));
#9760 = VERTEX_POINT('',#9761);
#9761 = CARTESIAN_POINT('',(46.7,-14.5,6.7));
#9762 = SURFACE_CURVE('',#9763,(#9767,#9774),.PCURVE_S1.);
#9763 = LINE('',#9764,#9765);
#9764 = CARTESIAN_POINT('',(46.7,-14.5,5.65));
#9765 = VECTOR('',#9766,1.);
#9766 = DIRECTION('',(0.,0.,1.));
#9767 = PCURVE('',#9668,#9768);
#9768 = DEFINITIONAL_REPRESENTATION('',(#9769),#9773);
#9769 = LINE('',#9770,#9771);
#9770 = CARTESIAN_POINT('',(0.,1.2));
#9771 = VECTOR('',#9772,1.);
#9772 = DIRECTION('',(1.,0.));
#9773 = ( GEOMETRIC_REPRESENTATION_CONTEXT(2) 
PARAMETRIC_REPRESENTATION_CONTEXT() REPRESENTATION_CONTEXT('2D SPACE',''
  ) );
#9774 = PCURVE('',#9775,#9780);
#9775 = PLANE('',#9776);
#9776 = AXIS2_PLACEMENT_3D('',#9777,#9778,#9779);
#9777 = CARTESIAN_POINT('',(46.7,-17.3,5.65));
#9778 = DIRECTION('',(1.,0.,0.));
#9779 = DIRECTION('',(0.,0.,1.));
#9780 = DEFINITIONAL_REPRESENTATION('',(#9781),#9785);
#9781 = LINE('',#9782,#9783);
#9782 = CARTESIAN_POINT('',(0.,-2.8));
#9783 = VECTOR('',#9784,1.);
#9784 = DIRECTION('',(1.,0.));
#9785 = ( GEOMETRIC_REPRESENTATION_CONTEXT(2) 
PARAMETRIC_REPRESENTATION_CONTEXT() REPRESENTATION_CONTEXT('2D SPACE',''
  ) );
#9786 = ORIENTED_EDGE('',*,*,#9787,.T.);
#9787 = EDGE_CURVE('',#9758,#9788,#9790,.T.);
#9788 = VERTEX_POINT('',#9789);
#9789 = CARTESIAN_POINT('',(47.649,-14.5,6.45));
#9790 = SURFACE_CURVE('',#9791,(#9795,#9802),.PCURVE_S1.);
#9791 = LINE('',#9792,#9793);
#9792 = CARTESIAN_POINT('',(45.5,-14.5,6.45));
#9793 = VECTOR('',#9794,1.);
#9794 = DIRECTION('',(1.,0.,0.));
#9795 = PCURVE('',#9668,#9796);
#9796 = DEFINITIONAL_REPRESENTATION('',(#9797),#9801);
#9797 = LINE('',#9798,#9799);
#9798 = CARTESIAN_POINT('',(0.8,0.));
#9799 = VECTOR('',#9800,1.);
#9800 = DIRECTION('',(0.,1.));
#9801 = ( GEOMETRIC_REPRESENTATION_CONTEXT(2) 
PARAMETRIC_REPRESENTATION_CONTEXT() REPRESENTATION_CONTEXT('2D SPACE',''
  ) );
#9802 = PCURVE('',#9803,#9808);
#9803 = PLANE('',#9804);
#9804 = AXIS2_PLACEMENT_3D('',#9805,#9806,#9807);
#9805 = CARTESIAN_POINT('',(45.5,-17.3,6.45));
#9806 = DIRECTION('',(0.,0.,1.));
#9807 = DIRECTION('',(1.,0.,0.));
#9808 = DEFINITIONAL_REPRESENTATION('',(#9809),#9813);
#9809 = LINE('',#9810,#9811);
#9810 = CARTESIAN_POINT('',(0.,2.8));
#9811 = VECTOR('',#9812,1.);
#9812 = DIRECTION('',(1.,0.));
#9813 = ( GEOMETRIC_REPRESENTATION_CONTEXT(2) 
PARAMETRIC_REPRESENTATION_CONTEXT() REPRESENTATION_CONTEXT('2D SPACE',''
  ) );
#9814 = ORIENTED_EDGE('',*,*,#9815,.F.);
#9815 = EDGE_CURVE('',#9816,#9788,#9818,.T.);
#9816 = VERTEX_POINT('',#9817);
#9817 = CARTESIAN_POINT('',(47.649,-14.5,5.65));
#9818 = SURFACE_CURVE('',#9819,(#9823,#9830),.PCURVE_S1.);
#9819 = LINE('',#9820,#9821);
#9820 = CARTESIAN_POINT('',(47.649,-14.5,5.65));
#9821 = VECTOR('',#9822,1.);
#9822 = DIRECTION('',(0.,0.,1.));
#9823 = PCURVE('',#9668,#9824);
#9824 = DEFINITIONAL_REPRESENTATION('',(#9825),#9829);
#9825 = LINE('',#9826,#9827);
#9826 = CARTESIAN_POINT('',(0.,2.149));
#9827 = VECTOR('',#9828,1.);
#9828 = DIRECTION('',(1.,0.));
#9829 = ( GEOMETRIC_REPRESENTATION_CONTEXT(2) 
PARAMETRIC_REPRESENTATION_CONTEXT() REPRESENTATION_CONTEXT('2D SPACE',''
  ) );
#9830 = PCURVE('',#9831,#9836);
#9831 = PLANE('',#9832);
#9832 = AXIS2_PLACEMENT_3D('',#9833,#9834,#9835);
#9833 = CARTESIAN_POINT('',(47.649,-17.3,5.65));
#9834 = DIRECTION('',(1.,0.,0.));
#9835 = DIRECTION('',(0.,0.,1.));
#9836 = DEFINITIONAL_REPRESENTATION('',(#9837),#9841);
#9837 = LINE('',#9838,#9839);
#9838 = CARTESIAN_POINT('',(0.,-2.8));
#9839 = VECTOR('',#9840,1.);
#9840 = DIRECTION('',(1.,0.));
#9841 = ( GEOMETRIC_REPRESENTATION_CONTEXT(2) 
PARAMETRIC_REPRESENTATION_CONTEXT() REPRESENTATION_CONTEXT('2D SPACE',''
  ) );
#9842 = ORIENTED_EDGE('',*,*,#9843,.T.);
#9843 = EDGE_CURVE('',#9816,#9844,#9846,.T.);
#9844 = VERTEX_POINT('',#9845);
#9845 = CARTESIAN_POINT('',(45.5,-14.5,5.65));
#9846 = SURFACE_CURVE('',#9847,(#9851,#9858),.PCURVE_S1.);
#9847 = LINE('',#9848,#9849);
#9848 = CARTESIAN_POINT('',(47.649,-14.5,5.65));
#9849 = VECTOR('',#9850,1.);
#9850 = DIRECTION('',(-1.,0.,0.));
#9851 = PCURVE('',#9668,#9852);
#9852 = DEFINITIONAL_REPRESENTATION('',(#9853),#9857);
#9853 = LINE('',#9854,#9855);
#9854 = CARTESIAN_POINT('',(0.,2.149));
#9855 = VECTOR('',#9856,1.);
#9856 = DIRECTION('',(0.,-1.));
#9857 = ( GEOMETRIC_REPRESENTATION_CONTEXT(2) 
PARAMETRIC_REPRESENTATION_CONTEXT() REPRESENTATION_CONTEXT('2D SPACE',''
  ) );
#9858 = PCURVE('',#9859,#9864);
#9859 = PLANE('',#9860);
#9860 = AXIS2_PLACEMENT_3D('',#9861,#9862,#9863);
#9861 = CARTESIAN_POINT('',(45.5,-17.3,5.65));
#9862 = DIRECTION('',(0.,0.,1.));
#9863 = DIRECTION('',(1.,0.,0.));
#9864 = DEFINITIONAL_REPRESENTATION('',(#9865),#9869);
#9865 = LINE('',#9866,#9867);
#9866 = CARTESIAN_POINT('',(2.149,2.8));
#9867 = VECTOR('',#9868,1.);
#9868 = DIRECTION('',(-1.,0.));
#9869 = ( GEOMETRIC_REPRESENTATION_CONTEXT(2) 
PARAMETRIC_REPRESENTATION_CONTEXT() REPRESENTATION_CONTEXT('2D SPACE',''
  ) );
#9870 = ORIENTED_EDGE('',*,*,#9871,.T.);
#9871 = EDGE_CURVE('',#9844,#9872,#9874,.T.);
#9872 = VERTEX_POINT('',#9873);
#9873 = CARTESIAN_POINT('',(45.5,-14.5,6.6));
#9874 = SURFACE_CURVE('',#9875,(#9879,#9886),.PCURVE_S1.);
#9875 = LINE('',#9876,#9877);
#9876 = CARTESIAN_POINT('',(45.5,-14.5,5.65));
#9877 = VECTOR('',#9878,1.);
#9878 = DIRECTION('',(0.,0.,1.));
#9879 = PCURVE('',#9668,#9880);
#9880 = DEFINITIONAL_REPRESENTATION('',(#9881),#9885);
#9881 = LINE('',#9882,#9883);
#9882 = CARTESIAN_POINT('',(0.,0.));
#9883 = VECTOR('',#9884,1.);
#9884 = DIRECTION('',(1.,0.));
#9885 = ( GEOMETRIC_REPRESENTATION_CONTEXT(2) 
PARAMETRIC_REPRESENTATION_CONTEXT() REPRESENTATION_CONTEXT('2D SPACE',''
  ) );
#9886 = PCURVE('',#9887,#9892);
#9887 = PLANE('',#9888);
#9888 = AXIS2_PLACEMENT_3D('',#9889,#9890,#9891);
#9889 = CARTESIAN_POINT('',(45.5,-17.3,5.65));
#9890 = DIRECTION('',(1.,0.,0.));
#9891 = DIRECTION('',(0.,0.,1.));
#9892 = DEFINITIONAL_REPRESENTATION('',(#9893),#9897);
#9893 = LINE('',#9894,#9895);
#9894 = CARTESIAN_POINT('',(0.,-2.8));
#9895 = VECTOR('',#9896,1.);
#9896 = DIRECTION('',(1.,0.));
#9897 = ( GEOMETRIC_REPRESENTATION_CONTEXT(2) 
PARAMETRIC_REPRESENTATION_CONTEXT() REPRESENTATION_CONTEXT('2D SPACE',''
  ) );
#9898 = ORIENTED_EDGE('',*,*,#9899,.F.);
#9899 = EDGE_CURVE('',#9633,#9872,#9900,.T.);
#9900 = SURFACE_CURVE('',#9901,(#9905,#9912),.PCURVE_S1.);
#9901 = LINE('',#9902,#9903);
#9902 = CARTESIAN_POINT('',(22.45,-14.5,6.6));
#9903 = VECTOR('',#9904,1.);
#9904 = DIRECTION('',(-1.,0.,0.));
#9905 = PCURVE('',#9668,#9906);
#9906 = DEFINITIONAL_REPRESENTATION('',(#9907),#9911);
#9907 = LINE('',#9908,#9909);
#9908 = CARTESIAN_POINT('',(0.95,-23.05));
#9909 = VECTOR('',#9910,1.);
#9910 = DIRECTION('',(0.,-1.));
#9911 = ( GEOMETRIC_REPRESENTATION_CONTEXT(2) 
PARAMETRIC_REPRESENTATION_CONTEXT() REPRESENTATION_CONTEXT('2D SPACE',''
  ) );
#9912 = PCURVE('',#2335,#9913);
#9913 = DEFINITIONAL_REPRESENTATION('',(#9914),#9917);
#9914 = B_SPLINE_CURVE_WITH_KNOTS('',1,(#9915,#9916),.UNSPECIFIED.,.F.,
  .F.,(2,2),(-24.25,-23.05),.PIECEWISE_BEZIER_KNOTS.);
#9915 = CARTESIAN_POINT('',(47.3,7.35));
#9916 = CARTESIAN_POINT('',(46.1,7.35));
#9917 = ( GEOMETRIC_REPRESENTATION_CONTEXT(2) 
PARAMETRIC_REPRESENTATION_CONTEXT() REPRESENTATION_CONTEXT('2D SPACE',''
  ) );
#9918 = ORIENTED_EDGE('',*,*,#9653,.F.);
#9919 = ORIENTED_EDGE('',*,*,#9920,.T.);
#9920 = EDGE_CURVE('',#9654,#9760,#9921,.T.);
#9921 = SURFACE_CURVE('',#9922,(#9926,#9933),.PCURVE_S1.);
#9922 = LINE('',#9923,#9924);
#9923 = CARTESIAN_POINT('',(45.5,-14.5,6.7));
#9924 = VECTOR('',#9925,1.);
#9925 = DIRECTION('',(1.,0.,0.));
#9926 = PCURVE('',#9668,#9927);
#9927 = DEFINITIONAL_REPRESENTATION('',(#9928),#9932);
#9928 = LINE('',#9929,#9930);
#9929 = CARTESIAN_POINT('',(1.05,0.));
#9930 = VECTOR('',#9931,1.);
#9931 = DIRECTION('',(0.,1.));
#9932 = ( GEOMETRIC_REPRESENTATION_CONTEXT(2) 
PARAMETRIC_REPRESENTATION_CONTEXT() REPRESENTATION_CONTEXT('2D SPACE',''
  ) );
#9933 = PCURVE('',#9695,#9934);
#9934 = DEFINITIONAL_REPRESENTATION('',(#9935),#9939);
#9935 = LINE('',#9936,#9937);
#9936 = CARTESIAN_POINT('',(0.,2.8));
#9937 = VECTOR('',#9938,1.);
#9938 = DIRECTION('',(1.,0.));
#9939 = ( GEOMETRIC_REPRESENTATION_CONTEXT(2) 
PARAMETRIC_REPRESENTATION_CONTEXT() REPRESENTATION_CONTEXT('2D SPACE',''
  ) );
#9940 = ADVANCED_FACE('',(#9941),#9887,.F.);
#9941 = FACE_BOUND('',#9942,.F.);
#9942 = EDGE_LOOP('',(#9943,#9968,#9989,#9990));
#9943 = ORIENTED_EDGE('',*,*,#9944,.F.);
#9944 = EDGE_CURVE('',#9945,#9947,#9949,.T.);
#9945 = VERTEX_POINT('',#9946);
#9946 = CARTESIAN_POINT('',(45.5,-17.3,5.65));
#9947 = VERTEX_POINT('',#9948);
#9948 = CARTESIAN_POINT('',(45.5,-17.3,6.6));
#9949 = SURFACE_CURVE('',#9950,(#9954,#9961),.PCURVE_S1.);
#9950 = LINE('',#9951,#9952);
#9951 = CARTESIAN_POINT('',(45.5,-17.3,5.65));
#9952 = VECTOR('',#9953,1.);
#9953 = DIRECTION('',(0.,0.,1.));
#9954 = PCURVE('',#9887,#9955);
#9955 = DEFINITIONAL_REPRESENTATION('',(#9956),#9960);
#9956 = LINE('',#9957,#9958);
#9957 = CARTESIAN_POINT('',(0.,0.));
#9958 = VECTOR('',#9959,1.);
#9959 = DIRECTION('',(1.,0.));
#9960 = ( GEOMETRIC_REPRESENTATION_CONTEXT(2) 
PARAMETRIC_REPRESENTATION_CONTEXT() REPRESENTATION_CONTEXT('2D SPACE',''
  ) );
#9961 = PCURVE('',#9721,#9962);
#9962 = DEFINITIONAL_REPRESENTATION('',(#9963),#9967);
#9963 = LINE('',#9964,#9965);
#9964 = CARTESIAN_POINT('',(0.,0.));
#9965 = VECTOR('',#9966,1.);
#9966 = DIRECTION('',(1.,0.));
#9967 = ( GEOMETRIC_REPRESENTATION_CONTEXT(2) 
PARAMETRIC_REPRESENTATION_CONTEXT() REPRESENTATION_CONTEXT('2D SPACE',''
  ) );
#9968 = ORIENTED_EDGE('',*,*,#9969,.T.);
#9969 = EDGE_CURVE('',#9945,#9844,#9970,.T.);
#9970 = SURFACE_CURVE('',#9971,(#9975,#9982),.PCURVE_S1.);
#9971 = LINE('',#9972,#9973);
#9972 = CARTESIAN_POINT('',(45.5,-17.3,5.65));
#9973 = VECTOR('',#9974,1.);
#9974 = DIRECTION('',(0.,1.,0.));
#9975 = PCURVE('',#9887,#9976);
#9976 = DEFINITIONAL_REPRESENTATION('',(#9977),#9981);
#9977 = LINE('',#9978,#9979);
#9978 = CARTESIAN_POINT('',(0.,0.));
#9979 = VECTOR('',#9980,1.);
#9980 = DIRECTION('',(0.,-1.));
#9981 = ( GEOMETRIC_REPRESENTATION_CONTEXT(2) 
PARAMETRIC_REPRESENTATION_CONTEXT() REPRESENTATION_CONTEXT('2D SPACE',''
  ) );
#9982 = PCURVE('',#9859,#9983);
#9983 = DEFINITIONAL_REPRESENTATION('',(#9984),#9988);
#9984 = LINE('',#9985,#9986);
#9985 = CARTESIAN_POINT('',(0.,0.));
#9986 = VECTOR('',#9987,1.);
#9987 = DIRECTION('',(0.,1.));
#9988 = ( GEOMETRIC_REPRESENTATION_CONTEXT(2) 
PARAMETRIC_REPRESENTATION_CONTEXT() REPRESENTATION_CONTEXT('2D SPACE',''
  ) );
#9989 = ORIENTED_EDGE('',*,*,#9871,.T.);
#9990 = ORIENTED_EDGE('',*,*,#9991,.F.);
#9991 = EDGE_CURVE('',#9947,#9872,#9992,.T.);
#9992 = SURFACE_CURVE('',#9993,(#9997,#10004),.PCURVE_S1.);
#9993 = LINE('',#9994,#9995);
#9994 = CARTESIAN_POINT('',(45.5,-19.575,6.6));
#9995 = VECTOR('',#9996,1.);
#9996 = DIRECTION('',(0.,1.,0.));
#9997 = PCURVE('',#9887,#9998);
#9998 = DEFINITIONAL_REPRESENTATION('',(#9999),#10003);
#9999 = LINE('',#10000,#10001);
#10000 = CARTESIAN_POINT('',(0.95,2.275));
#10001 = VECTOR('',#10002,1.);
#10002 = DIRECTION('',(0.,-1.));
#10003 = ( GEOMETRIC_REPRESENTATION_CONTEXT(2) 
PARAMETRIC_REPRESENTATION_CONTEXT() REPRESENTATION_CONTEXT('2D SPACE',''
  ) );
#10004 = PCURVE('',#2335,#10005);
#10005 = DEFINITIONAL_REPRESENTATION('',(#10006),#10009);
#10006 = B_SPLINE_CURVE_WITH_KNOTS('',1,(#10007,#10008),.UNSPECIFIED.,
  .F.,.F.,(2,2),(2.275,5.075),.PIECEWISE_BEZIER_KNOTS.);
#10007 = CARTESIAN_POINT('',(46.1,4.55));
#10008 = CARTESIAN_POINT('',(46.1,7.35));
#10009 = ( GEOMETRIC_REPRESENTATION_CONTEXT(2) 
PARAMETRIC_REPRESENTATION_CONTEXT() REPRESENTATION_CONTEXT('2D SPACE',''
  ) );
#10010 = ADVANCED_FACE('',(#10011),#9859,.F.);
#10011 = FACE_BOUND('',#10012,.F.);
#10012 = EDGE_LOOP('',(#10013,#10014,#10037,#10058));
#10013 = ORIENTED_EDGE('',*,*,#9969,.F.);
#10014 = ORIENTED_EDGE('',*,*,#10015,.T.);
#10015 = EDGE_CURVE('',#9945,#10016,#10018,.T.);
#10016 = VERTEX_POINT('',#10017);
#10017 = CARTESIAN_POINT('',(47.649,-17.3,5.65));
#10018 = SURFACE_CURVE('',#10019,(#10023,#10030),.PCURVE_S1.);
#10019 = LINE('',#10020,#10021);
#10020 = CARTESIAN_POINT('',(45.5,-17.3,5.65));
#10021 = VECTOR('',#10022,1.);
#10022 = DIRECTION('',(1.,0.,0.));
#10023 = PCURVE('',#9859,#10024);
#10024 = DEFINITIONAL_REPRESENTATION('',(#10025),#10029);
#10025 = LINE('',#10026,#10027);
#10026 = CARTESIAN_POINT('',(0.,0.));
#10027 = VECTOR('',#10028,1.);
#10028 = DIRECTION('',(1.,0.));
#10029 = ( GEOMETRIC_REPRESENTATION_CONTEXT(2) 
PARAMETRIC_REPRESENTATION_CONTEXT() REPRESENTATION_CONTEXT('2D SPACE',''
  ) );
#10030 = PCURVE('',#9721,#10031);
#10031 = DEFINITIONAL_REPRESENTATION('',(#10032),#10036);
#10032 = LINE('',#10033,#10034);
#10033 = CARTESIAN_POINT('',(0.,0.));
#10034 = VECTOR('',#10035,1.);
#10035 = DIRECTION('',(0.,1.));
#10036 = ( GEOMETRIC_REPRESENTATION_CONTEXT(2) 
PARAMETRIC_REPRESENTATION_CONTEXT() REPRESENTATION_CONTEXT('2D SPACE',''
  ) );
#10037 = ORIENTED_EDGE('',*,*,#10038,.T.);
#10038 = EDGE_CURVE('',#10016,#9816,#10039,.T.);
#10039 = SURFACE_CURVE('',#10040,(#10044,#10051),.PCURVE_S1.);
#10040 = LINE('',#10041,#10042);
#10041 = CARTESIAN_POINT('',(47.649,-17.3,5.65));
#10042 = VECTOR('',#10043,1.);
#10043 = DIRECTION('',(0.,1.,0.));
#10044 = PCURVE('',#9859,#10045);
#10045 = DEFINITIONAL_REPRESENTATION('',(#10046),#10050);
#10046 = LINE('',#10047,#10048);
#10047 = CARTESIAN_POINT('',(2.149,0.));
#10048 = VECTOR('',#10049,1.);
#10049 = DIRECTION('',(0.,1.));
#10050 = ( GEOMETRIC_REPRESENTATION_CONTEXT(2) 
PARAMETRIC_REPRESENTATION_CONTEXT() REPRESENTATION_CONTEXT('2D SPACE',''
  ) );
#10051 = PCURVE('',#9831,#10052);
#10052 = DEFINITIONAL_REPRESENTATION('',(#10053),#10057);
#10053 = LINE('',#10054,#10055);
#10054 = CARTESIAN_POINT('',(0.,0.));
#10055 = VECTOR('',#10056,1.);
#10056 = DIRECTION('',(0.,-1.));
#10057 = ( GEOMETRIC_REPRESENTATION_CONTEXT(2) 
PARAMETRIC_REPRESENTATION_CONTEXT() REPRESENTATION_CONTEXT('2D SPACE',''
  ) );
#10058 = ORIENTED_EDGE('',*,*,#9843,.T.);
#10059 = ADVANCED_FACE('',(#10060),#9831,.T.);
#10060 = FACE_BOUND('',#10061,.T.);
#10061 = EDGE_LOOP('',(#10062,#10085,#10086,#10087));
#10062 = ORIENTED_EDGE('',*,*,#10063,.F.);
#10063 = EDGE_CURVE('',#10016,#10064,#10066,.T.);
#10064 = VERTEX_POINT('',#10065);
#10065 = CARTESIAN_POINT('',(47.649,-17.3,6.45));
#10066 = SURFACE_CURVE('',#10067,(#10071,#10078),.PCURVE_S1.);
#10067 = LINE('',#10068,#10069);
#10068 = CARTESIAN_POINT('',(47.649,-17.3,5.65));
#10069 = VECTOR('',#10070,1.);
#10070 = DIRECTION('',(0.,0.,1.));
#10071 = PCURVE('',#9831,#10072);
#10072 = DEFINITIONAL_REPRESENTATION('',(#10073),#10077);
#10073 = LINE('',#10074,#10075);
#10074 = CARTESIAN_POINT('',(0.,0.));
#10075 = VECTOR('',#10076,1.);
#10076 = DIRECTION('',(1.,0.));
#10077 = ( GEOMETRIC_REPRESENTATION_CONTEXT(2) 
PARAMETRIC_REPRESENTATION_CONTEXT() REPRESENTATION_CONTEXT('2D SPACE',''
  ) );
#10078 = PCURVE('',#9721,#10079);
#10079 = DEFINITIONAL_REPRESENTATION('',(#10080),#10084);
#10080 = LINE('',#10081,#10082);
#10081 = CARTESIAN_POINT('',(0.,2.149));
#10082 = VECTOR('',#10083,1.);
#10083 = DIRECTION('',(1.,0.));
#10084 = ( GEOMETRIC_REPRESENTATION_CONTEXT(2) 
PARAMETRIC_REPRESENTATION_CONTEXT() REPRESENTATION_CONTEXT('2D SPACE',''
  ) );
#10085 = ORIENTED_EDGE('',*,*,#10038,.T.);
#10086 = ORIENTED_EDGE('',*,*,#9815,.T.);
#10087 = ORIENTED_EDGE('',*,*,#10088,.F.);
#10088 = EDGE_CURVE('',#10064,#9788,#10089,.T.);
#10089 = SURFACE_CURVE('',#10090,(#10094,#10101),.PCURVE_S1.);
#10090 = LINE('',#10091,#10092);
#10091 = CARTESIAN_POINT('',(47.649,-17.3,6.45));
#10092 = VECTOR('',#10093,1.);
#10093 = DIRECTION('',(0.,1.,0.));
#10094 = PCURVE('',#9831,#10095);
#10095 = DEFINITIONAL_REPRESENTATION('',(#10096),#10100);
#10096 = LINE('',#10097,#10098);
#10097 = CARTESIAN_POINT('',(0.8,0.));
#10098 = VECTOR('',#10099,1.);
#10099 = DIRECTION('',(0.,-1.));
#10100 = ( GEOMETRIC_REPRESENTATION_CONTEXT(2) 
PARAMETRIC_REPRESENTATION_CONTEXT() REPRESENTATION_CONTEXT('2D SPACE',''
  ) );
#10101 = PCURVE('',#9803,#10102);
#10102 = DEFINITIONAL_REPRESENTATION('',(#10103),#10107);
#10103 = LINE('',#10104,#10105);
#10104 = CARTESIAN_POINT('',(2.149,0.));
#10105 = VECTOR('',#10106,1.);
#10106 = DIRECTION('',(0.,1.));
#10107 = ( GEOMETRIC_REPRESENTATION_CONTEXT(2) 
PARAMETRIC_REPRESENTATION_CONTEXT() REPRESENTATION_CONTEXT('2D SPACE',''
  ) );
#10108 = ADVANCED_FACE('',(#10109),#9803,.T.);
#10109 = FACE_BOUND('',#10110,.T.);
#10110 = EDGE_LOOP('',(#10111,#10112,#10133,#10154));
#10111 = ORIENTED_EDGE('',*,*,#9787,.F.);
#10112 = ORIENTED_EDGE('',*,*,#10113,.F.);
#10113 = EDGE_CURVE('',#10114,#9758,#10116,.T.);
#10114 = VERTEX_POINT('',#10115);
#10115 = CARTESIAN_POINT('',(46.7,-17.3,6.45));
#10116 = SURFACE_CURVE('',#10117,(#10121,#10127),.PCURVE_S1.);
#10117 = LINE('',#10118,#10119);
#10118 = CARTESIAN_POINT('',(46.7,-17.3,6.45));
#10119 = VECTOR('',#10120,1.);
#10120 = DIRECTION('',(0.,1.,0.));
#10121 = PCURVE('',#9803,#10122);
#10122 = DEFINITIONAL_REPRESENTATION('',(#10123),#10126);
#10123 = B_SPLINE_CURVE_WITH_KNOTS('',1,(#10124,#10125),.UNSPECIFIED.,
  .F.,.F.,(2,2),(0.,2.8),.PIECEWISE_BEZIER_KNOTS.);
#10124 = CARTESIAN_POINT('',(1.2,0.));
#10125 = CARTESIAN_POINT('',(1.2,2.8));
#10126 = ( GEOMETRIC_REPRESENTATION_CONTEXT(2) 
PARAMETRIC_REPRESENTATION_CONTEXT() REPRESENTATION_CONTEXT('2D SPACE',''
  ) );
#10127 = PCURVE('',#9775,#10128);
#10128 = DEFINITIONAL_REPRESENTATION('',(#10129),#10132);
#10129 = B_SPLINE_CURVE_WITH_KNOTS('',1,(#10130,#10131),.UNSPECIFIED.,
  .F.,.F.,(2,2),(0.,2.8),.PIECEWISE_BEZIER_KNOTS.);
#10130 = CARTESIAN_POINT('',(0.8,0.));
#10131 = CARTESIAN_POINT('',(0.8,-2.8));
#10132 = ( GEOMETRIC_REPRESENTATION_CONTEXT(2) 
PARAMETRIC_REPRESENTATION_CONTEXT() REPRESENTATION_CONTEXT('2D SPACE',''
  ) );
#10133 = ORIENTED_EDGE('',*,*,#10134,.T.);
#10134 = EDGE_CURVE('',#10114,#10064,#10135,.T.);
#10135 = SURFACE_CURVE('',#10136,(#10140,#10147),.PCURVE_S1.);
#10136 = LINE('',#10137,#10138);
#10137 = CARTESIAN_POINT('',(45.5,-17.3,6.45));
#10138 = VECTOR('',#10139,1.);
#10139 = DIRECTION('',(1.,0.,0.));
#10140 = PCURVE('',#9803,#10141);
#10141 = DEFINITIONAL_REPRESENTATION('',(#10142),#10146);
#10142 = LINE('',#10143,#10144);
#10143 = CARTESIAN_POINT('',(0.,0.));
#10144 = VECTOR('',#10145,1.);
#10145 = DIRECTION('',(1.,0.));
#10146 = ( GEOMETRIC_REPRESENTATION_CONTEXT(2) 
PARAMETRIC_REPRESENTATION_CONTEXT() REPRESENTATION_CONTEXT('2D SPACE',''
  ) );
#10147 = PCURVE('',#9721,#10148);
#10148 = DEFINITIONAL_REPRESENTATION('',(#10149),#10153);
#10149 = LINE('',#10150,#10151);
#10150 = CARTESIAN_POINT('',(0.8,0.));
#10151 = VECTOR('',#10152,1.);
#10152 = DIRECTION('',(0.,1.));
#10153 = ( GEOMETRIC_REPRESENTATION_CONTEXT(2) 
PARAMETRIC_REPRESENTATION_CONTEXT() REPRESENTATION_CONTEXT('2D SPACE',''
  ) );
#10154 = ORIENTED_EDGE('',*,*,#10088,.T.);
#10155 = ADVANCED_FACE('',(#10156),#9775,.T.);
#10156 = FACE_BOUND('',#10157,.T.);
#10157 = EDGE_LOOP('',(#10158,#10181,#10182,#10183));
#10158 = ORIENTED_EDGE('',*,*,#10159,.F.);
#10159 = EDGE_CURVE('',#10114,#10160,#10162,.T.);
#10160 = VERTEX_POINT('',#10161);
#10161 = CARTESIAN_POINT('',(46.7,-17.3,6.7));
#10162 = SURFACE_CURVE('',#10163,(#10167,#10174),.PCURVE_S1.);
#10163 = LINE('',#10164,#10165);
#10164 = CARTESIAN_POINT('',(46.7,-17.3,5.65));
#10165 = VECTOR('',#10166,1.);
#10166 = DIRECTION('',(0.,0.,1.));
#10167 = PCURVE('',#9775,#10168);
#10168 = DEFINITIONAL_REPRESENTATION('',(#10169),#10173);
#10169 = LINE('',#10170,#10171);
#10170 = CARTESIAN_POINT('',(0.,0.));
#10171 = VECTOR('',#10172,1.);
#10172 = DIRECTION('',(1.,0.));
#10173 = ( GEOMETRIC_REPRESENTATION_CONTEXT(2) 
PARAMETRIC_REPRESENTATION_CONTEXT() REPRESENTATION_CONTEXT('2D SPACE',''
  ) );
#10174 = PCURVE('',#9721,#10175);
#10175 = DEFINITIONAL_REPRESENTATION('',(#10176),#10180);
#10176 = LINE('',#10177,#10178);
#10177 = CARTESIAN_POINT('',(0.,1.2));
#10178 = VECTOR('',#10179,1.);
#10179 = DIRECTION('',(1.,0.));
#10180 = ( GEOMETRIC_REPRESENTATION_CONTEXT(2) 
PARAMETRIC_REPRESENTATION_CONTEXT() REPRESENTATION_CONTEXT('2D SPACE',''
  ) );
#10181 = ORIENTED_EDGE('',*,*,#10113,.T.);
#10182 = ORIENTED_EDGE('',*,*,#9757,.T.);
#10183 = ORIENTED_EDGE('',*,*,#10184,.F.);
#10184 = EDGE_CURVE('',#10160,#9760,#10185,.T.);
#10185 = SURFACE_CURVE('',#10186,(#10190,#10197),.PCURVE_S1.);
#10186 = LINE('',#10187,#10188);
#10187 = CARTESIAN_POINT('',(46.7,-17.3,6.7));
#10188 = VECTOR('',#10189,1.);
#10189 = DIRECTION('',(0.,1.,0.));
#10190 = PCURVE('',#9775,#10191);
#10191 = DEFINITIONAL_REPRESENTATION('',(#10192),#10196);
#10192 = LINE('',#10193,#10194);
#10193 = CARTESIAN_POINT('',(1.05,0.));
#10194 = VECTOR('',#10195,1.);
#10195 = DIRECTION('',(0.,-1.));
#10196 = ( GEOMETRIC_REPRESENTATION_CONTEXT(2) 
PARAMETRIC_REPRESENTATION_CONTEXT() REPRESENTATION_CONTEXT('2D SPACE',''
  ) );
#10197 = PCURVE('',#9695,#10198);
#10198 = DEFINITIONAL_REPRESENTATION('',(#10199),#10203);
#10199 = LINE('',#10200,#10201);
#10200 = CARTESIAN_POINT('',(1.2,0.));
#10201 = VECTOR('',#10202,1.);
#10202 = DIRECTION('',(0.,1.));
#10203 = ( GEOMETRIC_REPRESENTATION_CONTEXT(2) 
PARAMETRIC_REPRESENTATION_CONTEXT() REPRESENTATION_CONTEXT('2D SPACE',''
  ) );
#10204 = ADVANCED_FACE('',(#10205),#9695,.T.);
#10205 = FACE_BOUND('',#10206,.T.);
#10206 = EDGE_LOOP('',(#10207,#10208,#10209,#10230));
#10207 = ORIENTED_EDGE('',*,*,#9920,.F.);
#10208 = ORIENTED_EDGE('',*,*,#9680,.F.);
#10209 = ORIENTED_EDGE('',*,*,#10210,.T.);
#10210 = EDGE_CURVE('',#9681,#10160,#10211,.T.);
#10211 = SURFACE_CURVE('',#10212,(#10216,#10223),.PCURVE_S1.);
#10212 = LINE('',#10213,#10214);
#10213 = CARTESIAN_POINT('',(45.5,-17.3,6.7));
#10214 = VECTOR('',#10215,1.);
#10215 = DIRECTION('',(1.,0.,0.));
#10216 = PCURVE('',#9695,#10217);
#10217 = DEFINITIONAL_REPRESENTATION('',(#10218),#10222);
#10218 = LINE('',#10219,#10220);
#10219 = CARTESIAN_POINT('',(0.,0.));
#10220 = VECTOR('',#10221,1.);
#10221 = DIRECTION('',(1.,0.));
#10222 = ( GEOMETRIC_REPRESENTATION_CONTEXT(2) 
PARAMETRIC_REPRESENTATION_CONTEXT() REPRESENTATION_CONTEXT('2D SPACE',''
  ) );
#10223 = PCURVE('',#9721,#10224);
#10224 = DEFINITIONAL_REPRESENTATION('',(#10225),#10229);
#10225 = LINE('',#10226,#10227);
#10226 = CARTESIAN_POINT('',(1.05,0.));
#10227 = VECTOR('',#10228,1.);
#10228 = DIRECTION('',(0.,1.));
#10229 = ( GEOMETRIC_REPRESENTATION_CONTEXT(2) 
PARAMETRIC_REPRESENTATION_CONTEXT() REPRESENTATION_CONTEXT('2D SPACE',''
  ) );
#10230 = ORIENTED_EDGE('',*,*,#10184,.T.);
#10231 = ADVANCED_FACE('',(#10232),#9721,.F.);
#10232 = FACE_BOUND('',#10233,.F.);
#10233 = EDGE_LOOP('',(#10234,#10235,#10236,#10237,#10238,#10239,#10259,
    #10260));
#10234 = ORIENTED_EDGE('',*,*,#10159,.F.);
#10235 = ORIENTED_EDGE('',*,*,#10134,.T.);
#10236 = ORIENTED_EDGE('',*,*,#10063,.F.);
#10237 = ORIENTED_EDGE('',*,*,#10015,.F.);
#10238 = ORIENTED_EDGE('',*,*,#9944,.T.);
#10239 = ORIENTED_EDGE('',*,*,#10240,.F.);
#10240 = EDGE_CURVE('',#9707,#9947,#10241,.T.);
#10241 = SURFACE_CURVE('',#10242,(#10246,#10253),.PCURVE_S1.);
#10242 = LINE('',#10243,#10244);
#10243 = CARTESIAN_POINT('',(22.45,-17.3,6.6));
#10244 = VECTOR('',#10245,1.);
#10245 = DIRECTION('',(-1.,0.,0.));
#10246 = PCURVE('',#9721,#10247);
#10247 = DEFINITIONAL_REPRESENTATION('',(#10248),#10252);
#10248 = LINE('',#10249,#10250);
#10249 = CARTESIAN_POINT('',(0.95,-23.05));
#10250 = VECTOR('',#10251,1.);
#10251 = DIRECTION('',(0.,-1.));
#10252 = ( GEOMETRIC_REPRESENTATION_CONTEXT(2) 
PARAMETRIC_REPRESENTATION_CONTEXT() REPRESENTATION_CONTEXT('2D SPACE',''
  ) );
#10253 = PCURVE('',#2335,#10254);
#10254 = DEFINITIONAL_REPRESENTATION('',(#10255),#10258);
#10255 = B_SPLINE_CURVE_WITH_KNOTS('',1,(#10256,#10257),.UNSPECIFIED.,
  .F.,.F.,(2,2),(-24.25,-23.05),.PIECEWISE_BEZIER_KNOTS.);
#10256 = CARTESIAN_POINT('',(47.3,4.55));
#10257 = CARTESIAN_POINT('',(46.1,4.55));
#10258 = ( GEOMETRIC_REPRESENTATION_CONTEXT(2) 
PARAMETRIC_REPRESENTATION_CONTEXT() REPRESENTATION_CONTEXT('2D SPACE',''
  ) );
#10259 = ORIENTED_EDGE('',*,*,#9706,.F.);
#10260 = ORIENTED_EDGE('',*,*,#10210,.T.);
#10261 = ADVANCED_FACE('',(#10262),#8016,.F.);
#10262 = FACE_BOUND('',#10263,.F.);
#10263 = EDGE_LOOP('',(#10264,#10286,#10313,#10333));
#10264 = ORIENTED_EDGE('',*,*,#10265,.F.);
#10265 = EDGE_CURVE('',#10266,#8003,#10268,.T.);
#10266 = VERTEX_POINT('',#10267);
#10267 = CARTESIAN_POINT('',(21.20146,-5.94208,7.35));
#10268 = SURFACE_CURVE('',#10269,(#10272,#10279),.PCURVE_S1.);
#10269 = B_SPLINE_CURVE_WITH_KNOTS('',1,(#10270,#10271),.UNSPECIFIED.,
  .F.,.F.,(2,2),(0.,1.),.PIECEWISE_BEZIER_KNOTS.);
#10270 = CARTESIAN_POINT('',(21.20146,-5.94208,7.35));
#10271 = CARTESIAN_POINT('',(20.75146,-5.49208,7.81));
#10272 = PCURVE('',#8016,#10273);
#10273 = DEFINITIONAL_REPRESENTATION('',(#10274),#10278);
#10274 = LINE('',#10275,#10276);
#10275 = CARTESIAN_POINT('',(0.,0.));
#10276 = VECTOR('',#10277,1.);
#10277 = DIRECTION('',(0.,1.));
#10278 = ( GEOMETRIC_REPRESENTATION_CONTEXT(2) 
PARAMETRIC_REPRESENTATION_CONTEXT() REPRESENTATION_CONTEXT('2D SPACE',''
  ) );
#10279 = PCURVE('',#8039,#10280);
#10280 = DEFINITIONAL_REPRESENTATION('',(#10281),#10285);
#10281 = LINE('',#10282,#10283);
#10282 = CARTESIAN_POINT('',(23.4,0.));
#10283 = VECTOR('',#10284,1.);
#10284 = DIRECTION('',(0.,1.));
#10285 = ( GEOMETRIC_REPRESENTATION_CONTEXT(2) 
PARAMETRIC_REPRESENTATION_CONTEXT() REPRESENTATION_CONTEXT('2D SPACE',''
  ) );
#10286 = ORIENTED_EDGE('',*,*,#10287,.T.);
#10287 = EDGE_CURVE('',#10266,#10288,#10290,.T.);
#10288 = VERTEX_POINT('',#10289);
#10289 = CARTESIAN_POINT('',(21.20146,-17.54208,7.35));
#10290 = SURFACE_CURVE('',#10291,(#10295,#10301),.PCURVE_S1.);
#10291 = LINE('',#10292,#10293);
#10292 = CARTESIAN_POINT('',(21.20146,-5.94208,7.35));
#10293 = VECTOR('',#10294,1.);
#10294 = DIRECTION('',(0.,-1.,0.));
#10295 = PCURVE('',#8016,#10296);
#10296 = DEFINITIONAL_REPRESENTATION('',(#10297),#10300);
#10297 = B_SPLINE_CURVE_WITH_KNOTS('',1,(#10298,#10299),.UNSPECIFIED.,
  .F.,.F.,(2,2),(0.,11.6),.PIECEWISE_BEZIER_KNOTS.);
#10298 = CARTESIAN_POINT('',(0.,0.));
#10299 = CARTESIAN_POINT('',(12.5,0.));
#10300 = ( GEOMETRIC_REPRESENTATION_CONTEXT(2) 
PARAMETRIC_REPRESENTATION_CONTEXT() REPRESENTATION_CONTEXT('2D SPACE',''
  ) );
#10301 = PCURVE('',#10302,#10307);
#10302 = PLANE('',#10303);
#10303 = AXIS2_PLACEMENT_3D('',#10304,#10305,#10306);
#10304 = CARTESIAN_POINT('',(21.20146,-17.54208,6.5));
#10305 = DIRECTION('',(1.,0.,0.));
#10306 = DIRECTION('',(0.,0.,1.));
#10307 = DEFINITIONAL_REPRESENTATION('',(#10308),#10312);
#10308 = LINE('',#10309,#10310);
#10309 = CARTESIAN_POINT('',(0.85,-11.6));
#10310 = VECTOR('',#10311,1.);
#10311 = DIRECTION('',(0.,1.));
#10312 = ( GEOMETRIC_REPRESENTATION_CONTEXT(2) 
PARAMETRIC_REPRESENTATION_CONTEXT() REPRESENTATION_CONTEXT('2D SPACE',''
  ) );
#10313 = ORIENTED_EDGE('',*,*,#10314,.T.);
#10314 = EDGE_CURVE('',#10288,#7978,#10315,.T.);
#10315 = SURFACE_CURVE('',#10316,(#10319,#10326),.PCURVE_S1.);
#10316 = B_SPLINE_CURVE_WITH_KNOTS('',1,(#10317,#10318),.UNSPECIFIED.,
  .F.,.F.,(2,2),(0.,1.),.PIECEWISE_BEZIER_KNOTS.);
#10317 = CARTESIAN_POINT('',(21.20146,-17.54208,7.35));
#10318 = CARTESIAN_POINT('',(20.75146,-17.99208,7.81));
#10319 = PCURVE('',#8016,#10320);
#10320 = DEFINITIONAL_REPRESENTATION('',(#10321),#10325);
#10321 = LINE('',#10322,#10323);
#10322 = CARTESIAN_POINT('',(12.5,0.));
#10323 = VECTOR('',#10324,1.);
#10324 = DIRECTION('',(0.,1.));
#10325 = ( GEOMETRIC_REPRESENTATION_CONTEXT(2) 
PARAMETRIC_REPRESENTATION_CONTEXT() REPRESENTATION_CONTEXT('2D SPACE',''
  ) );
#10326 = PCURVE('',#7991,#10327);
#10327 = DEFINITIONAL_REPRESENTATION('',(#10328),#10332);
#10328 = LINE('',#10329,#10330);
#10329 = CARTESIAN_POINT('',(0.,0.));
#10330 = VECTOR('',#10331,1.);
#10331 = DIRECTION('',(0.,1.));
#10332 = ( GEOMETRIC_REPRESENTATION_CONTEXT(2) 
PARAMETRIC_REPRESENTATION_CONTEXT() REPRESENTATION_CONTEXT('2D SPACE',''
  ) );
#10333 = ORIENTED_EDGE('',*,*,#8002,.T.);
#10334 = ADVANCED_FACE('',(#10335),#10302,.T.);
#10335 = FACE_BOUND('',#10336,.T.);
#10336 = EDGE_LOOP('',(#10337,#10365,#10386,#10412));
#10337 = ORIENTED_EDGE('',*,*,#10338,.F.);
#10338 = EDGE_CURVE('',#10339,#10288,#10341,.T.);
#10339 = VERTEX_POINT('',#10340);
#10340 = CARTESIAN_POINT('',(21.20146,-17.54208,6.6));
#10341 = SURFACE_CURVE('',#10342,(#10346,#10353),.PCURVE_S1.);
#10342 = LINE('',#10343,#10344);
#10343 = CARTESIAN_POINT('',(21.20146,-17.54208,6.5));
#10344 = VECTOR('',#10345,1.);
#10345 = DIRECTION('',(0.,0.,1.));
#10346 = PCURVE('',#10302,#10347);
#10347 = DEFINITIONAL_REPRESENTATION('',(#10348),#10352);
#10348 = LINE('',#10349,#10350);
#10349 = CARTESIAN_POINT('',(0.,0.));
#10350 = VECTOR('',#10351,1.);
#10351 = DIRECTION('',(1.,0.));
#10352 = ( GEOMETRIC_REPRESENTATION_CONTEXT(2) 
PARAMETRIC_REPRESENTATION_CONTEXT() REPRESENTATION_CONTEXT('2D SPACE',''
  ) );
#10353 = PCURVE('',#10354,#10359);
#10354 = PLANE('',#10355);
#10355 = AXIS2_PLACEMENT_3D('',#10356,#10357,#10358);
#10356 = CARTESIAN_POINT('',(21.20146,-17.54208,6.5));
#10357 = DIRECTION('',(0.,1.,0.));
#10358 = DIRECTION('',(0.,0.,1.));
#10359 = DEFINITIONAL_REPRESENTATION('',(#10360),#10364);
#10360 = LINE('',#10361,#10362);
#10361 = CARTESIAN_POINT('',(0.,0.));
#10362 = VECTOR('',#10363,1.);
#10363 = DIRECTION('',(1.,0.));
#10364 = ( GEOMETRIC_REPRESENTATION_CONTEXT(2) 
PARAMETRIC_REPRESENTATION_CONTEXT() REPRESENTATION_CONTEXT('2D SPACE',''
  ) );
#10365 = ORIENTED_EDGE('',*,*,#10366,.T.);
#10366 = EDGE_CURVE('',#10339,#10367,#10369,.T.);
#10367 = VERTEX_POINT('',#10368);
#10368 = CARTESIAN_POINT('',(21.20146,-5.94208,6.6));
#10369 = SURFACE_CURVE('',#10370,(#10374,#10380),.PCURVE_S1.);
#10370 = LINE('',#10371,#10372);
#10371 = CARTESIAN_POINT('',(21.20146,-19.69604,6.6));
#10372 = VECTOR('',#10373,1.);
#10373 = DIRECTION('',(0.,1.,0.));
#10374 = PCURVE('',#10302,#10375);
#10375 = DEFINITIONAL_REPRESENTATION('',(#10376),#10379);
#10376 = B_SPLINE_CURVE_WITH_KNOTS('',1,(#10377,#10378),.UNSPECIFIED.,
  .F.,.F.,(2,2),(2.15396,13.75396),.PIECEWISE_BEZIER_KNOTS.);
#10377 = CARTESIAN_POINT('',(1.E-01,0.));
#10378 = CARTESIAN_POINT('',(1.E-01,-11.6));
#10379 = ( GEOMETRIC_REPRESENTATION_CONTEXT(2) 
PARAMETRIC_REPRESENTATION_CONTEXT() REPRESENTATION_CONTEXT('2D SPACE',''
  ) );
#10380 = PCURVE('',#2335,#10381);
#10381 = DEFINITIONAL_REPRESENTATION('',(#10382),#10385);
#10382 = B_SPLINE_CURVE_WITH_KNOTS('',1,(#10383,#10384),.UNSPECIFIED.,
  .F.,.F.,(2,2),(2.15396,13.75396),.PIECEWISE_BEZIER_KNOTS.);
#10383 = CARTESIAN_POINT('',(21.80146,4.30792));
#10384 = CARTESIAN_POINT('',(21.80146,15.90792));
#10385 = ( GEOMETRIC_REPRESENTATION_CONTEXT(2) 
PARAMETRIC_REPRESENTATION_CONTEXT() REPRESENTATION_CONTEXT('2D SPACE',''
  ) );
#10386 = ORIENTED_EDGE('',*,*,#10387,.T.);
#10387 = EDGE_CURVE('',#10367,#10266,#10388,.T.);
#10388 = SURFACE_CURVE('',#10389,(#10393,#10400),.PCURVE_S1.);
#10389 = LINE('',#10390,#10391);
#10390 = CARTESIAN_POINT('',(21.20146,-5.94208,6.5));
#10391 = VECTOR('',#10392,1.);
#10392 = DIRECTION('',(0.,0.,1.));
#10393 = PCURVE('',#10302,#10394);
#10394 = DEFINITIONAL_REPRESENTATION('',(#10395),#10399);
#10395 = LINE('',#10396,#10397);
#10396 = CARTESIAN_POINT('',(0.,-11.6));
#10397 = VECTOR('',#10398,1.);
#10398 = DIRECTION('',(1.,0.));
#10399 = ( GEOMETRIC_REPRESENTATION_CONTEXT(2) 
PARAMETRIC_REPRESENTATION_CONTEXT() REPRESENTATION_CONTEXT('2D SPACE',''
  ) );
#10400 = PCURVE('',#10401,#10406);
#10401 = PLANE('',#10402);
#10402 = AXIS2_PLACEMENT_3D('',#10403,#10404,#10405);
#10403 = CARTESIAN_POINT('',(21.20146,-5.94208,6.5));
#10404 = DIRECTION('',(0.,1.,0.));
#10405 = DIRECTION('',(0.,0.,1.));
#10406 = DEFINITIONAL_REPRESENTATION('',(#10407),#10411);
#10407 = LINE('',#10408,#10409);
#10408 = CARTESIAN_POINT('',(0.,0.));
#10409 = VECTOR('',#10410,1.);
#10410 = DIRECTION('',(1.,0.));
#10411 = ( GEOMETRIC_REPRESENTATION_CONTEXT(2) 
PARAMETRIC_REPRESENTATION_CONTEXT() REPRESENTATION_CONTEXT('2D SPACE',''
  ) );
#10412 = ORIENTED_EDGE('',*,*,#10287,.T.);
#10413 = ADVANCED_FACE('',(#10414),#10401,.F.);
#10414 = FACE_BOUND('',#10415,.F.);
#10415 = EDGE_LOOP('',(#10416,#10446,#10465,#10466));
#10416 = ORIENTED_EDGE('',*,*,#10417,.F.);
#10417 = EDGE_CURVE('',#10418,#10420,#10422,.T.);
#10418 = VERTEX_POINT('',#10419);
#10419 = CARTESIAN_POINT('',(43.70146,-5.94208,6.6));
#10420 = VERTEX_POINT('',#10421);
#10421 = CARTESIAN_POINT('',(43.70146,-5.94208,7.35));
#10422 = SURFACE_CURVE('',#10423,(#10427,#10434),.PCURVE_S1.);
#10423 = LINE('',#10424,#10425);
#10424 = CARTESIAN_POINT('',(43.70146,-5.94208,6.5));
#10425 = VECTOR('',#10426,1.);
#10426 = DIRECTION('',(0.,0.,1.));
#10427 = PCURVE('',#10401,#10428);
#10428 = DEFINITIONAL_REPRESENTATION('',(#10429),#10433);
#10429 = LINE('',#10430,#10431);
#10430 = CARTESIAN_POINT('',(0.,22.5));
#10431 = VECTOR('',#10432,1.);
#10432 = DIRECTION('',(1.,0.));
#10433 = ( GEOMETRIC_REPRESENTATION_CONTEXT(2) 
PARAMETRIC_REPRESENTATION_CONTEXT() REPRESENTATION_CONTEXT('2D SPACE',''
  ) );
#10434 = PCURVE('',#10435,#10440);
#10435 = PLANE('',#10436);
#10436 = AXIS2_PLACEMENT_3D('',#10437,#10438,#10439);
#10437 = CARTESIAN_POINT('',(43.70146,-17.54208,6.5));
#10438 = DIRECTION('',(1.,0.,0.));
#10439 = DIRECTION('',(0.,0.,1.));
#10440 = DEFINITIONAL_REPRESENTATION('',(#10441),#10445);
#10441 = LINE('',#10442,#10443);
#10442 = CARTESIAN_POINT('',(0.,-11.6));
#10443 = VECTOR('',#10444,1.);
#10444 = DIRECTION('',(1.,0.));
#10445 = ( GEOMETRIC_REPRESENTATION_CONTEXT(2) 
PARAMETRIC_REPRESENTATION_CONTEXT() REPRESENTATION_CONTEXT('2D SPACE',''
  ) );
#10446 = ORIENTED_EDGE('',*,*,#10447,.T.);
#10447 = EDGE_CURVE('',#10418,#10367,#10448,.T.);
#10448 = SURFACE_CURVE('',#10449,(#10453,#10459),.PCURVE_S1.);
#10449 = LINE('',#10450,#10451);
#10450 = CARTESIAN_POINT('',(10.30073,-5.94208,6.6));
#10451 = VECTOR('',#10452,1.);
#10452 = DIRECTION('',(-1.,0.,0.));
#10453 = PCURVE('',#10401,#10454);
#10454 = DEFINITIONAL_REPRESENTATION('',(#10455),#10458);
#10455 = B_SPLINE_CURVE_WITH_KNOTS('',1,(#10456,#10457),.UNSPECIFIED.,
  .F.,.F.,(2,2),(-33.40073,-10.90073),.PIECEWISE_BEZIER_KNOTS.);
#10456 = CARTESIAN_POINT('',(1.E-01,22.5));
#10457 = CARTESIAN_POINT('',(1.E-01,0.));
#10458 = ( GEOMETRIC_REPRESENTATION_CONTEXT(2) 
PARAMETRIC_REPRESENTATION_CONTEXT() REPRESENTATION_CONTEXT('2D SPACE',''
  ) );
#10459 = PCURVE('',#2335,#10460);
#10460 = DEFINITIONAL_REPRESENTATION('',(#10461),#10464);
#10461 = B_SPLINE_CURVE_WITH_KNOTS('',1,(#10462,#10463),.UNSPECIFIED.,
  .F.,.F.,(2,2),(-33.40073,-10.90073),.PIECEWISE_BEZIER_KNOTS.);
#10462 = CARTESIAN_POINT('',(44.30146,15.90792));
#10463 = CARTESIAN_POINT('',(21.80146,15.90792));
#10464 = ( GEOMETRIC_REPRESENTATION_CONTEXT(2) 
PARAMETRIC_REPRESENTATION_CONTEXT() REPRESENTATION_CONTEXT('2D SPACE',''
  ) );
#10465 = ORIENTED_EDGE('',*,*,#10387,.T.);
#10466 = ORIENTED_EDGE('',*,*,#10467,.F.);
#10467 = EDGE_CURVE('',#10420,#10266,#10468,.T.);
#10468 = SURFACE_CURVE('',#10469,(#10473,#10480),.PCURVE_S1.);
#10469 = LINE('',#10470,#10471);
#10470 = CARTESIAN_POINT('',(43.70146,-5.94208,7.35));
#10471 = VECTOR('',#10472,1.);
#10472 = DIRECTION('',(-1.,0.,0.));
#10473 = PCURVE('',#10401,#10474);
#10474 = DEFINITIONAL_REPRESENTATION('',(#10475),#10479);
#10475 = LINE('',#10476,#10477);
#10476 = CARTESIAN_POINT('',(0.85,22.5));
#10477 = VECTOR('',#10478,1.);
#10478 = DIRECTION('',(0.,-1.));
#10479 = ( GEOMETRIC_REPRESENTATION_CONTEXT(2) 
PARAMETRIC_REPRESENTATION_CONTEXT() REPRESENTATION_CONTEXT('2D SPACE',''
  ) );
#10480 = PCURVE('',#8039,#10481);
#10481 = DEFINITIONAL_REPRESENTATION('',(#10482),#10485);
#10482 = B_SPLINE_CURVE_WITH_KNOTS('',1,(#10483,#10484),.UNSPECIFIED.,
  .F.,.F.,(2,2),(0.,22.5),.PIECEWISE_BEZIER_KNOTS.);
#10483 = CARTESIAN_POINT('',(0.,0.));
#10484 = CARTESIAN_POINT('',(23.4,0.));
#10485 = ( GEOMETRIC_REPRESENTATION_CONTEXT(2) 
PARAMETRIC_REPRESENTATION_CONTEXT() REPRESENTATION_CONTEXT('2D SPACE',''
  ) );
#10486 = ADVANCED_FACE('',(#10487),#10435,.F.);
#10487 = FACE_BOUND('',#10488,.F.);
#10488 = EDGE_LOOP('',(#10489,#10514,#10533,#10534));
#10489 = ORIENTED_EDGE('',*,*,#10490,.F.);
#10490 = EDGE_CURVE('',#10491,#10493,#10495,.T.);
#10491 = VERTEX_POINT('',#10492);
#10492 = CARTESIAN_POINT('',(43.70146,-17.54208,6.6));
#10493 = VERTEX_POINT('',#10494);
#10494 = CARTESIAN_POINT('',(43.70146,-17.54208,7.35));
#10495 = SURFACE_CURVE('',#10496,(#10500,#10507),.PCURVE_S1.);
#10496 = LINE('',#10497,#10498);
#10497 = CARTESIAN_POINT('',(43.70146,-17.54208,6.5));
#10498 = VECTOR('',#10499,1.);
#10499 = DIRECTION('',(0.,0.,1.));
#10500 = PCURVE('',#10435,#10501);
#10501 = DEFINITIONAL_REPRESENTATION('',(#10502),#10506);
#10502 = LINE('',#10503,#10504);
#10503 = CARTESIAN_POINT('',(0.,0.));
#10504 = VECTOR('',#10505,1.);
#10505 = DIRECTION('',(1.,0.));
#10506 = ( GEOMETRIC_REPRESENTATION_CONTEXT(2) 
PARAMETRIC_REPRESENTATION_CONTEXT() REPRESENTATION_CONTEXT('2D SPACE',''
  ) );
#10507 = PCURVE('',#10354,#10508);
#10508 = DEFINITIONAL_REPRESENTATION('',(#10509),#10513);
#10509 = LINE('',#10510,#10511);
#10510 = CARTESIAN_POINT('',(0.,22.5));
#10511 = VECTOR('',#10512,1.);
#10512 = DIRECTION('',(1.,0.));
#10513 = ( GEOMETRIC_REPRESENTATION_CONTEXT(2) 
PARAMETRIC_REPRESENTATION_CONTEXT() REPRESENTATION_CONTEXT('2D SPACE',''
  ) );
#10514 = ORIENTED_EDGE('',*,*,#10515,.T.);
#10515 = EDGE_CURVE('',#10491,#10418,#10516,.T.);
#10516 = SURFACE_CURVE('',#10517,(#10521,#10527),.PCURVE_S1.);
#10517 = LINE('',#10518,#10519);
#10518 = CARTESIAN_POINT('',(43.70146,-19.69604,6.6));
#10519 = VECTOR('',#10520,1.);
#10520 = DIRECTION('',(0.,1.,0.));
#10521 = PCURVE('',#10435,#10522);
#10522 = DEFINITIONAL_REPRESENTATION('',(#10523),#10526);
#10523 = B_SPLINE_CURVE_WITH_KNOTS('',1,(#10524,#10525),.UNSPECIFIED.,
  .F.,.F.,(2,2),(2.15396,13.75396),.PIECEWISE_BEZIER_KNOTS.);
#10524 = CARTESIAN_POINT('',(1.E-01,0.));
#10525 = CARTESIAN_POINT('',(1.E-01,-11.6));
#10526 = ( GEOMETRIC_REPRESENTATION_CONTEXT(2) 
PARAMETRIC_REPRESENTATION_CONTEXT() REPRESENTATION_CONTEXT('2D SPACE',''
  ) );
#10527 = PCURVE('',#2335,#10528);
#10528 = DEFINITIONAL_REPRESENTATION('',(#10529),#10532);
#10529 = B_SPLINE_CURVE_WITH_KNOTS('',1,(#10530,#10531),.UNSPECIFIED.,
  .F.,.F.,(2,2),(2.15396,13.75396),.PIECEWISE_BEZIER_KNOTS.);
#10530 = CARTESIAN_POINT('',(44.30146,4.30792));
#10531 = CARTESIAN_POINT('',(44.30146,15.90792));
#10532 = ( GEOMETRIC_REPRESENTATION_CONTEXT(2) 
PARAMETRIC_REPRESENTATION_CONTEXT() REPRESENTATION_CONTEXT('2D SPACE',''
  ) );
#10533 = ORIENTED_EDGE('',*,*,#10417,.T.);
#10534 = ORIENTED_EDGE('',*,*,#10535,.F.);
#10535 = EDGE_CURVE('',#10493,#10420,#10536,.T.);
#10536 = SURFACE_CURVE('',#10537,(#10541,#10548),.PCURVE_S1.);
#10537 = LINE('',#10538,#10539);
#10538 = CARTESIAN_POINT('',(43.70146,-17.54208,7.35));
#10539 = VECTOR('',#10540,1.);
#10540 = DIRECTION('',(0.,1.,0.));
#10541 = PCURVE('',#10435,#10542);
#10542 = DEFINITIONAL_REPRESENTATION('',(#10543),#10547);
#10543 = LINE('',#10544,#10545);
#10544 = CARTESIAN_POINT('',(0.85,0.));
#10545 = VECTOR('',#10546,1.);
#10546 = DIRECTION('',(0.,-1.));
#10547 = ( GEOMETRIC_REPRESENTATION_CONTEXT(2) 
PARAMETRIC_REPRESENTATION_CONTEXT() REPRESENTATION_CONTEXT('2D SPACE',''
  ) );
#10548 = PCURVE('',#7966,#10549);
#10549 = DEFINITIONAL_REPRESENTATION('',(#10550),#10553);
#10550 = B_SPLINE_CURVE_WITH_KNOTS('',1,(#10551,#10552),.UNSPECIFIED.,
  .F.,.F.,(2,2),(0.,11.6),.PIECEWISE_BEZIER_KNOTS.);
#10551 = CARTESIAN_POINT('',(0.,0.));
#10552 = CARTESIAN_POINT('',(12.5,0.));
#10553 = ( GEOMETRIC_REPRESENTATION_CONTEXT(2) 
PARAMETRIC_REPRESENTATION_CONTEXT() REPRESENTATION_CONTEXT('2D SPACE',''
  ) );
#10554 = ADVANCED_FACE('',(#10555),#10354,.T.);
#10555 = FACE_BOUND('',#10556,.T.);
#10556 = EDGE_LOOP('',(#10557,#10558,#10577,#10578));
#10557 = ORIENTED_EDGE('',*,*,#10490,.F.);
#10558 = ORIENTED_EDGE('',*,*,#10559,.T.);
#10559 = EDGE_CURVE('',#10491,#10339,#10560,.T.);
#10560 = SURFACE_CURVE('',#10561,(#10565,#10571),.PCURVE_S1.);
#10561 = LINE('',#10562,#10563);
#10562 = CARTESIAN_POINT('',(10.30073,-17.54208,6.6));
#10563 = VECTOR('',#10564,1.);
#10564 = DIRECTION('',(-1.,0.,0.));
#10565 = PCURVE('',#10354,#10566);
#10566 = DEFINITIONAL_REPRESENTATION('',(#10567),#10570);
#10567 = B_SPLINE_CURVE_WITH_KNOTS('',1,(#10568,#10569),.UNSPECIFIED.,
  .F.,.F.,(2,2),(-33.40073,-10.90073),.PIECEWISE_BEZIER_KNOTS.);
#10568 = CARTESIAN_POINT('',(1.E-01,22.5));
#10569 = CARTESIAN_POINT('',(1.E-01,0.));
#10570 = ( GEOMETRIC_REPRESENTATION_CONTEXT(2) 
PARAMETRIC_REPRESENTATION_CONTEXT() REPRESENTATION_CONTEXT('2D SPACE',''
  ) );
#10571 = PCURVE('',#2335,#10572);
#10572 = DEFINITIONAL_REPRESENTATION('',(#10573),#10576);
#10573 = B_SPLINE_CURVE_WITH_KNOTS('',1,(#10574,#10575),.UNSPECIFIED.,
  .F.,.F.,(2,2),(-33.40073,-10.90073),.PIECEWISE_BEZIER_KNOTS.);
#10574 = CARTESIAN_POINT('',(44.30146,4.30792));
#10575 = CARTESIAN_POINT('',(21.80146,4.30792));
#10576 = ( GEOMETRIC_REPRESENTATION_CONTEXT(2) 
PARAMETRIC_REPRESENTATION_CONTEXT() REPRESENTATION_CONTEXT('2D SPACE',''
  ) );
#10577 = ORIENTED_EDGE('',*,*,#10338,.T.);
#10578 = ORIENTED_EDGE('',*,*,#10579,.T.);
#10579 = EDGE_CURVE('',#10288,#10493,#10580,.T.);
#10580 = SURFACE_CURVE('',#10581,(#10585,#10592),.PCURVE_S1.);
#10581 = LINE('',#10582,#10583);
#10582 = CARTESIAN_POINT('',(21.20146,-17.54208,7.35));
#10583 = VECTOR('',#10584,1.);
#10584 = DIRECTION('',(1.,0.,0.));
#10585 = PCURVE('',#10354,#10586);
#10586 = DEFINITIONAL_REPRESENTATION('',(#10587),#10591);
#10587 = LINE('',#10588,#10589);
#10588 = CARTESIAN_POINT('',(0.85,0.));
#10589 = VECTOR('',#10590,1.);
#10590 = DIRECTION('',(0.,1.));
#10591 = ( GEOMETRIC_REPRESENTATION_CONTEXT(2) 
PARAMETRIC_REPRESENTATION_CONTEXT() REPRESENTATION_CONTEXT('2D SPACE',''
  ) );
#10592 = PCURVE('',#7991,#10593);
#10593 = DEFINITIONAL_REPRESENTATION('',(#10594),#10597);
#10594 = B_SPLINE_CURVE_WITH_KNOTS('',1,(#10595,#10596),.UNSPECIFIED.,
  .F.,.F.,(2,2),(0.,22.5),.PIECEWISE_BEZIER_KNOTS.);
#10595 = CARTESIAN_POINT('',(0.,0.));
#10596 = CARTESIAN_POINT('',(23.4,0.));
#10597 = ( GEOMETRIC_REPRESENTATION_CONTEXT(2) 
PARAMETRIC_REPRESENTATION_CONTEXT() REPRESENTATION_CONTEXT('2D SPACE',''
  ) );
#10598 = ADVANCED_FACE('',(#10599),#7991,.F.);
#10599 = FACE_BOUND('',#10600,.F.);
#10600 = EDGE_LOOP('',(#10601,#10602,#10603,#10623));
#10601 = ORIENTED_EDGE('',*,*,#10314,.F.);
#10602 = ORIENTED_EDGE('',*,*,#10579,.T.);
#10603 = ORIENTED_EDGE('',*,*,#10604,.T.);
#10604 = EDGE_CURVE('',#10493,#7953,#10605,.T.);
#10605 = SURFACE_CURVE('',#10606,(#10609,#10616),.PCURVE_S1.);
#10606 = B_SPLINE_CURVE_WITH_KNOTS('',1,(#10607,#10608),.UNSPECIFIED.,
  .F.,.F.,(2,2),(0.,1.),.PIECEWISE_BEZIER_KNOTS.);
#10607 = CARTESIAN_POINT('',(43.70146,-17.54208,7.35));
#10608 = CARTESIAN_POINT('',(44.15146,-17.99208,7.81));
#10609 = PCURVE('',#7991,#10610);
#10610 = DEFINITIONAL_REPRESENTATION('',(#10611),#10615);
#10611 = LINE('',#10612,#10613);
#10612 = CARTESIAN_POINT('',(23.4,0.));
#10613 = VECTOR('',#10614,1.);
#10614 = DIRECTION('',(0.,1.));
#10615 = ( GEOMETRIC_REPRESENTATION_CONTEXT(2) 
PARAMETRIC_REPRESENTATION_CONTEXT() REPRESENTATION_CONTEXT('2D SPACE',''
  ) );
#10616 = PCURVE('',#7966,#10617);
#10617 = DEFINITIONAL_REPRESENTATION('',(#10618),#10622);
#10618 = LINE('',#10619,#10620);
#10619 = CARTESIAN_POINT('',(0.,0.));
#10620 = VECTOR('',#10621,1.);
#10621 = DIRECTION('',(0.,1.));
#10622 = ( GEOMETRIC_REPRESENTATION_CONTEXT(2) 
PARAMETRIC_REPRESENTATION_CONTEXT() REPRESENTATION_CONTEXT('2D SPACE',''
  ) );
#10623 = ORIENTED_EDGE('',*,*,#7977,.T.);
#10624 = ADVANCED_FACE('',(#10625),#8039,.F.);
#10625 = FACE_BOUND('',#10626,.F.);
#10626 = EDGE_LOOP('',(#10627,#10647,#10648,#10649));
#10627 = ORIENTED_EDGE('',*,*,#10628,.F.);
#10628 = EDGE_CURVE('',#10420,#7951,#10629,.T.);
#10629 = SURFACE_CURVE('',#10630,(#10633,#10640),.PCURVE_S1.);
#10630 = B_SPLINE_CURVE_WITH_KNOTS('',1,(#10631,#10632),.UNSPECIFIED.,
  .F.,.F.,(2,2),(0.,1.),.PIECEWISE_BEZIER_KNOTS.);
#10631 = CARTESIAN_POINT('',(43.70146,-5.94208,7.35));
#10632 = CARTESIAN_POINT('',(44.15146,-5.49208,7.81));
#10633 = PCURVE('',#8039,#10634);
#10634 = DEFINITIONAL_REPRESENTATION('',(#10635),#10639);
#10635 = LINE('',#10636,#10637);
#10636 = CARTESIAN_POINT('',(0.,0.));
#10637 = VECTOR('',#10638,1.);
#10638 = DIRECTION('',(0.,1.));
#10639 = ( GEOMETRIC_REPRESENTATION_CONTEXT(2) 
PARAMETRIC_REPRESENTATION_CONTEXT() REPRESENTATION_CONTEXT('2D SPACE',''
  ) );
#10640 = PCURVE('',#7966,#10641);
#10641 = DEFINITIONAL_REPRESENTATION('',(#10642),#10646);
#10642 = LINE('',#10643,#10644);
#10643 = CARTESIAN_POINT('',(12.5,0.));
#10644 = VECTOR('',#10645,1.);
#10645 = DIRECTION('',(0.,1.));
#10646 = ( GEOMETRIC_REPRESENTATION_CONTEXT(2) 
PARAMETRIC_REPRESENTATION_CONTEXT() REPRESENTATION_CONTEXT('2D SPACE',''
  ) );
#10647 = ORIENTED_EDGE('',*,*,#10467,.T.);
#10648 = ORIENTED_EDGE('',*,*,#10265,.T.);
#10649 = ORIENTED_EDGE('',*,*,#8027,.T.);
#10650 = ADVANCED_FACE('',(#10651),#7966,.F.);
#10651 = FACE_BOUND('',#10652,.F.);
#10652 = EDGE_LOOP('',(#10653,#10654,#10655,#10656));
#10653 = ORIENTED_EDGE('',*,*,#10604,.F.);
#10654 = ORIENTED_EDGE('',*,*,#10535,.T.);
#10655 = ORIENTED_EDGE('',*,*,#10628,.T.);
#10656 = ORIENTED_EDGE('',*,*,#7950,.T.);
#10657 = ADVANCED_FACE('',(#10658),#7936,.F.);
#10658 = FACE_BOUND('',#10659,.T.);
#10659 = EDGE_LOOP('',(#10660,#10688,#10709,#10710));
#10660 = ORIENTED_EDGE('',*,*,#10661,.T.);
#10661 = EDGE_CURVE('',#10662,#10662,#10664,.T.);
#10662 = VERTEX_POINT('',#10663);
#10663 = CARTESIAN_POINT('',(63.492766952966,-14.732,6.6));
#10664 = SURFACE_CURVE('',#10665,(#10670,#10677),.PCURVE_S1.);
#10665 = CIRCLE('',#10666,3.167766952966);
#10666 = AXIS2_PLACEMENT_3D('',#10667,#10668,#10669);
#10667 = CARTESIAN_POINT('',(60.325,-14.732,6.6));
#10668 = DIRECTION('',(0.,0.,-1.));
#10669 = DIRECTION('',(1.,0.,0.));
#10670 = PCURVE('',#7936,#10671);
#10671 = DEFINITIONAL_REPRESENTATION('',(#10672),#10676);
#10672 = LINE('',#10673,#10674);
#10673 = CARTESIAN_POINT('',(-6.28318530718,-3.2));
#10674 = VECTOR('',#10675,1.);
#10675 = DIRECTION('',(1.,-0.));
#10676 = ( GEOMETRIC_REPRESENTATION_CONTEXT(2) 
PARAMETRIC_REPRESENTATION_CONTEXT() REPRESENTATION_CONTEXT('2D SPACE',''
  ) );
#10677 = PCURVE('',#2335,#10678);
#10678 = DEFINITIONAL_REPRESENTATION('',(#10679),#10687);
#10679 = ( BOUNDED_CURVE() B_SPLINE_CURVE(2,(#10680,#10681,#10682,#10683
    ,#10684,#10685,#10686),.UNSPECIFIED.,.T.,.F.) 
B_SPLINE_CURVE_WITH_KNOTS((1,2,2,2,2,1),(-2.094395102393,0.,
    2.094395102393,4.188790204786,6.28318530718,8.377580409573),
.UNSPECIFIED.) CURVE() GEOMETRIC_REPRESENTATION_ITEM() 
RATIONAL_B_SPLINE_CURVE((1.,0.5,1.,0.5,1.,0.5,1.)) REPRESENTATION_ITEM(
  '') );
#10680 = CARTESIAN_POINT('',(64.092766952966,7.118));
#10681 = CARTESIAN_POINT('',(64.092766952966,1.631266690925));
#10682 = CARTESIAN_POINT('',(59.341116523517,4.374633345462));
#10683 = CARTESIAN_POINT('',(54.589466094067,7.118));
#10684 = CARTESIAN_POINT('',(59.341116523517,9.861366654538));
#10685 = CARTESIAN_POINT('',(64.092766952966,12.604733309075));
#10686 = CARTESIAN_POINT('',(64.092766952966,7.118));
#10687 = ( GEOMETRIC_REPRESENTATION_CONTEXT(2) 
PARAMETRIC_REPRESENTATION_CONTEXT() REPRESENTATION_CONTEXT('2D SPACE',''
  ) );
#10688 = ORIENTED_EDGE('',*,*,#10689,.T.);
#10689 = EDGE_CURVE('',#10662,#7916,#10690,.T.);
#10690 = SEAM_CURVE('',#10691,(#10695,#10702),.PCURVE_S1.);
#10691 = LINE('',#10692,#10693);
#10692 = CARTESIAN_POINT('',(63.492766952966,-14.732,3.4));
#10693 = VECTOR('',#10694,1.);
#10694 = DIRECTION('',(0.,0.,1.));
#10695 = PCURVE('',#7936,#10696);
#10696 = DEFINITIONAL_REPRESENTATION('',(#10697),#10701);
#10697 = LINE('',#10698,#10699);
#10698 = CARTESIAN_POINT('',(-6.28318530718,0.));
#10699 = VECTOR('',#10700,1.);
#10700 = DIRECTION('',(-0.,-1.));
#10701 = ( GEOMETRIC_REPRESENTATION_CONTEXT(2) 
PARAMETRIC_REPRESENTATION_CONTEXT() REPRESENTATION_CONTEXT('2D SPACE',''
  ) );
#10702 = PCURVE('',#7936,#10703);
#10703 = DEFINITIONAL_REPRESENTATION('',(#10704),#10708);
#10704 = LINE('',#10705,#10706);
#10705 = CARTESIAN_POINT('',(-0.,0.));
#10706 = VECTOR('',#10707,1.);
#10707 = DIRECTION('',(-0.,-1.));
#10708 = ( GEOMETRIC_REPRESENTATION_CONTEXT(2) 
PARAMETRIC_REPRESENTATION_CONTEXT() REPRESENTATION_CONTEXT('2D SPACE',''
  ) );
#10709 = ORIENTED_EDGE('',*,*,#7915,.F.);
#10710 = ORIENTED_EDGE('',*,*,#10689,.F.);
#10711 = ADVANCED_FACE('',(#10712),#7901,.F.);
#10712 = FACE_BOUND('',#10713,.T.);
#10713 = EDGE_LOOP('',(#10714,#10743,#10764,#10765));
#10714 = ORIENTED_EDGE('',*,*,#10715,.F.);
#10715 = EDGE_CURVE('',#10716,#10716,#10718,.T.);
#10716 = VERTEX_POINT('',#10717);
#10717 = CARTESIAN_POINT('',(50.499,-15.875,7.55));
#10718 = SURFACE_CURVE('',#10719,(#10724,#10731),.PCURVE_S1.);
#10719 = CIRCLE('',#10720,1.35);
#10720 = AXIS2_PLACEMENT_3D('',#10721,#10722,#10723);
#10721 = CARTESIAN_POINT('',(49.149,-15.875,7.55));
#10722 = DIRECTION('',(0.,0.,1.));
#10723 = DIRECTION('',(1.,0.,0.));
#10724 = PCURVE('',#7901,#10725);
#10725 = DEFINITIONAL_REPRESENTATION('',(#10726),#10730);
#10726 = LINE('',#10727,#10728);
#10727 = CARTESIAN_POINT('',(-0.,0.));
#10728 = VECTOR('',#10729,1.);
#10729 = DIRECTION('',(-1.,0.));
#10730 = ( GEOMETRIC_REPRESENTATION_CONTEXT(2) 
PARAMETRIC_REPRESENTATION_CONTEXT() REPRESENTATION_CONTEXT('2D SPACE',''
  ) );
#10731 = PCURVE('',#10732,#10737);
#10732 = PLANE('',#10733);
#10733 = AXIS2_PLACEMENT_3D('',#10734,#10735,#10736);
#10734 = CARTESIAN_POINT('',(49.149,-15.875,7.55));
#10735 = DIRECTION('',(0.,0.,1.));
#10736 = DIRECTION('',(1.,0.,-0.));
#10737 = DEFINITIONAL_REPRESENTATION('',(#10738),#10742);
#10738 = CIRCLE('',#10739,1.35);
#10739 = AXIS2_PLACEMENT_2D('',#10740,#10741);
#10740 = CARTESIAN_POINT('',(0.,0.));
#10741 = DIRECTION('',(1.,0.));
#10742 = ( GEOMETRIC_REPRESENTATION_CONTEXT(2) 
PARAMETRIC_REPRESENTATION_CONTEXT() REPRESENTATION_CONTEXT('2D SPACE',''
  ) );
#10743 = ORIENTED_EDGE('',*,*,#10744,.T.);
#10744 = EDGE_CURVE('',#10716,#7881,#10745,.T.);
#10745 = SEAM_CURVE('',#10746,(#10750,#10757),.PCURVE_S1.);
#10746 = LINE('',#10747,#10748);
#10747 = CARTESIAN_POINT('',(50.499,-15.875,7.55));
#10748 = VECTOR('',#10749,1.);
#10749 = DIRECTION('',(0.,0.,1.));
#10750 = PCURVE('',#7901,#10751);
#10751 = DEFINITIONAL_REPRESENTATION('',(#10752),#10756);
#10752 = LINE('',#10753,#10754);
#10753 = CARTESIAN_POINT('',(-6.28318530718,0.));
#10754 = VECTOR('',#10755,1.);
#10755 = DIRECTION('',(-0.,-1.));
#10756 = ( GEOMETRIC_REPRESENTATION_CONTEXT(2) 
PARAMETRIC_REPRESENTATION_CONTEXT() REPRESENTATION_CONTEXT('2D SPACE',''
  ) );
#10757 = PCURVE('',#7901,#10758);
#10758 = DEFINITIONAL_REPRESENTATION('',(#10759),#10763);
#10759 = LINE('',#10760,#10761);
#10760 = CARTESIAN_POINT('',(-0.,0.));
#10761 = VECTOR('',#10762,1.);
#10762 = DIRECTION('',(-0.,-1.));
#10763 = ( GEOMETRIC_REPRESENTATION_CONTEXT(2) 
PARAMETRIC_REPRESENTATION_CONTEXT() REPRESENTATION_CONTEXT('2D SPACE',''
  ) );
#10764 = ORIENTED_EDGE('',*,*,#7880,.F.);
#10765 = ORIENTED_EDGE('',*,*,#10744,.F.);
#10766 = ADVANCED_FACE('',(#10767),#10732,.T.);
#10767 = FACE_BOUND('',#10768,.T.);
#10768 = EDGE_LOOP('',(#10769));
#10769 = ORIENTED_EDGE('',*,*,#10715,.T.);
#10770 = ADVANCED_FACE('',(#10771),#7789,.T.);
#10771 = FACE_BOUND('',#10772,.T.);
#10772 = EDGE_LOOP('',(#10773,#10794,#10818,#10839));
#10773 = ORIENTED_EDGE('',*,*,#10774,.F.);
#10774 = EDGE_CURVE('',#83,#7750,#10775,.T.);
#10775 = SURFACE_CURVE('',#10776,(#10780,#10787),.PCURVE_S1.);
#10776 = LINE('',#10777,#10778);
#10777 = CARTESIAN_POINT('',(72.8,-23.525,7.625));
#10778 = VECTOR('',#10779,1.);
#10779 = DIRECTION('',(-0.,0.707106781187,0.707106781187));
#10780 = PCURVE('',#7789,#10781);
#10781 = DEFINITIONAL_REPRESENTATION('',(#10782),#10786);
#10782 = LINE('',#10783,#10784);
#10783 = CARTESIAN_POINT('',(-0.,-0.175));
#10784 = VECTOR('',#10785,1.);
#10785 = DIRECTION('',(-0.,-1.));
#10786 = ( GEOMETRIC_REPRESENTATION_CONTEXT(2) 
PARAMETRIC_REPRESENTATION_CONTEXT() REPRESENTATION_CONTEXT('2D SPACE',''
  ) );
#10787 = PCURVE('',#98,#10788);
#10788 = DEFINITIONAL_REPRESENTATION('',(#10789),#10793);
#10789 = LINE('',#10790,#10791);
#10790 = CARTESIAN_POINT('',(-73.3,0.));
#10791 = VECTOR('',#10792,1.);
#10792 = DIRECTION('',(-0.,1.));
#10793 = ( GEOMETRIC_REPRESENTATION_CONTEXT(2) 
PARAMETRIC_REPRESENTATION_CONTEXT() REPRESENTATION_CONTEXT('2D SPACE',''
  ) );
#10794 = ORIENTED_EDGE('',*,*,#10795,.T.);
#10795 = EDGE_CURVE('',#83,#10796,#10798,.T.);
#10796 = VERTEX_POINT('',#10797);
#10797 = CARTESIAN_POINT('',(74.8,-21.7,7.45));
#10798 = SURFACE_CURVE('',#10799,(#10804,#10811),.PCURVE_S1.);
#10799 = CIRCLE('',#10800,2.);
#10800 = AXIS2_PLACEMENT_3D('',#10801,#10802,#10803);
#10801 = CARTESIAN_POINT('',(72.8,-21.7,7.45));
#10802 = DIRECTION('',(0.,0.,1.));
#10803 = DIRECTION('',(0.,-1.,0.));
#10804 = PCURVE('',#7789,#10805);
#10805 = DEFINITIONAL_REPRESENTATION('',(#10806),#10810);
#10806 = LINE('',#10807,#10808);
#10807 = CARTESIAN_POINT('',(-0.,-0.));
#10808 = VECTOR('',#10809,1.);
#10809 = DIRECTION('',(-1.,-0.));
#10810 = ( GEOMETRIC_REPRESENTATION_CONTEXT(2) 
PARAMETRIC_REPRESENTATION_CONTEXT() REPRESENTATION_CONTEXT('2D SPACE',''
  ) );
#10811 = PCURVE('',#126,#10812);
#10812 = DEFINITIONAL_REPRESENTATION('',(#10813),#10817);
#10813 = LINE('',#10814,#10815);
#10814 = CARTESIAN_POINT('',(0.,3.05));
#10815 = VECTOR('',#10816,1.);
#10816 = DIRECTION('',(1.,0.));
#10817 = ( GEOMETRIC_REPRESENTATION_CONTEXT(2) 
PARAMETRIC_REPRESENTATION_CONTEXT() REPRESENTATION_CONTEXT('2D SPACE',''
  ) );
#10818 = ORIENTED_EDGE('',*,*,#10819,.T.);
#10819 = EDGE_CURVE('',#10796,#7773,#10820,.T.);
#10820 = SURFACE_CURVE('',#10821,(#10825,#10832),.PCURVE_S1.);
#10821 = LINE('',#10822,#10823);
#10822 = CARTESIAN_POINT('',(74.8,-21.7,7.45));
#10823 = VECTOR('',#10824,1.);
#10824 = DIRECTION('',(-0.707106781187,4.329780281177E-17,0.707106781187
    ));
#10825 = PCURVE('',#7789,#10826);
#10826 = DEFINITIONAL_REPRESENTATION('',(#10827),#10831);
#10827 = LINE('',#10828,#10829);
#10828 = CARTESIAN_POINT('',(-1.570796326795,-0.));
#10829 = VECTOR('',#10830,1.);
#10830 = DIRECTION('',(-0.,-1.));
#10831 = ( GEOMETRIC_REPRESENTATION_CONTEXT(2) 
PARAMETRIC_REPRESENTATION_CONTEXT() REPRESENTATION_CONTEXT('2D SPACE',''
  ) );
#10832 = PCURVE('',#6905,#10833);
#10833 = DEFINITIONAL_REPRESENTATION('',(#10834),#10838);
#10834 = LINE('',#10835,#10836);
#10835 = CARTESIAN_POINT('',(-0.,-0.247487373415));
#10836 = VECTOR('',#10837,1.);
#10837 = DIRECTION('',(-4.329780281177E-17,1.));
#10838 = ( GEOMETRIC_REPRESENTATION_CONTEXT(2) 
PARAMETRIC_REPRESENTATION_CONTEXT() REPRESENTATION_CONTEXT('2D SPACE',''
  ) );
#10839 = ORIENTED_EDGE('',*,*,#7772,.F.);
#10840 = ADVANCED_FACE('',(#10841),#6905,.F.);
#10841 = FACE_BOUND('',#10842,.T.);
#10842 = EDGE_LOOP('',(#10843,#10844,#10865,#10866));
#10843 = ORIENTED_EDGE('',*,*,#10819,.F.);
#10844 = ORIENTED_EDGE('',*,*,#10845,.T.);
#10845 = EDGE_CURVE('',#10796,#6813,#10846,.T.);
#10846 = SURFACE_CURVE('',#10847,(#10851,#10858),.PCURVE_S1.);
#10847 = LINE('',#10848,#10849);
#10848 = CARTESIAN_POINT('',(74.8,-21.7,7.45));
#10849 = VECTOR('',#10850,1.);
#10850 = DIRECTION('',(0.,1.,0.));
#10851 = PCURVE('',#6905,#10852);
#10852 = DEFINITIONAL_REPRESENTATION('',(#10853),#10857);
#10853 = LINE('',#10854,#10855);
#10854 = CARTESIAN_POINT('',(-0.,-0.247487373415));
#10855 = VECTOR('',#10856,1.);
#10856 = DIRECTION('',(-1.,0.));
#10857 = ( GEOMETRIC_REPRESENTATION_CONTEXT(2) 
PARAMETRIC_REPRESENTATION_CONTEXT() REPRESENTATION_CONTEXT('2D SPACE',''
  ) );
#10858 = PCURVE('',#5585,#10859);
#10859 = DEFINITIONAL_REPRESENTATION('',(#10860),#10864);
#10860 = LINE('',#10861,#10862);
#10861 = CARTESIAN_POINT('',(2.,-3.05));
#10862 = VECTOR('',#10863,1.);
#10863 = DIRECTION('',(1.,0.));
#10864 = ( GEOMETRIC_REPRESENTATION_CONTEXT(2) 
PARAMETRIC_REPRESENTATION_CONTEXT() REPRESENTATION_CONTEXT('2D SPACE',''
  ) );
#10865 = ORIENTED_EDGE('',*,*,#6889,.T.);
#10866 = ORIENTED_EDGE('',*,*,#7801,.F.);
#10867 = ADVANCED_FACE('',(#10868),#5881,.F.);
#10868 = FACE_BOUND('',#10869,.F.);
#10869 = EDGE_LOOP('',(#10870,#10871,#10872,#10893));
#10870 = ORIENTED_EDGE('',*,*,#6836,.T.);
#10871 = ORIENTED_EDGE('',*,*,#6977,.T.);
#10872 = ORIENTED_EDGE('',*,*,#10873,.F.);
#10873 = EDGE_CURVE('',#5866,#6978,#10874,.T.);
#10874 = SURFACE_CURVE('',#10875,(#10879,#10886),.PCURVE_S1.);
#10875 = LINE('',#10876,#10877);
#10876 = CARTESIAN_POINT('',(66.630444461638,2.5,4.4));
#10877 = VECTOR('',#10878,1.);
#10878 = DIRECTION('',(0.,0.,1.));
#10879 = PCURVE('',#5881,#10880);
#10880 = DEFINITIONAL_REPRESENTATION('',(#10881),#10885);
#10881 = LINE('',#10882,#10883);
#10882 = CARTESIAN_POINT('',(8.169555538362,0.));
#10883 = VECTOR('',#10884,1.);
#10884 = DIRECTION('',(0.,-1.));
#10885 = ( GEOMETRIC_REPRESENTATION_CONTEXT(2) 
PARAMETRIC_REPRESENTATION_CONTEXT() REPRESENTATION_CONTEXT('2D SPACE',''
  ) );
#10886 = PCURVE('',#5914,#10887);
#10887 = DEFINITIONAL_REPRESENTATION('',(#10888),#10892);
#10888 = LINE('',#10889,#10890);
#10889 = CARTESIAN_POINT('',(-0.,0.));
#10890 = VECTOR('',#10891,1.);
#10891 = DIRECTION('',(-0.,1.));
#10892 = ( GEOMETRIC_REPRESENTATION_CONTEXT(2) 
PARAMETRIC_REPRESENTATION_CONTEXT() REPRESENTATION_CONTEXT('2D SPACE',''
  ) );
#10893 = ORIENTED_EDGE('',*,*,#5865,.F.);
#10894 = ADVANCED_FACE('',(#10895),#5914,.F.);
#10895 = FACE_BOUND('',#10896,.T.);
#10896 = EDGE_LOOP('',(#10897,#10898,#10899,#10920));
#10897 = ORIENTED_EDGE('',*,*,#10873,.F.);
#10898 = ORIENTED_EDGE('',*,*,#5893,.T.);
#10899 = ORIENTED_EDGE('',*,*,#10900,.T.);
#10900 = EDGE_CURVE('',#5894,#7054,#10901,.T.);
#10901 = SURFACE_CURVE('',#10902,(#10906,#10913),.PCURVE_S1.);
#10902 = LINE('',#10903,#10904);
#10903 = CARTESIAN_POINT('',(65.483519772912,2.861536158962,4.4));
#10904 = VECTOR('',#10905,1.);
#10905 = DIRECTION('',(0.,0.,1.));
#10906 = PCURVE('',#5914,#10907);
#10907 = DEFINITIONAL_REPRESENTATION('',(#10908),#10912);
#10908 = LINE('',#10909,#10910);
#10909 = CARTESIAN_POINT('',(-0.610725964389,0.));
#10910 = VECTOR('',#10911,1.);
#10911 = DIRECTION('',(-0.,1.));
#10912 = ( GEOMETRIC_REPRESENTATION_CONTEXT(2) 
PARAMETRIC_REPRESENTATION_CONTEXT() REPRESENTATION_CONTEXT('2D SPACE',''
  ) );
#10913 = PCURVE('',#5942,#10914);
#10914 = DEFINITIONAL_REPRESENTATION('',(#10915),#10919);
#10915 = LINE('',#10916,#10917);
#10916 = CARTESIAN_POINT('',(0.630444461638,0.));
#10917 = VECTOR('',#10918,1.);
#10918 = DIRECTION('',(0.,-1.));
#10919 = ( GEOMETRIC_REPRESENTATION_CONTEXT(2) 
PARAMETRIC_REPRESENTATION_CONTEXT() REPRESENTATION_CONTEXT('2D SPACE',''
  ) );
#10920 = ORIENTED_EDGE('',*,*,#7053,.F.);
#10921 = ADVANCED_FACE('',(#10922),#5942,.F.);
#10922 = FACE_BOUND('',#10923,.F.);
#10923 = EDGE_LOOP('',(#10924,#10925,#10926,#10947));
#10924 = ORIENTED_EDGE('',*,*,#10900,.T.);
#10925 = ORIENTED_EDGE('',*,*,#7135,.T.);
#10926 = ORIENTED_EDGE('',*,*,#10927,.F.);
#10927 = EDGE_CURVE('',#5927,#7136,#10928,.T.);
#10928 = SURFACE_CURVE('',#10929,(#10933,#10940),.PCURVE_S1.);
#10929 = LINE('',#10930,#10931);
#10930 = CARTESIAN_POINT('',(64.516480227088,3.538463841038,4.4));
#10931 = VECTOR('',#10932,1.);
#10932 = DIRECTION('',(0.,0.,1.));
#10933 = PCURVE('',#5942,#10934);
#10934 = DEFINITIONAL_REPRESENTATION('',(#10935),#10939);
#10935 = LINE('',#10936,#10937);
#10936 = CARTESIAN_POINT('',(1.810866661509,0.));
#10937 = VECTOR('',#10938,1.);
#10938 = DIRECTION('',(0.,-1.));
#10939 = ( GEOMETRIC_REPRESENTATION_CONTEXT(2) 
PARAMETRIC_REPRESENTATION_CONTEXT() REPRESENTATION_CONTEXT('2D SPACE',''
  ) );
#10940 = PCURVE('',#5971,#10941);
#10941 = DEFINITIONAL_REPRESENTATION('',(#10942),#10946);
#10942 = LINE('',#10943,#10944);
#10943 = CARTESIAN_POINT('',(0.,0.));
#10944 = VECTOR('',#10945,1.);
#10945 = DIRECTION('',(0.,1.));
#10946 = ( GEOMETRIC_REPRESENTATION_CONTEXT(2) 
PARAMETRIC_REPRESENTATION_CONTEXT() REPRESENTATION_CONTEXT('2D SPACE',''
  ) );
#10947 = ORIENTED_EDGE('',*,*,#5926,.F.);
#10948 = ADVANCED_FACE('',(#10949),#5971,.T.);
#10949 = FACE_BOUND('',#10950,.T.);
#10950 = EDGE_LOOP('',(#10951,#10952,#10953,#10974));
#10951 = ORIENTED_EDGE('',*,*,#10927,.F.);
#10952 = ORIENTED_EDGE('',*,*,#5954,.T.);
#10953 = ORIENTED_EDGE('',*,*,#10954,.T.);
#10954 = EDGE_CURVE('',#5955,#7212,#10955,.T.);
#10955 = SURFACE_CURVE('',#10956,(#10960,#10967),.PCURVE_S1.);
#10956 = LINE('',#10957,#10958);
#10957 = CARTESIAN_POINT('',(63.369555538362,3.9,4.4));
#10958 = VECTOR('',#10959,1.);
#10959 = DIRECTION('',(0.,0.,1.));
#10960 = PCURVE('',#5971,#10961);
#10961 = DEFINITIONAL_REPRESENTATION('',(#10962),#10966);
#10962 = LINE('',#10963,#10964);
#10963 = CARTESIAN_POINT('',(0.610725964389,0.));
#10964 = VECTOR('',#10965,1.);
#10965 = DIRECTION('',(0.,1.));
#10966 = ( GEOMETRIC_REPRESENTATION_CONTEXT(2) 
PARAMETRIC_REPRESENTATION_CONTEXT() REPRESENTATION_CONTEXT('2D SPACE',''
  ) );
#10967 = PCURVE('',#5999,#10968);
#10968 = DEFINITIONAL_REPRESENTATION('',(#10969),#10973);
#10969 = LINE('',#10970,#10971);
#10970 = CARTESIAN_POINT('',(0.630444461638,0.));
#10971 = VECTOR('',#10972,1.);
#10972 = DIRECTION('',(0.,-1.));
#10973 = ( GEOMETRIC_REPRESENTATION_CONTEXT(2) 
PARAMETRIC_REPRESENTATION_CONTEXT() REPRESENTATION_CONTEXT('2D SPACE',''
  ) );
#10974 = ORIENTED_EDGE('',*,*,#7211,.F.);
#10975 = ADVANCED_FACE('',(#10976),#5999,.F.);
#10976 = FACE_BOUND('',#10977,.F.);
#10977 = EDGE_LOOP('',(#10978,#10979,#10980,#11001));
#10978 = ORIENTED_EDGE('',*,*,#10954,.T.);
#10979 = ORIENTED_EDGE('',*,*,#7289,.T.);
#10980 = ORIENTED_EDGE('',*,*,#10981,.F.);
#10981 = EDGE_CURVE('',#5984,#7290,#10982,.T.);
#10982 = SURFACE_CURVE('',#10983,(#10987,#10994),.PCURVE_S1.);
#10983 = LINE('',#10984,#10985);
#10984 = CARTESIAN_POINT('',(51.130444461638,3.9,4.4));
#10985 = VECTOR('',#10986,1.);
#10986 = DIRECTION('',(0.,0.,1.));
#10987 = PCURVE('',#5999,#10988);
#10988 = DEFINITIONAL_REPRESENTATION('',(#10989),#10993);
#10989 = LINE('',#10990,#10991);
#10990 = CARTESIAN_POINT('',(12.869555538362,0.));
#10991 = VECTOR('',#10992,1.);
#10992 = DIRECTION('',(0.,-1.));
#10993 = ( GEOMETRIC_REPRESENTATION_CONTEXT(2) 
PARAMETRIC_REPRESENTATION_CONTEXT() REPRESENTATION_CONTEXT('2D SPACE',''
  ) );
#10994 = PCURVE('',#6028,#10995);
#10995 = DEFINITIONAL_REPRESENTATION('',(#10996),#11000);
#10996 = LINE('',#10997,#10998);
#10997 = CARTESIAN_POINT('',(0.,0.));
#10998 = VECTOR('',#10999,1.);
#10999 = DIRECTION('',(0.,1.));
#11000 = ( GEOMETRIC_REPRESENTATION_CONTEXT(2) 
PARAMETRIC_REPRESENTATION_CONTEXT() REPRESENTATION_CONTEXT('2D SPACE',''
  ) );
#11001 = ORIENTED_EDGE('',*,*,#5983,.F.);
#11002 = ADVANCED_FACE('',(#11003),#6028,.T.);
#11003 = FACE_BOUND('',#11004,.T.);
#11004 = EDGE_LOOP('',(#11005,#11006,#11007,#11028));
#11005 = ORIENTED_EDGE('',*,*,#10981,.F.);
#11006 = ORIENTED_EDGE('',*,*,#6011,.T.);
#11007 = ORIENTED_EDGE('',*,*,#11008,.T.);
#11008 = EDGE_CURVE('',#6012,#7366,#11009,.T.);
#11009 = SURFACE_CURVE('',#11010,(#11014,#11021),.PCURVE_S1.);
#11010 = LINE('',#11011,#11012);
#11011 = CARTESIAN_POINT('',(49.983519772912,3.538463841038,4.4));
#11012 = VECTOR('',#11013,1.);
#11013 = DIRECTION('',(0.,0.,1.));
#11014 = PCURVE('',#6028,#11015);
#11015 = DEFINITIONAL_REPRESENTATION('',(#11016),#11020);
#11016 = LINE('',#11017,#11018);
#11017 = CARTESIAN_POINT('',(0.610725964389,0.));
#11018 = VECTOR('',#11019,1.);
#11019 = DIRECTION('',(0.,1.));
#11020 = ( GEOMETRIC_REPRESENTATION_CONTEXT(2) 
PARAMETRIC_REPRESENTATION_CONTEXT() REPRESENTATION_CONTEXT('2D SPACE',''
  ) );
#11021 = PCURVE('',#6056,#11022);
#11022 = DEFINITIONAL_REPRESENTATION('',(#11023),#11027);
#11023 = LINE('',#11024,#11025);
#11024 = CARTESIAN_POINT('',(0.630444461638,0.));
#11025 = VECTOR('',#11026,1.);
#11026 = DIRECTION('',(0.,-1.));
#11027 = ( GEOMETRIC_REPRESENTATION_CONTEXT(2) 
PARAMETRIC_REPRESENTATION_CONTEXT() REPRESENTATION_CONTEXT('2D SPACE',''
  ) );
#11028 = ORIENTED_EDGE('',*,*,#7365,.F.);
#11029 = ADVANCED_FACE('',(#11030),#6056,.F.);
#11030 = FACE_BOUND('',#11031,.F.);
#11031 = EDGE_LOOP('',(#11032,#11033,#11034,#11055));
#11032 = ORIENTED_EDGE('',*,*,#11008,.T.);
#11033 = ORIENTED_EDGE('',*,*,#7443,.T.);
#11034 = ORIENTED_EDGE('',*,*,#11035,.F.);
#11035 = EDGE_CURVE('',#6041,#7444,#11036,.T.);
#11036 = SURFACE_CURVE('',#11037,(#11041,#11048),.PCURVE_S1.);
#11037 = LINE('',#11038,#11039);
#11038 = CARTESIAN_POINT('',(49.016480227088,2.861536158962,4.4));
#11039 = VECTOR('',#11040,1.);
#11040 = DIRECTION('',(0.,0.,1.));
#11041 = PCURVE('',#6056,#11042);
#11042 = DEFINITIONAL_REPRESENTATION('',(#11043),#11047);
#11043 = LINE('',#11044,#11045);
#11044 = CARTESIAN_POINT('',(1.810866661509,0.));
#11045 = VECTOR('',#11046,1.);
#11046 = DIRECTION('',(0.,-1.));
#11047 = ( GEOMETRIC_REPRESENTATION_CONTEXT(2) 
PARAMETRIC_REPRESENTATION_CONTEXT() REPRESENTATION_CONTEXT('2D SPACE',''
  ) );
#11048 = PCURVE('',#6089,#11049);
#11049 = DEFINITIONAL_REPRESENTATION('',(#11050),#11054);
#11050 = LINE('',#11051,#11052);
#11051 = CARTESIAN_POINT('',(-0.,0.));
#11052 = VECTOR('',#11053,1.);
#11053 = DIRECTION('',(-0.,1.));
#11054 = ( GEOMETRIC_REPRESENTATION_CONTEXT(2) 
PARAMETRIC_REPRESENTATION_CONTEXT() REPRESENTATION_CONTEXT('2D SPACE',''
  ) );
#11055 = ORIENTED_EDGE('',*,*,#6040,.F.);
#11056 = ADVANCED_FACE('',(#11057),#6089,.F.);
#11057 = FACE_BOUND('',#11058,.T.);
#11058 = EDGE_LOOP('',(#11059,#11060,#11061,#11082));
#11059 = ORIENTED_EDGE('',*,*,#11035,.F.);
#11060 = ORIENTED_EDGE('',*,*,#6068,.T.);
#11061 = ORIENTED_EDGE('',*,*,#11062,.T.);
#11062 = EDGE_CURVE('',#6069,#7520,#11063,.T.);
#11063 = SURFACE_CURVE('',#11064,(#11068,#11075),.PCURVE_S1.);
#11064 = LINE('',#11065,#11066);
#11065 = CARTESIAN_POINT('',(47.869555538362,2.5,4.4));
#11066 = VECTOR('',#11067,1.);
#11067 = DIRECTION('',(0.,0.,1.));
#11068 = PCURVE('',#6089,#11069);
#11069 = DEFINITIONAL_REPRESENTATION('',(#11070),#11074);
#11070 = LINE('',#11071,#11072);
#11071 = CARTESIAN_POINT('',(-0.610725964389,0.));
#11072 = VECTOR('',#11073,1.);
#11073 = DIRECTION('',(-0.,1.));
#11074 = ( GEOMETRIC_REPRESENTATION_CONTEXT(2) 
PARAMETRIC_REPRESENTATION_CONTEXT() REPRESENTATION_CONTEXT('2D SPACE',''
  ) );
#11075 = PCURVE('',#6117,#11076);
#11076 = DEFINITIONAL_REPRESENTATION('',(#11077),#11081);
#11077 = LINE('',#11078,#11079);
#11078 = CARTESIAN_POINT('',(0.630444461638,0.));
#11079 = VECTOR('',#11080,1.);
#11080 = DIRECTION('',(0.,-1.));
#11081 = ( GEOMETRIC_REPRESENTATION_CONTEXT(2) 
PARAMETRIC_REPRESENTATION_CONTEXT() REPRESENTATION_CONTEXT('2D SPACE',''
  ) );
#11082 = ORIENTED_EDGE('',*,*,#7519,.F.);
#11083 = ADVANCED_FACE('',(#11084),#6117,.F.);
#11084 = FACE_BOUND('',#11085,.F.);
#11085 = EDGE_LOOP('',(#11086,#11087,#11088,#11111,#11130));
#11086 = ORIENTED_EDGE('',*,*,#11062,.T.);
#11087 = ORIENTED_EDGE('',*,*,#7601,.T.);
#11088 = ORIENTED_EDGE('',*,*,#11089,.F.);
#11089 = EDGE_CURVE('',#11090,#7602,#11092,.T.);
#11090 = VERTEX_POINT('',#11091);
#11091 = CARTESIAN_POINT('',(-0.5,2.5,4.493548387097));
#11092 = SURFACE_CURVE('',#11093,(#11097,#11104),.PCURVE_S1.);
#11093 = LINE('',#11094,#11095);
#11094 = CARTESIAN_POINT('',(-0.5,2.5,4.4));
#11095 = VECTOR('',#11096,1.);
#11096 = DIRECTION('',(0.,0.,1.));
#11097 = PCURVE('',#6117,#11098);
#11098 = DEFINITIONAL_REPRESENTATION('',(#11099),#11103);
#11099 = LINE('',#11100,#11101);
#11100 = CARTESIAN_POINT('',(49.,0.));
#11101 = VECTOR('',#11102,1.);
#11102 = DIRECTION('',(0.,-1.));
#11103 = ( GEOMETRIC_REPRESENTATION_CONTEXT(2) 
PARAMETRIC_REPRESENTATION_CONTEXT() REPRESENTATION_CONTEXT('2D SPACE',''
  ) );
#11104 = PCURVE('',#333,#11105);
#11105 = DEFINITIONAL_REPRESENTATION('',(#11106),#11110);
#11106 = LINE('',#11107,#11108);
#11107 = CARTESIAN_POINT('',(0.,0.));
#11108 = VECTOR('',#11109,1.);
#11109 = DIRECTION('',(0.,1.));
#11110 = ( GEOMETRIC_REPRESENTATION_CONTEXT(2) 
PARAMETRIC_REPRESENTATION_CONTEXT() REPRESENTATION_CONTEXT('2D SPACE',''
  ) );
#11111 = ORIENTED_EDGE('',*,*,#11112,.T.);
#11112 = EDGE_CURVE('',#11090,#6102,#11113,.T.);
#11113 = SURFACE_CURVE('',#11114,(#11118,#11124),.PCURVE_S1.);
#11114 = LINE('',#11115,#11116);
#11115 = CARTESIAN_POINT('',(22.00452403393,2.5,-2.765975494816));
#11116 = VECTOR('',#11117,1.);
#11117 = DIRECTION('',(0.951708617761,0.,-0.307002779923));
#11118 = PCURVE('',#6117,#11119);
#11119 = DEFINITIONAL_REPRESENTATION('',(#11120),#11123);
#11120 = B_SPLINE_CURVE_WITH_KNOTS('',1,(#11121,#11122),.UNSPECIFIED.,
  .F.,.F.,(2,2),(-23.64644347435,-23.3417283603),
  .PIECEWISE_BEZIER_KNOTS.);
#11121 = CARTESIAN_POINT('',(49.,-9.354838709677E-02));
#11122 = CARTESIAN_POINT('',(48.71,0.));
#11123 = ( GEOMETRIC_REPRESENTATION_CONTEXT(2) 
PARAMETRIC_REPRESENTATION_CONTEXT() REPRESENTATION_CONTEXT('2D SPACE',''
  ) );
#11124 = PCURVE('',#305,#11125);
#11125 = DEFINITIONAL_REPRESENTATION('',(#11126),#11129);
#11126 = B_SPLINE_CURVE_WITH_KNOTS('',1,(#11127,#11128),.UNSPECIFIED.,
  .F.,.F.,(2,2),(-23.64644347435,-23.3417283603),
  .PIECEWISE_BEZIER_KNOTS.);
#11127 = CARTESIAN_POINT('',(0.630445063545,-7.5));
#11128 = CARTESIAN_POINT('',(0.325729949498,-7.5));
#11129 = ( GEOMETRIC_REPRESENTATION_CONTEXT(2) 
PARAMETRIC_REPRESENTATION_CONTEXT() REPRESENTATION_CONTEXT('2D SPACE',''
  ) );
#11130 = ORIENTED_EDGE('',*,*,#6101,.F.);
#11131 = ADVANCED_FACE('',(#11132),#6191,.T.);
#11132 = FACE_BOUND('',#11133,.T.);
#11133 = EDGE_LOOP('',(#11134,#11164,#11183,#11184,#11207,#11235,#11263,
    #11291));
#11134 = ORIENTED_EDGE('',*,*,#11135,.F.);
#11135 = EDGE_CURVE('',#11136,#11138,#11140,.T.);
#11136 = VERTEX_POINT('',#11137);
#11137 = CARTESIAN_POINT('',(6.05,0.7,6.2));
#11138 = VERTEX_POINT('',#11139);
#11139 = CARTESIAN_POINT('',(6.05,1.35,6.2));
#11140 = SURFACE_CURVE('',#11141,(#11145,#11152),.PCURVE_S1.);
#11141 = LINE('',#11142,#11143);
#11142 = CARTESIAN_POINT('',(6.05,0.,6.2));
#11143 = VECTOR('',#11144,1.);
#11144 = DIRECTION('',(0.,1.,0.));
#11145 = PCURVE('',#6191,#11146);
#11146 = DEFINITIONAL_REPRESENTATION('',(#11147),#11151);
#11147 = LINE('',#11148,#11149);
#11148 = CARTESIAN_POINT('',(1.9,0.));
#11149 = VECTOR('',#11150,1.);
#11150 = DIRECTION('',(0.,-1.));
#11151 = ( GEOMETRIC_REPRESENTATION_CONTEXT(2) 
PARAMETRIC_REPRESENTATION_CONTEXT() REPRESENTATION_CONTEXT('2D SPACE',''
  ) );
#11152 = PCURVE('',#11153,#11158);
#11153 = PLANE('',#11154);
#11154 = AXIS2_PLACEMENT_3D('',#11155,#11156,#11157);
#11155 = CARTESIAN_POINT('',(6.05,0.,6.2));
#11156 = DIRECTION('',(0.,0.,1.));
#11157 = DIRECTION('',(1.,0.,0.));
#11158 = DEFINITIONAL_REPRESENTATION('',(#11159),#11163);
#11159 = LINE('',#11160,#11161);
#11160 = CARTESIAN_POINT('',(0.,0.));
#11161 = VECTOR('',#11162,1.);
#11162 = DIRECTION('',(0.,1.));
#11163 = ( GEOMETRIC_REPRESENTATION_CONTEXT(2) 
PARAMETRIC_REPRESENTATION_CONTEXT() REPRESENTATION_CONTEXT('2D SPACE',''
  ) );
#11164 = ORIENTED_EDGE('',*,*,#11165,.T.);
#11165 = EDGE_CURVE('',#11136,#6151,#11166,.T.);
#11166 = SURFACE_CURVE('',#11167,(#11171,#11177),.PCURVE_S1.);
#11167 = LINE('',#11168,#11169);
#11168 = CARTESIAN_POINT('',(6.05,0.7,0.7));
#11169 = VECTOR('',#11170,1.);
#11170 = DIRECTION('',(0.,0.,-1.));
#11171 = PCURVE('',#6191,#11172);
#11172 = DEFINITIONAL_REPRESENTATION('',(#11173),#11176);
#11173 = B_SPLINE_CURVE_WITH_KNOTS('',1,(#11174,#11175),.UNSPECIFIED.,
  .F.,.F.,(2,2),(-5.5,-3.7),.PIECEWISE_BEZIER_KNOTS.);
#11174 = CARTESIAN_POINT('',(1.9,-0.7));
#11175 = CARTESIAN_POINT('',(0.1,-0.7));
#11176 = ( GEOMETRIC_REPRESENTATION_CONTEXT(2) 
PARAMETRIC_REPRESENTATION_CONTEXT() REPRESENTATION_CONTEXT('2D SPACE',''
  ) );
#11177 = PCURVE('',#6165,#11178);
#11178 = DEFINITIONAL_REPRESENTATION('',(#11179),#11182);
#11179 = B_SPLINE_CURVE_WITH_KNOTS('',1,(#11180,#11181),.UNSPECIFIED.,
  .F.,.F.,(2,2),(-5.5,-3.7),.PIECEWISE_BEZIER_KNOTS.);
#11180 = CARTESIAN_POINT('',(9.1,6.65));
#11181 = CARTESIAN_POINT('',(7.3,6.65));
#11182 = ( GEOMETRIC_REPRESENTATION_CONTEXT(2) 
PARAMETRIC_REPRESENTATION_CONTEXT() REPRESENTATION_CONTEXT('2D SPACE',''
  ) );
#11183 = ORIENTED_EDGE('',*,*,#6176,.T.);
#11184 = ORIENTED_EDGE('',*,*,#11185,.T.);
#11185 = EDGE_CURVE('',#6177,#11186,#11188,.T.);
#11186 = VERTEX_POINT('',#11187);
#11187 = CARTESIAN_POINT('',(6.05,1.35,4.818918918919));
#11188 = SURFACE_CURVE('',#11189,(#11193,#11200),.PCURVE_S1.);
#11189 = LINE('',#11190,#11191);
#11190 = CARTESIAN_POINT('',(6.05,1.35,4.3));
#11191 = VECTOR('',#11192,1.);
#11192 = DIRECTION('',(0.,0.,1.));
#11193 = PCURVE('',#6191,#11194);
#11194 = DEFINITIONAL_REPRESENTATION('',(#11195),#11199);
#11195 = LINE('',#11196,#11197);
#11196 = CARTESIAN_POINT('',(0.,-1.35));
#11197 = VECTOR('',#11198,1.);
#11198 = DIRECTION('',(1.,0.));
#11199 = ( GEOMETRIC_REPRESENTATION_CONTEXT(2) 
PARAMETRIC_REPRESENTATION_CONTEXT() REPRESENTATION_CONTEXT('2D SPACE',''
  ) );
#11200 = PCURVE('',#6217,#11201);
#11201 = DEFINITIONAL_REPRESENTATION('',(#11202),#11206);
#11202 = LINE('',#11203,#11204);
#11203 = CARTESIAN_POINT('',(0.,0.));
#11204 = VECTOR('',#11205,1.);
#11205 = DIRECTION('',(1.,0.));
#11206 = ( GEOMETRIC_REPRESENTATION_CONTEXT(2) 
PARAMETRIC_REPRESENTATION_CONTEXT() REPRESENTATION_CONTEXT('2D SPACE',''
  ) );
#11207 = ORIENTED_EDGE('',*,*,#11208,.T.);
#11208 = EDGE_CURVE('',#11186,#11209,#11211,.T.);
#11209 = VERTEX_POINT('',#11210);
#11210 = CARTESIAN_POINT('',(6.05,1.7,5.15));
#11211 = SURFACE_CURVE('',#11212,(#11216,#11223),.PCURVE_S1.);
#11212 = LINE('',#11213,#11214);
#11213 = CARTESIAN_POINT('',(6.05,1.33,4.8));
#11214 = VECTOR('',#11215,1.);
#11215 = DIRECTION('',(0.,0.726468416955,0.687199853876));
#11216 = PCURVE('',#6191,#11217);
#11217 = DEFINITIONAL_REPRESENTATION('',(#11218),#11222);
#11218 = LINE('',#11219,#11220);
#11219 = CARTESIAN_POINT('',(0.5,-1.33));
#11220 = VECTOR('',#11221,1.);
#11221 = DIRECTION('',(0.687199853876,-0.726468416955));
#11222 = ( GEOMETRIC_REPRESENTATION_CONTEXT(2) 
PARAMETRIC_REPRESENTATION_CONTEXT() REPRESENTATION_CONTEXT('2D SPACE',''
  ) );
#11223 = PCURVE('',#11224,#11229);
#11224 = PLANE('',#11225);
#11225 = AXIS2_PLACEMENT_3D('',#11226,#11227,#11228);
#11226 = CARTESIAN_POINT('',(6.05,1.33,4.8));
#11227 = DIRECTION('',(0.,-0.687199853876,0.726468416955));
#11228 = DIRECTION('',(0.,0.726468416955,0.687199853876));
#11229 = DEFINITIONAL_REPRESENTATION('',(#11230),#11234);
#11230 = LINE('',#11231,#11232);
#11231 = CARTESIAN_POINT('',(0.,0.));
#11232 = VECTOR('',#11233,1.);
#11233 = DIRECTION('',(1.,0.));
#11234 = ( GEOMETRIC_REPRESENTATION_CONTEXT(2) 
PARAMETRIC_REPRESENTATION_CONTEXT() REPRESENTATION_CONTEXT('2D SPACE',''
  ) );
#11235 = ORIENTED_EDGE('',*,*,#11236,.T.);
#11236 = EDGE_CURVE('',#11209,#11237,#11239,.T.);
#11237 = VERTEX_POINT('',#11238);
#11238 = CARTESIAN_POINT('',(6.05,1.7,5.45));
#11239 = SURFACE_CURVE('',#11240,(#11244,#11251),.PCURVE_S1.);
#11240 = LINE('',#11241,#11242);
#11241 = CARTESIAN_POINT('',(6.05,1.7,5.15));
#11242 = VECTOR('',#11243,1.);
#11243 = DIRECTION('',(0.,0.,1.));
#11244 = PCURVE('',#6191,#11245);
#11245 = DEFINITIONAL_REPRESENTATION('',(#11246),#11250);
#11246 = LINE('',#11247,#11248);
#11247 = CARTESIAN_POINT('',(0.85,-1.7));
#11248 = VECTOR('',#11249,1.);
#11249 = DIRECTION('',(1.,0.));
#11250 = ( GEOMETRIC_REPRESENTATION_CONTEXT(2) 
PARAMETRIC_REPRESENTATION_CONTEXT() REPRESENTATION_CONTEXT('2D SPACE',''
  ) );
#11251 = PCURVE('',#11252,#11257);
#11252 = PLANE('',#11253);
#11253 = AXIS2_PLACEMENT_3D('',#11254,#11255,#11256);
#11254 = CARTESIAN_POINT('',(6.05,1.7,5.15));
#11255 = DIRECTION('',(0.,-1.,0.));
#11256 = DIRECTION('',(0.,0.,1.));
#11257 = DEFINITIONAL_REPRESENTATION('',(#11258),#11262);
#11258 = LINE('',#11259,#11260);
#11259 = CARTESIAN_POINT('',(0.,0.));
#11260 = VECTOR('',#11261,1.);
#11261 = DIRECTION('',(1.,0.));
#11262 = ( GEOMETRIC_REPRESENTATION_CONTEXT(2) 
PARAMETRIC_REPRESENTATION_CONTEXT() REPRESENTATION_CONTEXT('2D SPACE',''
  ) );
#11263 = ORIENTED_EDGE('',*,*,#11264,.T.);
#11264 = EDGE_CURVE('',#11237,#11265,#11267,.T.);
#11265 = VERTEX_POINT('',#11266);
#11266 = CARTESIAN_POINT('',(6.05,1.35,5.894594594595));
#11267 = SURFACE_CURVE('',#11268,(#11272,#11279),.PCURVE_S1.);
#11268 = LINE('',#11269,#11270);
#11269 = CARTESIAN_POINT('',(6.05,1.7,5.45));
#11270 = VECTOR('',#11271,1.);
#11271 = DIRECTION('',(0.,-0.618559606331,0.785737878313));
#11272 = PCURVE('',#6191,#11273);
#11273 = DEFINITIONAL_REPRESENTATION('',(#11274),#11278);
#11274 = LINE('',#11275,#11276);
#11275 = CARTESIAN_POINT('',(1.15,-1.7));
#11276 = VECTOR('',#11277,1.);
#11277 = DIRECTION('',(0.785737878313,0.618559606331));
#11278 = ( GEOMETRIC_REPRESENTATION_CONTEXT(2) 
PARAMETRIC_REPRESENTATION_CONTEXT() REPRESENTATION_CONTEXT('2D SPACE',''
  ) );
#11279 = PCURVE('',#11280,#11285);
#11280 = PLANE('',#11281);
#11281 = AXIS2_PLACEMENT_3D('',#11282,#11283,#11284);
#11282 = CARTESIAN_POINT('',(6.05,1.7,5.45));
#11283 = DIRECTION('',(0.,-0.785737878313,-0.618559606331));
#11284 = DIRECTION('',(0.,-0.618559606331,0.785737878313));
#11285 = DEFINITIONAL_REPRESENTATION('',(#11286),#11290);
#11286 = LINE('',#11287,#11288);
#11287 = CARTESIAN_POINT('',(0.,0.));
#11288 = VECTOR('',#11289,1.);
#11289 = DIRECTION('',(1.,0.));
#11290 = ( GEOMETRIC_REPRESENTATION_CONTEXT(2) 
PARAMETRIC_REPRESENTATION_CONTEXT() REPRESENTATION_CONTEXT('2D SPACE',''
  ) );
#11291 = ORIENTED_EDGE('',*,*,#11292,.T.);
#11292 = EDGE_CURVE('',#11265,#11138,#11293,.T.);
#11293 = SURFACE_CURVE('',#11294,(#11298,#11305),.PCURVE_S1.);
#11294 = LINE('',#11295,#11296);
#11295 = CARTESIAN_POINT('',(6.05,1.35,4.3));
#11296 = VECTOR('',#11297,1.);
#11297 = DIRECTION('',(0.,0.,1.));
#11298 = PCURVE('',#6191,#11299);
#11299 = DEFINITIONAL_REPRESENTATION('',(#11300),#11304);
#11300 = LINE('',#11301,#11302);
#11301 = CARTESIAN_POINT('',(0.,-1.35));
#11302 = VECTOR('',#11303,1.);
#11303 = DIRECTION('',(1.,0.));
#11304 = ( GEOMETRIC_REPRESENTATION_CONTEXT(2) 
PARAMETRIC_REPRESENTATION_CONTEXT() REPRESENTATION_CONTEXT('2D SPACE',''
  ) );
#11305 = PCURVE('',#11306,#11311);
#11306 = PLANE('',#11307);
#11307 = AXIS2_PLACEMENT_3D('',#11308,#11309,#11310);
#11308 = CARTESIAN_POINT('',(6.05,1.35,4.3));
#11309 = DIRECTION('',(0.,1.,0.));
#11310 = DIRECTION('',(0.,0.,1.));
#11311 = DEFINITIONAL_REPRESENTATION('',(#11312),#11316);
#11312 = LINE('',#11313,#11314);
#11313 = CARTESIAN_POINT('',(0.,0.));
#11314 = VECTOR('',#11315,1.);
#11315 = DIRECTION('',(1.,0.));
#11316 = ( GEOMETRIC_REPRESENTATION_CONTEXT(2) 
PARAMETRIC_REPRESENTATION_CONTEXT() REPRESENTATION_CONTEXT('2D SPACE',''
  ) );
#11317 = ADVANCED_FACE('',(#11318),#11224,.T.);
#11318 = FACE_BOUND('',#11319,.T.);
#11319 = EDGE_LOOP('',(#11320,#11321,#11342,#11365));
#11320 = ORIENTED_EDGE('',*,*,#11208,.F.);
#11321 = ORIENTED_EDGE('',*,*,#11322,.T.);
#11322 = EDGE_CURVE('',#11186,#11323,#11325,.T.);
#11323 = VERTEX_POINT('',#11324);
#11324 = CARTESIAN_POINT('',(10.45,1.35,4.818918918919));
#11325 = SURFACE_CURVE('',#11326,(#11330,#11336),.PCURVE_S1.);
#11326 = LINE('',#11327,#11328);
#11327 = CARTESIAN_POINT('',(6.05,1.35,4.818918918919));
#11328 = VECTOR('',#11329,1.);
#11329 = DIRECTION('',(1.,0.,-0.));
#11330 = PCURVE('',#11224,#11331);
#11331 = DEFINITIONAL_REPRESENTATION('',(#11332),#11335);
#11332 = B_SPLINE_CURVE_WITH_KNOTS('',1,(#11333,#11334),.UNSPECIFIED.,
  .F.,.F.,(2,2),(0.,4.4),.PIECEWISE_BEZIER_KNOTS.);
#11333 = CARTESIAN_POINT('',(2.753044665567E-02,0.));
#11334 = CARTESIAN_POINT('',(2.753044665567E-02,-4.4));
#11335 = ( GEOMETRIC_REPRESENTATION_CONTEXT(2) 
PARAMETRIC_REPRESENTATION_CONTEXT() REPRESENTATION_CONTEXT('2D SPACE',''
  ) );
#11336 = PCURVE('',#6217,#11337);
#11337 = DEFINITIONAL_REPRESENTATION('',(#11338),#11341);
#11338 = B_SPLINE_CURVE_WITH_KNOTS('',1,(#11339,#11340),.UNSPECIFIED.,
  .F.,.F.,(2,2),(0.,4.4),.PIECEWISE_BEZIER_KNOTS.);
#11339 = CARTESIAN_POINT('',(0.518918918919,0.));
#11340 = CARTESIAN_POINT('',(0.518918918919,4.4));
#11341 = ( GEOMETRIC_REPRESENTATION_CONTEXT(2) 
PARAMETRIC_REPRESENTATION_CONTEXT() REPRESENTATION_CONTEXT('2D SPACE',''
  ) );
#11342 = ORIENTED_EDGE('',*,*,#11343,.T.);
#11343 = EDGE_CURVE('',#11323,#11344,#11346,.T.);
#11344 = VERTEX_POINT('',#11345);
#11345 = CARTESIAN_POINT('',(10.45,1.7,5.15));
#11346 = SURFACE_CURVE('',#11347,(#11351,#11358),.PCURVE_S1.);
#11347 = LINE('',#11348,#11349);
#11348 = CARTESIAN_POINT('',(10.45,1.33,4.8));
#11349 = VECTOR('',#11350,1.);
#11350 = DIRECTION('',(0.,0.726468416955,0.687199853876));
#11351 = PCURVE('',#11224,#11352);
#11352 = DEFINITIONAL_REPRESENTATION('',(#11353),#11357);
#11353 = LINE('',#11354,#11355);
#11354 = CARTESIAN_POINT('',(0.,-4.4));
#11355 = VECTOR('',#11356,1.);
#11356 = DIRECTION('',(1.,0.));
#11357 = ( GEOMETRIC_REPRESENTATION_CONTEXT(2) 
PARAMETRIC_REPRESENTATION_CONTEXT() REPRESENTATION_CONTEXT('2D SPACE',''
  ) );
#11358 = PCURVE('',#6243,#11359);
#11359 = DEFINITIONAL_REPRESENTATION('',(#11360),#11364);
#11360 = LINE('',#11361,#11362);
#11361 = CARTESIAN_POINT('',(0.5,-1.33));
#11362 = VECTOR('',#11363,1.);
#11363 = DIRECTION('',(0.687199853876,-0.726468416955));
#11364 = ( GEOMETRIC_REPRESENTATION_CONTEXT(2) 
PARAMETRIC_REPRESENTATION_CONTEXT() REPRESENTATION_CONTEXT('2D SPACE',''
  ) );
#11365 = ORIENTED_EDGE('',*,*,#11366,.F.);
#11366 = EDGE_CURVE('',#11209,#11344,#11367,.T.);
#11367 = SURFACE_CURVE('',#11368,(#11372,#11379),.PCURVE_S1.);
#11368 = LINE('',#11369,#11370);
#11369 = CARTESIAN_POINT('',(6.05,1.7,5.15));
#11370 = VECTOR('',#11371,1.);
#11371 = DIRECTION('',(1.,0.,0.));
#11372 = PCURVE('',#11224,#11373);
#11373 = DEFINITIONAL_REPRESENTATION('',(#11374),#11378);
#11374 = LINE('',#11375,#11376);
#11375 = CARTESIAN_POINT('',(0.50931326313,0.));
#11376 = VECTOR('',#11377,1.);
#11377 = DIRECTION('',(0.,-1.));
#11378 = ( GEOMETRIC_REPRESENTATION_CONTEXT(2) 
PARAMETRIC_REPRESENTATION_CONTEXT() REPRESENTATION_CONTEXT('2D SPACE',''
  ) );
#11379 = PCURVE('',#11252,#11380);
#11380 = DEFINITIONAL_REPRESENTATION('',(#11381),#11385);
#11381 = LINE('',#11382,#11383);
#11382 = CARTESIAN_POINT('',(0.,0.));
#11383 = VECTOR('',#11384,1.);
#11384 = DIRECTION('',(0.,-1.));
#11385 = ( GEOMETRIC_REPRESENTATION_CONTEXT(2) 
PARAMETRIC_REPRESENTATION_CONTEXT() REPRESENTATION_CONTEXT('2D SPACE',''
  ) );
#11386 = ADVANCED_FACE('',(#11387),#11252,.T.);
#11387 = FACE_BOUND('',#11388,.T.);
#11388 = EDGE_LOOP('',(#11389,#11390,#11413,#11434));
#11389 = ORIENTED_EDGE('',*,*,#11366,.T.);
#11390 = ORIENTED_EDGE('',*,*,#11391,.T.);
#11391 = EDGE_CURVE('',#11344,#11392,#11394,.T.);
#11392 = VERTEX_POINT('',#11393);
#11393 = CARTESIAN_POINT('',(10.45,1.7,5.45));
#11394 = SURFACE_CURVE('',#11395,(#11399,#11406),.PCURVE_S1.);
#11395 = LINE('',#11396,#11397);
#11396 = CARTESIAN_POINT('',(10.45,1.7,5.15));
#11397 = VECTOR('',#11398,1.);
#11398 = DIRECTION('',(0.,0.,1.));
#11399 = PCURVE('',#11252,#11400);
#11400 = DEFINITIONAL_REPRESENTATION('',(#11401),#11405);
#11401 = LINE('',#11402,#11403);
#11402 = CARTESIAN_POINT('',(0.,-4.4));
#11403 = VECTOR('',#11404,1.);
#11404 = DIRECTION('',(1.,0.));
#11405 = ( GEOMETRIC_REPRESENTATION_CONTEXT(2) 
PARAMETRIC_REPRESENTATION_CONTEXT() REPRESENTATION_CONTEXT('2D SPACE',''
  ) );
#11406 = PCURVE('',#6243,#11407);
#11407 = DEFINITIONAL_REPRESENTATION('',(#11408),#11412);
#11408 = LINE('',#11409,#11410);
#11409 = CARTESIAN_POINT('',(0.85,-1.7));
#11410 = VECTOR('',#11411,1.);
#11411 = DIRECTION('',(1.,0.));
#11412 = ( GEOMETRIC_REPRESENTATION_CONTEXT(2) 
PARAMETRIC_REPRESENTATION_CONTEXT() REPRESENTATION_CONTEXT('2D SPACE',''
  ) );
#11413 = ORIENTED_EDGE('',*,*,#11414,.F.);
#11414 = EDGE_CURVE('',#11237,#11392,#11415,.T.);
#11415 = SURFACE_CURVE('',#11416,(#11420,#11427),.PCURVE_S1.);
#11416 = LINE('',#11417,#11418);
#11417 = CARTESIAN_POINT('',(6.05,1.7,5.45));
#11418 = VECTOR('',#11419,1.);
#11419 = DIRECTION('',(1.,0.,0.));
#11420 = PCURVE('',#11252,#11421);
#11421 = DEFINITIONAL_REPRESENTATION('',(#11422),#11426);
#11422 = LINE('',#11423,#11424);
#11423 = CARTESIAN_POINT('',(0.3,0.));
#11424 = VECTOR('',#11425,1.);
#11425 = DIRECTION('',(0.,-1.));
#11426 = ( GEOMETRIC_REPRESENTATION_CONTEXT(2) 
PARAMETRIC_REPRESENTATION_CONTEXT() REPRESENTATION_CONTEXT('2D SPACE',''
  ) );
#11427 = PCURVE('',#11280,#11428);
#11428 = DEFINITIONAL_REPRESENTATION('',(#11429),#11433);
#11429 = LINE('',#11430,#11431);
#11430 = CARTESIAN_POINT('',(0.,0.));
#11431 = VECTOR('',#11432,1.);
#11432 = DIRECTION('',(0.,-1.));
#11433 = ( GEOMETRIC_REPRESENTATION_CONTEXT(2) 
PARAMETRIC_REPRESENTATION_CONTEXT() REPRESENTATION_CONTEXT('2D SPACE',''
  ) );
#11434 = ORIENTED_EDGE('',*,*,#11236,.F.);
#11435 = ADVANCED_FACE('',(#11436),#11280,.T.);
#11436 = FACE_BOUND('',#11437,.T.);
#11437 = EDGE_LOOP('',(#11438,#11439,#11440,#11463));
#11438 = ORIENTED_EDGE('',*,*,#11264,.F.);
#11439 = ORIENTED_EDGE('',*,*,#11414,.T.);
#11440 = ORIENTED_EDGE('',*,*,#11441,.T.);
#11441 = EDGE_CURVE('',#11392,#11442,#11444,.T.);
#11442 = VERTEX_POINT('',#11443);
#11443 = CARTESIAN_POINT('',(10.45,1.35,5.894594594595));
#11444 = SURFACE_CURVE('',#11445,(#11449,#11456),.PCURVE_S1.);
#11445 = LINE('',#11446,#11447);
#11446 = CARTESIAN_POINT('',(10.45,1.7,5.45));
#11447 = VECTOR('',#11448,1.);
#11448 = DIRECTION('',(0.,-0.618559606331,0.785737878313));
#11449 = PCURVE('',#11280,#11450);
#11450 = DEFINITIONAL_REPRESENTATION('',(#11451),#11455);
#11451 = LINE('',#11452,#11453);
#11452 = CARTESIAN_POINT('',(0.,-4.4));
#11453 = VECTOR('',#11454,1.);
#11454 = DIRECTION('',(1.,0.));
#11455 = ( GEOMETRIC_REPRESENTATION_CONTEXT(2) 
PARAMETRIC_REPRESENTATION_CONTEXT() REPRESENTATION_CONTEXT('2D SPACE',''
  ) );
#11456 = PCURVE('',#6243,#11457);
#11457 = DEFINITIONAL_REPRESENTATION('',(#11458),#11462);
#11458 = LINE('',#11459,#11460);
#11459 = CARTESIAN_POINT('',(1.15,-1.7));
#11460 = VECTOR('',#11461,1.);
#11461 = DIRECTION('',(0.785737878313,0.618559606331));
#11462 = ( GEOMETRIC_REPRESENTATION_CONTEXT(2) 
PARAMETRIC_REPRESENTATION_CONTEXT() REPRESENTATION_CONTEXT('2D SPACE',''
  ) );
#11463 = ORIENTED_EDGE('',*,*,#11464,.T.);
#11464 = EDGE_CURVE('',#11442,#11265,#11465,.T.);
#11465 = SURFACE_CURVE('',#11466,(#11470,#11476),.PCURVE_S1.);
#11466 = LINE('',#11467,#11468);
#11467 = CARTESIAN_POINT('',(6.05,1.35,5.894594594595));
#11468 = VECTOR('',#11469,1.);
#11469 = DIRECTION('',(-1.,0.,-0.));
#11470 = PCURVE('',#11280,#11471);
#11471 = DEFINITIONAL_REPRESENTATION('',(#11472),#11475);
#11472 = B_SPLINE_CURVE_WITH_KNOTS('',1,(#11473,#11474),.UNSPECIFIED.,
  .F.,.F.,(2,2),(-4.4,0.),.PIECEWISE_BEZIER_KNOTS.);
#11473 = CARTESIAN_POINT('',(0.565830675682,-4.4));
#11474 = CARTESIAN_POINT('',(0.565830675682,0.));
#11475 = ( GEOMETRIC_REPRESENTATION_CONTEXT(2) 
PARAMETRIC_REPRESENTATION_CONTEXT() REPRESENTATION_CONTEXT('2D SPACE',''
  ) );
#11476 = PCURVE('',#11306,#11477);
#11477 = DEFINITIONAL_REPRESENTATION('',(#11478),#11481);
#11478 = B_SPLINE_CURVE_WITH_KNOTS('',1,(#11479,#11480),.UNSPECIFIED.,
  .F.,.F.,(2,2),(-4.4,0.),.PIECEWISE_BEZIER_KNOTS.);
#11479 = CARTESIAN_POINT('',(1.594594594595,4.4));
#11480 = CARTESIAN_POINT('',(1.594594594595,0.));
#11481 = ( GEOMETRIC_REPRESENTATION_CONTEXT(2) 
PARAMETRIC_REPRESENTATION_CONTEXT() REPRESENTATION_CONTEXT('2D SPACE',''
  ) );
#11482 = ADVANCED_FACE('',(#11483),#11306,.F.);
#11483 = FACE_BOUND('',#11484,.F.);
#11484 = EDGE_LOOP('',(#11485,#11508,#11509,#11510));
#11485 = ORIENTED_EDGE('',*,*,#11486,.F.);
#11486 = EDGE_CURVE('',#11442,#11487,#11489,.T.);
#11487 = VERTEX_POINT('',#11488);
#11488 = CARTESIAN_POINT('',(10.45,1.35,6.2));
#11489 = SURFACE_CURVE('',#11490,(#11494,#11501),.PCURVE_S1.);
#11490 = LINE('',#11491,#11492);
#11491 = CARTESIAN_POINT('',(10.45,1.35,4.3));
#11492 = VECTOR('',#11493,1.);
#11493 = DIRECTION('',(0.,0.,1.));
#11494 = PCURVE('',#11306,#11495);
#11495 = DEFINITIONAL_REPRESENTATION('',(#11496),#11500);
#11496 = LINE('',#11497,#11498);
#11497 = CARTESIAN_POINT('',(0.,4.4));
#11498 = VECTOR('',#11499,1.);
#11499 = DIRECTION('',(1.,0.));
#11500 = ( GEOMETRIC_REPRESENTATION_CONTEXT(2) 
PARAMETRIC_REPRESENTATION_CONTEXT() REPRESENTATION_CONTEXT('2D SPACE',''
  ) );
#11501 = PCURVE('',#6243,#11502);
#11502 = DEFINITIONAL_REPRESENTATION('',(#11503),#11507);
#11503 = LINE('',#11504,#11505);
#11504 = CARTESIAN_POINT('',(0.,-1.35));
#11505 = VECTOR('',#11506,1.);
#11506 = DIRECTION('',(1.,0.));
#11507 = ( GEOMETRIC_REPRESENTATION_CONTEXT(2) 
PARAMETRIC_REPRESENTATION_CONTEXT() REPRESENTATION_CONTEXT('2D SPACE',''
  ) );
#11508 = ORIENTED_EDGE('',*,*,#11464,.T.);
#11509 = ORIENTED_EDGE('',*,*,#11292,.T.);
#11510 = ORIENTED_EDGE('',*,*,#11511,.T.);
#11511 = EDGE_CURVE('',#11138,#11487,#11512,.T.);
#11512 = SURFACE_CURVE('',#11513,(#11517,#11524),.PCURVE_S1.);
#11513 = LINE('',#11514,#11515);
#11514 = CARTESIAN_POINT('',(6.05,1.35,6.2));
#11515 = VECTOR('',#11516,1.);
#11516 = DIRECTION('',(1.,0.,0.));
#11517 = PCURVE('',#11306,#11518);
#11518 = DEFINITIONAL_REPRESENTATION('',(#11519),#11523);
#11519 = LINE('',#11520,#11521);
#11520 = CARTESIAN_POINT('',(1.9,0.));
#11521 = VECTOR('',#11522,1.);
#11522 = DIRECTION('',(0.,1.));
#11523 = ( GEOMETRIC_REPRESENTATION_CONTEXT(2) 
PARAMETRIC_REPRESENTATION_CONTEXT() REPRESENTATION_CONTEXT('2D SPACE',''
  ) );
#11524 = PCURVE('',#11153,#11525);
#11525 = DEFINITIONAL_REPRESENTATION('',(#11526),#11530);
#11526 = LINE('',#11527,#11528);
#11527 = CARTESIAN_POINT('',(0.,1.35));
#11528 = VECTOR('',#11529,1.);
#11529 = DIRECTION('',(1.,0.));
#11530 = ( GEOMETRIC_REPRESENTATION_CONTEXT(2) 
PARAMETRIC_REPRESENTATION_CONTEXT() REPRESENTATION_CONTEXT('2D SPACE',''
  ) );
#11531 = ADVANCED_FACE('',(#11532),#11153,.F.);
#11532 = FACE_BOUND('',#11533,.F.);
#11533 = EDGE_LOOP('',(#11534,#11535,#11556,#11577));
#11534 = ORIENTED_EDGE('',*,*,#11135,.F.);
#11535 = ORIENTED_EDGE('',*,*,#11536,.T.);
#11536 = EDGE_CURVE('',#11136,#11537,#11539,.T.);
#11537 = VERTEX_POINT('',#11538);
#11538 = CARTESIAN_POINT('',(10.45,0.7,6.2));
#11539 = SURFACE_CURVE('',#11540,(#11544,#11550),.PCURVE_S1.);
#11540 = LINE('',#11541,#11542);
#11541 = CARTESIAN_POINT('',(2.725,0.7,6.2));
#11542 = VECTOR('',#11543,1.);
#11543 = DIRECTION('',(1.,0.,0.));
#11544 = PCURVE('',#11153,#11545);
#11545 = DEFINITIONAL_REPRESENTATION('',(#11546),#11549);
#11546 = B_SPLINE_CURVE_WITH_KNOTS('',1,(#11547,#11548),.UNSPECIFIED.,
  .F.,.F.,(2,2),(3.325,7.725),.PIECEWISE_BEZIER_KNOTS.);
#11547 = CARTESIAN_POINT('',(0.,0.7));
#11548 = CARTESIAN_POINT('',(4.4,0.7));
#11549 = ( GEOMETRIC_REPRESENTATION_CONTEXT(2) 
PARAMETRIC_REPRESENTATION_CONTEXT() REPRESENTATION_CONTEXT('2D SPACE',''
  ) );
#11550 = PCURVE('',#6165,#11551);
#11551 = DEFINITIONAL_REPRESENTATION('',(#11552),#11555);
#11552 = B_SPLINE_CURVE_WITH_KNOTS('',1,(#11553,#11554),.UNSPECIFIED.,
  .F.,.F.,(2,2),(3.325,7.725),.PIECEWISE_BEZIER_KNOTS.);
#11553 = CARTESIAN_POINT('',(9.1,6.65));
#11554 = CARTESIAN_POINT('',(9.1,11.05));
#11555 = ( GEOMETRIC_REPRESENTATION_CONTEXT(2) 
PARAMETRIC_REPRESENTATION_CONTEXT() REPRESENTATION_CONTEXT('2D SPACE',''
  ) );
#11556 = ORIENTED_EDGE('',*,*,#11557,.T.);
#11557 = EDGE_CURVE('',#11537,#11487,#11558,.T.);
#11558 = SURFACE_CURVE('',#11559,(#11563,#11570),.PCURVE_S1.);
#11559 = LINE('',#11560,#11561);
#11560 = CARTESIAN_POINT('',(10.45,0.,6.2));
#11561 = VECTOR('',#11562,1.);
#11562 = DIRECTION('',(0.,1.,0.));
#11563 = PCURVE('',#11153,#11564);
#11564 = DEFINITIONAL_REPRESENTATION('',(#11565),#11569);
#11565 = LINE('',#11566,#11567);
#11566 = CARTESIAN_POINT('',(4.4,0.));
#11567 = VECTOR('',#11568,1.);
#11568 = DIRECTION('',(0.,1.));
#11569 = ( GEOMETRIC_REPRESENTATION_CONTEXT(2) 
PARAMETRIC_REPRESENTATION_CONTEXT() REPRESENTATION_CONTEXT('2D SPACE',''
  ) );
#11570 = PCURVE('',#6243,#11571);
#11571 = DEFINITIONAL_REPRESENTATION('',(#11572),#11576);
#11572 = LINE('',#11573,#11574);
#11573 = CARTESIAN_POINT('',(1.9,0.));
#11574 = VECTOR('',#11575,1.);
#11575 = DIRECTION('',(0.,-1.));
#11576 = ( GEOMETRIC_REPRESENTATION_CONTEXT(2) 
PARAMETRIC_REPRESENTATION_CONTEXT() REPRESENTATION_CONTEXT('2D SPACE',''
  ) );
#11577 = ORIENTED_EDGE('',*,*,#11511,.F.);
#11578 = ADVANCED_FACE('',(#11579),#6217,.F.);
#11579 = FACE_BOUND('',#11580,.F.);
#11580 = EDGE_LOOP('',(#11581,#11602,#11603,#11604));
#11581 = ORIENTED_EDGE('',*,*,#11582,.F.);
#11582 = EDGE_CURVE('',#6203,#11323,#11583,.T.);
#11583 = SURFACE_CURVE('',#11584,(#11588,#11595),.PCURVE_S1.);
#11584 = LINE('',#11585,#11586);
#11585 = CARTESIAN_POINT('',(10.45,1.35,4.3));
#11586 = VECTOR('',#11587,1.);
#11587 = DIRECTION('',(0.,0.,1.));
#11588 = PCURVE('',#6217,#11589);
#11589 = DEFINITIONAL_REPRESENTATION('',(#11590),#11594);
#11590 = LINE('',#11591,#11592);
#11591 = CARTESIAN_POINT('',(0.,4.4));
#11592 = VECTOR('',#11593,1.);
#11593 = DIRECTION('',(1.,0.));
#11594 = ( GEOMETRIC_REPRESENTATION_CONTEXT(2) 
PARAMETRIC_REPRESENTATION_CONTEXT() REPRESENTATION_CONTEXT('2D SPACE',''
  ) );
#11595 = PCURVE('',#6243,#11596);
#11596 = DEFINITIONAL_REPRESENTATION('',(#11597),#11601);
#11597 = LINE('',#11598,#11599);
#11598 = CARTESIAN_POINT('',(0.,-1.35));
#11599 = VECTOR('',#11600,1.);
#11600 = DIRECTION('',(1.,0.));
#11601 = ( GEOMETRIC_REPRESENTATION_CONTEXT(2) 
PARAMETRIC_REPRESENTATION_CONTEXT() REPRESENTATION_CONTEXT('2D SPACE',''
  ) );
#11602 = ORIENTED_EDGE('',*,*,#6202,.T.);
#11603 = ORIENTED_EDGE('',*,*,#11185,.T.);
#11604 = ORIENTED_EDGE('',*,*,#11322,.T.);
#11605 = ADVANCED_FACE('',(#11606),#6243,.F.);
#11606 = FACE_BOUND('',#11607,.F.);
#11607 = EDGE_LOOP('',(#11608,#11609,#11628,#11629,#11630,#11631,#11632,
    #11633));
#11608 = ORIENTED_EDGE('',*,*,#11557,.F.);
#11609 = ORIENTED_EDGE('',*,*,#11610,.T.);
#11610 = EDGE_CURVE('',#11537,#6229,#11611,.T.);
#11611 = SURFACE_CURVE('',#11612,(#11616,#11622),.PCURVE_S1.);
#11612 = LINE('',#11613,#11614);
#11613 = CARTESIAN_POINT('',(10.45,0.7,0.7));
#11614 = VECTOR('',#11615,1.);
#11615 = DIRECTION('',(0.,0.,-1.));
#11616 = PCURVE('',#6243,#11617);
#11617 = DEFINITIONAL_REPRESENTATION('',(#11618),#11621);
#11618 = B_SPLINE_CURVE_WITH_KNOTS('',1,(#11619,#11620),.UNSPECIFIED.,
  .F.,.F.,(2,2),(-5.5,-3.7),.PIECEWISE_BEZIER_KNOTS.);
#11619 = CARTESIAN_POINT('',(1.9,-0.7));
#11620 = CARTESIAN_POINT('',(0.1,-0.7));
#11621 = ( GEOMETRIC_REPRESENTATION_CONTEXT(2) 
PARAMETRIC_REPRESENTATION_CONTEXT() REPRESENTATION_CONTEXT('2D SPACE',''
  ) );
#11622 = PCURVE('',#6165,#11623);
#11623 = DEFINITIONAL_REPRESENTATION('',(#11624),#11627);
#11624 = B_SPLINE_CURVE_WITH_KNOTS('',1,(#11625,#11626),.UNSPECIFIED.,
  .F.,.F.,(2,2),(-5.5,-3.7),.PIECEWISE_BEZIER_KNOTS.);
#11625 = CARTESIAN_POINT('',(9.1,11.05));
#11626 = CARTESIAN_POINT('',(7.3,11.05));
#11627 = ( GEOMETRIC_REPRESENTATION_CONTEXT(2) 
PARAMETRIC_REPRESENTATION_CONTEXT() REPRESENTATION_CONTEXT('2D SPACE',''
  ) );
#11628 = ORIENTED_EDGE('',*,*,#6228,.T.);
#11629 = ORIENTED_EDGE('',*,*,#11582,.T.);
#11630 = ORIENTED_EDGE('',*,*,#11343,.T.);
#11631 = ORIENTED_EDGE('',*,*,#11391,.T.);
#11632 = ORIENTED_EDGE('',*,*,#11441,.T.);
#11633 = ORIENTED_EDGE('',*,*,#11486,.T.);
#11634 = ADVANCED_FACE('',(#11635),#6165,.F.);
#11635 = FACE_BOUND('',#11636,.F.);
#11636 = EDGE_LOOP('',(#11637,#11667,#11690,#11709,#11710,#11711,#11712,
    #11713,#11714));
#11637 = ORIENTED_EDGE('',*,*,#11638,.T.);
#11638 = EDGE_CURVE('',#11639,#11641,#11643,.T.);
#11639 = VERTEX_POINT('',#11640);
#11640 = CARTESIAN_POINT('',(-0.6,0.7,4.525806451613));
#11641 = VERTEX_POINT('',#11642);
#11642 = CARTESIAN_POINT('',(-0.6,0.7,6.6));
#11643 = SURFACE_CURVE('',#11644,(#11648,#11655),.PCURVE_S1.);
#11644 = LINE('',#11645,#11646);
#11645 = CARTESIAN_POINT('',(-0.6,0.7,-2.9));
#11646 = VECTOR('',#11647,1.);
#11647 = DIRECTION('',(0.,0.,1.));
#11648 = PCURVE('',#6165,#11649);
#11649 = DEFINITIONAL_REPRESENTATION('',(#11650),#11654);
#11650 = LINE('',#11651,#11652);
#11651 = CARTESIAN_POINT('',(0.,0.));
#11652 = VECTOR('',#11653,1.);
#11653 = DIRECTION('',(1.,0.));
#11654 = ( GEOMETRIC_REPRESENTATION_CONTEXT(2) 
PARAMETRIC_REPRESENTATION_CONTEXT() REPRESENTATION_CONTEXT('2D SPACE',''
  ) );
#11655 = PCURVE('',#11656,#11661);
#11656 = PLANE('',#11657);
#11657 = AXIS2_PLACEMENT_3D('',#11658,#11659,#11660);
#11658 = CARTESIAN_POINT('',(-0.6,-21.85,-2.9));
#11659 = DIRECTION('',(1.,0.,0.));
#11660 = DIRECTION('',(0.,0.,1.));
#11661 = DEFINITIONAL_REPRESENTATION('',(#11662),#11666);
#11662 = LINE('',#11663,#11664);
#11663 = CARTESIAN_POINT('',(0.,-22.55));
#11664 = VECTOR('',#11665,1.);
#11665 = DIRECTION('',(1.,0.));
#11666 = ( GEOMETRIC_REPRESENTATION_CONTEXT(2) 
PARAMETRIC_REPRESENTATION_CONTEXT() REPRESENTATION_CONTEXT('2D SPACE',''
  ) );
#11667 = ORIENTED_EDGE('',*,*,#11668,.T.);
#11668 = EDGE_CURVE('',#11641,#11669,#11671,.T.);
#11669 = VERTEX_POINT('',#11670);
#11670 = CARTESIAN_POINT('',(11.,0.7,6.6));
#11671 = SURFACE_CURVE('',#11672,(#11676,#11683),.PCURVE_S1.);
#11672 = LINE('',#11673,#11674);
#11673 = CARTESIAN_POINT('',(-0.6,0.7,6.6));
#11674 = VECTOR('',#11675,1.);
#11675 = DIRECTION('',(1.,0.,0.));
#11676 = PCURVE('',#6165,#11677);
#11677 = DEFINITIONAL_REPRESENTATION('',(#11678),#11682);
#11678 = LINE('',#11679,#11680);
#11679 = CARTESIAN_POINT('',(9.5,0.));
#11680 = VECTOR('',#11681,1.);
#11681 = DIRECTION('',(0.,1.));
#11682 = ( GEOMETRIC_REPRESENTATION_CONTEXT(2) 
PARAMETRIC_REPRESENTATION_CONTEXT() REPRESENTATION_CONTEXT('2D SPACE',''
  ) );
#11683 = PCURVE('',#2335,#11684);
#11684 = DEFINITIONAL_REPRESENTATION('',(#11685),#11689);
#11685 = LINE('',#11686,#11687);
#11686 = CARTESIAN_POINT('',(0.,22.55));
#11687 = VECTOR('',#11688,1.);
#11688 = DIRECTION('',(1.,0.));
#11689 = ( GEOMETRIC_REPRESENTATION_CONTEXT(2) 
PARAMETRIC_REPRESENTATION_CONTEXT() REPRESENTATION_CONTEXT('2D SPACE',''
  ) );
#11690 = ORIENTED_EDGE('',*,*,#11691,.T.);
#11691 = EDGE_CURVE('',#11669,#6255,#11692,.T.);
#11692 = SURFACE_CURVE('',#11693,(#11697,#11703),.PCURVE_S1.);
#11693 = LINE('',#11694,#11695);
#11694 = CARTESIAN_POINT('',(11.,0.7,-0.55));
#11695 = VECTOR('',#11696,1.);
#11696 = DIRECTION('',(0.,0.,-1.));
#11697 = PCURVE('',#6165,#11698);
#11698 = DEFINITIONAL_REPRESENTATION('',(#11699),#11702);
#11699 = B_SPLINE_CURVE_WITH_KNOTS('',1,(#11700,#11701),.UNSPECIFIED.,
  .F.,.F.,(2,2),(-7.15,-4.95),.PIECEWISE_BEZIER_KNOTS.);
#11700 = CARTESIAN_POINT('',(9.5,11.6));
#11701 = CARTESIAN_POINT('',(7.3,11.6));
#11702 = ( GEOMETRIC_REPRESENTATION_CONTEXT(2) 
PARAMETRIC_REPRESENTATION_CONTEXT() REPRESENTATION_CONTEXT('2D SPACE',''
  ) );
#11703 = PCURVE('',#6290,#11704);
#11704 = DEFINITIONAL_REPRESENTATION('',(#11705),#11708);
#11705 = B_SPLINE_CURVE_WITH_KNOTS('',1,(#11706,#11707),.UNSPECIFIED.,
  .F.,.F.,(2,2),(-7.15,-4.95),.PIECEWISE_BEZIER_KNOTS.);
#11706 = CARTESIAN_POINT('',(4.8,-1.25));
#11707 = CARTESIAN_POINT('',(2.6,-1.25));
#11708 = ( GEOMETRIC_REPRESENTATION_CONTEXT(2) 
PARAMETRIC_REPRESENTATION_CONTEXT() REPRESENTATION_CONTEXT('2D SPACE',''
  ) );
#11709 = ORIENTED_EDGE('',*,*,#6254,.T.);
#11710 = ORIENTED_EDGE('',*,*,#11610,.F.);
#11711 = ORIENTED_EDGE('',*,*,#11536,.F.);
#11712 = ORIENTED_EDGE('',*,*,#11165,.T.);
#11713 = ORIENTED_EDGE('',*,*,#6150,.T.);
#11714 = ORIENTED_EDGE('',*,*,#11715,.T.);
#11715 = EDGE_CURVE('',#6130,#11639,#11716,.T.);
#11716 = SURFACE_CURVE('',#11717,(#11721,#11727),.PCURVE_S1.);
#11717 = LINE('',#11718,#11719);
#11718 = CARTESIAN_POINT('',(0.834825636192,0.7,4.062959472196));
#11719 = VECTOR('',#11720,1.);
#11720 = DIRECTION('',(-0.951708617761,0.,0.307002779923));
#11721 = PCURVE('',#6165,#11722);
#11722 = DEFINITIONAL_REPRESENTATION('',(#11723),#11726);
#11723 = B_SPLINE_CURVE_WITH_KNOTS('',1,(#11724,#11725),.UNSPECIFIED.,
  .F.,.F.,(2,2),(1.097841941004,1.507631232308),
  .PIECEWISE_BEZIER_KNOTS.);
#11724 = CARTESIAN_POINT('',(7.3,0.39));
#11725 = CARTESIAN_POINT('',(7.425806451613,2.22044604925E-16));
#11726 = ( GEOMETRIC_REPRESENTATION_CONTEXT(2) 
PARAMETRIC_REPRESENTATION_CONTEXT() REPRESENTATION_CONTEXT('2D SPACE',''
  ) );
#11727 = PCURVE('',#305,#11728);
#11728 = DEFINITIONAL_REPRESENTATION('',(#11729),#11732);
#11729 = B_SPLINE_CURVE_WITH_KNOTS('',1,(#11730,#11731),.UNSPECIFIED.,
  .F.,.F.,(2,2),(1.097841941004,1.507631232308),
  .PIECEWISE_BEZIER_KNOTS.);
#11730 = CARTESIAN_POINT('',(0.325729949498,-9.3));
#11731 = CARTESIAN_POINT('',(0.735519240802,-9.3));
#11732 = ( GEOMETRIC_REPRESENTATION_CONTEXT(2) 
PARAMETRIC_REPRESENTATION_CONTEXT() REPRESENTATION_CONTEXT('2D SPACE',''
  ) );
#11733 = ADVANCED_FACE('',(#11734),#11656,.T.);
#11734 = FACE_BOUND('',#11735,.T.);
#11735 = EDGE_LOOP('',(#11736,#11759,#11778,#11779));
#11736 = ORIENTED_EDGE('',*,*,#11737,.F.);
#11737 = EDGE_CURVE('',#11738,#11740,#11742,.T.);
#11738 = VERTEX_POINT('',#11739);
#11739 = CARTESIAN_POINT('',(-0.6,-3.,4.525806451613));
#11740 = VERTEX_POINT('',#11741);
#11741 = CARTESIAN_POINT('',(-0.6,-3.,6.6));
#11742 = SURFACE_CURVE('',#11743,(#11747,#11753),.PCURVE_S1.);
#11743 = LINE('',#11744,#11745);
#11744 = CARTESIAN_POINT('',(-0.6,-3.,0.75));
#11745 = VECTOR('',#11746,1.);
#11746 = DIRECTION('',(0.,0.,1.));
#11747 = PCURVE('',#11656,#11748);
#11748 = DEFINITIONAL_REPRESENTATION('',(#11749),#11752);
#11749 = B_SPLINE_CURVE_WITH_KNOTS('',1,(#11750,#11751),.UNSPECIFIED.,
  .F.,.F.,(2,2),(3.65,5.85),.PIECEWISE_BEZIER_KNOTS.);
#11750 = CARTESIAN_POINT('',(7.3,-18.85));
#11751 = CARTESIAN_POINT('',(9.5,-18.85));
#11752 = ( GEOMETRIC_REPRESENTATION_CONTEXT(2) 
PARAMETRIC_REPRESENTATION_CONTEXT() REPRESENTATION_CONTEXT('2D SPACE',''
  ) );
#11753 = PCURVE('',#1792,#11754);
#11754 = DEFINITIONAL_REPRESENTATION('',(#11755),#11758);
#11755 = B_SPLINE_CURVE_WITH_KNOTS('',1,(#11756,#11757),.UNSPECIFIED.,
  .F.,.F.,(2,2),(3.65,5.85),.PIECEWISE_BEZIER_KNOTS.);
#11756 = CARTESIAN_POINT('',(0.,1.9));
#11757 = CARTESIAN_POINT('',(2.2,1.9));
#11758 = ( GEOMETRIC_REPRESENTATION_CONTEXT(2) 
PARAMETRIC_REPRESENTATION_CONTEXT() REPRESENTATION_CONTEXT('2D SPACE',''
  ) );
#11759 = ORIENTED_EDGE('',*,*,#11760,.T.);
#11760 = EDGE_CURVE('',#11738,#11639,#11761,.T.);
#11761 = SURFACE_CURVE('',#11762,(#11766,#11772),.PCURVE_S1.);
#11762 = LINE('',#11763,#11764);
#11763 = CARTESIAN_POINT('',(-0.6,-5.925,4.525806451613));
#11764 = VECTOR('',#11765,1.);
#11765 = DIRECTION('',(0.,1.,0.));
#11766 = PCURVE('',#11656,#11767);
#11767 = DEFINITIONAL_REPRESENTATION('',(#11768),#11771);
#11768 = B_SPLINE_CURVE_WITH_KNOTS('',1,(#11769,#11770),.UNSPECIFIED.,
  .F.,.F.,(2,2),(2.925,6.625),.PIECEWISE_BEZIER_KNOTS.);
#11769 = CARTESIAN_POINT('',(7.425806451613,-18.85));
#11770 = CARTESIAN_POINT('',(7.425806451613,-22.55));
#11771 = ( GEOMETRIC_REPRESENTATION_CONTEXT(2) 
PARAMETRIC_REPRESENTATION_CONTEXT() REPRESENTATION_CONTEXT('2D SPACE',''
  ) );
#11772 = PCURVE('',#305,#11773);
#11773 = DEFINITIONAL_REPRESENTATION('',(#11774),#11777);
#11774 = B_SPLINE_CURVE_WITH_KNOTS('',1,(#11775,#11776),.UNSPECIFIED.,
  .F.,.F.,(2,2),(2.925,6.625),.PIECEWISE_BEZIER_KNOTS.);
#11775 = CARTESIAN_POINT('',(0.735519240802,-13.));
#11776 = CARTESIAN_POINT('',(0.735519240802,-9.3));
#11777 = ( GEOMETRIC_REPRESENTATION_CONTEXT(2) 
PARAMETRIC_REPRESENTATION_CONTEXT() REPRESENTATION_CONTEXT('2D SPACE',''
  ) );
#11778 = ORIENTED_EDGE('',*,*,#11638,.T.);
#11779 = ORIENTED_EDGE('',*,*,#11780,.F.);
#11780 = EDGE_CURVE('',#11740,#11641,#11781,.T.);
#11781 = SURFACE_CURVE('',#11782,(#11786,#11793),.PCURVE_S1.);
#11782 = LINE('',#11783,#11784);
#11783 = CARTESIAN_POINT('',(-0.6,-21.85,6.6));
#11784 = VECTOR('',#11785,1.);
#11785 = DIRECTION('',(0.,1.,0.));
#11786 = PCURVE('',#11656,#11787);
#11787 = DEFINITIONAL_REPRESENTATION('',(#11788),#11792);
#11788 = LINE('',#11789,#11790);
#11789 = CARTESIAN_POINT('',(9.5,0.));
#11790 = VECTOR('',#11791,1.);
#11791 = DIRECTION('',(0.,-1.));
#11792 = ( GEOMETRIC_REPRESENTATION_CONTEXT(2) 
PARAMETRIC_REPRESENTATION_CONTEXT() REPRESENTATION_CONTEXT('2D SPACE',''
  ) );
#11793 = PCURVE('',#2335,#11794);
#11794 = DEFINITIONAL_REPRESENTATION('',(#11795),#11799);
#11795 = LINE('',#11796,#11797);
#11796 = CARTESIAN_POINT('',(0.,0.));
#11797 = VECTOR('',#11798,1.);
#11798 = DIRECTION('',(0.,1.));
#11799 = ( GEOMETRIC_REPRESENTATION_CONTEXT(2) 
PARAMETRIC_REPRESENTATION_CONTEXT() REPRESENTATION_CONTEXT('2D SPACE',''
  ) );
#11800 = ADVANCED_FACE('',(#11801),#6290,.F.);
#11801 = FACE_BOUND('',#11802,.F.);
#11802 = EDGE_LOOP('',(#11803,#11833,#11861,#11887,#11913,#11934,#11935,
    #11936));
#11803 = ORIENTED_EDGE('',*,*,#11804,.F.);
#11804 = EDGE_CURVE('',#11805,#11807,#11809,.T.);
#11805 = VERTEX_POINT('',#11806);
#11806 = CARTESIAN_POINT('',(11.,-0.55,1.8));
#11807 = VERTEX_POINT('',#11808);
#11808 = CARTESIAN_POINT('',(11.,-0.55,6.6));
#11809 = SURFACE_CURVE('',#11810,(#11814,#11821),.PCURVE_S1.);
#11810 = LINE('',#11811,#11812);
#11811 = CARTESIAN_POINT('',(11.,-0.55,1.8));
#11812 = VECTOR('',#11813,1.);
#11813 = DIRECTION('',(0.,0.,1.));
#11814 = PCURVE('',#6290,#11815);
#11815 = DEFINITIONAL_REPRESENTATION('',(#11816),#11820);
#11816 = LINE('',#11817,#11818);
#11817 = CARTESIAN_POINT('',(0.,0.));
#11818 = VECTOR('',#11819,1.);
#11819 = DIRECTION('',(1.,0.));
#11820 = ( GEOMETRIC_REPRESENTATION_CONTEXT(2) 
PARAMETRIC_REPRESENTATION_CONTEXT() REPRESENTATION_CONTEXT('2D SPACE',''
  ) );
#11821 = PCURVE('',#11822,#11827);
#11822 = PLANE('',#11823);
#11823 = AXIS2_PLACEMENT_3D('',#11824,#11825,#11826);
#11824 = CARTESIAN_POINT('',(11.,-0.55,1.8));
#11825 = DIRECTION('',(0.,1.,0.));
#11826 = DIRECTION('',(0.,0.,1.));
#11827 = DEFINITIONAL_REPRESENTATION('',(#11828),#11832);
#11828 = LINE('',#11829,#11830);
#11829 = CARTESIAN_POINT('',(0.,0.));
#11830 = VECTOR('',#11831,1.);
#11831 = DIRECTION('',(1.,0.));
#11832 = ( GEOMETRIC_REPRESENTATION_CONTEXT(2) 
PARAMETRIC_REPRESENTATION_CONTEXT() REPRESENTATION_CONTEXT('2D SPACE',''
  ) );
#11833 = ORIENTED_EDGE('',*,*,#11834,.T.);
#11834 = EDGE_CURVE('',#11805,#11835,#11837,.T.);
#11835 = VERTEX_POINT('',#11836);
#11836 = CARTESIAN_POINT('',(11.,0.12,1.8));
#11837 = SURFACE_CURVE('',#11838,(#11842,#11849),.PCURVE_S1.);
#11838 = LINE('',#11839,#11840);
#11839 = CARTESIAN_POINT('',(11.,-0.55,1.8));
#11840 = VECTOR('',#11841,1.);
#11841 = DIRECTION('',(0.,1.,0.));
#11842 = PCURVE('',#6290,#11843);
#11843 = DEFINITIONAL_REPRESENTATION('',(#11844),#11848);
#11844 = LINE('',#11845,#11846);
#11845 = CARTESIAN_POINT('',(0.,0.));
#11846 = VECTOR('',#11847,1.);
#11847 = DIRECTION('',(0.,-1.));
#11848 = ( GEOMETRIC_REPRESENTATION_CONTEXT(2) 
PARAMETRIC_REPRESENTATION_CONTEXT() REPRESENTATION_CONTEXT('2D SPACE',''
  ) );
#11849 = PCURVE('',#11850,#11855);
#11850 = PLANE('',#11851);
#11851 = AXIS2_PLACEMENT_3D('',#11852,#11853,#11854);
#11852 = CARTESIAN_POINT('',(11.,-0.55,1.8));
#11853 = DIRECTION('',(0.,0.,1.));
#11854 = DIRECTION('',(1.,0.,0.));
#11855 = DEFINITIONAL_REPRESENTATION('',(#11856),#11860);
#11856 = LINE('',#11857,#11858);
#11857 = CARTESIAN_POINT('',(0.,0.));
#11858 = VECTOR('',#11859,1.);
#11859 = DIRECTION('',(0.,1.));
#11860 = ( GEOMETRIC_REPRESENTATION_CONTEXT(2) 
PARAMETRIC_REPRESENTATION_CONTEXT() REPRESENTATION_CONTEXT('2D SPACE',''
  ) );
#11861 = ORIENTED_EDGE('',*,*,#11862,.T.);
#11862 = EDGE_CURVE('',#11835,#11863,#11865,.T.);
#11863 = VERTEX_POINT('',#11864);
#11864 = CARTESIAN_POINT('',(11.,0.12,2.55));
#11865 = SURFACE_CURVE('',#11866,(#11870,#11876),.PCURVE_S1.);
#11866 = LINE('',#11867,#11868);
#11867 = CARTESIAN_POINT('',(11.,0.12,1.775));
#11868 = VECTOR('',#11869,1.);
#11869 = DIRECTION('',(0.,0.,1.));
#11870 = PCURVE('',#6290,#11871);
#11871 = DEFINITIONAL_REPRESENTATION('',(#11872),#11875);
#11872 = B_SPLINE_CURVE_WITH_KNOTS('',1,(#11873,#11874),.UNSPECIFIED.,
  .F.,.F.,(2,2),(2.5E-02,0.775),.PIECEWISE_BEZIER_KNOTS.);
#11873 = CARTESIAN_POINT('',(0.,-0.67));
#11874 = CARTESIAN_POINT('',(0.75,-0.67));
#11875 = ( GEOMETRIC_REPRESENTATION_CONTEXT(2) 
PARAMETRIC_REPRESENTATION_CONTEXT() REPRESENTATION_CONTEXT('2D SPACE',''
  ) );
#11876 = PCURVE('',#11877,#11882);
#11877 = PLANE('',#11878);
#11878 = AXIS2_PLACEMENT_3D('',#11879,#11880,#11881);
#11879 = CARTESIAN_POINT('',(10.8,0.12,1.75));
#11880 = DIRECTION('',(0.,1.,0.));
#11881 = DIRECTION('',(0.,0.,1.));
#11882 = DEFINITIONAL_REPRESENTATION('',(#11883),#11886);
#11883 = B_SPLINE_CURVE_WITH_KNOTS('',1,(#11884,#11885),.UNSPECIFIED.,
  .F.,.F.,(2,2),(2.5E-02,0.775),.PIECEWISE_BEZIER_KNOTS.);
#11884 = CARTESIAN_POINT('',(5.E-02,0.2));
#11885 = CARTESIAN_POINT('',(0.8,0.2));
#11886 = ( GEOMETRIC_REPRESENTATION_CONTEXT(2) 
PARAMETRIC_REPRESENTATION_CONTEXT() REPRESENTATION_CONTEXT('2D SPACE',''
  ) );
#11887 = ORIENTED_EDGE('',*,*,#11888,.F.);
#11888 = EDGE_CURVE('',#11889,#11863,#11891,.T.);
#11889 = VERTEX_POINT('',#11890);
#11890 = CARTESIAN_POINT('',(11.,1.15,2.55));
#11891 = SURFACE_CURVE('',#11892,(#11896,#11902),.PCURVE_S1.);
#11892 = LINE('',#11893,#11894);
#11893 = CARTESIAN_POINT('',(11.,-0.215,2.55));
#11894 = VECTOR('',#11895,1.);
#11895 = DIRECTION('',(0.,-1.,0.));
#11896 = PCURVE('',#6290,#11897);
#11897 = DEFINITIONAL_REPRESENTATION('',(#11898),#11901);
#11898 = B_SPLINE_CURVE_WITH_KNOTS('',1,(#11899,#11900),.UNSPECIFIED.,
  .F.,.F.,(2,2),(-1.365,-0.335),.PIECEWISE_BEZIER_KNOTS.);
#11899 = CARTESIAN_POINT('',(0.75,-1.7));
#11900 = CARTESIAN_POINT('',(0.75,-0.67));
#11901 = ( GEOMETRIC_REPRESENTATION_CONTEXT(2) 
PARAMETRIC_REPRESENTATION_CONTEXT() REPRESENTATION_CONTEXT('2D SPACE',''
  ) );
#11902 = PCURVE('',#11903,#11908);
#11903 = PLANE('',#11904);
#11904 = AXIS2_PLACEMENT_3D('',#11905,#11906,#11907);
#11905 = CARTESIAN_POINT('',(10.8,0.12,2.55));
#11906 = DIRECTION('',(0.,0.,1.));
#11907 = DIRECTION('',(1.,0.,0.));
#11908 = DEFINITIONAL_REPRESENTATION('',(#11909),#11912);
#11909 = B_SPLINE_CURVE_WITH_KNOTS('',1,(#11910,#11911),.UNSPECIFIED.,
  .F.,.F.,(2,2),(-1.365,-0.335),.PIECEWISE_BEZIER_KNOTS.);
#11910 = CARTESIAN_POINT('',(0.2,1.03));
#11911 = CARTESIAN_POINT('',(0.2,0.));
#11912 = ( GEOMETRIC_REPRESENTATION_CONTEXT(2) 
PARAMETRIC_REPRESENTATION_CONTEXT() REPRESENTATION_CONTEXT('2D SPACE',''
  ) );
#11913 = ORIENTED_EDGE('',*,*,#11914,.T.);
#11914 = EDGE_CURVE('',#11889,#6276,#11915,.T.);
#11915 = SURFACE_CURVE('',#11916,(#11920,#11927),.PCURVE_S1.);
#11916 = LINE('',#11917,#11918);
#11917 = CARTESIAN_POINT('',(11.,1.15,1.8));
#11918 = VECTOR('',#11919,1.);
#11919 = DIRECTION('',(0.,0.,1.));
#11920 = PCURVE('',#6290,#11921);
#11921 = DEFINITIONAL_REPRESENTATION('',(#11922),#11926);
#11922 = LINE('',#11923,#11924);
#11923 = CARTESIAN_POINT('',(0.,-1.7));
#11924 = VECTOR('',#11925,1.);
#11925 = DIRECTION('',(1.,0.));
#11926 = ( GEOMETRIC_REPRESENTATION_CONTEXT(2) 
PARAMETRIC_REPRESENTATION_CONTEXT() REPRESENTATION_CONTEXT('2D SPACE',''
  ) );
#11927 = PCURVE('',#6316,#11928);
#11928 = DEFINITIONAL_REPRESENTATION('',(#11929),#11933);
#11929 = LINE('',#11930,#11931);
#11930 = CARTESIAN_POINT('',(0.,0.));
#11931 = VECTOR('',#11932,1.);
#11932 = DIRECTION('',(1.,0.));
#11933 = ( GEOMETRIC_REPRESENTATION_CONTEXT(2) 
PARAMETRIC_REPRESENTATION_CONTEXT() REPRESENTATION_CONTEXT('2D SPACE',''
  ) );
#11934 = ORIENTED_EDGE('',*,*,#6275,.F.);
#11935 = ORIENTED_EDGE('',*,*,#11691,.F.);
#11936 = ORIENTED_EDGE('',*,*,#11937,.F.);
#11937 = EDGE_CURVE('',#11807,#11669,#11938,.T.);
#11938 = SURFACE_CURVE('',#11939,(#11943,#11949),.PCURVE_S1.);
#11939 = LINE('',#11940,#11941);
#11940 = CARTESIAN_POINT('',(11.,-11.2,6.6));
#11941 = VECTOR('',#11942,1.);
#11942 = DIRECTION('',(0.,1.,0.));
#11943 = PCURVE('',#6290,#11944);
#11944 = DEFINITIONAL_REPRESENTATION('',(#11945),#11948);
#11945 = B_SPLINE_CURVE_WITH_KNOTS('',1,(#11946,#11947),.UNSPECIFIED.,
  .F.,.F.,(2,2),(10.65,11.9),.PIECEWISE_BEZIER_KNOTS.);
#11946 = CARTESIAN_POINT('',(4.8,0.));
#11947 = CARTESIAN_POINT('',(4.8,-1.25));
#11948 = ( GEOMETRIC_REPRESENTATION_CONTEXT(2) 
PARAMETRIC_REPRESENTATION_CONTEXT() REPRESENTATION_CONTEXT('2D SPACE',''
  ) );
#11949 = PCURVE('',#2335,#11950);
#11950 = DEFINITIONAL_REPRESENTATION('',(#11951),#11954);
#11951 = B_SPLINE_CURVE_WITH_KNOTS('',1,(#11952,#11953),.UNSPECIFIED.,
  .F.,.F.,(2,2),(10.65,11.9),.PIECEWISE_BEZIER_KNOTS.);
#11952 = CARTESIAN_POINT('',(11.6,21.3));
#11953 = CARTESIAN_POINT('',(11.6,22.55));
#11954 = ( GEOMETRIC_REPRESENTATION_CONTEXT(2) 
PARAMETRIC_REPRESENTATION_CONTEXT() REPRESENTATION_CONTEXT('2D SPACE',''
  ) );
#11955 = ADVANCED_FACE('',(#11956),#11850,.F.);
#11956 = FACE_BOUND('',#11957,.F.);
#11957 = EDGE_LOOP('',(#11958,#11959,#11982,#12005));
#11958 = ORIENTED_EDGE('',*,*,#11834,.F.);
#11959 = ORIENTED_EDGE('',*,*,#11960,.T.);
#11960 = EDGE_CURVE('',#11805,#11961,#11963,.T.);
#11961 = VERTEX_POINT('',#11962);
#11962 = CARTESIAN_POINT('',(13.,-0.55,1.8));
#11963 = SURFACE_CURVE('',#11964,(#11968,#11975),.PCURVE_S1.);
#11964 = LINE('',#11965,#11966);
#11965 = CARTESIAN_POINT('',(11.,-0.55,1.8));
#11966 = VECTOR('',#11967,1.);
#11967 = DIRECTION('',(1.,0.,0.));
#11968 = PCURVE('',#11850,#11969);
#11969 = DEFINITIONAL_REPRESENTATION('',(#11970),#11974);
#11970 = LINE('',#11971,#11972);
#11971 = CARTESIAN_POINT('',(0.,0.));
#11972 = VECTOR('',#11973,1.);
#11973 = DIRECTION('',(1.,0.));
#11974 = ( GEOMETRIC_REPRESENTATION_CONTEXT(2) 
PARAMETRIC_REPRESENTATION_CONTEXT() REPRESENTATION_CONTEXT('2D SPACE',''
  ) );
#11975 = PCURVE('',#11822,#11976);
#11976 = DEFINITIONAL_REPRESENTATION('',(#11977),#11981);
#11977 = LINE('',#11978,#11979);
#11978 = CARTESIAN_POINT('',(0.,0.));
#11979 = VECTOR('',#11980,1.);
#11980 = DIRECTION('',(0.,1.));
#11981 = ( GEOMETRIC_REPRESENTATION_CONTEXT(2) 
PARAMETRIC_REPRESENTATION_CONTEXT() REPRESENTATION_CONTEXT('2D SPACE',''
  ) );
#11982 = ORIENTED_EDGE('',*,*,#11983,.T.);
#11983 = EDGE_CURVE('',#11961,#11984,#11986,.T.);
#11984 = VERTEX_POINT('',#11985);
#11985 = CARTESIAN_POINT('',(13.,0.12,1.8));
#11986 = SURFACE_CURVE('',#11987,(#11991,#11998),.PCURVE_S1.);
#11987 = LINE('',#11988,#11989);
#11988 = CARTESIAN_POINT('',(13.,-0.55,1.8));
#11989 = VECTOR('',#11990,1.);
#11990 = DIRECTION('',(0.,1.,0.));
#11991 = PCURVE('',#11850,#11992);
#11992 = DEFINITIONAL_REPRESENTATION('',(#11993),#11997);
#11993 = LINE('',#11994,#11995);
#11994 = CARTESIAN_POINT('',(2.,0.));
#11995 = VECTOR('',#11996,1.);
#11996 = DIRECTION('',(0.,1.));
#11997 = ( GEOMETRIC_REPRESENTATION_CONTEXT(2) 
PARAMETRIC_REPRESENTATION_CONTEXT() REPRESENTATION_CONTEXT('2D SPACE',''
  ) );
#11998 = PCURVE('',#6342,#11999);
#11999 = DEFINITIONAL_REPRESENTATION('',(#12000),#12004);
#12000 = LINE('',#12001,#12002);
#12001 = CARTESIAN_POINT('',(0.,0.));
#12002 = VECTOR('',#12003,1.);
#12003 = DIRECTION('',(0.,-1.));
#12004 = ( GEOMETRIC_REPRESENTATION_CONTEXT(2) 
PARAMETRIC_REPRESENTATION_CONTEXT() REPRESENTATION_CONTEXT('2D SPACE',''
  ) );
#12005 = ORIENTED_EDGE('',*,*,#12006,.T.);
#12006 = EDGE_CURVE('',#11984,#11835,#12007,.T.);
#12007 = SURFACE_CURVE('',#12008,(#12012,#12018),.PCURVE_S1.);
#12008 = LINE('',#12009,#12010);
#12009 = CARTESIAN_POINT('',(10.9,0.12,1.8));
#12010 = VECTOR('',#12011,1.);
#12011 = DIRECTION('',(-1.,0.,0.));
#12012 = PCURVE('',#11850,#12013);
#12013 = DEFINITIONAL_REPRESENTATION('',(#12014),#12017);
#12014 = B_SPLINE_CURVE_WITH_KNOTS('',1,(#12015,#12016),.UNSPECIFIED.,
  .F.,.F.,(2,2),(-2.1,-1.E-01),.PIECEWISE_BEZIER_KNOTS.);
#12015 = CARTESIAN_POINT('',(2.,0.67));
#12016 = CARTESIAN_POINT('',(0.,0.67));
#12017 = ( GEOMETRIC_REPRESENTATION_CONTEXT(2) 
PARAMETRIC_REPRESENTATION_CONTEXT() REPRESENTATION_CONTEXT('2D SPACE',''
  ) );
#12018 = PCURVE('',#11877,#12019);
#12019 = DEFINITIONAL_REPRESENTATION('',(#12020),#12023);
#12020 = B_SPLINE_CURVE_WITH_KNOTS('',1,(#12021,#12022),.UNSPECIFIED.,
  .F.,.F.,(2,2),(-2.1,-1.E-01),.PIECEWISE_BEZIER_KNOTS.);
#12021 = CARTESIAN_POINT('',(5.E-02,2.2));
#12022 = CARTESIAN_POINT('',(5.E-02,0.2));
#12023 = ( GEOMETRIC_REPRESENTATION_CONTEXT(2) 
PARAMETRIC_REPRESENTATION_CONTEXT() REPRESENTATION_CONTEXT('2D SPACE',''
  ) );
#12024 = ADVANCED_FACE('',(#12025),#11877,.T.);
#12025 = FACE_BOUND('',#12026,.T.);
#12026 = EDGE_LOOP('',(#12027,#12050,#12069,#12070));
#12027 = ORIENTED_EDGE('',*,*,#12028,.T.);
#12028 = EDGE_CURVE('',#11863,#12029,#12031,.T.);
#12029 = VERTEX_POINT('',#12030);
#12030 = CARTESIAN_POINT('',(13.,0.12,2.55));
#12031 = SURFACE_CURVE('',#12032,(#12036,#12043),.PCURVE_S1.);
#12032 = LINE('',#12033,#12034);
#12033 = CARTESIAN_POINT('',(10.8,0.12,2.55));
#12034 = VECTOR('',#12035,1.);
#12035 = DIRECTION('',(1.,0.,0.));
#12036 = PCURVE('',#11877,#12037);
#12037 = DEFINITIONAL_REPRESENTATION('',(#12038),#12042);
#12038 = LINE('',#12039,#12040);
#12039 = CARTESIAN_POINT('',(0.8,0.));
#12040 = VECTOR('',#12041,1.);
#12041 = DIRECTION('',(0.,1.));
#12042 = ( GEOMETRIC_REPRESENTATION_CONTEXT(2) 
PARAMETRIC_REPRESENTATION_CONTEXT() REPRESENTATION_CONTEXT('2D SPACE',''
  ) );
#12043 = PCURVE('',#11903,#12044);
#12044 = DEFINITIONAL_REPRESENTATION('',(#12045),#12049);
#12045 = LINE('',#12046,#12047);
#12046 = CARTESIAN_POINT('',(0.,0.));
#12047 = VECTOR('',#12048,1.);
#12048 = DIRECTION('',(1.,0.));
#12049 = ( GEOMETRIC_REPRESENTATION_CONTEXT(2) 
PARAMETRIC_REPRESENTATION_CONTEXT() REPRESENTATION_CONTEXT('2D SPACE',''
  ) );
#12050 = ORIENTED_EDGE('',*,*,#12051,.F.);
#12051 = EDGE_CURVE('',#11984,#12029,#12052,.T.);
#12052 = SURFACE_CURVE('',#12053,(#12057,#12063),.PCURVE_S1.);
#12053 = LINE('',#12054,#12055);
#12054 = CARTESIAN_POINT('',(13.,0.12,1.775));
#12055 = VECTOR('',#12056,1.);
#12056 = DIRECTION('',(0.,0.,1.));
#12057 = PCURVE('',#11877,#12058);
#12058 = DEFINITIONAL_REPRESENTATION('',(#12059),#12062);
#12059 = B_SPLINE_CURVE_WITH_KNOTS('',1,(#12060,#12061),.UNSPECIFIED.,
  .F.,.F.,(2,2),(2.5E-02,0.775),.PIECEWISE_BEZIER_KNOTS.);
#12060 = CARTESIAN_POINT('',(5.E-02,2.2));
#12061 = CARTESIAN_POINT('',(0.8,2.2));
#12062 = ( GEOMETRIC_REPRESENTATION_CONTEXT(2) 
PARAMETRIC_REPRESENTATION_CONTEXT() REPRESENTATION_CONTEXT('2D SPACE',''
  ) );
#12063 = PCURVE('',#6342,#12064);
#12064 = DEFINITIONAL_REPRESENTATION('',(#12065),#12068);
#12065 = B_SPLINE_CURVE_WITH_KNOTS('',1,(#12066,#12067),.UNSPECIFIED.,
  .F.,.F.,(2,2),(2.5E-02,0.775),.PIECEWISE_BEZIER_KNOTS.);
#12066 = CARTESIAN_POINT('',(0.,-0.67));
#12067 = CARTESIAN_POINT('',(0.75,-0.67));
#12068 = ( GEOMETRIC_REPRESENTATION_CONTEXT(2) 
PARAMETRIC_REPRESENTATION_CONTEXT() REPRESENTATION_CONTEXT('2D SPACE',''
  ) );
#12069 = ORIENTED_EDGE('',*,*,#12006,.T.);
#12070 = ORIENTED_EDGE('',*,*,#11862,.T.);
#12071 = ADVANCED_FACE('',(#12072),#11903,.F.);
#12072 = FACE_BOUND('',#12073,.F.);
#12073 = EDGE_LOOP('',(#12074,#12075,#12076,#12097));
#12074 = ORIENTED_EDGE('',*,*,#11888,.T.);
#12075 = ORIENTED_EDGE('',*,*,#12028,.T.);
#12076 = ORIENTED_EDGE('',*,*,#12077,.F.);
#12077 = EDGE_CURVE('',#12078,#12029,#12080,.T.);
#12078 = VERTEX_POINT('',#12079);
#12079 = CARTESIAN_POINT('',(13.,1.15,2.55));
#12080 = SURFACE_CURVE('',#12081,(#12085,#12091),.PCURVE_S1.);
#12081 = LINE('',#12082,#12083);
#12082 = CARTESIAN_POINT('',(13.,-0.215,2.55));
#12083 = VECTOR('',#12084,1.);
#12084 = DIRECTION('',(0.,-1.,0.));
#12085 = PCURVE('',#11903,#12086);
#12086 = DEFINITIONAL_REPRESENTATION('',(#12087),#12090);
#12087 = B_SPLINE_CURVE_WITH_KNOTS('',1,(#12088,#12089),.UNSPECIFIED.,
  .F.,.F.,(2,2),(-1.365,-0.335),.PIECEWISE_BEZIER_KNOTS.);
#12088 = CARTESIAN_POINT('',(2.2,1.03));
#12089 = CARTESIAN_POINT('',(2.2,0.));
#12090 = ( GEOMETRIC_REPRESENTATION_CONTEXT(2) 
PARAMETRIC_REPRESENTATION_CONTEXT() REPRESENTATION_CONTEXT('2D SPACE',''
  ) );
#12091 = PCURVE('',#6342,#12092);
#12092 = DEFINITIONAL_REPRESENTATION('',(#12093),#12096);
#12093 = B_SPLINE_CURVE_WITH_KNOTS('',1,(#12094,#12095),.UNSPECIFIED.,
  .F.,.F.,(2,2),(-1.365,-0.335),.PIECEWISE_BEZIER_KNOTS.);
#12094 = CARTESIAN_POINT('',(0.75,-1.7));
#12095 = CARTESIAN_POINT('',(0.75,-0.67));
#12096 = ( GEOMETRIC_REPRESENTATION_CONTEXT(2) 
PARAMETRIC_REPRESENTATION_CONTEXT() REPRESENTATION_CONTEXT('2D SPACE',''
  ) );
#12097 = ORIENTED_EDGE('',*,*,#12098,.F.);
#12098 = EDGE_CURVE('',#11889,#12078,#12099,.T.);
#12099 = SURFACE_CURVE('',#12100,(#12104,#12110),.PCURVE_S1.);
#12100 = LINE('',#12101,#12102);
#12101 = CARTESIAN_POINT('',(10.9,1.15,2.55));
#12102 = VECTOR('',#12103,1.);
#12103 = DIRECTION('',(1.,0.,0.));
#12104 = PCURVE('',#11903,#12105);
#12105 = DEFINITIONAL_REPRESENTATION('',(#12106),#12109);
#12106 = B_SPLINE_CURVE_WITH_KNOTS('',1,(#12107,#12108),.UNSPECIFIED.,
  .F.,.F.,(2,2),(1.E-01,2.1),.PIECEWISE_BEZIER_KNOTS.);
#12107 = CARTESIAN_POINT('',(0.2,1.03));
#12108 = CARTESIAN_POINT('',(2.2,1.03));
#12109 = ( GEOMETRIC_REPRESENTATION_CONTEXT(2) 
PARAMETRIC_REPRESENTATION_CONTEXT() REPRESENTATION_CONTEXT('2D SPACE',''
  ) );
#12110 = PCURVE('',#6316,#12111);
#12111 = DEFINITIONAL_REPRESENTATION('',(#12112),#12115);
#12112 = B_SPLINE_CURVE_WITH_KNOTS('',1,(#12113,#12114),.UNSPECIFIED.,
  .F.,.F.,(2,2),(1.E-01,2.1),.PIECEWISE_BEZIER_KNOTS.);
#12113 = CARTESIAN_POINT('',(0.75,0.));
#12114 = CARTESIAN_POINT('',(0.75,2.));
#12115 = ( GEOMETRIC_REPRESENTATION_CONTEXT(2) 
PARAMETRIC_REPRESENTATION_CONTEXT() REPRESENTATION_CONTEXT('2D SPACE',''
  ) );
#12116 = ADVANCED_FACE('',(#12117),#11822,.F.);
#12117 = FACE_BOUND('',#12118,.F.);
#12118 = EDGE_LOOP('',(#12119,#12142,#12143,#12144));
#12119 = ORIENTED_EDGE('',*,*,#12120,.F.);
#12120 = EDGE_CURVE('',#11961,#12121,#12123,.T.);
#12121 = VERTEX_POINT('',#12122);
#12122 = CARTESIAN_POINT('',(13.,-0.55,6.6));
#12123 = SURFACE_CURVE('',#12124,(#12128,#12135),.PCURVE_S1.);
#12124 = LINE('',#12125,#12126);
#12125 = CARTESIAN_POINT('',(13.,-0.55,1.8));
#12126 = VECTOR('',#12127,1.);
#12127 = DIRECTION('',(0.,0.,1.));
#12128 = PCURVE('',#11822,#12129);
#12129 = DEFINITIONAL_REPRESENTATION('',(#12130),#12134);
#12130 = LINE('',#12131,#12132);
#12131 = CARTESIAN_POINT('',(0.,2.));
#12132 = VECTOR('',#12133,1.);
#12133 = DIRECTION('',(1.,0.));
#12134 = ( GEOMETRIC_REPRESENTATION_CONTEXT(2) 
PARAMETRIC_REPRESENTATION_CONTEXT() REPRESENTATION_CONTEXT('2D SPACE',''
  ) );
#12135 = PCURVE('',#6342,#12136);
#12136 = DEFINITIONAL_REPRESENTATION('',(#12137),#12141);
#12137 = LINE('',#12138,#12139);
#12138 = CARTESIAN_POINT('',(0.,0.));
#12139 = VECTOR('',#12140,1.);
#12140 = DIRECTION('',(1.,0.));
#12141 = ( GEOMETRIC_REPRESENTATION_CONTEXT(2) 
PARAMETRIC_REPRESENTATION_CONTEXT() REPRESENTATION_CONTEXT('2D SPACE',''
  ) );
#12142 = ORIENTED_EDGE('',*,*,#11960,.F.);
#12143 = ORIENTED_EDGE('',*,*,#11804,.T.);
#12144 = ORIENTED_EDGE('',*,*,#12145,.F.);
#12145 = EDGE_CURVE('',#12121,#11807,#12146,.T.);
#12146 = SURFACE_CURVE('',#12147,(#12151,#12157),.PCURVE_S1.);
#12147 = LINE('',#12148,#12149);
#12148 = CARTESIAN_POINT('',(5.2,-0.55,6.6));
#12149 = VECTOR('',#12150,1.);
#12150 = DIRECTION('',(-1.,0.,0.));
#12151 = PCURVE('',#11822,#12152);
#12152 = DEFINITIONAL_REPRESENTATION('',(#12153),#12156);
#12153 = B_SPLINE_CURVE_WITH_KNOTS('',1,(#12154,#12155),.UNSPECIFIED.,
  .F.,.F.,(2,2),(-7.8,-5.8),.PIECEWISE_BEZIER_KNOTS.);
#12154 = CARTESIAN_POINT('',(4.8,2.));
#12155 = CARTESIAN_POINT('',(4.8,0.));
#12156 = ( GEOMETRIC_REPRESENTATION_CONTEXT(2) 
PARAMETRIC_REPRESENTATION_CONTEXT() REPRESENTATION_CONTEXT('2D SPACE',''
  ) );
#12157 = PCURVE('',#2335,#12158);
#12158 = DEFINITIONAL_REPRESENTATION('',(#12159),#12162);
#12159 = B_SPLINE_CURVE_WITH_KNOTS('',1,(#12160,#12161),.UNSPECIFIED.,
  .F.,.F.,(2,2),(-7.8,-5.8),.PIECEWISE_BEZIER_KNOTS.);
#12160 = CARTESIAN_POINT('',(13.6,21.3));
#12161 = CARTESIAN_POINT('',(11.6,21.3));
#12162 = ( GEOMETRIC_REPRESENTATION_CONTEXT(2) 
PARAMETRIC_REPRESENTATION_CONTEXT() REPRESENTATION_CONTEXT('2D SPACE',''
  ) );
#12163 = ADVANCED_FACE('',(#12164),#6316,.T.);
#12164 = FACE_BOUND('',#12165,.T.);
#12165 = EDGE_LOOP('',(#12166,#12187,#12188,#12189));
#12166 = ORIENTED_EDGE('',*,*,#12167,.F.);
#12167 = EDGE_CURVE('',#12078,#6302,#12168,.T.);
#12168 = SURFACE_CURVE('',#12169,(#12173,#12180),.PCURVE_S1.);
#12169 = LINE('',#12170,#12171);
#12170 = CARTESIAN_POINT('',(13.,1.15,1.8));
#12171 = VECTOR('',#12172,1.);
#12172 = DIRECTION('',(0.,0.,1.));
#12173 = PCURVE('',#6316,#12174);
#12174 = DEFINITIONAL_REPRESENTATION('',(#12175),#12179);
#12175 = LINE('',#12176,#12177);
#12176 = CARTESIAN_POINT('',(0.,2.));
#12177 = VECTOR('',#12178,1.);
#12178 = DIRECTION('',(1.,0.));
#12179 = ( GEOMETRIC_REPRESENTATION_CONTEXT(2) 
PARAMETRIC_REPRESENTATION_CONTEXT() REPRESENTATION_CONTEXT('2D SPACE',''
  ) );
#12180 = PCURVE('',#6342,#12181);
#12181 = DEFINITIONAL_REPRESENTATION('',(#12182),#12186);
#12182 = LINE('',#12183,#12184);
#12183 = CARTESIAN_POINT('',(0.,-1.7));
#12184 = VECTOR('',#12185,1.);
#12185 = DIRECTION('',(1.,0.));
#12186 = ( GEOMETRIC_REPRESENTATION_CONTEXT(2) 
PARAMETRIC_REPRESENTATION_CONTEXT() REPRESENTATION_CONTEXT('2D SPACE',''
  ) );
#12187 = ORIENTED_EDGE('',*,*,#12098,.F.);
#12188 = ORIENTED_EDGE('',*,*,#11914,.T.);
#12189 = ORIENTED_EDGE('',*,*,#6301,.F.);
#12190 = ADVANCED_FACE('',(#12191),#6342,.T.);
#12191 = FACE_BOUND('',#12192,.T.);
#12192 = EDGE_LOOP('',(#12193,#12194,#12195,#12196,#12197,#12198,#12199,
    #12220));
#12193 = ORIENTED_EDGE('',*,*,#12120,.F.);
#12194 = ORIENTED_EDGE('',*,*,#11983,.T.);
#12195 = ORIENTED_EDGE('',*,*,#12051,.T.);
#12196 = ORIENTED_EDGE('',*,*,#12077,.F.);
#12197 = ORIENTED_EDGE('',*,*,#12167,.T.);
#12198 = ORIENTED_EDGE('',*,*,#6327,.F.);
#12199 = ORIENTED_EDGE('',*,*,#12200,.F.);
#12200 = EDGE_CURVE('',#12201,#6328,#12203,.T.);
#12201 = VERTEX_POINT('',#12202);
#12202 = CARTESIAN_POINT('',(13.,0.7,6.6));
#12203 = SURFACE_CURVE('',#12204,(#12208,#12214),.PCURVE_S1.);
#12204 = LINE('',#12205,#12206);
#12205 = CARTESIAN_POINT('',(13.,0.7,-0.55));
#12206 = VECTOR('',#12207,1.);
#12207 = DIRECTION('',(0.,0.,-1.));
#12208 = PCURVE('',#6342,#12209);
#12209 = DEFINITIONAL_REPRESENTATION('',(#12210),#12213);
#12210 = B_SPLINE_CURVE_WITH_KNOTS('',1,(#12211,#12212),.UNSPECIFIED.,
  .F.,.F.,(2,2),(-7.15,-4.95),.PIECEWISE_BEZIER_KNOTS.);
#12211 = CARTESIAN_POINT('',(4.8,-1.25));
#12212 = CARTESIAN_POINT('',(2.6,-1.25));
#12213 = ( GEOMETRIC_REPRESENTATION_CONTEXT(2) 
PARAMETRIC_REPRESENTATION_CONTEXT() REPRESENTATION_CONTEXT('2D SPACE',''
  ) );
#12214 = PCURVE('',#6368,#12215);
#12215 = DEFINITIONAL_REPRESENTATION('',(#12216),#12219);
#12216 = B_SPLINE_CURVE_WITH_KNOTS('',1,(#12217,#12218),.UNSPECIFIED.,
  .F.,.F.,(2,2),(-7.15,-4.95),.PIECEWISE_BEZIER_KNOTS.);
#12217 = CARTESIAN_POINT('',(9.5,13.6));
#12218 = CARTESIAN_POINT('',(7.3,13.6));
#12219 = ( GEOMETRIC_REPRESENTATION_CONTEXT(2) 
PARAMETRIC_REPRESENTATION_CONTEXT() REPRESENTATION_CONTEXT('2D SPACE',''
  ) );
#12220 = ORIENTED_EDGE('',*,*,#12221,.F.);
#12221 = EDGE_CURVE('',#12121,#12201,#12222,.T.);
#12222 = SURFACE_CURVE('',#12223,(#12227,#12233),.PCURVE_S1.);
#12223 = LINE('',#12224,#12225);
#12224 = CARTESIAN_POINT('',(13.,-11.2,6.6));
#12225 = VECTOR('',#12226,1.);
#12226 = DIRECTION('',(0.,1.,0.));
#12227 = PCURVE('',#6342,#12228);
#12228 = DEFINITIONAL_REPRESENTATION('',(#12229),#12232);
#12229 = B_SPLINE_CURVE_WITH_KNOTS('',1,(#12230,#12231),.UNSPECIFIED.,
  .F.,.F.,(2,2),(10.65,11.9),.PIECEWISE_BEZIER_KNOTS.);
#12230 = CARTESIAN_POINT('',(4.8,0.));
#12231 = CARTESIAN_POINT('',(4.8,-1.25));
#12232 = ( GEOMETRIC_REPRESENTATION_CONTEXT(2) 
PARAMETRIC_REPRESENTATION_CONTEXT() REPRESENTATION_CONTEXT('2D SPACE',''
  ) );
#12233 = PCURVE('',#2335,#12234);
#12234 = DEFINITIONAL_REPRESENTATION('',(#12235),#12238);
#12235 = B_SPLINE_CURVE_WITH_KNOTS('',1,(#12236,#12237),.UNSPECIFIED.,
  .F.,.F.,(2,2),(10.65,11.9),.PIECEWISE_BEZIER_KNOTS.);
#12236 = CARTESIAN_POINT('',(13.6,21.3));
#12237 = CARTESIAN_POINT('',(13.6,22.55));
#12238 = ( GEOMETRIC_REPRESENTATION_CONTEXT(2) 
PARAMETRIC_REPRESENTATION_CONTEXT() REPRESENTATION_CONTEXT('2D SPACE',''
  ) );
#12239 = ADVANCED_FACE('',(#12240),#6394,.T.);
#12240 = FACE_BOUND('',#12241,.T.);
#12241 = EDGE_LOOP('',(#12242,#12272,#12291,#12292));
#12242 = ORIENTED_EDGE('',*,*,#12243,.F.);
#12243 = EDGE_CURVE('',#12244,#12246,#12248,.T.);
#12244 = VERTEX_POINT('',#12245);
#12245 = CARTESIAN_POINT('',(28.7,0.7,5.45));
#12246 = VERTEX_POINT('',#12247);
#12247 = CARTESIAN_POINT('',(28.7,1.7,5.45));
#12248 = SURFACE_CURVE('',#12249,(#12253,#12260),.PCURVE_S1.);
#12249 = LINE('',#12250,#12251);
#12250 = CARTESIAN_POINT('',(28.7,0.55,5.45));
#12251 = VECTOR('',#12252,1.);
#12252 = DIRECTION('',(0.,1.,0.));
#12253 = PCURVE('',#6394,#12254);
#12254 = DEFINITIONAL_REPRESENTATION('',(#12255),#12259);
#12255 = LINE('',#12256,#12257);
#12256 = CARTESIAN_POINT('',(1.15,0.));
#12257 = VECTOR('',#12258,1.);
#12258 = DIRECTION('',(0.,-1.));
#12259 = ( GEOMETRIC_REPRESENTATION_CONTEXT(2) 
PARAMETRIC_REPRESENTATION_CONTEXT() REPRESENTATION_CONTEXT('2D SPACE',''
  ) );
#12260 = PCURVE('',#12261,#12266);
#12261 = PLANE('',#12262);
#12262 = AXIS2_PLACEMENT_3D('',#12263,#12264,#12265);
#12263 = CARTESIAN_POINT('',(28.7,0.55,5.45));
#12264 = DIRECTION('',(0.,0.,1.));
#12265 = DIRECTION('',(1.,0.,0.));
#12266 = DEFINITIONAL_REPRESENTATION('',(#12267),#12271);
#12267 = LINE('',#12268,#12269);
#12268 = CARTESIAN_POINT('',(0.,0.));
#12269 = VECTOR('',#12270,1.);
#12270 = DIRECTION('',(0.,1.));
#12271 = ( GEOMETRIC_REPRESENTATION_CONTEXT(2) 
PARAMETRIC_REPRESENTATION_CONTEXT() REPRESENTATION_CONTEXT('2D SPACE',''
  ) );
#12272 = ORIENTED_EDGE('',*,*,#12273,.T.);
#12273 = EDGE_CURVE('',#12244,#6354,#12274,.T.);
#12274 = SURFACE_CURVE('',#12275,(#12279,#12285),.PCURVE_S1.);
#12275 = LINE('',#12276,#12277);
#12276 = CARTESIAN_POINT('',(28.7,0.7,0.7));
#12277 = VECTOR('',#12278,1.);
#12278 = DIRECTION('',(0.,0.,-1.));
#12279 = PCURVE('',#6394,#12280);
#12280 = DEFINITIONAL_REPRESENTATION('',(#12281),#12284);
#12281 = B_SPLINE_CURVE_WITH_KNOTS('',1,(#12282,#12283),.UNSPECIFIED.,
  .F.,.F.,(2,2),(-4.75,-3.7),.PIECEWISE_BEZIER_KNOTS.);
#12282 = CARTESIAN_POINT('',(1.15,-0.15));
#12283 = CARTESIAN_POINT('',(0.1,-0.15));
#12284 = ( GEOMETRIC_REPRESENTATION_CONTEXT(2) 
PARAMETRIC_REPRESENTATION_CONTEXT() REPRESENTATION_CONTEXT('2D SPACE',''
  ) );
#12285 = PCURVE('',#6368,#12286);
#12286 = DEFINITIONAL_REPRESENTATION('',(#12287),#12290);
#12287 = B_SPLINE_CURVE_WITH_KNOTS('',1,(#12288,#12289),.UNSPECIFIED.,
  .F.,.F.,(2,2),(-4.75,-3.7),.PIECEWISE_BEZIER_KNOTS.);
#12288 = CARTESIAN_POINT('',(8.35,29.3));
#12289 = CARTESIAN_POINT('',(7.3,29.3));
#12290 = ( GEOMETRIC_REPRESENTATION_CONTEXT(2) 
PARAMETRIC_REPRESENTATION_CONTEXT() REPRESENTATION_CONTEXT('2D SPACE',''
  ) );
#12291 = ORIENTED_EDGE('',*,*,#6379,.T.);
#12292 = ORIENTED_EDGE('',*,*,#12293,.T.);
#12293 = EDGE_CURVE('',#6380,#12246,#12294,.T.);
#12294 = SURFACE_CURVE('',#12295,(#12299,#12306),.PCURVE_S1.);
#12295 = LINE('',#12296,#12297);
#12296 = CARTESIAN_POINT('',(28.7,1.7,4.3));
#12297 = VECTOR('',#12298,1.);
#12298 = DIRECTION('',(0.,0.,1.));
#12299 = PCURVE('',#6394,#12300);
#12300 = DEFINITIONAL_REPRESENTATION('',(#12301),#12305);
#12301 = LINE('',#12302,#12303);
#12302 = CARTESIAN_POINT('',(0.,-1.15));
#12303 = VECTOR('',#12304,1.);
#12304 = DIRECTION('',(1.,0.));
#12305 = ( GEOMETRIC_REPRESENTATION_CONTEXT(2) 
PARAMETRIC_REPRESENTATION_CONTEXT() REPRESENTATION_CONTEXT('2D SPACE',''
  ) );
#12306 = PCURVE('',#6420,#12307);
#12307 = DEFINITIONAL_REPRESENTATION('',(#12308),#12312);
#12308 = LINE('',#12309,#12310);
#12309 = CARTESIAN_POINT('',(0.,0.));
#12310 = VECTOR('',#12311,1.);
#12311 = DIRECTION('',(1.,0.));
#12312 = ( GEOMETRIC_REPRESENTATION_CONTEXT(2) 
PARAMETRIC_REPRESENTATION_CONTEXT() REPRESENTATION_CONTEXT('2D SPACE',''
  ) );
#12313 = ADVANCED_FACE('',(#12314),#12261,.F.);
#12314 = FACE_BOUND('',#12315,.F.);
#12315 = EDGE_LOOP('',(#12316,#12317,#12338,#12361));
#12316 = ORIENTED_EDGE('',*,*,#12243,.F.);
#12317 = ORIENTED_EDGE('',*,*,#12318,.T.);
#12318 = EDGE_CURVE('',#12244,#12319,#12321,.T.);
#12319 = VERTEX_POINT('',#12320);
#12320 = CARTESIAN_POINT('',(39.3,0.7,5.45));
#12321 = SURFACE_CURVE('',#12322,(#12326,#12332),.PCURVE_S1.);
#12322 = LINE('',#12323,#12324);
#12323 = CARTESIAN_POINT('',(14.05,0.7,5.45));
#12324 = VECTOR('',#12325,1.);
#12325 = DIRECTION('',(1.,0.,0.));
#12326 = PCURVE('',#12261,#12327);
#12327 = DEFINITIONAL_REPRESENTATION('',(#12328),#12331);
#12328 = B_SPLINE_CURVE_WITH_KNOTS('',1,(#12329,#12330),.UNSPECIFIED.,
  .F.,.F.,(2,2),(14.65,25.25),.PIECEWISE_BEZIER_KNOTS.);
#12329 = CARTESIAN_POINT('',(0.,0.15));
#12330 = CARTESIAN_POINT('',(10.6,0.15));
#12331 = ( GEOMETRIC_REPRESENTATION_CONTEXT(2) 
PARAMETRIC_REPRESENTATION_CONTEXT() REPRESENTATION_CONTEXT('2D SPACE',''
  ) );
#12332 = PCURVE('',#6368,#12333);
#12333 = DEFINITIONAL_REPRESENTATION('',(#12334),#12337);
#12334 = B_SPLINE_CURVE_WITH_KNOTS('',1,(#12335,#12336),.UNSPECIFIED.,
  .F.,.F.,(2,2),(14.65,25.25),.PIECEWISE_BEZIER_KNOTS.);
#12335 = CARTESIAN_POINT('',(8.35,29.3));
#12336 = CARTESIAN_POINT('',(8.35,39.9));
#12337 = ( GEOMETRIC_REPRESENTATION_CONTEXT(2) 
PARAMETRIC_REPRESENTATION_CONTEXT() REPRESENTATION_CONTEXT('2D SPACE',''
  ) );
#12338 = ORIENTED_EDGE('',*,*,#12339,.T.);
#12339 = EDGE_CURVE('',#12319,#12340,#12342,.T.);
#12340 = VERTEX_POINT('',#12341);
#12341 = CARTESIAN_POINT('',(39.3,1.7,5.45));
#12342 = SURFACE_CURVE('',#12343,(#12347,#12354),.PCURVE_S1.);
#12343 = LINE('',#12344,#12345);
#12344 = CARTESIAN_POINT('',(39.3,0.55,5.45));
#12345 = VECTOR('',#12346,1.);
#12346 = DIRECTION('',(0.,1.,0.));
#12347 = PCURVE('',#12261,#12348);
#12348 = DEFINITIONAL_REPRESENTATION('',(#12349),#12353);
#12349 = LINE('',#12350,#12351);
#12350 = CARTESIAN_POINT('',(10.6,0.));
#12351 = VECTOR('',#12352,1.);
#12352 = DIRECTION('',(0.,1.));
#12353 = ( GEOMETRIC_REPRESENTATION_CONTEXT(2) 
PARAMETRIC_REPRESENTATION_CONTEXT() REPRESENTATION_CONTEXT('2D SPACE',''
  ) );
#12354 = PCURVE('',#6446,#12355);
#12355 = DEFINITIONAL_REPRESENTATION('',(#12356),#12360);
#12356 = LINE('',#12357,#12358);
#12357 = CARTESIAN_POINT('',(1.15,0.));
#12358 = VECTOR('',#12359,1.);
#12359 = DIRECTION('',(0.,-1.));
#12360 = ( GEOMETRIC_REPRESENTATION_CONTEXT(2) 
PARAMETRIC_REPRESENTATION_CONTEXT() REPRESENTATION_CONTEXT('2D SPACE',''
  ) );
#12361 = ORIENTED_EDGE('',*,*,#12362,.F.);
#12362 = EDGE_CURVE('',#12246,#12340,#12363,.T.);
#12363 = SURFACE_CURVE('',#12364,(#12368,#12375),.PCURVE_S1.);
#12364 = LINE('',#12365,#12366);
#12365 = CARTESIAN_POINT('',(28.7,1.7,5.45));
#12366 = VECTOR('',#12367,1.);
#12367 = DIRECTION('',(1.,0.,0.));
#12368 = PCURVE('',#12261,#12369);
#12369 = DEFINITIONAL_REPRESENTATION('',(#12370),#12374);
#12370 = LINE('',#12371,#12372);
#12371 = CARTESIAN_POINT('',(0.,1.15));
#12372 = VECTOR('',#12373,1.);
#12373 = DIRECTION('',(1.,0.));
#12374 = ( GEOMETRIC_REPRESENTATION_CONTEXT(2) 
PARAMETRIC_REPRESENTATION_CONTEXT() REPRESENTATION_CONTEXT('2D SPACE',''
  ) );
#12375 = PCURVE('',#6420,#12376);
#12376 = DEFINITIONAL_REPRESENTATION('',(#12377),#12381);
#12377 = LINE('',#12378,#12379);
#12378 = CARTESIAN_POINT('',(1.15,0.));
#12379 = VECTOR('',#12380,1.);
#12380 = DIRECTION('',(0.,1.));
#12381 = ( GEOMETRIC_REPRESENTATION_CONTEXT(2) 
PARAMETRIC_REPRESENTATION_CONTEXT() REPRESENTATION_CONTEXT('2D SPACE',''
  ) );
#12382 = ADVANCED_FACE('',(#12383),#6420,.F.);
#12383 = FACE_BOUND('',#12384,.F.);
#12384 = EDGE_LOOP('',(#12385,#12406,#12407,#12408));
#12385 = ORIENTED_EDGE('',*,*,#12386,.F.);
#12386 = EDGE_CURVE('',#6406,#12340,#12387,.T.);
#12387 = SURFACE_CURVE('',#12388,(#12392,#12399),.PCURVE_S1.);
#12388 = LINE('',#12389,#12390);
#12389 = CARTESIAN_POINT('',(39.3,1.7,4.3));
#12390 = VECTOR('',#12391,1.);
#12391 = DIRECTION('',(0.,0.,1.));
#12392 = PCURVE('',#6420,#12393);
#12393 = DEFINITIONAL_REPRESENTATION('',(#12394),#12398);
#12394 = LINE('',#12395,#12396);
#12395 = CARTESIAN_POINT('',(0.,10.6));
#12396 = VECTOR('',#12397,1.);
#12397 = DIRECTION('',(1.,0.));
#12398 = ( GEOMETRIC_REPRESENTATION_CONTEXT(2) 
PARAMETRIC_REPRESENTATION_CONTEXT() REPRESENTATION_CONTEXT('2D SPACE',''
  ) );
#12399 = PCURVE('',#6446,#12400);
#12400 = DEFINITIONAL_REPRESENTATION('',(#12401),#12405);
#12401 = LINE('',#12402,#12403);
#12402 = CARTESIAN_POINT('',(0.,-1.15));
#12403 = VECTOR('',#12404,1.);
#12404 = DIRECTION('',(1.,0.));
#12405 = ( GEOMETRIC_REPRESENTATION_CONTEXT(2) 
PARAMETRIC_REPRESENTATION_CONTEXT() REPRESENTATION_CONTEXT('2D SPACE',''
  ) );
#12406 = ORIENTED_EDGE('',*,*,#6405,.T.);
#12407 = ORIENTED_EDGE('',*,*,#12293,.T.);
#12408 = ORIENTED_EDGE('',*,*,#12362,.T.);
#12409 = ADVANCED_FACE('',(#12410),#6446,.F.);
#12410 = FACE_BOUND('',#12411,.F.);
#12411 = EDGE_LOOP('',(#12412,#12413,#12432,#12433));
#12412 = ORIENTED_EDGE('',*,*,#12339,.F.);
#12413 = ORIENTED_EDGE('',*,*,#12414,.T.);
#12414 = EDGE_CURVE('',#12319,#6432,#12415,.T.);
#12415 = SURFACE_CURVE('',#12416,(#12420,#12426),.PCURVE_S1.);
#12416 = LINE('',#12417,#12418);
#12417 = CARTESIAN_POINT('',(39.3,0.7,0.7));
#12418 = VECTOR('',#12419,1.);
#12419 = DIRECTION('',(0.,0.,-1.));
#12420 = PCURVE('',#6446,#12421);
#12421 = DEFINITIONAL_REPRESENTATION('',(#12422),#12425);
#12422 = B_SPLINE_CURVE_WITH_KNOTS('',1,(#12423,#12424),.UNSPECIFIED.,
  .F.,.F.,(2,2),(-4.75,-3.7),.PIECEWISE_BEZIER_KNOTS.);
#12423 = CARTESIAN_POINT('',(1.15,-0.15));
#12424 = CARTESIAN_POINT('',(0.1,-0.15));
#12425 = ( GEOMETRIC_REPRESENTATION_CONTEXT(2) 
PARAMETRIC_REPRESENTATION_CONTEXT() REPRESENTATION_CONTEXT('2D SPACE',''
  ) );
#12426 = PCURVE('',#6368,#12427);
#12427 = DEFINITIONAL_REPRESENTATION('',(#12428),#12431);
#12428 = B_SPLINE_CURVE_WITH_KNOTS('',1,(#12429,#12430),.UNSPECIFIED.,
  .F.,.F.,(2,2),(-4.75,-3.7),.PIECEWISE_BEZIER_KNOTS.);
#12429 = CARTESIAN_POINT('',(8.35,39.9));
#12430 = CARTESIAN_POINT('',(7.3,39.9));
#12431 = ( GEOMETRIC_REPRESENTATION_CONTEXT(2) 
PARAMETRIC_REPRESENTATION_CONTEXT() REPRESENTATION_CONTEXT('2D SPACE',''
  ) );
#12432 = ORIENTED_EDGE('',*,*,#6431,.T.);
#12433 = ORIENTED_EDGE('',*,*,#12386,.T.);
#12434 = ADVANCED_FACE('',(#12435),#6368,.F.);
#12435 = FACE_BOUND('',#12436,.F.);
#12436 = EDGE_LOOP('',(#12437,#12460,#12479,#12480,#12481,#12482,#12483,
    #12484));
#12437 = ORIENTED_EDGE('',*,*,#12438,.T.);
#12438 = EDGE_CURVE('',#12201,#12439,#12441,.T.);
#12439 = VERTEX_POINT('',#12440);
#12440 = CARTESIAN_POINT('',(44.,0.7,6.6));
#12441 = SURFACE_CURVE('',#12442,(#12446,#12453),.PCURVE_S1.);
#12442 = LINE('',#12443,#12444);
#12443 = CARTESIAN_POINT('',(-0.6,0.7,6.6));
#12444 = VECTOR('',#12445,1.);
#12445 = DIRECTION('',(1.,0.,0.));
#12446 = PCURVE('',#6368,#12447);
#12447 = DEFINITIONAL_REPRESENTATION('',(#12448),#12452);
#12448 = LINE('',#12449,#12450);
#12449 = CARTESIAN_POINT('',(9.5,0.));
#12450 = VECTOR('',#12451,1.);
#12451 = DIRECTION('',(0.,1.));
#12452 = ( GEOMETRIC_REPRESENTATION_CONTEXT(2) 
PARAMETRIC_REPRESENTATION_CONTEXT() REPRESENTATION_CONTEXT('2D SPACE',''
  ) );
#12453 = PCURVE('',#2335,#12454);
#12454 = DEFINITIONAL_REPRESENTATION('',(#12455),#12459);
#12455 = LINE('',#12456,#12457);
#12456 = CARTESIAN_POINT('',(0.,22.55));
#12457 = VECTOR('',#12458,1.);
#12458 = DIRECTION('',(1.,0.));
#12459 = ( GEOMETRIC_REPRESENTATION_CONTEXT(2) 
PARAMETRIC_REPRESENTATION_CONTEXT() REPRESENTATION_CONTEXT('2D SPACE',''
  ) );
#12460 = ORIENTED_EDGE('',*,*,#12461,.T.);
#12461 = EDGE_CURVE('',#12439,#6458,#12462,.T.);
#12462 = SURFACE_CURVE('',#12463,(#12467,#12473),.PCURVE_S1.);
#12463 = LINE('',#12464,#12465);
#12464 = CARTESIAN_POINT('',(44.,0.7,-0.55));
#12465 = VECTOR('',#12466,1.);
#12466 = DIRECTION('',(0.,0.,-1.));
#12467 = PCURVE('',#6368,#12468);
#12468 = DEFINITIONAL_REPRESENTATION('',(#12469),#12472);
#12469 = B_SPLINE_CURVE_WITH_KNOTS('',1,(#12470,#12471),.UNSPECIFIED.,
  .F.,.F.,(2,2),(-7.15,-4.95),.PIECEWISE_BEZIER_KNOTS.);
#12470 = CARTESIAN_POINT('',(9.5,44.6));
#12471 = CARTESIAN_POINT('',(7.3,44.6));
#12472 = ( GEOMETRIC_REPRESENTATION_CONTEXT(2) 
PARAMETRIC_REPRESENTATION_CONTEXT() REPRESENTATION_CONTEXT('2D SPACE',''
  ) );
#12473 = PCURVE('',#6493,#12474);
#12474 = DEFINITIONAL_REPRESENTATION('',(#12475),#12478);
#12475 = B_SPLINE_CURVE_WITH_KNOTS('',1,(#12476,#12477),.UNSPECIFIED.,
  .F.,.F.,(2,2),(-7.15,-4.95),.PIECEWISE_BEZIER_KNOTS.);
#12476 = CARTESIAN_POINT('',(4.8,-1.25));
#12477 = CARTESIAN_POINT('',(2.6,-1.25));
#12478 = ( GEOMETRIC_REPRESENTATION_CONTEXT(2) 
PARAMETRIC_REPRESENTATION_CONTEXT() REPRESENTATION_CONTEXT('2D SPACE',''
  ) );
#12479 = ORIENTED_EDGE('',*,*,#6457,.T.);
#12480 = ORIENTED_EDGE('',*,*,#12414,.F.);
#12481 = ORIENTED_EDGE('',*,*,#12318,.F.);
#12482 = ORIENTED_EDGE('',*,*,#12273,.T.);
#12483 = ORIENTED_EDGE('',*,*,#6353,.T.);
#12484 = ORIENTED_EDGE('',*,*,#12200,.F.);
#12485 = ADVANCED_FACE('',(#12486),#6493,.F.);
#12486 = FACE_BOUND('',#12487,.F.);
#12487 = EDGE_LOOP('',(#12488,#12518,#12546,#12572,#12598,#12619,#12620,
    #12621));
#12488 = ORIENTED_EDGE('',*,*,#12489,.F.);
#12489 = EDGE_CURVE('',#12490,#12492,#12494,.T.);
#12490 = VERTEX_POINT('',#12491);
#12491 = CARTESIAN_POINT('',(44.,-0.55,1.8));
#12492 = VERTEX_POINT('',#12493);
#12493 = CARTESIAN_POINT('',(44.,-0.55,6.6));
#12494 = SURFACE_CURVE('',#12495,(#12499,#12506),.PCURVE_S1.);
#12495 = LINE('',#12496,#12497);
#12496 = CARTESIAN_POINT('',(44.,-0.55,1.8));
#12497 = VECTOR('',#12498,1.);
#12498 = DIRECTION('',(0.,0.,1.));
#12499 = PCURVE('',#6493,#12500);
#12500 = DEFINITIONAL_REPRESENTATION('',(#12501),#12505);
#12501 = LINE('',#12502,#12503);
#12502 = CARTESIAN_POINT('',(0.,0.));
#12503 = VECTOR('',#12504,1.);
#12504 = DIRECTION('',(1.,0.));
#12505 = ( GEOMETRIC_REPRESENTATION_CONTEXT(2) 
PARAMETRIC_REPRESENTATION_CONTEXT() REPRESENTATION_CONTEXT('2D SPACE',''
  ) );
#12506 = PCURVE('',#12507,#12512);
#12507 = PLANE('',#12508);
#12508 = AXIS2_PLACEMENT_3D('',#12509,#12510,#12511);
#12509 = CARTESIAN_POINT('',(44.,-0.55,1.8));
#12510 = DIRECTION('',(0.,1.,0.));
#12511 = DIRECTION('',(0.,0.,1.));
#12512 = DEFINITIONAL_REPRESENTATION('',(#12513),#12517);
#12513 = LINE('',#12514,#12515);
#12514 = CARTESIAN_POINT('',(0.,0.));
#12515 = VECTOR('',#12516,1.);
#12516 = DIRECTION('',(1.,0.));
#12517 = ( GEOMETRIC_REPRESENTATION_CONTEXT(2) 
PARAMETRIC_REPRESENTATION_CONTEXT() REPRESENTATION_CONTEXT('2D SPACE',''
  ) );
#12518 = ORIENTED_EDGE('',*,*,#12519,.T.);
#12519 = EDGE_CURVE('',#12490,#12520,#12522,.T.);
#12520 = VERTEX_POINT('',#12521);
#12521 = CARTESIAN_POINT('',(44.,0.12,1.8));
#12522 = SURFACE_CURVE('',#12523,(#12527,#12534),.PCURVE_S1.);
#12523 = LINE('',#12524,#12525);
#12524 = CARTESIAN_POINT('',(44.,-0.55,1.8));
#12525 = VECTOR('',#12526,1.);
#12526 = DIRECTION('',(0.,1.,0.));
#12527 = PCURVE('',#6493,#12528);
#12528 = DEFINITIONAL_REPRESENTATION('',(#12529),#12533);
#12529 = LINE('',#12530,#12531);
#12530 = CARTESIAN_POINT('',(0.,0.));
#12531 = VECTOR('',#12532,1.);
#12532 = DIRECTION('',(0.,-1.));
#12533 = ( GEOMETRIC_REPRESENTATION_CONTEXT(2) 
PARAMETRIC_REPRESENTATION_CONTEXT() REPRESENTATION_CONTEXT('2D SPACE',''
  ) );
#12534 = PCURVE('',#12535,#12540);
#12535 = PLANE('',#12536);
#12536 = AXIS2_PLACEMENT_3D('',#12537,#12538,#12539);
#12537 = CARTESIAN_POINT('',(44.,-0.55,1.8));
#12538 = DIRECTION('',(0.,0.,1.));
#12539 = DIRECTION('',(1.,0.,0.));
#12540 = DEFINITIONAL_REPRESENTATION('',(#12541),#12545);
#12541 = LINE('',#12542,#12543);
#12542 = CARTESIAN_POINT('',(0.,0.));
#12543 = VECTOR('',#12544,1.);
#12544 = DIRECTION('',(0.,1.));
#12545 = ( GEOMETRIC_REPRESENTATION_CONTEXT(2) 
PARAMETRIC_REPRESENTATION_CONTEXT() REPRESENTATION_CONTEXT('2D SPACE',''
  ) );
#12546 = ORIENTED_EDGE('',*,*,#12547,.T.);
#12547 = EDGE_CURVE('',#12520,#12548,#12550,.T.);
#12548 = VERTEX_POINT('',#12549);
#12549 = CARTESIAN_POINT('',(44.,0.12,2.55));
#12550 = SURFACE_CURVE('',#12551,(#12555,#12561),.PCURVE_S1.);
#12551 = LINE('',#12552,#12553);
#12552 = CARTESIAN_POINT('',(44.,0.12,1.775));
#12553 = VECTOR('',#12554,1.);
#12554 = DIRECTION('',(0.,0.,1.));
#12555 = PCURVE('',#6493,#12556);
#12556 = DEFINITIONAL_REPRESENTATION('',(#12557),#12560);
#12557 = B_SPLINE_CURVE_WITH_KNOTS('',1,(#12558,#12559),.UNSPECIFIED.,
  .F.,.F.,(2,2),(2.5E-02,0.775),.PIECEWISE_BEZIER_KNOTS.);
#12558 = CARTESIAN_POINT('',(0.,-0.67));
#12559 = CARTESIAN_POINT('',(0.75,-0.67));
#12560 = ( GEOMETRIC_REPRESENTATION_CONTEXT(2) 
PARAMETRIC_REPRESENTATION_CONTEXT() REPRESENTATION_CONTEXT('2D SPACE',''
  ) );
#12561 = PCURVE('',#12562,#12567);
#12562 = PLANE('',#12563);
#12563 = AXIS2_PLACEMENT_3D('',#12564,#12565,#12566);
#12564 = CARTESIAN_POINT('',(43.8,0.12,1.75));
#12565 = DIRECTION('',(0.,1.,0.));
#12566 = DIRECTION('',(0.,0.,1.));
#12567 = DEFINITIONAL_REPRESENTATION('',(#12568),#12571);
#12568 = B_SPLINE_CURVE_WITH_KNOTS('',1,(#12569,#12570),.UNSPECIFIED.,
  .F.,.F.,(2,2),(2.5E-02,0.775),.PIECEWISE_BEZIER_KNOTS.);
#12569 = CARTESIAN_POINT('',(5.E-02,0.2));
#12570 = CARTESIAN_POINT('',(0.8,0.2));
#12571 = ( GEOMETRIC_REPRESENTATION_CONTEXT(2) 
PARAMETRIC_REPRESENTATION_CONTEXT() REPRESENTATION_CONTEXT('2D SPACE',''
  ) );
#12572 = ORIENTED_EDGE('',*,*,#12573,.F.);
#12573 = EDGE_CURVE('',#12574,#12548,#12576,.T.);
#12574 = VERTEX_POINT('',#12575);
#12575 = CARTESIAN_POINT('',(44.,1.15,2.55));
#12576 = SURFACE_CURVE('',#12577,(#12581,#12587),.PCURVE_S1.);
#12577 = LINE('',#12578,#12579);
#12578 = CARTESIAN_POINT('',(44.,-0.215,2.55));
#12579 = VECTOR('',#12580,1.);
#12580 = DIRECTION('',(0.,-1.,0.));
#12581 = PCURVE('',#6493,#12582);
#12582 = DEFINITIONAL_REPRESENTATION('',(#12583),#12586);
#12583 = B_SPLINE_CURVE_WITH_KNOTS('',1,(#12584,#12585),.UNSPECIFIED.,
  .F.,.F.,(2,2),(-1.365,-0.335),.PIECEWISE_BEZIER_KNOTS.);
#12584 = CARTESIAN_POINT('',(0.75,-1.7));
#12585 = CARTESIAN_POINT('',(0.75,-0.67));
#12586 = ( GEOMETRIC_REPRESENTATION_CONTEXT(2) 
PARAMETRIC_REPRESENTATION_CONTEXT() REPRESENTATION_CONTEXT('2D SPACE',''
  ) );
#12587 = PCURVE('',#12588,#12593);
#12588 = PLANE('',#12589);
#12589 = AXIS2_PLACEMENT_3D('',#12590,#12591,#12592);
#12590 = CARTESIAN_POINT('',(43.8,0.12,2.55));
#12591 = DIRECTION('',(0.,0.,1.));
#12592 = DIRECTION('',(1.,0.,0.));
#12593 = DEFINITIONAL_REPRESENTATION('',(#12594),#12597);
#12594 = B_SPLINE_CURVE_WITH_KNOTS('',1,(#12595,#12596),.UNSPECIFIED.,
  .F.,.F.,(2,2),(-1.365,-0.335),.PIECEWISE_BEZIER_KNOTS.);
#12595 = CARTESIAN_POINT('',(0.2,1.03));
#12596 = CARTESIAN_POINT('',(0.2,0.));
#12597 = ( GEOMETRIC_REPRESENTATION_CONTEXT(2) 
PARAMETRIC_REPRESENTATION_CONTEXT() REPRESENTATION_CONTEXT('2D SPACE',''
  ) );
#12598 = ORIENTED_EDGE('',*,*,#12599,.T.);
#12599 = EDGE_CURVE('',#12574,#6479,#12600,.T.);
#12600 = SURFACE_CURVE('',#12601,(#12605,#12612),.PCURVE_S1.);
#12601 = LINE('',#12602,#12603);
#12602 = CARTESIAN_POINT('',(44.,1.15,1.8));
#12603 = VECTOR('',#12604,1.);
#12604 = DIRECTION('',(0.,0.,1.));
#12605 = PCURVE('',#6493,#12606);
#12606 = DEFINITIONAL_REPRESENTATION('',(#12607),#12611);
#12607 = LINE('',#12608,#12609);
#12608 = CARTESIAN_POINT('',(0.,-1.7));
#12609 = VECTOR('',#12610,1.);
#12610 = DIRECTION('',(1.,0.));
#12611 = ( GEOMETRIC_REPRESENTATION_CONTEXT(2) 
PARAMETRIC_REPRESENTATION_CONTEXT() REPRESENTATION_CONTEXT('2D SPACE',''
  ) );
#12612 = PCURVE('',#6519,#12613);
#12613 = DEFINITIONAL_REPRESENTATION('',(#12614),#12618);
#12614 = LINE('',#12615,#12616);
#12615 = CARTESIAN_POINT('',(0.,0.));
#12616 = VECTOR('',#12617,1.);
#12617 = DIRECTION('',(1.,0.));
#12618 = ( GEOMETRIC_REPRESENTATION_CONTEXT(2) 
PARAMETRIC_REPRESENTATION_CONTEXT() REPRESENTATION_CONTEXT('2D SPACE',''
  ) );
#12619 = ORIENTED_EDGE('',*,*,#6478,.F.);
#12620 = ORIENTED_EDGE('',*,*,#12461,.F.);
#12621 = ORIENTED_EDGE('',*,*,#12622,.F.);
#12622 = EDGE_CURVE('',#12492,#12439,#12623,.T.);
#12623 = SURFACE_CURVE('',#12624,(#12628,#12634),.PCURVE_S1.);
#12624 = LINE('',#12625,#12626);
#12625 = CARTESIAN_POINT('',(44.,-11.2,6.6));
#12626 = VECTOR('',#12627,1.);
#12627 = DIRECTION('',(0.,1.,0.));
#12628 = PCURVE('',#6493,#12629);
#12629 = DEFINITIONAL_REPRESENTATION('',(#12630),#12633);
#12630 = B_SPLINE_CURVE_WITH_KNOTS('',1,(#12631,#12632),.UNSPECIFIED.,
  .F.,.F.,(2,2),(10.65,11.9),.PIECEWISE_BEZIER_KNOTS.);
#12631 = CARTESIAN_POINT('',(4.8,0.));
#12632 = CARTESIAN_POINT('',(4.8,-1.25));
#12633 = ( GEOMETRIC_REPRESENTATION_CONTEXT(2) 
PARAMETRIC_REPRESENTATION_CONTEXT() REPRESENTATION_CONTEXT('2D SPACE',''
  ) );
#12634 = PCURVE('',#2335,#12635);
#12635 = DEFINITIONAL_REPRESENTATION('',(#12636),#12639);
#12636 = B_SPLINE_CURVE_WITH_KNOTS('',1,(#12637,#12638),.UNSPECIFIED.,
  .F.,.F.,(2,2),(10.65,11.9),.PIECEWISE_BEZIER_KNOTS.);
#12637 = CARTESIAN_POINT('',(44.6,21.3));
#12638 = CARTESIAN_POINT('',(44.6,22.55));
#12639 = ( GEOMETRIC_REPRESENTATION_CONTEXT(2) 
PARAMETRIC_REPRESENTATION_CONTEXT() REPRESENTATION_CONTEXT('2D SPACE',''
  ) );
#12640 = ADVANCED_FACE('',(#12641),#12535,.F.);
#12641 = FACE_BOUND('',#12642,.F.);
#12642 = EDGE_LOOP('',(#12643,#12644,#12667,#12690));
#12643 = ORIENTED_EDGE('',*,*,#12519,.F.);
#12644 = ORIENTED_EDGE('',*,*,#12645,.T.);
#12645 = EDGE_CURVE('',#12490,#12646,#12648,.T.);
#12646 = VERTEX_POINT('',#12647);
#12647 = CARTESIAN_POINT('',(46.,-0.55,1.8));
#12648 = SURFACE_CURVE('',#12649,(#12653,#12660),.PCURVE_S1.);
#12649 = LINE('',#12650,#12651);
#12650 = CARTESIAN_POINT('',(44.,-0.55,1.8));
#12651 = VECTOR('',#12652,1.);
#12652 = DIRECTION('',(1.,0.,0.));
#12653 = PCURVE('',#12535,#12654);
#12654 = DEFINITIONAL_REPRESENTATION('',(#12655),#12659);
#12655 = LINE('',#12656,#12657);
#12656 = CARTESIAN_POINT('',(0.,0.));
#12657 = VECTOR('',#12658,1.);
#12658 = DIRECTION('',(1.,0.));
#12659 = ( GEOMETRIC_REPRESENTATION_CONTEXT(2) 
PARAMETRIC_REPRESENTATION_CONTEXT() REPRESENTATION_CONTEXT('2D SPACE',''
  ) );
#12660 = PCURVE('',#12507,#12661);
#12661 = DEFINITIONAL_REPRESENTATION('',(#12662),#12666);
#12662 = LINE('',#12663,#12664);
#12663 = CARTESIAN_POINT('',(0.,0.));
#12664 = VECTOR('',#12665,1.);
#12665 = DIRECTION('',(0.,1.));
#12666 = ( GEOMETRIC_REPRESENTATION_CONTEXT(2) 
PARAMETRIC_REPRESENTATION_CONTEXT() REPRESENTATION_CONTEXT('2D SPACE',''
  ) );
#12667 = ORIENTED_EDGE('',*,*,#12668,.T.);
#12668 = EDGE_CURVE('',#12646,#12669,#12671,.T.);
#12669 = VERTEX_POINT('',#12670);
#12670 = CARTESIAN_POINT('',(46.,0.12,1.8));
#12671 = SURFACE_CURVE('',#12672,(#12676,#12683),.PCURVE_S1.);
#12672 = LINE('',#12673,#12674);
#12673 = CARTESIAN_POINT('',(46.,-0.55,1.8));
#12674 = VECTOR('',#12675,1.);
#12675 = DIRECTION('',(0.,1.,0.));
#12676 = PCURVE('',#12535,#12677);
#12677 = DEFINITIONAL_REPRESENTATION('',(#12678),#12682);
#12678 = LINE('',#12679,#12680);
#12679 = CARTESIAN_POINT('',(2.,0.));
#12680 = VECTOR('',#12681,1.);
#12681 = DIRECTION('',(0.,1.));
#12682 = ( GEOMETRIC_REPRESENTATION_CONTEXT(2) 
PARAMETRIC_REPRESENTATION_CONTEXT() REPRESENTATION_CONTEXT('2D SPACE',''
  ) );
#12683 = PCURVE('',#6545,#12684);
#12684 = DEFINITIONAL_REPRESENTATION('',(#12685),#12689);
#12685 = LINE('',#12686,#12687);
#12686 = CARTESIAN_POINT('',(0.,0.));
#12687 = VECTOR('',#12688,1.);
#12688 = DIRECTION('',(0.,-1.));
#12689 = ( GEOMETRIC_REPRESENTATION_CONTEXT(2) 
PARAMETRIC_REPRESENTATION_CONTEXT() REPRESENTATION_CONTEXT('2D SPACE',''
  ) );
#12690 = ORIENTED_EDGE('',*,*,#12691,.T.);
#12691 = EDGE_CURVE('',#12669,#12520,#12692,.T.);
#12692 = SURFACE_CURVE('',#12693,(#12697,#12703),.PCURVE_S1.);
#12693 = LINE('',#12694,#12695);
#12694 = CARTESIAN_POINT('',(43.9,0.12,1.8));
#12695 = VECTOR('',#12696,1.);
#12696 = DIRECTION('',(-1.,0.,0.));
#12697 = PCURVE('',#12535,#12698);
#12698 = DEFINITIONAL_REPRESENTATION('',(#12699),#12702);
#12699 = B_SPLINE_CURVE_WITH_KNOTS('',1,(#12700,#12701),.UNSPECIFIED.,
  .F.,.F.,(2,2),(-2.1,-0.1),.PIECEWISE_BEZIER_KNOTS.);
#12700 = CARTESIAN_POINT('',(2.,0.67));
#12701 = CARTESIAN_POINT('',(0.,0.67));
#12702 = ( GEOMETRIC_REPRESENTATION_CONTEXT(2) 
PARAMETRIC_REPRESENTATION_CONTEXT() REPRESENTATION_CONTEXT('2D SPACE',''
  ) );
#12703 = PCURVE('',#12562,#12704);
#12704 = DEFINITIONAL_REPRESENTATION('',(#12705),#12708);
#12705 = B_SPLINE_CURVE_WITH_KNOTS('',1,(#12706,#12707),.UNSPECIFIED.,
  .F.,.F.,(2,2),(-2.1,-0.1),.PIECEWISE_BEZIER_KNOTS.);
#12706 = CARTESIAN_POINT('',(5.E-02,2.2));
#12707 = CARTESIAN_POINT('',(5.E-02,0.2));
#12708 = ( GEOMETRIC_REPRESENTATION_CONTEXT(2) 
PARAMETRIC_REPRESENTATION_CONTEXT() REPRESENTATION_CONTEXT('2D SPACE',''
  ) );
#12709 = ADVANCED_FACE('',(#12710),#12562,.T.);
#12710 = FACE_BOUND('',#12711,.T.);
#12711 = EDGE_LOOP('',(#12712,#12735,#12754,#12755));
#12712 = ORIENTED_EDGE('',*,*,#12713,.T.);
#12713 = EDGE_CURVE('',#12548,#12714,#12716,.T.);
#12714 = VERTEX_POINT('',#12715);
#12715 = CARTESIAN_POINT('',(46.,0.12,2.55));
#12716 = SURFACE_CURVE('',#12717,(#12721,#12728),.PCURVE_S1.);
#12717 = LINE('',#12718,#12719);
#12718 = CARTESIAN_POINT('',(43.8,0.12,2.55));
#12719 = VECTOR('',#12720,1.);
#12720 = DIRECTION('',(1.,0.,0.));
#12721 = PCURVE('',#12562,#12722);
#12722 = DEFINITIONAL_REPRESENTATION('',(#12723),#12727);
#12723 = LINE('',#12724,#12725);
#12724 = CARTESIAN_POINT('',(0.8,0.));
#12725 = VECTOR('',#12726,1.);
#12726 = DIRECTION('',(0.,1.));
#12727 = ( GEOMETRIC_REPRESENTATION_CONTEXT(2) 
PARAMETRIC_REPRESENTATION_CONTEXT() REPRESENTATION_CONTEXT('2D SPACE',''
  ) );
#12728 = PCURVE('',#12588,#12729);
#12729 = DEFINITIONAL_REPRESENTATION('',(#12730),#12734);
#12730 = LINE('',#12731,#12732);
#12731 = CARTESIAN_POINT('',(0.,0.));
#12732 = VECTOR('',#12733,1.);
#12733 = DIRECTION('',(1.,0.));
#12734 = ( GEOMETRIC_REPRESENTATION_CONTEXT(2) 
PARAMETRIC_REPRESENTATION_CONTEXT() REPRESENTATION_CONTEXT('2D SPACE',''
  ) );
#12735 = ORIENTED_EDGE('',*,*,#12736,.F.);
#12736 = EDGE_CURVE('',#12669,#12714,#12737,.T.);
#12737 = SURFACE_CURVE('',#12738,(#12742,#12748),.PCURVE_S1.);
#12738 = LINE('',#12739,#12740);
#12739 = CARTESIAN_POINT('',(46.,0.12,1.775));
#12740 = VECTOR('',#12741,1.);
#12741 = DIRECTION('',(0.,0.,1.));
#12742 = PCURVE('',#12562,#12743);
#12743 = DEFINITIONAL_REPRESENTATION('',(#12744),#12747);
#12744 = B_SPLINE_CURVE_WITH_KNOTS('',1,(#12745,#12746),.UNSPECIFIED.,
  .F.,.F.,(2,2),(2.5E-02,0.775),.PIECEWISE_BEZIER_KNOTS.);
#12745 = CARTESIAN_POINT('',(5.E-02,2.2));
#12746 = CARTESIAN_POINT('',(0.8,2.2));
#12747 = ( GEOMETRIC_REPRESENTATION_CONTEXT(2) 
PARAMETRIC_REPRESENTATION_CONTEXT() REPRESENTATION_CONTEXT('2D SPACE',''
  ) );
#12748 = PCURVE('',#6545,#12749);
#12749 = DEFINITIONAL_REPRESENTATION('',(#12750),#12753);
#12750 = B_SPLINE_CURVE_WITH_KNOTS('',1,(#12751,#12752),.UNSPECIFIED.,
  .F.,.F.,(2,2),(2.5E-02,0.775),.PIECEWISE_BEZIER_KNOTS.);
#12751 = CARTESIAN_POINT('',(0.,-0.67));
#12752 = CARTESIAN_POINT('',(0.75,-0.67));
#12753 = ( GEOMETRIC_REPRESENTATION_CONTEXT(2) 
PARAMETRIC_REPRESENTATION_CONTEXT() REPRESENTATION_CONTEXT('2D SPACE',''
  ) );
#12754 = ORIENTED_EDGE('',*,*,#12691,.T.);
#12755 = ORIENTED_EDGE('',*,*,#12547,.T.);
#12756 = ADVANCED_FACE('',(#12757),#12588,.F.);
#12757 = FACE_BOUND('',#12758,.F.);
#12758 = EDGE_LOOP('',(#12759,#12760,#12761,#12782));
#12759 = ORIENTED_EDGE('',*,*,#12573,.T.);
#12760 = ORIENTED_EDGE('',*,*,#12713,.T.);
#12761 = ORIENTED_EDGE('',*,*,#12762,.F.);
#12762 = EDGE_CURVE('',#12763,#12714,#12765,.T.);
#12763 = VERTEX_POINT('',#12764);
#12764 = CARTESIAN_POINT('',(46.,1.15,2.55));
#12765 = SURFACE_CURVE('',#12766,(#12770,#12776),.PCURVE_S1.);
#12766 = LINE('',#12767,#12768);
#12767 = CARTESIAN_POINT('',(46.,-0.215,2.55));
#12768 = VECTOR('',#12769,1.);
#12769 = DIRECTION('',(0.,-1.,0.));
#12770 = PCURVE('',#12588,#12771);
#12771 = DEFINITIONAL_REPRESENTATION('',(#12772),#12775);
#12772 = B_SPLINE_CURVE_WITH_KNOTS('',1,(#12773,#12774),.UNSPECIFIED.,
  .F.,.F.,(2,2),(-1.365,-0.335),.PIECEWISE_BEZIER_KNOTS.);
#12773 = CARTESIAN_POINT('',(2.2,1.03));
#12774 = CARTESIAN_POINT('',(2.2,0.));
#12775 = ( GEOMETRIC_REPRESENTATION_CONTEXT(2) 
PARAMETRIC_REPRESENTATION_CONTEXT() REPRESENTATION_CONTEXT('2D SPACE',''
  ) );
#12776 = PCURVE('',#6545,#12777);
#12777 = DEFINITIONAL_REPRESENTATION('',(#12778),#12781);
#12778 = B_SPLINE_CURVE_WITH_KNOTS('',1,(#12779,#12780),.UNSPECIFIED.,
  .F.,.F.,(2,2),(-1.365,-0.335),.PIECEWISE_BEZIER_KNOTS.);
#12779 = CARTESIAN_POINT('',(0.75,-1.7));
#12780 = CARTESIAN_POINT('',(0.75,-0.67));
#12781 = ( GEOMETRIC_REPRESENTATION_CONTEXT(2) 
PARAMETRIC_REPRESENTATION_CONTEXT() REPRESENTATION_CONTEXT('2D SPACE',''
  ) );
#12782 = ORIENTED_EDGE('',*,*,#12783,.F.);
#12783 = EDGE_CURVE('',#12574,#12763,#12784,.T.);
#12784 = SURFACE_CURVE('',#12785,(#12789,#12795),.PCURVE_S1.);
#12785 = LINE('',#12786,#12787);
#12786 = CARTESIAN_POINT('',(43.9,1.15,2.55));
#12787 = VECTOR('',#12788,1.);
#12788 = DIRECTION('',(1.,0.,0.));
#12789 = PCURVE('',#12588,#12790);
#12790 = DEFINITIONAL_REPRESENTATION('',(#12791),#12794);
#12791 = B_SPLINE_CURVE_WITH_KNOTS('',1,(#12792,#12793),.UNSPECIFIED.,
  .F.,.F.,(2,2),(0.1,2.1),.PIECEWISE_BEZIER_KNOTS.);
#12792 = CARTESIAN_POINT('',(0.2,1.03));
#12793 = CARTESIAN_POINT('',(2.2,1.03));
#12794 = ( GEOMETRIC_REPRESENTATION_CONTEXT(2) 
PARAMETRIC_REPRESENTATION_CONTEXT() REPRESENTATION_CONTEXT('2D SPACE',''
  ) );
#12795 = PCURVE('',#6519,#12796);
#12796 = DEFINITIONAL_REPRESENTATION('',(#12797),#12800);
#12797 = B_SPLINE_CURVE_WITH_KNOTS('',1,(#12798,#12799),.UNSPECIFIED.,
  .F.,.F.,(2,2),(0.1,2.1),.PIECEWISE_BEZIER_KNOTS.);
#12798 = CARTESIAN_POINT('',(0.75,0.));
#12799 = CARTESIAN_POINT('',(0.75,2.));
#12800 = ( GEOMETRIC_REPRESENTATION_CONTEXT(2) 
PARAMETRIC_REPRESENTATION_CONTEXT() REPRESENTATION_CONTEXT('2D SPACE',''
  ) );
#12801 = ADVANCED_FACE('',(#12802),#12507,.F.);
#12802 = FACE_BOUND('',#12803,.F.);
#12803 = EDGE_LOOP('',(#12804,#12827,#12828,#12829));
#12804 = ORIENTED_EDGE('',*,*,#12805,.F.);
#12805 = EDGE_CURVE('',#12646,#12806,#12808,.T.);
#12806 = VERTEX_POINT('',#12807);
#12807 = CARTESIAN_POINT('',(46.,-0.55,6.6));
#12808 = SURFACE_CURVE('',#12809,(#12813,#12820),.PCURVE_S1.);
#12809 = LINE('',#12810,#12811);
#12810 = CARTESIAN_POINT('',(46.,-0.55,1.8));
#12811 = VECTOR('',#12812,1.);
#12812 = DIRECTION('',(0.,0.,1.));
#12813 = PCURVE('',#12507,#12814);
#12814 = DEFINITIONAL_REPRESENTATION('',(#12815),#12819);
#12815 = LINE('',#12816,#12817);
#12816 = CARTESIAN_POINT('',(0.,2.));
#12817 = VECTOR('',#12818,1.);
#12818 = DIRECTION('',(1.,0.));
#12819 = ( GEOMETRIC_REPRESENTATION_CONTEXT(2) 
PARAMETRIC_REPRESENTATION_CONTEXT() REPRESENTATION_CONTEXT('2D SPACE',''
  ) );
#12820 = PCURVE('',#6545,#12821);
#12821 = DEFINITIONAL_REPRESENTATION('',(#12822),#12826);
#12822 = LINE('',#12823,#12824);
#12823 = CARTESIAN_POINT('',(0.,0.));
#12824 = VECTOR('',#12825,1.);
#12825 = DIRECTION('',(1.,0.));
#12826 = ( GEOMETRIC_REPRESENTATION_CONTEXT(2) 
PARAMETRIC_REPRESENTATION_CONTEXT() REPRESENTATION_CONTEXT('2D SPACE',''
  ) );
#12827 = ORIENTED_EDGE('',*,*,#12645,.F.);
#12828 = ORIENTED_EDGE('',*,*,#12489,.T.);
#12829 = ORIENTED_EDGE('',*,*,#12830,.F.);
#12830 = EDGE_CURVE('',#12806,#12492,#12831,.T.);
#12831 = SURFACE_CURVE('',#12832,(#12836,#12842),.PCURVE_S1.);
#12832 = LINE('',#12833,#12834);
#12833 = CARTESIAN_POINT('',(21.7,-0.55,6.6));
#12834 = VECTOR('',#12835,1.);
#12835 = DIRECTION('',(-1.,0.,0.));
#12836 = PCURVE('',#12507,#12837);
#12837 = DEFINITIONAL_REPRESENTATION('',(#12838),#12841);
#12838 = B_SPLINE_CURVE_WITH_KNOTS('',1,(#12839,#12840),.UNSPECIFIED.,
  .F.,.F.,(2,2),(-24.3,-22.3),.PIECEWISE_BEZIER_KNOTS.);
#12839 = CARTESIAN_POINT('',(4.8,2.));
#12840 = CARTESIAN_POINT('',(4.8,0.));
#12841 = ( GEOMETRIC_REPRESENTATION_CONTEXT(2) 
PARAMETRIC_REPRESENTATION_CONTEXT() REPRESENTATION_CONTEXT('2D SPACE',''
  ) );
#12842 = PCURVE('',#2335,#12843);
#12843 = DEFINITIONAL_REPRESENTATION('',(#12844),#12847);
#12844 = B_SPLINE_CURVE_WITH_KNOTS('',1,(#12845,#12846),.UNSPECIFIED.,
  .F.,.F.,(2,2),(-24.3,-22.3),.PIECEWISE_BEZIER_KNOTS.);
#12845 = CARTESIAN_POINT('',(46.6,21.3));
#12846 = CARTESIAN_POINT('',(44.6,21.3));
#12847 = ( GEOMETRIC_REPRESENTATION_CONTEXT(2) 
PARAMETRIC_REPRESENTATION_CONTEXT() REPRESENTATION_CONTEXT('2D SPACE',''
  ) );
#12848 = ADVANCED_FACE('',(#12849),#6519,.T.);
#12849 = FACE_BOUND('',#12850,.T.);
#12850 = EDGE_LOOP('',(#12851,#12872,#12873,#12874));
#12851 = ORIENTED_EDGE('',*,*,#12852,.F.);
#12852 = EDGE_CURVE('',#12763,#6505,#12853,.T.);
#12853 = SURFACE_CURVE('',#12854,(#12858,#12865),.PCURVE_S1.);
#12854 = LINE('',#12855,#12856);
#12855 = CARTESIAN_POINT('',(46.,1.15,1.8));
#12856 = VECTOR('',#12857,1.);
#12857 = DIRECTION('',(0.,0.,1.));
#12858 = PCURVE('',#6519,#12859);
#12859 = DEFINITIONAL_REPRESENTATION('',(#12860),#12864);
#12860 = LINE('',#12861,#12862);
#12861 = CARTESIAN_POINT('',(0.,2.));
#12862 = VECTOR('',#12863,1.);
#12863 = DIRECTION('',(1.,0.));
#12864 = ( GEOMETRIC_REPRESENTATION_CONTEXT(2) 
PARAMETRIC_REPRESENTATION_CONTEXT() REPRESENTATION_CONTEXT('2D SPACE',''
  ) );
#12865 = PCURVE('',#6545,#12866);
#12866 = DEFINITIONAL_REPRESENTATION('',(#12867),#12871);
#12867 = LINE('',#12868,#12869);
#12868 = CARTESIAN_POINT('',(0.,-1.7));
#12869 = VECTOR('',#12870,1.);
#12870 = DIRECTION('',(1.,0.));
#12871 = ( GEOMETRIC_REPRESENTATION_CONTEXT(2) 
PARAMETRIC_REPRESENTATION_CONTEXT() REPRESENTATION_CONTEXT('2D SPACE',''
  ) );
#12872 = ORIENTED_EDGE('',*,*,#12783,.F.);
#12873 = ORIENTED_EDGE('',*,*,#12599,.T.);
#12874 = ORIENTED_EDGE('',*,*,#6504,.F.);
#12875 = ADVANCED_FACE('',(#12876),#6545,.T.);
#12876 = FACE_BOUND('',#12877,.T.);
#12877 = EDGE_LOOP('',(#12878,#12879,#12880,#12881,#12882,#12883,#12884,
    #12905));
#12878 = ORIENTED_EDGE('',*,*,#12805,.F.);
#12879 = ORIENTED_EDGE('',*,*,#12668,.T.);
#12880 = ORIENTED_EDGE('',*,*,#12736,.T.);
#12881 = ORIENTED_EDGE('',*,*,#12762,.F.);
#12882 = ORIENTED_EDGE('',*,*,#12852,.T.);
#12883 = ORIENTED_EDGE('',*,*,#6530,.F.);
#12884 = ORIENTED_EDGE('',*,*,#12885,.F.);
#12885 = EDGE_CURVE('',#12886,#6531,#12888,.T.);
#12886 = VERTEX_POINT('',#12887);
#12887 = CARTESIAN_POINT('',(46.,0.7,6.6));
#12888 = SURFACE_CURVE('',#12889,(#12893,#12899),.PCURVE_S1.);
#12889 = LINE('',#12890,#12891);
#12890 = CARTESIAN_POINT('',(46.,0.7,-0.55));
#12891 = VECTOR('',#12892,1.);
#12892 = DIRECTION('',(0.,0.,-1.));
#12893 = PCURVE('',#6545,#12894);
#12894 = DEFINITIONAL_REPRESENTATION('',(#12895),#12898);
#12895 = B_SPLINE_CURVE_WITH_KNOTS('',1,(#12896,#12897),.UNSPECIFIED.,
  .F.,.F.,(2,2),(-7.15,-4.95),.PIECEWISE_BEZIER_KNOTS.);
#12896 = CARTESIAN_POINT('',(4.8,-1.25));
#12897 = CARTESIAN_POINT('',(2.6,-1.25));
#12898 = ( GEOMETRIC_REPRESENTATION_CONTEXT(2) 
PARAMETRIC_REPRESENTATION_CONTEXT() REPRESENTATION_CONTEXT('2D SPACE',''
  ) );
#12899 = PCURVE('',#6571,#12900);
#12900 = DEFINITIONAL_REPRESENTATION('',(#12901),#12904);
#12901 = B_SPLINE_CURVE_WITH_KNOTS('',1,(#12902,#12903),.UNSPECIFIED.,
  .F.,.F.,(2,2),(-7.15,-4.95),.PIECEWISE_BEZIER_KNOTS.);
#12902 = CARTESIAN_POINT('',(9.5,46.6));
#12903 = CARTESIAN_POINT('',(7.3,46.6));
#12904 = ( GEOMETRIC_REPRESENTATION_CONTEXT(2) 
PARAMETRIC_REPRESENTATION_CONTEXT() REPRESENTATION_CONTEXT('2D SPACE',''
  ) );
#12905 = ORIENTED_EDGE('',*,*,#12906,.F.);
#12906 = EDGE_CURVE('',#12806,#12886,#12907,.T.);
#12907 = SURFACE_CURVE('',#12908,(#12912,#12918),.PCURVE_S1.);
#12908 = LINE('',#12909,#12910);
#12909 = CARTESIAN_POINT('',(46.,-11.2,6.6));
#12910 = VECTOR('',#12911,1.);
#12911 = DIRECTION('',(0.,1.,0.));
#12912 = PCURVE('',#6545,#12913);
#12913 = DEFINITIONAL_REPRESENTATION('',(#12914),#12917);
#12914 = B_SPLINE_CURVE_WITH_KNOTS('',1,(#12915,#12916),.UNSPECIFIED.,
  .F.,.F.,(2,2),(10.65,11.9),.PIECEWISE_BEZIER_KNOTS.);
#12915 = CARTESIAN_POINT('',(4.8,0.));
#12916 = CARTESIAN_POINT('',(4.8,-1.25));
#12917 = ( GEOMETRIC_REPRESENTATION_CONTEXT(2) 
PARAMETRIC_REPRESENTATION_CONTEXT() REPRESENTATION_CONTEXT('2D SPACE',''
  ) );
#12918 = PCURVE('',#2335,#12919);
#12919 = DEFINITIONAL_REPRESENTATION('',(#12920),#12923);
#12920 = B_SPLINE_CURVE_WITH_KNOTS('',1,(#12921,#12922),.UNSPECIFIED.,
  .F.,.F.,(2,2),(10.65,11.9),.PIECEWISE_BEZIER_KNOTS.);
#12921 = CARTESIAN_POINT('',(46.6,21.3));
#12922 = CARTESIAN_POINT('',(46.6,22.55));
#12923 = ( GEOMETRIC_REPRESENTATION_CONTEXT(2) 
PARAMETRIC_REPRESENTATION_CONTEXT() REPRESENTATION_CONTEXT('2D SPACE',''
  ) );
#12924 = ADVANCED_FACE('',(#12925),#6571,.F.);
#12925 = FACE_BOUND('',#12926,.F.);
#12926 = EDGE_LOOP('',(#12927,#12948,#12949,#12950));
#12927 = ORIENTED_EDGE('',*,*,#12928,.T.);
#12928 = EDGE_CURVE('',#12929,#6557,#12931,.T.);
#12929 = VERTEX_POINT('',#12930);
#12930 = CARTESIAN_POINT('',(67.,0.7,6.6));
#12931 = SURFACE_CURVE('',#12932,(#12936,#12942),.PCURVE_S1.);
#12932 = LINE('',#12933,#12934);
#12933 = CARTESIAN_POINT('',(67.,0.7,-0.55));
#12934 = VECTOR('',#12935,1.);
#12935 = DIRECTION('',(0.,0.,-1.));
#12936 = PCURVE('',#6571,#12937);
#12937 = DEFINITIONAL_REPRESENTATION('',(#12938),#12941);
#12938 = B_SPLINE_CURVE_WITH_KNOTS('',1,(#12939,#12940),.UNSPECIFIED.,
  .F.,.F.,(2,2),(-7.15,-4.95),.PIECEWISE_BEZIER_KNOTS.);
#12939 = CARTESIAN_POINT('',(9.5,67.6));
#12940 = CARTESIAN_POINT('',(7.3,67.6));
#12941 = ( GEOMETRIC_REPRESENTATION_CONTEXT(2) 
PARAMETRIC_REPRESENTATION_CONTEXT() REPRESENTATION_CONTEXT('2D SPACE',''
  ) );
#12942 = PCURVE('',#6597,#12943);
#12943 = DEFINITIONAL_REPRESENTATION('',(#12944),#12947);
#12944 = B_SPLINE_CURVE_WITH_KNOTS('',1,(#12945,#12946),.UNSPECIFIED.,
  .F.,.F.,(2,2),(-7.15,-4.95),.PIECEWISE_BEZIER_KNOTS.);
#12945 = CARTESIAN_POINT('',(4.8,-1.25));
#12946 = CARTESIAN_POINT('',(2.6,-1.25));
#12947 = ( GEOMETRIC_REPRESENTATION_CONTEXT(2) 
PARAMETRIC_REPRESENTATION_CONTEXT() REPRESENTATION_CONTEXT('2D SPACE',''
  ) );
#12948 = ORIENTED_EDGE('',*,*,#6556,.T.);
#12949 = ORIENTED_EDGE('',*,*,#12885,.F.);
#12950 = ORIENTED_EDGE('',*,*,#12951,.T.);
#12951 = EDGE_CURVE('',#12886,#12929,#12952,.T.);
#12952 = SURFACE_CURVE('',#12953,(#12957,#12964),.PCURVE_S1.);
#12953 = LINE('',#12954,#12955);
#12954 = CARTESIAN_POINT('',(-0.6,0.7,6.6));
#12955 = VECTOR('',#12956,1.);
#12956 = DIRECTION('',(1.,0.,0.));
#12957 = PCURVE('',#6571,#12958);
#12958 = DEFINITIONAL_REPRESENTATION('',(#12959),#12963);
#12959 = LINE('',#12960,#12961);
#12960 = CARTESIAN_POINT('',(9.5,0.));
#12961 = VECTOR('',#12962,1.);
#12962 = DIRECTION('',(0.,1.));
#12963 = ( GEOMETRIC_REPRESENTATION_CONTEXT(2) 
PARAMETRIC_REPRESENTATION_CONTEXT() REPRESENTATION_CONTEXT('2D SPACE',''
  ) );
#12964 = PCURVE('',#2335,#12965);
#12965 = DEFINITIONAL_REPRESENTATION('',(#12966),#12970);
#12966 = LINE('',#12967,#12968);
#12967 = CARTESIAN_POINT('',(0.,22.55));
#12968 = VECTOR('',#12969,1.);
#12969 = DIRECTION('',(1.,0.));
#12970 = ( GEOMETRIC_REPRESENTATION_CONTEXT(2) 
PARAMETRIC_REPRESENTATION_CONTEXT() REPRESENTATION_CONTEXT('2D SPACE',''
  ) );
#12971 = ADVANCED_FACE('',(#12972),#6597,.F.);
#12972 = FACE_BOUND('',#12973,.F.);
#12973 = EDGE_LOOP('',(#12974,#13004,#13032,#13058,#13084,#13105,#13106,
    #13107));
#12974 = ORIENTED_EDGE('',*,*,#12975,.F.);
#12975 = EDGE_CURVE('',#12976,#12978,#12980,.T.);
#12976 = VERTEX_POINT('',#12977);
#12977 = CARTESIAN_POINT('',(67.,-0.55,1.8));
#12978 = VERTEX_POINT('',#12979);
#12979 = CARTESIAN_POINT('',(67.,-0.55,6.6));
#12980 = SURFACE_CURVE('',#12981,(#12985,#12992),.PCURVE_S1.);
#12981 = LINE('',#12982,#12983);
#12982 = CARTESIAN_POINT('',(67.,-0.55,1.8));
#12983 = VECTOR('',#12984,1.);
#12984 = DIRECTION('',(0.,0.,1.));
#12985 = PCURVE('',#6597,#12986);
#12986 = DEFINITIONAL_REPRESENTATION('',(#12987),#12991);
#12987 = LINE('',#12988,#12989);
#12988 = CARTESIAN_POINT('',(0.,0.));
#12989 = VECTOR('',#12990,1.);
#12990 = DIRECTION('',(1.,0.));
#12991 = ( GEOMETRIC_REPRESENTATION_CONTEXT(2) 
PARAMETRIC_REPRESENTATION_CONTEXT() REPRESENTATION_CONTEXT('2D SPACE',''
  ) );
#12992 = PCURVE('',#12993,#12998);
#12993 = PLANE('',#12994);
#12994 = AXIS2_PLACEMENT_3D('',#12995,#12996,#12997);
#12995 = CARTESIAN_POINT('',(67.,-0.55,1.8));
#12996 = DIRECTION('',(0.,1.,0.));
#12997 = DIRECTION('',(0.,0.,1.));
#12998 = DEFINITIONAL_REPRESENTATION('',(#12999),#13003);
#12999 = LINE('',#13000,#13001);
#13000 = CARTESIAN_POINT('',(0.,0.));
#13001 = VECTOR('',#13002,1.);
#13002 = DIRECTION('',(1.,0.));
#13003 = ( GEOMETRIC_REPRESENTATION_CONTEXT(2) 
PARAMETRIC_REPRESENTATION_CONTEXT() REPRESENTATION_CONTEXT('2D SPACE',''
  ) );
#13004 = ORIENTED_EDGE('',*,*,#13005,.T.);
#13005 = EDGE_CURVE('',#12976,#13006,#13008,.T.);
#13006 = VERTEX_POINT('',#13007);
#13007 = CARTESIAN_POINT('',(67.,0.12,1.8));
#13008 = SURFACE_CURVE('',#13009,(#13013,#13020),.PCURVE_S1.);
#13009 = LINE('',#13010,#13011);
#13010 = CARTESIAN_POINT('',(67.,-0.55,1.8));
#13011 = VECTOR('',#13012,1.);
#13012 = DIRECTION('',(0.,1.,0.));
#13013 = PCURVE('',#6597,#13014);
#13014 = DEFINITIONAL_REPRESENTATION('',(#13015),#13019);
#13015 = LINE('',#13016,#13017);
#13016 = CARTESIAN_POINT('',(0.,0.));
#13017 = VECTOR('',#13018,1.);
#13018 = DIRECTION('',(0.,-1.));
#13019 = ( GEOMETRIC_REPRESENTATION_CONTEXT(2) 
PARAMETRIC_REPRESENTATION_CONTEXT() REPRESENTATION_CONTEXT('2D SPACE',''
  ) );
#13020 = PCURVE('',#13021,#13026);
#13021 = PLANE('',#13022);
#13022 = AXIS2_PLACEMENT_3D('',#13023,#13024,#13025);
#13023 = CARTESIAN_POINT('',(67.,-0.55,1.8));
#13024 = DIRECTION('',(0.,0.,1.));
#13025 = DIRECTION('',(1.,0.,0.));
#13026 = DEFINITIONAL_REPRESENTATION('',(#13027),#13031);
#13027 = LINE('',#13028,#13029);
#13028 = CARTESIAN_POINT('',(0.,0.));
#13029 = VECTOR('',#13030,1.);
#13030 = DIRECTION('',(0.,1.));
#13031 = ( GEOMETRIC_REPRESENTATION_CONTEXT(2) 
PARAMETRIC_REPRESENTATION_CONTEXT() REPRESENTATION_CONTEXT('2D SPACE',''
  ) );
#13032 = ORIENTED_EDGE('',*,*,#13033,.T.);
#13033 = EDGE_CURVE('',#13006,#13034,#13036,.T.);
#13034 = VERTEX_POINT('',#13035);
#13035 = CARTESIAN_POINT('',(67.,0.12,2.55));
#13036 = SURFACE_CURVE('',#13037,(#13041,#13047),.PCURVE_S1.);
#13037 = LINE('',#13038,#13039);
#13038 = CARTESIAN_POINT('',(67.,0.12,1.775));
#13039 = VECTOR('',#13040,1.);
#13040 = DIRECTION('',(0.,0.,1.));
#13041 = PCURVE('',#6597,#13042);
#13042 = DEFINITIONAL_REPRESENTATION('',(#13043),#13046);
#13043 = B_SPLINE_CURVE_WITH_KNOTS('',1,(#13044,#13045),.UNSPECIFIED.,
  .F.,.F.,(2,2),(2.5E-02,0.775),.PIECEWISE_BEZIER_KNOTS.);
#13044 = CARTESIAN_POINT('',(0.,-0.67));
#13045 = CARTESIAN_POINT('',(0.75,-0.67));
#13046 = ( GEOMETRIC_REPRESENTATION_CONTEXT(2) 
PARAMETRIC_REPRESENTATION_CONTEXT() REPRESENTATION_CONTEXT('2D SPACE',''
  ) );
#13047 = PCURVE('',#13048,#13053);
#13048 = PLANE('',#13049);
#13049 = AXIS2_PLACEMENT_3D('',#13050,#13051,#13052);
#13050 = CARTESIAN_POINT('',(66.8,0.12,1.75));
#13051 = DIRECTION('',(0.,1.,0.));
#13052 = DIRECTION('',(0.,0.,1.));
#13053 = DEFINITIONAL_REPRESENTATION('',(#13054),#13057);
#13054 = B_SPLINE_CURVE_WITH_KNOTS('',1,(#13055,#13056),.UNSPECIFIED.,
  .F.,.F.,(2,2),(2.5E-02,0.775),.PIECEWISE_BEZIER_KNOTS.);
#13055 = CARTESIAN_POINT('',(5.E-02,0.2));
#13056 = CARTESIAN_POINT('',(0.8,0.2));
#13057 = ( GEOMETRIC_REPRESENTATION_CONTEXT(2) 
PARAMETRIC_REPRESENTATION_CONTEXT() REPRESENTATION_CONTEXT('2D SPACE',''
  ) );
#13058 = ORIENTED_EDGE('',*,*,#13059,.F.);
#13059 = EDGE_CURVE('',#13060,#13034,#13062,.T.);
#13060 = VERTEX_POINT('',#13061);
#13061 = CARTESIAN_POINT('',(67.,1.15,2.55));
#13062 = SURFACE_CURVE('',#13063,(#13067,#13073),.PCURVE_S1.);
#13063 = LINE('',#13064,#13065);
#13064 = CARTESIAN_POINT('',(67.,-0.215,2.55));
#13065 = VECTOR('',#13066,1.);
#13066 = DIRECTION('',(0.,-1.,0.));
#13067 = PCURVE('',#6597,#13068);
#13068 = DEFINITIONAL_REPRESENTATION('',(#13069),#13072);
#13069 = B_SPLINE_CURVE_WITH_KNOTS('',1,(#13070,#13071),.UNSPECIFIED.,
  .F.,.F.,(2,2),(-1.365,-0.335),.PIECEWISE_BEZIER_KNOTS.);
#13070 = CARTESIAN_POINT('',(0.75,-1.7));
#13071 = CARTESIAN_POINT('',(0.75,-0.67));
#13072 = ( GEOMETRIC_REPRESENTATION_CONTEXT(2) 
PARAMETRIC_REPRESENTATION_CONTEXT() REPRESENTATION_CONTEXT('2D SPACE',''
  ) );
#13073 = PCURVE('',#13074,#13079);
#13074 = PLANE('',#13075);
#13075 = AXIS2_PLACEMENT_3D('',#13076,#13077,#13078);
#13076 = CARTESIAN_POINT('',(66.8,0.12,2.55));
#13077 = DIRECTION('',(0.,0.,1.));
#13078 = DIRECTION('',(1.,0.,0.));
#13079 = DEFINITIONAL_REPRESENTATION('',(#13080),#13083);
#13080 = B_SPLINE_CURVE_WITH_KNOTS('',1,(#13081,#13082),.UNSPECIFIED.,
  .F.,.F.,(2,2),(-1.365,-0.335),.PIECEWISE_BEZIER_KNOTS.);
#13081 = CARTESIAN_POINT('',(0.2,1.03));
#13082 = CARTESIAN_POINT('',(0.2,0.));
#13083 = ( GEOMETRIC_REPRESENTATION_CONTEXT(2) 
PARAMETRIC_REPRESENTATION_CONTEXT() REPRESENTATION_CONTEXT('2D SPACE',''
  ) );
#13084 = ORIENTED_EDGE('',*,*,#13085,.T.);
#13085 = EDGE_CURVE('',#13060,#6583,#13086,.T.);
#13086 = SURFACE_CURVE('',#13087,(#13091,#13098),.PCURVE_S1.);
#13087 = LINE('',#13088,#13089);
#13088 = CARTESIAN_POINT('',(67.,1.15,1.8));
#13089 = VECTOR('',#13090,1.);
#13090 = DIRECTION('',(0.,0.,1.));
#13091 = PCURVE('',#6597,#13092);
#13092 = DEFINITIONAL_REPRESENTATION('',(#13093),#13097);
#13093 = LINE('',#13094,#13095);
#13094 = CARTESIAN_POINT('',(0.,-1.7));
#13095 = VECTOR('',#13096,1.);
#13096 = DIRECTION('',(1.,0.));
#13097 = ( GEOMETRIC_REPRESENTATION_CONTEXT(2) 
PARAMETRIC_REPRESENTATION_CONTEXT() REPRESENTATION_CONTEXT('2D SPACE',''
  ) );
#13098 = PCURVE('',#6623,#13099);
#13099 = DEFINITIONAL_REPRESENTATION('',(#13100),#13104);
#13100 = LINE('',#13101,#13102);
#13101 = CARTESIAN_POINT('',(0.,0.));
#13102 = VECTOR('',#13103,1.);
#13103 = DIRECTION('',(1.,0.));
#13104 = ( GEOMETRIC_REPRESENTATION_CONTEXT(2) 
PARAMETRIC_REPRESENTATION_CONTEXT() REPRESENTATION_CONTEXT('2D SPACE',''
  ) );
#13105 = ORIENTED_EDGE('',*,*,#6582,.F.);
#13106 = ORIENTED_EDGE('',*,*,#12928,.F.);
#13107 = ORIENTED_EDGE('',*,*,#13108,.F.);
#13108 = EDGE_CURVE('',#12978,#12929,#13109,.T.);
#13109 = SURFACE_CURVE('',#13110,(#13114,#13120),.PCURVE_S1.);
#13110 = LINE('',#13111,#13112);
#13111 = CARTESIAN_POINT('',(67.,-11.2,6.6));
#13112 = VECTOR('',#13113,1.);
#13113 = DIRECTION('',(0.,1.,0.));
#13114 = PCURVE('',#6597,#13115);
#13115 = DEFINITIONAL_REPRESENTATION('',(#13116),#13119);
#13116 = B_SPLINE_CURVE_WITH_KNOTS('',1,(#13117,#13118),.UNSPECIFIED.,
  .F.,.F.,(2,2),(10.65,11.9),.PIECEWISE_BEZIER_KNOTS.);
#13117 = CARTESIAN_POINT('',(4.8,0.));
#13118 = CARTESIAN_POINT('',(4.8,-1.25));
#13119 = ( GEOMETRIC_REPRESENTATION_CONTEXT(2) 
PARAMETRIC_REPRESENTATION_CONTEXT() REPRESENTATION_CONTEXT('2D SPACE',''
  ) );
#13120 = PCURVE('',#2335,#13121);
#13121 = DEFINITIONAL_REPRESENTATION('',(#13122),#13125);
#13122 = B_SPLINE_CURVE_WITH_KNOTS('',1,(#13123,#13124),.UNSPECIFIED.,
  .F.,.F.,(2,2),(10.65,11.9),.PIECEWISE_BEZIER_KNOTS.);
#13123 = CARTESIAN_POINT('',(67.6,21.3));
#13124 = CARTESIAN_POINT('',(67.6,22.55));
#13125 = ( GEOMETRIC_REPRESENTATION_CONTEXT(2) 
PARAMETRIC_REPRESENTATION_CONTEXT() REPRESENTATION_CONTEXT('2D SPACE',''
  ) );
#13126 = ADVANCED_FACE('',(#13127),#13021,.F.);
#13127 = FACE_BOUND('',#13128,.F.);
#13128 = EDGE_LOOP('',(#13129,#13130,#13153,#13176));
#13129 = ORIENTED_EDGE('',*,*,#13005,.F.);
#13130 = ORIENTED_EDGE('',*,*,#13131,.T.);
#13131 = EDGE_CURVE('',#12976,#13132,#13134,.T.);
#13132 = VERTEX_POINT('',#13133);
#13133 = CARTESIAN_POINT('',(69.,-0.55,1.8));
#13134 = SURFACE_CURVE('',#13135,(#13139,#13146),.PCURVE_S1.);
#13135 = LINE('',#13136,#13137);
#13136 = CARTESIAN_POINT('',(67.,-0.55,1.8));
#13137 = VECTOR('',#13138,1.);
#13138 = DIRECTION('',(1.,0.,0.));
#13139 = PCURVE('',#13021,#13140);
#13140 = DEFINITIONAL_REPRESENTATION('',(#13141),#13145);
#13141 = LINE('',#13142,#13143);
#13142 = CARTESIAN_POINT('',(0.,0.));
#13143 = VECTOR('',#13144,1.);
#13144 = DIRECTION('',(1.,0.));
#13145 = ( GEOMETRIC_REPRESENTATION_CONTEXT(2) 
PARAMETRIC_REPRESENTATION_CONTEXT() REPRESENTATION_CONTEXT('2D SPACE',''
  ) );
#13146 = PCURVE('',#12993,#13147);
#13147 = DEFINITIONAL_REPRESENTATION('',(#13148),#13152);
#13148 = LINE('',#13149,#13150);
#13149 = CARTESIAN_POINT('',(0.,0.));
#13150 = VECTOR('',#13151,1.);
#13151 = DIRECTION('',(0.,1.));
#13152 = ( GEOMETRIC_REPRESENTATION_CONTEXT(2) 
PARAMETRIC_REPRESENTATION_CONTEXT() REPRESENTATION_CONTEXT('2D SPACE',''
  ) );
#13153 = ORIENTED_EDGE('',*,*,#13154,.T.);
#13154 = EDGE_CURVE('',#13132,#13155,#13157,.T.);
#13155 = VERTEX_POINT('',#13156);
#13156 = CARTESIAN_POINT('',(69.,0.12,1.8));
#13157 = SURFACE_CURVE('',#13158,(#13162,#13169),.PCURVE_S1.);
#13158 = LINE('',#13159,#13160);
#13159 = CARTESIAN_POINT('',(69.,-0.55,1.8));
#13160 = VECTOR('',#13161,1.);
#13161 = DIRECTION('',(0.,1.,0.));
#13162 = PCURVE('',#13021,#13163);
#13163 = DEFINITIONAL_REPRESENTATION('',(#13164),#13168);
#13164 = LINE('',#13165,#13166);
#13165 = CARTESIAN_POINT('',(2.,0.));
#13166 = VECTOR('',#13167,1.);
#13167 = DIRECTION('',(0.,1.));
#13168 = ( GEOMETRIC_REPRESENTATION_CONTEXT(2) 
PARAMETRIC_REPRESENTATION_CONTEXT() REPRESENTATION_CONTEXT('2D SPACE',''
  ) );
#13169 = PCURVE('',#6649,#13170);
#13170 = DEFINITIONAL_REPRESENTATION('',(#13171),#13175);
#13171 = LINE('',#13172,#13173);
#13172 = CARTESIAN_POINT('',(0.,0.));
#13173 = VECTOR('',#13174,1.);
#13174 = DIRECTION('',(0.,-1.));
#13175 = ( GEOMETRIC_REPRESENTATION_CONTEXT(2) 
PARAMETRIC_REPRESENTATION_CONTEXT() REPRESENTATION_CONTEXT('2D SPACE',''
  ) );
#13176 = ORIENTED_EDGE('',*,*,#13177,.T.);
#13177 = EDGE_CURVE('',#13155,#13006,#13178,.T.);
#13178 = SURFACE_CURVE('',#13179,(#13183,#13189),.PCURVE_S1.);
#13179 = LINE('',#13180,#13181);
#13180 = CARTESIAN_POINT('',(66.9,0.12,1.8));
#13181 = VECTOR('',#13182,1.);
#13182 = DIRECTION('',(-1.,0.,0.));
#13183 = PCURVE('',#13021,#13184);
#13184 = DEFINITIONAL_REPRESENTATION('',(#13185),#13188);
#13185 = B_SPLINE_CURVE_WITH_KNOTS('',1,(#13186,#13187),.UNSPECIFIED.,
  .F.,.F.,(2,2),(-2.1,-9.999999999999E-02),.PIECEWISE_BEZIER_KNOTS.);
#13186 = CARTESIAN_POINT('',(2.,0.67));
#13187 = CARTESIAN_POINT('',(0.,0.67));
#13188 = ( GEOMETRIC_REPRESENTATION_CONTEXT(2) 
PARAMETRIC_REPRESENTATION_CONTEXT() REPRESENTATION_CONTEXT('2D SPACE',''
  ) );
#13189 = PCURVE('',#13048,#13190);
#13190 = DEFINITIONAL_REPRESENTATION('',(#13191),#13194);
#13191 = B_SPLINE_CURVE_WITH_KNOTS('',1,(#13192,#13193),.UNSPECIFIED.,
  .F.,.F.,(2,2),(-2.1,-9.999999999999E-02),.PIECEWISE_BEZIER_KNOTS.);
#13192 = CARTESIAN_POINT('',(5.E-02,2.2));
#13193 = CARTESIAN_POINT('',(5.E-02,0.2));
#13194 = ( GEOMETRIC_REPRESENTATION_CONTEXT(2) 
PARAMETRIC_REPRESENTATION_CONTEXT() REPRESENTATION_CONTEXT('2D SPACE',''
  ) );
#13195 = ADVANCED_FACE('',(#13196),#13048,.T.);
#13196 = FACE_BOUND('',#13197,.T.);
#13197 = EDGE_LOOP('',(#13198,#13221,#13240,#13241));
#13198 = ORIENTED_EDGE('',*,*,#13199,.T.);
#13199 = EDGE_CURVE('',#13034,#13200,#13202,.T.);
#13200 = VERTEX_POINT('',#13201);
#13201 = CARTESIAN_POINT('',(69.,0.12,2.55));
#13202 = SURFACE_CURVE('',#13203,(#13207,#13214),.PCURVE_S1.);
#13203 = LINE('',#13204,#13205);
#13204 = CARTESIAN_POINT('',(66.8,0.12,2.55));
#13205 = VECTOR('',#13206,1.);
#13206 = DIRECTION('',(1.,0.,0.));
#13207 = PCURVE('',#13048,#13208);
#13208 = DEFINITIONAL_REPRESENTATION('',(#13209),#13213);
#13209 = LINE('',#13210,#13211);
#13210 = CARTESIAN_POINT('',(0.8,0.));
#13211 = VECTOR('',#13212,1.);
#13212 = DIRECTION('',(0.,1.));
#13213 = ( GEOMETRIC_REPRESENTATION_CONTEXT(2) 
PARAMETRIC_REPRESENTATION_CONTEXT() REPRESENTATION_CONTEXT('2D SPACE',''
  ) );
#13214 = PCURVE('',#13074,#13215);
#13215 = DEFINITIONAL_REPRESENTATION('',(#13216),#13220);
#13216 = LINE('',#13217,#13218);
#13217 = CARTESIAN_POINT('',(0.,0.));
#13218 = VECTOR('',#13219,1.);
#13219 = DIRECTION('',(1.,0.));
#13220 = ( GEOMETRIC_REPRESENTATION_CONTEXT(2) 
PARAMETRIC_REPRESENTATION_CONTEXT() REPRESENTATION_CONTEXT('2D SPACE',''
  ) );
#13221 = ORIENTED_EDGE('',*,*,#13222,.F.);
#13222 = EDGE_CURVE('',#13155,#13200,#13223,.T.);
#13223 = SURFACE_CURVE('',#13224,(#13228,#13234),.PCURVE_S1.);
#13224 = LINE('',#13225,#13226);
#13225 = CARTESIAN_POINT('',(69.,0.12,1.775));
#13226 = VECTOR('',#13227,1.);
#13227 = DIRECTION('',(0.,0.,1.));
#13228 = PCURVE('',#13048,#13229);
#13229 = DEFINITIONAL_REPRESENTATION('',(#13230),#13233);
#13230 = B_SPLINE_CURVE_WITH_KNOTS('',1,(#13231,#13232),.UNSPECIFIED.,
  .F.,.F.,(2,2),(2.5E-02,0.775),.PIECEWISE_BEZIER_KNOTS.);
#13231 = CARTESIAN_POINT('',(5.E-02,2.2));
#13232 = CARTESIAN_POINT('',(0.8,2.2));
#13233 = ( GEOMETRIC_REPRESENTATION_CONTEXT(2) 
PARAMETRIC_REPRESENTATION_CONTEXT() REPRESENTATION_CONTEXT('2D SPACE',''
  ) );
#13234 = PCURVE('',#6649,#13235);
#13235 = DEFINITIONAL_REPRESENTATION('',(#13236),#13239);
#13236 = B_SPLINE_CURVE_WITH_KNOTS('',1,(#13237,#13238),.UNSPECIFIED.,
  .F.,.F.,(2,2),(2.5E-02,0.775),.PIECEWISE_BEZIER_KNOTS.);
#13237 = CARTESIAN_POINT('',(0.,-0.67));
#13238 = CARTESIAN_POINT('',(0.75,-0.67));
#13239 = ( GEOMETRIC_REPRESENTATION_CONTEXT(2) 
PARAMETRIC_REPRESENTATION_CONTEXT() REPRESENTATION_CONTEXT('2D SPACE',''
  ) );
#13240 = ORIENTED_EDGE('',*,*,#13177,.T.);
#13241 = ORIENTED_EDGE('',*,*,#13033,.T.);
#13242 = ADVANCED_FACE('',(#13243),#13074,.F.);
#13243 = FACE_BOUND('',#13244,.F.);
#13244 = EDGE_LOOP('',(#13245,#13246,#13247,#13268));
#13245 = ORIENTED_EDGE('',*,*,#13059,.T.);
#13246 = ORIENTED_EDGE('',*,*,#13199,.T.);
#13247 = ORIENTED_EDGE('',*,*,#13248,.F.);
#13248 = EDGE_CURVE('',#13249,#13200,#13251,.T.);
#13249 = VERTEX_POINT('',#13250);
#13250 = CARTESIAN_POINT('',(69.,1.15,2.55));
#13251 = SURFACE_CURVE('',#13252,(#13256,#13262),.PCURVE_S1.);
#13252 = LINE('',#13253,#13254);
#13253 = CARTESIAN_POINT('',(69.,-0.215,2.55));
#13254 = VECTOR('',#13255,1.);
#13255 = DIRECTION('',(0.,-1.,0.));
#13256 = PCURVE('',#13074,#13257);
#13257 = DEFINITIONAL_REPRESENTATION('',(#13258),#13261);
#13258 = B_SPLINE_CURVE_WITH_KNOTS('',1,(#13259,#13260),.UNSPECIFIED.,
  .F.,.F.,(2,2),(-1.365,-0.335),.PIECEWISE_BEZIER_KNOTS.);
#13259 = CARTESIAN_POINT('',(2.2,1.03));
#13260 = CARTESIAN_POINT('',(2.2,0.));
#13261 = ( GEOMETRIC_REPRESENTATION_CONTEXT(2) 
PARAMETRIC_REPRESENTATION_CONTEXT() REPRESENTATION_CONTEXT('2D SPACE',''
  ) );
#13262 = PCURVE('',#6649,#13263);
#13263 = DEFINITIONAL_REPRESENTATION('',(#13264),#13267);
#13264 = B_SPLINE_CURVE_WITH_KNOTS('',1,(#13265,#13266),.UNSPECIFIED.,
  .F.,.F.,(2,2),(-1.365,-0.335),.PIECEWISE_BEZIER_KNOTS.);
#13265 = CARTESIAN_POINT('',(0.75,-1.7));
#13266 = CARTESIAN_POINT('',(0.75,-0.67));
#13267 = ( GEOMETRIC_REPRESENTATION_CONTEXT(2) 
PARAMETRIC_REPRESENTATION_CONTEXT() REPRESENTATION_CONTEXT('2D SPACE',''
  ) );
#13268 = ORIENTED_EDGE('',*,*,#13269,.F.);
#13269 = EDGE_CURVE('',#13060,#13249,#13270,.T.);
#13270 = SURFACE_CURVE('',#13271,(#13275,#13281),.PCURVE_S1.);
#13271 = LINE('',#13272,#13273);
#13272 = CARTESIAN_POINT('',(66.9,1.15,2.55));
#13273 = VECTOR('',#13274,1.);
#13274 = DIRECTION('',(1.,0.,0.));
#13275 = PCURVE('',#13074,#13276);
#13276 = DEFINITIONAL_REPRESENTATION('',(#13277),#13280);
#13277 = B_SPLINE_CURVE_WITH_KNOTS('',1,(#13278,#13279),.UNSPECIFIED.,
  .F.,.F.,(2,2),(9.999999999999E-02,2.1),.PIECEWISE_BEZIER_KNOTS.);
#13278 = CARTESIAN_POINT('',(0.2,1.03));
#13279 = CARTESIAN_POINT('',(2.2,1.03));
#13280 = ( GEOMETRIC_REPRESENTATION_CONTEXT(2) 
PARAMETRIC_REPRESENTATION_CONTEXT() REPRESENTATION_CONTEXT('2D SPACE',''
  ) );
#13281 = PCURVE('',#6623,#13282);
#13282 = DEFINITIONAL_REPRESENTATION('',(#13283),#13286);
#13283 = B_SPLINE_CURVE_WITH_KNOTS('',1,(#13284,#13285),.UNSPECIFIED.,
  .F.,.F.,(2,2),(9.999999999999E-02,2.1),.PIECEWISE_BEZIER_KNOTS.);
#13284 = CARTESIAN_POINT('',(0.75,0.));
#13285 = CARTESIAN_POINT('',(0.75,2.));
#13286 = ( GEOMETRIC_REPRESENTATION_CONTEXT(2) 
PARAMETRIC_REPRESENTATION_CONTEXT() REPRESENTATION_CONTEXT('2D SPACE',''
  ) );
#13287 = ADVANCED_FACE('',(#13288),#12993,.F.);
#13288 = FACE_BOUND('',#13289,.F.);
#13289 = EDGE_LOOP('',(#13290,#13313,#13314,#13315));
#13290 = ORIENTED_EDGE('',*,*,#13291,.F.);
#13291 = EDGE_CURVE('',#13132,#13292,#13294,.T.);
#13292 = VERTEX_POINT('',#13293);
#13293 = CARTESIAN_POINT('',(69.,-0.55,6.6));
#13294 = SURFACE_CURVE('',#13295,(#13299,#13306),.PCURVE_S1.);
#13295 = LINE('',#13296,#13297);
#13296 = CARTESIAN_POINT('',(69.,-0.55,1.8));
#13297 = VECTOR('',#13298,1.);
#13298 = DIRECTION('',(0.,0.,1.));
#13299 = PCURVE('',#12993,#13300);
#13300 = DEFINITIONAL_REPRESENTATION('',(#13301),#13305);
#13301 = LINE('',#13302,#13303);
#13302 = CARTESIAN_POINT('',(0.,2.));
#13303 = VECTOR('',#13304,1.);
#13304 = DIRECTION('',(1.,0.));
#13305 = ( GEOMETRIC_REPRESENTATION_CONTEXT(2) 
PARAMETRIC_REPRESENTATION_CONTEXT() REPRESENTATION_CONTEXT('2D SPACE',''
  ) );
#13306 = PCURVE('',#6649,#13307);
#13307 = DEFINITIONAL_REPRESENTATION('',(#13308),#13312);
#13308 = LINE('',#13309,#13310);
#13309 = CARTESIAN_POINT('',(0.,0.));
#13310 = VECTOR('',#13311,1.);
#13311 = DIRECTION('',(1.,0.));
#13312 = ( GEOMETRIC_REPRESENTATION_CONTEXT(2) 
PARAMETRIC_REPRESENTATION_CONTEXT() REPRESENTATION_CONTEXT('2D SPACE',''
  ) );
#13313 = ORIENTED_EDGE('',*,*,#13131,.F.);
#13314 = ORIENTED_EDGE('',*,*,#12975,.T.);
#13315 = ORIENTED_EDGE('',*,*,#13316,.F.);
#13316 = EDGE_CURVE('',#13292,#12978,#13317,.T.);
#13317 = SURFACE_CURVE('',#13318,(#13322,#13328),.PCURVE_S1.);
#13318 = LINE('',#13319,#13320);
#13319 = CARTESIAN_POINT('',(33.2,-0.55,6.6));
#13320 = VECTOR('',#13321,1.);
#13321 = DIRECTION('',(-1.,0.,0.));
#13322 = PCURVE('',#12993,#13323);
#13323 = DEFINITIONAL_REPRESENTATION('',(#13324),#13327);
#13324 = B_SPLINE_CURVE_WITH_KNOTS('',1,(#13325,#13326),.UNSPECIFIED.,
  .F.,.F.,(2,2),(-35.8,-33.8),.PIECEWISE_BEZIER_KNOTS.);
#13325 = CARTESIAN_POINT('',(4.8,2.));
#13326 = CARTESIAN_POINT('',(4.8,0.));
#13327 = ( GEOMETRIC_REPRESENTATION_CONTEXT(2) 
PARAMETRIC_REPRESENTATION_CONTEXT() REPRESENTATION_CONTEXT('2D SPACE',''
  ) );
#13328 = PCURVE('',#2335,#13329);
#13329 = DEFINITIONAL_REPRESENTATION('',(#13330),#13333);
#13330 = B_SPLINE_CURVE_WITH_KNOTS('',1,(#13331,#13332),.UNSPECIFIED.,
  .F.,.F.,(2,2),(-35.8,-33.8),.PIECEWISE_BEZIER_KNOTS.);
#13331 = CARTESIAN_POINT('',(69.6,21.3));
#13332 = CARTESIAN_POINT('',(67.6,21.3));
#13333 = ( GEOMETRIC_REPRESENTATION_CONTEXT(2) 
PARAMETRIC_REPRESENTATION_CONTEXT() REPRESENTATION_CONTEXT('2D SPACE',''
  ) );
#13334 = ADVANCED_FACE('',(#13335),#6623,.T.);
#13335 = FACE_BOUND('',#13336,.T.);
#13336 = EDGE_LOOP('',(#13337,#13358,#13359,#13360));
#13337 = ORIENTED_EDGE('',*,*,#13338,.F.);
#13338 = EDGE_CURVE('',#13249,#6609,#13339,.T.);
#13339 = SURFACE_CURVE('',#13340,(#13344,#13351),.PCURVE_S1.);
#13340 = LINE('',#13341,#13342);
#13341 = CARTESIAN_POINT('',(69.,1.15,1.8));
#13342 = VECTOR('',#13343,1.);
#13343 = DIRECTION('',(0.,0.,1.));
#13344 = PCURVE('',#6623,#13345);
#13345 = DEFINITIONAL_REPRESENTATION('',(#13346),#13350);
#13346 = LINE('',#13347,#13348);
#13347 = CARTESIAN_POINT('',(0.,2.));
#13348 = VECTOR('',#13349,1.);
#13349 = DIRECTION('',(1.,0.));
#13350 = ( GEOMETRIC_REPRESENTATION_CONTEXT(2) 
PARAMETRIC_REPRESENTATION_CONTEXT() REPRESENTATION_CONTEXT('2D SPACE',''
  ) );
#13351 = PCURVE('',#6649,#13352);
#13352 = DEFINITIONAL_REPRESENTATION('',(#13353),#13357);
#13353 = LINE('',#13354,#13355);
#13354 = CARTESIAN_POINT('',(0.,-1.7));
#13355 = VECTOR('',#13356,1.);
#13356 = DIRECTION('',(1.,0.));
#13357 = ( GEOMETRIC_REPRESENTATION_CONTEXT(2) 
PARAMETRIC_REPRESENTATION_CONTEXT() REPRESENTATION_CONTEXT('2D SPACE',''
  ) );
#13358 = ORIENTED_EDGE('',*,*,#13269,.F.);
#13359 = ORIENTED_EDGE('',*,*,#13085,.T.);
#13360 = ORIENTED_EDGE('',*,*,#6608,.F.);
#13361 = ADVANCED_FACE('',(#13362),#6649,.T.);
#13362 = FACE_BOUND('',#13363,.T.);
#13363 = EDGE_LOOP('',(#13364,#13365,#13366,#13367,#13368,#13369,#13370,
    #13391));
#13364 = ORIENTED_EDGE('',*,*,#13291,.F.);
#13365 = ORIENTED_EDGE('',*,*,#13154,.T.);
#13366 = ORIENTED_EDGE('',*,*,#13222,.T.);
#13367 = ORIENTED_EDGE('',*,*,#13248,.F.);
#13368 = ORIENTED_EDGE('',*,*,#13338,.T.);
#13369 = ORIENTED_EDGE('',*,*,#6634,.F.);
#13370 = ORIENTED_EDGE('',*,*,#13371,.F.);
#13371 = EDGE_CURVE('',#13372,#6635,#13374,.T.);
#13372 = VERTEX_POINT('',#13373);
#13373 = CARTESIAN_POINT('',(69.,0.7,6.6));
#13374 = SURFACE_CURVE('',#13375,(#13379,#13385),.PCURVE_S1.);
#13375 = LINE('',#13376,#13377);
#13376 = CARTESIAN_POINT('',(69.,0.7,-0.55));
#13377 = VECTOR('',#13378,1.);
#13378 = DIRECTION('',(0.,0.,-1.));
#13379 = PCURVE('',#6649,#13380);
#13380 = DEFINITIONAL_REPRESENTATION('',(#13381),#13384);
#13381 = B_SPLINE_CURVE_WITH_KNOTS('',1,(#13382,#13383),.UNSPECIFIED.,
  .F.,.F.,(2,2),(-7.15,-4.95),.PIECEWISE_BEZIER_KNOTS.);
#13382 = CARTESIAN_POINT('',(4.8,-1.25));
#13383 = CARTESIAN_POINT('',(2.6,-1.25));
#13384 = ( GEOMETRIC_REPRESENTATION_CONTEXT(2) 
PARAMETRIC_REPRESENTATION_CONTEXT() REPRESENTATION_CONTEXT('2D SPACE',''
  ) );
#13385 = PCURVE('',#6675,#13386);
#13386 = DEFINITIONAL_REPRESENTATION('',(#13387),#13390);
#13387 = B_SPLINE_CURVE_WITH_KNOTS('',1,(#13388,#13389),.UNSPECIFIED.,
  .F.,.F.,(2,2),(-7.15,-4.95),.PIECEWISE_BEZIER_KNOTS.);
#13388 = CARTESIAN_POINT('',(9.5,69.6));
#13389 = CARTESIAN_POINT('',(7.3,69.6));
#13390 = ( GEOMETRIC_REPRESENTATION_CONTEXT(2) 
PARAMETRIC_REPRESENTATION_CONTEXT() REPRESENTATION_CONTEXT('2D SPACE',''
  ) );
#13391 = ORIENTED_EDGE('',*,*,#13392,.F.);
#13392 = EDGE_CURVE('',#13292,#13372,#13393,.T.);
#13393 = SURFACE_CURVE('',#13394,(#13398,#13404),.PCURVE_S1.);
#13394 = LINE('',#13395,#13396);
#13395 = CARTESIAN_POINT('',(69.,-11.2,6.6));
#13396 = VECTOR('',#13397,1.);
#13397 = DIRECTION('',(0.,1.,0.));
#13398 = PCURVE('',#6649,#13399);
#13399 = DEFINITIONAL_REPRESENTATION('',(#13400),#13403);
#13400 = B_SPLINE_CURVE_WITH_KNOTS('',1,(#13401,#13402),.UNSPECIFIED.,
  .F.,.F.,(2,2),(10.65,11.9),.PIECEWISE_BEZIER_KNOTS.);
#13401 = CARTESIAN_POINT('',(4.8,0.));
#13402 = CARTESIAN_POINT('',(4.8,-1.25));
#13403 = ( GEOMETRIC_REPRESENTATION_CONTEXT(2) 
PARAMETRIC_REPRESENTATION_CONTEXT() REPRESENTATION_CONTEXT('2D SPACE',''
  ) );
#13404 = PCURVE('',#2335,#13405);
#13405 = DEFINITIONAL_REPRESENTATION('',(#13406),#13409);
#13406 = B_SPLINE_CURVE_WITH_KNOTS('',1,(#13407,#13408),.UNSPECIFIED.,
  .F.,.F.,(2,2),(10.65,11.9),.PIECEWISE_BEZIER_KNOTS.);
#13407 = CARTESIAN_POINT('',(69.6,21.3));
#13408 = CARTESIAN_POINT('',(69.6,22.55));
#13409 = ( GEOMETRIC_REPRESENTATION_CONTEXT(2) 
PARAMETRIC_REPRESENTATION_CONTEXT() REPRESENTATION_CONTEXT('2D SPACE',''
  ) );
#13410 = ADVANCED_FACE('',(#13411),#6675,.F.);
#13411 = FACE_BOUND('',#13412,.F.);
#13412 = EDGE_LOOP('',(#13413,#13438,#13464,#13483,#13484,#13485));
#13413 = ORIENTED_EDGE('',*,*,#13414,.F.);
#13414 = EDGE_CURVE('',#13415,#13417,#13419,.T.);
#13415 = VERTEX_POINT('',#13416);
#13416 = CARTESIAN_POINT('',(73.4,0.7,6.2));
#13417 = VERTEX_POINT('',#13418);
#13418 = CARTESIAN_POINT('',(73.4,0.7,6.6));
#13419 = SURFACE_CURVE('',#13420,(#13424,#13431),.PCURVE_S1.);
#13420 = LINE('',#13421,#13422);
#13421 = CARTESIAN_POINT('',(73.4,0.7,-2.9));
#13422 = VECTOR('',#13423,1.);
#13423 = DIRECTION('',(0.,0.,1.));
#13424 = PCURVE('',#6675,#13425);
#13425 = DEFINITIONAL_REPRESENTATION('',(#13426),#13430);
#13426 = LINE('',#13427,#13428);
#13427 = CARTESIAN_POINT('',(0.,74.));
#13428 = VECTOR('',#13429,1.);
#13429 = DIRECTION('',(1.,0.));
#13430 = ( GEOMETRIC_REPRESENTATION_CONTEXT(2) 
PARAMETRIC_REPRESENTATION_CONTEXT() REPRESENTATION_CONTEXT('2D SPACE',''
  ) );
#13431 = PCURVE('',#5798,#13432);
#13432 = DEFINITIONAL_REPRESENTATION('',(#13433),#13437);
#13433 = LINE('',#13434,#13435);
#13434 = CARTESIAN_POINT('',(0.,-22.55));
#13435 = VECTOR('',#13436,1.);
#13436 = DIRECTION('',(1.,0.));
#13437 = ( GEOMETRIC_REPRESENTATION_CONTEXT(2) 
PARAMETRIC_REPRESENTATION_CONTEXT() REPRESENTATION_CONTEXT('2D SPACE',''
  ) );
#13438 = ORIENTED_EDGE('',*,*,#13439,.F.);
#13439 = EDGE_CURVE('',#13440,#13415,#13442,.T.);
#13440 = VERTEX_POINT('',#13441);
#13441 = CARTESIAN_POINT('',(69.55,0.7,6.2));
#13442 = SURFACE_CURVE('',#13443,(#13447,#13453),.PCURVE_S1.);
#13443 = LINE('',#13444,#13445);
#13444 = CARTESIAN_POINT('',(34.475,0.7,6.2));
#13445 = VECTOR('',#13446,1.);
#13446 = DIRECTION('',(1.,0.,0.));
#13447 = PCURVE('',#6675,#13448);
#13448 = DEFINITIONAL_REPRESENTATION('',(#13449),#13452);
#13449 = B_SPLINE_CURVE_WITH_KNOTS('',1,(#13450,#13451),.UNSPECIFIED.,
  .F.,.F.,(2,2),(35.075,38.925),.PIECEWISE_BEZIER_KNOTS.);
#13450 = CARTESIAN_POINT('',(9.1,70.15));
#13451 = CARTESIAN_POINT('',(9.1,74.));
#13452 = ( GEOMETRIC_REPRESENTATION_CONTEXT(2) 
PARAMETRIC_REPRESENTATION_CONTEXT() REPRESENTATION_CONTEXT('2D SPACE',''
  ) );
#13453 = PCURVE('',#13454,#13459);
#13454 = PLANE('',#13455);
#13455 = AXIS2_PLACEMENT_3D('',#13456,#13457,#13458);
#13456 = CARTESIAN_POINT('',(69.55,0.,6.2));
#13457 = DIRECTION('',(0.,0.,1.));
#13458 = DIRECTION('',(1.,0.,0.));
#13459 = DEFINITIONAL_REPRESENTATION('',(#13460),#13463);
#13460 = B_SPLINE_CURVE_WITH_KNOTS('',1,(#13461,#13462),.UNSPECIFIED.,
  .F.,.F.,(2,2),(35.075,38.925),.PIECEWISE_BEZIER_KNOTS.);
#13461 = CARTESIAN_POINT('',(0.,0.7));
#13462 = CARTESIAN_POINT('',(3.85,0.7));
#13463 = ( GEOMETRIC_REPRESENTATION_CONTEXT(2) 
PARAMETRIC_REPRESENTATION_CONTEXT() REPRESENTATION_CONTEXT('2D SPACE',''
  ) );
#13464 = ORIENTED_EDGE('',*,*,#13465,.T.);
#13465 = EDGE_CURVE('',#13440,#6661,#13466,.T.);
#13466 = SURFACE_CURVE('',#13467,(#13471,#13477),.PCURVE_S1.);
#13467 = LINE('',#13468,#13469);
#13468 = CARTESIAN_POINT('',(69.55,0.7,0.7));
#13469 = VECTOR('',#13470,1.);
#13470 = DIRECTION('',(0.,0.,-1.));
#13471 = PCURVE('',#6675,#13472);
#13472 = DEFINITIONAL_REPRESENTATION('',(#13473),#13476);
#13473 = B_SPLINE_CURVE_WITH_KNOTS('',1,(#13474,#13475),.UNSPECIFIED.,
  .F.,.F.,(2,2),(-5.5,-3.7),.PIECEWISE_BEZIER_KNOTS.);
#13474 = CARTESIAN_POINT('',(9.1,70.15));
#13475 = CARTESIAN_POINT('',(7.3,70.15));
#13476 = ( GEOMETRIC_REPRESENTATION_CONTEXT(2) 
PARAMETRIC_REPRESENTATION_CONTEXT() REPRESENTATION_CONTEXT('2D SPACE',''
  ) );
#13477 = PCURVE('',#6701,#13478);
#13478 = DEFINITIONAL_REPRESENTATION('',(#13479),#13482);
#13479 = B_SPLINE_CURVE_WITH_KNOTS('',1,(#13480,#13481),.UNSPECIFIED.,
  .F.,.F.,(2,2),(-5.5,-3.7),.PIECEWISE_BEZIER_KNOTS.);
#13480 = CARTESIAN_POINT('',(1.9,-0.7));
#13481 = CARTESIAN_POINT('',(0.1,-0.7));
#13482 = ( GEOMETRIC_REPRESENTATION_CONTEXT(2) 
PARAMETRIC_REPRESENTATION_CONTEXT() REPRESENTATION_CONTEXT('2D SPACE',''
  ) );
#13483 = ORIENTED_EDGE('',*,*,#6660,.T.);
#13484 = ORIENTED_EDGE('',*,*,#13371,.F.);
#13485 = ORIENTED_EDGE('',*,*,#13486,.T.);
#13486 = EDGE_CURVE('',#13372,#13417,#13487,.T.);
#13487 = SURFACE_CURVE('',#13488,(#13492,#13499),.PCURVE_S1.);
#13488 = LINE('',#13489,#13490);
#13489 = CARTESIAN_POINT('',(-0.6,0.7,6.6));
#13490 = VECTOR('',#13491,1.);
#13491 = DIRECTION('',(1.,0.,0.));
#13492 = PCURVE('',#6675,#13493);
#13493 = DEFINITIONAL_REPRESENTATION('',(#13494),#13498);
#13494 = LINE('',#13495,#13496);
#13495 = CARTESIAN_POINT('',(9.5,0.));
#13496 = VECTOR('',#13497,1.);
#13497 = DIRECTION('',(0.,1.));
#13498 = ( GEOMETRIC_REPRESENTATION_CONTEXT(2) 
PARAMETRIC_REPRESENTATION_CONTEXT() REPRESENTATION_CONTEXT('2D SPACE',''
  ) );
#13499 = PCURVE('',#2335,#13500);
#13500 = DEFINITIONAL_REPRESENTATION('',(#13501),#13505);
#13501 = LINE('',#13502,#13503);
#13502 = CARTESIAN_POINT('',(0.,22.55));
#13503 = VECTOR('',#13504,1.);
#13504 = DIRECTION('',(1.,0.));
#13505 = ( GEOMETRIC_REPRESENTATION_CONTEXT(2) 
PARAMETRIC_REPRESENTATION_CONTEXT() REPRESENTATION_CONTEXT('2D SPACE',''
  ) );
#13506 = ADVANCED_FACE('',(#13507),#13454,.F.);
#13507 = FACE_BOUND('',#13508,.F.);
#13508 = EDGE_LOOP('',(#13509,#13532,#13533,#13554,#13577,#13600));
#13509 = ORIENTED_EDGE('',*,*,#13510,.F.);
#13510 = EDGE_CURVE('',#13440,#13511,#13513,.T.);
#13511 = VERTEX_POINT('',#13512);
#13512 = CARTESIAN_POINT('',(69.55,1.35,6.2));
#13513 = SURFACE_CURVE('',#13514,(#13518,#13525),.PCURVE_S1.);
#13514 = LINE('',#13515,#13516);
#13515 = CARTESIAN_POINT('',(69.55,0.,6.2));
#13516 = VECTOR('',#13517,1.);
#13517 = DIRECTION('',(0.,1.,0.));
#13518 = PCURVE('',#13454,#13519);
#13519 = DEFINITIONAL_REPRESENTATION('',(#13520),#13524);
#13520 = LINE('',#13521,#13522);
#13521 = CARTESIAN_POINT('',(0.,0.));
#13522 = VECTOR('',#13523,1.);
#13523 = DIRECTION('',(0.,1.));
#13524 = ( GEOMETRIC_REPRESENTATION_CONTEXT(2) 
PARAMETRIC_REPRESENTATION_CONTEXT() REPRESENTATION_CONTEXT('2D SPACE',''
  ) );
#13525 = PCURVE('',#6701,#13526);
#13526 = DEFINITIONAL_REPRESENTATION('',(#13527),#13531);
#13527 = LINE('',#13528,#13529);
#13528 = CARTESIAN_POINT('',(1.9,0.));
#13529 = VECTOR('',#13530,1.);
#13530 = DIRECTION('',(0.,-1.));
#13531 = ( GEOMETRIC_REPRESENTATION_CONTEXT(2) 
PARAMETRIC_REPRESENTATION_CONTEXT() REPRESENTATION_CONTEXT('2D SPACE',''
  ) );
#13532 = ORIENTED_EDGE('',*,*,#13439,.T.);
#13533 = ORIENTED_EDGE('',*,*,#13534,.T.);
#13534 = EDGE_CURVE('',#13415,#13535,#13537,.T.);
#13535 = VERTEX_POINT('',#13536);
#13536 = CARTESIAN_POINT('',(73.4,0.,6.2));
#13537 = SURFACE_CURVE('',#13538,(#13542,#13548),.PCURVE_S1.);
#13538 = LINE('',#13539,#13540);
#13539 = CARTESIAN_POINT('',(73.4,-10.925,6.2));
#13540 = VECTOR('',#13541,1.);
#13541 = DIRECTION('',(0.,-1.,0.));
#13542 = PCURVE('',#13454,#13543);
#13543 = DEFINITIONAL_REPRESENTATION('',(#13544),#13547);
#13544 = B_SPLINE_CURVE_WITH_KNOTS('',1,(#13545,#13546),.UNSPECIFIED.,
  .F.,.F.,(2,2),(-11.625,-10.925),.PIECEWISE_BEZIER_KNOTS.);
#13545 = CARTESIAN_POINT('',(3.85,0.7));
#13546 = CARTESIAN_POINT('',(3.85,0.));
#13547 = ( GEOMETRIC_REPRESENTATION_CONTEXT(2) 
PARAMETRIC_REPRESENTATION_CONTEXT() REPRESENTATION_CONTEXT('2D SPACE',''
  ) );
#13548 = PCURVE('',#5798,#13549);
#13549 = DEFINITIONAL_REPRESENTATION('',(#13550),#13553);
#13550 = B_SPLINE_CURVE_WITH_KNOTS('',1,(#13551,#13552),.UNSPECIFIED.,
  .F.,.F.,(2,2),(-11.625,-10.925),.PIECEWISE_BEZIER_KNOTS.);
#13551 = CARTESIAN_POINT('',(9.1,-22.55));
#13552 = CARTESIAN_POINT('',(9.1,-21.85));
#13553 = ( GEOMETRIC_REPRESENTATION_CONTEXT(2) 
PARAMETRIC_REPRESENTATION_CONTEXT() REPRESENTATION_CONTEXT('2D SPACE',''
  ) );
#13554 = ORIENTED_EDGE('',*,*,#13555,.T.);
#13555 = EDGE_CURVE('',#13535,#13556,#13558,.T.);
#13556 = VERTEX_POINT('',#13557);
#13557 = CARTESIAN_POINT('',(73.45,0.,6.2));
#13558 = SURFACE_CURVE('',#13559,(#13563,#13570),.PCURVE_S1.);
#13559 = LINE('',#13560,#13561);
#13560 = CARTESIAN_POINT('',(69.55,0.,6.2));
#13561 = VECTOR('',#13562,1.);
#13562 = DIRECTION('',(1.,0.,0.));
#13563 = PCURVE('',#13454,#13564);
#13564 = DEFINITIONAL_REPRESENTATION('',(#13565),#13569);
#13565 = LINE('',#13566,#13567);
#13566 = CARTESIAN_POINT('',(0.,0.));
#13567 = VECTOR('',#13568,1.);
#13568 = DIRECTION('',(1.,0.));
#13569 = ( GEOMETRIC_REPRESENTATION_CONTEXT(2) 
PARAMETRIC_REPRESENTATION_CONTEXT() REPRESENTATION_CONTEXT('2D SPACE',''
  ) );
#13570 = PCURVE('',#6779,#13571);
#13571 = DEFINITIONAL_REPRESENTATION('',(#13572),#13576);
#13572 = LINE('',#13573,#13574);
#13573 = CARTESIAN_POINT('',(1.9,0.));
#13574 = VECTOR('',#13575,1.);
#13575 = DIRECTION('',(0.,1.));
#13576 = ( GEOMETRIC_REPRESENTATION_CONTEXT(2) 
PARAMETRIC_REPRESENTATION_CONTEXT() REPRESENTATION_CONTEXT('2D SPACE',''
  ) );
#13577 = ORIENTED_EDGE('',*,*,#13578,.T.);
#13578 = EDGE_CURVE('',#13556,#13579,#13581,.T.);
#13579 = VERTEX_POINT('',#13580);
#13580 = CARTESIAN_POINT('',(73.45,1.35,6.2));
#13581 = SURFACE_CURVE('',#13582,(#13586,#13593),.PCURVE_S1.);
#13582 = LINE('',#13583,#13584);
#13583 = CARTESIAN_POINT('',(73.45,0.,6.2));
#13584 = VECTOR('',#13585,1.);
#13585 = DIRECTION('',(0.,1.,0.));
#13586 = PCURVE('',#13454,#13587);
#13587 = DEFINITIONAL_REPRESENTATION('',(#13588),#13592);
#13588 = LINE('',#13589,#13590);
#13589 = CARTESIAN_POINT('',(3.9,0.));
#13590 = VECTOR('',#13591,1.);
#13591 = DIRECTION('',(0.,1.));
#13592 = ( GEOMETRIC_REPRESENTATION_CONTEXT(2) 
PARAMETRIC_REPRESENTATION_CONTEXT() REPRESENTATION_CONTEXT('2D SPACE',''
  ) );
#13593 = PCURVE('',#6753,#13594);
#13594 = DEFINITIONAL_REPRESENTATION('',(#13595),#13599);
#13595 = LINE('',#13596,#13597);
#13596 = CARTESIAN_POINT('',(1.9,0.));
#13597 = VECTOR('',#13598,1.);
#13598 = DIRECTION('',(0.,-1.));
#13599 = ( GEOMETRIC_REPRESENTATION_CONTEXT(2) 
PARAMETRIC_REPRESENTATION_CONTEXT() REPRESENTATION_CONTEXT('2D SPACE',''
  ) );
#13600 = ORIENTED_EDGE('',*,*,#13601,.F.);
#13601 = EDGE_CURVE('',#13511,#13579,#13602,.T.);
#13602 = SURFACE_CURVE('',#13603,(#13607,#13614),.PCURVE_S1.);
#13603 = LINE('',#13604,#13605);
#13604 = CARTESIAN_POINT('',(69.55,1.35,6.2));
#13605 = VECTOR('',#13606,1.);
#13606 = DIRECTION('',(1.,0.,0.));
#13607 = PCURVE('',#13454,#13608);
#13608 = DEFINITIONAL_REPRESENTATION('',(#13609),#13613);
#13609 = LINE('',#13610,#13611);
#13610 = CARTESIAN_POINT('',(0.,1.35));
#13611 = VECTOR('',#13612,1.);
#13612 = DIRECTION('',(1.,0.));
#13613 = ( GEOMETRIC_REPRESENTATION_CONTEXT(2) 
PARAMETRIC_REPRESENTATION_CONTEXT() REPRESENTATION_CONTEXT('2D SPACE',''
  ) );
#13614 = PCURVE('',#13615,#13620);
#13615 = PLANE('',#13616);
#13616 = AXIS2_PLACEMENT_3D('',#13617,#13618,#13619);
#13617 = CARTESIAN_POINT('',(69.55,1.35,4.3));
#13618 = DIRECTION('',(0.,1.,0.));
#13619 = DIRECTION('',(0.,0.,1.));
#13620 = DEFINITIONAL_REPRESENTATION('',(#13621),#13625);
#13621 = LINE('',#13622,#13623);
#13622 = CARTESIAN_POINT('',(1.9,0.));
#13623 = VECTOR('',#13624,1.);
#13624 = DIRECTION('',(0.,1.));
#13625 = ( GEOMETRIC_REPRESENTATION_CONTEXT(2) 
PARAMETRIC_REPRESENTATION_CONTEXT() REPRESENTATION_CONTEXT('2D SPACE',''
  ) );
#13626 = ADVANCED_FACE('',(#13627),#13615,.F.);
#13627 = FACE_BOUND('',#13628,.F.);
#13628 = EDGE_LOOP('',(#13629,#13652,#13678,#13699));
#13629 = ORIENTED_EDGE('',*,*,#13630,.F.);
#13630 = EDGE_CURVE('',#13631,#13579,#13633,.T.);
#13631 = VERTEX_POINT('',#13632);
#13632 = CARTESIAN_POINT('',(73.45,1.35,5.894594594595));
#13633 = SURFACE_CURVE('',#13634,(#13638,#13645),.PCURVE_S1.);
#13634 = LINE('',#13635,#13636);
#13635 = CARTESIAN_POINT('',(73.45,1.35,4.3));
#13636 = VECTOR('',#13637,1.);
#13637 = DIRECTION('',(0.,0.,1.));
#13638 = PCURVE('',#13615,#13639);
#13639 = DEFINITIONAL_REPRESENTATION('',(#13640),#13644);
#13640 = LINE('',#13641,#13642);
#13641 = CARTESIAN_POINT('',(0.,3.9));
#13642 = VECTOR('',#13643,1.);
#13643 = DIRECTION('',(1.,0.));
#13644 = ( GEOMETRIC_REPRESENTATION_CONTEXT(2) 
PARAMETRIC_REPRESENTATION_CONTEXT() REPRESENTATION_CONTEXT('2D SPACE',''
  ) );
#13645 = PCURVE('',#6753,#13646);
#13646 = DEFINITIONAL_REPRESENTATION('',(#13647),#13651);
#13647 = LINE('',#13648,#13649);
#13648 = CARTESIAN_POINT('',(0.,-1.35));
#13649 = VECTOR('',#13650,1.);
#13650 = DIRECTION('',(1.,0.));
#13651 = ( GEOMETRIC_REPRESENTATION_CONTEXT(2) 
PARAMETRIC_REPRESENTATION_CONTEXT() REPRESENTATION_CONTEXT('2D SPACE',''
  ) );
#13652 = ORIENTED_EDGE('',*,*,#13653,.T.);
#13653 = EDGE_CURVE('',#13631,#13654,#13656,.T.);
#13654 = VERTEX_POINT('',#13655);
#13655 = CARTESIAN_POINT('',(69.55,1.35,5.894594594595));
#13656 = SURFACE_CURVE('',#13657,(#13661,#13667),.PCURVE_S1.);
#13657 = LINE('',#13658,#13659);
#13658 = CARTESIAN_POINT('',(69.55,1.35,5.894594594595));
#13659 = VECTOR('',#13660,1.);
#13660 = DIRECTION('',(-1.,0.,-0.));
#13661 = PCURVE('',#13615,#13662);
#13662 = DEFINITIONAL_REPRESENTATION('',(#13663),#13666);
#13663 = B_SPLINE_CURVE_WITH_KNOTS('',1,(#13664,#13665),.UNSPECIFIED.,
  .F.,.F.,(2,2),(-3.9,0.),.PIECEWISE_BEZIER_KNOTS.);
#13664 = CARTESIAN_POINT('',(1.594594594595,3.9));
#13665 = CARTESIAN_POINT('',(1.594594594595,0.));
#13666 = ( GEOMETRIC_REPRESENTATION_CONTEXT(2) 
PARAMETRIC_REPRESENTATION_CONTEXT() REPRESENTATION_CONTEXT('2D SPACE',''
  ) );
#13667 = PCURVE('',#13668,#13673);
#13668 = PLANE('',#13669);
#13669 = AXIS2_PLACEMENT_3D('',#13670,#13671,#13672);
#13670 = CARTESIAN_POINT('',(69.55,1.7,5.45));
#13671 = DIRECTION('',(0.,-0.785737878313,-0.618559606331));
#13672 = DIRECTION('',(0.,-0.618559606331,0.785737878313));
#13673 = DEFINITIONAL_REPRESENTATION('',(#13674),#13677);
#13674 = B_SPLINE_CURVE_WITH_KNOTS('',1,(#13675,#13676),.UNSPECIFIED.,
  .F.,.F.,(2,2),(-3.9,0.),.PIECEWISE_BEZIER_KNOTS.);
#13675 = CARTESIAN_POINT('',(0.565830675682,-3.9));
#13676 = CARTESIAN_POINT('',(0.565830675682,0.));
#13677 = ( GEOMETRIC_REPRESENTATION_CONTEXT(2) 
PARAMETRIC_REPRESENTATION_CONTEXT() REPRESENTATION_CONTEXT('2D SPACE',''
  ) );
#13678 = ORIENTED_EDGE('',*,*,#13679,.T.);
#13679 = EDGE_CURVE('',#13654,#13511,#13680,.T.);
#13680 = SURFACE_CURVE('',#13681,(#13685,#13692),.PCURVE_S1.);
#13681 = LINE('',#13682,#13683);
#13682 = CARTESIAN_POINT('',(69.55,1.35,4.3));
#13683 = VECTOR('',#13684,1.);
#13684 = DIRECTION('',(0.,0.,1.));
#13685 = PCURVE('',#13615,#13686);
#13686 = DEFINITIONAL_REPRESENTATION('',(#13687),#13691);
#13687 = LINE('',#13688,#13689);
#13688 = CARTESIAN_POINT('',(0.,0.));
#13689 = VECTOR('',#13690,1.);
#13690 = DIRECTION('',(1.,0.));
#13691 = ( GEOMETRIC_REPRESENTATION_CONTEXT(2) 
PARAMETRIC_REPRESENTATION_CONTEXT() REPRESENTATION_CONTEXT('2D SPACE',''
  ) );
#13692 = PCURVE('',#6701,#13693);
#13693 = DEFINITIONAL_REPRESENTATION('',(#13694),#13698);
#13694 = LINE('',#13695,#13696);
#13695 = CARTESIAN_POINT('',(0.,-1.35));
#13696 = VECTOR('',#13697,1.);
#13697 = DIRECTION('',(1.,0.));
#13698 = ( GEOMETRIC_REPRESENTATION_CONTEXT(2) 
PARAMETRIC_REPRESENTATION_CONTEXT() REPRESENTATION_CONTEXT('2D SPACE',''
  ) );
#13699 = ORIENTED_EDGE('',*,*,#13601,.T.);
#13700 = ADVANCED_FACE('',(#13701),#13668,.T.);
#13701 = FACE_BOUND('',#13702,.T.);
#13702 = EDGE_LOOP('',(#13703,#13726,#13754,#13775));
#13703 = ORIENTED_EDGE('',*,*,#13704,.F.);
#13704 = EDGE_CURVE('',#13705,#13654,#13707,.T.);
#13705 = VERTEX_POINT('',#13706);
#13706 = CARTESIAN_POINT('',(69.55,1.7,5.45));
#13707 = SURFACE_CURVE('',#13708,(#13712,#13719),.PCURVE_S1.);
#13708 = LINE('',#13709,#13710);
#13709 = CARTESIAN_POINT('',(69.55,1.7,5.45));
#13710 = VECTOR('',#13711,1.);
#13711 = DIRECTION('',(0.,-0.618559606331,0.785737878313));
#13712 = PCURVE('',#13668,#13713);
#13713 = DEFINITIONAL_REPRESENTATION('',(#13714),#13718);
#13714 = LINE('',#13715,#13716);
#13715 = CARTESIAN_POINT('',(0.,0.));
#13716 = VECTOR('',#13717,1.);
#13717 = DIRECTION('',(1.,0.));
#13718 = ( GEOMETRIC_REPRESENTATION_CONTEXT(2) 
PARAMETRIC_REPRESENTATION_CONTEXT() REPRESENTATION_CONTEXT('2D SPACE',''
  ) );
#13719 = PCURVE('',#6701,#13720);
#13720 = DEFINITIONAL_REPRESENTATION('',(#13721),#13725);
#13721 = LINE('',#13722,#13723);
#13722 = CARTESIAN_POINT('',(1.15,-1.7));
#13723 = VECTOR('',#13724,1.);
#13724 = DIRECTION('',(0.785737878313,0.618559606331));
#13725 = ( GEOMETRIC_REPRESENTATION_CONTEXT(2) 
PARAMETRIC_REPRESENTATION_CONTEXT() REPRESENTATION_CONTEXT('2D SPACE',''
  ) );
#13726 = ORIENTED_EDGE('',*,*,#13727,.T.);
#13727 = EDGE_CURVE('',#13705,#13728,#13730,.T.);
#13728 = VERTEX_POINT('',#13729);
#13729 = CARTESIAN_POINT('',(73.45,1.7,5.45));
#13730 = SURFACE_CURVE('',#13731,(#13735,#13742),.PCURVE_S1.);
#13731 = LINE('',#13732,#13733);
#13732 = CARTESIAN_POINT('',(69.55,1.7,5.45));
#13733 = VECTOR('',#13734,1.);
#13734 = DIRECTION('',(1.,0.,0.));
#13735 = PCURVE('',#13668,#13736);
#13736 = DEFINITIONAL_REPRESENTATION('',(#13737),#13741);
#13737 = LINE('',#13738,#13739);
#13738 = CARTESIAN_POINT('',(0.,0.));
#13739 = VECTOR('',#13740,1.);
#13740 = DIRECTION('',(0.,-1.));
#13741 = ( GEOMETRIC_REPRESENTATION_CONTEXT(2) 
PARAMETRIC_REPRESENTATION_CONTEXT() REPRESENTATION_CONTEXT('2D SPACE',''
  ) );
#13742 = PCURVE('',#13743,#13748);
#13743 = PLANE('',#13744);
#13744 = AXIS2_PLACEMENT_3D('',#13745,#13746,#13747);
#13745 = CARTESIAN_POINT('',(69.55,1.7,5.15));
#13746 = DIRECTION('',(0.,-1.,0.));
#13747 = DIRECTION('',(0.,0.,1.));
#13748 = DEFINITIONAL_REPRESENTATION('',(#13749),#13753);
#13749 = LINE('',#13750,#13751);
#13750 = CARTESIAN_POINT('',(0.3,0.));
#13751 = VECTOR('',#13752,1.);
#13752 = DIRECTION('',(0.,-1.));
#13753 = ( GEOMETRIC_REPRESENTATION_CONTEXT(2) 
PARAMETRIC_REPRESENTATION_CONTEXT() REPRESENTATION_CONTEXT('2D SPACE',''
  ) );
#13754 = ORIENTED_EDGE('',*,*,#13755,.T.);
#13755 = EDGE_CURVE('',#13728,#13631,#13756,.T.);
#13756 = SURFACE_CURVE('',#13757,(#13761,#13768),.PCURVE_S1.);
#13757 = LINE('',#13758,#13759);
#13758 = CARTESIAN_POINT('',(73.45,1.7,5.45));
#13759 = VECTOR('',#13760,1.);
#13760 = DIRECTION('',(0.,-0.618559606331,0.785737878313));
#13761 = PCURVE('',#13668,#13762);
#13762 = DEFINITIONAL_REPRESENTATION('',(#13763),#13767);
#13763 = LINE('',#13764,#13765);
#13764 = CARTESIAN_POINT('',(0.,-3.9));
#13765 = VECTOR('',#13766,1.);
#13766 = DIRECTION('',(1.,0.));
#13767 = ( GEOMETRIC_REPRESENTATION_CONTEXT(2) 
PARAMETRIC_REPRESENTATION_CONTEXT() REPRESENTATION_CONTEXT('2D SPACE',''
  ) );
#13768 = PCURVE('',#6753,#13769);
#13769 = DEFINITIONAL_REPRESENTATION('',(#13770),#13774);
#13770 = LINE('',#13771,#13772);
#13771 = CARTESIAN_POINT('',(1.15,-1.7));
#13772 = VECTOR('',#13773,1.);
#13773 = DIRECTION('',(0.785737878313,0.618559606331));
#13774 = ( GEOMETRIC_REPRESENTATION_CONTEXT(2) 
PARAMETRIC_REPRESENTATION_CONTEXT() REPRESENTATION_CONTEXT('2D SPACE',''
  ) );
#13775 = ORIENTED_EDGE('',*,*,#13653,.T.);
#13776 = ADVANCED_FACE('',(#13777),#13743,.T.);
#13777 = FACE_BOUND('',#13778,.T.);
#13778 = EDGE_LOOP('',(#13779,#13809,#13830,#13831));
#13779 = ORIENTED_EDGE('',*,*,#13780,.T.);
#13780 = EDGE_CURVE('',#13781,#13783,#13785,.T.);
#13781 = VERTEX_POINT('',#13782);
#13782 = CARTESIAN_POINT('',(69.55,1.7,5.15));
#13783 = VERTEX_POINT('',#13784);
#13784 = CARTESIAN_POINT('',(73.45,1.7,5.15));
#13785 = SURFACE_CURVE('',#13786,(#13790,#13797),.PCURVE_S1.);
#13786 = LINE('',#13787,#13788);
#13787 = CARTESIAN_POINT('',(69.55,1.7,5.15));
#13788 = VECTOR('',#13789,1.);
#13789 = DIRECTION('',(1.,0.,0.));
#13790 = PCURVE('',#13743,#13791);
#13791 = DEFINITIONAL_REPRESENTATION('',(#13792),#13796);
#13792 = LINE('',#13793,#13794);
#13793 = CARTESIAN_POINT('',(0.,0.));
#13794 = VECTOR('',#13795,1.);
#13795 = DIRECTION('',(0.,-1.));
#13796 = ( GEOMETRIC_REPRESENTATION_CONTEXT(2) 
PARAMETRIC_REPRESENTATION_CONTEXT() REPRESENTATION_CONTEXT('2D SPACE',''
  ) );
#13797 = PCURVE('',#13798,#13803);
#13798 = PLANE('',#13799);
#13799 = AXIS2_PLACEMENT_3D('',#13800,#13801,#13802);
#13800 = CARTESIAN_POINT('',(69.55,1.33,4.8));
#13801 = DIRECTION('',(0.,-0.687199853876,0.726468416955));
#13802 = DIRECTION('',(0.,0.726468416955,0.687199853876));
#13803 = DEFINITIONAL_REPRESENTATION('',(#13804),#13808);
#13804 = LINE('',#13805,#13806);
#13805 = CARTESIAN_POINT('',(0.50931326313,0.));
#13806 = VECTOR('',#13807,1.);
#13807 = DIRECTION('',(0.,-1.));
#13808 = ( GEOMETRIC_REPRESENTATION_CONTEXT(2) 
PARAMETRIC_REPRESENTATION_CONTEXT() REPRESENTATION_CONTEXT('2D SPACE',''
  ) );
#13809 = ORIENTED_EDGE('',*,*,#13810,.T.);
#13810 = EDGE_CURVE('',#13783,#13728,#13811,.T.);
#13811 = SURFACE_CURVE('',#13812,(#13816,#13823),.PCURVE_S1.);
#13812 = LINE('',#13813,#13814);
#13813 = CARTESIAN_POINT('',(73.45,1.7,5.15));
#13814 = VECTOR('',#13815,1.);
#13815 = DIRECTION('',(0.,0.,1.));
#13816 = PCURVE('',#13743,#13817);
#13817 = DEFINITIONAL_REPRESENTATION('',(#13818),#13822);
#13818 = LINE('',#13819,#13820);
#13819 = CARTESIAN_POINT('',(0.,-3.9));
#13820 = VECTOR('',#13821,1.);
#13821 = DIRECTION('',(1.,0.));
#13822 = ( GEOMETRIC_REPRESENTATION_CONTEXT(2) 
PARAMETRIC_REPRESENTATION_CONTEXT() REPRESENTATION_CONTEXT('2D SPACE',''
  ) );
#13823 = PCURVE('',#6753,#13824);
#13824 = DEFINITIONAL_REPRESENTATION('',(#13825),#13829);
#13825 = LINE('',#13826,#13827);
#13826 = CARTESIAN_POINT('',(0.85,-1.7));
#13827 = VECTOR('',#13828,1.);
#13828 = DIRECTION('',(1.,0.));
#13829 = ( GEOMETRIC_REPRESENTATION_CONTEXT(2) 
PARAMETRIC_REPRESENTATION_CONTEXT() REPRESENTATION_CONTEXT('2D SPACE',''
  ) );
#13830 = ORIENTED_EDGE('',*,*,#13727,.F.);
#13831 = ORIENTED_EDGE('',*,*,#13832,.F.);
#13832 = EDGE_CURVE('',#13781,#13705,#13833,.T.);
#13833 = SURFACE_CURVE('',#13834,(#13838,#13845),.PCURVE_S1.);
#13834 = LINE('',#13835,#13836);
#13835 = CARTESIAN_POINT('',(69.55,1.7,5.15));
#13836 = VECTOR('',#13837,1.);
#13837 = DIRECTION('',(0.,0.,1.));
#13838 = PCURVE('',#13743,#13839);
#13839 = DEFINITIONAL_REPRESENTATION('',(#13840),#13844);
#13840 = LINE('',#13841,#13842);
#13841 = CARTESIAN_POINT('',(0.,0.));
#13842 = VECTOR('',#13843,1.);
#13843 = DIRECTION('',(1.,0.));
#13844 = ( GEOMETRIC_REPRESENTATION_CONTEXT(2) 
PARAMETRIC_REPRESENTATION_CONTEXT() REPRESENTATION_CONTEXT('2D SPACE',''
  ) );
#13845 = PCURVE('',#6701,#13846);
#13846 = DEFINITIONAL_REPRESENTATION('',(#13847),#13851);
#13847 = LINE('',#13848,#13849);
#13848 = CARTESIAN_POINT('',(0.85,-1.7));
#13849 = VECTOR('',#13850,1.);
#13850 = DIRECTION('',(1.,0.));
#13851 = ( GEOMETRIC_REPRESENTATION_CONTEXT(2) 
PARAMETRIC_REPRESENTATION_CONTEXT() REPRESENTATION_CONTEXT('2D SPACE',''
  ) );
#13852 = ADVANCED_FACE('',(#13853),#13798,.T.);
#13853 = FACE_BOUND('',#13854,.T.);
#13854 = EDGE_LOOP('',(#13855,#13878,#13899,#13920));
#13855 = ORIENTED_EDGE('',*,*,#13856,.F.);
#13856 = EDGE_CURVE('',#13857,#13781,#13859,.T.);
#13857 = VERTEX_POINT('',#13858);
#13858 = CARTESIAN_POINT('',(69.55,1.35,4.818918918919));
#13859 = SURFACE_CURVE('',#13860,(#13864,#13871),.PCURVE_S1.);
#13860 = LINE('',#13861,#13862);
#13861 = CARTESIAN_POINT('',(69.55,1.33,4.8));
#13862 = VECTOR('',#13863,1.);
#13863 = DIRECTION('',(0.,0.726468416955,0.687199853876));
#13864 = PCURVE('',#13798,#13865);
#13865 = DEFINITIONAL_REPRESENTATION('',(#13866),#13870);
#13866 = LINE('',#13867,#13868);
#13867 = CARTESIAN_POINT('',(0.,0.));
#13868 = VECTOR('',#13869,1.);
#13869 = DIRECTION('',(1.,0.));
#13870 = ( GEOMETRIC_REPRESENTATION_CONTEXT(2) 
PARAMETRIC_REPRESENTATION_CONTEXT() REPRESENTATION_CONTEXT('2D SPACE',''
  ) );
#13871 = PCURVE('',#6701,#13872);
#13872 = DEFINITIONAL_REPRESENTATION('',(#13873),#13877);
#13873 = LINE('',#13874,#13875);
#13874 = CARTESIAN_POINT('',(0.5,-1.33));
#13875 = VECTOR('',#13876,1.);
#13876 = DIRECTION('',(0.687199853876,-0.726468416955));
#13877 = ( GEOMETRIC_REPRESENTATION_CONTEXT(2) 
PARAMETRIC_REPRESENTATION_CONTEXT() REPRESENTATION_CONTEXT('2D SPACE',''
  ) );
#13878 = ORIENTED_EDGE('',*,*,#13879,.T.);
#13879 = EDGE_CURVE('',#13857,#13880,#13882,.T.);
#13880 = VERTEX_POINT('',#13881);
#13881 = CARTESIAN_POINT('',(73.45,1.35,4.818918918919));
#13882 = SURFACE_CURVE('',#13883,(#13887,#13893),.PCURVE_S1.);
#13883 = LINE('',#13884,#13885);
#13884 = CARTESIAN_POINT('',(69.55,1.35,4.818918918919));
#13885 = VECTOR('',#13886,1.);
#13886 = DIRECTION('',(1.,0.,-0.));
#13887 = PCURVE('',#13798,#13888);
#13888 = DEFINITIONAL_REPRESENTATION('',(#13889),#13892);
#13889 = B_SPLINE_CURVE_WITH_KNOTS('',1,(#13890,#13891),.UNSPECIFIED.,
  .F.,.F.,(2,2),(0.,3.9),.PIECEWISE_BEZIER_KNOTS.);
#13890 = CARTESIAN_POINT('',(2.753044665567E-02,0.));
#13891 = CARTESIAN_POINT('',(2.753044665567E-02,-3.9));
#13892 = ( GEOMETRIC_REPRESENTATION_CONTEXT(2) 
PARAMETRIC_REPRESENTATION_CONTEXT() REPRESENTATION_CONTEXT('2D SPACE',''
  ) );
#13893 = PCURVE('',#6727,#13894);
#13894 = DEFINITIONAL_REPRESENTATION('',(#13895),#13898);
#13895 = B_SPLINE_CURVE_WITH_KNOTS('',1,(#13896,#13897),.UNSPECIFIED.,
  .F.,.F.,(2,2),(0.,3.9),.PIECEWISE_BEZIER_KNOTS.);
#13896 = CARTESIAN_POINT('',(0.518918918919,0.));
#13897 = CARTESIAN_POINT('',(0.518918918919,3.9));
#13898 = ( GEOMETRIC_REPRESENTATION_CONTEXT(2) 
PARAMETRIC_REPRESENTATION_CONTEXT() REPRESENTATION_CONTEXT('2D SPACE',''
  ) );
#13899 = ORIENTED_EDGE('',*,*,#13900,.T.);
#13900 = EDGE_CURVE('',#13880,#13783,#13901,.T.);
#13901 = SURFACE_CURVE('',#13902,(#13906,#13913),.PCURVE_S1.);
#13902 = LINE('',#13903,#13904);
#13903 = CARTESIAN_POINT('',(73.45,1.33,4.8));
#13904 = VECTOR('',#13905,1.);
#13905 = DIRECTION('',(0.,0.726468416955,0.687199853876));
#13906 = PCURVE('',#13798,#13907);
#13907 = DEFINITIONAL_REPRESENTATION('',(#13908),#13912);
#13908 = LINE('',#13909,#13910);
#13909 = CARTESIAN_POINT('',(0.,-3.9));
#13910 = VECTOR('',#13911,1.);
#13911 = DIRECTION('',(1.,0.));
#13912 = ( GEOMETRIC_REPRESENTATION_CONTEXT(2) 
PARAMETRIC_REPRESENTATION_CONTEXT() REPRESENTATION_CONTEXT('2D SPACE',''
  ) );
#13913 = PCURVE('',#6753,#13914);
#13914 = DEFINITIONAL_REPRESENTATION('',(#13915),#13919);
#13915 = LINE('',#13916,#13917);
#13916 = CARTESIAN_POINT('',(0.5,-1.33));
#13917 = VECTOR('',#13918,1.);
#13918 = DIRECTION('',(0.687199853876,-0.726468416955));
#13919 = ( GEOMETRIC_REPRESENTATION_CONTEXT(2) 
PARAMETRIC_REPRESENTATION_CONTEXT() REPRESENTATION_CONTEXT('2D SPACE',''
  ) );
#13920 = ORIENTED_EDGE('',*,*,#13780,.F.);
#13921 = ADVANCED_FACE('',(#13922),#6701,.T.);
#13922 = FACE_BOUND('',#13923,.T.);
#13923 = EDGE_LOOP('',(#13924,#13925,#13926,#13927,#13948,#13949,#13950,
    #13951));
#13924 = ORIENTED_EDGE('',*,*,#13510,.F.);
#13925 = ORIENTED_EDGE('',*,*,#13465,.T.);
#13926 = ORIENTED_EDGE('',*,*,#6686,.T.);
#13927 = ORIENTED_EDGE('',*,*,#13928,.T.);
#13928 = EDGE_CURVE('',#6687,#13857,#13929,.T.);
#13929 = SURFACE_CURVE('',#13930,(#13934,#13941),.PCURVE_S1.);
#13930 = LINE('',#13931,#13932);
#13931 = CARTESIAN_POINT('',(69.55,1.35,4.3));
#13932 = VECTOR('',#13933,1.);
#13933 = DIRECTION('',(0.,0.,1.));
#13934 = PCURVE('',#6701,#13935);
#13935 = DEFINITIONAL_REPRESENTATION('',(#13936),#13940);
#13936 = LINE('',#13937,#13938);
#13937 = CARTESIAN_POINT('',(0.,-1.35));
#13938 = VECTOR('',#13939,1.);
#13939 = DIRECTION('',(1.,0.));
#13940 = ( GEOMETRIC_REPRESENTATION_CONTEXT(2) 
PARAMETRIC_REPRESENTATION_CONTEXT() REPRESENTATION_CONTEXT('2D SPACE',''
  ) );
#13941 = PCURVE('',#6727,#13942);
#13942 = DEFINITIONAL_REPRESENTATION('',(#13943),#13947);
#13943 = LINE('',#13944,#13945);
#13944 = CARTESIAN_POINT('',(0.,0.));
#13945 = VECTOR('',#13946,1.);
#13946 = DIRECTION('',(1.,0.));
#13947 = ( GEOMETRIC_REPRESENTATION_CONTEXT(2) 
PARAMETRIC_REPRESENTATION_CONTEXT() REPRESENTATION_CONTEXT('2D SPACE',''
  ) );
#13948 = ORIENTED_EDGE('',*,*,#13856,.T.);
#13949 = ORIENTED_EDGE('',*,*,#13832,.T.);
#13950 = ORIENTED_EDGE('',*,*,#13704,.T.);
#13951 = ORIENTED_EDGE('',*,*,#13679,.T.);
#13952 = ADVANCED_FACE('',(#13953),#6727,.F.);
#13953 = FACE_BOUND('',#13954,.F.);
#13954 = EDGE_LOOP('',(#13955,#13976,#13977,#13978));
#13955 = ORIENTED_EDGE('',*,*,#13956,.F.);
#13956 = EDGE_CURVE('',#6713,#13880,#13957,.T.);
#13957 = SURFACE_CURVE('',#13958,(#13962,#13969),.PCURVE_S1.);
#13958 = LINE('',#13959,#13960);
#13959 = CARTESIAN_POINT('',(73.45,1.35,4.3));
#13960 = VECTOR('',#13961,1.);
#13961 = DIRECTION('',(0.,0.,1.));
#13962 = PCURVE('',#6727,#13963);
#13963 = DEFINITIONAL_REPRESENTATION('',(#13964),#13968);
#13964 = LINE('',#13965,#13966);
#13965 = CARTESIAN_POINT('',(0.,3.9));
#13966 = VECTOR('',#13967,1.);
#13967 = DIRECTION('',(1.,0.));
#13968 = ( GEOMETRIC_REPRESENTATION_CONTEXT(2) 
PARAMETRIC_REPRESENTATION_CONTEXT() REPRESENTATION_CONTEXT('2D SPACE',''
  ) );
#13969 = PCURVE('',#6753,#13970);
#13970 = DEFINITIONAL_REPRESENTATION('',(#13971),#13975);
#13971 = LINE('',#13972,#13973);
#13972 = CARTESIAN_POINT('',(0.,-1.35));
#13973 = VECTOR('',#13974,1.);
#13974 = DIRECTION('',(1.,0.));
#13975 = ( GEOMETRIC_REPRESENTATION_CONTEXT(2) 
PARAMETRIC_REPRESENTATION_CONTEXT() REPRESENTATION_CONTEXT('2D SPACE',''
  ) );
#13976 = ORIENTED_EDGE('',*,*,#6712,.T.);
#13977 = ORIENTED_EDGE('',*,*,#13928,.T.);
#13978 = ORIENTED_EDGE('',*,*,#13879,.T.);
#13979 = ADVANCED_FACE('',(#13980),#6753,.F.);
#13980 = FACE_BOUND('',#13981,.F.);
#13981 = EDGE_LOOP('',(#13982,#13983,#13984,#14005,#14006,#14007,#14008,
    #14009));
#13982 = ORIENTED_EDGE('',*,*,#13630,.T.);
#13983 = ORIENTED_EDGE('',*,*,#13578,.F.);
#13984 = ORIENTED_EDGE('',*,*,#13985,.F.);
#13985 = EDGE_CURVE('',#6739,#13556,#13986,.T.);
#13986 = SURFACE_CURVE('',#13987,(#13991,#13998),.PCURVE_S1.);
#13987 = LINE('',#13988,#13989);
#13988 = CARTESIAN_POINT('',(73.45,0.,4.3));
#13989 = VECTOR('',#13990,1.);
#13990 = DIRECTION('',(0.,0.,1.));
#13991 = PCURVE('',#6753,#13992);
#13992 = DEFINITIONAL_REPRESENTATION('',(#13993),#13997);
#13993 = LINE('',#13994,#13995);
#13994 = CARTESIAN_POINT('',(0.,0.));
#13995 = VECTOR('',#13996,1.);
#13996 = DIRECTION('',(1.,0.));
#13997 = ( GEOMETRIC_REPRESENTATION_CONTEXT(2) 
PARAMETRIC_REPRESENTATION_CONTEXT() REPRESENTATION_CONTEXT('2D SPACE',''
  ) );
#13998 = PCURVE('',#6779,#13999);
#13999 = DEFINITIONAL_REPRESENTATION('',(#14000),#14004);
#14000 = LINE('',#14001,#14002);
#14001 = CARTESIAN_POINT('',(0.,3.9));
#14002 = VECTOR('',#14003,1.);
#14003 = DIRECTION('',(1.,0.));
#14004 = ( GEOMETRIC_REPRESENTATION_CONTEXT(2) 
PARAMETRIC_REPRESENTATION_CONTEXT() REPRESENTATION_CONTEXT('2D SPACE',''
  ) );
#14005 = ORIENTED_EDGE('',*,*,#6738,.T.);
#14006 = ORIENTED_EDGE('',*,*,#13956,.T.);
#14007 = ORIENTED_EDGE('',*,*,#13900,.T.);
#14008 = ORIENTED_EDGE('',*,*,#13810,.T.);
#14009 = ORIENTED_EDGE('',*,*,#13755,.T.);
#14010 = ADVANCED_FACE('',(#14011),#6779,.T.);
#14011 = FACE_BOUND('',#14012,.T.);
#14012 = EDGE_LOOP('',(#14013,#14014,#14015,#14034));
#14013 = ORIENTED_EDGE('',*,*,#13985,.F.);
#14014 = ORIENTED_EDGE('',*,*,#6764,.T.);
#14015 = ORIENTED_EDGE('',*,*,#14016,.T.);
#14016 = EDGE_CURVE('',#6765,#13535,#14017,.T.);
#14017 = SURFACE_CURVE('',#14018,(#14022,#14028),.PCURVE_S1.);
#14018 = LINE('',#14019,#14020);
#14019 = CARTESIAN_POINT('',(73.4,0.,0.7));
#14020 = VECTOR('',#14021,1.);
#14021 = DIRECTION('',(0.,0.,1.));
#14022 = PCURVE('',#6779,#14023);
#14023 = DEFINITIONAL_REPRESENTATION('',(#14024),#14027);
#14024 = B_SPLINE_CURVE_WITH_KNOTS('',1,(#14025,#14026),.UNSPECIFIED.,
  .F.,.F.,(2,2),(3.7,5.5),.PIECEWISE_BEZIER_KNOTS.);
#14025 = CARTESIAN_POINT('',(0.1,3.85));
#14026 = CARTESIAN_POINT('',(1.9,3.85));
#14027 = ( GEOMETRIC_REPRESENTATION_CONTEXT(2) 
PARAMETRIC_REPRESENTATION_CONTEXT() REPRESENTATION_CONTEXT('2D SPACE',''
  ) );
#14028 = PCURVE('',#5798,#14029);
#14029 = DEFINITIONAL_REPRESENTATION('',(#14030),#14033);
#14030 = B_SPLINE_CURVE_WITH_KNOTS('',1,(#14031,#14032),.UNSPECIFIED.,
  .F.,.F.,(2,2),(3.7,5.5),.PIECEWISE_BEZIER_KNOTS.);
#14031 = CARTESIAN_POINT('',(7.3,-21.85));
#14032 = CARTESIAN_POINT('',(9.1,-21.85));
#14033 = ( GEOMETRIC_REPRESENTATION_CONTEXT(2) 
PARAMETRIC_REPRESENTATION_CONTEXT() REPRESENTATION_CONTEXT('2D SPACE',''
  ) );
#14034 = ORIENTED_EDGE('',*,*,#13555,.T.);
#14035 = ADVANCED_FACE('',(#14036),#5798,.F.);
#14036 = FACE_BOUND('',#14037,.F.);
#14037 = EDGE_LOOP('',(#14038,#14039,#14040,#14041,#14042,#14043));
#14038 = ORIENTED_EDGE('',*,*,#5785,.F.);
#14039 = ORIENTED_EDGE('',*,*,#6790,.T.);
#14040 = ORIENTED_EDGE('',*,*,#14016,.T.);
#14041 = ORIENTED_EDGE('',*,*,#13534,.F.);
#14042 = ORIENTED_EDGE('',*,*,#13414,.T.);
#14043 = ORIENTED_EDGE('',*,*,#14044,.F.);
#14044 = EDGE_CURVE('',#5694,#13417,#14045,.T.);
#14045 = SURFACE_CURVE('',#14046,(#14050,#14057),.PCURVE_S1.);
#14046 = LINE('',#14047,#14048);
#14047 = CARTESIAN_POINT('',(73.4,-21.85,6.6));
#14048 = VECTOR('',#14049,1.);
#14049 = DIRECTION('',(0.,1.,0.));
#14050 = PCURVE('',#5798,#14051);
#14051 = DEFINITIONAL_REPRESENTATION('',(#14052),#14056);
#14052 = LINE('',#14053,#14054);
#14053 = CARTESIAN_POINT('',(9.5,0.));
#14054 = VECTOR('',#14055,1.);
#14055 = DIRECTION('',(0.,-1.));
#14056 = ( GEOMETRIC_REPRESENTATION_CONTEXT(2) 
PARAMETRIC_REPRESENTATION_CONTEXT() REPRESENTATION_CONTEXT('2D SPACE',''
  ) );
#14057 = PCURVE('',#2335,#14058);
#14058 = DEFINITIONAL_REPRESENTATION('',(#14059),#14063);
#14059 = LINE('',#14060,#14061);
#14060 = CARTESIAN_POINT('',(74.,0.));
#14061 = VECTOR('',#14062,1.);
#14062 = DIRECTION('',(0.,1.));
#14063 = ( GEOMETRIC_REPRESENTATION_CONTEXT(2) 
PARAMETRIC_REPRESENTATION_CONTEXT() REPRESENTATION_CONTEXT('2D SPACE',''
  ) );
#14064 = ADVANCED_FACE('',(#14065),#5558,.F.);
#14065 = FACE_BOUND('',#14066,.F.);
#14066 = EDGE_LOOP('',(#14067,#14068,#14069,#14070));
#14067 = ORIENTED_EDGE('',*,*,#5715,.F.);
#14068 = ORIENTED_EDGE('',*,*,#5669,.F.);
#14069 = ORIENTED_EDGE('',*,*,#5542,.T.);
#14070 = ORIENTED_EDGE('',*,*,#14071,.T.);
#14071 = EDGE_CURVE('',#5543,#5716,#14072,.T.);
#14072 = SURFACE_CURVE('',#14073,(#14077,#14083),.PCURVE_S1.);
#14073 = LINE('',#14074,#14075);
#14074 = CARTESIAN_POINT('',(74.8,-20.75,6.75));
#14075 = VECTOR('',#14076,1.);
#14076 = DIRECTION('',(0.,1.,-0.));
#14077 = PCURVE('',#5558,#14078);
#14078 = DEFINITIONAL_REPRESENTATION('',(#14079),#14082);
#14079 = B_SPLINE_CURVE_WITH_KNOTS('',1,(#14080,#14081),.UNSPECIFIED.,
  .F.,.F.,(2,2),(2.95,16.45),.PIECEWISE_BEZIER_KNOTS.);
#14080 = CARTESIAN_POINT('',(5.4,0.));
#14081 = CARTESIAN_POINT('',(5.4,13.5));
#14082 = ( GEOMETRIC_REPRESENTATION_CONTEXT(2) 
PARAMETRIC_REPRESENTATION_CONTEXT() REPRESENTATION_CONTEXT('2D SPACE',''
  ) );
#14083 = PCURVE('',#5585,#14084);
#14084 = DEFINITIONAL_REPRESENTATION('',(#14085),#14088);
#14085 = B_SPLINE_CURVE_WITH_KNOTS('',1,(#14086,#14087),.UNSPECIFIED.,
  .F.,.F.,(2,2),(2.95,16.45),.PIECEWISE_BEZIER_KNOTS.);
#14086 = CARTESIAN_POINT('',(5.9,-2.35));
#14087 = CARTESIAN_POINT('',(19.4,-2.35));
#14088 = ( GEOMETRIC_REPRESENTATION_CONTEXT(2) 
PARAMETRIC_REPRESENTATION_CONTEXT() REPRESENTATION_CONTEXT('2D SPACE',''
  ) );
#14089 = ADVANCED_FACE('',(#14090),#5585,.F.);
#14090 = FACE_BOUND('',#14091,.F.);
#14091 = EDGE_LOOP('',(#14092,#14115,#14116,#14117,#14118,#14119,#14120,
    #14121));
#14092 = ORIENTED_EDGE('',*,*,#14093,.T.);
#14093 = EDGE_CURVE('',#14094,#10796,#14096,.T.);
#14094 = VERTEX_POINT('',#14095);
#14095 = CARTESIAN_POINT('',(74.8,-21.7,4.4));
#14096 = SURFACE_CURVE('',#14097,(#14101,#14108),.PCURVE_S1.);
#14097 = LINE('',#14098,#14099);
#14098 = CARTESIAN_POINT('',(74.8,-21.7,4.4));
#14099 = VECTOR('',#14100,1.);
#14100 = DIRECTION('',(0.,0.,1.));
#14101 = PCURVE('',#5585,#14102);
#14102 = DEFINITIONAL_REPRESENTATION('',(#14103),#14107);
#14103 = LINE('',#14104,#14105);
#14104 = CARTESIAN_POINT('',(2.,0.));
#14105 = VECTOR('',#14106,1.);
#14106 = DIRECTION('',(0.,-1.));
#14107 = ( GEOMETRIC_REPRESENTATION_CONTEXT(2) 
PARAMETRIC_REPRESENTATION_CONTEXT() REPRESENTATION_CONTEXT('2D SPACE',''
  ) );
#14108 = PCURVE('',#126,#14109);
#14109 = DEFINITIONAL_REPRESENTATION('',(#14110),#14114);
#14110 = LINE('',#14111,#14112);
#14111 = CARTESIAN_POINT('',(1.570796326795,0.));
#14112 = VECTOR('',#14113,1.);
#14113 = DIRECTION('',(0.,1.));
#14114 = ( GEOMETRIC_REPRESENTATION_CONTEXT(2) 
PARAMETRIC_REPRESENTATION_CONTEXT() REPRESENTATION_CONTEXT('2D SPACE',''
  ) );
#14115 = ORIENTED_EDGE('',*,*,#10845,.T.);
#14116 = ORIENTED_EDGE('',*,*,#6812,.F.);
#14117 = ORIENTED_EDGE('',*,*,#5813,.F.);
#14118 = ORIENTED_EDGE('',*,*,#5738,.F.);
#14119 = ORIENTED_EDGE('',*,*,#14071,.F.);
#14120 = ORIENTED_EDGE('',*,*,#5570,.T.);
#14121 = ORIENTED_EDGE('',*,*,#14122,.F.);
#14122 = EDGE_CURVE('',#14094,#5571,#14123,.T.);
#14123 = SURFACE_CURVE('',#14124,(#14128,#14135),.PCURVE_S1.);
#14124 = LINE('',#14125,#14126);
#14125 = CARTESIAN_POINT('',(74.8,-23.7,4.4));
#14126 = VECTOR('',#14127,1.);
#14127 = DIRECTION('',(0.,1.,0.));
#14128 = PCURVE('',#5585,#14129);
#14129 = DEFINITIONAL_REPRESENTATION('',(#14130),#14134);
#14130 = LINE('',#14131,#14132);
#14131 = CARTESIAN_POINT('',(0.,0.));
#14132 = VECTOR('',#14133,1.);
#14133 = DIRECTION('',(1.,0.));
#14134 = ( GEOMETRIC_REPRESENTATION_CONTEXT(2) 
PARAMETRIC_REPRESENTATION_CONTEXT() REPRESENTATION_CONTEXT('2D SPACE',''
  ) );
#14135 = PCURVE('',#152,#14136);
#14136 = DEFINITIONAL_REPRESENTATION('',(#14137),#14141);
#14137 = LINE('',#14138,#14139);
#14138 = CARTESIAN_POINT('',(38.560414207808,-13.26297748524));
#14139 = VECTOR('',#14140,1.);
#14140 = DIRECTION('',(0.,1.));
#14141 = ( GEOMETRIC_REPRESENTATION_CONTEXT(2) 
PARAMETRIC_REPRESENTATION_CONTEXT() REPRESENTATION_CONTEXT('2D SPACE',''
  ) );
#14142 = ADVANCED_FACE('',(#14143),#4324,.F.);
#14143 = FACE_BOUND('',#14144,.F.);
#14144 = EDGE_LOOP('',(#14145,#14146,#14147,#14166));
#14145 = ORIENTED_EDGE('',*,*,#4433,.T.);
#14146 = ORIENTED_EDGE('',*,*,#4529,.F.);
#14147 = ORIENTED_EDGE('',*,*,#14148,.T.);
#14148 = EDGE_CURVE('',#4530,#4310,#14149,.T.);
#14149 = SURFACE_CURVE('',#14150,(#14154,#14160),.PCURVE_S1.);
#14150 = LINE('',#14151,#14152);
#14151 = CARTESIAN_POINT('',(65.9,-21.357,1.8));
#14152 = VECTOR('',#14153,1.);
#14153 = DIRECTION('',(-1.,0.,0.));
#14154 = PCURVE('',#4324,#14155);
#14155 = DEFINITIONAL_REPRESENTATION('',(#14156),#14159);
#14156 = B_SPLINE_CURVE_WITH_KNOTS('',1,(#14157,#14158),.UNSPECIFIED.,
  .F.,.F.,(2,2),(-2.1,-9.999999999999E-02),.PIECEWISE_BEZIER_KNOTS.);
#14157 = CARTESIAN_POINT('',(5.E-02,2.2));
#14158 = CARTESIAN_POINT('',(5.E-02,0.2));
#14159 = ( GEOMETRIC_REPRESENTATION_CONTEXT(2) 
PARAMETRIC_REPRESENTATION_CONTEXT() REPRESENTATION_CONTEXT('2D SPACE',''
  ) );
#14160 = PCURVE('',#4351,#14161);
#14161 = DEFINITIONAL_REPRESENTATION('',(#14162),#14165);
#14162 = B_SPLINE_CURVE_WITH_KNOTS('',1,(#14163,#14164),.UNSPECIFIED.,
  .F.,.F.,(2,2),(-2.1,-9.999999999999E-02),.PIECEWISE_BEZIER_KNOTS.);
#14163 = CARTESIAN_POINT('',(2.,0.843));
#14164 = CARTESIAN_POINT('',(0.,0.843));
#14165 = ( GEOMETRIC_REPRESENTATION_CONTEXT(2) 
PARAMETRIC_REPRESENTATION_CONTEXT() REPRESENTATION_CONTEXT('2D SPACE',''
  ) );
#14166 = ORIENTED_EDGE('',*,*,#4309,.T.);
#14167 = ADVANCED_FACE('',(#14168),#4351,.F.);
#14168 = FACE_BOUND('',#14169,.F.);
#14169 = EDGE_LOOP('',(#14170,#14171,#14172,#14173));
#14170 = ORIENTED_EDGE('',*,*,#4335,.F.);
#14171 = ORIENTED_EDGE('',*,*,#14148,.F.);
#14172 = ORIENTED_EDGE('',*,*,#4550,.T.);
#14173 = ORIENTED_EDGE('',*,*,#14174,.F.);
#14174 = EDGE_CURVE('',#4336,#4551,#14175,.T.);
#14175 = SURFACE_CURVE('',#14176,(#14180,#14187),.PCURVE_S1.);
#14176 = LINE('',#14177,#14178);
#14177 = CARTESIAN_POINT('',(66.,-20.7,1.8));
#14178 = VECTOR('',#14179,1.);
#14179 = DIRECTION('',(1.,0.,0.));
#14180 = PCURVE('',#4351,#14181);
#14181 = DEFINITIONAL_REPRESENTATION('',(#14182),#14186);
#14182 = LINE('',#14183,#14184);
#14183 = CARTESIAN_POINT('',(0.,1.5));
#14184 = VECTOR('',#14185,1.);
#14185 = DIRECTION('',(1.,0.));
#14186 = ( GEOMETRIC_REPRESENTATION_CONTEXT(2) 
PARAMETRIC_REPRESENTATION_CONTEXT() REPRESENTATION_CONTEXT('2D SPACE',''
  ) );
#14187 = PCURVE('',#4379,#14188);
#14188 = DEFINITIONAL_REPRESENTATION('',(#14189),#14193);
#14189 = LINE('',#14190,#14191);
#14190 = CARTESIAN_POINT('',(0.,0.));
#14191 = VECTOR('',#14192,1.);
#14192 = DIRECTION('',(0.,1.));
#14193 = ( GEOMETRIC_REPRESENTATION_CONTEXT(2) 
PARAMETRIC_REPRESENTATION_CONTEXT() REPRESENTATION_CONTEXT('2D SPACE',''
  ) );
#14194 = ADVANCED_FACE('',(#14195),#4379,.T.);
#14195 = FACE_BOUND('',#14196,.T.);
#14196 = EDGE_LOOP('',(#14197,#14198,#14199,#14200));
#14197 = ORIENTED_EDGE('',*,*,#4573,.F.);
#14198 = ORIENTED_EDGE('',*,*,#14174,.F.);
#14199 = ORIENTED_EDGE('',*,*,#4363,.T.);
#14200 = ORIENTED_EDGE('',*,*,#14201,.F.);
#14201 = EDGE_CURVE('',#4574,#4364,#14202,.T.);
#14202 = SURFACE_CURVE('',#14203,(#14207,#14213),.PCURVE_S1.);
#14203 = LINE('',#14204,#14205);
#14204 = CARTESIAN_POINT('',(32.7,-20.7,6.6));
#14205 = VECTOR('',#14206,1.);
#14206 = DIRECTION('',(-1.,0.,0.));
#14207 = PCURVE('',#4379,#14208);
#14208 = DEFINITIONAL_REPRESENTATION('',(#14209),#14212);
#14209 = B_SPLINE_CURVE_WITH_KNOTS('',1,(#14210,#14211),.UNSPECIFIED.,
  .F.,.F.,(2,2),(-35.3,-33.3),.PIECEWISE_BEZIER_KNOTS.);
#14210 = CARTESIAN_POINT('',(4.8,2.));
#14211 = CARTESIAN_POINT('',(4.8,0.));
#14212 = ( GEOMETRIC_REPRESENTATION_CONTEXT(2) 
PARAMETRIC_REPRESENTATION_CONTEXT() REPRESENTATION_CONTEXT('2D SPACE',''
  ) );
#14213 = PCURVE('',#2335,#14214);
#14214 = DEFINITIONAL_REPRESENTATION('',(#14215),#14218);
#14215 = B_SPLINE_CURVE_WITH_KNOTS('',1,(#14216,#14217),.UNSPECIFIED.,
  .F.,.F.,(2,2),(-35.3,-33.3),.PIECEWISE_BEZIER_KNOTS.);
#14216 = CARTESIAN_POINT('',(68.6,1.15));
#14217 = CARTESIAN_POINT('',(66.6,1.15));
#14218 = ( GEOMETRIC_REPRESENTATION_CONTEXT(2) 
PARAMETRIC_REPRESENTATION_CONTEXT() REPRESENTATION_CONTEXT('2D SPACE',''
  ) );
#14219 = ADVANCED_FACE('',(#14220),#4271,.F.);
#14220 = FACE_BOUND('',#14221,.F.);
#14221 = EDGE_LOOP('',(#14222,#14223,#14224,#14225));
#14222 = ORIENTED_EDGE('',*,*,#4505,.F.);
#14223 = ORIENTED_EDGE('',*,*,#4457,.F.);
#14224 = ORIENTED_EDGE('',*,*,#4253,.T.);
#14225 = ORIENTED_EDGE('',*,*,#14226,.F.);
#14226 = EDGE_CURVE('',#4506,#4256,#14227,.T.);
#14227 = SURFACE_CURVE('',#14228,(#14232,#14238),.PCURVE_S1.);
#14228 = LINE('',#14229,#14230);
#14229 = CARTESIAN_POINT('',(51.119792896096,-22.2,4.4));
#14230 = VECTOR('',#14231,1.);
#14231 = DIRECTION('',(-1.,0.,0.));
#14232 = PCURVE('',#4271,#14233);
#14233 = DEFINITIONAL_REPRESENTATION('',(#14234),#14237);
#14234 = B_SPLINE_CURVE_WITH_KNOTS('',1,(#14235,#14236),.UNSPECIFIED.,
  .F.,.F.,(2,2),(-16.8802071039,-14.8802071039),
  .PIECEWISE_BEZIER_KNOTS.);
#14235 = CARTESIAN_POINT('',(2.6,2.));
#14236 = CARTESIAN_POINT('',(2.6,0.));
#14237 = ( GEOMETRIC_REPRESENTATION_CONTEXT(2) 
PARAMETRIC_REPRESENTATION_CONTEXT() REPRESENTATION_CONTEXT('2D SPACE',''
  ) );
#14238 = PCURVE('',#152,#14239);
#14239 = DEFINITIONAL_REPRESENTATION('',(#14240),#14243);
#14240 = B_SPLINE_CURVE_WITH_KNOTS('',1,(#14241,#14242),.UNSPECIFIED.,
  .F.,.F.,(2,2),(-16.8802071039,-14.8802071039),
  .PIECEWISE_BEZIER_KNOTS.);
#14241 = CARTESIAN_POINT('',(31.760414207808,-11.76297748524));
#14242 = CARTESIAN_POINT('',(29.760414207808,-11.76297748524));
#14243 = ( GEOMETRIC_REPRESENTATION_CONTEXT(2) 
PARAMETRIC_REPRESENTATION_CONTEXT() REPRESENTATION_CONTEXT('2D SPACE',''
  ) );
#14244 = ADVANCED_FACE('',(#14245),#3840,.F.);
#14245 = FACE_BOUND('',#14246,.F.);
#14246 = EDGE_LOOP('',(#14247,#14248,#14249,#14268));
#14247 = ORIENTED_EDGE('',*,*,#3949,.T.);
#14248 = ORIENTED_EDGE('',*,*,#4045,.F.);
#14249 = ORIENTED_EDGE('',*,*,#14250,.T.);
#14250 = EDGE_CURVE('',#4046,#3826,#14251,.T.);
#14251 = SURFACE_CURVE('',#14252,(#14256,#14262),.PCURVE_S1.);
#14252 = LINE('',#14253,#14254);
#14253 = CARTESIAN_POINT('',(39.9,-21.357,1.8));
#14254 = VECTOR('',#14255,1.);
#14255 = DIRECTION('',(-1.,0.,0.));
#14256 = PCURVE('',#3840,#14257);
#14257 = DEFINITIONAL_REPRESENTATION('',(#14258),#14261);
#14258 = B_SPLINE_CURVE_WITH_KNOTS('',1,(#14259,#14260),.UNSPECIFIED.,
  .F.,.F.,(2,2),(-2.1,-0.1),.PIECEWISE_BEZIER_KNOTS.);
#14259 = CARTESIAN_POINT('',(5.E-02,2.2));
#14260 = CARTESIAN_POINT('',(5.E-02,0.2));
#14261 = ( GEOMETRIC_REPRESENTATION_CONTEXT(2) 
PARAMETRIC_REPRESENTATION_CONTEXT() REPRESENTATION_CONTEXT('2D SPACE',''
  ) );
#14262 = PCURVE('',#3867,#14263);
#14263 = DEFINITIONAL_REPRESENTATION('',(#14264),#14267);
#14264 = B_SPLINE_CURVE_WITH_KNOTS('',1,(#14265,#14266),.UNSPECIFIED.,
  .F.,.F.,(2,2),(-2.1,-0.1),.PIECEWISE_BEZIER_KNOTS.);
#14265 = CARTESIAN_POINT('',(2.,0.843));
#14266 = CARTESIAN_POINT('',(0.,0.843));
#14267 = ( GEOMETRIC_REPRESENTATION_CONTEXT(2) 
PARAMETRIC_REPRESENTATION_CONTEXT() REPRESENTATION_CONTEXT('2D SPACE',''
  ) );
#14268 = ORIENTED_EDGE('',*,*,#3825,.T.);
#14269 = ADVANCED_FACE('',(#14270),#3867,.F.);
#14270 = FACE_BOUND('',#14271,.F.);
#14271 = EDGE_LOOP('',(#14272,#14273,#14274,#14275));
#14272 = ORIENTED_EDGE('',*,*,#3851,.F.);
#14273 = ORIENTED_EDGE('',*,*,#14250,.F.);
#14274 = ORIENTED_EDGE('',*,*,#4066,.T.);
#14275 = ORIENTED_EDGE('',*,*,#14276,.F.);
#14276 = EDGE_CURVE('',#3852,#4067,#14277,.T.);
#14277 = SURFACE_CURVE('',#14278,(#14282,#14289),.PCURVE_S1.);
#14278 = LINE('',#14279,#14280);
#14279 = CARTESIAN_POINT('',(40.,-20.7,1.8));
#14280 = VECTOR('',#14281,1.);
#14281 = DIRECTION('',(1.,0.,0.));
#14282 = PCURVE('',#3867,#14283);
#14283 = DEFINITIONAL_REPRESENTATION('',(#14284),#14288);
#14284 = LINE('',#14285,#14286);
#14285 = CARTESIAN_POINT('',(0.,1.5));
#14286 = VECTOR('',#14287,1.);
#14287 = DIRECTION('',(1.,0.));
#14288 = ( GEOMETRIC_REPRESENTATION_CONTEXT(2) 
PARAMETRIC_REPRESENTATION_CONTEXT() REPRESENTATION_CONTEXT('2D SPACE',''
  ) );
#14289 = PCURVE('',#3895,#14290);
#14290 = DEFINITIONAL_REPRESENTATION('',(#14291),#14295);
#14291 = LINE('',#14292,#14293);
#14292 = CARTESIAN_POINT('',(0.,0.));
#14293 = VECTOR('',#14294,1.);
#14294 = DIRECTION('',(0.,1.));
#14295 = ( GEOMETRIC_REPRESENTATION_CONTEXT(2) 
PARAMETRIC_REPRESENTATION_CONTEXT() REPRESENTATION_CONTEXT('2D SPACE',''
  ) );
#14296 = ADVANCED_FACE('',(#14297),#3895,.T.);
#14297 = FACE_BOUND('',#14298,.T.);
#14298 = EDGE_LOOP('',(#14299,#14300,#14301,#14302));
#14299 = ORIENTED_EDGE('',*,*,#4089,.F.);
#14300 = ORIENTED_EDGE('',*,*,#14276,.F.);
#14301 = ORIENTED_EDGE('',*,*,#3879,.T.);
#14302 = ORIENTED_EDGE('',*,*,#14303,.F.);
#14303 = EDGE_CURVE('',#4090,#3880,#14304,.T.);
#14304 = SURFACE_CURVE('',#14305,(#14309,#14315),.PCURVE_S1.);
#14305 = LINE('',#14306,#14307);
#14306 = CARTESIAN_POINT('',(19.7,-20.7,6.6));
#14307 = VECTOR('',#14308,1.);
#14308 = DIRECTION('',(-1.,0.,0.));
#14309 = PCURVE('',#3895,#14310);
#14310 = DEFINITIONAL_REPRESENTATION('',(#14311),#14314);
#14311 = B_SPLINE_CURVE_WITH_KNOTS('',1,(#14312,#14313),.UNSPECIFIED.,
  .F.,.F.,(2,2),(-22.3,-20.3),.PIECEWISE_BEZIER_KNOTS.);
#14312 = CARTESIAN_POINT('',(4.8,2.));
#14313 = CARTESIAN_POINT('',(4.8,0.));
#14314 = ( GEOMETRIC_REPRESENTATION_CONTEXT(2) 
PARAMETRIC_REPRESENTATION_CONTEXT() REPRESENTATION_CONTEXT('2D SPACE',''
  ) );
#14315 = PCURVE('',#2335,#14316);
#14316 = DEFINITIONAL_REPRESENTATION('',(#14317),#14320);
#14317 = B_SPLINE_CURVE_WITH_KNOTS('',1,(#14318,#14319),.UNSPECIFIED.,
  .F.,.F.,(2,2),(-22.3,-20.3),.PIECEWISE_BEZIER_KNOTS.);
#14318 = CARTESIAN_POINT('',(42.6,1.15));
#14319 = CARTESIAN_POINT('',(40.6,1.15));
#14320 = ( GEOMETRIC_REPRESENTATION_CONTEXT(2) 
PARAMETRIC_REPRESENTATION_CONTEXT() REPRESENTATION_CONTEXT('2D SPACE',''
  ) );
#14321 = ADVANCED_FACE('',(#14322),#3787,.F.);
#14322 = FACE_BOUND('',#14323,.F.);
#14323 = EDGE_LOOP('',(#14324,#14325,#14326,#14327));
#14324 = ORIENTED_EDGE('',*,*,#4021,.F.);
#14325 = ORIENTED_EDGE('',*,*,#3973,.F.);
#14326 = ORIENTED_EDGE('',*,*,#3769,.T.);
#14327 = ORIENTED_EDGE('',*,*,#14328,.F.);
#14328 = EDGE_CURVE('',#4022,#3772,#14329,.T.);
#14329 = SURFACE_CURVE('',#14330,(#14334,#14340),.PCURVE_S1.);
#14330 = LINE('',#14331,#14332);
#14331 = CARTESIAN_POINT('',(38.119792896096,-22.2,4.4));
#14332 = VECTOR('',#14333,1.);
#14333 = DIRECTION('',(-1.,0.,0.));
#14334 = PCURVE('',#3787,#14335);
#14335 = DEFINITIONAL_REPRESENTATION('',(#14336),#14339);
#14336 = B_SPLINE_CURVE_WITH_KNOTS('',1,(#14337,#14338),.UNSPECIFIED.,
  .F.,.F.,(2,2),(-3.880207103904,-1.880207103904),
  .PIECEWISE_BEZIER_KNOTS.);
#14337 = CARTESIAN_POINT('',(2.6,2.));
#14338 = CARTESIAN_POINT('',(2.6,0.));
#14339 = ( GEOMETRIC_REPRESENTATION_CONTEXT(2) 
PARAMETRIC_REPRESENTATION_CONTEXT() REPRESENTATION_CONTEXT('2D SPACE',''
  ) );
#14340 = PCURVE('',#152,#14341);
#14341 = DEFINITIONAL_REPRESENTATION('',(#14342),#14345);
#14342 = B_SPLINE_CURVE_WITH_KNOTS('',1,(#14343,#14344),.UNSPECIFIED.,
  .F.,.F.,(2,2),(-3.880207103904,-1.880207103904),
  .PIECEWISE_BEZIER_KNOTS.);
#14343 = CARTESIAN_POINT('',(5.760414207808,-11.76297748524));
#14344 = CARTESIAN_POINT('',(3.760414207808,-11.76297748524));
#14345 = ( GEOMETRIC_REPRESENTATION_CONTEXT(2) 
PARAMETRIC_REPRESENTATION_CONTEXT() REPRESENTATION_CONTEXT('2D SPACE',''
  ) );
#14346 = ADVANCED_FACE('',(#14347),#3683,.F.);
#14347 = FACE_BOUND('',#14348,.F.);
#14348 = EDGE_LOOP('',(#14349,#14379,#14398,#14399));
#14349 = ORIENTED_EDGE('',*,*,#14350,.F.);
#14350 = EDGE_CURVE('',#14351,#14353,#14355,.T.);
#14351 = VERTEX_POINT('',#14352);
#14352 = CARTESIAN_POINT('',(39.3,-22.85,4.4));
#14353 = VERTEX_POINT('',#14354);
#14354 = CARTESIAN_POINT('',(39.3,-22.85,5.45));
#14355 = SURFACE_CURVE('',#14356,(#14360,#14367),.PCURVE_S1.);
#14356 = LINE('',#14357,#14358);
#14357 = CARTESIAN_POINT('',(39.3,-22.85,4.3));
#14358 = VECTOR('',#14359,1.);
#14359 = DIRECTION('',(0.,0.,1.));
#14360 = PCURVE('',#3683,#14361);
#14361 = DEFINITIONAL_REPRESENTATION('',(#14362),#14366);
#14362 = LINE('',#14363,#14364);
#14363 = CARTESIAN_POINT('',(0.,0.));
#14364 = VECTOR('',#14365,1.);
#14365 = DIRECTION('',(1.,0.));
#14366 = ( GEOMETRIC_REPRESENTATION_CONTEXT(2) 
PARAMETRIC_REPRESENTATION_CONTEXT() REPRESENTATION_CONTEXT('2D SPACE',''
  ) );
#14367 = PCURVE('',#14368,#14373);
#14368 = PLANE('',#14369);
#14369 = AXIS2_PLACEMENT_3D('',#14370,#14371,#14372);
#14370 = CARTESIAN_POINT('',(28.7,-22.85,4.3));
#14371 = DIRECTION('',(0.,1.,0.));
#14372 = DIRECTION('',(0.,0.,1.));
#14373 = DEFINITIONAL_REPRESENTATION('',(#14374),#14378);
#14374 = LINE('',#14375,#14376);
#14375 = CARTESIAN_POINT('',(0.,10.6));
#14376 = VECTOR('',#14377,1.);
#14377 = DIRECTION('',(1.,0.));
#14378 = ( GEOMETRIC_REPRESENTATION_CONTEXT(2) 
PARAMETRIC_REPRESENTATION_CONTEXT() REPRESENTATION_CONTEXT('2D SPACE',''
  ) );
#14379 = ORIENTED_EDGE('',*,*,#14380,.T.);
#14380 = EDGE_CURVE('',#14351,#3648,#14381,.T.);
#14381 = SURFACE_CURVE('',#14382,(#14386,#14392),.PCURVE_S1.);
#14382 = LINE('',#14383,#14384);
#14383 = CARTESIAN_POINT('',(39.3,-16.64351125738,4.4));
#14384 = VECTOR('',#14385,1.);
#14385 = DIRECTION('',(0.,1.,0.));
#14386 = PCURVE('',#3683,#14387);
#14387 = DEFINITIONAL_REPRESENTATION('',(#14388),#14391);
#14388 = B_SPLINE_CURVE_WITH_KNOTS('',1,(#14389,#14390),.UNSPECIFIED.,
  .F.,.F.,(2,2),(-6.20648874262,-5.05648874262),
  .PIECEWISE_BEZIER_KNOTS.);
#14389 = CARTESIAN_POINT('',(0.1,0.));
#14390 = CARTESIAN_POINT('',(0.1,-1.15));
#14391 = ( GEOMETRIC_REPRESENTATION_CONTEXT(2) 
PARAMETRIC_REPRESENTATION_CONTEXT() REPRESENTATION_CONTEXT('2D SPACE',''
  ) );
#14392 = PCURVE('',#152,#14393);
#14393 = DEFINITIONAL_REPRESENTATION('',(#14394),#14397);
#14394 = B_SPLINE_CURVE_WITH_KNOTS('',1,(#14395,#14396),.UNSPECIFIED.,
  .F.,.F.,(2,2),(-6.20648874262,-5.05648874262),
  .PIECEWISE_BEZIER_KNOTS.);
#14395 = CARTESIAN_POINT('',(3.060414207808,-12.41297748524));
#14396 = CARTESIAN_POINT('',(3.060414207808,-11.26297748524));
#14397 = ( GEOMETRIC_REPRESENTATION_CONTEXT(2) 
PARAMETRIC_REPRESENTATION_CONTEXT() REPRESENTATION_CONTEXT('2D SPACE',''
  ) );
#14398 = ORIENTED_EDGE('',*,*,#3668,.F.);
#14399 = ORIENTED_EDGE('',*,*,#14400,.F.);
#14400 = EDGE_CURVE('',#14353,#3669,#14401,.T.);
#14401 = SURFACE_CURVE('',#14402,(#14406,#14413),.PCURVE_S1.);
#14402 = LINE('',#14403,#14404);
#14403 = CARTESIAN_POINT('',(39.3,-22.85,5.45));
#14404 = VECTOR('',#14405,1.);
#14405 = DIRECTION('',(0.,1.,0.));
#14406 = PCURVE('',#3683,#14407);
#14407 = DEFINITIONAL_REPRESENTATION('',(#14408),#14412);
#14408 = LINE('',#14409,#14410);
#14409 = CARTESIAN_POINT('',(1.15,0.));
#14410 = VECTOR('',#14411,1.);
#14411 = DIRECTION('',(0.,-1.));
#14412 = ( GEOMETRIC_REPRESENTATION_CONTEXT(2) 
PARAMETRIC_REPRESENTATION_CONTEXT() REPRESENTATION_CONTEXT('2D SPACE',''
  ) );
#14413 = PCURVE('',#3709,#14414);
#14414 = DEFINITIONAL_REPRESENTATION('',(#14415),#14419);
#14415 = LINE('',#14416,#14417);
#14416 = CARTESIAN_POINT('',(10.6,0.));
#14417 = VECTOR('',#14418,1.);
#14418 = DIRECTION('',(0.,1.));
#14419 = ( GEOMETRIC_REPRESENTATION_CONTEXT(2) 
PARAMETRIC_REPRESENTATION_CONTEXT() REPRESENTATION_CONTEXT('2D SPACE',''
  ) );
#14420 = ADVANCED_FACE('',(#14421),#14368,.T.);
#14421 = FACE_BOUND('',#14422,.T.);
#14422 = EDGE_LOOP('',(#14423,#14424,#14445,#14468));
#14423 = ORIENTED_EDGE('',*,*,#14350,.F.);
#14424 = ORIENTED_EDGE('',*,*,#14425,.T.);
#14425 = EDGE_CURVE('',#14351,#14426,#14428,.T.);
#14426 = VERTEX_POINT('',#14427);
#14427 = CARTESIAN_POINT('',(28.7,-22.85,4.4));
#14428 = SURFACE_CURVE('',#14429,(#14433,#14439),.PCURVE_S1.);
#14429 = LINE('',#14430,#14431);
#14430 = CARTESIAN_POINT('',(32.469792896096,-22.85,4.4));
#14431 = VECTOR('',#14432,1.);
#14432 = DIRECTION('',(-1.,0.,0.));
#14433 = PCURVE('',#14368,#14434);
#14434 = DEFINITIONAL_REPRESENTATION('',(#14435),#14438);
#14435 = B_SPLINE_CURVE_WITH_KNOTS('',1,(#14436,#14437),.UNSPECIFIED.,
  .F.,.F.,(2,2),(-6.830207103904,3.769792896096),
  .PIECEWISE_BEZIER_KNOTS.);
#14436 = CARTESIAN_POINT('',(0.1,10.6));
#14437 = CARTESIAN_POINT('',(0.1,0.));
#14438 = ( GEOMETRIC_REPRESENTATION_CONTEXT(2) 
PARAMETRIC_REPRESENTATION_CONTEXT() REPRESENTATION_CONTEXT('2D SPACE',''
  ) );
#14439 = PCURVE('',#152,#14440);
#14440 = DEFINITIONAL_REPRESENTATION('',(#14441),#14444);
#14441 = B_SPLINE_CURVE_WITH_KNOTS('',1,(#14442,#14443),.UNSPECIFIED.,
  .F.,.F.,(2,2),(-6.830207103904,3.769792896096),
  .PIECEWISE_BEZIER_KNOTS.);
#14442 = CARTESIAN_POINT('',(3.060414207808,-12.41297748524));
#14443 = CARTESIAN_POINT('',(-7.539585792192,-12.41297748524));
#14444 = ( GEOMETRIC_REPRESENTATION_CONTEXT(2) 
PARAMETRIC_REPRESENTATION_CONTEXT() REPRESENTATION_CONTEXT('2D SPACE',''
  ) );
#14445 = ORIENTED_EDGE('',*,*,#14446,.T.);
#14446 = EDGE_CURVE('',#14426,#14447,#14449,.T.);
#14447 = VERTEX_POINT('',#14448);
#14448 = CARTESIAN_POINT('',(28.7,-22.85,5.45));
#14449 = SURFACE_CURVE('',#14450,(#14454,#14461),.PCURVE_S1.);
#14450 = LINE('',#14451,#14452);
#14451 = CARTESIAN_POINT('',(28.7,-22.85,4.3));
#14452 = VECTOR('',#14453,1.);
#14453 = DIRECTION('',(0.,0.,1.));
#14454 = PCURVE('',#14368,#14455);
#14455 = DEFINITIONAL_REPRESENTATION('',(#14456),#14460);
#14456 = LINE('',#14457,#14458);
#14457 = CARTESIAN_POINT('',(0.,0.));
#14458 = VECTOR('',#14459,1.);
#14459 = DIRECTION('',(1.,0.));
#14460 = ( GEOMETRIC_REPRESENTATION_CONTEXT(2) 
PARAMETRIC_REPRESENTATION_CONTEXT() REPRESENTATION_CONTEXT('2D SPACE',''
  ) );
#14461 = PCURVE('',#3735,#14462);
#14462 = DEFINITIONAL_REPRESENTATION('',(#14463),#14467);
#14463 = LINE('',#14464,#14465);
#14464 = CARTESIAN_POINT('',(0.,0.));
#14465 = VECTOR('',#14466,1.);
#14466 = DIRECTION('',(1.,0.));
#14467 = ( GEOMETRIC_REPRESENTATION_CONTEXT(2) 
PARAMETRIC_REPRESENTATION_CONTEXT() REPRESENTATION_CONTEXT('2D SPACE',''
  ) );
#14468 = ORIENTED_EDGE('',*,*,#14469,.T.);
#14469 = EDGE_CURVE('',#14447,#14353,#14470,.T.);
#14470 = SURFACE_CURVE('',#14471,(#14475,#14482),.PCURVE_S1.);
#14471 = LINE('',#14472,#14473);
#14472 = CARTESIAN_POINT('',(28.7,-22.85,5.45));
#14473 = VECTOR('',#14474,1.);
#14474 = DIRECTION('',(1.,0.,0.));
#14475 = PCURVE('',#14368,#14476);
#14476 = DEFINITIONAL_REPRESENTATION('',(#14477),#14481);
#14477 = LINE('',#14478,#14479);
#14478 = CARTESIAN_POINT('',(1.15,0.));
#14479 = VECTOR('',#14480,1.);
#14480 = DIRECTION('',(0.,1.));
#14481 = ( GEOMETRIC_REPRESENTATION_CONTEXT(2) 
PARAMETRIC_REPRESENTATION_CONTEXT() REPRESENTATION_CONTEXT('2D SPACE',''
  ) );
#14482 = PCURVE('',#3709,#14483);
#14483 = DEFINITIONAL_REPRESENTATION('',(#14484),#14488);
#14484 = LINE('',#14485,#14486);
#14485 = CARTESIAN_POINT('',(0.,0.));
#14486 = VECTOR('',#14487,1.);
#14487 = DIRECTION('',(1.,0.));
#14488 = ( GEOMETRIC_REPRESENTATION_CONTEXT(2) 
PARAMETRIC_REPRESENTATION_CONTEXT() REPRESENTATION_CONTEXT('2D SPACE',''
  ) );
#14489 = ADVANCED_FACE('',(#14490),#3709,.F.);
#14490 = FACE_BOUND('',#14491,.F.);
#14491 = EDGE_LOOP('',(#14492,#14513,#14514,#14515));
#14492 = ORIENTED_EDGE('',*,*,#14493,.F.);
#14493 = EDGE_CURVE('',#14447,#3695,#14494,.T.);
#14494 = SURFACE_CURVE('',#14495,(#14499,#14506),.PCURVE_S1.);
#14495 = LINE('',#14496,#14497);
#14496 = CARTESIAN_POINT('',(28.7,-22.85,5.45));
#14497 = VECTOR('',#14498,1.);
#14498 = DIRECTION('',(0.,1.,0.));
#14499 = PCURVE('',#3709,#14500);
#14500 = DEFINITIONAL_REPRESENTATION('',(#14501),#14505);
#14501 = LINE('',#14502,#14503);
#14502 = CARTESIAN_POINT('',(0.,0.));
#14503 = VECTOR('',#14504,1.);
#14504 = DIRECTION('',(0.,1.));
#14505 = ( GEOMETRIC_REPRESENTATION_CONTEXT(2) 
PARAMETRIC_REPRESENTATION_CONTEXT() REPRESENTATION_CONTEXT('2D SPACE',''
  ) );
#14506 = PCURVE('',#3735,#14507);
#14507 = DEFINITIONAL_REPRESENTATION('',(#14508),#14512);
#14508 = LINE('',#14509,#14510);
#14509 = CARTESIAN_POINT('',(1.15,0.));
#14510 = VECTOR('',#14511,1.);
#14511 = DIRECTION('',(0.,-1.));
#14512 = ( GEOMETRIC_REPRESENTATION_CONTEXT(2) 
PARAMETRIC_REPRESENTATION_CONTEXT() REPRESENTATION_CONTEXT('2D SPACE',''
  ) );
#14513 = ORIENTED_EDGE('',*,*,#14469,.T.);
#14514 = ORIENTED_EDGE('',*,*,#14400,.T.);
#14515 = ORIENTED_EDGE('',*,*,#3694,.F.);
#14516 = ADVANCED_FACE('',(#14517),#3735,.T.);
#14517 = FACE_BOUND('',#14518,.T.);
#14518 = EDGE_LOOP('',(#14519,#14520,#14539,#14540));
#14519 = ORIENTED_EDGE('',*,*,#14446,.F.);
#14520 = ORIENTED_EDGE('',*,*,#14521,.T.);
#14521 = EDGE_CURVE('',#14426,#3721,#14522,.T.);
#14522 = SURFACE_CURVE('',#14523,(#14527,#14533),.PCURVE_S1.);
#14523 = LINE('',#14524,#14525);
#14524 = CARTESIAN_POINT('',(28.7,-16.64351125738,4.4));
#14525 = VECTOR('',#14526,1.);
#14526 = DIRECTION('',(0.,1.,0.));
#14527 = PCURVE('',#3735,#14528);
#14528 = DEFINITIONAL_REPRESENTATION('',(#14529),#14532);
#14529 = B_SPLINE_CURVE_WITH_KNOTS('',1,(#14530,#14531),.UNSPECIFIED.,
  .F.,.F.,(2,2),(-6.20648874262,-5.05648874262),
  .PIECEWISE_BEZIER_KNOTS.);
#14530 = CARTESIAN_POINT('',(0.1,0.));
#14531 = CARTESIAN_POINT('',(0.1,-1.15));
#14532 = ( GEOMETRIC_REPRESENTATION_CONTEXT(2) 
PARAMETRIC_REPRESENTATION_CONTEXT() REPRESENTATION_CONTEXT('2D SPACE',''
  ) );
#14533 = PCURVE('',#152,#14534);
#14534 = DEFINITIONAL_REPRESENTATION('',(#14535),#14538);
#14535 = B_SPLINE_CURVE_WITH_KNOTS('',1,(#14536,#14537),.UNSPECIFIED.,
  .F.,.F.,(2,2),(-6.20648874262,-5.05648874262),
  .PIECEWISE_BEZIER_KNOTS.);
#14536 = CARTESIAN_POINT('',(-7.539585792192,-12.41297748524));
#14537 = CARTESIAN_POINT('',(-7.539585792192,-11.26297748524));
#14538 = ( GEOMETRIC_REPRESENTATION_CONTEXT(2) 
PARAMETRIC_REPRESENTATION_CONTEXT() REPRESENTATION_CONTEXT('2D SPACE',''
  ) );
#14539 = ORIENTED_EDGE('',*,*,#3720,.F.);
#14540 = ORIENTED_EDGE('',*,*,#14493,.F.);
#14541 = ADVANCED_FACE('',(#14542),#3257,.F.);
#14542 = FACE_BOUND('',#14543,.F.);
#14543 = EDGE_LOOP('',(#14544,#14545,#14546,#14565));
#14544 = ORIENTED_EDGE('',*,*,#3366,.T.);
#14545 = ORIENTED_EDGE('',*,*,#3462,.F.);
#14546 = ORIENTED_EDGE('',*,*,#14547,.T.);
#14547 = EDGE_CURVE('',#3463,#3243,#14548,.T.);
#14548 = SURFACE_CURVE('',#14549,(#14553,#14559),.PCURVE_S1.);
#14549 = LINE('',#14550,#14551);
#14550 = CARTESIAN_POINT('',(16.9,-21.357,1.8));
#14551 = VECTOR('',#14552,1.);
#14552 = DIRECTION('',(-1.,0.,0.));
#14553 = PCURVE('',#3257,#14554);
#14554 = DEFINITIONAL_REPRESENTATION('',(#14555),#14558);
#14555 = B_SPLINE_CURVE_WITH_KNOTS('',1,(#14556,#14557),.UNSPECIFIED.,
  .F.,.F.,(2,2),(-2.1,-0.1),.PIECEWISE_BEZIER_KNOTS.);
#14556 = CARTESIAN_POINT('',(5.E-02,2.2));
#14557 = CARTESIAN_POINT('',(5.E-02,0.2));
#14558 = ( GEOMETRIC_REPRESENTATION_CONTEXT(2) 
PARAMETRIC_REPRESENTATION_CONTEXT() REPRESENTATION_CONTEXT('2D SPACE',''
  ) );
#14559 = PCURVE('',#3284,#14560);
#14560 = DEFINITIONAL_REPRESENTATION('',(#14561),#14564);
#14561 = B_SPLINE_CURVE_WITH_KNOTS('',1,(#14562,#14563),.UNSPECIFIED.,
  .F.,.F.,(2,2),(-2.1,-0.1),.PIECEWISE_BEZIER_KNOTS.);
#14562 = CARTESIAN_POINT('',(2.,0.843));
#14563 = CARTESIAN_POINT('',(0.,0.843));
#14564 = ( GEOMETRIC_REPRESENTATION_CONTEXT(2) 
PARAMETRIC_REPRESENTATION_CONTEXT() REPRESENTATION_CONTEXT('2D SPACE',''
  ) );
#14565 = ORIENTED_EDGE('',*,*,#3242,.T.);
#14566 = ADVANCED_FACE('',(#14567),#3284,.F.);
#14567 = FACE_BOUND('',#14568,.F.);
#14568 = EDGE_LOOP('',(#14569,#14570,#14571,#14572));
#14569 = ORIENTED_EDGE('',*,*,#3268,.F.);
#14570 = ORIENTED_EDGE('',*,*,#14547,.F.);
#14571 = ORIENTED_EDGE('',*,*,#3483,.T.);
#14572 = ORIENTED_EDGE('',*,*,#14573,.F.);
#14573 = EDGE_CURVE('',#3269,#3484,#14574,.T.);
#14574 = SURFACE_CURVE('',#14575,(#14579,#14586),.PCURVE_S1.);
#14575 = LINE('',#14576,#14577);
#14576 = CARTESIAN_POINT('',(17.,-20.7,1.8));
#14577 = VECTOR('',#14578,1.);
#14578 = DIRECTION('',(1.,0.,0.));
#14579 = PCURVE('',#3284,#14580);
#14580 = DEFINITIONAL_REPRESENTATION('',(#14581),#14585);
#14581 = LINE('',#14582,#14583);
#14582 = CARTESIAN_POINT('',(0.,1.5));
#14583 = VECTOR('',#14584,1.);
#14584 = DIRECTION('',(1.,0.));
#14585 = ( GEOMETRIC_REPRESENTATION_CONTEXT(2) 
PARAMETRIC_REPRESENTATION_CONTEXT() REPRESENTATION_CONTEXT('2D SPACE',''
  ) );
#14586 = PCURVE('',#3312,#14587);
#14587 = DEFINITIONAL_REPRESENTATION('',(#14588),#14592);
#14588 = LINE('',#14589,#14590);
#14589 = CARTESIAN_POINT('',(0.,0.));
#14590 = VECTOR('',#14591,1.);
#14591 = DIRECTION('',(0.,1.));
#14592 = ( GEOMETRIC_REPRESENTATION_CONTEXT(2) 
PARAMETRIC_REPRESENTATION_CONTEXT() REPRESENTATION_CONTEXT('2D SPACE',''
  ) );
#14593 = ADVANCED_FACE('',(#14594),#3312,.T.);
#14594 = FACE_BOUND('',#14595,.T.);
#14595 = EDGE_LOOP('',(#14596,#14597,#14598,#14599));
#14596 = ORIENTED_EDGE('',*,*,#3506,.F.);
#14597 = ORIENTED_EDGE('',*,*,#14573,.F.);
#14598 = ORIENTED_EDGE('',*,*,#3296,.T.);
#14599 = ORIENTED_EDGE('',*,*,#14600,.F.);
#14600 = EDGE_CURVE('',#3507,#3297,#14601,.T.);
#14601 = SURFACE_CURVE('',#14602,(#14606,#14612),.PCURVE_S1.);
#14602 = LINE('',#14603,#14604);
#14603 = CARTESIAN_POINT('',(8.2,-20.7,6.6));
#14604 = VECTOR('',#14605,1.);
#14605 = DIRECTION('',(-1.,0.,0.));
#14606 = PCURVE('',#3312,#14607);
#14607 = DEFINITIONAL_REPRESENTATION('',(#14608),#14611);
#14608 = B_SPLINE_CURVE_WITH_KNOTS('',1,(#14609,#14610),.UNSPECIFIED.,
  .F.,.F.,(2,2),(-10.8,-8.8),.PIECEWISE_BEZIER_KNOTS.);
#14609 = CARTESIAN_POINT('',(4.8,2.));
#14610 = CARTESIAN_POINT('',(4.8,0.));
#14611 = ( GEOMETRIC_REPRESENTATION_CONTEXT(2) 
PARAMETRIC_REPRESENTATION_CONTEXT() REPRESENTATION_CONTEXT('2D SPACE',''
  ) );
#14612 = PCURVE('',#2335,#14613);
#14613 = DEFINITIONAL_REPRESENTATION('',(#14614),#14617);
#14614 = B_SPLINE_CURVE_WITH_KNOTS('',1,(#14615,#14616),.UNSPECIFIED.,
  .F.,.F.,(2,2),(-10.8,-8.8),.PIECEWISE_BEZIER_KNOTS.);
#14615 = CARTESIAN_POINT('',(19.6,1.15));
#14616 = CARTESIAN_POINT('',(17.6,1.15));
#14617 = ( GEOMETRIC_REPRESENTATION_CONTEXT(2) 
PARAMETRIC_REPRESENTATION_CONTEXT() REPRESENTATION_CONTEXT('2D SPACE',''
  ) );
#14618 = ADVANCED_FACE('',(#14619),#3204,.F.);
#14619 = FACE_BOUND('',#14620,.F.);
#14620 = EDGE_LOOP('',(#14621,#14622,#14623,#14624));
#14621 = ORIENTED_EDGE('',*,*,#3438,.F.);
#14622 = ORIENTED_EDGE('',*,*,#3390,.F.);
#14623 = ORIENTED_EDGE('',*,*,#3186,.T.);
#14624 = ORIENTED_EDGE('',*,*,#14625,.F.);
#14625 = EDGE_CURVE('',#3439,#3189,#14626,.T.);
#14626 = SURFACE_CURVE('',#14627,(#14631,#14637),.PCURVE_S1.);
#14627 = LINE('',#14628,#14629);
#14628 = CARTESIAN_POINT('',(26.619792896096,-22.2,4.4));
#14629 = VECTOR('',#14630,1.);
#14630 = DIRECTION('',(-1.,0.,0.));
#14631 = PCURVE('',#3204,#14632);
#14632 = DEFINITIONAL_REPRESENTATION('',(#14633),#14636);
#14633 = B_SPLINE_CURVE_WITH_KNOTS('',1,(#14634,#14635),.UNSPECIFIED.,
  .F.,.F.,(2,2),(7.619792896096,9.619792896096),
  .PIECEWISE_BEZIER_KNOTS.);
#14634 = CARTESIAN_POINT('',(2.6,2.));
#14635 = CARTESIAN_POINT('',(2.6,0.));
#14636 = ( GEOMETRIC_REPRESENTATION_CONTEXT(2) 
PARAMETRIC_REPRESENTATION_CONTEXT() REPRESENTATION_CONTEXT('2D SPACE',''
  ) );
#14637 = PCURVE('',#152,#14638);
#14638 = DEFINITIONAL_REPRESENTATION('',(#14639),#14642);
#14639 = B_SPLINE_CURVE_WITH_KNOTS('',1,(#14640,#14641),.UNSPECIFIED.,
  .F.,.F.,(2,2),(7.619792896096,9.619792896096),
  .PIECEWISE_BEZIER_KNOTS.);
#14640 = CARTESIAN_POINT('',(-17.23958579219,-11.76297748524));
#14641 = CARTESIAN_POINT('',(-19.23958579219,-11.76297748524));
#14642 = ( GEOMETRIC_REPRESENTATION_CONTEXT(2) 
PARAMETRIC_REPRESENTATION_CONTEXT() REPRESENTATION_CONTEXT('2D SPACE',''
  ) );
#14643 = ADVANCED_FACE('',(#14644),#3101,.F.);
#14644 = FACE_BOUND('',#14645,.T.);
#14645 = EDGE_LOOP('',(#14646,#14669,#14670,#14691,#14719,#14747,#14775,
    #14803));
#14646 = ORIENTED_EDGE('',*,*,#14647,.F.);
#14647 = EDGE_CURVE('',#3087,#14648,#14650,.T.);
#14648 = VERTEX_POINT('',#14649);
#14649 = CARTESIAN_POINT('',(10.45,-22.55,6.2));
#14650 = SURFACE_CURVE('',#14651,(#14655,#14662),.PCURVE_S1.);
#14651 = LINE('',#14652,#14653);
#14652 = CARTESIAN_POINT('',(10.45,-21.2,6.2));
#14653 = VECTOR('',#14654,1.);
#14654 = DIRECTION('',(0.,-1.,0.));
#14655 = PCURVE('',#3101,#14656);
#14656 = DEFINITIONAL_REPRESENTATION('',(#14657),#14661);
#14657 = LINE('',#14658,#14659);
#14658 = CARTESIAN_POINT('',(-1.9,0.));
#14659 = VECTOR('',#14660,1.);
#14660 = DIRECTION('',(-0.,-1.));
#14661 = ( GEOMETRIC_REPRESENTATION_CONTEXT(2) 
PARAMETRIC_REPRESENTATION_CONTEXT() REPRESENTATION_CONTEXT('2D SPACE',''
  ) );
#14662 = PCURVE('',#3127,#14663);
#14663 = DEFINITIONAL_REPRESENTATION('',(#14664),#14668);
#14664 = LINE('',#14665,#14666);
#14665 = CARTESIAN_POINT('',(-4.4,-0.));
#14666 = VECTOR('',#14667,1.);
#14667 = DIRECTION('',(-0.,1.));
#14668 = ( GEOMETRIC_REPRESENTATION_CONTEXT(2) 
PARAMETRIC_REPRESENTATION_CONTEXT() REPRESENTATION_CONTEXT('2D SPACE',''
  ) );
#14669 = ORIENTED_EDGE('',*,*,#3086,.F.);
#14670 = ORIENTED_EDGE('',*,*,#14671,.T.);
#14671 = EDGE_CURVE('',#3066,#14672,#14674,.T.);
#14672 = VERTEX_POINT('',#14673);
#14673 = CARTESIAN_POINT('',(10.45,-22.55,4.4));
#14674 = SURFACE_CURVE('',#14675,(#14679,#14685),.PCURVE_S1.);
#14675 = LINE('',#14676,#14677);
#14676 = CARTESIAN_POINT('',(10.45,-15.81851125738,4.4));
#14677 = VECTOR('',#14678,1.);
#14678 = DIRECTION('',(0.,-1.,0.));
#14679 = PCURVE('',#3101,#14680);
#14680 = DEFINITIONAL_REPRESENTATION('',(#14681),#14684);
#14681 = B_SPLINE_CURVE_WITH_KNOTS('',1,(#14682,#14683),.UNSPECIFIED.,
  .F.,.F.,(2,2),(5.38148874262,7.08148874262),.PIECEWISE_BEZIER_KNOTS.);
#14682 = CARTESIAN_POINT('',(-0.1,0.));
#14683 = CARTESIAN_POINT('',(-0.1,-1.7));
#14684 = ( GEOMETRIC_REPRESENTATION_CONTEXT(2) 
PARAMETRIC_REPRESENTATION_CONTEXT() REPRESENTATION_CONTEXT('2D SPACE',''
  ) );
#14685 = PCURVE('',#152,#14686);
#14686 = DEFINITIONAL_REPRESENTATION('',(#14687),#14690);
#14687 = B_SPLINE_CURVE_WITH_KNOTS('',1,(#14688,#14689),.UNSPECIFIED.,
  .F.,.F.,(2,2),(5.38148874262,7.08148874262),.PIECEWISE_BEZIER_KNOTS.);
#14688 = CARTESIAN_POINT('',(-25.78958579219,-10.76297748524));
#14689 = CARTESIAN_POINT('',(-25.78958579219,-12.46297748524));
#14690 = ( GEOMETRIC_REPRESENTATION_CONTEXT(2) 
PARAMETRIC_REPRESENTATION_CONTEXT() REPRESENTATION_CONTEXT('2D SPACE',''
  ) );
#14691 = ORIENTED_EDGE('',*,*,#14692,.T.);
#14692 = EDGE_CURVE('',#14672,#14693,#14695,.T.);
#14693 = VERTEX_POINT('',#14694);
#14694 = CARTESIAN_POINT('',(10.45,-22.55,4.818918918919));
#14695 = SURFACE_CURVE('',#14696,(#14700,#14707),.PCURVE_S1.);
#14696 = LINE('',#14697,#14698);
#14697 = CARTESIAN_POINT('',(10.45,-22.55,4.3));
#14698 = VECTOR('',#14699,1.);
#14699 = DIRECTION('',(0.,0.,1.));
#14700 = PCURVE('',#3101,#14701);
#14701 = DEFINITIONAL_REPRESENTATION('',(#14702),#14706);
#14702 = LINE('',#14703,#14704);
#14703 = CARTESIAN_POINT('',(-0.,-1.35));
#14704 = VECTOR('',#14705,1.);
#14705 = DIRECTION('',(-1.,0.));
#14706 = ( GEOMETRIC_REPRESENTATION_CONTEXT(2) 
PARAMETRIC_REPRESENTATION_CONTEXT() REPRESENTATION_CONTEXT('2D SPACE',''
  ) );
#14707 = PCURVE('',#14708,#14713);
#14708 = PLANE('',#14709);
#14709 = AXIS2_PLACEMENT_3D('',#14710,#14711,#14712);
#14710 = CARTESIAN_POINT('',(6.05,-22.55,4.3));
#14711 = DIRECTION('',(0.,-1.,0.));
#14712 = DIRECTION('',(0.,0.,-1.));
#14713 = DEFINITIONAL_REPRESENTATION('',(#14714),#14718);
#14714 = LINE('',#14715,#14716);
#14715 = CARTESIAN_POINT('',(-0.,4.4));
#14716 = VECTOR('',#14717,1.);
#14717 = DIRECTION('',(-1.,0.));
#14718 = ( GEOMETRIC_REPRESENTATION_CONTEXT(2) 
PARAMETRIC_REPRESENTATION_CONTEXT() REPRESENTATION_CONTEXT('2D SPACE',''
  ) );
#14719 = ORIENTED_EDGE('',*,*,#14720,.T.);
#14720 = EDGE_CURVE('',#14693,#14721,#14723,.T.);
#14721 = VERTEX_POINT('',#14722);
#14722 = CARTESIAN_POINT('',(10.45,-22.9,5.15));
#14723 = SURFACE_CURVE('',#14724,(#14728,#14735),.PCURVE_S1.);
#14724 = LINE('',#14725,#14726);
#14725 = CARTESIAN_POINT('',(10.45,-22.53,4.8));
#14726 = VECTOR('',#14727,1.);
#14727 = DIRECTION('',(-0.,-0.726468416955,0.687199853876));
#14728 = PCURVE('',#3101,#14729);
#14729 = DEFINITIONAL_REPRESENTATION('',(#14730),#14734);
#14730 = LINE('',#14731,#14732);
#14731 = CARTESIAN_POINT('',(-0.5,-1.33));
#14732 = VECTOR('',#14733,1.);
#14733 = DIRECTION('',(-0.687199853876,-0.726468416955));
#14734 = ( GEOMETRIC_REPRESENTATION_CONTEXT(2) 
PARAMETRIC_REPRESENTATION_CONTEXT() REPRESENTATION_CONTEXT('2D SPACE',''
  ) );
#14735 = PCURVE('',#14736,#14741);
#14736 = PLANE('',#14737);
#14737 = AXIS2_PLACEMENT_3D('',#14738,#14739,#14740);
#14738 = CARTESIAN_POINT('',(6.05,-22.53,4.8));
#14739 = DIRECTION('',(-0.,0.687199853876,0.726468416955));
#14740 = DIRECTION('',(0.,0.726468416955,-0.687199853876));
#14741 = DEFINITIONAL_REPRESENTATION('',(#14742),#14746);
#14742 = LINE('',#14743,#14744);
#14743 = CARTESIAN_POINT('',(-0.,-4.4));
#14744 = VECTOR('',#14745,1.);
#14745 = DIRECTION('',(-1.,0.));
#14746 = ( GEOMETRIC_REPRESENTATION_CONTEXT(2) 
PARAMETRIC_REPRESENTATION_CONTEXT() REPRESENTATION_CONTEXT('2D SPACE',''
  ) );
#14747 = ORIENTED_EDGE('',*,*,#14748,.T.);
#14748 = EDGE_CURVE('',#14721,#14749,#14751,.T.);
#14749 = VERTEX_POINT('',#14750);
#14750 = CARTESIAN_POINT('',(10.45,-22.9,5.45));
#14751 = SURFACE_CURVE('',#14752,(#14756,#14763),.PCURVE_S1.);
#14752 = LINE('',#14753,#14754);
#14753 = CARTESIAN_POINT('',(10.45,-22.9,5.15));
#14754 = VECTOR('',#14755,1.);
#14755 = DIRECTION('',(-0.,-0.,1.));
#14756 = PCURVE('',#3101,#14757);
#14757 = DEFINITIONAL_REPRESENTATION('',(#14758),#14762);
#14758 = LINE('',#14759,#14760);
#14759 = CARTESIAN_POINT('',(-0.85,-1.7));
#14760 = VECTOR('',#14761,1.);
#14761 = DIRECTION('',(-1.,0.));
#14762 = ( GEOMETRIC_REPRESENTATION_CONTEXT(2) 
PARAMETRIC_REPRESENTATION_CONTEXT() REPRESENTATION_CONTEXT('2D SPACE',''
  ) );
#14763 = PCURVE('',#14764,#14769);
#14764 = PLANE('',#14765);
#14765 = AXIS2_PLACEMENT_3D('',#14766,#14767,#14768);
#14766 = CARTESIAN_POINT('',(6.05,-22.9,5.15));
#14767 = DIRECTION('',(-0.,1.,-0.));
#14768 = DIRECTION('',(0.,0.,-1.));
#14769 = DEFINITIONAL_REPRESENTATION('',(#14770),#14774);
#14770 = LINE('',#14771,#14772);
#14771 = CARTESIAN_POINT('',(-0.,-4.4));
#14772 = VECTOR('',#14773,1.);
#14773 = DIRECTION('',(-1.,0.));
#14774 = ( GEOMETRIC_REPRESENTATION_CONTEXT(2) 
PARAMETRIC_REPRESENTATION_CONTEXT() REPRESENTATION_CONTEXT('2D SPACE',''
  ) );
#14775 = ORIENTED_EDGE('',*,*,#14776,.T.);
#14776 = EDGE_CURVE('',#14749,#14777,#14779,.T.);
#14777 = VERTEX_POINT('',#14778);
#14778 = CARTESIAN_POINT('',(10.45,-22.55,5.894594594595));
#14779 = SURFACE_CURVE('',#14780,(#14784,#14791),.PCURVE_S1.);
#14780 = LINE('',#14781,#14782);
#14781 = CARTESIAN_POINT('',(10.45,-22.9,5.45));
#14782 = VECTOR('',#14783,1.);
#14783 = DIRECTION('',(-0.,0.618559606331,0.785737878313));
#14784 = PCURVE('',#3101,#14785);
#14785 = DEFINITIONAL_REPRESENTATION('',(#14786),#14790);
#14786 = LINE('',#14787,#14788);
#14787 = CARTESIAN_POINT('',(-1.15,-1.7));
#14788 = VECTOR('',#14789,1.);
#14789 = DIRECTION('',(-0.785737878313,0.618559606331));
#14790 = ( GEOMETRIC_REPRESENTATION_CONTEXT(2) 
PARAMETRIC_REPRESENTATION_CONTEXT() REPRESENTATION_CONTEXT('2D SPACE',''
  ) );
#14791 = PCURVE('',#14792,#14797);
#14792 = PLANE('',#14793);
#14793 = AXIS2_PLACEMENT_3D('',#14794,#14795,#14796);
#14794 = CARTESIAN_POINT('',(6.05,-22.9,5.45));
#14795 = DIRECTION('',(0.,0.785737878313,-0.618559606331));
#14796 = DIRECTION('',(0.,-0.618559606331,-0.785737878313));
#14797 = DEFINITIONAL_REPRESENTATION('',(#14798),#14802);
#14798 = LINE('',#14799,#14800);
#14799 = CARTESIAN_POINT('',(-0.,-4.4));
#14800 = VECTOR('',#14801,1.);
#14801 = DIRECTION('',(-1.,0.));
#14802 = ( GEOMETRIC_REPRESENTATION_CONTEXT(2) 
PARAMETRIC_REPRESENTATION_CONTEXT() REPRESENTATION_CONTEXT('2D SPACE',''
  ) );
#14803 = ORIENTED_EDGE('',*,*,#14804,.T.);
#14804 = EDGE_CURVE('',#14777,#14648,#14805,.T.);
#14805 = SURFACE_CURVE('',#14806,(#14810,#14817),.PCURVE_S1.);
#14806 = LINE('',#14807,#14808);
#14807 = CARTESIAN_POINT('',(10.45,-22.55,4.3));
#14808 = VECTOR('',#14809,1.);
#14809 = DIRECTION('',(0.,0.,1.));
#14810 = PCURVE('',#3101,#14811);
#14811 = DEFINITIONAL_REPRESENTATION('',(#14812),#14816);
#14812 = LINE('',#14813,#14814);
#14813 = CARTESIAN_POINT('',(-0.,-1.35));
#14814 = VECTOR('',#14815,1.);
#14815 = DIRECTION('',(-1.,0.));
#14816 = ( GEOMETRIC_REPRESENTATION_CONTEXT(2) 
PARAMETRIC_REPRESENTATION_CONTEXT() REPRESENTATION_CONTEXT('2D SPACE',''
  ) );
#14817 = PCURVE('',#14818,#14823);
#14818 = PLANE('',#14819);
#14819 = AXIS2_PLACEMENT_3D('',#14820,#14821,#14822);
#14820 = CARTESIAN_POINT('',(6.05,-22.55,4.3));
#14821 = DIRECTION('',(0.,-1.,0.));
#14822 = DIRECTION('',(0.,0.,-1.));
#14823 = DEFINITIONAL_REPRESENTATION('',(#14824),#14828);
#14824 = LINE('',#14825,#14826);
#14825 = CARTESIAN_POINT('',(-0.,4.4));
#14826 = VECTOR('',#14827,1.);
#14827 = DIRECTION('',(-1.,0.));
#14828 = ( GEOMETRIC_REPRESENTATION_CONTEXT(2) 
PARAMETRIC_REPRESENTATION_CONTEXT() REPRESENTATION_CONTEXT('2D SPACE',''
  ) );
#14829 = ADVANCED_FACE('',(#14830),#14708,.F.);
#14830 = FACE_BOUND('',#14831,.T.);
#14831 = EDGE_LOOP('',(#14832,#14833,#14854,#14877));
#14832 = ORIENTED_EDGE('',*,*,#14692,.F.);
#14833 = ORIENTED_EDGE('',*,*,#14834,.T.);
#14834 = EDGE_CURVE('',#14672,#14835,#14837,.T.);
#14835 = VERTEX_POINT('',#14836);
#14836 = CARTESIAN_POINT('',(6.05,-22.55,4.4));
#14837 = SURFACE_CURVE('',#14838,(#14842,#14848),.PCURVE_S1.);
#14838 = LINE('',#14839,#14840);
#14839 = CARTESIAN_POINT('',(21.144792896096,-22.55,4.4));
#14840 = VECTOR('',#14841,1.);
#14841 = DIRECTION('',(-1.,0.,0.));
#14842 = PCURVE('',#14708,#14843);
#14843 = DEFINITIONAL_REPRESENTATION('',(#14844),#14847);
#14844 = B_SPLINE_CURVE_WITH_KNOTS('',1,(#14845,#14846),.UNSPECIFIED.,
  .F.,.F.,(2,2),(10.694792896096,15.094792896096),
  .PIECEWISE_BEZIER_KNOTS.);
#14845 = CARTESIAN_POINT('',(-0.1,4.4));
#14846 = CARTESIAN_POINT('',(-0.1,0.));
#14847 = ( GEOMETRIC_REPRESENTATION_CONTEXT(2) 
PARAMETRIC_REPRESENTATION_CONTEXT() REPRESENTATION_CONTEXT('2D SPACE',''
  ) );
#14848 = PCURVE('',#152,#14849);
#14849 = DEFINITIONAL_REPRESENTATION('',(#14850),#14853);
#14850 = B_SPLINE_CURVE_WITH_KNOTS('',1,(#14851,#14852),.UNSPECIFIED.,
  .F.,.F.,(2,2),(10.694792896096,15.094792896096),
  .PIECEWISE_BEZIER_KNOTS.);
#14851 = CARTESIAN_POINT('',(-25.78958579219,-12.11297748524));
#14852 = CARTESIAN_POINT('',(-30.18958579219,-12.11297748524));
#14853 = ( GEOMETRIC_REPRESENTATION_CONTEXT(2) 
PARAMETRIC_REPRESENTATION_CONTEXT() REPRESENTATION_CONTEXT('2D SPACE',''
  ) );
#14854 = ORIENTED_EDGE('',*,*,#14855,.T.);
#14855 = EDGE_CURVE('',#14835,#14856,#14858,.T.);
#14856 = VERTEX_POINT('',#14857);
#14857 = CARTESIAN_POINT('',(6.05,-22.55,4.818918918919));
#14858 = SURFACE_CURVE('',#14859,(#14863,#14870),.PCURVE_S1.);
#14859 = LINE('',#14860,#14861);
#14860 = CARTESIAN_POINT('',(6.05,-22.55,4.3));
#14861 = VECTOR('',#14862,1.);
#14862 = DIRECTION('',(0.,0.,1.));
#14863 = PCURVE('',#14708,#14864);
#14864 = DEFINITIONAL_REPRESENTATION('',(#14865),#14869);
#14865 = LINE('',#14866,#14867);
#14866 = CARTESIAN_POINT('',(-0.,0.));
#14867 = VECTOR('',#14868,1.);
#14868 = DIRECTION('',(-1.,0.));
#14869 = ( GEOMETRIC_REPRESENTATION_CONTEXT(2) 
PARAMETRIC_REPRESENTATION_CONTEXT() REPRESENTATION_CONTEXT('2D SPACE',''
  ) );
#14870 = PCURVE('',#3153,#14871);
#14871 = DEFINITIONAL_REPRESENTATION('',(#14872),#14876);
#14872 = LINE('',#14873,#14874);
#14873 = CARTESIAN_POINT('',(-0.,-1.35));
#14874 = VECTOR('',#14875,1.);
#14875 = DIRECTION('',(-1.,0.));
#14876 = ( GEOMETRIC_REPRESENTATION_CONTEXT(2) 
PARAMETRIC_REPRESENTATION_CONTEXT() REPRESENTATION_CONTEXT('2D SPACE',''
  ) );
#14877 = ORIENTED_EDGE('',*,*,#14878,.T.);
#14878 = EDGE_CURVE('',#14856,#14693,#14879,.T.);
#14879 = SURFACE_CURVE('',#14880,(#14884,#14891),.PCURVE_S1.);
#14880 = LINE('',#14881,#14882);
#14881 = CARTESIAN_POINT('',(6.05,-22.55,4.818918918919));
#14882 = VECTOR('',#14883,1.);
#14883 = DIRECTION('',(1.,-0.,-0.));
#14884 = PCURVE('',#14708,#14885);
#14885 = DEFINITIONAL_REPRESENTATION('',(#14886),#14890);
#14886 = LINE('',#14887,#14888);
#14887 = CARTESIAN_POINT('',(-0.518918918919,0.));
#14888 = VECTOR('',#14889,1.);
#14889 = DIRECTION('',(-0.,1.));
#14890 = ( GEOMETRIC_REPRESENTATION_CONTEXT(2) 
PARAMETRIC_REPRESENTATION_CONTEXT() REPRESENTATION_CONTEXT('2D SPACE',''
  ) );
#14891 = PCURVE('',#14736,#14892);
#14892 = DEFINITIONAL_REPRESENTATION('',(#14893),#14897);
#14893 = LINE('',#14894,#14895);
#14894 = CARTESIAN_POINT('',(-2.753044665567E-02,0.));
#14895 = VECTOR('',#14896,1.);
#14896 = DIRECTION('',(-0.,-1.));
#14897 = ( GEOMETRIC_REPRESENTATION_CONTEXT(2) 
PARAMETRIC_REPRESENTATION_CONTEXT() REPRESENTATION_CONTEXT('2D SPACE',''
  ) );
#14898 = ADVANCED_FACE('',(#14899),#14736,.T.);
#14899 = FACE_BOUND('',#14900,.F.);
#14900 = EDGE_LOOP('',(#14901,#14924,#14925,#14926));
#14901 = ORIENTED_EDGE('',*,*,#14902,.F.);
#14902 = EDGE_CURVE('',#14856,#14903,#14905,.T.);
#14903 = VERTEX_POINT('',#14904);
#14904 = CARTESIAN_POINT('',(6.05,-22.9,5.15));
#14905 = SURFACE_CURVE('',#14906,(#14910,#14917),.PCURVE_S1.);
#14906 = LINE('',#14907,#14908);
#14907 = CARTESIAN_POINT('',(6.05,-22.53,4.8));
#14908 = VECTOR('',#14909,1.);
#14909 = DIRECTION('',(-0.,-0.726468416955,0.687199853876));
#14910 = PCURVE('',#14736,#14911);
#14911 = DEFINITIONAL_REPRESENTATION('',(#14912),#14916);
#14912 = LINE('',#14913,#14914);
#14913 = CARTESIAN_POINT('',(-0.,-0.));
#14914 = VECTOR('',#14915,1.);
#14915 = DIRECTION('',(-1.,0.));
#14916 = ( GEOMETRIC_REPRESENTATION_CONTEXT(2) 
PARAMETRIC_REPRESENTATION_CONTEXT() REPRESENTATION_CONTEXT('2D SPACE',''
  ) );
#14917 = PCURVE('',#3153,#14918);
#14918 = DEFINITIONAL_REPRESENTATION('',(#14919),#14923);
#14919 = LINE('',#14920,#14921);
#14920 = CARTESIAN_POINT('',(-0.5,-1.33));
#14921 = VECTOR('',#14922,1.);
#14922 = DIRECTION('',(-0.687199853876,-0.726468416955));
#14923 = ( GEOMETRIC_REPRESENTATION_CONTEXT(2) 
PARAMETRIC_REPRESENTATION_CONTEXT() REPRESENTATION_CONTEXT('2D SPACE',''
  ) );
#14924 = ORIENTED_EDGE('',*,*,#14878,.T.);
#14925 = ORIENTED_EDGE('',*,*,#14720,.T.);
#14926 = ORIENTED_EDGE('',*,*,#14927,.F.);
#14927 = EDGE_CURVE('',#14903,#14721,#14928,.T.);
#14928 = SURFACE_CURVE('',#14929,(#14933,#14940),.PCURVE_S1.);
#14929 = LINE('',#14930,#14931);
#14930 = CARTESIAN_POINT('',(6.05,-22.9,5.15));
#14931 = VECTOR('',#14932,1.);
#14932 = DIRECTION('',(1.,-0.,-0.));
#14933 = PCURVE('',#14736,#14934);
#14934 = DEFINITIONAL_REPRESENTATION('',(#14935),#14939);
#14935 = LINE('',#14936,#14937);
#14936 = CARTESIAN_POINT('',(-0.50931326313,0.));
#14937 = VECTOR('',#14938,1.);
#14938 = DIRECTION('',(-0.,-1.));
#14939 = ( GEOMETRIC_REPRESENTATION_CONTEXT(2) 
PARAMETRIC_REPRESENTATION_CONTEXT() REPRESENTATION_CONTEXT('2D SPACE',''
  ) );
#14940 = PCURVE('',#14764,#14941);
#14941 = DEFINITIONAL_REPRESENTATION('',(#14942),#14946);
#14942 = LINE('',#14943,#14944);
#14943 = CARTESIAN_POINT('',(-0.,-0.));
#14944 = VECTOR('',#14945,1.);
#14945 = DIRECTION('',(-0.,-1.));
#14946 = ( GEOMETRIC_REPRESENTATION_CONTEXT(2) 
PARAMETRIC_REPRESENTATION_CONTEXT() REPRESENTATION_CONTEXT('2D SPACE',''
  ) );
#14947 = ADVANCED_FACE('',(#14948),#14764,.T.);
#14948 = FACE_BOUND('',#14949,.F.);
#14949 = EDGE_LOOP('',(#14950,#14951,#14952,#14975));
#14950 = ORIENTED_EDGE('',*,*,#14927,.T.);
#14951 = ORIENTED_EDGE('',*,*,#14748,.T.);
#14952 = ORIENTED_EDGE('',*,*,#14953,.F.);
#14953 = EDGE_CURVE('',#14954,#14749,#14956,.T.);
#14954 = VERTEX_POINT('',#14955);
#14955 = CARTESIAN_POINT('',(6.05,-22.9,5.45));
#14956 = SURFACE_CURVE('',#14957,(#14961,#14968),.PCURVE_S1.);
#14957 = LINE('',#14958,#14959);
#14958 = CARTESIAN_POINT('',(6.05,-22.9,5.45));
#14959 = VECTOR('',#14960,1.);
#14960 = DIRECTION('',(1.,-0.,-0.));
#14961 = PCURVE('',#14764,#14962);
#14962 = DEFINITIONAL_REPRESENTATION('',(#14963),#14967);
#14963 = LINE('',#14964,#14965);
#14964 = CARTESIAN_POINT('',(-0.3,-0.));
#14965 = VECTOR('',#14966,1.);
#14966 = DIRECTION('',(-0.,-1.));
#14967 = ( GEOMETRIC_REPRESENTATION_CONTEXT(2) 
PARAMETRIC_REPRESENTATION_CONTEXT() REPRESENTATION_CONTEXT('2D SPACE',''
  ) );
#14968 = PCURVE('',#14792,#14969);
#14969 = DEFINITIONAL_REPRESENTATION('',(#14970),#14974);
#14970 = LINE('',#14971,#14972);
#14971 = CARTESIAN_POINT('',(-0.,0.));
#14972 = VECTOR('',#14973,1.);
#14973 = DIRECTION('',(-0.,-1.));
#14974 = ( GEOMETRIC_REPRESENTATION_CONTEXT(2) 
PARAMETRIC_REPRESENTATION_CONTEXT() REPRESENTATION_CONTEXT('2D SPACE',''
  ) );
#14975 = ORIENTED_EDGE('',*,*,#14976,.F.);
#14976 = EDGE_CURVE('',#14903,#14954,#14977,.T.);
#14977 = SURFACE_CURVE('',#14978,(#14982,#14989),.PCURVE_S1.);
#14978 = LINE('',#14979,#14980);
#14979 = CARTESIAN_POINT('',(6.05,-22.9,5.15));
#14980 = VECTOR('',#14981,1.);
#14981 = DIRECTION('',(-0.,-0.,1.));
#14982 = PCURVE('',#14764,#14983);
#14983 = DEFINITIONAL_REPRESENTATION('',(#14984),#14988);
#14984 = LINE('',#14985,#14986);
#14985 = CARTESIAN_POINT('',(-0.,-0.));
#14986 = VECTOR('',#14987,1.);
#14987 = DIRECTION('',(-1.,0.));
#14988 = ( GEOMETRIC_REPRESENTATION_CONTEXT(2) 
PARAMETRIC_REPRESENTATION_CONTEXT() REPRESENTATION_CONTEXT('2D SPACE',''
  ) );
#14989 = PCURVE('',#3153,#14990);
#14990 = DEFINITIONAL_REPRESENTATION('',(#14991),#14995);
#14991 = LINE('',#14992,#14993);
#14992 = CARTESIAN_POINT('',(-0.85,-1.7));
#14993 = VECTOR('',#14994,1.);
#14994 = DIRECTION('',(-1.,0.));
#14995 = ( GEOMETRIC_REPRESENTATION_CONTEXT(2) 
PARAMETRIC_REPRESENTATION_CONTEXT() REPRESENTATION_CONTEXT('2D SPACE',''
  ) );
#14996 = ADVANCED_FACE('',(#14997),#14792,.T.);
#14997 = FACE_BOUND('',#14998,.F.);
#14998 = EDGE_LOOP('',(#14999,#15022,#15023,#15024));
#14999 = ORIENTED_EDGE('',*,*,#15000,.F.);
#15000 = EDGE_CURVE('',#14954,#15001,#15003,.T.);
#15001 = VERTEX_POINT('',#15002);
#15002 = CARTESIAN_POINT('',(6.05,-22.55,5.894594594595));
#15003 = SURFACE_CURVE('',#15004,(#15008,#15015),.PCURVE_S1.);
#15004 = LINE('',#15005,#15006);
#15005 = CARTESIAN_POINT('',(6.05,-22.9,5.45));
#15006 = VECTOR('',#15007,1.);
#15007 = DIRECTION('',(-0.,0.618559606331,0.785737878313));
#15008 = PCURVE('',#14792,#15009);
#15009 = DEFINITIONAL_REPRESENTATION('',(#15010),#15014);
#15010 = LINE('',#15011,#15012);
#15011 = CARTESIAN_POINT('',(-0.,0.));
#15012 = VECTOR('',#15013,1.);
#15013 = DIRECTION('',(-1.,0.));
#15014 = ( GEOMETRIC_REPRESENTATION_CONTEXT(2) 
PARAMETRIC_REPRESENTATION_CONTEXT() REPRESENTATION_CONTEXT('2D SPACE',''
  ) );
#15015 = PCURVE('',#3153,#15016);
#15016 = DEFINITIONAL_REPRESENTATION('',(#15017),#15021);
#15017 = LINE('',#15018,#15019);
#15018 = CARTESIAN_POINT('',(-1.15,-1.7));
#15019 = VECTOR('',#15020,1.);
#15020 = DIRECTION('',(-0.785737878313,0.618559606331));
#15021 = ( GEOMETRIC_REPRESENTATION_CONTEXT(2) 
PARAMETRIC_REPRESENTATION_CONTEXT() REPRESENTATION_CONTEXT('2D SPACE',''
  ) );
#15022 = ORIENTED_EDGE('',*,*,#14953,.T.);
#15023 = ORIENTED_EDGE('',*,*,#14776,.T.);
#15024 = ORIENTED_EDGE('',*,*,#15025,.T.);
#15025 = EDGE_CURVE('',#14777,#15001,#15026,.T.);
#15026 = SURFACE_CURVE('',#15027,(#15031,#15038),.PCURVE_S1.);
#15027 = LINE('',#15028,#15029);
#15028 = CARTESIAN_POINT('',(6.05,-22.55,5.894594594595));
#15029 = VECTOR('',#15030,1.);
#15030 = DIRECTION('',(-1.,-0.,-0.));
#15031 = PCURVE('',#14792,#15032);
#15032 = DEFINITIONAL_REPRESENTATION('',(#15033),#15037);
#15033 = LINE('',#15034,#15035);
#15034 = CARTESIAN_POINT('',(-0.565830675682,0.));
#15035 = VECTOR('',#15036,1.);
#15036 = DIRECTION('',(-0.,1.));
#15037 = ( GEOMETRIC_REPRESENTATION_CONTEXT(2) 
PARAMETRIC_REPRESENTATION_CONTEXT() REPRESENTATION_CONTEXT('2D SPACE',''
  ) );
#15038 = PCURVE('',#14818,#15039);
#15039 = DEFINITIONAL_REPRESENTATION('',(#15040),#15044);
#15040 = LINE('',#15041,#15042);
#15041 = CARTESIAN_POINT('',(-1.594594594595,0.));
#15042 = VECTOR('',#15043,1.);
#15043 = DIRECTION('',(-0.,-1.));
#15044 = ( GEOMETRIC_REPRESENTATION_CONTEXT(2) 
PARAMETRIC_REPRESENTATION_CONTEXT() REPRESENTATION_CONTEXT('2D SPACE',''
  ) );
#15045 = ADVANCED_FACE('',(#15046),#14818,.F.);
#15046 = FACE_BOUND('',#15047,.T.);
#15047 = EDGE_LOOP('',(#15048,#15049,#15050,#15073));
#15048 = ORIENTED_EDGE('',*,*,#14804,.F.);
#15049 = ORIENTED_EDGE('',*,*,#15025,.T.);
#15050 = ORIENTED_EDGE('',*,*,#15051,.T.);
#15051 = EDGE_CURVE('',#15001,#15052,#15054,.T.);
#15052 = VERTEX_POINT('',#15053);
#15053 = CARTESIAN_POINT('',(6.05,-22.55,6.2));
#15054 = SURFACE_CURVE('',#15055,(#15059,#15066),.PCURVE_S1.);
#15055 = LINE('',#15056,#15057);
#15056 = CARTESIAN_POINT('',(6.05,-22.55,4.3));
#15057 = VECTOR('',#15058,1.);
#15058 = DIRECTION('',(0.,0.,1.));
#15059 = PCURVE('',#14818,#15060);
#15060 = DEFINITIONAL_REPRESENTATION('',(#15061),#15065);
#15061 = LINE('',#15062,#15063);
#15062 = CARTESIAN_POINT('',(-0.,0.));
#15063 = VECTOR('',#15064,1.);
#15064 = DIRECTION('',(-1.,0.));
#15065 = ( GEOMETRIC_REPRESENTATION_CONTEXT(2) 
PARAMETRIC_REPRESENTATION_CONTEXT() REPRESENTATION_CONTEXT('2D SPACE',''
  ) );
#15066 = PCURVE('',#3153,#15067);
#15067 = DEFINITIONAL_REPRESENTATION('',(#15068),#15072);
#15068 = LINE('',#15069,#15070);
#15069 = CARTESIAN_POINT('',(-0.,-1.35));
#15070 = VECTOR('',#15071,1.);
#15071 = DIRECTION('',(-1.,0.));
#15072 = ( GEOMETRIC_REPRESENTATION_CONTEXT(2) 
PARAMETRIC_REPRESENTATION_CONTEXT() REPRESENTATION_CONTEXT('2D SPACE',''
  ) );
#15073 = ORIENTED_EDGE('',*,*,#15074,.T.);
#15074 = EDGE_CURVE('',#15052,#14648,#15075,.T.);
#15075 = SURFACE_CURVE('',#15076,(#15080,#15087),.PCURVE_S1.);
#15076 = LINE('',#15077,#15078);
#15077 = CARTESIAN_POINT('',(6.05,-22.55,6.2));
#15078 = VECTOR('',#15079,1.);
#15079 = DIRECTION('',(1.,0.,-0.));
#15080 = PCURVE('',#14818,#15081);
#15081 = DEFINITIONAL_REPRESENTATION('',(#15082),#15086);
#15082 = LINE('',#15083,#15084);
#15083 = CARTESIAN_POINT('',(-1.9,0.));
#15084 = VECTOR('',#15085,1.);
#15085 = DIRECTION('',(-0.,1.));
#15086 = ( GEOMETRIC_REPRESENTATION_CONTEXT(2) 
PARAMETRIC_REPRESENTATION_CONTEXT() REPRESENTATION_CONTEXT('2D SPACE',''
  ) );
#15087 = PCURVE('',#3127,#15088);
#15088 = DEFINITIONAL_REPRESENTATION('',(#15089),#15093);
#15089 = LINE('',#15090,#15091);
#15090 = CARTESIAN_POINT('',(-0.,1.35));
#15091 = VECTOR('',#15092,1.);
#15092 = DIRECTION('',(-1.,0.));
#15093 = ( GEOMETRIC_REPRESENTATION_CONTEXT(2) 
PARAMETRIC_REPRESENTATION_CONTEXT() REPRESENTATION_CONTEXT('2D SPACE',''
  ) );
#15094 = ADVANCED_FACE('',(#15095),#3127,.F.);
#15095 = FACE_BOUND('',#15096,.T.);
#15096 = EDGE_LOOP('',(#15097,#15118,#15119,#15120));
#15097 = ORIENTED_EDGE('',*,*,#15098,.F.);
#15098 = EDGE_CURVE('',#3113,#15052,#15099,.T.);
#15099 = SURFACE_CURVE('',#15100,(#15104,#15111),.PCURVE_S1.);
#15100 = LINE('',#15101,#15102);
#15101 = CARTESIAN_POINT('',(6.05,-21.2,6.2));
#15102 = VECTOR('',#15103,1.);
#15103 = DIRECTION('',(0.,-1.,0.));
#15104 = PCURVE('',#3127,#15105);
#15105 = DEFINITIONAL_REPRESENTATION('',(#15106),#15110);
#15106 = LINE('',#15107,#15108);
#15107 = CARTESIAN_POINT('',(-0.,-0.));
#15108 = VECTOR('',#15109,1.);
#15109 = DIRECTION('',(-0.,1.));
#15110 = ( GEOMETRIC_REPRESENTATION_CONTEXT(2) 
PARAMETRIC_REPRESENTATION_CONTEXT() REPRESENTATION_CONTEXT('2D SPACE',''
  ) );
#15111 = PCURVE('',#3153,#15112);
#15112 = DEFINITIONAL_REPRESENTATION('',(#15113),#15117);
#15113 = LINE('',#15114,#15115);
#15114 = CARTESIAN_POINT('',(-1.9,0.));
#15115 = VECTOR('',#15116,1.);
#15116 = DIRECTION('',(-0.,-1.));
#15117 = ( GEOMETRIC_REPRESENTATION_CONTEXT(2) 
PARAMETRIC_REPRESENTATION_CONTEXT() REPRESENTATION_CONTEXT('2D SPACE',''
  ) );
#15118 = ORIENTED_EDGE('',*,*,#3112,.F.);
#15119 = ORIENTED_EDGE('',*,*,#14647,.T.);
#15120 = ORIENTED_EDGE('',*,*,#15074,.F.);
#15121 = ADVANCED_FACE('',(#15122),#3153,.T.);
#15122 = FACE_BOUND('',#15123,.F.);
#15123 = EDGE_LOOP('',(#15124,#15125,#15126,#15145,#15146,#15147,#15148,
    #15149));
#15124 = ORIENTED_EDGE('',*,*,#15098,.F.);
#15125 = ORIENTED_EDGE('',*,*,#3138,.F.);
#15126 = ORIENTED_EDGE('',*,*,#15127,.T.);
#15127 = EDGE_CURVE('',#3139,#14835,#15128,.T.);
#15128 = SURFACE_CURVE('',#15129,(#15133,#15139),.PCURVE_S1.);
#15129 = LINE('',#15130,#15131);
#15130 = CARTESIAN_POINT('',(6.05,-15.81851125738,4.4));
#15131 = VECTOR('',#15132,1.);
#15132 = DIRECTION('',(0.,-1.,0.));
#15133 = PCURVE('',#3153,#15134);
#15134 = DEFINITIONAL_REPRESENTATION('',(#15135),#15138);
#15135 = B_SPLINE_CURVE_WITH_KNOTS('',1,(#15136,#15137),.UNSPECIFIED.,
  .F.,.F.,(2,2),(5.38148874262,7.08148874262),.PIECEWISE_BEZIER_KNOTS.);
#15136 = CARTESIAN_POINT('',(-0.1,0.));
#15137 = CARTESIAN_POINT('',(-0.1,-1.7));
#15138 = ( GEOMETRIC_REPRESENTATION_CONTEXT(2) 
PARAMETRIC_REPRESENTATION_CONTEXT() REPRESENTATION_CONTEXT('2D SPACE',''
  ) );
#15139 = PCURVE('',#152,#15140);
#15140 = DEFINITIONAL_REPRESENTATION('',(#15141),#15144);
#15141 = B_SPLINE_CURVE_WITH_KNOTS('',1,(#15142,#15143),.UNSPECIFIED.,
  .F.,.F.,(2,2),(5.38148874262,7.08148874262),.PIECEWISE_BEZIER_KNOTS.);
#15142 = CARTESIAN_POINT('',(-30.18958579219,-10.76297748524));
#15143 = CARTESIAN_POINT('',(-30.18958579219,-12.46297748524));
#15144 = ( GEOMETRIC_REPRESENTATION_CONTEXT(2) 
PARAMETRIC_REPRESENTATION_CONTEXT() REPRESENTATION_CONTEXT('2D SPACE',''
  ) );
#15145 = ORIENTED_EDGE('',*,*,#14855,.T.);
#15146 = ORIENTED_EDGE('',*,*,#14902,.T.);
#15147 = ORIENTED_EDGE('',*,*,#14976,.T.);
#15148 = ORIENTED_EDGE('',*,*,#15000,.T.);
#15149 = ORIENTED_EDGE('',*,*,#15051,.T.);
#15150 = ADVANCED_FACE('',(#15151),#2584,.T.);
#15151 = FACE_BOUND('',#15152,.T.);
#15152 = EDGE_LOOP('',(#15153,#15154,#15155,#15176));
#15153 = ORIENTED_EDGE('',*,*,#2753,.F.);
#15154 = ORIENTED_EDGE('',*,*,#2845,.F.);
#15155 = ORIENTED_EDGE('',*,*,#15156,.T.);
#15156 = EDGE_CURVE('',#2801,#2539,#15157,.T.);
#15157 = SURFACE_CURVE('',#15158,(#15162,#15169),.PCURVE_S1.);
#15158 = LINE('',#15159,#15160);
#15159 = CARTESIAN_POINT('',(-1.55,-21.95,3.05));
#15160 = VECTOR('',#15161,1.);
#15161 = DIRECTION('',(1.,0.,0.));
#15162 = PCURVE('',#2584,#15163);
#15163 = DEFINITIONAL_REPRESENTATION('',(#15164),#15168);
#15164 = LINE('',#15165,#15166);
#15165 = CARTESIAN_POINT('',(0.,0.));
#15166 = VECTOR('',#15167,1.);
#15167 = DIRECTION('',(1.,0.));
#15168 = ( GEOMETRIC_REPRESENTATION_CONTEXT(2) 
PARAMETRIC_REPRESENTATION_CONTEXT() REPRESENTATION_CONTEXT('2D SPACE',''
  ) );
#15169 = PCURVE('',#2556,#15170);
#15170 = DEFINITIONAL_REPRESENTATION('',(#15171),#15175);
#15171 = LINE('',#15172,#15173);
#15172 = CARTESIAN_POINT('',(0.6,-1.65));
#15173 = VECTOR('',#15174,1.);
#15174 = DIRECTION('',(0.,1.));
#15175 = ( GEOMETRIC_REPRESENTATION_CONTEXT(2) 
PARAMETRIC_REPRESENTATION_CONTEXT() REPRESENTATION_CONTEXT('2D SPACE',''
  ) );
#15176 = ORIENTED_EDGE('',*,*,#2568,.F.);
#15177 = ADVANCED_FACE('',(#15178),#2556,.F.);
#15178 = FACE_BOUND('',#15179,.F.);
#15179 = EDGE_LOOP('',(#15180,#15181,#15182,#15183,#15184,#15185));
#15180 = ORIENTED_EDGE('',*,*,#2918,.F.);
#15181 = ORIENTED_EDGE('',*,*,#2871,.F.);
#15182 = ORIENTED_EDGE('',*,*,#2798,.T.);
#15183 = ORIENTED_EDGE('',*,*,#15156,.T.);
#15184 = ORIENTED_EDGE('',*,*,#2538,.T.);
#15185 = ORIENTED_EDGE('',*,*,#15186,.F.);
#15186 = EDGE_CURVE('',#2919,#2541,#15187,.T.);
#15187 = SURFACE_CURVE('',#15188,(#15192,#15199),.PCURVE_S1.);
#15188 = LINE('',#15189,#15190);
#15189 = CARTESIAN_POINT('',(18.169792896096,-21.95,4.4));
#15190 = VECTOR('',#15191,1.);
#15191 = DIRECTION('',(-1.,0.,0.));
#15192 = PCURVE('',#2556,#15193);
#15193 = DEFINITIONAL_REPRESENTATION('',(#15194),#15198);
#15194 = LINE('',#15195,#15196);
#15195 = CARTESIAN_POINT('',(1.95,18.069792896096));
#15196 = VECTOR('',#15197,1.);
#15197 = DIRECTION('',(0.,-1.));
#15198 = ( GEOMETRIC_REPRESENTATION_CONTEXT(2) 
PARAMETRIC_REPRESENTATION_CONTEXT() REPRESENTATION_CONTEXT('2D SPACE',''
  ) );
#15199 = PCURVE('',#152,#15200);
#15200 = DEFINITIONAL_REPRESENTATION('',(#15201),#15204);
#15201 = B_SPLINE_CURVE_WITH_KNOTS('',1,(#15202,#15203),.UNSPECIFIED.,
  .F.,.F.,(2,2),(16.469792896096,18.069792896096),
  .PIECEWISE_BEZIER_KNOTS.);
#15202 = CARTESIAN_POINT('',(-34.53958579219,-11.51297748524));
#15203 = CARTESIAN_POINT('',(-36.13958579219,-11.51297748524));
#15204 = ( GEOMETRIC_REPRESENTATION_CONTEXT(2) 
PARAMETRIC_REPRESENTATION_CONTEXT() REPRESENTATION_CONTEXT('2D SPACE',''
  ) );
#15205 = ADVANCED_FACE('',(#15206,#15286,#15289,#15295,#15313),#2335,.F.
  );
#15206 = FACE_BOUND('',#15207,.F.);
#15207 = EDGE_LOOP('',(#15208,#15209,#15210,#15211,#15212,#15213,#15214,
    #15215,#15216,#15217,#15218,#15219,#15220,#15221,#15222,#15223,
    #15224,#15225,#15226,#15227,#15228,#15229,#15230,#15231,#15232,
    #15233,#15234,#15235,#15236,#15237,#15238,#15239,#15240,#15241,
    #15242,#15243,#15244,#15245,#15266,#15285));
#15208 = ORIENTED_EDGE('',*,*,#2420,.F.);
#15209 = ORIENTED_EDGE('',*,*,#2445,.T.);
#15210 = ORIENTED_EDGE('',*,*,#2623,.T.);
#15211 = ORIENTED_EDGE('',*,*,#2775,.F.);
#15212 = ORIENTED_EDGE('',*,*,#2943,.F.);
#15213 = ORIENTED_EDGE('',*,*,#3016,.T.);
#15214 = ORIENTED_EDGE('',*,*,#3324,.T.);
#15215 = ORIENTED_EDGE('',*,*,#14600,.F.);
#15216 = ORIENTED_EDGE('',*,*,#3529,.F.);
#15217 = ORIENTED_EDGE('',*,*,#3598,.T.);
#15218 = ORIENTED_EDGE('',*,*,#3907,.T.);
#15219 = ORIENTED_EDGE('',*,*,#14303,.F.);
#15220 = ORIENTED_EDGE('',*,*,#4112,.F.);
#15221 = ORIENTED_EDGE('',*,*,#4229,.T.);
#15222 = ORIENTED_EDGE('',*,*,#4391,.T.);
#15223 = ORIENTED_EDGE('',*,*,#14201,.F.);
#15224 = ORIENTED_EDGE('',*,*,#4596,.F.);
#15225 = ORIENTED_EDGE('',*,*,#4767,.T.);
#15226 = ORIENTED_EDGE('',*,*,#5469,.T.);
#15227 = ORIENTED_EDGE('',*,*,#5493,.T.);
#15228 = ORIENTED_EDGE('',*,*,#5620,.T.);
#15229 = ORIENTED_EDGE('',*,*,#5693,.F.);
#15230 = ORIENTED_EDGE('',*,*,#14044,.T.);
#15231 = ORIENTED_EDGE('',*,*,#13486,.F.);
#15232 = ORIENTED_EDGE('',*,*,#13392,.F.);
#15233 = ORIENTED_EDGE('',*,*,#13316,.T.);
#15234 = ORIENTED_EDGE('',*,*,#13108,.T.);
#15235 = ORIENTED_EDGE('',*,*,#12951,.F.);
#15236 = ORIENTED_EDGE('',*,*,#12906,.F.);
#15237 = ORIENTED_EDGE('',*,*,#12830,.T.);
#15238 = ORIENTED_EDGE('',*,*,#12622,.T.);
#15239 = ORIENTED_EDGE('',*,*,#12438,.F.);
#15240 = ORIENTED_EDGE('',*,*,#12221,.F.);
#15241 = ORIENTED_EDGE('',*,*,#12145,.T.);
#15242 = ORIENTED_EDGE('',*,*,#11937,.T.);
#15243 = ORIENTED_EDGE('',*,*,#11668,.F.);
#15244 = ORIENTED_EDGE('',*,*,#11780,.F.);
#15245 = ORIENTED_EDGE('',*,*,#15246,.F.);
#15246 = EDGE_CURVE('',#15247,#11740,#15249,.T.);
#15247 = VERTEX_POINT('',#15248);
#15248 = CARTESIAN_POINT('',(0.7,-3.,6.6));
#15249 = SURFACE_CURVE('',#15250,(#15254,#15260),.PCURVE_S1.);
#15250 = LINE('',#15251,#15252);
#15251 = CARTESIAN_POINT('',(-1.55,-3.,6.6));
#15252 = VECTOR('',#15253,1.);
#15253 = DIRECTION('',(-1.,0.,0.));
#15254 = PCURVE('',#2335,#15255);
#15255 = DEFINITIONAL_REPRESENTATION('',(#15256),#15259);
#15256 = B_SPLINE_CURVE_WITH_KNOTS('',1,(#15257,#15258),.UNSPECIFIED.,
  .F.,.F.,(2,2),(-2.25,-0.95),.PIECEWISE_BEZIER_KNOTS.);
#15257 = CARTESIAN_POINT('',(1.3,18.85));
#15258 = CARTESIAN_POINT('',(0.,18.85));
#15259 = ( GEOMETRIC_REPRESENTATION_CONTEXT(2) 
PARAMETRIC_REPRESENTATION_CONTEXT() REPRESENTATION_CONTEXT('2D SPACE',''
  ) );
#15260 = PCURVE('',#1792,#15261);
#15261 = DEFINITIONAL_REPRESENTATION('',(#15262),#15265);
#15262 = B_SPLINE_CURVE_WITH_KNOTS('',1,(#15263,#15264),.UNSPECIFIED.,
  .F.,.F.,(2,2),(-2.25,-0.95),.PIECEWISE_BEZIER_KNOTS.);
#15263 = CARTESIAN_POINT('',(2.2,3.2));
#15264 = CARTESIAN_POINT('',(2.2,1.9));
#15265 = ( GEOMETRIC_REPRESENTATION_CONTEXT(2) 
PARAMETRIC_REPRESENTATION_CONTEXT() REPRESENTATION_CONTEXT('2D SPACE',''
  ) );
#15266 = ORIENTED_EDGE('',*,*,#15267,.F.);
#15267 = EDGE_CURVE('',#2321,#15247,#15268,.T.);
#15268 = SURFACE_CURVE('',#15269,(#15273,#15279),.PCURVE_S1.);
#15269 = LINE('',#15270,#15271);
#15270 = CARTESIAN_POINT('',(0.7,-20.075,6.6));
#15271 = VECTOR('',#15272,1.);
#15272 = DIRECTION('',(0.,1.,0.));
#15273 = PCURVE('',#2335,#15274);
#15274 = DEFINITIONAL_REPRESENTATION('',(#15275),#15278);
#15275 = B_SPLINE_CURVE_WITH_KNOTS('',1,(#15276,#15277),.UNSPECIFIED.,
  .F.,.F.,(2,2),(1.775,17.075),.PIECEWISE_BEZIER_KNOTS.);
#15276 = CARTESIAN_POINT('',(1.3,3.55));
#15277 = CARTESIAN_POINT('',(1.3,18.85));
#15278 = ( GEOMETRIC_REPRESENTATION_CONTEXT(2) 
PARAMETRIC_REPRESENTATION_CONTEXT() REPRESENTATION_CONTEXT('2D SPACE',''
  ) );
#15279 = PCURVE('',#2046,#15280);
#15280 = DEFINITIONAL_REPRESENTATION('',(#15281),#15284);
#15281 = B_SPLINE_CURVE_WITH_KNOTS('',1,(#15282,#15283),.UNSPECIFIED.,
  .F.,.F.,(2,2),(1.775,17.075),.PIECEWISE_BEZIER_KNOTS.);
#15282 = CARTESIAN_POINT('',(2.2,0.));
#15283 = CARTESIAN_POINT('',(2.2,-15.3));
#15284 = ( GEOMETRIC_REPRESENTATION_CONTEXT(2) 
PARAMETRIC_REPRESENTATION_CONTEXT() REPRESENTATION_CONTEXT('2D SPACE',''
  ) );
#15285 = ORIENTED_EDGE('',*,*,#2320,.T.);
#15286 = FACE_BOUND('',#15287,.F.);
#15287 = EDGE_LOOP('',(#15288));
#15288 = ORIENTED_EDGE('',*,*,#10661,.T.);
#15289 = FACE_BOUND('',#15290,.F.);
#15290 = EDGE_LOOP('',(#15291,#15292,#15293,#15294));
#15291 = ORIENTED_EDGE('',*,*,#10559,.T.);
#15292 = ORIENTED_EDGE('',*,*,#10366,.T.);
#15293 = ORIENTED_EDGE('',*,*,#10447,.F.);
#15294 = ORIENTED_EDGE('',*,*,#10515,.F.);
#15295 = FACE_BOUND('',#15296,.F.);
#15296 = EDGE_LOOP('',(#15297,#15298,#15299,#15300,#15301,#15302,#15303,
    #15304,#15305,#15306,#15307,#15308,#15309,#15310,#15311,#15312));
#15297 = ORIENTED_EDGE('',*,*,#9632,.F.);
#15298 = ORIENTED_EDGE('',*,*,#9577,.T.);
#15299 = ORIENTED_EDGE('',*,*,#9155,.T.);
#15300 = ORIENTED_EDGE('',*,*,#8343,.T.);
#15301 = ORIENTED_EDGE('',*,*,#8543,.F.);
#15302 = ORIENTED_EDGE('',*,*,#9052,.F.);
#15303 = ORIENTED_EDGE('',*,*,#8995,.F.);
#15304 = ORIENTED_EDGE('',*,*,#8731,.T.);
#15305 = ORIENTED_EDGE('',*,*,#8442,.F.);
#15306 = ORIENTED_EDGE('',*,*,#9369,.T.);
#15307 = ORIENTED_EDGE('',*,*,#9449,.T.);
#15308 = ORIENTED_EDGE('',*,*,#9523,.T.);
#15309 = ORIENTED_EDGE('',*,*,#9733,.F.);
#15310 = ORIENTED_EDGE('',*,*,#10240,.T.);
#15311 = ORIENTED_EDGE('',*,*,#9991,.T.);
#15312 = ORIENTED_EDGE('',*,*,#9899,.F.);
#15313 = FACE_BOUND('',#15314,.F.);
#15314 = EDGE_LOOP('',(#15315,#15344,#15371,#15398));
#15315 = ORIENTED_EDGE('',*,*,#15316,.T.);
#15316 = EDGE_CURVE('',#15317,#15319,#15321,.T.);
#15317 = VERTEX_POINT('',#15318);
#15318 = CARTESIAN_POINT('',(1.7,-2.05,6.6));
#15319 = VERTEX_POINT('',#15320);
#15320 = CARTESIAN_POINT('',(0.1,-2.05,6.6));
#15321 = SURFACE_CURVE('',#15322,(#15326,#15332),.PCURVE_S1.);
#15322 = LINE('',#15323,#15324);
#15323 = CARTESIAN_POINT('',(-0.25,-2.05,6.6));
#15324 = VECTOR('',#15325,1.);
#15325 = DIRECTION('',(-1.,0.,0.));
#15326 = PCURVE('',#2335,#15327);
#15327 = DEFINITIONAL_REPRESENTATION('',(#15328),#15331);
#15328 = B_SPLINE_CURVE_WITH_KNOTS('',1,(#15329,#15330),.UNSPECIFIED.,
  .F.,.F.,(2,2),(-1.95,-0.35),.PIECEWISE_BEZIER_KNOTS.);
#15329 = CARTESIAN_POINT('',(2.3,19.8));
#15330 = CARTESIAN_POINT('',(0.7,19.8));
#15331 = ( GEOMETRIC_REPRESENTATION_CONTEXT(2) 
PARAMETRIC_REPRESENTATION_CONTEXT() REPRESENTATION_CONTEXT('2D SPACE',''
  ) );
#15332 = PCURVE('',#15333,#15338);
#15333 = PLANE('',#15334);
#15334 = AXIS2_PLACEMENT_3D('',#15335,#15336,#15337);
#15335 = CARTESIAN_POINT('',(0.1,-2.05,2.45));
#15336 = DIRECTION('',(0.,1.,0.));
#15337 = DIRECTION('',(0.,0.,1.));
#15338 = DEFINITIONAL_REPRESENTATION('',(#15339),#15343);
#15339 = LINE('',#15340,#15341);
#15340 = CARTESIAN_POINT('',(4.15,-0.35));
#15341 = VECTOR('',#15342,1.);
#15342 = DIRECTION('',(0.,-1.));
#15343 = ( GEOMETRIC_REPRESENTATION_CONTEXT(2) 
PARAMETRIC_REPRESENTATION_CONTEXT() REPRESENTATION_CONTEXT('2D SPACE',''
  ) );
#15344 = ORIENTED_EDGE('',*,*,#15345,.T.);
#15345 = EDGE_CURVE('',#15319,#15346,#15348,.T.);
#15346 = VERTEX_POINT('',#15347);
#15347 = CARTESIAN_POINT('',(0.1,0.25,6.6));
#15348 = SURFACE_CURVE('',#15349,(#15353,#15359),.PCURVE_S1.);
#15349 = LINE('',#15350,#15351);
#15350 = CARTESIAN_POINT('',(1.E-01,-11.95,6.6));
#15351 = VECTOR('',#15352,1.);
#15352 = DIRECTION('',(0.,1.,0.));
#15353 = PCURVE('',#2335,#15354);
#15354 = DEFINITIONAL_REPRESENTATION('',(#15355),#15358);
#15355 = B_SPLINE_CURVE_WITH_KNOTS('',1,(#15356,#15357),.UNSPECIFIED.,
  .F.,.F.,(2,2),(9.9,12.2),.PIECEWISE_BEZIER_KNOTS.);
#15356 = CARTESIAN_POINT('',(0.7,19.8));
#15357 = CARTESIAN_POINT('',(0.7,22.1));
#15358 = ( GEOMETRIC_REPRESENTATION_CONTEXT(2) 
PARAMETRIC_REPRESENTATION_CONTEXT() REPRESENTATION_CONTEXT('2D SPACE',''
  ) );
#15359 = PCURVE('',#15360,#15365);
#15360 = PLANE('',#15361);
#15361 = AXIS2_PLACEMENT_3D('',#15362,#15363,#15364);
#15362 = CARTESIAN_POINT('',(0.1,-2.05,2.45));
#15363 = DIRECTION('',(1.,0.,0.));
#15364 = DIRECTION('',(0.,0.,1.));
#15365 = DEFINITIONAL_REPRESENTATION('',(#15366),#15370);
#15366 = LINE('',#15367,#15368);
#15367 = CARTESIAN_POINT('',(4.15,9.9));
#15368 = VECTOR('',#15369,1.);
#15369 = DIRECTION('',(0.,-1.));
#15370 = ( GEOMETRIC_REPRESENTATION_CONTEXT(2) 
PARAMETRIC_REPRESENTATION_CONTEXT() REPRESENTATION_CONTEXT('2D SPACE',''
  ) );
#15371 = ORIENTED_EDGE('',*,*,#15372,.F.);
#15372 = EDGE_CURVE('',#15373,#15346,#15375,.T.);
#15373 = VERTEX_POINT('',#15374);
#15374 = CARTESIAN_POINT('',(1.7,0.25,6.6));
#15375 = SURFACE_CURVE('',#15376,(#15380,#15386),.PCURVE_S1.);
#15376 = LINE('',#15377,#15378);
#15377 = CARTESIAN_POINT('',(-0.25,0.25,6.6));
#15378 = VECTOR('',#15379,1.);
#15379 = DIRECTION('',(-1.,0.,0.));
#15380 = PCURVE('',#2335,#15381);
#15381 = DEFINITIONAL_REPRESENTATION('',(#15382),#15385);
#15382 = B_SPLINE_CURVE_WITH_KNOTS('',1,(#15383,#15384),.UNSPECIFIED.,
  .F.,.F.,(2,2),(-1.95,-0.35),.PIECEWISE_BEZIER_KNOTS.);
#15383 = CARTESIAN_POINT('',(2.3,22.1));
#15384 = CARTESIAN_POINT('',(0.7,22.1));
#15385 = ( GEOMETRIC_REPRESENTATION_CONTEXT(2) 
PARAMETRIC_REPRESENTATION_CONTEXT() REPRESENTATION_CONTEXT('2D SPACE',''
  ) );
#15386 = PCURVE('',#15387,#15392);
#15387 = PLANE('',#15388);
#15388 = AXIS2_PLACEMENT_3D('',#15389,#15390,#15391);
#15389 = CARTESIAN_POINT('',(0.1,0.25,2.45));
#15390 = DIRECTION('',(0.,1.,0.));
#15391 = DIRECTION('',(0.,0.,1.));
#15392 = DEFINITIONAL_REPRESENTATION('',(#15393),#15397);
#15393 = LINE('',#15394,#15395);
#15394 = CARTESIAN_POINT('',(4.15,-0.35));
#15395 = VECTOR('',#15396,1.);
#15396 = DIRECTION('',(0.,-1.));
#15397 = ( GEOMETRIC_REPRESENTATION_CONTEXT(2) 
PARAMETRIC_REPRESENTATION_CONTEXT() REPRESENTATION_CONTEXT('2D SPACE',''
  ) );
#15398 = ORIENTED_EDGE('',*,*,#15399,.F.);
#15399 = EDGE_CURVE('',#15317,#15373,#15400,.T.);
#15400 = SURFACE_CURVE('',#15401,(#15405,#15411),.PCURVE_S1.);
#15401 = LINE('',#15402,#15403);
#15402 = CARTESIAN_POINT('',(1.7,-11.95,6.6));
#15403 = VECTOR('',#15404,1.);
#15404 = DIRECTION('',(0.,1.,0.));
#15405 = PCURVE('',#2335,#15406);
#15406 = DEFINITIONAL_REPRESENTATION('',(#15407),#15410);
#15407 = B_SPLINE_CURVE_WITH_KNOTS('',1,(#15408,#15409),.UNSPECIFIED.,
  .F.,.F.,(2,2),(9.9,12.2),.PIECEWISE_BEZIER_KNOTS.);
#15408 = CARTESIAN_POINT('',(2.3,19.8));
#15409 = CARTESIAN_POINT('',(2.3,22.1));
#15410 = ( GEOMETRIC_REPRESENTATION_CONTEXT(2) 
PARAMETRIC_REPRESENTATION_CONTEXT() REPRESENTATION_CONTEXT('2D SPACE',''
  ) );
#15411 = PCURVE('',#15412,#15417);
#15412 = PLANE('',#15413);
#15413 = AXIS2_PLACEMENT_3D('',#15414,#15415,#15416);
#15414 = CARTESIAN_POINT('',(1.7,-2.05,2.45));
#15415 = DIRECTION('',(1.,0.,0.));
#15416 = DIRECTION('',(0.,0.,1.));
#15417 = DEFINITIONAL_REPRESENTATION('',(#15418),#15422);
#15418 = LINE('',#15419,#15420);
#15419 = CARTESIAN_POINT('',(4.15,9.9));
#15420 = VECTOR('',#15421,1.);
#15421 = DIRECTION('',(0.,-1.));
#15422 = ( GEOMETRIC_REPRESENTATION_CONTEXT(2) 
PARAMETRIC_REPRESENTATION_CONTEXT() REPRESENTATION_CONTEXT('2D SPACE',''
  ) );
#15423 = ADVANCED_FACE('',(#15424),#15387,.T.);
#15424 = FACE_BOUND('',#15425,.T.);
#15425 = EDGE_LOOP('',(#15426,#15449,#15477,#15505,#15533,#15554));
#15426 = ORIENTED_EDGE('',*,*,#15427,.F.);
#15427 = EDGE_CURVE('',#15428,#15373,#15430,.T.);
#15428 = VERTEX_POINT('',#15429);
#15429 = CARTESIAN_POINT('',(1.7,0.25,2.45));
#15430 = SURFACE_CURVE('',#15431,(#15435,#15442),.PCURVE_S1.);
#15431 = LINE('',#15432,#15433);
#15432 = CARTESIAN_POINT('',(1.7,0.25,2.45));
#15433 = VECTOR('',#15434,1.);
#15434 = DIRECTION('',(0.,0.,1.));
#15435 = PCURVE('',#15387,#15436);
#15436 = DEFINITIONAL_REPRESENTATION('',(#15437),#15441);
#15437 = LINE('',#15438,#15439);
#15438 = CARTESIAN_POINT('',(0.,1.6));
#15439 = VECTOR('',#15440,1.);
#15440 = DIRECTION('',(1.,0.));
#15441 = ( GEOMETRIC_REPRESENTATION_CONTEXT(2) 
PARAMETRIC_REPRESENTATION_CONTEXT() REPRESENTATION_CONTEXT('2D SPACE',''
  ) );
#15442 = PCURVE('',#15412,#15443);
#15443 = DEFINITIONAL_REPRESENTATION('',(#15444),#15448);
#15444 = LINE('',#15445,#15446);
#15445 = CARTESIAN_POINT('',(0.,-2.3));
#15446 = VECTOR('',#15447,1.);
#15447 = DIRECTION('',(1.,0.));
#15448 = ( GEOMETRIC_REPRESENTATION_CONTEXT(2) 
PARAMETRIC_REPRESENTATION_CONTEXT() REPRESENTATION_CONTEXT('2D SPACE',''
  ) );
#15449 = ORIENTED_EDGE('',*,*,#15450,.T.);
#15450 = EDGE_CURVE('',#15428,#15451,#15453,.T.);
#15451 = VERTEX_POINT('',#15452);
#15452 = CARTESIAN_POINT('',(-1.55,0.25,2.45));
#15453 = SURFACE_CURVE('',#15454,(#15458,#15465),.PCURVE_S1.);
#15454 = LINE('',#15455,#15456);
#15455 = CARTESIAN_POINT('',(1.7,0.25,2.45));
#15456 = VECTOR('',#15457,1.);
#15457 = DIRECTION('',(-1.,0.,0.));
#15458 = PCURVE('',#15387,#15459);
#15459 = DEFINITIONAL_REPRESENTATION('',(#15460),#15464);
#15460 = LINE('',#15461,#15462);
#15461 = CARTESIAN_POINT('',(0.,1.6));
#15462 = VECTOR('',#15463,1.);
#15463 = DIRECTION('',(0.,-1.));
#15464 = ( GEOMETRIC_REPRESENTATION_CONTEXT(2) 
PARAMETRIC_REPRESENTATION_CONTEXT() REPRESENTATION_CONTEXT('2D SPACE',''
  ) );
#15465 = PCURVE('',#15466,#15471);
#15466 = PLANE('',#15467);
#15467 = AXIS2_PLACEMENT_3D('',#15468,#15469,#15470);
#15468 = CARTESIAN_POINT('',(0.1,-2.05,2.45));
#15469 = DIRECTION('',(0.,0.,1.));
#15470 = DIRECTION('',(1.,0.,0.));
#15471 = DEFINITIONAL_REPRESENTATION('',(#15472),#15476);
#15472 = LINE('',#15473,#15474);
#15473 = CARTESIAN_POINT('',(1.6,2.3));
#15474 = VECTOR('',#15475,1.);
#15475 = DIRECTION('',(-1.,0.));
#15476 = ( GEOMETRIC_REPRESENTATION_CONTEXT(2) 
PARAMETRIC_REPRESENTATION_CONTEXT() REPRESENTATION_CONTEXT('2D SPACE',''
  ) );
#15477 = ORIENTED_EDGE('',*,*,#15478,.T.);
#15478 = EDGE_CURVE('',#15451,#15479,#15481,.T.);
#15479 = VERTEX_POINT('',#15480);
#15480 = CARTESIAN_POINT('',(-1.55,0.25,3.05));
#15481 = SURFACE_CURVE('',#15482,(#15486,#15493),.PCURVE_S1.);
#15482 = LINE('',#15483,#15484);
#15483 = CARTESIAN_POINT('',(-1.55,0.25,2.45));
#15484 = VECTOR('',#15485,1.);
#15485 = DIRECTION('',(0.,0.,1.));
#15486 = PCURVE('',#15387,#15487);
#15487 = DEFINITIONAL_REPRESENTATION('',(#15488),#15492);
#15488 = LINE('',#15489,#15490);
#15489 = CARTESIAN_POINT('',(0.,-1.65));
#15490 = VECTOR('',#15491,1.);
#15491 = DIRECTION('',(1.,0.));
#15492 = ( GEOMETRIC_REPRESENTATION_CONTEXT(2) 
PARAMETRIC_REPRESENTATION_CONTEXT() REPRESENTATION_CONTEXT('2D SPACE',''
  ) );
#15493 = PCURVE('',#15494,#15499);
#15494 = PLANE('',#15495);
#15495 = AXIS2_PLACEMENT_3D('',#15496,#15497,#15498);
#15496 = CARTESIAN_POINT('',(-1.55,-2.05,2.45));
#15497 = DIRECTION('',(1.,0.,0.));
#15498 = DIRECTION('',(0.,0.,1.));
#15499 = DEFINITIONAL_REPRESENTATION('',(#15500),#15504);
#15500 = LINE('',#15501,#15502);
#15501 = CARTESIAN_POINT('',(0.,-2.3));
#15502 = VECTOR('',#15503,1.);
#15503 = DIRECTION('',(1.,0.));
#15504 = ( GEOMETRIC_REPRESENTATION_CONTEXT(2) 
PARAMETRIC_REPRESENTATION_CONTEXT() REPRESENTATION_CONTEXT('2D SPACE',''
  ) );
#15505 = ORIENTED_EDGE('',*,*,#15506,.T.);
#15506 = EDGE_CURVE('',#15479,#15507,#15509,.T.);
#15507 = VERTEX_POINT('',#15508);
#15508 = CARTESIAN_POINT('',(0.1,0.25,3.05));
#15509 = SURFACE_CURVE('',#15510,(#15514,#15521),.PCURVE_S1.);
#15510 = LINE('',#15511,#15512);
#15511 = CARTESIAN_POINT('',(-1.55,0.25,3.05));
#15512 = VECTOR('',#15513,1.);
#15513 = DIRECTION('',(1.,0.,0.));
#15514 = PCURVE('',#15387,#15515);
#15515 = DEFINITIONAL_REPRESENTATION('',(#15516),#15520);
#15516 = LINE('',#15517,#15518);
#15517 = CARTESIAN_POINT('',(0.6,-1.65));
#15518 = VECTOR('',#15519,1.);
#15519 = DIRECTION('',(0.,1.));
#15520 = ( GEOMETRIC_REPRESENTATION_CONTEXT(2) 
PARAMETRIC_REPRESENTATION_CONTEXT() REPRESENTATION_CONTEXT('2D SPACE',''
  ) );
#15521 = PCURVE('',#15522,#15527);
#15522 = PLANE('',#15523);
#15523 = AXIS2_PLACEMENT_3D('',#15524,#15525,#15526);
#15524 = CARTESIAN_POINT('',(-1.55,-2.05,3.05));
#15525 = DIRECTION('',(0.,0.,1.));
#15526 = DIRECTION('',(1.,0.,0.));
#15527 = DEFINITIONAL_REPRESENTATION('',(#15528),#15532);
#15528 = LINE('',#15529,#15530);
#15529 = CARTESIAN_POINT('',(0.,2.3));
#15530 = VECTOR('',#15531,1.);
#15531 = DIRECTION('',(1.,0.));
#15532 = ( GEOMETRIC_REPRESENTATION_CONTEXT(2) 
PARAMETRIC_REPRESENTATION_CONTEXT() REPRESENTATION_CONTEXT('2D SPACE',''
  ) );
#15533 = ORIENTED_EDGE('',*,*,#15534,.F.);
#15534 = EDGE_CURVE('',#15346,#15507,#15535,.T.);
#15535 = SURFACE_CURVE('',#15536,(#15540,#15547),.PCURVE_S1.);
#15536 = LINE('',#15537,#15538);
#15537 = CARTESIAN_POINT('',(0.1,0.25,6.6));
#15538 = VECTOR('',#15539,1.);
#15539 = DIRECTION('',(1.17277080066E-17,0.,-1.));
#15540 = PCURVE('',#15387,#15541);
#15541 = DEFINITIONAL_REPRESENTATION('',(#15542),#15546);
#15542 = LINE('',#15543,#15544);
#15543 = CARTESIAN_POINT('',(4.15,0.));
#15544 = VECTOR('',#15545,1.);
#15545 = DIRECTION('',(-1.,1.17277080066E-17));
#15546 = ( GEOMETRIC_REPRESENTATION_CONTEXT(2) 
PARAMETRIC_REPRESENTATION_CONTEXT() REPRESENTATION_CONTEXT('2D SPACE',''
  ) );
#15547 = PCURVE('',#15360,#15548);
#15548 = DEFINITIONAL_REPRESENTATION('',(#15549),#15553);
#15549 = LINE('',#15550,#15551);
#15550 = CARTESIAN_POINT('',(4.15,-2.3));
#15551 = VECTOR('',#15552,1.);
#15552 = DIRECTION('',(-1.,0.));
#15553 = ( GEOMETRIC_REPRESENTATION_CONTEXT(2) 
PARAMETRIC_REPRESENTATION_CONTEXT() REPRESENTATION_CONTEXT('2D SPACE',''
  ) );
#15554 = ORIENTED_EDGE('',*,*,#15372,.F.);
#15555 = ADVANCED_FACE('',(#15556),#15522,.T.);
#15556 = FACE_BOUND('',#15557,.T.);
#15557 = EDGE_LOOP('',(#15558,#15559,#15582,#15605));
#15558 = ORIENTED_EDGE('',*,*,#15506,.F.);
#15559 = ORIENTED_EDGE('',*,*,#15560,.F.);
#15560 = EDGE_CURVE('',#15561,#15479,#15563,.T.);
#15561 = VERTEX_POINT('',#15562);
#15562 = CARTESIAN_POINT('',(-1.55,-2.05,3.05));
#15563 = SURFACE_CURVE('',#15564,(#15568,#15575),.PCURVE_S1.);
#15564 = LINE('',#15565,#15566);
#15565 = CARTESIAN_POINT('',(-1.55,-2.05,3.05));
#15566 = VECTOR('',#15567,1.);
#15567 = DIRECTION('',(0.,1.,0.));
#15568 = PCURVE('',#15522,#15569);
#15569 = DEFINITIONAL_REPRESENTATION('',(#15570),#15574);
#15570 = LINE('',#15571,#15572);
#15571 = CARTESIAN_POINT('',(0.,0.));
#15572 = VECTOR('',#15573,1.);
#15573 = DIRECTION('',(0.,1.));
#15574 = ( GEOMETRIC_REPRESENTATION_CONTEXT(2) 
PARAMETRIC_REPRESENTATION_CONTEXT() REPRESENTATION_CONTEXT('2D SPACE',''
  ) );
#15575 = PCURVE('',#15494,#15576);
#15576 = DEFINITIONAL_REPRESENTATION('',(#15577),#15581);
#15577 = LINE('',#15578,#15579);
#15578 = CARTESIAN_POINT('',(0.6,0.));
#15579 = VECTOR('',#15580,1.);
#15580 = DIRECTION('',(0.,-1.));
#15581 = ( GEOMETRIC_REPRESENTATION_CONTEXT(2) 
PARAMETRIC_REPRESENTATION_CONTEXT() REPRESENTATION_CONTEXT('2D SPACE',''
  ) );
#15582 = ORIENTED_EDGE('',*,*,#15583,.T.);
#15583 = EDGE_CURVE('',#15561,#15584,#15586,.T.);
#15584 = VERTEX_POINT('',#15585);
#15585 = CARTESIAN_POINT('',(0.1,-2.05,3.05));
#15586 = SURFACE_CURVE('',#15587,(#15591,#15598),.PCURVE_S1.);
#15587 = LINE('',#15588,#15589);
#15588 = CARTESIAN_POINT('',(-1.55,-2.05,3.05));
#15589 = VECTOR('',#15590,1.);
#15590 = DIRECTION('',(1.,0.,0.));
#15591 = PCURVE('',#15522,#15592);
#15592 = DEFINITIONAL_REPRESENTATION('',(#15593),#15597);
#15593 = LINE('',#15594,#15595);
#15594 = CARTESIAN_POINT('',(0.,0.));
#15595 = VECTOR('',#15596,1.);
#15596 = DIRECTION('',(1.,0.));
#15597 = ( GEOMETRIC_REPRESENTATION_CONTEXT(2) 
PARAMETRIC_REPRESENTATION_CONTEXT() REPRESENTATION_CONTEXT('2D SPACE',''
  ) );
#15598 = PCURVE('',#15333,#15599);
#15599 = DEFINITIONAL_REPRESENTATION('',(#15600),#15604);
#15600 = LINE('',#15601,#15602);
#15601 = CARTESIAN_POINT('',(0.6,-1.65));
#15602 = VECTOR('',#15603,1.);
#15603 = DIRECTION('',(0.,1.));
#15604 = ( GEOMETRIC_REPRESENTATION_CONTEXT(2) 
PARAMETRIC_REPRESENTATION_CONTEXT() REPRESENTATION_CONTEXT('2D SPACE',''
  ) );
#15605 = ORIENTED_EDGE('',*,*,#15606,.F.);
#15606 = EDGE_CURVE('',#15507,#15584,#15607,.T.);
#15607 = SURFACE_CURVE('',#15608,(#15612,#15618),.PCURVE_S1.);
#15608 = LINE('',#15609,#15610);
#15609 = CARTESIAN_POINT('',(0.1,-2.05,3.05));
#15610 = VECTOR('',#15611,1.);
#15611 = DIRECTION('',(0.,-1.,0.));
#15612 = PCURVE('',#15522,#15613);
#15613 = DEFINITIONAL_REPRESENTATION('',(#15614),#15617);
#15614 = B_SPLINE_CURVE_WITH_KNOTS('',1,(#15615,#15616),.UNSPECIFIED.,
  .F.,.F.,(2,2),(-2.3,0.),.PIECEWISE_BEZIER_KNOTS.);
#15615 = CARTESIAN_POINT('',(1.65,2.3));
#15616 = CARTESIAN_POINT('',(1.65,0.));
#15617 = ( GEOMETRIC_REPRESENTATION_CONTEXT(2) 
PARAMETRIC_REPRESENTATION_CONTEXT() REPRESENTATION_CONTEXT('2D SPACE',''
  ) );
#15618 = PCURVE('',#15360,#15619);
#15619 = DEFINITIONAL_REPRESENTATION('',(#15620),#15624);
#15620 = LINE('',#15621,#15622);
#15621 = CARTESIAN_POINT('',(0.6,0.));
#15622 = VECTOR('',#15623,1.);
#15623 = DIRECTION('',(0.,1.));
#15624 = ( GEOMETRIC_REPRESENTATION_CONTEXT(2) 
PARAMETRIC_REPRESENTATION_CONTEXT() REPRESENTATION_CONTEXT('2D SPACE',''
  ) );
#15625 = ADVANCED_FACE('',(#15626),#15494,.F.);
#15626 = FACE_BOUND('',#15627,.F.);
#15627 = EDGE_LOOP('',(#15628,#15651,#15672,#15673));
#15628 = ORIENTED_EDGE('',*,*,#15629,.F.);
#15629 = EDGE_CURVE('',#15630,#15561,#15632,.T.);
#15630 = VERTEX_POINT('',#15631);
#15631 = CARTESIAN_POINT('',(-1.55,-2.05,2.45));
#15632 = SURFACE_CURVE('',#15633,(#15637,#15644),.PCURVE_S1.);
#15633 = LINE('',#15634,#15635);
#15634 = CARTESIAN_POINT('',(-1.55,-2.05,2.45));
#15635 = VECTOR('',#15636,1.);
#15636 = DIRECTION('',(0.,0.,1.));
#15637 = PCURVE('',#15494,#15638);
#15638 = DEFINITIONAL_REPRESENTATION('',(#15639),#15643);
#15639 = LINE('',#15640,#15641);
#15640 = CARTESIAN_POINT('',(0.,0.));
#15641 = VECTOR('',#15642,1.);
#15642 = DIRECTION('',(1.,0.));
#15643 = ( GEOMETRIC_REPRESENTATION_CONTEXT(2) 
PARAMETRIC_REPRESENTATION_CONTEXT() REPRESENTATION_CONTEXT('2D SPACE',''
  ) );
#15644 = PCURVE('',#15333,#15645);
#15645 = DEFINITIONAL_REPRESENTATION('',(#15646),#15650);
#15646 = LINE('',#15647,#15648);
#15647 = CARTESIAN_POINT('',(0.,-1.65));
#15648 = VECTOR('',#15649,1.);
#15649 = DIRECTION('',(1.,0.));
#15650 = ( GEOMETRIC_REPRESENTATION_CONTEXT(2) 
PARAMETRIC_REPRESENTATION_CONTEXT() REPRESENTATION_CONTEXT('2D SPACE',''
  ) );
#15651 = ORIENTED_EDGE('',*,*,#15652,.T.);
#15652 = EDGE_CURVE('',#15630,#15451,#15653,.T.);
#15653 = SURFACE_CURVE('',#15654,(#15658,#15665),.PCURVE_S1.);
#15654 = LINE('',#15655,#15656);
#15655 = CARTESIAN_POINT('',(-1.55,-2.05,2.45));
#15656 = VECTOR('',#15657,1.);
#15657 = DIRECTION('',(0.,1.,0.));
#15658 = PCURVE('',#15494,#15659);
#15659 = DEFINITIONAL_REPRESENTATION('',(#15660),#15664);
#15660 = LINE('',#15661,#15662);
#15661 = CARTESIAN_POINT('',(0.,0.));
#15662 = VECTOR('',#15663,1.);
#15663 = DIRECTION('',(0.,-1.));
#15664 = ( GEOMETRIC_REPRESENTATION_CONTEXT(2) 
PARAMETRIC_REPRESENTATION_CONTEXT() REPRESENTATION_CONTEXT('2D SPACE',''
  ) );
#15665 = PCURVE('',#15466,#15666);
#15666 = DEFINITIONAL_REPRESENTATION('',(#15667),#15671);
#15667 = LINE('',#15668,#15669);
#15668 = CARTESIAN_POINT('',(-1.65,0.));
#15669 = VECTOR('',#15670,1.);
#15670 = DIRECTION('',(0.,1.));
#15671 = ( GEOMETRIC_REPRESENTATION_CONTEXT(2) 
PARAMETRIC_REPRESENTATION_CONTEXT() REPRESENTATION_CONTEXT('2D SPACE',''
  ) );
#15672 = ORIENTED_EDGE('',*,*,#15478,.T.);
#15673 = ORIENTED_EDGE('',*,*,#15560,.F.);
#15674 = ADVANCED_FACE('',(#15675),#15466,.F.);
#15675 = FACE_BOUND('',#15676,.F.);
#15676 = EDGE_LOOP('',(#15677,#15678,#15679,#15702));
#15677 = ORIENTED_EDGE('',*,*,#15450,.T.);
#15678 = ORIENTED_EDGE('',*,*,#15652,.F.);
#15679 = ORIENTED_EDGE('',*,*,#15680,.T.);
#15680 = EDGE_CURVE('',#15630,#15681,#15683,.T.);
#15681 = VERTEX_POINT('',#15682);
#15682 = CARTESIAN_POINT('',(1.7,-2.05,2.45));
#15683 = SURFACE_CURVE('',#15684,(#15688,#15695),.PCURVE_S1.);
#15684 = LINE('',#15685,#15686);
#15685 = CARTESIAN_POINT('',(-1.55,-2.05,2.45));
#15686 = VECTOR('',#15687,1.);
#15687 = DIRECTION('',(1.,0.,0.));
#15688 = PCURVE('',#15466,#15689);
#15689 = DEFINITIONAL_REPRESENTATION('',(#15690),#15694);
#15690 = LINE('',#15691,#15692);
#15691 = CARTESIAN_POINT('',(-1.65,0.));
#15692 = VECTOR('',#15693,1.);
#15693 = DIRECTION('',(1.,0.));
#15694 = ( GEOMETRIC_REPRESENTATION_CONTEXT(2) 
PARAMETRIC_REPRESENTATION_CONTEXT() REPRESENTATION_CONTEXT('2D SPACE',''
  ) );
#15695 = PCURVE('',#15333,#15696);
#15696 = DEFINITIONAL_REPRESENTATION('',(#15697),#15701);
#15697 = LINE('',#15698,#15699);
#15698 = CARTESIAN_POINT('',(0.,-1.65));
#15699 = VECTOR('',#15700,1.);
#15700 = DIRECTION('',(0.,1.));
#15701 = ( GEOMETRIC_REPRESENTATION_CONTEXT(2) 
PARAMETRIC_REPRESENTATION_CONTEXT() REPRESENTATION_CONTEXT('2D SPACE',''
  ) );
#15702 = ORIENTED_EDGE('',*,*,#15703,.T.);
#15703 = EDGE_CURVE('',#15681,#15428,#15704,.T.);
#15704 = SURFACE_CURVE('',#15705,(#15709,#15716),.PCURVE_S1.);
#15705 = LINE('',#15706,#15707);
#15706 = CARTESIAN_POINT('',(1.7,-2.05,2.45));
#15707 = VECTOR('',#15708,1.);
#15708 = DIRECTION('',(0.,1.,0.));
#15709 = PCURVE('',#15466,#15710);
#15710 = DEFINITIONAL_REPRESENTATION('',(#15711),#15715);
#15711 = LINE('',#15712,#15713);
#15712 = CARTESIAN_POINT('',(1.6,0.));
#15713 = VECTOR('',#15714,1.);
#15714 = DIRECTION('',(0.,1.));
#15715 = ( GEOMETRIC_REPRESENTATION_CONTEXT(2) 
PARAMETRIC_REPRESENTATION_CONTEXT() REPRESENTATION_CONTEXT('2D SPACE',''
  ) );
#15716 = PCURVE('',#15412,#15717);
#15717 = DEFINITIONAL_REPRESENTATION('',(#15718),#15722);
#15718 = LINE('',#15719,#15720);
#15719 = CARTESIAN_POINT('',(0.,0.));
#15720 = VECTOR('',#15721,1.);
#15721 = DIRECTION('',(0.,-1.));
#15722 = ( GEOMETRIC_REPRESENTATION_CONTEXT(2) 
PARAMETRIC_REPRESENTATION_CONTEXT() REPRESENTATION_CONTEXT('2D SPACE',''
  ) );
#15723 = ADVANCED_FACE('',(#15724),#15360,.F.);
#15724 = FACE_BOUND('',#15725,.F.);
#15725 = EDGE_LOOP('',(#15726,#15747,#15748,#15749));
#15726 = ORIENTED_EDGE('',*,*,#15727,.T.);
#15727 = EDGE_CURVE('',#15319,#15584,#15728,.T.);
#15728 = SURFACE_CURVE('',#15729,(#15733,#15740),.PCURVE_S1.);
#15729 = LINE('',#15730,#15731);
#15730 = CARTESIAN_POINT('',(0.1,-2.05,6.6));
#15731 = VECTOR('',#15732,1.);
#15732 = DIRECTION('',(1.17277080066E-17,0.,-1.));
#15733 = PCURVE('',#15360,#15734);
#15734 = DEFINITIONAL_REPRESENTATION('',(#15735),#15739);
#15735 = LINE('',#15736,#15737);
#15736 = CARTESIAN_POINT('',(4.15,0.));
#15737 = VECTOR('',#15738,1.);
#15738 = DIRECTION('',(-1.,0.));
#15739 = ( GEOMETRIC_REPRESENTATION_CONTEXT(2) 
PARAMETRIC_REPRESENTATION_CONTEXT() REPRESENTATION_CONTEXT('2D SPACE',''
  ) );
#15740 = PCURVE('',#15333,#15741);
#15741 = DEFINITIONAL_REPRESENTATION('',(#15742),#15746);
#15742 = LINE('',#15743,#15744);
#15743 = CARTESIAN_POINT('',(4.15,0.));
#15744 = VECTOR('',#15745,1.);
#15745 = DIRECTION('',(-1.,1.17277080066E-17));
#15746 = ( GEOMETRIC_REPRESENTATION_CONTEXT(2) 
PARAMETRIC_REPRESENTATION_CONTEXT() REPRESENTATION_CONTEXT('2D SPACE',''
  ) );
#15747 = ORIENTED_EDGE('',*,*,#15606,.F.);
#15748 = ORIENTED_EDGE('',*,*,#15534,.F.);
#15749 = ORIENTED_EDGE('',*,*,#15345,.F.);
#15750 = ADVANCED_FACE('',(#15751),#15412,.T.);
#15751 = FACE_BOUND('',#15752,.T.);
#15752 = EDGE_LOOP('',(#15753,#15774,#15775,#15776));
#15753 = ORIENTED_EDGE('',*,*,#15754,.F.);
#15754 = EDGE_CURVE('',#15681,#15317,#15755,.T.);
#15755 = SURFACE_CURVE('',#15756,(#15760,#15767),.PCURVE_S1.);
#15756 = LINE('',#15757,#15758);
#15757 = CARTESIAN_POINT('',(1.7,-2.05,2.45));
#15758 = VECTOR('',#15759,1.);
#15759 = DIRECTION('',(0.,0.,1.));
#15760 = PCURVE('',#15412,#15761);
#15761 = DEFINITIONAL_REPRESENTATION('',(#15762),#15766);
#15762 = LINE('',#15763,#15764);
#15763 = CARTESIAN_POINT('',(0.,0.));
#15764 = VECTOR('',#15765,1.);
#15765 = DIRECTION('',(1.,0.));
#15766 = ( GEOMETRIC_REPRESENTATION_CONTEXT(2) 
PARAMETRIC_REPRESENTATION_CONTEXT() REPRESENTATION_CONTEXT('2D SPACE',''
  ) );
#15767 = PCURVE('',#15333,#15768);
#15768 = DEFINITIONAL_REPRESENTATION('',(#15769),#15773);
#15769 = LINE('',#15770,#15771);
#15770 = CARTESIAN_POINT('',(0.,1.6));
#15771 = VECTOR('',#15772,1.);
#15772 = DIRECTION('',(1.,0.));
#15773 = ( GEOMETRIC_REPRESENTATION_CONTEXT(2) 
PARAMETRIC_REPRESENTATION_CONTEXT() REPRESENTATION_CONTEXT('2D SPACE',''
  ) );
#15774 = ORIENTED_EDGE('',*,*,#15703,.T.);
#15775 = ORIENTED_EDGE('',*,*,#15427,.T.);
#15776 = ORIENTED_EDGE('',*,*,#15399,.F.);
#15777 = ADVANCED_FACE('',(#15778),#15333,.F.);
#15778 = FACE_BOUND('',#15779,.F.);
#15779 = EDGE_LOOP('',(#15780,#15781,#15782,#15783,#15784,#15785));
#15780 = ORIENTED_EDGE('',*,*,#15754,.F.);
#15781 = ORIENTED_EDGE('',*,*,#15680,.F.);
#15782 = ORIENTED_EDGE('',*,*,#15629,.T.);
#15783 = ORIENTED_EDGE('',*,*,#15583,.T.);
#15784 = ORIENTED_EDGE('',*,*,#15727,.F.);
#15785 = ORIENTED_EDGE('',*,*,#15316,.F.);
#15786 = ADVANCED_FACE('',(#15787),#2046,.T.);
#15787 = FACE_BOUND('',#15788,.T.);
#15788 = EDGE_LOOP('',(#15789,#15790,#15791,#15812));
#15789 = ORIENTED_EDGE('',*,*,#2346,.F.);
#15790 = ORIENTED_EDGE('',*,*,#2032,.T.);
#15791 = ORIENTED_EDGE('',*,*,#15792,.T.);
#15792 = EDGE_CURVE('',#1777,#15247,#15793,.T.);
#15793 = SURFACE_CURVE('',#15794,(#15798,#15805),.PCURVE_S1.);
#15794 = LINE('',#15795,#15796);
#15795 = CARTESIAN_POINT('',(0.7,-3.,4.4));
#15796 = VECTOR('',#15797,1.);
#15797 = DIRECTION('',(0.,0.,1.));
#15798 = PCURVE('',#2046,#15799);
#15799 = DEFINITIONAL_REPRESENTATION('',(#15800),#15804);
#15800 = LINE('',#15801,#15802);
#15801 = CARTESIAN_POINT('',(0.,-15.3));
#15802 = VECTOR('',#15803,1.);
#15803 = DIRECTION('',(1.,0.));
#15804 = ( GEOMETRIC_REPRESENTATION_CONTEXT(2) 
PARAMETRIC_REPRESENTATION_CONTEXT() REPRESENTATION_CONTEXT('2D SPACE',''
  ) );
#15805 = PCURVE('',#1792,#15806);
#15806 = DEFINITIONAL_REPRESENTATION('',(#15807),#15811);
#15807 = LINE('',#15808,#15809);
#15808 = CARTESIAN_POINT('',(0.,3.2));
#15809 = VECTOR('',#15810,1.);
#15810 = DIRECTION('',(1.,0.));
#15811 = ( GEOMETRIC_REPRESENTATION_CONTEXT(2) 
PARAMETRIC_REPRESENTATION_CONTEXT() REPRESENTATION_CONTEXT('2D SPACE',''
  ) );
#15812 = ORIENTED_EDGE('',*,*,#15267,.F.);
#15813 = ADVANCED_FACE('',(#15814),#1792,.T.);
#15814 = FACE_BOUND('',#15815,.T.);
#15815 = EDGE_LOOP('',(#15816,#15817,#15836,#15837,#15838));
#15816 = ORIENTED_EDGE('',*,*,#1774,.F.);
#15817 = ORIENTED_EDGE('',*,*,#15818,.T.);
#15818 = EDGE_CURVE('',#1775,#11738,#15819,.T.);
#15819 = SURFACE_CURVE('',#15820,(#15824,#15830),.PCURVE_S1.);
#15820 = LINE('',#15821,#15822);
#15821 = CARTESIAN_POINT('',(-1.092082940622,-3.,4.684542884072));
#15822 = VECTOR('',#15823,1.);
#15823 = DIRECTION('',(-0.951708617761,0.,0.307002779923));
#15824 = PCURVE('',#1792,#15825);
#15825 = DEFINITIONAL_REPRESENTATION('',(#15826),#15829);
#15826 = B_SPLINE_CURVE_WITH_KNOTS('',1,(#15827,#15828),.UNSPECIFIED.,
  .F.,.F.,(2,2),(-0.926841392587,-0.517052101283),
  .PIECEWISE_BEZIER_KNOTS.);
#15827 = CARTESIAN_POINT('',(-1.110223024625E-16,2.29));
#15828 = CARTESIAN_POINT('',(0.125806451613,1.9));
#15829 = ( GEOMETRIC_REPRESENTATION_CONTEXT(2) 
PARAMETRIC_REPRESENTATION_CONTEXT() REPRESENTATION_CONTEXT('2D SPACE',''
  ) );
#15830 = PCURVE('',#305,#15831);
#15831 = DEFINITIONAL_REPRESENTATION('',(#15832),#15835);
#15832 = B_SPLINE_CURVE_WITH_KNOTS('',1,(#15833,#15834),.UNSPECIFIED.,
  .F.,.F.,(2,2),(-0.926841392587,-0.517052101283),
  .PIECEWISE_BEZIER_KNOTS.);
#15833 = CARTESIAN_POINT('',(0.325729949498,-13.));
#15834 = CARTESIAN_POINT('',(0.735519240802,-13.));
#15835 = ( GEOMETRIC_REPRESENTATION_CONTEXT(2) 
PARAMETRIC_REPRESENTATION_CONTEXT() REPRESENTATION_CONTEXT('2D SPACE',''
  ) );
#15836 = ORIENTED_EDGE('',*,*,#11737,.T.);
#15837 = ORIENTED_EDGE('',*,*,#15246,.F.);
#15838 = ORIENTED_EDGE('',*,*,#15792,.F.);
#15839 = ADVANCED_FACE('',(#15840),#1616,.T.);
#15840 = FACE_BOUND('',#15841,.T.);
#15841 = EDGE_LOOP('',(#15842,#15843,#15844,#15845,#15867,#15868,#15869,
    #15870));
#15842 = ORIENTED_EDGE('',*,*,#1963,.T.);
#15843 = ORIENTED_EDGE('',*,*,#1718,.T.);
#15844 = ORIENTED_EDGE('',*,*,#1600,.T.);
#15845 = ORIENTED_EDGE('',*,*,#15846,.T.);
#15846 = EDGE_CURVE('',#1601,#1826,#15847,.T.);
#15847 = SURFACE_CURVE('',#15848,(#15853,#15860),.PCURVE_S1.);
#15848 = CIRCLE('',#15849,3.95);
#15849 = AXIS2_PLACEMENT_3D('',#15850,#15851,#15852);
#15850 = CARTESIAN_POINT('',(-0.586703876899,-7.268,1.844462306783));
#15851 = DIRECTION('',(-0.984807753012,-3.08148791102E-33,0.173648177667
    ));
#15852 = DIRECTION('',(0.173648177667,-1.124276480633E-16,0.984807753012
    ));
#15853 = PCURVE('',#1616,#15854);
#15854 = DEFINITIONAL_REPRESENTATION('',(#15855),#15859);
#15855 = CIRCLE('',#15856,3.95);
#15856 = AXIS2_PLACEMENT_2D('',#15857,#15858);
#15857 = CARTESIAN_POINT('',(0.,-3.4));
#15858 = DIRECTION('',(-1.,1.124276480633E-16));
#15859 = ( GEOMETRIC_REPRESENTATION_CONTEXT(2) 
PARAMETRIC_REPRESENTATION_CONTEXT() REPRESENTATION_CONTEXT('2D SPACE',''
  ) );
#15860 = PCURVE('',#1642,#15861);
#15861 = DEFINITIONAL_REPRESENTATION('',(#15862),#15866);
#15862 = LINE('',#15863,#15864);
#15863 = CARTESIAN_POINT('',(0.,-1.3));
#15864 = VECTOR('',#15865,1.);
#15865 = DIRECTION('',(1.,0.));
#15866 = ( GEOMETRIC_REPRESENTATION_CONTEXT(2) 
PARAMETRIC_REPRESENTATION_CONTEXT() REPRESENTATION_CONTEXT('2D SPACE',''
  ) );
#15867 = ORIENTED_EDGE('',*,*,#1852,.T.);
#15868 = ORIENTED_EDGE('',*,*,#2061,.F.);
#15869 = ORIENTED_EDGE('',*,*,#2143,.F.);
#15870 = ORIENTED_EDGE('',*,*,#2243,.F.);
#15871 = ADVANCED_FACE('',(#15872),#1642,.F.);
#15872 = FACE_BOUND('',#15873,.F.);
#15873 = EDGE_LOOP('',(#15874,#15906,#15907,#15908,#15909));
#15874 = ORIENTED_EDGE('',*,*,#15875,.F.);
#15875 = EDGE_CURVE('',#1522,#15876,#15878,.T.);
#15876 = VERTEX_POINT('',#15877);
#15877 = CARTESIAN_POINT('',(-0.23236685262,-4.281618992691,
    4.407215113748));
#15878 = SURFACE_CURVE('',#15879,(#15884,#15895),.PCURVE_S1.);
#15879 = ELLIPSE('',#15880,3.953763106395,3.95);
#15880 = AXIS2_PLACEMENT_3D('',#15881,#15882,#15883);
#15881 = CARTESIAN_POINT('',(-0.792471847209,-7.268,1.880744751715));
#15882 = DIRECTION('',(-0.97629600712,0.,0.216439613938));
#15883 = DIRECTION('',(-0.216439613938,0.,-0.97629600712));
#15884 = PCURVE('',#1642,#15885);
#15885 = DEFINITIONAL_REPRESENTATION('',(#15886),#15894);
#15886 = B_SPLINE_CURVE_WITH_KNOTS('',6,(#15887,#15888,#15889,#15890,
    #15891,#15892,#15893),.UNSPECIFIED.,.F.,.F.,(7,7),(3.14159265359,
    3.99992139457),.PIECEWISE_BEZIER_KNOTS.);
#15887 = CARTESIAN_POINT('',(0.,-1.263518451562));
#15888 = CARTESIAN_POINT('',(0.143054790163,-1.263518451562));
#15889 = CARTESIAN_POINT('',(0.286109580327,-1.259283254459));
#15890 = CARTESIAN_POINT('',(0.42916437049,-1.250812679657));
#15891 = CARTESIAN_POINT('',(0.572219160653,-1.238367346866));
#15892 = CARTESIAN_POINT('',(0.715273950817,-1.222465897137));
#15893 = CARTESIAN_POINT('',(0.85832874098,-1.203795838616));
#15894 = ( GEOMETRIC_REPRESENTATION_CONTEXT(2) 
PARAMETRIC_REPRESENTATION_CONTEXT() REPRESENTATION_CONTEXT('2D SPACE',''
  ) );
#15895 = PCURVE('',#1387,#15896);
#15896 = DEFINITIONAL_REPRESENTATION('',(#15897),#15905);
#15897 = B_SPLINE_CURVE_WITH_KNOTS('',6,(#15898,#15899,#15900,#15901,
    #15902,#15903,#15904),.UNSPECIFIED.,.F.,.F.,(7,7),(3.14159265359,
    3.99992139457),.PIECEWISE_BEZIER_KNOTS.);
#15898 = CARTESIAN_POINT('',(0.,-1.036481548438));
#15899 = CARTESIAN_POINT('',(0.143054790163,-1.036481548438));
#15900 = CARTESIAN_POINT('',(0.286109580327,-1.040716745541));
#15901 = CARTESIAN_POINT('',(0.42916437049,-1.049187320343));
#15902 = CARTESIAN_POINT('',(0.572219160653,-1.061632653134));
#15903 = CARTESIAN_POINT('',(0.715273950817,-1.077534102863));
#15904 = CARTESIAN_POINT('',(0.85832874098,-1.096204161384));
#15905 = ( GEOMETRIC_REPRESENTATION_CONTEXT(2) 
PARAMETRIC_REPRESENTATION_CONTEXT() REPRESENTATION_CONTEXT('2D SPACE',''
  ) );
#15906 = ORIENTED_EDGE('',*,*,#1628,.T.);
#15907 = ORIENTED_EDGE('',*,*,#15846,.T.);
#15908 = ORIENTED_EDGE('',*,*,#1825,.T.);
#15909 = ORIENTED_EDGE('',*,*,#15910,.F.);
#15910 = EDGE_CURVE('',#15876,#1805,#15911,.T.);
#15911 = SURFACE_CURVE('',#15912,(#15917,#15927),.PCURVE_S1.);
#15912 = ELLIPSE('',#15913,28.816078490961,3.95);
#15913 = AXIS2_PLACEMENT_3D('',#15914,#15915,#15916);
#15914 = CARTESIAN_POINT('',(17.717487562521,-7.268,-1.383060504039));
#15915 = DIRECTION('',(-0.307002779923,0.,-0.951708617761));
#15916 = DIRECTION('',(-0.951708617761,0.,0.307002779923));
#15917 = PCURVE('',#1642,#15918);
#15918 = DEFINITIONAL_REPRESENTATION('',(#15919),#15926);
#15919 = B_SPLINE_CURVE_WITH_KNOTS('',5,(#15920,#15921,#15922,#15923,
    #15924,#15925),.UNSPECIFIED.,.F.,.F.,(6,6),(0.800013710561,
    0.861693377049),.PIECEWISE_BEZIER_KNOTS.);
#15920 = CARTESIAN_POINT('',(0.800013710561,5.999999959094E-07));
#15921 = CARTESIAN_POINT('',(0.812349643858,-0.252596563401));
#15922 = CARTESIAN_POINT('',(0.824685577156,-0.508976530281));
#15923 = CARTESIAN_POINT('',(0.837021510454,-0.769059219526));
#15924 = CARTESIAN_POINT('',(0.849357443752,-1.032762150528));
#15925 = CARTESIAN_POINT('',(0.861693377049,-1.3000006));
#15926 = ( GEOMETRIC_REPRESENTATION_CONTEXT(2) 
PARAMETRIC_REPRESENTATION_CONTEXT() REPRESENTATION_CONTEXT('2D SPACE',''
  ) );
#15927 = PCURVE('',#305,#15928);
#15928 = DEFINITIONAL_REPRESENTATION('',(#15929),#15933);
#15929 = ELLIPSE('',#15930,28.816078490961,3.95);
#15930 = AXIS2_PLACEMENT_2D('',#15931,#15932);
#15931 = CARTESIAN_POINT('',(-18.51143010975,-17.268));
#15932 = DIRECTION('',(1.,0.));
#15933 = ( GEOMETRIC_REPRESENTATION_CONTEXT(2) 
PARAMETRIC_REPRESENTATION_CONTEXT() REPRESENTATION_CONTEXT('2D SPACE',''
  ) );
#15934 = ADVANCED_FACE('',(#15935),#1387,.F.);
#15935 = FACE_BOUND('',#15936,.F.);
#15936 = EDGE_LOOP('',(#15937,#15938,#15939,#15940,#15967,#16000,#16035)
  );
#15937 = ORIENTED_EDGE('',*,*,#1370,.F.);
#15938 = ORIENTED_EDGE('',*,*,#1547,.T.);
#15939 = ORIENTED_EDGE('',*,*,#15875,.T.);
#15940 = ORIENTED_EDGE('',*,*,#15941,.F.);
#15941 = EDGE_CURVE('',#15942,#15876,#15944,.T.);
#15942 = VERTEX_POINT('',#15943);
#15943 = CARTESIAN_POINT('',(-0.243495318257,-4.282127482255,
    4.410804941373));
#15944 = SURFACE_CURVE('',#15945,(#15950,#15960),.PCURVE_S1.);
#15945 = ELLIPSE('',#15946,78.651419730858,3.95);
#15946 = AXIS2_PLACEMENT_3D('',#15947,#15948,#15949);
#15947 = CARTESIAN_POINT('',(48.760473521406,-7.268,-11.39692694238));
#15948 = DIRECTION('',(-0.307002779923,0.,-0.951708617761));
#15949 = DIRECTION('',(-0.951708617761,0.,0.307002779923));
#15950 = PCURVE('',#1387,#15951);
#15951 = DEFINITIONAL_REPRESENTATION('',(#15952),#15959);
#15952 = B_SPLINE_CURVE_WITH_KNOTS('',5,(#15953,#15954,#15955,#15956,
    #15957,#15958),.UNSPECIFIED.,.F.,.F.,(6,6),(0.838643911815,
    0.860679336985),.PIECEWISE_BEZIER_KNOTS.);
#15953 = CARTESIAN_POINT('',(0.838643911815,6.00000013673E-07));
#15954 = CARTESIAN_POINT('',(0.843050996849,-0.257470907157));
#15955 = CARTESIAN_POINT('',(0.847458081883,-0.516217250221));
#15956 = CARTESIAN_POINT('',(0.851865166917,-0.776228011037));
#15957 = CARTESIAN_POINT('',(0.856272251951,-1.037492668279));
#15958 = CARTESIAN_POINT('',(0.860679336985,-1.3000006));
#15959 = ( GEOMETRIC_REPRESENTATION_CONTEXT(2) 
PARAMETRIC_REPRESENTATION_CONTEXT() REPRESENTATION_CONTEXT('2D SPACE',''
  ) );
#15960 = PCURVE('',#305,#15961);
#15961 = DEFINITIONAL_REPRESENTATION('',(#15962),#15966);
#15962 = ELLIPSE('',#15963,78.651419730858,3.95);
#15963 = AXIS2_PLACEMENT_2D('',#15964,#15965);
#15964 = CARTESIAN_POINT('',(-51.12959220218,-17.268));
#15965 = DIRECTION('',(1.,0.));
#15966 = ( GEOMETRIC_REPRESENTATION_CONTEXT(2) 
PARAMETRIC_REPRESENTATION_CONTEXT() REPRESENTATION_CONTEXT('2D SPACE',''
  ) );
#15967 = ORIENTED_EDGE('',*,*,#15968,.F.);
#15968 = EDGE_CURVE('',#15969,#15942,#15971,.T.);
#15969 = VERTEX_POINT('',#15970);
#15970 = CARTESIAN_POINT('',(-0.201141590572,-4.775753690866,
    4.894910264026));
#15971 = SURFACE_CURVE('',#15972,(#15977,#15988),.PCURVE_S1.);
#15972 = ELLIPSE('',#15973,4.010935116949,3.95);
#15973 = AXIS2_PLACEMENT_3D('',#15974,#15975,#15976);
#15974 = CARTESIAN_POINT('',(-0.472351333394,-7.268,1.794968718558));
#15975 = DIRECTION('',(-0.996194698092,-0.,8.715574274766E-02));
#15976 = DIRECTION('',(8.715574274766E-02,0.,0.996194698092));
#15977 = PCURVE('',#1387,#15978);
#15978 = DEFINITIONAL_REPRESENTATION('',(#15979),#15987);
#15979 = B_SPLINE_CURVE_WITH_KNOTS('',6,(#15980,#15981,#15982,#15983,
    #15984,#15985,#15986),.UNSPECIFIED.,.F.,.F.,(7,7),(0.,0.901448502864
    ),.PIECEWISE_BEZIER_KNOTS.);
#15980 = CARTESIAN_POINT('',(2.248552961266E-16,-0.843863841941));
#15981 = CARTESIAN_POINT('',(0.150241417144,-0.843863841941));
#15982 = CARTESIAN_POINT('',(0.300482834288,-0.862729542295));
#15983 = CARTESIAN_POINT('',(0.450724251432,-0.900462019002));
#15984 = CARTESIAN_POINT('',(0.600965668576,-0.955780134615));
#15985 = CARTESIAN_POINT('',(0.75120708572,-1.026137104373));
#15986 = CARTESIAN_POINT('',(0.901448502864,-1.108200039619));
#15987 = ( GEOMETRIC_REPRESENTATION_CONTEXT(2) 
PARAMETRIC_REPRESENTATION_CONTEXT() REPRESENTATION_CONTEXT('2D SPACE',''
  ) );
#15988 = PCURVE('',#15989,#15994);
#15989 = PLANE('',#15990);
#15990 = AXIS2_PLACEMENT_3D('',#15991,#15992,#15993);
#15991 = CARTESIAN_POINT('',(-0.468231047996,-10.668,1.842063796164));
#15992 = DIRECTION('',(-0.996194698092,-0.,8.715574274766E-02));
#15993 = DIRECTION('',(-8.715574274766E-02,0.,-0.996194698092));
#15994 = DEFINITIONAL_REPRESENTATION('',(#15995),#15999);
#15995 = ELLIPSE('',#15996,4.010935116949,3.95);
#15996 = AXIS2_PLACEMENT_2D('',#15997,#15998);
#15997 = CARTESIAN_POINT('',(4.727497315203E-02,-3.4));
#15998 = DIRECTION('',(-1.,0.));
#15999 = ( GEOMETRIC_REPRESENTATION_CONTEXT(2) 
PARAMETRIC_REPRESENTATION_CONTEXT() REPRESENTATION_CONTEXT('2D SPACE',''
  ) );
#16000 = ORIENTED_EDGE('',*,*,#16001,.T.);
#16001 = EDGE_CURVE('',#15969,#16002,#16004,.T.);
#16002 = VERTEX_POINT('',#16003);
#16003 = CARTESIAN_POINT('',(-0.284187843031,-4.283988554927,
    4.423931562268));
#16004 = SURFACE_CURVE('',#16005,(#16010,#16020),.PCURVE_S1.);
#16005 = ELLIPSE('',#16006,3.965088358296,3.95);
#16006 = AXIS2_PLACEMENT_3D('',#16007,#16008,#16009);
#16007 = CARTESIAN_POINT('',(-0.735320505419,-7.268,1.865431095836));
#16008 = DIRECTION('',(-0.984807753012,0.,0.173648177667));
#16009 = DIRECTION('',(-0.173648177667,0.,-0.984807753012));
#16010 = PCURVE('',#1387,#16011);
#16011 = DEFINITIONAL_REPRESENTATION('',(#16012),#16019);
#16012 = B_SPLINE_CURVE_WITH_KNOTS('',5,(#16013,#16014,#16015,#16016,
    #16017,#16018),.UNSPECIFIED.,.F.,.F.,(6,6),(3.82436498974,
    4.001116414221),.PIECEWISE_BEZIER_KNOTS.);
#16013 = CARTESIAN_POINT('',(0.68277233615,-0.9999994));
#16014 = CARTESIAN_POINT('',(0.718122621047,-1.007707266651));
#16015 = CARTESIAN_POINT('',(0.753472905943,-1.015833935642));
#16016 = CARTESIAN_POINT('',(0.788823190839,-1.024359341674));
#16017 = CARTESIAN_POINT('',(0.824173475735,-1.033261231903));
#16018 = CARTESIAN_POINT('',(0.859523760631,-1.042515512044));
#16019 = ( GEOMETRIC_REPRESENTATION_CONTEXT(2) 
PARAMETRIC_REPRESENTATION_CONTEXT() REPRESENTATION_CONTEXT('2D SPACE',''
  ) );
#16020 = PCURVE('',#16021,#16026);
#16021 = CYLINDRICAL_SURFACE('',#16022,3.95);
#16022 = AXIS2_PLACEMENT_3D('',#16023,#16024,#16025);
#16023 = CARTESIAN_POINT('',(-1.763284155515,-7.268,1.955366261736));
#16024 = DIRECTION('',(-0.996194698092,0.,8.715574274766E-02));
#16025 = DIRECTION('',(8.715574274766E-02,-1.124276480633E-16,
    0.996194698092));
#16026 = DEFINITIONAL_REPRESENTATION('',(#16027),#16034);
#16027 = B_SPLINE_CURVE_WITH_KNOTS('',5,(#16028,#16029,#16030,#16031,
    #16032,#16033),.UNSPECIFIED.,.F.,.F.,(6,6),(3.82436498974,
    4.001116414221),.PIECEWISE_BEZIER_KNOTS.);
#16028 = CARTESIAN_POINT('',(0.68277233615,-1.3000006));
#16029 = CARTESIAN_POINT('',(0.718122621047,-1.292292733349));
#16030 = CARTESIAN_POINT('',(0.753472905943,-1.284166064358));
#16031 = CARTESIAN_POINT('',(0.788823190839,-1.275640658326));
#16032 = CARTESIAN_POINT('',(0.824173475735,-1.266738768097));
#16033 = CARTESIAN_POINT('',(0.859523760631,-1.257484487956));
#16034 = ( GEOMETRIC_REPRESENTATION_CONTEXT(2) 
PARAMETRIC_REPRESENTATION_CONTEXT() REPRESENTATION_CONTEXT('2D SPACE',''
  ) );
#16035 = ORIENTED_EDGE('',*,*,#16036,.F.);
#16036 = EDGE_CURVE('',#1371,#16002,#16037,.T.);
#16037 = SURFACE_CURVE('',#16038,(#16043,#16053),.PCURVE_S1.);
#16038 = ELLIPSE('',#16039,78.651419730858,3.95);
#16039 = AXIS2_PLACEMENT_3D('',#16040,#16041,#16042);
#16040 = CARTESIAN_POINT('',(48.760473521406,-7.268,-11.39692694238));
#16041 = DIRECTION('',(-0.307002779923,0.,-0.951708617761));
#16042 = DIRECTION('',(-0.951708617761,0.,0.307002779923));
#16043 = PCURVE('',#1387,#16044);
#16044 = DEFINITIONAL_REPRESENTATION('',(#16045),#16052);
#16045 = B_SPLINE_CURVE_WITH_KNOTS('',5,(#16046,#16047,#16048,#16049,
    #16050,#16051),.UNSPECIFIED.,.F.,.F.,(6,6),(0.838643911815,
    0.860679336985),.PIECEWISE_BEZIER_KNOTS.);
#16046 = CARTESIAN_POINT('',(0.838643911815,6.00000013673E-07));
#16047 = CARTESIAN_POINT('',(0.843050996849,-0.257470907157));
#16048 = CARTESIAN_POINT('',(0.847458081883,-0.516217250221));
#16049 = CARTESIAN_POINT('',(0.851865166917,-0.776228011037));
#16050 = CARTESIAN_POINT('',(0.856272251951,-1.037492668279));
#16051 = CARTESIAN_POINT('',(0.860679336985,-1.3000006));
#16052 = ( GEOMETRIC_REPRESENTATION_CONTEXT(2) 
PARAMETRIC_REPRESENTATION_CONTEXT() REPRESENTATION_CONTEXT('2D SPACE',''
  ) );
#16053 = PCURVE('',#305,#16054);
#16054 = DEFINITIONAL_REPRESENTATION('',(#16055),#16059);
#16055 = ELLIPSE('',#16056,78.651419730858,3.95);
#16056 = AXIS2_PLACEMENT_2D('',#16057,#16058);
#16057 = CARTESIAN_POINT('',(-51.12959220218,-17.268));
#16058 = DIRECTION('',(1.,0.));
#16059 = ( GEOMETRIC_REPRESENTATION_CONTEXT(2) 
PARAMETRIC_REPRESENTATION_CONTEXT() REPRESENTATION_CONTEXT('2D SPACE',''
  ) );
#16060 = ADVANCED_FACE('',(#16061),#15989,.T.);
#16061 = FACE_BOUND('',#16062,.T.);
#16062 = EDGE_LOOP('',(#16063,#16064,#16088));
#16063 = ORIENTED_EDGE('',*,*,#15968,.F.);
#16064 = ORIENTED_EDGE('',*,*,#16065,.T.);
#16065 = EDGE_CURVE('',#15969,#16066,#16068,.T.);
#16066 = VERTEX_POINT('',#16067);
#16067 = CARTESIAN_POINT('',(-0.243495318257,-4.275749545795,
    4.410804941373));
#16068 = SURFACE_CURVE('',#16069,(#16074,#16081),.PCURVE_S1.);
#16069 = CIRCLE('',#16070,3.95);
#16070 = AXIS2_PLACEMENT_3D('',#16071,#16072,#16073);
#16071 = CARTESIAN_POINT('',(-0.468231047996,-7.268,1.842063796164));
#16072 = DIRECTION('',(-0.996194698092,0.,8.715574274766E-02));
#16073 = DIRECTION('',(8.715574274766E-02,-1.124276480633E-16,
    0.996194698092));
#16074 = PCURVE('',#15989,#16075);
#16075 = DEFINITIONAL_REPRESENTATION('',(#16076),#16080);
#16076 = CIRCLE('',#16077,3.95);
#16077 = AXIS2_PLACEMENT_2D('',#16078,#16079);
#16078 = CARTESIAN_POINT('',(0.,-3.4));
#16079 = DIRECTION('',(-1.,1.124276480633E-16));
#16080 = ( GEOMETRIC_REPRESENTATION_CONTEXT(2) 
PARAMETRIC_REPRESENTATION_CONTEXT() REPRESENTATION_CONTEXT('2D SPACE',''
  ) );
#16081 = PCURVE('',#16021,#16082);
#16082 = DEFINITIONAL_REPRESENTATION('',(#16083),#16087);
#16083 = LINE('',#16084,#16085);
#16084 = CARTESIAN_POINT('',(0.,-1.3));
#16085 = VECTOR('',#16086,1.);
#16086 = DIRECTION('',(1.,0.));
#16087 = ( GEOMETRIC_REPRESENTATION_CONTEXT(2) 
PARAMETRIC_REPRESENTATION_CONTEXT() REPRESENTATION_CONTEXT('2D SPACE',''
  ) );
#16088 = ORIENTED_EDGE('',*,*,#16089,.F.);
#16089 = EDGE_CURVE('',#15942,#16066,#16090,.T.);
#16090 = SURFACE_CURVE('',#16091,(#16095,#16101),.PCURVE_S1.);
#16091 = LINE('',#16092,#16093);
#16092 = CARTESIAN_POINT('',(-0.243495318257,-0.334,4.410804941373));
#16093 = VECTOR('',#16094,1.);
#16094 = DIRECTION('',(-0.,1.,0.));
#16095 = PCURVE('',#15989,#16096);
#16096 = DEFINITIONAL_REPRESENTATION('',(#16097),#16100);
#16097 = B_SPLINE_CURVE_WITH_KNOTS('',1,(#16098,#16099),.UNSPECIFIED.,
  .F.,.F.,(2,2),(-17.684,-2.984),.PIECEWISE_BEZIER_KNOTS.);
#16098 = CARTESIAN_POINT('',(-2.578553319075,7.35));
#16099 = CARTESIAN_POINT('',(-2.578553319075,-7.35));
#16100 = ( GEOMETRIC_REPRESENTATION_CONTEXT(2) 
PARAMETRIC_REPRESENTATION_CONTEXT() REPRESENTATION_CONTEXT('2D SPACE',''
  ) );
#16101 = PCURVE('',#305,#16102);
#16102 = DEFINITIONAL_REPRESENTATION('',(#16103),#16106);
#16103 = B_SPLINE_CURVE_WITH_KNOTS('',1,(#16104,#16105),.UNSPECIFIED.,
  .F.,.F.,(2,2),(-17.684,-2.984),.PIECEWISE_BEZIER_KNOTS.);
#16104 = CARTESIAN_POINT('',(0.360924879577,-28.018));
#16105 = CARTESIAN_POINT('',(0.360924879577,-13.318));
#16106 = ( GEOMETRIC_REPRESENTATION_CONTEXT(2) 
PARAMETRIC_REPRESENTATION_CONTEXT() REPRESENTATION_CONTEXT('2D SPACE',''
  ) );
#16107 = ADVANCED_FACE('',(#16108),#16021,.F.);
#16108 = FACE_BOUND('',#16109,.F.);
#16109 = EDGE_LOOP('',(#16110,#16135,#16136));
#16110 = ORIENTED_EDGE('',*,*,#16111,.F.);
#16111 = EDGE_CURVE('',#16002,#16066,#16112,.T.);
#16112 = SURFACE_CURVE('',#16113,(#16118,#16128),.PCURVE_S1.);
#16113 = ELLIPSE('',#16114,17.721931394802,3.95);
#16114 = AXIS2_PLACEMENT_3D('',#16115,#16116,#16117);
#16115 = CARTESIAN_POINT('',(10.76667591704,-7.268,0.859136800955));
#16116 = DIRECTION('',(-0.307002779923,0.,-0.951708617761));
#16117 = DIRECTION('',(-0.951708617761,0.,0.307002779923));
#16118 = PCURVE('',#16021,#16119);
#16119 = DEFINITIONAL_REPRESENTATION('',(#16120),#16127);
#16120 = B_SPLINE_CURVE_WITH_KNOTS('',5,(#16121,#16122,#16123,#16124,
    #16125,#16126),.UNSPECIFIED.,.F.,.F.,(6,6),(0.755328017852,
    0.859523806477),.PIECEWISE_BEZIER_KNOTS.);
#16121 = CARTESIAN_POINT('',(0.755328017852,5.99999998796E-07));
#16122 = CARTESIAN_POINT('',(0.776167175577,-0.246802885162));
#16123 = CARTESIAN_POINT('',(0.797006333302,-0.500434091674));
#16124 = CARTESIAN_POINT('',(0.817845491027,-0.760669732048));
#16125 = CARTESIAN_POINT('',(0.838684648752,-1.027274150449));
#16126 = CARTESIAN_POINT('',(0.859523806477,-1.3000006));
#16127 = ( GEOMETRIC_REPRESENTATION_CONTEXT(2) 
PARAMETRIC_REPRESENTATION_CONTEXT() REPRESENTATION_CONTEXT('2D SPACE',''
  ) );
#16128 = PCURVE('',#305,#16129);
#16129 = DEFINITIONAL_REPRESENTATION('',(#16130),#16134);
#16130 = ELLIPSE('',#16131,17.721931394802,3.95);
#16131 = AXIS2_PLACEMENT_2D('',#16132,#16133);
#16132 = CARTESIAN_POINT('',(-11.20792196054,-17.268));
#16133 = DIRECTION('',(1.,0.));
#16134 = ( GEOMETRIC_REPRESENTATION_CONTEXT(2) 
PARAMETRIC_REPRESENTATION_CONTEXT() REPRESENTATION_CONTEXT('2D SPACE',''
  ) );
#16135 = ORIENTED_EDGE('',*,*,#16001,.F.);
#16136 = ORIENTED_EDGE('',*,*,#16065,.T.);
#16137 = ADVANCED_FACE('',(#16138),#1330,.F.);
#16138 = FACE_BOUND('',#16139,.F.);
#16139 = EDGE_LOOP('',(#16140,#16141,#16168,#16203,#16236,#16261,#16262)
  );
#16140 = ORIENTED_EDGE('',*,*,#1311,.F.);
#16141 = ORIENTED_EDGE('',*,*,#16142,.F.);
#16142 = EDGE_CURVE('',#16143,#1312,#16145,.T.);
#16143 = VERTEX_POINT('',#16144);
#16144 = CARTESIAN_POINT('',(-0.284187843031,-17.05201144507,
    4.423931562268));
#16145 = SURFACE_CURVE('',#16146,(#16151,#16161),.PCURVE_S1.);
#16146 = ELLIPSE('',#16147,78.651419730858,3.95);
#16147 = AXIS2_PLACEMENT_3D('',#16148,#16149,#16150);
#16148 = CARTESIAN_POINT('',(48.760473521406,-14.068,-11.39692694238));
#16149 = DIRECTION('',(-0.307002779923,0.,-0.951708617761));
#16150 = DIRECTION('',(-0.951708617761,0.,0.307002779923));
#16151 = PCURVE('',#1330,#16152);
#16152 = DEFINITIONAL_REPRESENTATION('',(#16153),#16160);
#16153 = B_SPLINE_CURVE_WITH_KNOTS('',5,(#16154,#16155,#16156,#16157,
    #16158,#16159),.UNSPECIFIED.,.F.,.F.,(6,6),(5.422505970195,
    5.444541395365),.PIECEWISE_BEZIER_KNOTS.);
#16154 = CARTESIAN_POINT('',(2.280913316605,-1.3000006));
#16155 = CARTESIAN_POINT('',(2.285320401639,-1.037492668279));
#16156 = CARTESIAN_POINT('',(2.289727486673,-0.776228011037));
#16157 = CARTESIAN_POINT('',(2.294134571707,-0.516217250221));
#16158 = CARTESIAN_POINT('',(2.298541656741,-0.257470907158));
#16159 = CARTESIAN_POINT('',(2.302948741775,6.00000013673E-07));
#16160 = ( GEOMETRIC_REPRESENTATION_CONTEXT(2) 
PARAMETRIC_REPRESENTATION_CONTEXT() REPRESENTATION_CONTEXT('2D SPACE',''
  ) );
#16161 = PCURVE('',#43,#16162);
#16162 = DEFINITIONAL_REPRESENTATION('',(#16163),#16167);
#16163 = ELLIPSE('',#16164,78.651419730858,3.95);
#16164 = AXIS2_PLACEMENT_2D('',#16165,#16166);
#16165 = CARTESIAN_POINT('',(-51.12959220218,-24.068));
#16166 = DIRECTION('',(1.,0.));
#16167 = ( GEOMETRIC_REPRESENTATION_CONTEXT(2) 
PARAMETRIC_REPRESENTATION_CONTEXT() REPRESENTATION_CONTEXT('2D SPACE',''
  ) );
#16168 = ORIENTED_EDGE('',*,*,#16169,.T.);
#16169 = EDGE_CURVE('',#16143,#16170,#16172,.T.);
#16170 = VERTEX_POINT('',#16171);
#16171 = CARTESIAN_POINT('',(-0.201141590572,-16.56024630913,
    4.894910264026));
#16172 = SURFACE_CURVE('',#16173,(#16178,#16188),.PCURVE_S1.);
#16173 = ELLIPSE('',#16174,3.965088358296,3.95);
#16174 = AXIS2_PLACEMENT_3D('',#16175,#16176,#16177);
#16175 = CARTESIAN_POINT('',(-0.735320505419,-14.068,1.865431095836));
#16176 = DIRECTION('',(-0.984807753012,0.,0.173648177667));
#16177 = DIRECTION('',(-0.173648177667,0.,-0.984807753012));
#16178 = PCURVE('',#1330,#16179);
#16179 = DEFINITIONAL_REPRESENTATION('',(#16180),#16187);
#16180 = B_SPLINE_CURVE_WITH_KNOTS('',5,(#16181,#16182,#16183,#16184,
    #16185,#16186),.UNSPECIFIED.,.F.,.F.,(6,6),(2.282068892959,
    2.458820317439),.PIECEWISE_BEZIER_KNOTS.);
#16181 = CARTESIAN_POINT('',(2.282068892959,-1.042515512044));
#16182 = CARTESIAN_POINT('',(2.317419177855,-1.033261231903));
#16183 = CARTESIAN_POINT('',(2.352769462751,-1.024359341674));
#16184 = CARTESIAN_POINT('',(2.388119747647,-1.015833935642));
#16185 = CARTESIAN_POINT('',(2.423470032543,-1.007707266651));
#16186 = CARTESIAN_POINT('',(2.458820317439,-0.9999994));
#16187 = ( GEOMETRIC_REPRESENTATION_CONTEXT(2) 
PARAMETRIC_REPRESENTATION_CONTEXT() REPRESENTATION_CONTEXT('2D SPACE',''
  ) );
#16188 = PCURVE('',#16189,#16194);
#16189 = CYLINDRICAL_SURFACE('',#16190,3.95);
#16190 = AXIS2_PLACEMENT_3D('',#16191,#16192,#16193);
#16191 = CARTESIAN_POINT('',(-1.763284155515,-14.068,1.955366261736));
#16192 = DIRECTION('',(-0.996194698092,0.,8.715574274766E-02));
#16193 = DIRECTION('',(-8.715574274766E-02,1.124276480633E-16,
    -0.996194698092));
#16194 = DEFINITIONAL_REPRESENTATION('',(#16195),#16202);
#16195 = B_SPLINE_CURVE_WITH_KNOTS('',5,(#16196,#16197,#16198,#16199,
    #16200,#16201),.UNSPECIFIED.,.F.,.F.,(6,6),(2.282068892959,
    2.458820317439),.PIECEWISE_BEZIER_KNOTS.);
#16196 = CARTESIAN_POINT('',(2.282068892959,-1.257484487956));
#16197 = CARTESIAN_POINT('',(2.317419177855,-1.266738768097));
#16198 = CARTESIAN_POINT('',(2.352769462751,-1.275640658326));
#16199 = CARTESIAN_POINT('',(2.388119747647,-1.284166064358));
#16200 = CARTESIAN_POINT('',(2.423470032543,-1.292292733349));
#16201 = CARTESIAN_POINT('',(2.458820317439,-1.3000006));
#16202 = ( GEOMETRIC_REPRESENTATION_CONTEXT(2) 
PARAMETRIC_REPRESENTATION_CONTEXT() REPRESENTATION_CONTEXT('2D SPACE',''
  ) );
#16203 = ORIENTED_EDGE('',*,*,#16204,.F.);
#16204 = EDGE_CURVE('',#16205,#16170,#16207,.T.);
#16205 = VERTEX_POINT('',#16206);
#16206 = CARTESIAN_POINT('',(-0.243495318257,-17.05387251774,
    4.410804941373));
#16207 = SURFACE_CURVE('',#16208,(#16213,#16224),.PCURVE_S1.);
#16208 = ELLIPSE('',#16209,4.010935116949,3.95);
#16209 = AXIS2_PLACEMENT_3D('',#16210,#16211,#16212);
#16210 = CARTESIAN_POINT('',(-0.472351333394,-14.068,1.794968718558));
#16211 = DIRECTION('',(-0.996194698092,-0.,8.715574274766E-02));
#16212 = DIRECTION('',(8.715574274766E-02,0.,0.996194698092));
#16213 = PCURVE('',#1330,#16214);
#16214 = DEFINITIONAL_REPRESENTATION('',(#16215),#16223);
#16215 = B_SPLINE_CURVE_WITH_KNOTS('',6,(#16216,#16217,#16218,#16219,
    #16220,#16221,#16222),.UNSPECIFIED.,.F.,.F.,(7,7),(5.381736804315,
    6.28318530718),.PIECEWISE_BEZIER_KNOTS.);
#16216 = CARTESIAN_POINT('',(2.240144150725,-1.108200039619));
#16217 = CARTESIAN_POINT('',(2.390385567869,-1.026137104373));
#16218 = CARTESIAN_POINT('',(2.540626985014,-0.955780134615));
#16219 = CARTESIAN_POINT('',(2.690868402158,-0.900462019002));
#16220 = CARTESIAN_POINT('',(2.841109819302,-0.862729542295));
#16221 = CARTESIAN_POINT('',(2.991351236446,-0.843863841941));
#16222 = CARTESIAN_POINT('',(3.14159265359,-0.843863841941));
#16223 = ( GEOMETRIC_REPRESENTATION_CONTEXT(2) 
PARAMETRIC_REPRESENTATION_CONTEXT() REPRESENTATION_CONTEXT('2D SPACE',''
  ) );
#16224 = PCURVE('',#16225,#16230);
#16225 = PLANE('',#16226);
#16226 = AXIS2_PLACEMENT_3D('',#16227,#16228,#16229);
#16227 = CARTESIAN_POINT('',(-0.468231047996,-10.668,1.842063796164));
#16228 = DIRECTION('',(-0.996194698092,-0.,8.715574274766E-02));
#16229 = DIRECTION('',(-8.715574274766E-02,0.,-0.996194698092));
#16230 = DEFINITIONAL_REPRESENTATION('',(#16231),#16235);
#16231 = ELLIPSE('',#16232,4.010935116949,3.95);
#16232 = AXIS2_PLACEMENT_2D('',#16233,#16234);
#16233 = CARTESIAN_POINT('',(4.727497315202E-02,3.4));
#16234 = DIRECTION('',(-1.,0.));
#16235 = ( GEOMETRIC_REPRESENTATION_CONTEXT(2) 
PARAMETRIC_REPRESENTATION_CONTEXT() REPRESENTATION_CONTEXT('2D SPACE',''
  ) );
#16236 = ORIENTED_EDGE('',*,*,#16237,.F.);
#16237 = EDGE_CURVE('',#1660,#16205,#16238,.T.);
#16238 = SURFACE_CURVE('',#16239,(#16244,#16254),.PCURVE_S1.);
#16239 = ELLIPSE('',#16240,78.651419730858,3.95);
#16240 = AXIS2_PLACEMENT_3D('',#16241,#16242,#16243);
#16241 = CARTESIAN_POINT('',(48.760473521406,-14.068,-11.39692694238));
#16242 = DIRECTION('',(-0.307002779923,0.,-0.951708617761));
#16243 = DIRECTION('',(-0.951708617761,0.,0.307002779923));
#16244 = PCURVE('',#1330,#16245);
#16245 = DEFINITIONAL_REPRESENTATION('',(#16246),#16253);
#16246 = B_SPLINE_CURVE_WITH_KNOTS('',5,(#16247,#16248,#16249,#16250,
    #16251,#16252),.UNSPECIFIED.,.F.,.F.,(6,6),(5.422505970195,
    5.444541395365),.PIECEWISE_BEZIER_KNOTS.);
#16247 = CARTESIAN_POINT('',(2.280913316605,-1.3000006));
#16248 = CARTESIAN_POINT('',(2.285320401639,-1.037492668279));
#16249 = CARTESIAN_POINT('',(2.289727486673,-0.776228011037));
#16250 = CARTESIAN_POINT('',(2.294134571707,-0.516217250221));
#16251 = CARTESIAN_POINT('',(2.298541656741,-0.257470907158));
#16252 = CARTESIAN_POINT('',(2.302948741775,6.00000013673E-07));
#16253 = ( GEOMETRIC_REPRESENTATION_CONTEXT(2) 
PARAMETRIC_REPRESENTATION_CONTEXT() REPRESENTATION_CONTEXT('2D SPACE',''
  ) );
#16254 = PCURVE('',#43,#16255);
#16255 = DEFINITIONAL_REPRESENTATION('',(#16256),#16260);
#16256 = ELLIPSE('',#16257,78.651419730858,3.95);
#16257 = AXIS2_PLACEMENT_2D('',#16258,#16259);
#16258 = CARTESIAN_POINT('',(-51.12959220218,-24.068));
#16259 = DIRECTION('',(1.,0.));
#16260 = ( GEOMETRIC_REPRESENTATION_CONTEXT(2) 
PARAMETRIC_REPRESENTATION_CONTEXT() REPRESENTATION_CONTEXT('2D SPACE',''
  ) );
#16261 = ORIENTED_EDGE('',*,*,#1741,.T.);
#16262 = ORIENTED_EDGE('',*,*,#1498,.F.);
#16263 = ADVANCED_FACE('',(#16264),#16189,.F.);
#16264 = FACE_BOUND('',#16265,.F.);
#16265 = EDGE_LOOP('',(#16266,#16293,#16315));
#16266 = ORIENTED_EDGE('',*,*,#16267,.F.);
#16267 = EDGE_CURVE('',#16268,#16143,#16270,.T.);
#16268 = VERTEX_POINT('',#16269);
#16269 = CARTESIAN_POINT('',(-0.243495318257,-17.0602504542,
    4.410804941373));
#16270 = SURFACE_CURVE('',#16271,(#16276,#16286),.PCURVE_S1.);
#16271 = ELLIPSE('',#16272,17.721931394802,3.95);
#16272 = AXIS2_PLACEMENT_3D('',#16273,#16274,#16275);
#16273 = CARTESIAN_POINT('',(10.76667591704,-14.068,0.859136800955));
#16274 = DIRECTION('',(-0.307002779923,0.,-0.951708617761));
#16275 = DIRECTION('',(-0.951708617761,0.,0.307002779923));
#16276 = PCURVE('',#16189,#16277);
#16277 = DEFINITIONAL_REPRESENTATION('',(#16278),#16285);
#16278 = B_SPLINE_CURVE_WITH_KNOTS('',5,(#16279,#16280,#16281,#16282,
    #16283,#16284),.UNSPECIFIED.,.F.,.F.,(6,6),(5.423661500702,
    5.527857289328),.PIECEWISE_BEZIER_KNOTS.);
#16279 = CARTESIAN_POINT('',(2.282068847112,-1.3000006));
#16280 = CARTESIAN_POINT('',(2.302908004838,-1.027274150449));
#16281 = CARTESIAN_POINT('',(2.323747162563,-0.760669732048));
#16282 = CARTESIAN_POINT('',(2.344586320288,-0.500434091674));
#16283 = CARTESIAN_POINT('',(2.365425478013,-0.246802885162));
#16284 = CARTESIAN_POINT('',(2.386264635738,5.99999993689E-07));
#16285 = ( GEOMETRIC_REPRESENTATION_CONTEXT(2) 
PARAMETRIC_REPRESENTATION_CONTEXT() REPRESENTATION_CONTEXT('2D SPACE',''
  ) );
#16286 = PCURVE('',#43,#16287);
#16287 = DEFINITIONAL_REPRESENTATION('',(#16288),#16292);
#16288 = ELLIPSE('',#16289,17.721931394802,3.95);
#16289 = AXIS2_PLACEMENT_2D('',#16290,#16291);
#16290 = CARTESIAN_POINT('',(-11.20792196054,-24.068));
#16291 = DIRECTION('',(1.,0.));
#16292 = ( GEOMETRIC_REPRESENTATION_CONTEXT(2) 
PARAMETRIC_REPRESENTATION_CONTEXT() REPRESENTATION_CONTEXT('2D SPACE',''
  ) );
#16293 = ORIENTED_EDGE('',*,*,#16294,.T.);
#16294 = EDGE_CURVE('',#16268,#16170,#16295,.T.);
#16295 = SURFACE_CURVE('',#16296,(#16301,#16308),.PCURVE_S1.);
#16296 = CIRCLE('',#16297,3.95);
#16297 = AXIS2_PLACEMENT_3D('',#16298,#16299,#16300);
#16298 = CARTESIAN_POINT('',(-0.468231047996,-14.068,1.842063796164));
#16299 = DIRECTION('',(-0.996194698092,0.,8.715574274766E-02));
#16300 = DIRECTION('',(-8.715574274766E-02,1.124276480633E-16,
    -0.996194698092));
#16301 = PCURVE('',#16189,#16302);
#16302 = DEFINITIONAL_REPRESENTATION('',(#16303),#16307);
#16303 = LINE('',#16304,#16305);
#16304 = CARTESIAN_POINT('',(0.,-1.3));
#16305 = VECTOR('',#16306,1.);
#16306 = DIRECTION('',(1.,0.));
#16307 = ( GEOMETRIC_REPRESENTATION_CONTEXT(2) 
PARAMETRIC_REPRESENTATION_CONTEXT() REPRESENTATION_CONTEXT('2D SPACE',''
  ) );
#16308 = PCURVE('',#16225,#16309);
#16309 = DEFINITIONAL_REPRESENTATION('',(#16310),#16314);
#16310 = CIRCLE('',#16311,3.95);
#16311 = AXIS2_PLACEMENT_2D('',#16312,#16313);
#16312 = CARTESIAN_POINT('',(-8.896367482811E-16,3.4));
#16313 = DIRECTION('',(1.,-1.124276480633E-16));
#16314 = ( GEOMETRIC_REPRESENTATION_CONTEXT(2) 
PARAMETRIC_REPRESENTATION_CONTEXT() REPRESENTATION_CONTEXT('2D SPACE',''
  ) );
#16315 = ORIENTED_EDGE('',*,*,#16169,.F.);
#16316 = ADVANCED_FACE('',(#16317),#16225,.T.);
#16317 = FACE_BOUND('',#16318,.T.);
#16318 = EDGE_LOOP('',(#16319,#16338,#16339));
#16319 = ORIENTED_EDGE('',*,*,#16320,.F.);
#16320 = EDGE_CURVE('',#16268,#16205,#16321,.T.);
#16321 = SURFACE_CURVE('',#16322,(#16326,#16332),.PCURVE_S1.);
#16322 = LINE('',#16323,#16324);
#16323 = CARTESIAN_POINT('',(-0.243495318257,-0.334,4.410804941373));
#16324 = VECTOR('',#16325,1.);
#16325 = DIRECTION('',(-0.,1.,0.));
#16326 = PCURVE('',#16225,#16327);
#16327 = DEFINITIONAL_REPRESENTATION('',(#16328),#16331);
#16328 = B_SPLINE_CURVE_WITH_KNOTS('',1,(#16329,#16330),.UNSPECIFIED.,
  .F.,.F.,(2,2),(-17.684,-2.984),.PIECEWISE_BEZIER_KNOTS.);
#16329 = CARTESIAN_POINT('',(-2.578553319075,7.35));
#16330 = CARTESIAN_POINT('',(-2.578553319075,-7.35));
#16331 = ( GEOMETRIC_REPRESENTATION_CONTEXT(2) 
PARAMETRIC_REPRESENTATION_CONTEXT() REPRESENTATION_CONTEXT('2D SPACE',''
  ) );
#16332 = PCURVE('',#43,#16333);
#16333 = DEFINITIONAL_REPRESENTATION('',(#16334),#16337);
#16334 = B_SPLINE_CURVE_WITH_KNOTS('',1,(#16335,#16336),.UNSPECIFIED.,
  .F.,.F.,(2,2),(-17.684,-2.984),.PIECEWISE_BEZIER_KNOTS.);
#16335 = CARTESIAN_POINT('',(0.360924879577,-28.018));
#16336 = CARTESIAN_POINT('',(0.360924879577,-13.318));
#16337 = ( GEOMETRIC_REPRESENTATION_CONTEXT(2) 
PARAMETRIC_REPRESENTATION_CONTEXT() REPRESENTATION_CONTEXT('2D SPACE',''
  ) );
#16338 = ORIENTED_EDGE('',*,*,#16294,.T.);
#16339 = ORIENTED_EDGE('',*,*,#16204,.F.);
#16340 = ADVANCED_FACE('',(#16341),#1127,.F.);
#16341 = FACE_BOUND('',#16342,.F.);
#16342 = EDGE_LOOP('',(#16343,#16344,#16345,#16346));
#16343 = ORIENTED_EDGE('',*,*,#1110,.F.);
#16344 = ORIENTED_EDGE('',*,*,#1287,.T.);
#16345 = ORIENTED_EDGE('',*,*,#1420,.T.);
#16346 = ORIENTED_EDGE('',*,*,#16347,.F.);
#16347 = EDGE_CURVE('',#1111,#1400,#16348,.T.);
#16348 = SURFACE_CURVE('',#16349,(#16354,#16364),.PCURVE_S1.);
#16349 = ELLIPSE('',#16350,28.816078490961,3.95);
#16350 = AXIS2_PLACEMENT_3D('',#16351,#16352,#16353);
#16351 = CARTESIAN_POINT('',(17.717487562521,-7.268,-1.383060504039));
#16352 = DIRECTION('',(-0.307002779923,0.,-0.951708617761));
#16353 = DIRECTION('',(-0.951708617761,0.,0.307002779923));
#16354 = PCURVE('',#1127,#16355);
#16355 = DEFINITIONAL_REPRESENTATION('',(#16356),#16363);
#16356 = B_SPLINE_CURVE_WITH_KNOTS('',5,(#16357,#16358,#16359,#16360,
    #16361,#16362),.UNSPECIFIED.,.F.,.F.,(6,6),(0.800013710561,
    0.861693377049),.PIECEWISE_BEZIER_KNOTS.);
#16357 = CARTESIAN_POINT('',(0.800013710561,5.999999959094E-07));
#16358 = CARTESIAN_POINT('',(0.812349643858,-0.252596563401));
#16359 = CARTESIAN_POINT('',(0.824685577156,-0.508976530281));
#16360 = CARTESIAN_POINT('',(0.837021510454,-0.769059219526));
#16361 = CARTESIAN_POINT('',(0.849357443752,-1.032762150528));
#16362 = CARTESIAN_POINT('',(0.861693377049,-1.3000006));
#16363 = ( GEOMETRIC_REPRESENTATION_CONTEXT(2) 
PARAMETRIC_REPRESENTATION_CONTEXT() REPRESENTATION_CONTEXT('2D SPACE',''
  ) );
#16364 = PCURVE('',#305,#16365);
#16365 = DEFINITIONAL_REPRESENTATION('',(#16366),#16370);
#16366 = ELLIPSE('',#16367,28.816078490961,3.95);
#16367 = AXIS2_PLACEMENT_2D('',#16368,#16369);
#16368 = CARTESIAN_POINT('',(-18.51143010975,-17.268));
#16369 = DIRECTION('',(1.,0.));
#16370 = ( GEOMETRIC_REPRESENTATION_CONTEXT(2) 
PARAMETRIC_REPRESENTATION_CONTEXT() REPRESENTATION_CONTEXT('2D SPACE',''
  ) );
#16371 = ADVANCED_FACE('',(#16372),#1070,.F.);
#16372 = FACE_BOUND('',#16373,.F.);
#16373 = EDGE_LOOP('',(#16374,#16375,#16400,#16401));
#16374 = ORIENTED_EDGE('',*,*,#1051,.F.);
#16375 = ORIENTED_EDGE('',*,*,#16376,.F.);
#16376 = EDGE_CURVE('',#1448,#1052,#16377,.T.);
#16377 = SURFACE_CURVE('',#16378,(#16383,#16393),.PCURVE_S1.);
#16378 = ELLIPSE('',#16379,28.816078490961,3.95);
#16379 = AXIS2_PLACEMENT_3D('',#16380,#16381,#16382);
#16380 = CARTESIAN_POINT('',(17.717487562521,-14.068,-1.383060504039));
#16381 = DIRECTION('',(-0.307002779923,0.,-0.951708617761));
#16382 = DIRECTION('',(-0.951708617761,0.,0.307002779923));
#16383 = PCURVE('',#1070,#16384);
#16384 = DEFINITIONAL_REPRESENTATION('',(#16385),#16392);
#16385 = B_SPLINE_CURVE_WITH_KNOTS('',5,(#16386,#16387,#16388,#16389,
    #16390,#16391),.UNSPECIFIED.,.F.,.F.,(6,6),(5.42149193013,
    5.483171596619),.PIECEWISE_BEZIER_KNOTS.);
#16386 = CARTESIAN_POINT('',(2.279899276541,-1.3000006));
#16387 = CARTESIAN_POINT('',(2.292235209838,-1.032762150528));
#16388 = CARTESIAN_POINT('',(2.304571143136,-0.769059219526));
#16389 = CARTESIAN_POINT('',(2.316907076434,-0.508976530281));
#16390 = CARTESIAN_POINT('',(2.329243009731,-0.252596563401));
#16391 = CARTESIAN_POINT('',(2.341578943029,5.999999959094E-07));
#16392 = ( GEOMETRIC_REPRESENTATION_CONTEXT(2) 
PARAMETRIC_REPRESENTATION_CONTEXT() REPRESENTATION_CONTEXT('2D SPACE',''
  ) );
#16393 = PCURVE('',#43,#16394);
#16394 = DEFINITIONAL_REPRESENTATION('',(#16395),#16399);
#16395 = ELLIPSE('',#16396,28.816078490961,3.95);
#16396 = AXIS2_PLACEMENT_2D('',#16397,#16398);
#16397 = CARTESIAN_POINT('',(-18.51143010975,-24.068));
#16398 = DIRECTION('',(1.,0.));
#16399 = ( GEOMETRIC_REPRESENTATION_CONTEXT(2) 
PARAMETRIC_REPRESENTATION_CONTEXT() REPRESENTATION_CONTEXT('2D SPACE',''
  ) );
#16400 = ORIENTED_EDGE('',*,*,#1447,.T.);
#16401 = ORIENTED_EDGE('',*,*,#1238,.F.);
#16402 = ADVANCED_FACE('',(#16403),#874,.F.);
#16403 = FACE_BOUND('',#16404,.F.);
#16404 = EDGE_LOOP('',(#16405,#16406,#16407,#16408));
#16405 = ORIENTED_EDGE('',*,*,#857,.F.);
#16406 = ORIENTED_EDGE('',*,*,#1027,.T.);
#16407 = ORIENTED_EDGE('',*,*,#1160,.T.);
#16408 = ORIENTED_EDGE('',*,*,#16409,.F.);
#16409 = EDGE_CURVE('',#858,#1140,#16410,.T.);
#16410 = SURFACE_CURVE('',#16411,(#16416,#16426),.PCURVE_S1.);
#16411 = ELLIPSE('',#16412,17.721931394802,3.95);
#16412 = AXIS2_PLACEMENT_3D('',#16413,#16414,#16415);
#16413 = CARTESIAN_POINT('',(10.76667591704,-7.268,0.859136800955));
#16414 = DIRECTION('',(-0.307002779923,0.,-0.951708617761));
#16415 = DIRECTION('',(-0.951708617761,0.,0.307002779923));
#16416 = PCURVE('',#874,#16417);
#16417 = DEFINITIONAL_REPRESENTATION('',(#16418),#16425);
#16418 = B_SPLINE_CURVE_WITH_KNOTS('',5,(#16419,#16420,#16421,#16422,
    #16423,#16424),.UNSPECIFIED.,.F.,.F.,(6,6),(0.755328017852,
    0.859523806477),.PIECEWISE_BEZIER_KNOTS.);
#16419 = CARTESIAN_POINT('',(0.755328017852,5.99999998796E-07));
#16420 = CARTESIAN_POINT('',(0.776167175577,-0.246802885162));
#16421 = CARTESIAN_POINT('',(0.797006333302,-0.500434091674));
#16422 = CARTESIAN_POINT('',(0.817845491027,-0.760669732048));
#16423 = CARTESIAN_POINT('',(0.838684648752,-1.027274150449));
#16424 = CARTESIAN_POINT('',(0.859523806477,-1.3000006));
#16425 = ( GEOMETRIC_REPRESENTATION_CONTEXT(2) 
PARAMETRIC_REPRESENTATION_CONTEXT() REPRESENTATION_CONTEXT('2D SPACE',''
  ) );
#16426 = PCURVE('',#305,#16427);
#16427 = DEFINITIONAL_REPRESENTATION('',(#16428),#16432);
#16428 = ELLIPSE('',#16429,17.721931394802,3.95);
#16429 = AXIS2_PLACEMENT_2D('',#16430,#16431);
#16430 = CARTESIAN_POINT('',(-11.20792196054,-17.268));
#16431 = DIRECTION('',(1.,0.));
#16432 = ( GEOMETRIC_REPRESENTATION_CONTEXT(2) 
PARAMETRIC_REPRESENTATION_CONTEXT() REPRESENTATION_CONTEXT('2D SPACE',''
  ) );
#16433 = ADVANCED_FACE('',(#16434),#817,.F.);
#16434 = FACE_BOUND('',#16435,.F.);
#16435 = EDGE_LOOP('',(#16436,#16437,#16462,#16463));
#16436 = ORIENTED_EDGE('',*,*,#798,.F.);
#16437 = ORIENTED_EDGE('',*,*,#16438,.F.);
#16438 = EDGE_CURVE('',#1188,#799,#16439,.T.);
#16439 = SURFACE_CURVE('',#16440,(#16445,#16455),.PCURVE_S1.);
#16440 = ELLIPSE('',#16441,17.721931394802,3.95);
#16441 = AXIS2_PLACEMENT_3D('',#16442,#16443,#16444);
#16442 = CARTESIAN_POINT('',(10.76667591704,-14.068,0.859136800955));
#16443 = DIRECTION('',(-0.307002779923,0.,-0.951708617761));
#16444 = DIRECTION('',(-0.951708617761,0.,0.307002779923));
#16445 = PCURVE('',#817,#16446);
#16446 = DEFINITIONAL_REPRESENTATION('',(#16447),#16454);
#16447 = B_SPLINE_CURVE_WITH_KNOTS('',5,(#16448,#16449,#16450,#16451,
    #16452,#16453),.UNSPECIFIED.,.F.,.F.,(6,6),(5.423661500702,
    5.527857289328),.PIECEWISE_BEZIER_KNOTS.);
#16448 = CARTESIAN_POINT('',(2.282068847112,-1.3000006));
#16449 = CARTESIAN_POINT('',(2.302908004838,-1.027274150449));
#16450 = CARTESIAN_POINT('',(2.323747162563,-0.760669732048));
#16451 = CARTESIAN_POINT('',(2.344586320288,-0.500434091674));
#16452 = CARTESIAN_POINT('',(2.365425478013,-0.246802885162));
#16453 = CARTESIAN_POINT('',(2.386264635738,5.99999993689E-07));
#16454 = ( GEOMETRIC_REPRESENTATION_CONTEXT(2) 
PARAMETRIC_REPRESENTATION_CONTEXT() REPRESENTATION_CONTEXT('2D SPACE',''
  ) );
#16455 = PCURVE('',#43,#16456);
#16456 = DEFINITIONAL_REPRESENTATION('',(#16457),#16461);
#16457 = ELLIPSE('',#16458,17.721931394802,3.95);
#16458 = AXIS2_PLACEMENT_2D('',#16459,#16460);
#16459 = CARTESIAN_POINT('',(-11.20792196054,-24.068));
#16460 = DIRECTION('',(1.,0.));
#16461 = ( GEOMETRIC_REPRESENTATION_CONTEXT(2) 
PARAMETRIC_REPRESENTATION_CONTEXT() REPRESENTATION_CONTEXT('2D SPACE',''
  ) );
#16462 = ORIENTED_EDGE('',*,*,#1187,.T.);
#16463 = ORIENTED_EDGE('',*,*,#978,.F.);
#16464 = ADVANCED_FACE('',(#16465),#622,.F.);
#16465 = FACE_BOUND('',#16466,.F.);
#16466 = EDGE_LOOP('',(#16467,#16468,#16469,#16490));
#16467 = ORIENTED_EDGE('',*,*,#774,.T.);
#16468 = ORIENTED_EDGE('',*,*,#935,.F.);
#16469 = ORIENTED_EDGE('',*,*,#16470,.F.);
#16470 = EDGE_CURVE('',#607,#908,#16471,.T.);
#16471 = SURFACE_CURVE('',#16472,(#16476,#16483),.PCURVE_S1.);
#16472 = LINE('',#16473,#16474);
#16473 = CARTESIAN_POINT('',(-1.65,-7.268,5.8));
#16474 = VECTOR('',#16475,1.);
#16475 = DIRECTION('',(1.,0.,0.));
#16476 = PCURVE('',#622,#16477);
#16477 = DEFINITIONAL_REPRESENTATION('',(#16478),#16482);
#16478 = LINE('',#16479,#16480);
#16479 = CARTESIAN_POINT('',(6.8,0.));
#16480 = VECTOR('',#16481,1.);
#16481 = DIRECTION('',(0.,-1.));
#16482 = ( GEOMETRIC_REPRESENTATION_CONTEXT(2) 
PARAMETRIC_REPRESENTATION_CONTEXT() REPRESENTATION_CONTEXT('2D SPACE',''
  ) );
#16483 = PCURVE('',#651,#16484);
#16484 = DEFINITIONAL_REPRESENTATION('',(#16485),#16489);
#16485 = LINE('',#16486,#16487);
#16486 = CARTESIAN_POINT('',(0.,0.));
#16487 = VECTOR('',#16488,1.);
#16488 = DIRECTION('',(0.,-1.));
#16489 = ( GEOMETRIC_REPRESENTATION_CONTEXT(2) 
PARAMETRIC_REPRESENTATION_CONTEXT() REPRESENTATION_CONTEXT('2D SPACE',''
  ) );
#16490 = ORIENTED_EDGE('',*,*,#606,.F.);
#16491 = ADVANCED_FACE('',(#16492),#651,.F.);
#16492 = FACE_BOUND('',#16493,.F.);
#16493 = EDGE_LOOP('',(#16494,#16495,#16496,#16497));
#16494 = ORIENTED_EDGE('',*,*,#634,.F.);
#16495 = ORIENTED_EDGE('',*,*,#16470,.T.);
#16496 = ORIENTED_EDGE('',*,*,#907,.T.);
#16497 = ORIENTED_EDGE('',*,*,#16498,.F.);
#16498 = EDGE_CURVE('',#635,#887,#16499,.T.);
#16499 = SURFACE_CURVE('',#16500,(#16505,#16515),.PCURVE_S1.);
#16500 = ELLIPSE('',#16501,12.866333005173,3.95);
#16501 = AXIS2_PLACEMENT_3D('',#16502,#16503,#16504);
#16502 = CARTESIAN_POINT('',(7.695,-7.268,1.85));
#16503 = DIRECTION('',(-0.307002779923,0.,-0.951708617761));
#16504 = DIRECTION('',(-0.951708617761,0.,0.307002779923));
#16505 = PCURVE('',#651,#16506);
#16506 = DEFINITIONAL_REPRESENTATION('',(#16507),#16514);
#16507 = B_SPLINE_CURVE_WITH_KNOTS('',5,(#16508,#16509,#16510,#16511,
    #16512,#16513),.UNSPECIFIED.,.F.,.F.,(6,6),(0.702593730686,
    0.853960131528),.PIECEWISE_BEZIER_KNOTS.);
#16508 = CARTESIAN_POINT('',(0.702593730686,6.000000003503E-07));
#16509 = CARTESIAN_POINT('',(0.732867010855,-0.2395431044));
#16510 = CARTESIAN_POINT('',(0.763140291023,-0.489792338891));
#16511 = CARTESIAN_POINT('',(0.793413571191,-0.750289760136));
#16512 = CARTESIAN_POINT('',(0.823686851359,-1.020537048771));
#16513 = CARTESIAN_POINT('',(0.853960131528,-1.3000006));
#16514 = ( GEOMETRIC_REPRESENTATION_CONTEXT(2) 
PARAMETRIC_REPRESENTATION_CONTEXT() REPRESENTATION_CONTEXT('2D SPACE',''
  ) );
#16515 = PCURVE('',#305,#16516);
#16516 = DEFINITIONAL_REPRESENTATION('',(#16517),#16521);
#16517 = ELLIPSE('',#16518,12.866333005173,3.95);
#16518 = AXIS2_PLACEMENT_2D('',#16519,#16520);
#16519 = CARTESIAN_POINT('',(-7.980383762702,-17.268));
#16520 = DIRECTION('',(1.,0.));
#16521 = ( GEOMETRIC_REPRESENTATION_CONTEXT(2) 
PARAMETRIC_REPRESENTATION_CONTEXT() REPRESENTATION_CONTEXT('2D SPACE',''
  ) );
#16522 = ADVANCED_FACE('',(#16523),#412,.F.);
#16523 = FACE_BOUND('',#16524,.F.);
#16524 = EDGE_LOOP('',(#16525,#16526,#16527,#16552));
#16525 = ORIENTED_EDGE('',*,*,#456,.F.);
#16526 = ORIENTED_EDGE('',*,*,#395,.T.);
#16527 = ORIENTED_EDGE('',*,*,#16528,.F.);
#16528 = EDGE_CURVE('',#530,#373,#16529,.T.);
#16529 = SURFACE_CURVE('',#16530,(#16535,#16545),.PCURVE_S1.);
#16530 = ELLIPSE('',#16531,60.730843083321,3.05);
#16531 = AXIS2_PLACEMENT_3D('',#16532,#16533,#16534);
#16532 = CARTESIAN_POINT('',(48.760473521406,-13.593,-11.39692694238));
#16533 = DIRECTION('',(-0.307002779923,0.,-0.951708617761));
#16534 = DIRECTION('',(-0.951708617761,0.,0.307002779923));
#16535 = PCURVE('',#412,#16536);
#16536 = DEFINITIONAL_REPRESENTATION('',(#16537),#16544);
#16537 = B_SPLINE_CURVE_WITH_KNOTS('',5,(#16538,#16539,#16540,#16541,
    #16542,#16543),.UNSPECIFIED.,.F.,.F.,(6,6),(5.758988095213,
    5.811604256682),.PIECEWISE_BEZIER_KNOTS.);
#16538 = CARTESIAN_POINT('',(2.617395441623,-3.3500006));
#16539 = CARTESIAN_POINT('',(2.627918673917,-3.030530708514));
#16540 = CARTESIAN_POINT('',(2.638441906211,-2.718329399612));
#16541 = CARTESIAN_POINT('',(2.648965138505,-2.413470376832));
#16542 = CARTESIAN_POINT('',(2.659488370799,-2.116023988908));
#16543 = CARTESIAN_POINT('',(2.670011603092,-1.826057132429));
#16544 = ( GEOMETRIC_REPRESENTATION_CONTEXT(2) 
PARAMETRIC_REPRESENTATION_CONTEXT() REPRESENTATION_CONTEXT('2D SPACE',''
  ) );
#16545 = PCURVE('',#43,#16546);
#16546 = DEFINITIONAL_REPRESENTATION('',(#16547),#16551);
#16547 = ELLIPSE('',#16548,60.730843083321,3.05);
#16548 = AXIS2_PLACEMENT_2D('',#16549,#16550);
#16549 = CARTESIAN_POINT('',(-51.12959220218,-23.593));
#16550 = DIRECTION('',(1.,0.));
#16551 = ( GEOMETRIC_REPRESENTATION_CONTEXT(2) 
PARAMETRIC_REPRESENTATION_CONTEXT() REPRESENTATION_CONTEXT('2D SPACE',''
  ) );
#16552 = ORIENTED_EDGE('',*,*,#529,.T.);
#16553 = ADVANCED_FACE('',(#16554),#359,.F.);
#16554 = FACE_BOUND('',#16555,.T.);
#16555 = EDGE_LOOP('',(#16556,#16557,#16558,#16579));
#16556 = ORIENTED_EDGE('',*,*,#7699,.F.);
#16557 = ORIENTED_EDGE('',*,*,#345,.T.);
#16558 = ORIENTED_EDGE('',*,*,#16559,.T.);
#16559 = EDGE_CURVE('',#198,#7834,#16560,.T.);
#16560 = SURFACE_CURVE('',#16561,(#16565,#16572),.PCURVE_S1.);
#16561 = LINE('',#16562,#16563);
#16562 = CARTESIAN_POINT('',(-2.325,-21.7,7.625));
#16563 = VECTOR('',#16564,1.);
#16564 = DIRECTION('',(0.707106781187,0.,0.707106781187));
#16565 = PCURVE('',#359,#16566);
#16566 = DEFINITIONAL_REPRESENTATION('',(#16567),#16571);
#16567 = LINE('',#16568,#16569);
#16568 = CARTESIAN_POINT('',(-22.2,0.));
#16569 = VECTOR('',#16570,1.);
#16570 = DIRECTION('',(-0.,1.));
#16571 = ( GEOMETRIC_REPRESENTATION_CONTEXT(2) 
PARAMETRIC_REPRESENTATION_CONTEXT() REPRESENTATION_CONTEXT('2D SPACE',''
  ) );
#16572 = PCURVE('',#240,#16573);
#16573 = DEFINITIONAL_REPRESENTATION('',(#16574),#16578);
#16574 = LINE('',#16575,#16576);
#16575 = CARTESIAN_POINT('',(-0.,-0.175));
#16576 = VECTOR('',#16577,1.);
#16577 = DIRECTION('',(-0.,-1.));
#16578 = ( GEOMETRIC_REPRESENTATION_CONTEXT(2) 
PARAMETRIC_REPRESENTATION_CONTEXT() REPRESENTATION_CONTEXT('2D SPACE',''
  ) );
#16579 = ORIENTED_EDGE('',*,*,#7833,.F.);
#16580 = ADVANCED_FACE('',(#16581),#333,.T.);
#16581 = FACE_BOUND('',#16582,.T.);
#16582 = EDGE_LOOP('',(#16583,#16584,#16611,#16612));
#16583 = ORIENTED_EDGE('',*,*,#11089,.F.);
#16584 = ORIENTED_EDGE('',*,*,#16585,.F.);
#16585 = EDGE_CURVE('',#290,#11090,#16586,.T.);
#16586 = SURFACE_CURVE('',#16587,(#16592,#16604),.PCURVE_S1.);
#16587 = ELLIPSE('',#16588,2.101483545149,2.);
#16588 = AXIS2_PLACEMENT_3D('',#16589,#16590,#16591);
#16589 = CARTESIAN_POINT('',(-0.5,0.5,4.493548387097));
#16590 = DIRECTION('',(-0.307002779923,0.,-0.951708617761));
#16591 = DIRECTION('',(-0.951708617761,0.,0.307002779923));
#16592 = PCURVE('',#333,#16593);
#16593 = DEFINITIONAL_REPRESENTATION('',(#16594),#16603);
#16594 = B_SPLINE_CURVE_WITH_KNOTS('',7,(#16595,#16596,#16597,#16598,
    #16599,#16600,#16601,#16602),.UNSPECIFIED.,.F.,.F.,(8,8),(
    7.850462293419E-17,1.570796326795),.PIECEWISE_BEZIER_KNOTS.);
#16595 = CARTESIAN_POINT('',(1.570796326795,0.738709677419));
#16596 = CARTESIAN_POINT('',(1.346396851538,0.738709677419));
#16597 = CARTESIAN_POINT('',(1.121997376282,0.700807307994));
#16598 = CARTESIAN_POINT('',(0.897597901026,0.6250080675));
#16599 = CARTESIAN_POINT('',(0.673198425769,0.515965694048));
#16600 = CARTESIAN_POINT('',(0.448798950513,0.383095509238));
#16601 = CARTESIAN_POINT('',(0.224399475256,0.238322242101));
#16602 = CARTESIAN_POINT('',(5.551115123126E-17,9.354838709677E-02));
#16603 = ( GEOMETRIC_REPRESENTATION_CONTEXT(2) 
PARAMETRIC_REPRESENTATION_CONTEXT() REPRESENTATION_CONTEXT('2D SPACE',''
  ) );
#16604 = PCURVE('',#305,#16605);
#16605 = DEFINITIONAL_REPRESENTATION('',(#16606),#16610);
#16606 = ELLIPSE('',#16607,2.101483545149,2.);
#16607 = AXIS2_PLACEMENT_2D('',#16608,#16609);
#16608 = CARTESIAN_POINT('',(0.630445063545,-9.5));
#16609 = DIRECTION('',(1.,0.));
#16610 = ( GEOMETRIC_REPRESENTATION_CONTEXT(2) 
PARAMETRIC_REPRESENTATION_CONTEXT() REPRESENTATION_CONTEXT('2D SPACE',''
  ) );
#16611 = ORIENTED_EDGE('',*,*,#317,.T.);
#16612 = ORIENTED_EDGE('',*,*,#7677,.F.);
#16613 = ADVANCED_FACE('',(#16614),#305,.T.);
#16614 = FACE_BOUND('',#16615,.T.);
#16615 = EDGE_LOOP('',(#16616,#16617,#16618,#16619,#16620,#16621,#16622,
    #16623,#16624,#16625,#16626,#16627,#16628,#16629,#16630,#16655,
    #16656,#16657,#16658,#16659,#16660));
#16616 = ORIENTED_EDGE('',*,*,#15818,.F.);
#16617 = ORIENTED_EDGE('',*,*,#1804,.T.);
#16618 = ORIENTED_EDGE('',*,*,#15910,.F.);
#16619 = ORIENTED_EDGE('',*,*,#15941,.F.);
#16620 = ORIENTED_EDGE('',*,*,#16089,.T.);
#16621 = ORIENTED_EDGE('',*,*,#16111,.F.);
#16622 = ORIENTED_EDGE('',*,*,#16036,.F.);
#16623 = ORIENTED_EDGE('',*,*,#1399,.F.);
#16624 = ORIENTED_EDGE('',*,*,#16347,.F.);
#16625 = ORIENTED_EDGE('',*,*,#1139,.F.);
#16626 = ORIENTED_EDGE('',*,*,#16409,.F.);
#16627 = ORIENTED_EDGE('',*,*,#886,.F.);
#16628 = ORIENTED_EDGE('',*,*,#16498,.F.);
#16629 = ORIENTED_EDGE('',*,*,#663,.T.);
#16630 = ORIENTED_EDGE('',*,*,#16631,.F.);
#16631 = EDGE_CURVE('',#256,#664,#16632,.T.);
#16632 = SURFACE_CURVE('',#16633,(#16638,#16645),.PCURVE_S1.);
#16633 = ELLIPSE('',#16634,60.730843083321,3.05);
#16634 = AXIS2_PLACEMENT_3D('',#16635,#16636,#16637);
#16635 = CARTESIAN_POINT('',(48.760473521406,-7.743,-11.39692694238));
#16636 = DIRECTION('',(-0.307002779923,0.,-0.951708617761));
#16637 = DIRECTION('',(-0.951708617761,0.,0.307002779923));
#16638 = PCURVE('',#305,#16639);
#16639 = DEFINITIONAL_REPRESENTATION('',(#16640),#16644);
#16640 = ELLIPSE('',#16641,60.730843083321,3.05);
#16641 = AXIS2_PLACEMENT_2D('',#16642,#16643);
#16642 = CARTESIAN_POINT('',(-51.12959220218,-17.743));
#16643 = DIRECTION('',(1.,0.));
#16644 = ( GEOMETRIC_REPRESENTATION_CONTEXT(2) 
PARAMETRIC_REPRESENTATION_CONTEXT() REPRESENTATION_CONTEXT('2D SPACE',''
  ) );
#16645 = PCURVE('',#274,#16646);
#16646 = DEFINITIONAL_REPRESENTATION('',(#16647),#16654);
#16647 = B_SPLINE_CURVE_WITH_KNOTS('',5,(#16648,#16649,#16650,#16651,
    #16652,#16653),.UNSPECIFIED.,.F.,.F.,(6,6),(0.471581050497,
    0.524197211966),.PIECEWISE_BEZIER_KNOTS.);
#16648 = CARTESIAN_POINT('',(0.471581050497,-1.826057132429));
#16649 = CARTESIAN_POINT('',(0.482104282791,-2.116023988908));
#16650 = CARTESIAN_POINT('',(0.492627515085,-2.413470376832));
#16651 = CARTESIAN_POINT('',(0.503150747379,-2.718329399612));
#16652 = CARTESIAN_POINT('',(0.513673979673,-3.030530708514));
#16653 = CARTESIAN_POINT('',(0.524197211966,-3.3500006));
#16654 = ( GEOMETRIC_REPRESENTATION_CONTEXT(2) 
PARAMETRIC_REPRESENTATION_CONTEXT() REPRESENTATION_CONTEXT('2D SPACE',''
  ) );
#16655 = ORIENTED_EDGE('',*,*,#289,.F.);
#16656 = ORIENTED_EDGE('',*,*,#16585,.T.);
#16657 = ORIENTED_EDGE('',*,*,#11112,.T.);
#16658 = ORIENTED_EDGE('',*,*,#6129,.T.);
#16659 = ORIENTED_EDGE('',*,*,#11715,.T.);
#16660 = ORIENTED_EDGE('',*,*,#11760,.F.);
#16661 = ADVANCED_FACE('',(#16662),#274,.F.);
#16662 = FACE_BOUND('',#16663,.F.);
#16663 = EDGE_LOOP('',(#16664,#16665,#16666,#16667));
#16664 = ORIENTED_EDGE('',*,*,#255,.T.);
#16665 = ORIENTED_EDGE('',*,*,#505,.T.);
#16666 = ORIENTED_EDGE('',*,*,#684,.T.);
#16667 = ORIENTED_EDGE('',*,*,#16631,.F.);
#16668 = ADVANCED_FACE('',(#16669),#240,.T.);
#16669 = FACE_BOUND('',#16670,.T.);
#16670 = EDGE_LOOP('',(#16671,#16672,#16673,#16694));
#16671 = ORIENTED_EDGE('',*,*,#16559,.F.);
#16672 = ORIENTED_EDGE('',*,*,#225,.T.);
#16673 = ORIENTED_EDGE('',*,*,#16674,.T.);
#16674 = EDGE_CURVE('',#55,#7748,#16675,.T.);
#16675 = SURFACE_CURVE('',#16676,(#16680,#16687),.PCURVE_S1.);
#16676 = LINE('',#16677,#16678);
#16677 = CARTESIAN_POINT('',(-0.5,-23.525,7.625));
#16678 = VECTOR('',#16679,1.);
#16679 = DIRECTION('',(-0.,0.707106781187,0.707106781187));
#16680 = PCURVE('',#240,#16681);
#16681 = DEFINITIONAL_REPRESENTATION('',(#16682),#16686);
#16682 = LINE('',#16683,#16684);
#16683 = CARTESIAN_POINT('',(-1.570796326795,-0.175));
#16684 = VECTOR('',#16685,1.);
#16685 = DIRECTION('',(-0.,-1.));
#16686 = ( GEOMETRIC_REPRESENTATION_CONTEXT(2) 
PARAMETRIC_REPRESENTATION_CONTEXT() REPRESENTATION_CONTEXT('2D SPACE',''
  ) );
#16687 = PCURVE('',#98,#16688);
#16688 = DEFINITIONAL_REPRESENTATION('',(#16689),#16693);
#16689 = LINE('',#16690,#16691);
#16690 = CARTESIAN_POINT('',(4.440892098501E-16,-0.));
#16691 = VECTOR('',#16692,1.);
#16692 = DIRECTION('',(-0.,1.));
#16693 = ( GEOMETRIC_REPRESENTATION_CONTEXT(2) 
PARAMETRIC_REPRESENTATION_CONTEXT() REPRESENTATION_CONTEXT('2D SPACE',''
  ) );
#16694 = ORIENTED_EDGE('',*,*,#7856,.F.);
#16695 = ADVANCED_FACE('',(#16696),#98,.F.);
#16696 = FACE_BOUND('',#16697,.T.);
#16697 = EDGE_LOOP('',(#16698,#16699,#16700,#16701));
#16698 = ORIENTED_EDGE('',*,*,#16674,.F.);
#16699 = ORIENTED_EDGE('',*,*,#82,.T.);
#16700 = ORIENTED_EDGE('',*,*,#10774,.T.);
#16701 = ORIENTED_EDGE('',*,*,#7747,.F.);
#16702 = ADVANCED_FACE('',(#16703),#126,.T.);
#16703 = FACE_BOUND('',#16704,.T.);
#16704 = EDGE_LOOP('',(#16705,#16706,#16728,#16729));
#16705 = ORIENTED_EDGE('',*,*,#110,.F.);
#16706 = ORIENTED_EDGE('',*,*,#16707,.T.);
#16707 = EDGE_CURVE('',#111,#14094,#16708,.T.);
#16708 = SURFACE_CURVE('',#16709,(#16714,#16721),.PCURVE_S1.);
#16709 = CIRCLE('',#16710,2.);
#16710 = AXIS2_PLACEMENT_3D('',#16711,#16712,#16713);
#16711 = CARTESIAN_POINT('',(72.8,-21.7,4.4));
#16712 = DIRECTION('',(0.,0.,1.));
#16713 = DIRECTION('',(0.,-1.,0.));
#16714 = PCURVE('',#126,#16715);
#16715 = DEFINITIONAL_REPRESENTATION('',(#16716),#16720);
#16716 = LINE('',#16717,#16718);
#16717 = CARTESIAN_POINT('',(0.,0.));
#16718 = VECTOR('',#16719,1.);
#16719 = DIRECTION('',(1.,0.));
#16720 = ( GEOMETRIC_REPRESENTATION_CONTEXT(2) 
PARAMETRIC_REPRESENTATION_CONTEXT() REPRESENTATION_CONTEXT('2D SPACE',''
  ) );
#16721 = PCURVE('',#152,#16722);
#16722 = DEFINITIONAL_REPRESENTATION('',(#16723),#16727);
#16723 = CIRCLE('',#16724,2.);
#16724 = AXIS2_PLACEMENT_2D('',#16725,#16726);
#16725 = CARTESIAN_POINT('',(36.560414207808,-11.26297748524));
#16726 = DIRECTION('',(0.,-1.));
#16727 = ( GEOMETRIC_REPRESENTATION_CONTEXT(2) 
PARAMETRIC_REPRESENTATION_CONTEXT() REPRESENTATION_CONTEXT('2D SPACE',''
  ) );
#16728 = ORIENTED_EDGE('',*,*,#14093,.T.);
#16729 = ORIENTED_EDGE('',*,*,#10795,.F.);
#16730 = ADVANCED_FACE('',(#16731),#152,.F.);
#16731 = FACE_BOUND('',#16732,.F.);
#16732 = EDGE_LOOP('',(#16733,#16734,#16735,#16754,#16755,#16756,#16757,
    #16758,#16759,#16760,#16761,#16762,#16763,#16764,#16765,#16766,
    #16767,#16768,#16769,#16770,#16771,#16772,#16773,#16774,#16775,
    #16776,#16777,#16778,#16779,#16780,#16781,#16782,#16783,#16784,
    #16785));
#16733 = ORIENTED_EDGE('',*,*,#2644,.T.);
#16734 = ORIENTED_EDGE('',*,*,#2495,.T.);
#16735 = ORIENTED_EDGE('',*,*,#16736,.T.);
#16736 = EDGE_CURVE('',#2496,#22,#16737,.T.);
#16737 = SURFACE_CURVE('',#16738,(#16742,#16748),.PCURVE_S1.);
#16738 = LINE('',#16739,#16740);
#16739 = CARTESIAN_POINT('',(-0.21,-0.21851125738,4.4));
#16740 = VECTOR('',#16741,1.);
#16741 = DIRECTION('',(0.,-1.,0.));
#16742 = PCURVE('',#152,#16743);
#16743 = DEFINITIONAL_REPRESENTATION('',(#16744),#16747);
#16744 = B_SPLINE_CURVE_WITH_KNOTS('',1,(#16745,#16746),.UNSPECIFIED.,
  .F.,.F.,(2,2),(17.58148874262,23.48148874262),
  .PIECEWISE_BEZIER_KNOTS.);
#16745 = CARTESIAN_POINT('',(-36.44958579219,-7.36297748524));
#16746 = CARTESIAN_POINT('',(-36.44958579219,-13.26297748524));
#16747 = ( GEOMETRIC_REPRESENTATION_CONTEXT(2) 
PARAMETRIC_REPRESENTATION_CONTEXT() REPRESENTATION_CONTEXT('2D SPACE',''
  ) );
#16748 = PCURVE('',#43,#16749);
#16749 = DEFINITIONAL_REPRESENTATION('',(#16750),#16753);
#16750 = B_SPLINE_CURVE_WITH_KNOTS('',1,(#16751,#16752),.UNSPECIFIED.,
  .F.,.F.,(2,2),(17.58148874262,23.48148874262),
  .PIECEWISE_BEZIER_KNOTS.);
#16751 = CARTESIAN_POINT('',(0.325729949498,-27.8));
#16752 = CARTESIAN_POINT('',(0.325729949498,-33.7));
#16753 = ( GEOMETRIC_REPRESENTATION_CONTEXT(2) 
PARAMETRIC_REPRESENTATION_CONTEXT() REPRESENTATION_CONTEXT('2D SPACE',''
  ) );
#16754 = ORIENTED_EDGE('',*,*,#138,.T.);
#16755 = ORIENTED_EDGE('',*,*,#16707,.T.);
#16756 = ORIENTED_EDGE('',*,*,#14122,.T.);
#16757 = ORIENTED_EDGE('',*,*,#5596,.T.);
#16758 = ORIENTED_EDGE('',*,*,#5422,.F.);
#16759 = ORIENTED_EDGE('',*,*,#4944,.F.);
#16760 = ORIENTED_EDGE('',*,*,#5013,.T.);
#16761 = ORIENTED_EDGE('',*,*,#5148,.T.);
#16762 = ORIENTED_EDGE('',*,*,#5392,.F.);
#16763 = ORIENTED_EDGE('',*,*,#4747,.T.);
#16764 = ORIENTED_EDGE('',*,*,#4643,.F.);
#16765 = ORIENTED_EDGE('',*,*,#14226,.T.);
#16766 = ORIENTED_EDGE('',*,*,#4411,.T.);
#16767 = ORIENTED_EDGE('',*,*,#4209,.T.);
#16768 = ORIENTED_EDGE('',*,*,#4159,.F.);
#16769 = ORIENTED_EDGE('',*,*,#14328,.T.);
#16770 = ORIENTED_EDGE('',*,*,#3927,.T.);
#16771 = ORIENTED_EDGE('',*,*,#3647,.T.);
#16772 = ORIENTED_EDGE('',*,*,#14380,.F.);
#16773 = ORIENTED_EDGE('',*,*,#14425,.T.);
#16774 = ORIENTED_EDGE('',*,*,#14521,.T.);
#16775 = ORIENTED_EDGE('',*,*,#3746,.T.);
#16776 = ORIENTED_EDGE('',*,*,#3576,.F.);
#16777 = ORIENTED_EDGE('',*,*,#14625,.T.);
#16778 = ORIENTED_EDGE('',*,*,#3344,.T.);
#16779 = ORIENTED_EDGE('',*,*,#3065,.T.);
#16780 = ORIENTED_EDGE('',*,*,#14671,.T.);
#16781 = ORIENTED_EDGE('',*,*,#14834,.T.);
#16782 = ORIENTED_EDGE('',*,*,#15127,.F.);
#16783 = ORIENTED_EDGE('',*,*,#3164,.T.);
#16784 = ORIENTED_EDGE('',*,*,#2992,.F.);
#16785 = ORIENTED_EDGE('',*,*,#15186,.T.);
#16786 = ADVANCED_FACE('',(#16787),#43,.T.);
#16787 = FACE_BOUND('',#16788,.T.);
#16788 = EDGE_LOOP('',(#16789,#16790,#16791,#16792,#16793,#16794,#16795,
    #16796,#16797,#16798,#16799,#16800,#16801,#16802,#16803,#16804,
    #16805,#16806,#16807,#16808,#16809));
#16789 = ORIENTED_EDGE('',*,*,#2516,.F.);
#16790 = ORIENTED_EDGE('',*,*,#16736,.T.);
#16791 = ORIENTED_EDGE('',*,*,#21,.T.);
#16792 = ORIENTED_EDGE('',*,*,#168,.T.);
#16793 = ORIENTED_EDGE('',*,*,#372,.T.);
#16794 = ORIENTED_EDGE('',*,*,#16528,.F.);
#16795 = ORIENTED_EDGE('',*,*,#556,.T.);
#16796 = ORIENTED_EDGE('',*,*,#714,.F.);
#16797 = ORIENTED_EDGE('',*,*,#955,.F.);
#16798 = ORIENTED_EDGE('',*,*,#16438,.F.);
#16799 = ORIENTED_EDGE('',*,*,#1215,.F.);
#16800 = ORIENTED_EDGE('',*,*,#16376,.F.);
#16801 = ORIENTED_EDGE('',*,*,#1475,.F.);
#16802 = ORIENTED_EDGE('',*,*,#16142,.F.);
#16803 = ORIENTED_EDGE('',*,*,#16267,.F.);
#16804 = ORIENTED_EDGE('',*,*,#16320,.T.);
#16805 = ORIENTED_EDGE('',*,*,#16237,.F.);
#16806 = ORIENTED_EDGE('',*,*,#1657,.F.);
#16807 = ORIENTED_EDGE('',*,*,#1983,.T.);
#16808 = ORIENTED_EDGE('',*,*,#2273,.T.);
#16809 = ORIENTED_EDGE('',*,*,#2400,.F.);
#16810 = ( GEOMETRIC_REPRESENTATION_CONTEXT(3) 
GLOBAL_UNCERTAINTY_ASSIGNED_CONTEXT((#16814)) 
GLOBAL_UNIT_ASSIGNED_CONTEXT((#16811,#16812,#16813)) 
REPRESENTATION_CONTEXT('Context #1',
  '3D Context with UNIT and UNCERTAINTY') );
#16811 = ( LENGTH_UNIT() NAMED_UNIT(*) SI_UNIT(.MILLI.,.METRE.) );
#16812 = ( NAMED_UNIT(*) PLANE_ANGLE_UNIT() SI_UNIT($,.RADIAN.) );
#16813 = ( NAMED_UNIT(*) SI_UNIT($,.STERADIAN.) SOLID_ANGLE_UNIT() );
#16814 = UNCERTAINTY_MEASURE_WITH_UNIT(LENGTH_MEASURE(2.E-07),#16811,
  'distance_accuracy_value','confusion accuracy');
#16815 = PRODUCT_RELATED_PRODUCT_CATEGORY('part',$,(#7));
ENDSEC;
END-ISO-10303-21;
