ISO-10303-21;
HEADER;
FILE_DESCRIPTION(('Open CASCADE Model'),'2;1');
FILE_NAME('Open CASCADE Shape Model','2026-09-28T19:52:31',('Author'),(
    'Open CASCADE'),'Open CASCADE STEP processor 7.9','Open CASCADE 7.9'
  ,'Unknown');
FILE_SCHEMA(('AUTOMOTIVE_DESIGN { 1 0 10303 214 1 1 1 1 }'));
ENDSEC;
DATA;
#1 = APPLICATION_PROTOCOL_DEFINITION('international standard',
  'automotive_design',2000,#2);
#2 = APPLICATION_CONTEXT(
  'core data for automotive mechanical design processes');
#3 = SHAPE_DEFINITION_REPRESENTATION(#4,#10);
#4 = PRODUCT_DEFINITION_SHAPE('','',#5);
#5 = PRODUCT_DEFINITION('design','',#6,#9);
#6 = PRODUCT_DEFINITION_FORMATION('','',#7);
#7 = PRODUCT('Open CASCADE STEP translator 7.9 6',
  'Open CASCADE STEP translator 7.9 6','',(#8));
#8 = PRODUCT_CONTEXT('',#2,'mechanical');
#9 = PRODUCT_DEFINITION_CONTEXT('part definition',#2,'design');
#10 = ADVANCED_BREP_SHAPE_REPRESENTATION('',(#11,#15),#13369);
#11 = AXIS2_PLACEMENT_3D('',#12,#13,#14);
#12 = CARTESIAN_POINT('',(0.,0.,0.));
#13 = DIRECTION('',(0.,0.,1.));
#14 = DIRECTION('',(1.,0.,-0.));
#15 = MANIFOLD_SOLID_BREP('',#16);
#16 = CLOSED_SHELL('',(#17,#163,#251,#451,#525,#709,#794,#973,#1047,
    #1233,#1307,#1493,#1567,#1653,#1770,#2057,#2139,#2208,#2236,#2268,
    #2367,#2441,#2536,#2667,#2799,#2870,#2919,#3018,#3091,#3221,#3297,
    #3415,#3588,#3718,#3794,#3913,#3988,#4118,#4194,#4312,#4387,#4460,
    #4588,#4663,#4783,#5620,#5696,#5848,#5903,#5907,#5934,#5961,#5988,
    #6015,#6022,#6099,#6186,#6262,#6340,#6416,#6498,#6574,#6645,#7213,
    #7289,#7369,#7440,#7524,#7579,#7583,#7608,#7636,#7690,#7840,#7972,
    #8042,#8091,#8140,#8167,#8196,#8250,#8299,#8353,#8481,#8613,#8684,
    #8733,#8781,#8808,#8837,#8910,#8990,#9064,#9133,#9178,#9204,#9230,
    #9237,#9291,#9361,#9388,#9415,#9442,#9469,#9496,#9544,#9639,#9706,
    #9810,#9881,#9929,#9956,#10004,#10078,#10147,#10174,#10199,#10250,
    #10354,#10425,#10473,#10500,#10548,#10647,#10722,#10746,#10852,
    #10923,#10971,#10998,#11098,#11145,#11197,#11248,#11275,#11300,
    #11353,#11379,#11405,#11431,#11457,#11532,#11602,#11629,#11655,
    #11681,#11707,#11734,#11763,#11989,#12065,#12141,#12217,#12287,
    #12316,#12343,#12352,#12379,#12405,#12437,#12500,#12626,#12673,
    #12703,#12829,#12882,#12906,#12937,#12968,#12999,#13030,#13057,
    #13088,#13119,#13146,#13179,#13227,#13234,#13261,#13268,#13296,
    #13345));
#17 = ADVANCED_FACE('',(#18),#32,.F.);
#18 = FACE_BOUND('',#19,.F.);
#19 = EDGE_LOOP('',(#20,#53,#81,#109,#137));
#20 = ORIENTED_EDGE('',*,*,#21,.T.);
#21 = EDGE_CURVE('',#22,#24,#26,.T.);
#22 = VERTEX_POINT('',#23);
#23 = CARTESIAN_POINT('',(-0.21,-23.7,4.4));
#24 = VERTEX_POINT('',#25);
#25 = CARTESIAN_POINT('',(-0.5,-23.7,4.493548387097));
#26 = SURFACE_CURVE('',#27,(#31,#42),.PCURVE_S1.);
#27 = LINE('',#28,#29);
#28 = CARTESIAN_POINT('',(-1.092082940622,-23.7,4.684542884072));
#29 = VECTOR('',#30,1.);
#30 = DIRECTION('',(-0.951708617761,0.,0.307002779923));
#31 = PCURVE('',#32,#37);
#32 = PLANE('',#33);
#33 = AXIS2_PLACEMENT_3D('',#34,#35,#36);
#34 = CARTESIAN_POINT('',(-2.5,-23.7,4.4));
#35 = DIRECTION('',(0.,1.,0.));
#36 = DIRECTION('',(1.,0.,0.));
#37 = DEFINITIONAL_REPRESENTATION('',(#38),#41);
#38 = B_SPLINE_CURVE_WITH_KNOTS('',1,(#39,#40),.UNSPECIFIED.,.F.,.F.,(2,
    2),(-0.926841392587,-0.62212627854),.PIECEWISE_BEZIER_KNOTS.);
#39 = CARTESIAN_POINT('',(2.29,1.110223024625E-16));
#40 = CARTESIAN_POINT('',(2.,-9.354838709677E-02));
#41 = ( GEOMETRIC_REPRESENTATION_CONTEXT(2) 
PARAMETRIC_REPRESENTATION_CONTEXT() REPRESENTATION_CONTEXT('2D SPACE',''
  ) );
#42 = PCURVE('',#43,#48);
#43 = PLANE('',#44);
#44 = AXIS2_PLACEMENT_3D('',#45,#46,#47);
#45 = CARTESIAN_POINT('',(0.1,10.,4.3));
#46 = DIRECTION('',(-0.307002779923,-0.,-0.951708617761));
#47 = DIRECTION('',(-0.951708617761,0.,0.307002779923));
#48 = DEFINITIONAL_REPRESENTATION('',(#49),#52);
#49 = B_SPLINE_CURVE_WITH_KNOTS('',1,(#50,#51),.UNSPECIFIED.,.F.,.F.,(2,
    2),(-0.926841392587,-0.62212627854),.PIECEWISE_BEZIER_KNOTS.);
#50 = CARTESIAN_POINT('',(0.325729949498,-33.7));
#51 = CARTESIAN_POINT('',(0.630445063545,-33.7));
#52 = ( GEOMETRIC_REPRESENTATION_CONTEXT(2) 
PARAMETRIC_REPRESENTATION_CONTEXT() REPRESENTATION_CONTEXT('2D SPACE',''
  ) );
#53 = ORIENTED_EDGE('',*,*,#54,.T.);
#54 = EDGE_CURVE('',#24,#55,#57,.T.);
#55 = VERTEX_POINT('',#56);
#56 = CARTESIAN_POINT('',(-0.5,-23.7,7.85));
#57 = SURFACE_CURVE('',#58,(#62,#69),.PCURVE_S1.);
#58 = LINE('',#59,#60);
#59 = CARTESIAN_POINT('',(-0.5,-23.7,4.4));
#60 = VECTOR('',#61,1.);
#61 = DIRECTION('',(0.,0.,1.));
#62 = PCURVE('',#32,#63);
#63 = DEFINITIONAL_REPRESENTATION('',(#64),#68);
#64 = LINE('',#65,#66);
#65 = CARTESIAN_POINT('',(2.,0.));
#66 = VECTOR('',#67,1.);
#67 = DIRECTION('',(0.,-1.));
#68 = ( GEOMETRIC_REPRESENTATION_CONTEXT(2) 
PARAMETRIC_REPRESENTATION_CONTEXT() REPRESENTATION_CONTEXT('2D SPACE',''
  ) );
#69 = PCURVE('',#70,#75);
#70 = CYLINDRICAL_SURFACE('',#71,2.);
#71 = AXIS2_PLACEMENT_3D('',#72,#73,#74);
#72 = CARTESIAN_POINT('',(-0.5,-21.7,4.4));
#73 = DIRECTION('',(0.,0.,1.));
#74 = DIRECTION('',(0.,-1.,0.));
#75 = DEFINITIONAL_REPRESENTATION('',(#76),#80);
#76 = LINE('',#77,#78);
#77 = CARTESIAN_POINT('',(-0.,0.));
#78 = VECTOR('',#79,1.);
#79 = DIRECTION('',(-0.,1.));
#80 = ( GEOMETRIC_REPRESENTATION_CONTEXT(2) 
PARAMETRIC_REPRESENTATION_CONTEXT() REPRESENTATION_CONTEXT('2D SPACE',''
  ) );
#81 = ORIENTED_EDGE('',*,*,#82,.T.);
#82 = EDGE_CURVE('',#55,#83,#85,.T.);
#83 = VERTEX_POINT('',#84);
#84 = CARTESIAN_POINT('',(71.6,-23.7,7.85));
#85 = SURFACE_CURVE('',#86,(#90,#97),.PCURVE_S1.);
#86 = LINE('',#87,#88);
#87 = CARTESIAN_POINT('',(-0.5,-23.7,7.85));
#88 = VECTOR('',#89,1.);
#89 = DIRECTION('',(1.,0.,0.));
#90 = PCURVE('',#32,#91);
#91 = DEFINITIONAL_REPRESENTATION('',(#92),#96);
#92 = LINE('',#93,#94);
#93 = CARTESIAN_POINT('',(2.,-3.45));
#94 = VECTOR('',#95,1.);
#95 = DIRECTION('',(1.,0.));
#96 = ( GEOMETRIC_REPRESENTATION_CONTEXT(2) 
PARAMETRIC_REPRESENTATION_CONTEXT() REPRESENTATION_CONTEXT('2D SPACE',''
  ) );
#97 = PCURVE('',#98,#103);
#98 = PLANE('',#99);
#99 = AXIS2_PLACEMENT_3D('',#100,#101,#102);
#100 = CARTESIAN_POINT('',(-0.5,-23.525,8.025));
#101 = DIRECTION('',(3.473694424484E-18,0.707106781187,-0.707106781187)
  );
#102 = DIRECTION('',(-1.,2.456272883323E-18,-2.456272883323E-18));
#103 = DEFINITIONAL_REPRESENTATION('',(#104),#108);
#104 = LINE('',#105,#106);
#105 = CARTESIAN_POINT('',(-4.814824860968E-34,-0.247487373415));
#106 = VECTOR('',#107,1.);
#107 = DIRECTION('',(-1.,0.));
#108 = ( GEOMETRIC_REPRESENTATION_CONTEXT(2) 
PARAMETRIC_REPRESENTATION_CONTEXT() REPRESENTATION_CONTEXT('2D SPACE',''
  ) );
#109 = ORIENTED_EDGE('',*,*,#110,.F.);
#110 = EDGE_CURVE('',#111,#83,#113,.T.);
#111 = VERTEX_POINT('',#112);
#112 = CARTESIAN_POINT('',(71.6,-23.7,4.4));
#113 = SURFACE_CURVE('',#114,(#118,#125),.PCURVE_S1.);
#114 = LINE('',#115,#116);
#115 = CARTESIAN_POINT('',(71.6,-23.7,4.4));
#116 = VECTOR('',#117,1.);
#117 = DIRECTION('',(0.,0.,1.));
#118 = PCURVE('',#32,#119);
#119 = DEFINITIONAL_REPRESENTATION('',(#120),#124);
#120 = LINE('',#121,#122);
#121 = CARTESIAN_POINT('',(74.1,0.));
#122 = VECTOR('',#123,1.);
#123 = DIRECTION('',(0.,-1.));
#124 = ( GEOMETRIC_REPRESENTATION_CONTEXT(2) 
PARAMETRIC_REPRESENTATION_CONTEXT() REPRESENTATION_CONTEXT('2D SPACE',''
  ) );
#125 = PCURVE('',#126,#131);
#126 = CYLINDRICAL_SURFACE('',#127,2.);
#127 = AXIS2_PLACEMENT_3D('',#128,#129,#130);
#128 = CARTESIAN_POINT('',(71.6,-21.7,4.4));
#129 = DIRECTION('',(0.,0.,1.));
#130 = DIRECTION('',(0.,-1.,0.));
#131 = DEFINITIONAL_REPRESENTATION('',(#132),#136);
#132 = LINE('',#133,#134);
#133 = CARTESIAN_POINT('',(0.,0.));
#134 = VECTOR('',#135,1.);
#135 = DIRECTION('',(0.,1.));
#136 = ( GEOMETRIC_REPRESENTATION_CONTEXT(2) 
PARAMETRIC_REPRESENTATION_CONTEXT() REPRESENTATION_CONTEXT('2D SPACE',''
  ) );
#137 = ORIENTED_EDGE('',*,*,#138,.F.);
#138 = EDGE_CURVE('',#22,#111,#139,.T.);
#139 = SURFACE_CURVE('',#140,(#144,#151),.PCURVE_S1.);
#140 = LINE('',#141,#142);
#141 = CARTESIAN_POINT('',(-2.5,-23.7,4.4));
#142 = VECTOR('',#143,1.);
#143 = DIRECTION('',(1.,0.,0.));
#144 = PCURVE('',#32,#145);
#145 = DEFINITIONAL_REPRESENTATION('',(#146),#150);
#146 = LINE('',#147,#148);
#147 = CARTESIAN_POINT('',(0.,0.));
#148 = VECTOR('',#149,1.);
#149 = DIRECTION('',(1.,0.));
#150 = ( GEOMETRIC_REPRESENTATION_CONTEXT(2) 
PARAMETRIC_REPRESENTATION_CONTEXT() REPRESENTATION_CONTEXT('2D SPACE',''
  ) );
#151 = PCURVE('',#152,#157);
#152 = PLANE('',#153);
#153 = AXIS2_PLACEMENT_3D('',#154,#155,#156);
#154 = CARTESIAN_POINT('',(36.389065537322,-9.811003159411,4.4));
#155 = DIRECTION('',(0.,0.,1.));
#156 = DIRECTION('',(1.,0.,-0.));
#157 = DEFINITIONAL_REPRESENTATION('',(#158),#162);
#158 = LINE('',#159,#160);
#159 = CARTESIAN_POINT('',(-38.88906553732,-13.88899684058));
#160 = VECTOR('',#161,1.);
#161 = DIRECTION('',(1.,0.));
#162 = ( GEOMETRIC_REPRESENTATION_CONTEXT(2) 
PARAMETRIC_REPRESENTATION_CONTEXT() REPRESENTATION_CONTEXT('2D SPACE',''
  ) );
#163 = ADVANCED_FACE('',(#164),#70,.T.);
#164 = FACE_BOUND('',#165,.F.);
#165 = EDGE_LOOP('',(#166,#167,#196,#224));
#166 = ORIENTED_EDGE('',*,*,#54,.F.);
#167 = ORIENTED_EDGE('',*,*,#168,.T.);
#168 = EDGE_CURVE('',#24,#169,#171,.T.);
#169 = VERTEX_POINT('',#170);
#170 = CARTESIAN_POINT('',(-2.5,-21.7,5.138709677419));
#171 = SURFACE_CURVE('',#172,(#177,#189),.PCURVE_S1.);
#172 = ELLIPSE('',#173,2.101483545149,2.);
#173 = AXIS2_PLACEMENT_3D('',#174,#175,#176);
#174 = CARTESIAN_POINT('',(-0.5,-21.7,4.493548387097));
#175 = DIRECTION('',(-0.307002779923,0.,-0.951708617761));
#176 = DIRECTION('',(-0.951708617761,0.,0.307002779923));
#177 = PCURVE('',#70,#178);
#178 = DEFINITIONAL_REPRESENTATION('',(#179),#188);
#179 = B_SPLINE_CURVE_WITH_KNOTS('',7,(#180,#181,#182,#183,#184,#185,
    #186,#187),.UNSPECIFIED.,.F.,.F.,(8,8),(4.712388980385,6.28318530718
    ),.PIECEWISE_BEZIER_KNOTS.);
#180 = CARTESIAN_POINT('',(0.,9.354838709677E-02));
#181 = CARTESIAN_POINT('',(-0.224399475256,0.238322242101));
#182 = CARTESIAN_POINT('',(-0.448798950513,0.383095509238));
#183 = CARTESIAN_POINT('',(-0.673198425769,0.515965694048));
#184 = CARTESIAN_POINT('',(-0.897597901026,0.6250080675));
#185 = CARTESIAN_POINT('',(-1.121997376282,0.700807307994));
#186 = CARTESIAN_POINT('',(-1.346396851538,0.738709677419));
#187 = CARTESIAN_POINT('',(-1.570796326795,0.738709677419));
#188 = ( GEOMETRIC_REPRESENTATION_CONTEXT(2) 
PARAMETRIC_REPRESENTATION_CONTEXT() REPRESENTATION_CONTEXT('2D SPACE',''
  ) );
#189 = PCURVE('',#43,#190);
#190 = DEFINITIONAL_REPRESENTATION('',(#191),#195);
#191 = ELLIPSE('',#192,2.101483545149,2.);
#192 = AXIS2_PLACEMENT_2D('',#193,#194);
#193 = CARTESIAN_POINT('',(0.630445063545,-31.7));
#194 = DIRECTION('',(1.,0.));
#195 = ( GEOMETRIC_REPRESENTATION_CONTEXT(2) 
PARAMETRIC_REPRESENTATION_CONTEXT() REPRESENTATION_CONTEXT('2D SPACE',''
  ) );
#196 = ORIENTED_EDGE('',*,*,#197,.T.);
#197 = EDGE_CURVE('',#169,#198,#200,.T.);
#198 = VERTEX_POINT('',#199);
#199 = CARTESIAN_POINT('',(-2.5,-21.7,7.85));
#200 = SURFACE_CURVE('',#201,(#205,#212),.PCURVE_S1.);
#201 = LINE('',#202,#203);
#202 = CARTESIAN_POINT('',(-2.5,-21.7,4.4));
#203 = VECTOR('',#204,1.);
#204 = DIRECTION('',(0.,0.,1.));
#205 = PCURVE('',#70,#206);
#206 = DEFINITIONAL_REPRESENTATION('',(#207),#211);
#207 = LINE('',#208,#209);
#208 = CARTESIAN_POINT('',(-1.570796326795,0.));
#209 = VECTOR('',#210,1.);
#210 = DIRECTION('',(-0.,1.));
#211 = ( GEOMETRIC_REPRESENTATION_CONTEXT(2) 
PARAMETRIC_REPRESENTATION_CONTEXT() REPRESENTATION_CONTEXT('2D SPACE',''
  ) );
#212 = PCURVE('',#213,#218);
#213 = PLANE('',#214);
#214 = AXIS2_PLACEMENT_3D('',#215,#216,#217);
#215 = CARTESIAN_POINT('',(-2.5,-18.3,4.4));
#216 = DIRECTION('',(1.,0.,0.));
#217 = DIRECTION('',(0.,0.,1.));
#218 = DEFINITIONAL_REPRESENTATION('',(#219),#223);
#219 = LINE('',#220,#221);
#220 = CARTESIAN_POINT('',(0.,3.4));
#221 = VECTOR('',#222,1.);
#222 = DIRECTION('',(1.,0.));
#223 = ( GEOMETRIC_REPRESENTATION_CONTEXT(2) 
PARAMETRIC_REPRESENTATION_CONTEXT() REPRESENTATION_CONTEXT('2D SPACE',''
  ) );
#224 = ORIENTED_EDGE('',*,*,#225,.T.);
#225 = EDGE_CURVE('',#198,#55,#226,.T.);
#226 = SURFACE_CURVE('',#227,(#232,#239),.PCURVE_S1.);
#227 = CIRCLE('',#228,2.);
#228 = AXIS2_PLACEMENT_3D('',#229,#230,#231);
#229 = CARTESIAN_POINT('',(-0.5,-21.7,7.85));
#230 = DIRECTION('',(0.,0.,1.));
#231 = DIRECTION('',(-1.,0.,0.));
#232 = PCURVE('',#70,#233);
#233 = DEFINITIONAL_REPRESENTATION('',(#234),#238);
#234 = LINE('',#235,#236);
#235 = CARTESIAN_POINT('',(-1.570796326795,3.45));
#236 = VECTOR('',#237,1.);
#237 = DIRECTION('',(1.,-0.));
#238 = ( GEOMETRIC_REPRESENTATION_CONTEXT(2) 
PARAMETRIC_REPRESENTATION_CONTEXT() REPRESENTATION_CONTEXT('2D SPACE',''
  ) );
#239 = PCURVE('',#240,#245);
#240 = CONICAL_SURFACE('',#241,2.,0.785398163397);
#241 = AXIS2_PLACEMENT_3D('',#242,#243,#244);
#242 = CARTESIAN_POINT('',(-0.5,-21.7,7.85));
#243 = DIRECTION('',(-0.,-0.,-1.));
#244 = DIRECTION('',(-1.,0.,0.));
#245 = DEFINITIONAL_REPRESENTATION('',(#246),#250);
#246 = LINE('',#247,#248);
#247 = CARTESIAN_POINT('',(-0.,-0.));
#248 = VECTOR('',#249,1.);
#249 = DIRECTION('',(-1.,-0.));
#250 = ( GEOMETRIC_REPRESENTATION_CONTEXT(2) 
PARAMETRIC_REPRESENTATION_CONTEXT() REPRESENTATION_CONTEXT('2D SPACE',''
  ) );
#251 = ADVANCED_FACE('',(#252),#213,.F.);
#252 = FACE_BOUND('',#253,.F.);
#253 = EDGE_LOOP('',(#254,#288,#316,#344,#370,#371,#394,#426));
#254 = ORIENTED_EDGE('',*,*,#255,.F.);
#255 = EDGE_CURVE('',#256,#258,#260,.T.);
#256 = VERTEX_POINT('',#257);
#257 = CARTESIAN_POINT('',(-2.5,-6.333953536577,5.138709677419));
#258 = VERTEX_POINT('',#259);
#259 = CARTESIAN_POINT('',(-2.5,-7.743,5.495867891559));
#260 = SURFACE_CURVE('',#261,(#266,#273),.PCURVE_S1.);
#261 = ELLIPSE('',#262,3.157592350251,3.05);
#262 = AXIS2_PLACEMENT_3D('',#263,#264,#265);
#263 = CARTESIAN_POINT('',(-2.5,-7.743,2.338275541309));
#264 = DIRECTION('',(1.,0.,0.));
#265 = DIRECTION('',(-0.,0.,1.));
#266 = PCURVE('',#213,#267);
#267 = DEFINITIONAL_REPRESENTATION('',(#268),#272);
#268 = ELLIPSE('',#269,3.157592350251,3.05);
#269 = AXIS2_PLACEMENT_2D('',#270,#271);
#270 = CARTESIAN_POINT('',(-2.061724458691,-10.557));
#271 = DIRECTION('',(1.,0.));
#272 = ( GEOMETRIC_REPRESENTATION_CONTEXT(2) 
PARAMETRIC_REPRESENTATION_CONTEXT() REPRESENTATION_CONTEXT('2D SPACE',''
  ) );
#273 = PCURVE('',#274,#279);
#274 = CYLINDRICAL_SURFACE('',#275,3.05);
#275 = AXIS2_PLACEMENT_3D('',#276,#277,#278);
#276 = CARTESIAN_POINT('',(-5.196071929189,-7.743,3.060685837471));
#277 = DIRECTION('',(-0.965925826289,0.,0.258819045103));
#278 = DIRECTION('',(0.258819045103,2.912060392459E-16,0.965925826289));
#279 = DEFINITIONAL_REPRESENTATION('',(#280),#287);
#280 = B_SPLINE_CURVE_WITH_KNOTS('',5,(#281,#282,#283,#284,#285,#286),
  .UNSPECIFIED.,.F.,.F.,(6,6),(5.710213810628,6.28318530718),
  .PIECEWISE_BEZIER_KNOTS.);
#281 = CARTESIAN_POINT('',(0.572971496551,-2.104453155617));
#282 = CARTESIAN_POINT('',(0.458377197241,-2.053681673421));
#283 = CARTESIAN_POINT('',(0.343782897931,-2.014181839389));
#284 = CARTESIAN_POINT('',(0.229188598621,-1.987348092095));
#285 = CARTESIAN_POINT('',(0.11459429931,-1.973934012047));
#286 = CARTESIAN_POINT('',(0.,-1.973934012047));
#287 = ( GEOMETRIC_REPRESENTATION_CONTEXT(2) 
PARAMETRIC_REPRESENTATION_CONTEXT() REPRESENTATION_CONTEXT('2D SPACE',''
  ) );
#288 = ORIENTED_EDGE('',*,*,#289,.F.);
#289 = EDGE_CURVE('',#290,#256,#292,.T.);
#290 = VERTEX_POINT('',#291);
#291 = CARTESIAN_POINT('',(-2.5,0.5,5.138709677419));
#292 = SURFACE_CURVE('',#293,(#297,#304),.PCURVE_S1.);
#293 = LINE('',#294,#295);
#294 = CARTESIAN_POINT('',(-2.5,0.5,5.138709677419));
#295 = VECTOR('',#296,1.);
#296 = DIRECTION('',(6.498276692594E-17,-1.,0.));
#297 = PCURVE('',#213,#298);
#298 = DEFINITIONAL_REPRESENTATION('',(#299),#303);
#299 = LINE('',#300,#301);
#300 = CARTESIAN_POINT('',(0.738709677419,-18.8));
#301 = VECTOR('',#302,1.);
#302 = DIRECTION('',(0.,1.));
#303 = ( GEOMETRIC_REPRESENTATION_CONTEXT(2) 
PARAMETRIC_REPRESENTATION_CONTEXT() REPRESENTATION_CONTEXT('2D SPACE',''
  ) );
#304 = PCURVE('',#305,#310);
#305 = PLANE('',#306);
#306 = AXIS2_PLACEMENT_3D('',#307,#308,#309);
#307 = CARTESIAN_POINT('',(0.1,10.,4.3));
#308 = DIRECTION('',(-0.307002779923,-0.,-0.951708617761));
#309 = DIRECTION('',(-0.951708617761,0.,0.307002779923));
#310 = DEFINITIONAL_REPRESENTATION('',(#311),#315);
#311 = LINE('',#312,#313);
#312 = CARTESIAN_POINT('',(2.731928608693,-9.5));
#313 = VECTOR('',#314,1.);
#314 = DIRECTION('',(-6.184465928934E-17,-1.));
#315 = ( GEOMETRIC_REPRESENTATION_CONTEXT(2) 
PARAMETRIC_REPRESENTATION_CONTEXT() REPRESENTATION_CONTEXT('2D SPACE',''
  ) );
#316 = ORIENTED_EDGE('',*,*,#317,.T.);
#317 = EDGE_CURVE('',#290,#318,#320,.T.);
#318 = VERTEX_POINT('',#319);
#319 = CARTESIAN_POINT('',(-2.5,0.5,7.85));
#320 = SURFACE_CURVE('',#321,(#325,#332),.PCURVE_S1.);
#321 = LINE('',#322,#323);
#322 = CARTESIAN_POINT('',(-2.5,0.5,4.4));
#323 = VECTOR('',#324,1.);
#324 = DIRECTION('',(0.,0.,1.));
#325 = PCURVE('',#213,#326);
#326 = DEFINITIONAL_REPRESENTATION('',(#327),#331);
#327 = LINE('',#328,#329);
#328 = CARTESIAN_POINT('',(0.,-18.8));
#329 = VECTOR('',#330,1.);
#330 = DIRECTION('',(1.,0.));
#331 = ( GEOMETRIC_REPRESENTATION_CONTEXT(2) 
PARAMETRIC_REPRESENTATION_CONTEXT() REPRESENTATION_CONTEXT('2D SPACE',''
  ) );
#332 = PCURVE('',#333,#338);
#333 = CYLINDRICAL_SURFACE('',#334,2.);
#334 = AXIS2_PLACEMENT_3D('',#335,#336,#337);
#335 = CARTESIAN_POINT('',(-0.5,0.5,4.4));
#336 = DIRECTION('',(0.,0.,1.));
#337 = DIRECTION('',(-0.,1.,0.));
#338 = DEFINITIONAL_REPRESENTATION('',(#339),#343);
#339 = LINE('',#340,#341);
#340 = CARTESIAN_POINT('',(1.570796326795,0.));
#341 = VECTOR('',#342,1.);
#342 = DIRECTION('',(0.,1.));
#343 = ( GEOMETRIC_REPRESENTATION_CONTEXT(2) 
PARAMETRIC_REPRESENTATION_CONTEXT() REPRESENTATION_CONTEXT('2D SPACE',''
  ) );
#344 = ORIENTED_EDGE('',*,*,#345,.T.);
#345 = EDGE_CURVE('',#318,#198,#346,.T.);
#346 = SURFACE_CURVE('',#347,(#351,#358),.PCURVE_S1.);
#347 = LINE('',#348,#349);
#348 = CARTESIAN_POINT('',(-2.5,0.5,7.85));
#349 = VECTOR('',#350,1.);
#350 = DIRECTION('',(0.,-1.,0.));
#351 = PCURVE('',#213,#352);
#352 = DEFINITIONAL_REPRESENTATION('',(#353),#357);
#353 = LINE('',#354,#355);
#354 = CARTESIAN_POINT('',(3.45,-18.8));
#355 = VECTOR('',#356,1.);
#356 = DIRECTION('',(0.,1.));
#357 = ( GEOMETRIC_REPRESENTATION_CONTEXT(2) 
PARAMETRIC_REPRESENTATION_CONTEXT() REPRESENTATION_CONTEXT('2D SPACE',''
  ) );
#358 = PCURVE('',#359,#364);
#359 = PLANE('',#360);
#360 = AXIS2_PLACEMENT_3D('',#361,#362,#363);
#361 = CARTESIAN_POINT('',(-2.325,0.5,8.025));
#362 = DIRECTION('',(0.707106781187,0.,-0.707106781187));
#363 = DIRECTION('',(-0.,1.,-0.));
#364 = DEFINITIONAL_REPRESENTATION('',(#365),#369);
#365 = LINE('',#366,#367);
#366 = CARTESIAN_POINT('',(-0.,-0.247487373415));
#367 = VECTOR('',#368,1.);
#368 = DIRECTION('',(-1.,0.));
#369 = ( GEOMETRIC_REPRESENTATION_CONTEXT(2) 
PARAMETRIC_REPRESENTATION_CONTEXT() REPRESENTATION_CONTEXT('2D SPACE',''
  ) );
#370 = ORIENTED_EDGE('',*,*,#197,.F.);
#371 = ORIENTED_EDGE('',*,*,#372,.T.);
#372 = EDGE_CURVE('',#169,#373,#375,.T.);
#373 = VERTEX_POINT('',#374);
#374 = CARTESIAN_POINT('',(-2.5,-15.00204646342,5.138709677419));
#375 = SURFACE_CURVE('',#376,(#380,#387),.PCURVE_S1.);
#376 = LINE('',#377,#378);
#377 = CARTESIAN_POINT('',(-2.5,-21.7,5.138709677419));
#378 = VECTOR('',#379,1.);
#379 = DIRECTION('',(6.630222312307E-17,1.,0.));
#380 = PCURVE('',#213,#381);
#381 = DEFINITIONAL_REPRESENTATION('',(#382),#386);
#382 = LINE('',#383,#384);
#383 = CARTESIAN_POINT('',(0.738709677419,3.4));
#384 = VECTOR('',#385,1.);
#385 = DIRECTION('',(0.,-1.));
#386 = ( GEOMETRIC_REPRESENTATION_CONTEXT(2) 
PARAMETRIC_REPRESENTATION_CONTEXT() REPRESENTATION_CONTEXT('2D SPACE',''
  ) );
#387 = PCURVE('',#43,#388);
#388 = DEFINITIONAL_REPRESENTATION('',(#389),#393);
#389 = LINE('',#390,#391);
#390 = CARTESIAN_POINT('',(2.731928608693,-31.7));
#391 = VECTOR('',#392,1.);
#392 = DIRECTION('',(-6.31003971229E-17,1.));
#393 = ( GEOMETRIC_REPRESENTATION_CONTEXT(2) 
PARAMETRIC_REPRESENTATION_CONTEXT() REPRESENTATION_CONTEXT('2D SPACE',''
  ) );
#394 = ORIENTED_EDGE('',*,*,#395,.F.);
#395 = EDGE_CURVE('',#396,#373,#398,.T.);
#396 = VERTEX_POINT('',#397);
#397 = CARTESIAN_POINT('',(-2.5,-13.593,5.495867891559));
#398 = SURFACE_CURVE('',#399,(#404,#411),.PCURVE_S1.);
#399 = ELLIPSE('',#400,3.157592350251,3.05);
#400 = AXIS2_PLACEMENT_3D('',#401,#402,#403);
#401 = CARTESIAN_POINT('',(-2.5,-13.593,2.338275541309));
#402 = DIRECTION('',(1.,0.,0.));
#403 = DIRECTION('',(-0.,0.,1.));
#404 = PCURVE('',#213,#405);
#405 = DEFINITIONAL_REPRESENTATION('',(#406),#410);
#406 = ELLIPSE('',#407,3.157592350251,3.05);
#407 = AXIS2_PLACEMENT_2D('',#408,#409);
#408 = CARTESIAN_POINT('',(-2.061724458691,-4.707));
#409 = DIRECTION('',(1.,0.));
#410 = ( GEOMETRIC_REPRESENTATION_CONTEXT(2) 
PARAMETRIC_REPRESENTATION_CONTEXT() REPRESENTATION_CONTEXT('2D SPACE',''
  ) );
#411 = PCURVE('',#412,#417);
#412 = CYLINDRICAL_SURFACE('',#413,3.05);
#413 = AXIS2_PLACEMENT_3D('',#414,#415,#416);
#414 = CARTESIAN_POINT('',(-5.196071929189,-13.593,3.060685837471));
#415 = DIRECTION('',(-0.965925826289,0.,0.258819045103));
#416 = DIRECTION('',(-0.258819045103,-2.912060392459E-16,-0.965925826289
    ));
#417 = DEFINITIONAL_REPRESENTATION('',(#418),#425);
#418 = B_SPLINE_CURVE_WITH_KNOTS('',5,(#419,#420,#421,#422,#423,#424),
  .UNSPECIFIED.,.F.,.F.,(6,6),(0.,0.572971496551),
  .PIECEWISE_BEZIER_KNOTS.);
#419 = CARTESIAN_POINT('',(3.14159265359,-1.973934012047));
#420 = CARTESIAN_POINT('',(3.02699835428,-1.973934012047));
#421 = CARTESIAN_POINT('',(2.912404054969,-1.987348092095));
#422 = CARTESIAN_POINT('',(2.797809755659,-2.014181839389));
#423 = CARTESIAN_POINT('',(2.683215456349,-2.053681673421));
#424 = CARTESIAN_POINT('',(2.568621157038,-2.104453155617));
#425 = ( GEOMETRIC_REPRESENTATION_CONTEXT(2) 
PARAMETRIC_REPRESENTATION_CONTEXT() REPRESENTATION_CONTEXT('2D SPACE',''
  ) );
#426 = ORIENTED_EDGE('',*,*,#427,.F.);
#427 = EDGE_CURVE('',#258,#396,#428,.T.);
#428 = SURFACE_CURVE('',#429,(#433,#440),.PCURVE_S1.);
#429 = LINE('',#430,#431);
#430 = CARTESIAN_POINT('',(-2.5,-15.9465,5.495867891559));
#431 = VECTOR('',#432,1.);
#432 = DIRECTION('',(0.,-1.,0.));
#433 = PCURVE('',#213,#434);
#434 = DEFINITIONAL_REPRESENTATION('',(#435),#439);
#435 = LINE('',#436,#437);
#436 = CARTESIAN_POINT('',(1.095867891559,-2.3535));
#437 = VECTOR('',#438,1.);
#438 = DIRECTION('',(0.,1.));
#439 = ( GEOMETRIC_REPRESENTATION_CONTEXT(2) 
PARAMETRIC_REPRESENTATION_CONTEXT() REPRESENTATION_CONTEXT('2D SPACE',''
  ) );
#440 = PCURVE('',#441,#446);
#441 = PLANE('',#442);
#442 = AXIS2_PLACEMENT_3D('',#443,#444,#445);
#443 = CARTESIAN_POINT('',(-4.406673841627,-13.593,6.006759607653));
#444 = DIRECTION('',(0.258819045103,0.,0.965925826289));
#445 = DIRECTION('',(0.,1.,0.));
#446 = DEFINITIONAL_REPRESENTATION('',(#447),#450);
#447 = B_SPLINE_CURVE_WITH_KNOTS('',1,(#448,#449),.UNSPECIFIED.,.F.,.F.,
  (2,2),(-8.2035,-2.3535),.PIECEWISE_BEZIER_KNOTS.);
#448 = CARTESIAN_POINT('',(5.85,-1.973934012047));
#449 = CARTESIAN_POINT('',(0.,-1.973934012047));
#450 = ( GEOMETRIC_REPRESENTATION_CONTEXT(2) 
PARAMETRIC_REPRESENTATION_CONTEXT() REPRESENTATION_CONTEXT('2D SPACE',''
  ) );
#451 = ADVANCED_FACE('',(#452),#441,.F.);
#452 = FACE_BOUND('',#453,.F.);
#453 = EDGE_LOOP('',(#454,#455,#478,#504));
#454 = ORIENTED_EDGE('',*,*,#427,.T.);
#455 = ORIENTED_EDGE('',*,*,#456,.T.);
#456 = EDGE_CURVE('',#396,#457,#459,.T.);
#457 = VERTEX_POINT('',#458);
#458 = CARTESIAN_POINT('',(-1.65,-13.593,5.268111077993));
#459 = SURFACE_CURVE('',#460,(#464,#471),.PCURVE_S1.);
#460 = LINE('',#461,#462);
#461 = CARTESIAN_POINT('',(-4.406673841627,-13.593,6.006759607653));
#462 = VECTOR('',#463,1.);
#463 = DIRECTION('',(0.965925826289,0.,-0.258819045103));
#464 = PCURVE('',#441,#465);
#465 = DEFINITIONAL_REPRESENTATION('',(#466),#470);
#466 = LINE('',#467,#468);
#467 = CARTESIAN_POINT('',(0.,0.));
#468 = VECTOR('',#469,1.);
#469 = DIRECTION('',(0.,-1.));
#470 = ( GEOMETRIC_REPRESENTATION_CONTEXT(2) 
PARAMETRIC_REPRESENTATION_CONTEXT() REPRESENTATION_CONTEXT('2D SPACE',''
  ) );
#471 = PCURVE('',#412,#472);
#472 = DEFINITIONAL_REPRESENTATION('',(#473),#477);
#473 = LINE('',#474,#475);
#474 = CARTESIAN_POINT('',(3.14159265359,0.));
#475 = VECTOR('',#476,1.);
#476 = DIRECTION('',(0.,-1.));
#477 = ( GEOMETRIC_REPRESENTATION_CONTEXT(2) 
PARAMETRIC_REPRESENTATION_CONTEXT() REPRESENTATION_CONTEXT('2D SPACE',''
  ) );
#478 = ORIENTED_EDGE('',*,*,#479,.T.);
#479 = EDGE_CURVE('',#457,#480,#482,.T.);
#480 = VERTEX_POINT('',#481);
#481 = CARTESIAN_POINT('',(-1.65,-7.743,5.268111077993));
#482 = SURFACE_CURVE('',#483,(#487,#493),.PCURVE_S1.);
#483 = LINE('',#484,#485);
#484 = CARTESIAN_POINT('',(-1.65,-12.1305,5.268111077993));
#485 = VECTOR('',#486,1.);
#486 = DIRECTION('',(0.,1.,0.));
#487 = PCURVE('',#441,#488);
#488 = DEFINITIONAL_REPRESENTATION('',(#489),#492);
#489 = B_SPLINE_CURVE_WITH_KNOTS('',1,(#490,#491),.UNSPECIFIED.,.F.,.F.,
  (2,2),(-1.4625,4.3875),.PIECEWISE_BEZIER_KNOTS.);
#490 = CARTESIAN_POINT('',(0.,-2.853918765395));
#491 = CARTESIAN_POINT('',(5.85,-2.853918765395));
#492 = ( GEOMETRIC_REPRESENTATION_CONTEXT(2) 
PARAMETRIC_REPRESENTATION_CONTEXT() REPRESENTATION_CONTEXT('2D SPACE',''
  ) );
#493 = PCURVE('',#494,#499);
#494 = PLANE('',#495);
#495 = AXIS2_PLACEMENT_3D('',#496,#497,#498);
#496 = CARTESIAN_POINT('',(-1.65,-10.668,1.85));
#497 = DIRECTION('',(-1.,-0.,-0.));
#498 = DIRECTION('',(0.,0.,-1.));
#499 = DEFINITIONAL_REPRESENTATION('',(#500),#503);
#500 = B_SPLINE_CURVE_WITH_KNOTS('',1,(#501,#502),.UNSPECIFIED.,.F.,.F.,
  (2,2),(-1.4625,4.3875),.PIECEWISE_BEZIER_KNOTS.);
#501 = CARTESIAN_POINT('',(-3.418111077993,2.925));
#502 = CARTESIAN_POINT('',(-3.418111077993,-2.925));
#503 = ( GEOMETRIC_REPRESENTATION_CONTEXT(2) 
PARAMETRIC_REPRESENTATION_CONTEXT() REPRESENTATION_CONTEXT('2D SPACE',''
  ) );
#504 = ORIENTED_EDGE('',*,*,#505,.F.);
#505 = EDGE_CURVE('',#258,#480,#506,.T.);
#506 = SURFACE_CURVE('',#507,(#511,#518),.PCURVE_S1.);
#507 = LINE('',#508,#509);
#508 = CARTESIAN_POINT('',(-4.406673841627,-7.743,6.006759607653));
#509 = VECTOR('',#510,1.);
#510 = DIRECTION('',(0.965925826289,0.,-0.258819045103));
#511 = PCURVE('',#441,#512);
#512 = DEFINITIONAL_REPRESENTATION('',(#513),#517);
#513 = LINE('',#514,#515);
#514 = CARTESIAN_POINT('',(5.85,0.));
#515 = VECTOR('',#516,1.);
#516 = DIRECTION('',(0.,-1.));
#517 = ( GEOMETRIC_REPRESENTATION_CONTEXT(2) 
PARAMETRIC_REPRESENTATION_CONTEXT() REPRESENTATION_CONTEXT('2D SPACE',''
  ) );
#518 = PCURVE('',#274,#519);
#519 = DEFINITIONAL_REPRESENTATION('',(#520),#524);
#520 = LINE('',#521,#522);
#521 = CARTESIAN_POINT('',(0.,0.));
#522 = VECTOR('',#523,1.);
#523 = DIRECTION('',(0.,-1.));
#524 = ( GEOMETRIC_REPRESENTATION_CONTEXT(2) 
PARAMETRIC_REPRESENTATION_CONTEXT() REPRESENTATION_CONTEXT('2D SPACE',''
  ) );
#525 = ADVANCED_FACE('',(#526),#494,.F.);
#526 = FACE_BOUND('',#527,.F.);
#527 = EDGE_LOOP('',(#528,#555,#576,#605,#633,#662,#683,#708));
#528 = ORIENTED_EDGE('',*,*,#529,.F.);
#529 = EDGE_CURVE('',#530,#457,#532,.T.);
#530 = VERTEX_POINT('',#531);
#531 = CARTESIAN_POINT('',(-1.65,-15.08499986231,4.864516129032));
#532 = SURFACE_CURVE('',#533,(#538,#545),.PCURVE_S1.);
#533 = ELLIPSE('',#534,3.157592350251,3.05);
#534 = AXIS2_PLACEMENT_3D('',#535,#536,#537);
#535 = CARTESIAN_POINT('',(-1.65,-13.593,2.110518727742));
#536 = DIRECTION('',(-1.,0.,-0.));
#537 = DIRECTION('',(-0.,0.,1.));
#538 = PCURVE('',#494,#539);
#539 = DEFINITIONAL_REPRESENTATION('',(#540),#544);
#540 = ELLIPSE('',#541,3.157592350251,3.05);
#541 = AXIS2_PLACEMENT_2D('',#542,#543);
#542 = CARTESIAN_POINT('',(-0.260518727742,2.925));
#543 = DIRECTION('',(-1.,0.));
#544 = ( GEOMETRIC_REPRESENTATION_CONTEXT(2) 
PARAMETRIC_REPRESENTATION_CONTEXT() REPRESENTATION_CONTEXT('2D SPACE',''
  ) );
#545 = PCURVE('',#412,#546);
#546 = DEFINITIONAL_REPRESENTATION('',(#547),#554);
#547 = B_SPLINE_CURVE_WITH_KNOTS('',5,(#548,#549,#550,#551,#552,#553),
  .UNSPECIFIED.,.F.,.F.,(6,6),(5.714400667818,6.28318530718),
  .PIECEWISE_BEZIER_KNOTS.);
#548 = CARTESIAN_POINT('',(2.572808014228,-2.982588928913));
#549 = CARTESIAN_POINT('',(2.6865649421,-2.932515964986));
#550 = CARTESIAN_POINT('',(2.800321869973,-2.893580452906));
#551 = CARTESIAN_POINT('',(2.914078797845,-2.867137544813));
#552 = CARTESIAN_POINT('',(3.027835725717,-2.853918765395));
#553 = CARTESIAN_POINT('',(3.14159265359,-2.853918765395));
#554 = ( GEOMETRIC_REPRESENTATION_CONTEXT(2) 
PARAMETRIC_REPRESENTATION_CONTEXT() REPRESENTATION_CONTEXT('2D SPACE',''
  ) );
#555 = ORIENTED_EDGE('',*,*,#556,.T.);
#556 = EDGE_CURVE('',#530,#557,#559,.T.);
#557 = VERTEX_POINT('',#558);
#558 = CARTESIAN_POINT('',(-1.65,-16.62048751374,4.864516129032));
#559 = SURFACE_CURVE('',#560,(#564,#570),.PCURVE_S1.);
#560 = LINE('',#561,#562);
#561 = CARTESIAN_POINT('',(-1.65,-0.334,4.864516129032));
#562 = VECTOR('',#563,1.);
#563 = DIRECTION('',(0.,-1.,0.));
#564 = PCURVE('',#494,#565);
#565 = DEFINITIONAL_REPRESENTATION('',(#566),#569);
#566 = B_SPLINE_CURVE_WITH_KNOTS('',1,(#567,#568),.UNSPECIFIED.,.F.,.F.,
  (2,2),(3.9173793742,16.7506206258),.PIECEWISE_BEZIER_KNOTS.);
#567 = CARTESIAN_POINT('',(-3.014516129032,-6.4166206258));
#568 = CARTESIAN_POINT('',(-3.014516129032,6.4166206258));
#569 = ( GEOMETRIC_REPRESENTATION_CONTEXT(2) 
PARAMETRIC_REPRESENTATION_CONTEXT() REPRESENTATION_CONTEXT('2D SPACE',''
  ) );
#570 = PCURVE('',#43,#571);
#571 = DEFINITIONAL_REPRESENTATION('',(#572),#575);
#572 = B_SPLINE_CURVE_WITH_KNOTS('',1,(#573,#574),.UNSPECIFIED.,.F.,.F.,
  (2,2),(3.9173793742,16.7506206258),.PIECEWISE_BEZIER_KNOTS.);
#573 = CARTESIAN_POINT('',(1.838798102005,-14.2513793742));
#574 = CARTESIAN_POINT('',(1.838798102005,-27.0846206258));
#575 = ( GEOMETRIC_REPRESENTATION_CONTEXT(2) 
PARAMETRIC_REPRESENTATION_CONTEXT() REPRESENTATION_CONTEXT('2D SPACE',''
  ) );
#576 = ORIENTED_EDGE('',*,*,#577,.T.);
#577 = EDGE_CURVE('',#557,#578,#580,.T.);
#578 = VERTEX_POINT('',#579);
#579 = CARTESIAN_POINT('',(-1.65,-14.068,5.8));
#580 = SURFACE_CURVE('',#581,(#586,#593),.PCURVE_S1.);
#581 = CIRCLE('',#582,3.95);
#582 = AXIS2_PLACEMENT_3D('',#583,#584,#585);
#583 = CARTESIAN_POINT('',(-1.65,-14.068,1.85));
#584 = DIRECTION('',(-1.,0.,-0.));
#585 = DIRECTION('',(0.,1.124276480633E-16,-1.));
#586 = PCURVE('',#494,#587);
#587 = DEFINITIONAL_REPRESENTATION('',(#588),#592);
#588 = CIRCLE('',#589,3.95);
#589 = AXIS2_PLACEMENT_2D('',#590,#591);
#590 = CARTESIAN_POINT('',(-8.881784197001E-16,3.4));
#591 = DIRECTION('',(1.,-1.124276480633E-16));
#592 = ( GEOMETRIC_REPRESENTATION_CONTEXT(2) 
PARAMETRIC_REPRESENTATION_CONTEXT() REPRESENTATION_CONTEXT('2D SPACE',''
  ) );
#593 = PCURVE('',#594,#599);
#594 = CYLINDRICAL_SURFACE('',#595,3.95);
#595 = AXIS2_PLACEMENT_3D('',#596,#597,#598);
#596 = CARTESIAN_POINT('',(-1.65,-14.068,1.85));
#597 = DIRECTION('',(-1.,0.,-0.));
#598 = DIRECTION('',(0.,1.124276480633E-16,-1.));
#599 = DEFINITIONAL_REPRESENTATION('',(#600),#604);
#600 = LINE('',#601,#602);
#601 = CARTESIAN_POINT('',(0.,0.));
#602 = VECTOR('',#603,1.);
#603 = DIRECTION('',(1.,0.));
#604 = ( GEOMETRIC_REPRESENTATION_CONTEXT(2) 
PARAMETRIC_REPRESENTATION_CONTEXT() REPRESENTATION_CONTEXT('2D SPACE',''
  ) );
#605 = ORIENTED_EDGE('',*,*,#606,.T.);
#606 = EDGE_CURVE('',#578,#607,#609,.T.);
#607 = VERTEX_POINT('',#608);
#608 = CARTESIAN_POINT('',(-1.65,-7.268,5.8));
#609 = SURFACE_CURVE('',#610,(#614,#621),.PCURVE_S1.);
#610 = LINE('',#611,#612);
#611 = CARTESIAN_POINT('',(-1.65,-14.068,5.8));
#612 = VECTOR('',#613,1.);
#613 = DIRECTION('',(0.,1.,0.));
#614 = PCURVE('',#494,#615);
#615 = DEFINITIONAL_REPRESENTATION('',(#616),#620);
#616 = LINE('',#617,#618);
#617 = CARTESIAN_POINT('',(-3.95,3.4));
#618 = VECTOR('',#619,1.);
#619 = DIRECTION('',(0.,-1.));
#620 = ( GEOMETRIC_REPRESENTATION_CONTEXT(2) 
PARAMETRIC_REPRESENTATION_CONTEXT() REPRESENTATION_CONTEXT('2D SPACE',''
  ) );
#621 = PCURVE('',#622,#627);
#622 = PLANE('',#623);
#623 = AXIS2_PLACEMENT_3D('',#624,#625,#626);
#624 = CARTESIAN_POINT('',(-1.65,-14.068,5.8));
#625 = DIRECTION('',(0.,0.,1.));
#626 = DIRECTION('',(0.,1.,0.));
#627 = DEFINITIONAL_REPRESENTATION('',(#628),#632);
#628 = LINE('',#629,#630);
#629 = CARTESIAN_POINT('',(0.,0.));
#630 = VECTOR('',#631,1.);
#631 = DIRECTION('',(1.,0.));
#632 = ( GEOMETRIC_REPRESENTATION_CONTEXT(2) 
PARAMETRIC_REPRESENTATION_CONTEXT() REPRESENTATION_CONTEXT('2D SPACE',''
  ) );
#633 = ORIENTED_EDGE('',*,*,#634,.T.);
#634 = EDGE_CURVE('',#607,#635,#637,.T.);
#635 = VERTEX_POINT('',#636);
#636 = CARTESIAN_POINT('',(-1.65,-4.715512486259,4.864516129032));
#637 = SURFACE_CURVE('',#638,(#643,#650),.PCURVE_S1.);
#638 = CIRCLE('',#639,3.95);
#639 = AXIS2_PLACEMENT_3D('',#640,#641,#642);
#640 = CARTESIAN_POINT('',(-1.65,-7.268,1.85));
#641 = DIRECTION('',(-1.,0.,0.));
#642 = DIRECTION('',(0.,-1.124276480633E-16,1.));
#643 = PCURVE('',#494,#644);
#644 = DEFINITIONAL_REPRESENTATION('',(#645),#649);
#645 = CIRCLE('',#646,3.95);
#646 = AXIS2_PLACEMENT_2D('',#647,#648);
#647 = CARTESIAN_POINT('',(0.,-3.4));
#648 = DIRECTION('',(-1.,1.124276480633E-16));
#649 = ( GEOMETRIC_REPRESENTATION_CONTEXT(2) 
PARAMETRIC_REPRESENTATION_CONTEXT() REPRESENTATION_CONTEXT('2D SPACE',''
  ) );
#650 = PCURVE('',#651,#656);
#651 = CYLINDRICAL_SURFACE('',#652,3.95);
#652 = AXIS2_PLACEMENT_3D('',#653,#654,#655);
#653 = CARTESIAN_POINT('',(-1.65,-7.268,1.85));
#654 = DIRECTION('',(-1.,0.,0.));
#655 = DIRECTION('',(0.,-1.124276480633E-16,1.));
#656 = DEFINITIONAL_REPRESENTATION('',(#657),#661);
#657 = LINE('',#658,#659);
#658 = CARTESIAN_POINT('',(0.,0.));
#659 = VECTOR('',#660,1.);
#660 = DIRECTION('',(1.,0.));
#661 = ( GEOMETRIC_REPRESENTATION_CONTEXT(2) 
PARAMETRIC_REPRESENTATION_CONTEXT() REPRESENTATION_CONTEXT('2D SPACE',''
  ) );
#662 = ORIENTED_EDGE('',*,*,#663,.T.);
#663 = EDGE_CURVE('',#635,#664,#666,.T.);
#664 = VERTEX_POINT('',#665);
#665 = CARTESIAN_POINT('',(-1.65,-6.251000137685,4.864516129032));
#666 = SURFACE_CURVE('',#667,(#671,#677),.PCURVE_S1.);
#667 = LINE('',#668,#669);
#668 = CARTESIAN_POINT('',(-1.65,-0.334,4.864516129032));
#669 = VECTOR('',#670,1.);
#670 = DIRECTION('',(0.,-1.,0.));
#671 = PCURVE('',#494,#672);
#672 = DEFINITIONAL_REPRESENTATION('',(#673),#676);
#673 = B_SPLINE_CURVE_WITH_KNOTS('',1,(#674,#675),.UNSPECIFIED.,.F.,.F.,
  (2,2),(3.9173793742,16.7506206258),.PIECEWISE_BEZIER_KNOTS.);
#674 = CARTESIAN_POINT('',(-3.014516129032,-6.4166206258));
#675 = CARTESIAN_POINT('',(-3.014516129032,6.4166206258));
#676 = ( GEOMETRIC_REPRESENTATION_CONTEXT(2) 
PARAMETRIC_REPRESENTATION_CONTEXT() REPRESENTATION_CONTEXT('2D SPACE',''
  ) );
#677 = PCURVE('',#305,#678);
#678 = DEFINITIONAL_REPRESENTATION('',(#679),#682);
#679 = B_SPLINE_CURVE_WITH_KNOTS('',1,(#680,#681),.UNSPECIFIED.,.F.,.F.,
  (2,2),(3.9173793742,16.7506206258),.PIECEWISE_BEZIER_KNOTS.);
#680 = CARTESIAN_POINT('',(1.838798102005,-14.2513793742));
#681 = CARTESIAN_POINT('',(1.838798102005,-27.0846206258));
#682 = ( GEOMETRIC_REPRESENTATION_CONTEXT(2) 
PARAMETRIC_REPRESENTATION_CONTEXT() REPRESENTATION_CONTEXT('2D SPACE',''
  ) );
#683 = ORIENTED_EDGE('',*,*,#684,.F.);
#684 = EDGE_CURVE('',#480,#664,#685,.T.);
#685 = SURFACE_CURVE('',#686,(#691,#698),.PCURVE_S1.);
#686 = ELLIPSE('',#687,3.157592350251,3.05);
#687 = AXIS2_PLACEMENT_3D('',#688,#689,#690);
#688 = CARTESIAN_POINT('',(-1.65,-7.743,2.110518727742));
#689 = DIRECTION('',(-1.,0.,-0.));
#690 = DIRECTION('',(-0.,0.,1.));
#691 = PCURVE('',#494,#692);
#692 = DEFINITIONAL_REPRESENTATION('',(#693),#697);
#693 = ELLIPSE('',#694,3.157592350251,3.05);
#694 = AXIS2_PLACEMENT_2D('',#695,#696);
#695 = CARTESIAN_POINT('',(-0.260518727742,-2.925));
#696 = DIRECTION('',(-1.,0.));
#697 = ( GEOMETRIC_REPRESENTATION_CONTEXT(2) 
PARAMETRIC_REPRESENTATION_CONTEXT() REPRESENTATION_CONTEXT('2D SPACE',''
  ) );
#698 = PCURVE('',#274,#699);
#699 = DEFINITIONAL_REPRESENTATION('',(#700),#707);
#700 = B_SPLINE_CURVE_WITH_KNOTS('',5,(#701,#702,#703,#704,#705,#706),
  .UNSPECIFIED.,.F.,.F.,(6,6),(2.912060392459E-16,0.568784639362),
  .PIECEWISE_BEZIER_KNOTS.);
#701 = CARTESIAN_POINT('',(0.,-2.853918765395));
#702 = CARTESIAN_POINT('',(0.113756927872,-2.853918765395));
#703 = CARTESIAN_POINT('',(0.227513855745,-2.867137544813));
#704 = CARTESIAN_POINT('',(0.341270783617,-2.893580452906));
#705 = CARTESIAN_POINT('',(0.455027711489,-2.932515964986));
#706 = CARTESIAN_POINT('',(0.568784639362,-2.982588928913));
#707 = ( GEOMETRIC_REPRESENTATION_CONTEXT(2) 
PARAMETRIC_REPRESENTATION_CONTEXT() REPRESENTATION_CONTEXT('2D SPACE',''
  ) );
#708 = ORIENTED_EDGE('',*,*,#479,.F.);
#709 = ADVANCED_FACE('',(#710),#594,.F.);
#710 = FACE_BOUND('',#711,.F.);
#711 = EDGE_LOOP('',(#712,#713,#740,#773));
#712 = ORIENTED_EDGE('',*,*,#577,.F.);
#713 = ORIENTED_EDGE('',*,*,#714,.F.);
#714 = EDGE_CURVE('',#715,#557,#717,.T.);
#715 = VERTEX_POINT('',#716);
#716 = CARTESIAN_POINT('',(-1.512643030558,-16.67191394394,
    4.820207429212));
#717 = SURFACE_CURVE('',#718,(#723,#733),.PCURVE_S1.);
#718 = ELLIPSE('',#719,12.866333005173,3.95);
#719 = AXIS2_PLACEMENT_3D('',#720,#721,#722);
#720 = CARTESIAN_POINT('',(7.695,-14.068,1.85));
#721 = DIRECTION('',(-0.307002779923,0.,-0.951708617761));
#722 = DIRECTION('',(-0.951708617761,0.,0.307002779923));
#723 = PCURVE('',#594,#724);
#724 = DEFINITIONAL_REPRESENTATION('',(#725),#732);
#725 = B_SPLINE_CURVE_WITH_KNOTS('',5,(#726,#727,#728,#729,#730,#731),
  .UNSPECIFIED.,.F.,.F.,(6,6),(5.429225175652,5.580591576493),
  .PIECEWISE_BEZIER_KNOTS.);
#726 = CARTESIAN_POINT('',(2.287632522062,-1.3000006));
#727 = CARTESIAN_POINT('',(2.31790580223,-1.020537048771));
#728 = CARTESIAN_POINT('',(2.348179082399,-0.750289760136));
#729 = CARTESIAN_POINT('',(2.378452362567,-0.48979233889));
#730 = CARTESIAN_POINT('',(2.408725642735,-0.2395431044));
#731 = CARTESIAN_POINT('',(2.438998922904,5.99999998574E-07));
#732 = ( GEOMETRIC_REPRESENTATION_CONTEXT(2) 
PARAMETRIC_REPRESENTATION_CONTEXT() REPRESENTATION_CONTEXT('2D SPACE',''
  ) );
#733 = PCURVE('',#43,#734);
#734 = DEFINITIONAL_REPRESENTATION('',(#735),#739);
#735 = ELLIPSE('',#736,12.866333005173,3.95);
#736 = AXIS2_PLACEMENT_2D('',#737,#738);
#737 = CARTESIAN_POINT('',(-7.980383762702,-24.068));
#738 = DIRECTION('',(1.,0.));
#739 = ( GEOMETRIC_REPRESENTATION_CONTEXT(2) 
PARAMETRIC_REPRESENTATION_CONTEXT() REPRESENTATION_CONTEXT('2D SPACE',''
  ) );
#740 = ORIENTED_EDGE('',*,*,#741,.T.);
#741 = EDGE_CURVE('',#715,#742,#744,.T.);
#742 = VERTEX_POINT('',#743);
#743 = CARTESIAN_POINT('',(-1.426922288007,-14.068,5.8));
#744 = SURFACE_CURVE('',#745,(#750,#761),.PCURVE_S1.);
#745 = ELLIPSE('',#746,3.965088358296,3.95);
#746 = AXIS2_PLACEMENT_3D('',#747,#748,#749);
#747 = CARTESIAN_POINT('',(-1.772502508935,-14.068,1.85));
#748 = DIRECTION('',(-0.996194698092,-0.,8.715574274766E-02));
#749 = DIRECTION('',(-8.715574274766E-02,0.,-0.996194698092));
#750 = PCURVE('',#594,#751);
#751 = DEFINITIONAL_REPRESENTATION('',(#752),#760);
#752 = B_SPLINE_CURVE_WITH_KNOTS('',6,(#753,#754,#755,#756,#757,#758,
    #759),.UNSPECIFIED.,.F.,.F.,(7,7),(2.287632587058,3.14159265359),
  .PIECEWISE_BEZIER_KNOTS.);
#753 = CARTESIAN_POINT('',(2.287632587058,-0.10454468399));
#754 = CARTESIAN_POINT('',(2.429959264813,-0.141624884097));
#755 = CARTESIAN_POINT('',(2.572285942568,-0.173185903367));
#756 = CARTESIAN_POINT('',(2.714612620324,-0.197876151381));
#757 = CARTESIAN_POINT('',(2.856939298079,-0.214677307627));
#758 = CARTESIAN_POINT('',(2.999265975834,-0.223077711993));
#759 = CARTESIAN_POINT('',(3.14159265359,-0.223077711993));
#760 = ( GEOMETRIC_REPRESENTATION_CONTEXT(2) 
PARAMETRIC_REPRESENTATION_CONTEXT() REPRESENTATION_CONTEXT('2D SPACE',''
  ) );
#761 = PCURVE('',#762,#767);
#762 = PLANE('',#763);
#763 = AXIS2_PLACEMENT_3D('',#764,#765,#766);
#764 = CARTESIAN_POINT('',(-1.763284155515,-10.668,1.955366261736));
#765 = DIRECTION('',(-0.996194698092,-0.,8.715574274766E-02));
#766 = DIRECTION('',(-8.715574274766E-02,0.,-0.996194698092));
#767 = DEFINITIONAL_REPRESENTATION('',(#768),#772);
#768 = ELLIPSE('',#769,3.965088358296,3.95);
#769 = AXIS2_PLACEMENT_2D('',#770,#771);
#770 = CARTESIAN_POINT('',(0.105768743738,3.4));
#771 = DIRECTION('',(1.,-0.));
#772 = ( GEOMETRIC_REPRESENTATION_CONTEXT(2) 
PARAMETRIC_REPRESENTATION_CONTEXT() REPRESENTATION_CONTEXT('2D SPACE',''
  ) );
#773 = ORIENTED_EDGE('',*,*,#774,.F.);
#774 = EDGE_CURVE('',#578,#742,#775,.T.);
#775 = SURFACE_CURVE('',#776,(#780,#787),.PCURVE_S1.);
#776 = LINE('',#777,#778);
#777 = CARTESIAN_POINT('',(-1.65,-14.068,5.8));
#778 = VECTOR('',#779,1.);
#779 = DIRECTION('',(1.,0.,0.));
#780 = PCURVE('',#594,#781);
#781 = DEFINITIONAL_REPRESENTATION('',(#782),#786);
#782 = LINE('',#783,#784);
#783 = CARTESIAN_POINT('',(3.14159265359,0.));
#784 = VECTOR('',#785,1.);
#785 = DIRECTION('',(0.,-1.));
#786 = ( GEOMETRIC_REPRESENTATION_CONTEXT(2) 
PARAMETRIC_REPRESENTATION_CONTEXT() REPRESENTATION_CONTEXT('2D SPACE',''
  ) );
#787 = PCURVE('',#622,#788);
#788 = DEFINITIONAL_REPRESENTATION('',(#789),#793);
#789 = LINE('',#790,#791);
#790 = CARTESIAN_POINT('',(0.,0.));
#791 = VECTOR('',#792,1.);
#792 = DIRECTION('',(0.,-1.));
#793 = ( GEOMETRIC_REPRESENTATION_CONTEXT(2) 
PARAMETRIC_REPRESENTATION_CONTEXT() REPRESENTATION_CONTEXT('2D SPACE',''
  ) );
#794 = ADVANCED_FACE('',(#795),#762,.F.);
#795 = FACE_BOUND('',#796,.F.);
#796 = EDGE_LOOP('',(#797,#828,#856,#885,#906,#934,#953,#954));
#797 = ORIENTED_EDGE('',*,*,#798,.T.);
#798 = EDGE_CURVE('',#799,#801,#803,.T.);
#799 = VERTEX_POINT('',#800);
#800 = CARTESIAN_POINT('',(-1.512643030558,-16.77583384121,
    4.820207429212));
#801 = VERTEX_POINT('',#802);
#802 = CARTESIAN_POINT('',(-1.419018971662,-14.068,5.890335319198));
#803 = SURFACE_CURVE('',#804,(#809,#816),.PCURVE_S1.);
#804 = CIRCLE('',#805,3.95);
#805 = AXIS2_PLACEMENT_3D('',#806,#807,#808);
#806 = CARTESIAN_POINT('',(-1.763284155515,-14.068,1.955366261736));
#807 = DIRECTION('',(-0.996194698092,0.,8.715574274766E-02));
#808 = DIRECTION('',(-8.715574274766E-02,1.124276480633E-16,
    -0.996194698092));
#809 = PCURVE('',#762,#810);
#810 = DEFINITIONAL_REPRESENTATION('',(#811),#815);
#811 = CIRCLE('',#812,3.95);
#812 = AXIS2_PLACEMENT_2D('',#813,#814);
#813 = CARTESIAN_POINT('',(-8.847986326648E-16,3.4));
#814 = DIRECTION('',(1.,-1.124276480633E-16));
#815 = ( GEOMETRIC_REPRESENTATION_CONTEXT(2) 
PARAMETRIC_REPRESENTATION_CONTEXT() REPRESENTATION_CONTEXT('2D SPACE',''
  ) );
#816 = PCURVE('',#817,#822);
#817 = CYLINDRICAL_SURFACE('',#818,3.95);
#818 = AXIS2_PLACEMENT_3D('',#819,#820,#821);
#819 = CARTESIAN_POINT('',(-1.763284155515,-14.068,1.955366261736));
#820 = DIRECTION('',(-0.996194698092,0.,8.715574274766E-02));
#821 = DIRECTION('',(-8.715574274766E-02,1.124276480633E-16,
    -0.996194698092));
#822 = DEFINITIONAL_REPRESENTATION('',(#823),#827);
#823 = LINE('',#824,#825);
#824 = CARTESIAN_POINT('',(0.,0.));
#825 = VECTOR('',#826,1.);
#826 = DIRECTION('',(1.,0.));
#827 = ( GEOMETRIC_REPRESENTATION_CONTEXT(2) 
PARAMETRIC_REPRESENTATION_CONTEXT() REPRESENTATION_CONTEXT('2D SPACE',''
  ) );
#828 = ORIENTED_EDGE('',*,*,#829,.T.);
#829 = EDGE_CURVE('',#801,#830,#832,.T.);
#830 = VERTEX_POINT('',#831);
#831 = CARTESIAN_POINT('',(-1.419018971662,-7.268,5.890335319198));
#832 = SURFACE_CURVE('',#833,(#837,#844),.PCURVE_S1.);
#833 = LINE('',#834,#835);
#834 = CARTESIAN_POINT('',(-1.419018971662,-14.068,5.890335319198));
#835 = VECTOR('',#836,1.);
#836 = DIRECTION('',(0.,1.,0.));
#837 = PCURVE('',#762,#838);
#838 = DEFINITIONAL_REPRESENTATION('',(#839),#843);
#839 = LINE('',#840,#841);
#840 = CARTESIAN_POINT('',(-3.95,3.4));
#841 = VECTOR('',#842,1.);
#842 = DIRECTION('',(0.,-1.));
#843 = ( GEOMETRIC_REPRESENTATION_CONTEXT(2) 
PARAMETRIC_REPRESENTATION_CONTEXT() REPRESENTATION_CONTEXT('2D SPACE',''
  ) );
#844 = PCURVE('',#845,#850);
#845 = PLANE('',#846);
#846 = AXIS2_PLACEMENT_3D('',#847,#848,#849);
#847 = CARTESIAN_POINT('',(-1.419018971662,-14.068,5.890335319198));
#848 = DIRECTION('',(8.715574274766E-02,0.,0.996194698092));
#849 = DIRECTION('',(0.,1.,0.));
#850 = DEFINITIONAL_REPRESENTATION('',(#851),#855);
#851 = LINE('',#852,#853);
#852 = CARTESIAN_POINT('',(0.,0.));
#853 = VECTOR('',#854,1.);
#854 = DIRECTION('',(1.,0.));
#855 = ( GEOMETRIC_REPRESENTATION_CONTEXT(2) 
PARAMETRIC_REPRESENTATION_CONTEXT() REPRESENTATION_CONTEXT('2D SPACE',''
  ) );
#856 = ORIENTED_EDGE('',*,*,#857,.T.);
#857 = EDGE_CURVE('',#830,#858,#860,.T.);
#858 = VERTEX_POINT('',#859);
#859 = CARTESIAN_POINT('',(-1.512643030558,-4.560166158788,
    4.820207429212));
#860 = SURFACE_CURVE('',#861,(#866,#873),.PCURVE_S1.);
#861 = CIRCLE('',#862,3.95);
#862 = AXIS2_PLACEMENT_3D('',#863,#864,#865);
#863 = CARTESIAN_POINT('',(-1.763284155515,-7.268,1.955366261736));
#864 = DIRECTION('',(-0.996194698092,0.,8.715574274766E-02));
#865 = DIRECTION('',(8.715574274766E-02,-1.124276480633E-16,
    0.996194698092));
#866 = PCURVE('',#762,#867);
#867 = DEFINITIONAL_REPRESENTATION('',(#868),#872);
#868 = CIRCLE('',#869,3.95);
#869 = AXIS2_PLACEMENT_2D('',#870,#871);
#870 = CARTESIAN_POINT('',(0.,-3.4));
#871 = DIRECTION('',(-1.,1.124276480633E-16));
#872 = ( GEOMETRIC_REPRESENTATION_CONTEXT(2) 
PARAMETRIC_REPRESENTATION_CONTEXT() REPRESENTATION_CONTEXT('2D SPACE',''
  ) );
#873 = PCURVE('',#874,#879);
#874 = CYLINDRICAL_SURFACE('',#875,3.95);
#875 = AXIS2_PLACEMENT_3D('',#876,#877,#878);
#876 = CARTESIAN_POINT('',(-1.763284155515,-7.268,1.955366261736));
#877 = DIRECTION('',(-0.996194698092,0.,8.715574274766E-02));
#878 = DIRECTION('',(8.715574274766E-02,-1.124276480633E-16,
    0.996194698092));
#879 = DEFINITIONAL_REPRESENTATION('',(#880),#884);
#880 = LINE('',#881,#882);
#881 = CARTESIAN_POINT('',(0.,0.));
#882 = VECTOR('',#883,1.);
#883 = DIRECTION('',(1.,0.));
#884 = ( GEOMETRIC_REPRESENTATION_CONTEXT(2) 
PARAMETRIC_REPRESENTATION_CONTEXT() REPRESENTATION_CONTEXT('2D SPACE',''
  ) );
#885 = ORIENTED_EDGE('',*,*,#886,.F.);
#886 = EDGE_CURVE('',#887,#858,#889,.T.);
#887 = VERTEX_POINT('',#888);
#888 = CARTESIAN_POINT('',(-1.512643030558,-4.664086056059,
    4.820207429212));
#889 = SURFACE_CURVE('',#890,(#894,#900),.PCURVE_S1.);
#890 = LINE('',#891,#892);
#891 = CARTESIAN_POINT('',(-1.512643030558,-0.334,4.820207429212));
#892 = VECTOR('',#893,1.);
#893 = DIRECTION('',(-0.,1.,0.));
#894 = PCURVE('',#762,#895);
#895 = DEFINITIONAL_REPRESENTATION('',(#896),#899);
#896 = B_SPLINE_CURVE_WITH_KNOTS('',1,(#897,#898),.UNSPECIFIED.,.F.,.F.,
  (2,2),(-17.684,-2.984),.PIECEWISE_BEZIER_KNOTS.);
#897 = CARTESIAN_POINT('',(-2.875784395324,7.35));
#898 = CARTESIAN_POINT('',(-2.875784395324,-7.35));
#899 = ( GEOMETRIC_REPRESENTATION_CONTEXT(2) 
PARAMETRIC_REPRESENTATION_CONTEXT() REPRESENTATION_CONTEXT('2D SPACE',''
  ) );
#900 = PCURVE('',#305,#901);
#901 = DEFINITIONAL_REPRESENTATION('',(#902),#905);
#902 = B_SPLINE_CURVE_WITH_KNOTS('',1,(#903,#904),.UNSPECIFIED.,.F.,.F.,
  (2,2),(-17.684,-2.984),.PIECEWISE_BEZIER_KNOTS.);
#903 = CARTESIAN_POINT('',(1.694471396458,-28.018));
#904 = CARTESIAN_POINT('',(1.694471396458,-13.318));
#905 = ( GEOMETRIC_REPRESENTATION_CONTEXT(2) 
PARAMETRIC_REPRESENTATION_CONTEXT() REPRESENTATION_CONTEXT('2D SPACE',''
  ) );
#906 = ORIENTED_EDGE('',*,*,#907,.F.);
#907 = EDGE_CURVE('',#908,#887,#910,.T.);
#908 = VERTEX_POINT('',#909);
#909 = CARTESIAN_POINT('',(-1.426922288007,-7.268,5.8));
#910 = SURFACE_CURVE('',#911,(#916,#923),.PCURVE_S1.);
#911 = ELLIPSE('',#912,3.965088358296,3.95);
#912 = AXIS2_PLACEMENT_3D('',#913,#914,#915);
#913 = CARTESIAN_POINT('',(-1.772502508935,-7.268,1.85));
#914 = DIRECTION('',(-0.996194698092,-0.,8.715574274766E-02));
#915 = DIRECTION('',(-8.715574274766E-02,0.,-0.996194698092));
#916 = PCURVE('',#762,#917);
#917 = DEFINITIONAL_REPRESENTATION('',(#918),#922);
#918 = ELLIPSE('',#919,3.965088358296,3.95);
#919 = AXIS2_PLACEMENT_2D('',#920,#921);
#920 = CARTESIAN_POINT('',(0.105768743738,-3.4));
#921 = DIRECTION('',(1.,-0.));
#922 = ( GEOMETRIC_REPRESENTATION_CONTEXT(2) 
PARAMETRIC_REPRESENTATION_CONTEXT() REPRESENTATION_CONTEXT('2D SPACE',''
  ) );
#923 = PCURVE('',#651,#924);
#924 = DEFINITIONAL_REPRESENTATION('',(#925),#933);
#925 = B_SPLINE_CURVE_WITH_KNOTS('',6,(#926,#927,#928,#929,#930,#931,
    #932),.UNSPECIFIED.,.F.,.F.,(7,7),(3.14159265359,3.995552720122),
  .PIECEWISE_BEZIER_KNOTS.);
#926 = CARTESIAN_POINT('',(0.,-0.223077711993));
#927 = CARTESIAN_POINT('',(0.142326677755,-0.223077711993));
#928 = CARTESIAN_POINT('',(0.284653355511,-0.214677307627));
#929 = CARTESIAN_POINT('',(0.426980033266,-0.197876151381));
#930 = CARTESIAN_POINT('',(0.569306711021,-0.173185903367));
#931 = CARTESIAN_POINT('',(0.711633388777,-0.141624884097));
#932 = CARTESIAN_POINT('',(0.853960066532,-0.10454468399));
#933 = ( GEOMETRIC_REPRESENTATION_CONTEXT(2) 
PARAMETRIC_REPRESENTATION_CONTEXT() REPRESENTATION_CONTEXT('2D SPACE',''
  ) );
#934 = ORIENTED_EDGE('',*,*,#935,.T.);
#935 = EDGE_CURVE('',#908,#742,#936,.T.);
#936 = SURFACE_CURVE('',#937,(#941,#947),.PCURVE_S1.);
#937 = LINE('',#938,#939);
#938 = CARTESIAN_POINT('',(-1.426922288007,-12.368,5.8));
#939 = VECTOR('',#940,1.);
#940 = DIRECTION('',(0.,-1.,0.));
#941 = PCURVE('',#762,#942);
#942 = DEFINITIONAL_REPRESENTATION('',(#943),#946);
#943 = B_SPLINE_CURVE_WITH_KNOTS('',1,(#944,#945),.UNSPECIFIED.,.F.,.F.,
  (2,2),(-5.1,1.7),.PIECEWISE_BEZIER_KNOTS.);
#944 = CARTESIAN_POINT('',(-3.859319614558,-3.4));
#945 = CARTESIAN_POINT('',(-3.859319614558,3.4));
#946 = ( GEOMETRIC_REPRESENTATION_CONTEXT(2) 
PARAMETRIC_REPRESENTATION_CONTEXT() REPRESENTATION_CONTEXT('2D SPACE',''
  ) );
#947 = PCURVE('',#622,#948);
#948 = DEFINITIONAL_REPRESENTATION('',(#949),#952);
#949 = B_SPLINE_CURVE_WITH_KNOTS('',1,(#950,#951),.UNSPECIFIED.,.F.,.F.,
  (2,2),(-5.1,1.7),.PIECEWISE_BEZIER_KNOTS.);
#950 = CARTESIAN_POINT('',(6.8,-0.223077711993));
#951 = CARTESIAN_POINT('',(0.,-0.223077711993));
#952 = ( GEOMETRIC_REPRESENTATION_CONTEXT(2) 
PARAMETRIC_REPRESENTATION_CONTEXT() REPRESENTATION_CONTEXT('2D SPACE',''
  ) );
#953 = ORIENTED_EDGE('',*,*,#741,.F.);
#954 = ORIENTED_EDGE('',*,*,#955,.F.);
#955 = EDGE_CURVE('',#799,#715,#956,.T.);
#956 = SURFACE_CURVE('',#957,(#961,#967),.PCURVE_S1.);
#957 = LINE('',#958,#959);
#958 = CARTESIAN_POINT('',(-1.512643030558,-0.334,4.820207429212));
#959 = VECTOR('',#960,1.);
#960 = DIRECTION('',(-0.,1.,0.));
#961 = PCURVE('',#762,#962);
#962 = DEFINITIONAL_REPRESENTATION('',(#963),#966);
#963 = B_SPLINE_CURVE_WITH_KNOTS('',1,(#964,#965),.UNSPECIFIED.,.F.,.F.,
  (2,2),(-17.684,-2.984),.PIECEWISE_BEZIER_KNOTS.);
#964 = CARTESIAN_POINT('',(-2.875784395324,7.35));
#965 = CARTESIAN_POINT('',(-2.875784395324,-7.35));
#966 = ( GEOMETRIC_REPRESENTATION_CONTEXT(2) 
PARAMETRIC_REPRESENTATION_CONTEXT() REPRESENTATION_CONTEXT('2D SPACE',''
  ) );
#967 = PCURVE('',#43,#968);
#968 = DEFINITIONAL_REPRESENTATION('',(#969),#972);
#969 = B_SPLINE_CURVE_WITH_KNOTS('',1,(#970,#971),.UNSPECIFIED.,.F.,.F.,
  (2,2),(-17.684,-2.984),.PIECEWISE_BEZIER_KNOTS.);
#970 = CARTESIAN_POINT('',(1.694471396458,-28.018));
#971 = CARTESIAN_POINT('',(1.694471396458,-13.318));
#972 = ( GEOMETRIC_REPRESENTATION_CONTEXT(2) 
PARAMETRIC_REPRESENTATION_CONTEXT() REPRESENTATION_CONTEXT('2D SPACE',''
  ) );
#973 = ADVANCED_FACE('',(#974),#845,.F.);
#974 = FACE_BOUND('',#975,.F.);
#975 = EDGE_LOOP('',(#976,#977,#1000,#1026));
#976 = ORIENTED_EDGE('',*,*,#829,.F.);
#977 = ORIENTED_EDGE('',*,*,#978,.T.);
#978 = EDGE_CURVE('',#801,#979,#981,.T.);
#979 = VERTEX_POINT('',#980);
#980 = CARTESIAN_POINT('',(-1.196790137712,-14.068,5.870892815519));
#981 = SURFACE_CURVE('',#982,(#986,#993),.PCURVE_S1.);
#982 = LINE('',#983,#984);
#983 = CARTESIAN_POINT('',(-1.419018971662,-14.068,5.890335319198));
#984 = VECTOR('',#985,1.);
#985 = DIRECTION('',(0.996194698092,0.,-8.715574274766E-02));
#986 = PCURVE('',#845,#987);
#987 = DEFINITIONAL_REPRESENTATION('',(#988),#992);
#988 = LINE('',#989,#990);
#989 = CARTESIAN_POINT('',(0.,0.));
#990 = VECTOR('',#991,1.);
#991 = DIRECTION('',(0.,-1.));
#992 = ( GEOMETRIC_REPRESENTATION_CONTEXT(2) 
PARAMETRIC_REPRESENTATION_CONTEXT() REPRESENTATION_CONTEXT('2D SPACE',''
  ) );
#993 = PCURVE('',#817,#994);
#994 = DEFINITIONAL_REPRESENTATION('',(#995),#999);
#995 = LINE('',#996,#997);
#996 = CARTESIAN_POINT('',(3.14159265359,0.));
#997 = VECTOR('',#998,1.);
#998 = DIRECTION('',(0.,-1.));
#999 = ( GEOMETRIC_REPRESENTATION_CONTEXT(2) 
PARAMETRIC_REPRESENTATION_CONTEXT() REPRESENTATION_CONTEXT('2D SPACE',''
  ) );
#1000 = ORIENTED_EDGE('',*,*,#1001,.F.);
#1001 = EDGE_CURVE('',#1002,#979,#1004,.T.);
#1002 = VERTEX_POINT('',#1003);
#1003 = CARTESIAN_POINT('',(-1.196790137712,-7.268,5.870892815519));
#1004 = SURFACE_CURVE('',#1005,(#1009,#1015),.PCURVE_S1.);
#1005 = LINE('',#1006,#1007);
#1006 = CARTESIAN_POINT('',(-1.196790137712,-12.368,5.870892815519));
#1007 = VECTOR('',#1008,1.);
#1008 = DIRECTION('',(0.,-1.,0.));
#1009 = PCURVE('',#845,#1010);
#1010 = DEFINITIONAL_REPRESENTATION('',(#1011),#1014);
#1011 = B_SPLINE_CURVE_WITH_KNOTS('',1,(#1012,#1013),.UNSPECIFIED.,.F.,
  .F.,(2,2),(-5.1,1.7),.PIECEWISE_BEZIER_KNOTS.);
#1012 = CARTESIAN_POINT('',(6.8,-0.223077711993));
#1013 = CARTESIAN_POINT('',(0.,-0.223077711993));
#1014 = ( GEOMETRIC_REPRESENTATION_CONTEXT(2) 
PARAMETRIC_REPRESENTATION_CONTEXT() REPRESENTATION_CONTEXT('2D SPACE',''
  ) );
#1015 = PCURVE('',#1016,#1021);
#1016 = PLANE('',#1017);
#1017 = AXIS2_PLACEMENT_3D('',#1018,#1019,#1020);
#1018 = CARTESIAN_POINT('',(-1.866953955814,-10.668,2.07020493775));
#1019 = DIRECTION('',(-0.984807753012,-0.,0.173648177667));
#1020 = DIRECTION('',(-0.173648177667,0.,-0.984807753012));
#1021 = DEFINITIONAL_REPRESENTATION('',(#1022),#1025);
#1022 = B_SPLINE_CURVE_WITH_KNOTS('',1,(#1023,#1024),.UNSPECIFIED.,.F.,
  .F.,(2,2),(-5.1,1.7),.PIECEWISE_BEZIER_KNOTS.);
#1023 = CARTESIAN_POINT('',(-3.859319614558,-3.4));
#1024 = CARTESIAN_POINT('',(-3.859319614558,3.4));
#1025 = ( GEOMETRIC_REPRESENTATION_CONTEXT(2) 
PARAMETRIC_REPRESENTATION_CONTEXT() REPRESENTATION_CONTEXT('2D SPACE',''
  ) );
#1026 = ORIENTED_EDGE('',*,*,#1027,.F.);
#1027 = EDGE_CURVE('',#830,#1002,#1028,.T.);
#1028 = SURFACE_CURVE('',#1029,(#1033,#1040),.PCURVE_S1.);
#1029 = LINE('',#1030,#1031);
#1030 = CARTESIAN_POINT('',(-1.419018971662,-7.268,5.890335319198));
#1031 = VECTOR('',#1032,1.);
#1032 = DIRECTION('',(0.996194698092,0.,-8.715574274766E-02));
#1033 = PCURVE('',#845,#1034);
#1034 = DEFINITIONAL_REPRESENTATION('',(#1035),#1039);
#1035 = LINE('',#1036,#1037);
#1036 = CARTESIAN_POINT('',(6.8,-2.211996581662E-16));
#1037 = VECTOR('',#1038,1.);
#1038 = DIRECTION('',(0.,-1.));
#1039 = ( GEOMETRIC_REPRESENTATION_CONTEXT(2) 
PARAMETRIC_REPRESENTATION_CONTEXT() REPRESENTATION_CONTEXT('2D SPACE',''
  ) );
#1040 = PCURVE('',#874,#1041);
#1041 = DEFINITIONAL_REPRESENTATION('',(#1042),#1046);
#1042 = LINE('',#1043,#1044);
#1043 = CARTESIAN_POINT('',(0.,0.));
#1044 = VECTOR('',#1045,1.);
#1045 = DIRECTION('',(0.,-1.));
#1046 = ( GEOMETRIC_REPRESENTATION_CONTEXT(2) 
PARAMETRIC_REPRESENTATION_CONTEXT() REPRESENTATION_CONTEXT('2D SPACE',''
  ) );
#1047 = ADVANCED_FACE('',(#1048),#1016,.F.);
#1048 = FACE_BOUND('',#1049,.F.);
#1049 = EDGE_LOOP('',(#1050,#1081,#1109,#1138,#1159,#1185,#1186,#1214));
#1050 = ORIENTED_EDGE('',*,*,#1051,.T.);
#1051 = EDGE_CURVE('',#1052,#1054,#1056,.T.);
#1052 = VERTEX_POINT('',#1053);
#1053 = CARTESIAN_POINT('',(-1.389082407184,-16.90159437077,
    4.780349163608));
#1054 = VERTEX_POINT('',#1055);
#1055 = CARTESIAN_POINT('',(-1.18104365403,-14.068,5.960195562149));
#1056 = SURFACE_CURVE('',#1057,(#1062,#1069),.PCURVE_S1.);
#1057 = CIRCLE('',#1058,3.95);
#1058 = AXIS2_PLACEMENT_3D('',#1059,#1060,#1061);
#1059 = CARTESIAN_POINT('',(-1.866953955814,-14.068,2.07020493775));
#1060 = DIRECTION('',(-0.984807753012,-3.08148791102E-33,0.173648177667)
  );
#1061 = DIRECTION('',(-0.173648177667,1.124276480633E-16,-0.984807753012
    ));
#1062 = PCURVE('',#1016,#1063);
#1063 = DEFINITIONAL_REPRESENTATION('',(#1064),#1068);
#1064 = CIRCLE('',#1065,3.95);
#1065 = AXIS2_PLACEMENT_2D('',#1066,#1067);
#1066 = CARTESIAN_POINT('',(-9.132426347848E-16,3.4));
#1067 = DIRECTION('',(1.,-1.124276480633E-16));
#1068 = ( GEOMETRIC_REPRESENTATION_CONTEXT(2) 
PARAMETRIC_REPRESENTATION_CONTEXT() REPRESENTATION_CONTEXT('2D SPACE',''
  ) );
#1069 = PCURVE('',#1070,#1075);
#1070 = CYLINDRICAL_SURFACE('',#1071,3.95);
#1071 = AXIS2_PLACEMENT_3D('',#1072,#1073,#1074);
#1072 = CARTESIAN_POINT('',(-1.866953955814,-14.068,2.07020493775));
#1073 = DIRECTION('',(-0.984807753012,0.,0.173648177667));
#1074 = DIRECTION('',(-0.173648177667,1.124276480633E-16,-0.984807753012
    ));
#1075 = DEFINITIONAL_REPRESENTATION('',(#1076),#1080);
#1076 = LINE('',#1077,#1078);
#1077 = CARTESIAN_POINT('',(0.,0.));
#1078 = VECTOR('',#1079,1.);
#1079 = DIRECTION('',(1.,0.));
#1080 = ( GEOMETRIC_REPRESENTATION_CONTEXT(2) 
PARAMETRIC_REPRESENTATION_CONTEXT() REPRESENTATION_CONTEXT('2D SPACE',''
  ) );
#1081 = ORIENTED_EDGE('',*,*,#1082,.T.);
#1082 = EDGE_CURVE('',#1054,#1083,#1085,.T.);
#1083 = VERTEX_POINT('',#1084);
#1084 = CARTESIAN_POINT('',(-1.18104365403,-7.268,5.960195562149));
#1085 = SURFACE_CURVE('',#1086,(#1090,#1097),.PCURVE_S1.);
#1086 = LINE('',#1087,#1088);
#1087 = CARTESIAN_POINT('',(-1.18104365403,-14.068,5.960195562149));
#1088 = VECTOR('',#1089,1.);
#1089 = DIRECTION('',(0.,1.,0.));
#1090 = PCURVE('',#1016,#1091);
#1091 = DEFINITIONAL_REPRESENTATION('',(#1092),#1096);
#1092 = LINE('',#1093,#1094);
#1093 = CARTESIAN_POINT('',(-3.95,3.4));
#1094 = VECTOR('',#1095,1.);
#1095 = DIRECTION('',(0.,-1.));
#1096 = ( GEOMETRIC_REPRESENTATION_CONTEXT(2) 
PARAMETRIC_REPRESENTATION_CONTEXT() REPRESENTATION_CONTEXT('2D SPACE',''
  ) );
#1097 = PCURVE('',#1098,#1103);
#1098 = PLANE('',#1099);
#1099 = AXIS2_PLACEMENT_3D('',#1100,#1101,#1102);
#1100 = CARTESIAN_POINT('',(-1.18104365403,-14.068,5.960195562149));
#1101 = DIRECTION('',(0.173648177667,0.,0.984807753012));
#1102 = DIRECTION('',(0.,1.,0.));
#1103 = DEFINITIONAL_REPRESENTATION('',(#1104),#1108);
#1104 = LINE('',#1105,#1106);
#1105 = CARTESIAN_POINT('',(0.,0.));
#1106 = VECTOR('',#1107,1.);
#1107 = DIRECTION('',(1.,0.));
#1108 = ( GEOMETRIC_REPRESENTATION_CONTEXT(2) 
PARAMETRIC_REPRESENTATION_CONTEXT() REPRESENTATION_CONTEXT('2D SPACE',''
  ) );
#1109 = ORIENTED_EDGE('',*,*,#1110,.T.);
#1110 = EDGE_CURVE('',#1083,#1111,#1113,.T.);
#1111 = VERTEX_POINT('',#1112);
#1112 = CARTESIAN_POINT('',(-1.389082407184,-4.43440562923,
    4.780349163608));
#1113 = SURFACE_CURVE('',#1114,(#1119,#1126),.PCURVE_S1.);
#1114 = CIRCLE('',#1115,3.95);
#1115 = AXIS2_PLACEMENT_3D('',#1116,#1117,#1118);
#1116 = CARTESIAN_POINT('',(-1.866953955814,-7.268,2.07020493775));
#1117 = DIRECTION('',(-0.984807753012,-3.08148791102E-33,0.173648177667)
  );
#1118 = DIRECTION('',(0.173648177667,-1.124276480633E-16,0.984807753012)
  );
#1119 = PCURVE('',#1016,#1120);
#1120 = DEFINITIONAL_REPRESENTATION('',(#1121),#1125);
#1121 = CIRCLE('',#1122,3.95);
#1122 = AXIS2_PLACEMENT_2D('',#1123,#1124);
#1123 = CARTESIAN_POINT('',(0.,-3.4));
#1124 = DIRECTION('',(-1.,1.124276480633E-16));
#1125 = ( GEOMETRIC_REPRESENTATION_CONTEXT(2) 
PARAMETRIC_REPRESENTATION_CONTEXT() REPRESENTATION_CONTEXT('2D SPACE',''
  ) );
#1126 = PCURVE('',#1127,#1132);
#1127 = CYLINDRICAL_SURFACE('',#1128,3.95);
#1128 = AXIS2_PLACEMENT_3D('',#1129,#1130,#1131);
#1129 = CARTESIAN_POINT('',(-1.866953955814,-7.268,2.07020493775));
#1130 = DIRECTION('',(-0.984807753012,0.,0.173648177667));
#1131 = DIRECTION('',(0.173648177667,-1.124276480633E-16,0.984807753012)
  );
#1132 = DEFINITIONAL_REPRESENTATION('',(#1133),#1137);
#1133 = LINE('',#1134,#1135);
#1134 = CARTESIAN_POINT('',(0.,0.));
#1135 = VECTOR('',#1136,1.);
#1136 = DIRECTION('',(1.,0.));
#1137 = ( GEOMETRIC_REPRESENTATION_CONTEXT(2) 
PARAMETRIC_REPRESENTATION_CONTEXT() REPRESENTATION_CONTEXT('2D SPACE',''
  ) );
#1138 = ORIENTED_EDGE('',*,*,#1139,.F.);
#1139 = EDGE_CURVE('',#1140,#1111,#1142,.T.);
#1140 = VERTEX_POINT('',#1141);
#1141 = CARTESIAN_POINT('',(-1.389082407184,-4.52975910822,
    4.780349163608));
#1142 = SURFACE_CURVE('',#1143,(#1147,#1153),.PCURVE_S1.);
#1143 = LINE('',#1144,#1145);
#1144 = CARTESIAN_POINT('',(-1.389082407184,-0.334,4.780349163608));
#1145 = VECTOR('',#1146,1.);
#1146 = DIRECTION('',(-0.,1.,0.));
#1147 = PCURVE('',#1016,#1148);
#1148 = DEFINITIONAL_REPRESENTATION('',(#1149),#1152);
#1149 = B_SPLINE_CURVE_WITH_KNOTS('',1,(#1150,#1151),.UNSPECIFIED.,.F.,
  .F.,(2,2),(-17.684,-2.984),.PIECEWISE_BEZIER_KNOTS.);
#1150 = CARTESIAN_POINT('',(-2.751952568984,7.35));
#1151 = CARTESIAN_POINT('',(-2.751952568984,-7.35));
#1152 = ( GEOMETRIC_REPRESENTATION_CONTEXT(2) 
PARAMETRIC_REPRESENTATION_CONTEXT() REPRESENTATION_CONTEXT('2D SPACE',''
  ) );
#1153 = PCURVE('',#305,#1154);
#1154 = DEFINITIONAL_REPRESENTATION('',(#1155),#1158);
#1155 = B_SPLINE_CURVE_WITH_KNOTS('',1,(#1156,#1157),.UNSPECIFIED.,.F.,
  .F.,(2,2),(-17.684,-2.984),.PIECEWISE_BEZIER_KNOTS.);
#1156 = CARTESIAN_POINT('',(1.564641088034,-28.018));
#1157 = CARTESIAN_POINT('',(1.564641088034,-13.318));
#1158 = ( GEOMETRIC_REPRESENTATION_CONTEXT(2) 
PARAMETRIC_REPRESENTATION_CONTEXT() REPRESENTATION_CONTEXT('2D SPACE',''
  ) );
#1159 = ORIENTED_EDGE('',*,*,#1160,.F.);
#1160 = EDGE_CURVE('',#1002,#1140,#1161,.T.);
#1161 = SURFACE_CURVE('',#1162,(#1167,#1174),.PCURVE_S1.);
#1162 = ELLIPSE('',#1163,3.965088358296,3.95);
#1163 = AXIS2_PLACEMENT_3D('',#1164,#1165,#1166);
#1164 = CARTESIAN_POINT('',(-1.885320505419,-7.268,1.966043058891));
#1165 = DIRECTION('',(-0.984807753012,-0.,0.173648177667));
#1166 = DIRECTION('',(-0.173648177667,0.,-0.984807753012));
#1167 = PCURVE('',#1016,#1168);
#1168 = DEFINITIONAL_REPRESENTATION('',(#1169),#1173);
#1169 = ELLIPSE('',#1170,3.965088358296,3.95);
#1170 = AXIS2_PLACEMENT_2D('',#1171,#1172);
#1171 = CARTESIAN_POINT('',(0.105768743738,-3.4));
#1172 = DIRECTION('',(1.,-0.));
#1173 = ( GEOMETRIC_REPRESENTATION_CONTEXT(2) 
PARAMETRIC_REPRESENTATION_CONTEXT() REPRESENTATION_CONTEXT('2D SPACE',''
  ) );
#1174 = PCURVE('',#874,#1175);
#1175 = DEFINITIONAL_REPRESENTATION('',(#1176),#1184);
#1176 = B_SPLINE_CURVE_WITH_KNOTS('',6,(#1177,#1178,#1179,#1180,#1181,
    #1182,#1183),.UNSPECIFIED.,.F.,.F.,(7,7),(3.14159265359,
    3.985290730987),.PIECEWISE_BEZIER_KNOTS.);
#1177 = CARTESIAN_POINT('',(0.,-0.223077711993));
#1178 = CARTESIAN_POINT('',(0.140616346233,-0.223077711993));
#1179 = CARTESIAN_POINT('',(0.281232692466,-0.214877985564));
#1180 = CARTESIAN_POINT('',(0.421849038698,-0.198478216992));
#1181 = CARTESIAN_POINT('',(0.562465384931,-0.174365860395));
#1182 = CARTESIAN_POINT('',(0.703081731164,-0.143511282401));
#1183 = CARTESIAN_POINT('',(0.843698077397,-0.107206226006));
#1184 = ( GEOMETRIC_REPRESENTATION_CONTEXT(2) 
PARAMETRIC_REPRESENTATION_CONTEXT() REPRESENTATION_CONTEXT('2D SPACE',''
  ) );
#1185 = ORIENTED_EDGE('',*,*,#1001,.T.);
#1186 = ORIENTED_EDGE('',*,*,#1187,.F.);
#1187 = EDGE_CURVE('',#1188,#979,#1190,.T.);
#1188 = VERTEX_POINT('',#1189);
#1189 = CARTESIAN_POINT('',(-1.389082407184,-16.80624089178,
    4.780349163608));
#1190 = SURFACE_CURVE('',#1191,(#1196,#1203),.PCURVE_S1.);
#1191 = ELLIPSE('',#1192,3.965088358296,3.95);
#1192 = AXIS2_PLACEMENT_3D('',#1193,#1194,#1195);
#1193 = CARTESIAN_POINT('',(-1.885320505419,-14.068,1.966043058891));
#1194 = DIRECTION('',(-0.984807753012,-0.,0.173648177667));
#1195 = DIRECTION('',(-0.173648177667,0.,-0.984807753012));
#1196 = PCURVE('',#1016,#1197);
#1197 = DEFINITIONAL_REPRESENTATION('',(#1198),#1202);
#1198 = ELLIPSE('',#1199,3.965088358296,3.95);
#1199 = AXIS2_PLACEMENT_2D('',#1200,#1201);
#1200 = CARTESIAN_POINT('',(0.105768743738,3.4));
#1201 = DIRECTION('',(1.,-0.));
#1202 = ( GEOMETRIC_REPRESENTATION_CONTEXT(2) 
PARAMETRIC_REPRESENTATION_CONTEXT() REPRESENTATION_CONTEXT('2D SPACE',''
  ) );
#1203 = PCURVE('',#817,#1204);
#1204 = DEFINITIONAL_REPRESENTATION('',(#1205),#1213);
#1205 = B_SPLINE_CURVE_WITH_KNOTS('',6,(#1206,#1207,#1208,#1209,#1210,
    #1211,#1212),.UNSPECIFIED.,.F.,.F.,(7,7),(2.297894576193,
    3.14159265359),.PIECEWISE_BEZIER_KNOTS.);
#1206 = CARTESIAN_POINT('',(2.297894576193,-0.107206226006));
#1207 = CARTESIAN_POINT('',(2.438510922426,-0.143511282401));
#1208 = CARTESIAN_POINT('',(2.579127268659,-0.174365860395));
#1209 = CARTESIAN_POINT('',(2.719743614891,-0.198478216992));
#1210 = CARTESIAN_POINT('',(2.860359961124,-0.214877985564));
#1211 = CARTESIAN_POINT('',(3.000976307357,-0.223077711993));
#1212 = CARTESIAN_POINT('',(3.14159265359,-0.223077711993));
#1213 = ( GEOMETRIC_REPRESENTATION_CONTEXT(2) 
PARAMETRIC_REPRESENTATION_CONTEXT() REPRESENTATION_CONTEXT('2D SPACE',''
  ) );
#1214 = ORIENTED_EDGE('',*,*,#1215,.F.);
#1215 = EDGE_CURVE('',#1052,#1188,#1216,.T.);
#1216 = SURFACE_CURVE('',#1217,(#1221,#1227),.PCURVE_S1.);
#1217 = LINE('',#1218,#1219);
#1218 = CARTESIAN_POINT('',(-1.389082407184,-0.334,4.780349163608));
#1219 = VECTOR('',#1220,1.);
#1220 = DIRECTION('',(-0.,1.,0.));
#1221 = PCURVE('',#1016,#1222);
#1222 = DEFINITIONAL_REPRESENTATION('',(#1223),#1226);
#1223 = B_SPLINE_CURVE_WITH_KNOTS('',1,(#1224,#1225),.UNSPECIFIED.,.F.,
  .F.,(2,2),(-17.684,-2.984),.PIECEWISE_BEZIER_KNOTS.);
#1224 = CARTESIAN_POINT('',(-2.751952568984,7.35));
#1225 = CARTESIAN_POINT('',(-2.751952568984,-7.35));
#1226 = ( GEOMETRIC_REPRESENTATION_CONTEXT(2) 
PARAMETRIC_REPRESENTATION_CONTEXT() REPRESENTATION_CONTEXT('2D SPACE',''
  ) );
#1227 = PCURVE('',#43,#1228);
#1228 = DEFINITIONAL_REPRESENTATION('',(#1229),#1232);
#1229 = B_SPLINE_CURVE_WITH_KNOTS('',1,(#1230,#1231),.UNSPECIFIED.,.F.,
  .F.,(2,2),(-17.684,-2.984),.PIECEWISE_BEZIER_KNOTS.);
#1230 = CARTESIAN_POINT('',(1.564641088034,-28.018));
#1231 = CARTESIAN_POINT('',(1.564641088034,-13.318));
#1232 = ( GEOMETRIC_REPRESENTATION_CONTEXT(2) 
PARAMETRIC_REPRESENTATION_CONTEXT() REPRESENTATION_CONTEXT('2D SPACE',''
  ) );
#1233 = ADVANCED_FACE('',(#1234),#1098,.F.);
#1234 = FACE_BOUND('',#1235,.F.);
#1235 = EDGE_LOOP('',(#1236,#1237,#1260,#1286));
#1236 = ORIENTED_EDGE('',*,*,#1082,.F.);
#1237 = ORIENTED_EDGE('',*,*,#1238,.T.);
#1238 = EDGE_CURVE('',#1054,#1239,#1241,.T.);
#1239 = VERTEX_POINT('',#1240);
#1240 = CARTESIAN_POINT('',(-0.961354993736,-14.068,5.921458523983));
#1241 = SURFACE_CURVE('',#1242,(#1246,#1253),.PCURVE_S1.);
#1242 = LINE('',#1243,#1244);
#1243 = CARTESIAN_POINT('',(-1.18104365403,-14.068,5.960195562149));
#1244 = VECTOR('',#1245,1.);
#1245 = DIRECTION('',(0.984807753012,0.,-0.173648177667));
#1246 = PCURVE('',#1098,#1247);
#1247 = DEFINITIONAL_REPRESENTATION('',(#1248),#1252);
#1248 = LINE('',#1249,#1250);
#1249 = CARTESIAN_POINT('',(0.,0.));
#1250 = VECTOR('',#1251,1.);
#1251 = DIRECTION('',(0.,-1.));
#1252 = ( GEOMETRIC_REPRESENTATION_CONTEXT(2) 
PARAMETRIC_REPRESENTATION_CONTEXT() REPRESENTATION_CONTEXT('2D SPACE',''
  ) );
#1253 = PCURVE('',#1070,#1254);
#1254 = DEFINITIONAL_REPRESENTATION('',(#1255),#1259);
#1255 = LINE('',#1256,#1257);
#1256 = CARTESIAN_POINT('',(3.14159265359,0.));
#1257 = VECTOR('',#1258,1.);
#1258 = DIRECTION('',(0.,-1.));
#1259 = ( GEOMETRIC_REPRESENTATION_CONTEXT(2) 
PARAMETRIC_REPRESENTATION_CONTEXT() REPRESENTATION_CONTEXT('2D SPACE',''
  ) );
#1260 = ORIENTED_EDGE('',*,*,#1261,.F.);
#1261 = EDGE_CURVE('',#1262,#1239,#1264,.T.);
#1262 = VERTEX_POINT('',#1263);
#1263 = CARTESIAN_POINT('',(-0.961354993736,-7.268,5.921458523983));
#1264 = SURFACE_CURVE('',#1265,(#1269,#1275),.PCURVE_S1.);
#1265 = LINE('',#1266,#1267);
#1266 = CARTESIAN_POINT('',(-0.961354993736,-12.368,5.921458523983));
#1267 = VECTOR('',#1268,1.);
#1268 = DIRECTION('',(0.,-1.,0.));
#1269 = PCURVE('',#1098,#1270);
#1270 = DEFINITIONAL_REPRESENTATION('',(#1271),#1274);
#1271 = B_SPLINE_CURVE_WITH_KNOTS('',1,(#1272,#1273),.UNSPECIFIED.,.F.,
  .F.,(2,2),(-5.1,1.7),.PIECEWISE_BEZIER_KNOTS.);
#1272 = CARTESIAN_POINT('',(6.8,-0.223077711993));
#1273 = CARTESIAN_POINT('',(0.,-0.223077711993));
#1274 = ( GEOMETRIC_REPRESENTATION_CONTEXT(2) 
PARAMETRIC_REPRESENTATION_CONTEXT() REPRESENTATION_CONTEXT('2D SPACE',''
  ) );
#1275 = PCURVE('',#1276,#1281);
#1276 = PLANE('',#1277);
#1277 = AXIS2_PLACEMENT_3D('',#1278,#1279,#1280);
#1278 = CARTESIAN_POINT('',(-1.960220411121,-10.668,2.193642036378));
#1279 = DIRECTION('',(-0.965925826289,-0.,0.258819045103));
#1280 = DIRECTION('',(-0.258819045103,0.,-0.965925826289));
#1281 = DEFINITIONAL_REPRESENTATION('',(#1282),#1285);
#1282 = B_SPLINE_CURVE_WITH_KNOTS('',1,(#1283,#1284),.UNSPECIFIED.,.F.,
  .F.,(2,2),(-5.1,1.7),.PIECEWISE_BEZIER_KNOTS.);
#1283 = CARTESIAN_POINT('',(-3.859319614558,-3.4));
#1284 = CARTESIAN_POINT('',(-3.859319614558,3.4));
#1285 = ( GEOMETRIC_REPRESENTATION_CONTEXT(2) 
PARAMETRIC_REPRESENTATION_CONTEXT() REPRESENTATION_CONTEXT('2D SPACE',''
  ) );
#1286 = ORIENTED_EDGE('',*,*,#1287,.F.);
#1287 = EDGE_CURVE('',#1083,#1262,#1288,.T.);
#1288 = SURFACE_CURVE('',#1289,(#1293,#1300),.PCURVE_S1.);
#1289 = LINE('',#1290,#1291);
#1290 = CARTESIAN_POINT('',(-1.18104365403,-7.268,5.960195562149));
#1291 = VECTOR('',#1292,1.);
#1292 = DIRECTION('',(0.984807753012,0.,-0.173648177667));
#1293 = PCURVE('',#1098,#1294);
#1294 = DEFINITIONAL_REPRESENTATION('',(#1295),#1299);
#1295 = LINE('',#1296,#1297);
#1296 = CARTESIAN_POINT('',(6.8,0.));
#1297 = VECTOR('',#1298,1.);
#1298 = DIRECTION('',(0.,-1.));
#1299 = ( GEOMETRIC_REPRESENTATION_CONTEXT(2) 
PARAMETRIC_REPRESENTATION_CONTEXT() REPRESENTATION_CONTEXT('2D SPACE',''
  ) );
#1300 = PCURVE('',#1127,#1301);
#1301 = DEFINITIONAL_REPRESENTATION('',(#1302),#1306);
#1302 = LINE('',#1303,#1304);
#1303 = CARTESIAN_POINT('',(0.,0.));
#1304 = VECTOR('',#1305,1.);
#1305 = DIRECTION('',(0.,-1.));
#1306 = ( GEOMETRIC_REPRESENTATION_CONTEXT(2) 
PARAMETRIC_REPRESENTATION_CONTEXT() REPRESENTATION_CONTEXT('2D SPACE',''
  ) );
#1307 = ADVANCED_FACE('',(#1308),#1276,.F.);
#1308 = FACE_BOUND('',#1309,.F.);
#1309 = EDGE_LOOP('',(#1310,#1341,#1369,#1398,#1419,#1445,#1446,#1474));
#1310 = ORIENTED_EDGE('',*,*,#1311,.T.);
#1311 = EDGE_CURVE('',#1312,#1314,#1316,.T.);
#1312 = VERTEX_POINT('',#1313);
#1313 = CARTESIAN_POINT('',(-1.276817930446,-17.00576235068,
    4.744134816273));
#1314 = VERTEX_POINT('',#1315);
#1315 = CARTESIAN_POINT('',(-0.937885182966,-14.068,6.009049050219));
#1316 = SURFACE_CURVE('',#1317,(#1322,#1329),.PCURVE_S1.);
#1317 = CIRCLE('',#1318,3.95);
#1318 = AXIS2_PLACEMENT_3D('',#1319,#1320,#1321);
#1319 = CARTESIAN_POINT('',(-1.960220411121,-14.068,2.193642036378));
#1320 = DIRECTION('',(-0.965925826289,6.162975822039E-33,0.258819045103)
  );
#1321 = DIRECTION('',(-0.258819045103,1.124276480633E-16,-0.965925826289
    ));
#1322 = PCURVE('',#1276,#1323);
#1323 = DEFINITIONAL_REPRESENTATION('',(#1324),#1328);
#1324 = CIRCLE('',#1325,3.95);
#1325 = AXIS2_PLACEMENT_2D('',#1326,#1327);
#1326 = CARTESIAN_POINT('',(-9.153838465578E-16,3.4));
#1327 = DIRECTION('',(1.,-1.124276480633E-16));
#1328 = ( GEOMETRIC_REPRESENTATION_CONTEXT(2) 
PARAMETRIC_REPRESENTATION_CONTEXT() REPRESENTATION_CONTEXT('2D SPACE',''
  ) );
#1329 = PCURVE('',#1330,#1335);
#1330 = CYLINDRICAL_SURFACE('',#1331,3.95);
#1331 = AXIS2_PLACEMENT_3D('',#1332,#1333,#1334);
#1332 = CARTESIAN_POINT('',(-1.960220411121,-14.068,2.193642036378));
#1333 = DIRECTION('',(-0.965925826289,0.,0.258819045103));
#1334 = DIRECTION('',(-0.258819045103,1.124276480633E-16,-0.965925826289
    ));
#1335 = DEFINITIONAL_REPRESENTATION('',(#1336),#1340);
#1336 = LINE('',#1337,#1338);
#1337 = CARTESIAN_POINT('',(0.,0.));
#1338 = VECTOR('',#1339,1.);
#1339 = DIRECTION('',(1.,0.));
#1340 = ( GEOMETRIC_REPRESENTATION_CONTEXT(2) 
PARAMETRIC_REPRESENTATION_CONTEXT() REPRESENTATION_CONTEXT('2D SPACE',''
  ) );
#1341 = ORIENTED_EDGE('',*,*,#1342,.T.);
#1342 = EDGE_CURVE('',#1314,#1343,#1345,.T.);
#1343 = VERTEX_POINT('',#1344);
#1344 = CARTESIAN_POINT('',(-0.937885182966,-7.268,6.009049050219));
#1345 = SURFACE_CURVE('',#1346,(#1350,#1357),.PCURVE_S1.);
#1346 = LINE('',#1347,#1348);
#1347 = CARTESIAN_POINT('',(-0.937885182966,-14.068,6.009049050219));
#1348 = VECTOR('',#1349,1.);
#1349 = DIRECTION('',(0.,1.,0.));
#1350 = PCURVE('',#1276,#1351);
#1351 = DEFINITIONAL_REPRESENTATION('',(#1352),#1356);
#1352 = LINE('',#1353,#1354);
#1353 = CARTESIAN_POINT('',(-3.95,3.4));
#1354 = VECTOR('',#1355,1.);
#1355 = DIRECTION('',(0.,-1.));
#1356 = ( GEOMETRIC_REPRESENTATION_CONTEXT(2) 
PARAMETRIC_REPRESENTATION_CONTEXT() REPRESENTATION_CONTEXT('2D SPACE',''
  ) );
#1357 = PCURVE('',#1358,#1363);
#1358 = PLANE('',#1359);
#1359 = AXIS2_PLACEMENT_3D('',#1360,#1361,#1362);
#1360 = CARTESIAN_POINT('',(-0.937885182966,-14.068,6.009049050219));
#1361 = DIRECTION('',(0.258819045103,0.,0.965925826289));
#1362 = DIRECTION('',(0.,1.,0.));
#1363 = DEFINITIONAL_REPRESENTATION('',(#1364),#1368);
#1364 = LINE('',#1365,#1366);
#1365 = CARTESIAN_POINT('',(0.,0.));
#1366 = VECTOR('',#1367,1.);
#1367 = DIRECTION('',(1.,0.));
#1368 = ( GEOMETRIC_REPRESENTATION_CONTEXT(2) 
PARAMETRIC_REPRESENTATION_CONTEXT() REPRESENTATION_CONTEXT('2D SPACE',''
  ) );
#1369 = ORIENTED_EDGE('',*,*,#1370,.T.);
#1370 = EDGE_CURVE('',#1343,#1371,#1373,.T.);
#1371 = VERTEX_POINT('',#1372);
#1372 = CARTESIAN_POINT('',(-1.276817930446,-4.330237649314,
    4.744134816273));
#1373 = SURFACE_CURVE('',#1374,(#1379,#1386),.PCURVE_S1.);
#1374 = CIRCLE('',#1375,3.95);
#1375 = AXIS2_PLACEMENT_3D('',#1376,#1377,#1378);
#1376 = CARTESIAN_POINT('',(-1.960220411121,-7.268,2.193642036378));
#1377 = DIRECTION('',(-0.965925826289,6.162975822039E-33,0.258819045103)
  );
#1378 = DIRECTION('',(0.258819045103,-1.124276480633E-16,0.965925826289)
  );
#1379 = PCURVE('',#1276,#1380);
#1380 = DEFINITIONAL_REPRESENTATION('',(#1381),#1385);
#1381 = CIRCLE('',#1382,3.95);
#1382 = AXIS2_PLACEMENT_2D('',#1383,#1384);
#1383 = CARTESIAN_POINT('',(0.,-3.4));
#1384 = DIRECTION('',(-1.,1.124276480633E-16));
#1385 = ( GEOMETRIC_REPRESENTATION_CONTEXT(2) 
PARAMETRIC_REPRESENTATION_CONTEXT() REPRESENTATION_CONTEXT('2D SPACE',''
  ) );
#1386 = PCURVE('',#1387,#1392);
#1387 = CYLINDRICAL_SURFACE('',#1388,3.95);
#1388 = AXIS2_PLACEMENT_3D('',#1389,#1390,#1391);
#1389 = CARTESIAN_POINT('',(-1.960220411121,-7.268,2.193642036378));
#1390 = DIRECTION('',(-0.965925826289,0.,0.258819045103));
#1391 = DIRECTION('',(0.258819045103,-1.124276480633E-16,0.965925826289)
  );
#1392 = DEFINITIONAL_REPRESENTATION('',(#1393),#1397);
#1393 = LINE('',#1394,#1395);
#1394 = CARTESIAN_POINT('',(0.,0.));
#1395 = VECTOR('',#1396,1.);
#1396 = DIRECTION('',(1.,0.));
#1397 = ( GEOMETRIC_REPRESENTATION_CONTEXT(2) 
PARAMETRIC_REPRESENTATION_CONTEXT() REPRESENTATION_CONTEXT('2D SPACE',''
  ) );
#1398 = ORIENTED_EDGE('',*,*,#1399,.F.);
#1399 = EDGE_CURVE('',#1400,#1371,#1402,.T.);
#1400 = VERTEX_POINT('',#1401);
#1401 = CARTESIAN_POINT('',(-1.276817930446,-4.418791020217,
    4.744134816273));
#1402 = SURFACE_CURVE('',#1403,(#1407,#1413),.PCURVE_S1.);
#1403 = LINE('',#1404,#1405);
#1404 = CARTESIAN_POINT('',(-1.276817930446,-0.334,4.744134816273));
#1405 = VECTOR('',#1406,1.);
#1406 = DIRECTION('',(-0.,1.,0.));
#1407 = PCURVE('',#1276,#1408);
#1408 = DEFINITIONAL_REPRESENTATION('',(#1409),#1412);
#1409 = B_SPLINE_CURVE_WITH_KNOTS('',1,(#1410,#1411),.UNSPECIFIED.,.F.,
  .F.,(2,2),(-6.501812501513,-2.984),.PIECEWISE_BEZIER_KNOTS.);
#1410 = CARTESIAN_POINT('',(-2.640464423334,-3.832187498487));
#1411 = CARTESIAN_POINT('',(-2.640464423334,-7.35));
#1412 = ( GEOMETRIC_REPRESENTATION_CONTEXT(2) 
PARAMETRIC_REPRESENTATION_CONTEXT() REPRESENTATION_CONTEXT('2D SPACE',''
  ) );
#1413 = PCURVE('',#305,#1414);
#1414 = DEFINITIONAL_REPRESENTATION('',(#1415),#1418);
#1415 = B_SPLINE_CURVE_WITH_KNOTS('',1,(#1416,#1417),.UNSPECIFIED.,.F.,
  .F.,(2,2),(-6.501812501513,-2.984),.PIECEWISE_BEZIER_KNOTS.);
#1416 = CARTESIAN_POINT('',(1.446680112749,-16.83581250151));
#1417 = CARTESIAN_POINT('',(1.446680112749,-13.318));
#1418 = ( GEOMETRIC_REPRESENTATION_CONTEXT(2) 
PARAMETRIC_REPRESENTATION_CONTEXT() REPRESENTATION_CONTEXT('2D SPACE',''
  ) );
#1419 = ORIENTED_EDGE('',*,*,#1420,.F.);
#1420 = EDGE_CURVE('',#1262,#1400,#1421,.T.);
#1421 = SURFACE_CURVE('',#1422,(#1427,#1434),.PCURVE_S1.);
#1422 = ELLIPSE('',#1423,3.965088358296,3.95);
#1423 = AXIS2_PLACEMENT_3D('',#1424,#1425,#1426);
#1424 = CARTESIAN_POINT('',(-1.987595376377,-7.268,2.091477275187));
#1425 = DIRECTION('',(-0.965925826289,-0.,0.258819045103));
#1426 = DIRECTION('',(-0.258819045103,0.,-0.965925826289));
#1427 = PCURVE('',#1276,#1428);
#1428 = DEFINITIONAL_REPRESENTATION('',(#1429),#1433);
#1429 = ELLIPSE('',#1430,3.965088358296,3.95);
#1430 = AXIS2_PLACEMENT_2D('',#1431,#1432);
#1431 = CARTESIAN_POINT('',(0.105768743738,-3.4));
#1432 = DIRECTION('',(1.,-0.));
#1433 = ( GEOMETRIC_REPRESENTATION_CONTEXT(2) 
PARAMETRIC_REPRESENTATION_CONTEXT() REPRESENTATION_CONTEXT('2D SPACE',''
  ) );
#1434 = PCURVE('',#1127,#1435);
#1435 = DEFINITIONAL_REPRESENTATION('',(#1436),#1444);
#1436 = B_SPLINE_CURVE_WITH_KNOTS('',6,(#1437,#1438,#1439,#1440,#1441,
    #1442,#1443),.UNSPECIFIED.,.F.,.F.,(7,7),(3.14159265359,
    3.993803149914),.PIECEWISE_BEZIER_KNOTS.);
#1437 = CARTESIAN_POINT('',(0.,-0.223077711993));
#1438 = CARTESIAN_POINT('',(0.142035082721,-0.223077711993));
#1439 = CARTESIAN_POINT('',(0.284070165441,-0.214711692812));
#1440 = CARTESIAN_POINT('',(0.426105248162,-0.197979312547));
#1441 = CARTESIAN_POINT('',(0.568140330883,-0.173388041818));
#1442 = CARTESIAN_POINT('',(0.710175413604,-0.141947902995));
#1443 = CARTESIAN_POINT('',(0.852210496324,-0.105000149708));
#1444 = ( GEOMETRIC_REPRESENTATION_CONTEXT(2) 
PARAMETRIC_REPRESENTATION_CONTEXT() REPRESENTATION_CONTEXT('2D SPACE',''
  ) );
#1445 = ORIENTED_EDGE('',*,*,#1261,.T.);
#1446 = ORIENTED_EDGE('',*,*,#1447,.F.);
#1447 = EDGE_CURVE('',#1448,#1239,#1450,.T.);
#1448 = VERTEX_POINT('',#1449);
#1449 = CARTESIAN_POINT('',(-1.276817930446,-16.91720897978,
    4.744134816273));
#1450 = SURFACE_CURVE('',#1451,(#1456,#1463),.PCURVE_S1.);
#1451 = ELLIPSE('',#1452,3.965088358296,3.95);
#1452 = AXIS2_PLACEMENT_3D('',#1453,#1454,#1455);
#1453 = CARTESIAN_POINT('',(-1.987595376377,-14.068,2.091477275187));
#1454 = DIRECTION('',(-0.965925826289,-0.,0.258819045103));
#1455 = DIRECTION('',(-0.258819045103,0.,-0.965925826289));
#1456 = PCURVE('',#1276,#1457);
#1457 = DEFINITIONAL_REPRESENTATION('',(#1458),#1462);
#1458 = ELLIPSE('',#1459,3.965088358296,3.95);
#1459 = AXIS2_PLACEMENT_2D('',#1460,#1461);
#1460 = CARTESIAN_POINT('',(0.105768743738,3.4));
#1461 = DIRECTION('',(1.,-0.));
#1462 = ( GEOMETRIC_REPRESENTATION_CONTEXT(2) 
PARAMETRIC_REPRESENTATION_CONTEXT() REPRESENTATION_CONTEXT('2D SPACE',''
  ) );
#1463 = PCURVE('',#1070,#1464);
#1464 = DEFINITIONAL_REPRESENTATION('',(#1465),#1473);
#1465 = B_SPLINE_CURVE_WITH_KNOTS('',6,(#1466,#1467,#1468,#1469,#1470,
    #1471,#1472),.UNSPECIFIED.,.F.,.F.,(7,7),(2.289382157265,
    3.14159265359),.PIECEWISE_BEZIER_KNOTS.);
#1466 = CARTESIAN_POINT('',(2.289382157265,-0.105000149708));
#1467 = CARTESIAN_POINT('',(2.431417239986,-0.141947902995));
#1468 = CARTESIAN_POINT('',(2.573452322707,-0.173388041818));
#1469 = CARTESIAN_POINT('',(2.715487405427,-0.197979312547));
#1470 = CARTESIAN_POINT('',(2.857522488148,-0.214711692812));
#1471 = CARTESIAN_POINT('',(2.999557570869,-0.223077711993));
#1472 = CARTESIAN_POINT('',(3.14159265359,-0.223077711993));
#1473 = ( GEOMETRIC_REPRESENTATION_CONTEXT(2) 
PARAMETRIC_REPRESENTATION_CONTEXT() REPRESENTATION_CONTEXT('2D SPACE',''
  ) );
#1474 = ORIENTED_EDGE('',*,*,#1475,.F.);
#1475 = EDGE_CURVE('',#1312,#1448,#1476,.T.);
#1476 = SURFACE_CURVE('',#1477,(#1481,#1487),.PCURVE_S1.);
#1477 = LINE('',#1478,#1479);
#1478 = CARTESIAN_POINT('',(-1.276817930446,-0.334,4.744134816273));
#1479 = VECTOR('',#1480,1.);
#1480 = DIRECTION('',(-0.,1.,0.));
#1481 = PCURVE('',#1276,#1482);
#1482 = DEFINITIONAL_REPRESENTATION('',(#1483),#1486);
#1483 = B_SPLINE_CURVE_WITH_KNOTS('',1,(#1484,#1485),.UNSPECIFIED.,.F.,
  .F.,(2,2),(-17.684,-14.16618749848),.PIECEWISE_BEZIER_KNOTS.);
#1484 = CARTESIAN_POINT('',(-2.640464423334,7.35));
#1485 = CARTESIAN_POINT('',(-2.640464423334,3.832187498487));
#1486 = ( GEOMETRIC_REPRESENTATION_CONTEXT(2) 
PARAMETRIC_REPRESENTATION_CONTEXT() REPRESENTATION_CONTEXT('2D SPACE',''
  ) );
#1487 = PCURVE('',#43,#1488);
#1488 = DEFINITIONAL_REPRESENTATION('',(#1489),#1492);
#1489 = B_SPLINE_CURVE_WITH_KNOTS('',1,(#1490,#1491),.UNSPECIFIED.,.F.,
  .F.,(2,2),(-17.684,-14.16618749848),.PIECEWISE_BEZIER_KNOTS.);
#1490 = CARTESIAN_POINT('',(1.446680112749,-28.018));
#1491 = CARTESIAN_POINT('',(1.446680112749,-24.50018749848));
#1492 = ( GEOMETRIC_REPRESENTATION_CONTEXT(2) 
PARAMETRIC_REPRESENTATION_CONTEXT() REPRESENTATION_CONTEXT('2D SPACE',''
  ) );
#1493 = ADVANCED_FACE('',(#1494),#1358,.F.);
#1494 = FACE_BOUND('',#1495,.F.);
#1495 = EDGE_LOOP('',(#1496,#1497,#1520,#1546));
#1496 = ORIENTED_EDGE('',*,*,#1342,.F.);
#1497 = ORIENTED_EDGE('',*,*,#1498,.T.);
#1498 = EDGE_CURVE('',#1314,#1499,#1501,.T.);
#1499 = VERTEX_POINT('',#1500);
#1500 = CARTESIAN_POINT('',(6.327911314234E-02,-14.068,5.740787885586));
#1501 = SURFACE_CURVE('',#1502,(#1506,#1513),.PCURVE_S1.);
#1502 = LINE('',#1503,#1504);
#1503 = CARTESIAN_POINT('',(-0.937885182966,-14.068,6.009049050219));
#1504 = VECTOR('',#1505,1.);
#1505 = DIRECTION('',(0.965925826289,0.,-0.258819045103));
#1506 = PCURVE('',#1358,#1507);
#1507 = DEFINITIONAL_REPRESENTATION('',(#1508),#1512);
#1508 = LINE('',#1509,#1510);
#1509 = CARTESIAN_POINT('',(0.,0.));
#1510 = VECTOR('',#1511,1.);
#1511 = DIRECTION('',(0.,-1.));
#1512 = ( GEOMETRIC_REPRESENTATION_CONTEXT(2) 
PARAMETRIC_REPRESENTATION_CONTEXT() REPRESENTATION_CONTEXT('2D SPACE',''
  ) );
#1513 = PCURVE('',#1330,#1514);
#1514 = DEFINITIONAL_REPRESENTATION('',(#1515),#1519);
#1515 = LINE('',#1516,#1517);
#1516 = CARTESIAN_POINT('',(3.14159265359,0.));
#1517 = VECTOR('',#1518,1.);
#1518 = DIRECTION('',(0.,-1.));
#1519 = ( GEOMETRIC_REPRESENTATION_CONTEXT(2) 
PARAMETRIC_REPRESENTATION_CONTEXT() REPRESENTATION_CONTEXT('2D SPACE',''
  ) );
#1520 = ORIENTED_EDGE('',*,*,#1521,.T.);
#1521 = EDGE_CURVE('',#1499,#1522,#1524,.T.);
#1522 = VERTEX_POINT('',#1523);
#1523 = CARTESIAN_POINT('',(6.327911314235E-02,-7.268,5.740787885586));
#1524 = SURFACE_CURVE('',#1525,(#1529,#1535),.PCURVE_S1.);
#1525 = LINE('',#1526,#1527);
#1526 = CARTESIAN_POINT('',(6.327911314233E-02,-14.068,5.740787885586));
#1527 = VECTOR('',#1528,1.);
#1528 = DIRECTION('',(0.,1.,0.));
#1529 = PCURVE('',#1358,#1530);
#1530 = DEFINITIONAL_REPRESENTATION('',(#1531),#1534);
#1531 = B_SPLINE_CURVE_WITH_KNOTS('',1,(#1532,#1533),.UNSPECIFIED.,.F.,
  .F.,(2,2),(0.,6.8),.PIECEWISE_BEZIER_KNOTS.);
#1532 = CARTESIAN_POINT('',(0.,-1.036481548438));
#1533 = CARTESIAN_POINT('',(6.8,-1.036481548438));
#1534 = ( GEOMETRIC_REPRESENTATION_CONTEXT(2) 
PARAMETRIC_REPRESENTATION_CONTEXT() REPRESENTATION_CONTEXT('2D SPACE',''
  ) );
#1535 = PCURVE('',#1536,#1541);
#1536 = PLANE('',#1537);
#1537 = AXIS2_PLACEMENT_3D('',#1538,#1539,#1540);
#1538 = CARTESIAN_POINT('',(-1.18104365403,-14.068,5.960195562149));
#1539 = DIRECTION('',(0.173648177667,0.,0.984807753012));
#1540 = DIRECTION('',(0.,1.,0.));
#1541 = DEFINITIONAL_REPRESENTATION('',(#1542),#1545);
#1542 = B_SPLINE_CURVE_WITH_KNOTS('',1,(#1543,#1544),.UNSPECIFIED.,.F.,
  .F.,(2,2),(0.,6.8),.PIECEWISE_BEZIER_KNOTS.);
#1543 = CARTESIAN_POINT('',(0.,-1.263518451562));
#1544 = CARTESIAN_POINT('',(6.8,-1.263518451562));
#1545 = ( GEOMETRIC_REPRESENTATION_CONTEXT(2) 
PARAMETRIC_REPRESENTATION_CONTEXT() REPRESENTATION_CONTEXT('2D SPACE',''
  ) );
#1546 = ORIENTED_EDGE('',*,*,#1547,.F.);
#1547 = EDGE_CURVE('',#1343,#1522,#1548,.T.);
#1548 = SURFACE_CURVE('',#1549,(#1553,#1560),.PCURVE_S1.);
#1549 = LINE('',#1550,#1551);
#1550 = CARTESIAN_POINT('',(-0.937885182966,-7.268,6.009049050219));
#1551 = VECTOR('',#1552,1.);
#1552 = DIRECTION('',(0.965925826289,0.,-0.258819045103));
#1553 = PCURVE('',#1358,#1554);
#1554 = DEFINITIONAL_REPRESENTATION('',(#1555),#1559);
#1555 = LINE('',#1556,#1557);
#1556 = CARTESIAN_POINT('',(6.8,0.));
#1557 = VECTOR('',#1558,1.);
#1558 = DIRECTION('',(0.,-1.));
#1559 = ( GEOMETRIC_REPRESENTATION_CONTEXT(2) 
PARAMETRIC_REPRESENTATION_CONTEXT() REPRESENTATION_CONTEXT('2D SPACE',''
  ) );
#1560 = PCURVE('',#1387,#1561);
#1561 = DEFINITIONAL_REPRESENTATION('',(#1562),#1566);
#1562 = LINE('',#1563,#1564);
#1563 = CARTESIAN_POINT('',(0.,0.));
#1564 = VECTOR('',#1565,1.);
#1565 = DIRECTION('',(0.,-1.));
#1566 = ( GEOMETRIC_REPRESENTATION_CONTEXT(2) 
PARAMETRIC_REPRESENTATION_CONTEXT() REPRESENTATION_CONTEXT('2D SPACE',''
  ) );
#1567 = ADVANCED_FACE('',(#1568),#1536,.F.);
#1568 = FACE_BOUND('',#1569,.F.);
#1569 = EDGE_LOOP('',(#1570,#1571,#1599,#1627));
#1570 = ORIENTED_EDGE('',*,*,#1521,.F.);
#1571 = ORIENTED_EDGE('',*,*,#1572,.T.);
#1572 = EDGE_CURVE('',#1499,#1573,#1575,.T.);
#1573 = VERTEX_POINT('',#1574);
#1574 = CARTESIAN_POINT('',(9.920642488585E-02,-14.068,5.734452931182));
#1575 = SURFACE_CURVE('',#1576,(#1580,#1587),.PCURVE_S1.);
#1576 = LINE('',#1577,#1578);
#1577 = CARTESIAN_POINT('',(-1.18104365403,-14.068,5.960195562149));
#1578 = VECTOR('',#1579,1.);
#1579 = DIRECTION('',(0.984807753012,0.,-0.173648177667));
#1580 = PCURVE('',#1536,#1581);
#1581 = DEFINITIONAL_REPRESENTATION('',(#1582),#1586);
#1582 = LINE('',#1583,#1584);
#1583 = CARTESIAN_POINT('',(0.,0.));
#1584 = VECTOR('',#1585,1.);
#1585 = DIRECTION('',(0.,-1.));
#1586 = ( GEOMETRIC_REPRESENTATION_CONTEXT(2) 
PARAMETRIC_REPRESENTATION_CONTEXT() REPRESENTATION_CONTEXT('2D SPACE',''
  ) );
#1587 = PCURVE('',#1588,#1593);
#1588 = CYLINDRICAL_SURFACE('',#1589,3.95);
#1589 = AXIS2_PLACEMENT_3D('',#1590,#1591,#1592);
#1590 = CARTESIAN_POINT('',(-1.866953955814,-14.068,2.07020493775));
#1591 = DIRECTION('',(-0.984807753012,0.,0.173648177667));
#1592 = DIRECTION('',(-0.173648177667,1.124276480633E-16,-0.984807753012
    ));
#1593 = DEFINITIONAL_REPRESENTATION('',(#1594),#1598);
#1594 = LINE('',#1595,#1596);
#1595 = CARTESIAN_POINT('',(3.14159265359,0.));
#1596 = VECTOR('',#1597,1.);
#1597 = DIRECTION('',(0.,-1.));
#1598 = ( GEOMETRIC_REPRESENTATION_CONTEXT(2) 
PARAMETRIC_REPRESENTATION_CONTEXT() REPRESENTATION_CONTEXT('2D SPACE',''
  ) );
#1599 = ORIENTED_EDGE('',*,*,#1600,.T.);
#1600 = EDGE_CURVE('',#1573,#1601,#1603,.T.);
#1601 = VERTEX_POINT('',#1602);
#1602 = CARTESIAN_POINT('',(9.920642488585E-02,-7.268,5.734452931182));
#1603 = SURFACE_CURVE('',#1604,(#1608,#1615),.PCURVE_S1.);
#1604 = LINE('',#1605,#1606);
#1605 = CARTESIAN_POINT('',(9.920642488585E-02,-14.068,5.734452931182));
#1606 = VECTOR('',#1607,1.);
#1607 = DIRECTION('',(0.,1.,0.));
#1608 = PCURVE('',#1536,#1609);
#1609 = DEFINITIONAL_REPRESENTATION('',(#1610),#1614);
#1610 = LINE('',#1611,#1612);
#1611 = CARTESIAN_POINT('',(0.,-1.3));
#1612 = VECTOR('',#1613,1.);
#1613 = DIRECTION('',(1.,0.));
#1614 = ( GEOMETRIC_REPRESENTATION_CONTEXT(2) 
PARAMETRIC_REPRESENTATION_CONTEXT() REPRESENTATION_CONTEXT('2D SPACE',''
  ) );
#1615 = PCURVE('',#1616,#1621);
#1616 = PLANE('',#1617);
#1617 = AXIS2_PLACEMENT_3D('',#1618,#1619,#1620);
#1618 = CARTESIAN_POINT('',(-0.586703876899,-10.668,1.844462306783));
#1619 = DIRECTION('',(-0.984807753012,-0.,0.173648177667));
#1620 = DIRECTION('',(-0.173648177667,0.,-0.984807753012));
#1621 = DEFINITIONAL_REPRESENTATION('',(#1622),#1626);
#1622 = LINE('',#1623,#1624);
#1623 = CARTESIAN_POINT('',(-3.95,3.4));
#1624 = VECTOR('',#1625,1.);
#1625 = DIRECTION('',(0.,-1.));
#1626 = ( GEOMETRIC_REPRESENTATION_CONTEXT(2) 
PARAMETRIC_REPRESENTATION_CONTEXT() REPRESENTATION_CONTEXT('2D SPACE',''
  ) );
#1627 = ORIENTED_EDGE('',*,*,#1628,.F.);
#1628 = EDGE_CURVE('',#1522,#1601,#1629,.T.);
#1629 = SURFACE_CURVE('',#1630,(#1634,#1641),.PCURVE_S1.);
#1630 = LINE('',#1631,#1632);
#1631 = CARTESIAN_POINT('',(-1.18104365403,-7.268,5.960195562149));
#1632 = VECTOR('',#1633,1.);
#1633 = DIRECTION('',(0.984807753012,0.,-0.173648177667));
#1634 = PCURVE('',#1536,#1635);
#1635 = DEFINITIONAL_REPRESENTATION('',(#1636),#1640);
#1636 = LINE('',#1637,#1638);
#1637 = CARTESIAN_POINT('',(6.8,0.));
#1638 = VECTOR('',#1639,1.);
#1639 = DIRECTION('',(0.,-1.));
#1640 = ( GEOMETRIC_REPRESENTATION_CONTEXT(2) 
PARAMETRIC_REPRESENTATION_CONTEXT() REPRESENTATION_CONTEXT('2D SPACE',''
  ) );
#1641 = PCURVE('',#1642,#1647);
#1642 = CYLINDRICAL_SURFACE('',#1643,3.95);
#1643 = AXIS2_PLACEMENT_3D('',#1644,#1645,#1646);
#1644 = CARTESIAN_POINT('',(-1.866953955814,-7.268,2.07020493775));
#1645 = DIRECTION('',(-0.984807753012,0.,0.173648177667));
#1646 = DIRECTION('',(0.173648177667,-1.124276480633E-16,0.984807753012)
  );
#1647 = DEFINITIONAL_REPRESENTATION('',(#1648),#1652);
#1648 = LINE('',#1649,#1650);
#1649 = CARTESIAN_POINT('',(0.,0.));
#1650 = VECTOR('',#1651,1.);
#1651 = DIRECTION('',(0.,-1.));
#1652 = ( GEOMETRIC_REPRESENTATION_CONTEXT(2) 
PARAMETRIC_REPRESENTATION_CONTEXT() REPRESENTATION_CONTEXT('2D SPACE',''
  ) );
#1653 = ADVANCED_FACE('',(#1654),#1588,.F.);
#1654 = FACE_BOUND('',#1655,.F.);
#1655 = EDGE_LOOP('',(#1656,#1685,#1717,#1739,#1740));
#1656 = ORIENTED_EDGE('',*,*,#1657,.F.);
#1657 = EDGE_CURVE('',#1658,#1660,#1662,.T.);
#1658 = VERTEX_POINT('',#1659);
#1659 = CARTESIAN_POINT('',(-0.21,-17.05716689647,4.4));
#1660 = VERTEX_POINT('',#1661);
#1661 = CARTESIAN_POINT('',(-0.23236685262,-17.0543810073,4.407215113748
    ));
#1662 = SURFACE_CURVE('',#1663,(#1668,#1678),.PCURVE_S1.);
#1663 = ELLIPSE('',#1664,28.816078490961,3.95);
#1664 = AXIS2_PLACEMENT_3D('',#1665,#1666,#1667);
#1665 = CARTESIAN_POINT('',(17.717487562521,-14.068,-1.383060504039));
#1666 = DIRECTION('',(-0.307002779923,0.,-0.951708617761));
#1667 = DIRECTION('',(-0.951708617761,0.,0.307002779923));
#1668 = PCURVE('',#1588,#1669);
#1669 = DEFINITIONAL_REPRESENTATION('',(#1670),#1677);
#1670 = B_SPLINE_CURVE_WITH_KNOTS('',5,(#1671,#1672,#1673,#1674,#1675,
    #1676),.UNSPECIFIED.,.F.,.F.,(6,6),(5.42149193013,5.483171596619),
  .PIECEWISE_BEZIER_KNOTS.);
#1671 = CARTESIAN_POINT('',(2.279899276541,-1.3000006));
#1672 = CARTESIAN_POINT('',(2.292235209838,-1.032762150528));
#1673 = CARTESIAN_POINT('',(2.304571143136,-0.769059219526));
#1674 = CARTESIAN_POINT('',(2.316907076434,-0.508976530281));
#1675 = CARTESIAN_POINT('',(2.329243009731,-0.252596563401));
#1676 = CARTESIAN_POINT('',(2.341578943029,5.999999959094E-07));
#1677 = ( GEOMETRIC_REPRESENTATION_CONTEXT(2) 
PARAMETRIC_REPRESENTATION_CONTEXT() REPRESENTATION_CONTEXT('2D SPACE',''
  ) );
#1678 = PCURVE('',#43,#1679);
#1679 = DEFINITIONAL_REPRESENTATION('',(#1680),#1684);
#1680 = ELLIPSE('',#1681,28.816078490961,3.95);
#1681 = AXIS2_PLACEMENT_2D('',#1682,#1683);
#1682 = CARTESIAN_POINT('',(-18.51143010975,-24.068));
#1683 = DIRECTION('',(1.,0.));
#1684 = ( GEOMETRIC_REPRESENTATION_CONTEXT(2) 
PARAMETRIC_REPRESENTATION_CONTEXT() REPRESENTATION_CONTEXT('2D SPACE',''
  ) );
#1685 = ORIENTED_EDGE('',*,*,#1686,.T.);
#1686 = EDGE_CURVE('',#1658,#1687,#1689,.T.);
#1687 = VERTEX_POINT('',#1688);
#1688 = CARTESIAN_POINT('',(-0.136093631367,-17.04603248893,4.4));
#1689 = SURFACE_CURVE('',#1690,(#1695,#1705),.PCURVE_S1.);
#1690 = ELLIPSE('',#1691,22.747143408417,3.95);
#1691 = AXIS2_PLACEMENT_3D('',#1692,#1693,#1694);
#1692 = CARTESIAN_POINT('',(-15.07987833578,-14.068,4.4));
#1693 = DIRECTION('',(0.,0.,1.));
#1694 = DIRECTION('',(-1.,0.,0.));
#1695 = PCURVE('',#1588,#1696);
#1696 = DEFINITIONAL_REPRESENTATION('',(#1697),#1704);
#1697 = B_SPLINE_CURVE_WITH_KNOTS('',5,(#1698,#1699,#1700,#1701,#1702,
    #1703),.UNSPECIFIED.,.F.,.F.,(6,6),(2.277989486303,2.287565358433),
  .PIECEWISE_BEZIER_KNOTS.);
#1698 = CARTESIAN_POINT('',(2.277989486303,-1.137598929649));
#1699 = CARTESIAN_POINT('',(2.279904660729,-1.170213220673));
#1700 = CARTESIAN_POINT('',(2.281819835155,-1.20276078193));
#1701 = CARTESIAN_POINT('',(2.283735009581,-1.235241364198));
#1702 = CARTESIAN_POINT('',(2.285650184007,-1.267654719278));
#1703 = CARTESIAN_POINT('',(2.287565358433,-1.3000006));
#1704 = ( GEOMETRIC_REPRESENTATION_CONTEXT(2) 
PARAMETRIC_REPRESENTATION_CONTEXT() REPRESENTATION_CONTEXT('2D SPACE',''
  ) );
#1705 = PCURVE('',#1706,#1711);
#1706 = PLANE('',#1707);
#1707 = AXIS2_PLACEMENT_3D('',#1708,#1709,#1710);
#1708 = CARTESIAN_POINT('',(-2.5,-18.3,4.4));
#1709 = DIRECTION('',(0.,0.,1.));
#1710 = DIRECTION('',(1.,0.,0.));
#1711 = DEFINITIONAL_REPRESENTATION('',(#1712),#1716);
#1712 = ELLIPSE('',#1713,22.747143408417,3.95);
#1713 = AXIS2_PLACEMENT_2D('',#1714,#1715);
#1714 = CARTESIAN_POINT('',(-12.57987833578,4.232));
#1715 = DIRECTION('',(-1.,0.));
#1716 = ( GEOMETRIC_REPRESENTATION_CONTEXT(2) 
PARAMETRIC_REPRESENTATION_CONTEXT() REPRESENTATION_CONTEXT('2D SPACE',''
  ) );
#1717 = ORIENTED_EDGE('',*,*,#1718,.T.);
#1718 = EDGE_CURVE('',#1687,#1573,#1719,.T.);
#1719 = SURFACE_CURVE('',#1720,(#1725,#1732),.PCURVE_S1.);
#1720 = CIRCLE('',#1721,3.95);
#1721 = AXIS2_PLACEMENT_3D('',#1722,#1723,#1724);
#1722 = CARTESIAN_POINT('',(-0.586703876899,-14.068,1.844462306783));
#1723 = DIRECTION('',(-0.984807753012,-3.08148791102E-33,0.173648177667)
  );
#1724 = DIRECTION('',(-0.173648177667,1.124276480633E-16,-0.984807753012
    ));
#1725 = PCURVE('',#1588,#1726);
#1726 = DEFINITIONAL_REPRESENTATION('',(#1727),#1731);
#1727 = LINE('',#1728,#1729);
#1728 = CARTESIAN_POINT('',(0.,-1.3));
#1729 = VECTOR('',#1730,1.);
#1730 = DIRECTION('',(1.,0.));
#1731 = ( GEOMETRIC_REPRESENTATION_CONTEXT(2) 
PARAMETRIC_REPRESENTATION_CONTEXT() REPRESENTATION_CONTEXT('2D SPACE',''
  ) );
#1732 = PCURVE('',#1616,#1733);
#1733 = DEFINITIONAL_REPRESENTATION('',(#1734),#1738);
#1734 = CIRCLE('',#1735,3.95);
#1735 = AXIS2_PLACEMENT_2D('',#1736,#1737);
#1736 = CARTESIAN_POINT('',(-8.939638142818E-16,3.4));
#1737 = DIRECTION('',(1.,-1.124276480633E-16));
#1738 = ( GEOMETRIC_REPRESENTATION_CONTEXT(2) 
PARAMETRIC_REPRESENTATION_CONTEXT() REPRESENTATION_CONTEXT('2D SPACE',''
  ) );
#1739 = ORIENTED_EDGE('',*,*,#1572,.F.);
#1740 = ORIENTED_EDGE('',*,*,#1741,.F.);
#1741 = EDGE_CURVE('',#1660,#1499,#1742,.T.);
#1742 = SURFACE_CURVE('',#1743,(#1748,#1759),.PCURVE_S1.);
#1743 = ELLIPSE('',#1744,3.953763106395,3.95);
#1744 = AXIS2_PLACEMENT_3D('',#1745,#1746,#1747);
#1745 = CARTESIAN_POINT('',(-0.792471847209,-14.068,1.880744751715));
#1746 = DIRECTION('',(-0.97629600712,0.,0.216439613938));
#1747 = DIRECTION('',(-0.216439613938,0.,-0.97629600712));
#1748 = PCURVE('',#1588,#1749);
#1749 = DEFINITIONAL_REPRESENTATION('',(#1750),#1758);
#1750 = B_SPLINE_CURVE_WITH_KNOTS('',6,(#1751,#1752,#1753,#1754,#1755,
    #1756,#1757),.UNSPECIFIED.,.F.,.F.,(7,7),(2.28326391261,
    3.14159265359),.PIECEWISE_BEZIER_KNOTS.);
#1751 = CARTESIAN_POINT('',(2.28326391261,-1.203795838616));
#1752 = CARTESIAN_POINT('',(2.426318702773,-1.222465897137));
#1753 = CARTESIAN_POINT('',(2.569373492937,-1.238367346866));
#1754 = CARTESIAN_POINT('',(2.7124282831,-1.250812679657));
#1755 = CARTESIAN_POINT('',(2.855483073263,-1.259283254459));
#1756 = CARTESIAN_POINT('',(2.998537863426,-1.263518451562));
#1757 = CARTESIAN_POINT('',(3.14159265359,-1.263518451562));
#1758 = ( GEOMETRIC_REPRESENTATION_CONTEXT(2) 
PARAMETRIC_REPRESENTATION_CONTEXT() REPRESENTATION_CONTEXT('2D SPACE',''
  ) );
#1759 = PCURVE('',#1330,#1760);
#1760 = DEFINITIONAL_REPRESENTATION('',(#1761),#1769);
#1761 = B_SPLINE_CURVE_WITH_KNOTS('',6,(#1762,#1763,#1764,#1765,#1766,
    #1767,#1768),.UNSPECIFIED.,.F.,.F.,(7,7),(2.28326391261,
    3.14159265359),.PIECEWISE_BEZIER_KNOTS.);
#1762 = CARTESIAN_POINT('',(2.28326391261,-1.096204161384));
#1763 = CARTESIAN_POINT('',(2.426318702773,-1.077534102863));
#1764 = CARTESIAN_POINT('',(2.569373492937,-1.061632653134));
#1765 = CARTESIAN_POINT('',(2.7124282831,-1.049187320343));
#1766 = CARTESIAN_POINT('',(2.855483073263,-1.040716745541));
#1767 = CARTESIAN_POINT('',(2.998537863426,-1.036481548438));
#1768 = CARTESIAN_POINT('',(3.14159265359,-1.036481548438));
#1769 = ( GEOMETRIC_REPRESENTATION_CONTEXT(2) 
PARAMETRIC_REPRESENTATION_CONTEXT() REPRESENTATION_CONTEXT('2D SPACE',''
  ) );
#1770 = ADVANCED_FACE('',(#1771),#1706,.F.);
#1771 = FACE_BOUND('',#1772,.F.);
#1772 = EDGE_LOOP('',(#1773,#1803,#1824,#1851,#1872,#1904,#1930,#1962,
    #1981,#1982,#2003,#2031));
#1773 = ORIENTED_EDGE('',*,*,#1774,.F.);
#1774 = EDGE_CURVE('',#1775,#1777,#1779,.T.);
#1775 = VERTEX_POINT('',#1776);
#1776 = CARTESIAN_POINT('',(-0.21,-3.,4.4));
#1777 = VERTEX_POINT('',#1778);
#1778 = CARTESIAN_POINT('',(0.7,-3.,4.4));
#1779 = SURFACE_CURVE('',#1780,(#1784,#1791),.PCURVE_S1.);
#1780 = LINE('',#1781,#1782);
#1781 = CARTESIAN_POINT('',(-2.5,-3.,4.4));
#1782 = VECTOR('',#1783,1.);
#1783 = DIRECTION('',(1.,0.,0.));
#1784 = PCURVE('',#1706,#1785);
#1785 = DEFINITIONAL_REPRESENTATION('',(#1786),#1790);
#1786 = LINE('',#1787,#1788);
#1787 = CARTESIAN_POINT('',(0.,15.3));
#1788 = VECTOR('',#1789,1.);
#1789 = DIRECTION('',(1.,0.));
#1790 = ( GEOMETRIC_REPRESENTATION_CONTEXT(2) 
PARAMETRIC_REPRESENTATION_CONTEXT() REPRESENTATION_CONTEXT('2D SPACE',''
  ) );
#1791 = PCURVE('',#1792,#1797);
#1792 = PLANE('',#1793);
#1793 = AXIS2_PLACEMENT_3D('',#1794,#1795,#1796);
#1794 = CARTESIAN_POINT('',(-2.5,-3.,4.4));
#1795 = DIRECTION('',(0.,1.,0.));
#1796 = DIRECTION('',(0.,0.,1.));
#1797 = DEFINITIONAL_REPRESENTATION('',(#1798),#1802);
#1798 = LINE('',#1799,#1800);
#1799 = CARTESIAN_POINT('',(0.,0.));
#1800 = VECTOR('',#1801,1.);
#1801 = DIRECTION('',(0.,1.));
#1802 = ( GEOMETRIC_REPRESENTATION_CONTEXT(2) 
PARAMETRIC_REPRESENTATION_CONTEXT() REPRESENTATION_CONTEXT('2D SPACE',''
  ) );
#1803 = ORIENTED_EDGE('',*,*,#1804,.T.);
#1804 = EDGE_CURVE('',#1775,#1805,#1807,.T.);
#1805 = VERTEX_POINT('',#1806);
#1806 = CARTESIAN_POINT('',(-0.21,-4.278833103524,4.4));
#1807 = SURFACE_CURVE('',#1808,(#1812,#1818),.PCURVE_S1.);
#1808 = LINE('',#1809,#1810);
#1809 = CARTESIAN_POINT('',(-0.21,-4.15,4.4));
#1810 = VECTOR('',#1811,1.);
#1811 = DIRECTION('',(0.,-1.,0.));
#1812 = PCURVE('',#1706,#1813);
#1813 = DEFINITIONAL_REPRESENTATION('',(#1814),#1817);
#1814 = B_SPLINE_CURVE_WITH_KNOTS('',1,(#1815,#1816),.UNSPECIFIED.,.F.,
  .F.,(2,2),(-1.15,14.15),.PIECEWISE_BEZIER_KNOTS.);
#1815 = CARTESIAN_POINT('',(2.29,15.3));
#1816 = CARTESIAN_POINT('',(2.29,0.));
#1817 = ( GEOMETRIC_REPRESENTATION_CONTEXT(2) 
PARAMETRIC_REPRESENTATION_CONTEXT() REPRESENTATION_CONTEXT('2D SPACE',''
  ) );
#1818 = PCURVE('',#305,#1819);
#1819 = DEFINITIONAL_REPRESENTATION('',(#1820),#1823);
#1820 = B_SPLINE_CURVE_WITH_KNOTS('',1,(#1821,#1822),.UNSPECIFIED.,.F.,
  .F.,(2,2),(-1.15,14.15),.PIECEWISE_BEZIER_KNOTS.);
#1821 = CARTESIAN_POINT('',(0.325729949498,-13.));
#1822 = CARTESIAN_POINT('',(0.325729949498,-28.3));
#1823 = ( GEOMETRIC_REPRESENTATION_CONTEXT(2) 
PARAMETRIC_REPRESENTATION_CONTEXT() REPRESENTATION_CONTEXT('2D SPACE',''
  ) );
#1824 = ORIENTED_EDGE('',*,*,#1825,.F.);
#1825 = EDGE_CURVE('',#1826,#1805,#1828,.T.);
#1826 = VERTEX_POINT('',#1827);
#1827 = CARTESIAN_POINT('',(-0.136093631367,-4.289967511062,4.4));
#1828 = SURFACE_CURVE('',#1829,(#1834,#1841),.PCURVE_S1.);
#1829 = ELLIPSE('',#1830,22.747143408417,3.95);
#1830 = AXIS2_PLACEMENT_3D('',#1831,#1832,#1833);
#1831 = CARTESIAN_POINT('',(-15.07987833578,-7.268,4.4));
#1832 = DIRECTION('',(0.,0.,1.));
#1833 = DIRECTION('',(-1.,0.,0.));
#1834 = PCURVE('',#1706,#1835);
#1835 = DEFINITIONAL_REPRESENTATION('',(#1836),#1840);
#1836 = ELLIPSE('',#1837,22.747143408417,3.95);
#1837 = AXIS2_PLACEMENT_2D('',#1838,#1839);
#1838 = CARTESIAN_POINT('',(-12.57987833578,11.032));
#1839 = DIRECTION('',(-1.,0.));
#1840 = ( GEOMETRIC_REPRESENTATION_CONTEXT(2) 
PARAMETRIC_REPRESENTATION_CONTEXT() REPRESENTATION_CONTEXT('2D SPACE',''
  ) );
#1841 = PCURVE('',#1642,#1842);
#1842 = DEFINITIONAL_REPRESENTATION('',(#1843),#1850);
#1843 = B_SPLINE_CURVE_WITH_KNOTS('',5,(#1844,#1845,#1846,#1847,#1848,
    #1849),.UNSPECIFIED.,.F.,.F.,(6,6),(3.995619948746,4.005195820876),
  .PIECEWISE_BEZIER_KNOTS.);
#1844 = CARTESIAN_POINT('',(0.854027295156,-1.3000006));
#1845 = CARTESIAN_POINT('',(0.855942469582,-1.267654719278));
#1846 = CARTESIAN_POINT('',(0.857857644008,-1.235241364198));
#1847 = CARTESIAN_POINT('',(0.859772818434,-1.20276078193));
#1848 = CARTESIAN_POINT('',(0.86168799286,-1.170213220673));
#1849 = CARTESIAN_POINT('',(0.863603167286,-1.137598929649));
#1850 = ( GEOMETRIC_REPRESENTATION_CONTEXT(2) 
PARAMETRIC_REPRESENTATION_CONTEXT() REPRESENTATION_CONTEXT('2D SPACE',''
  ) );
#1851 = ORIENTED_EDGE('',*,*,#1852,.T.);
#1852 = EDGE_CURVE('',#1826,#1853,#1855,.T.);
#1853 = VERTEX_POINT('',#1854);
#1854 = CARTESIAN_POINT('',(-0.136093631367,-4.29725172717,4.4));
#1855 = SURFACE_CURVE('',#1856,(#1860,#1866),.PCURVE_S1.);
#1856 = LINE('',#1857,#1858);
#1857 = CARTESIAN_POINT('',(-0.136093631367,-14.484,4.4));
#1858 = VECTOR('',#1859,1.);
#1859 = DIRECTION('',(0.,-1.,0.));
#1860 = PCURVE('',#1706,#1861);
#1861 = DEFINITIONAL_REPRESENTATION('',(#1862),#1865);
#1862 = B_SPLINE_CURVE_WITH_KNOTS('',1,(#1863,#1864),.UNSPECIFIED.,.F.,
  .F.,(2,2),(-11.166,3.534),.PIECEWISE_BEZIER_KNOTS.);
#1863 = CARTESIAN_POINT('',(2.363906368633,14.982));
#1864 = CARTESIAN_POINT('',(2.363906368633,0.282));
#1865 = ( GEOMETRIC_REPRESENTATION_CONTEXT(2) 
PARAMETRIC_REPRESENTATION_CONTEXT() REPRESENTATION_CONTEXT('2D SPACE',''
  ) );
#1866 = PCURVE('',#1616,#1867);
#1867 = DEFINITIONAL_REPRESENTATION('',(#1868),#1871);
#1868 = B_SPLINE_CURVE_WITH_KNOTS('',1,(#1869,#1870),.UNSPECIFIED.,.F.,
  .F.,(2,2),(-11.166,3.534),.PIECEWISE_BEZIER_KNOTS.);
#1869 = CARTESIAN_POINT('',(-2.594960981369,-7.35));
#1870 = CARTESIAN_POINT('',(-2.594960981369,7.35));
#1871 = ( GEOMETRIC_REPRESENTATION_CONTEXT(2) 
PARAMETRIC_REPRESENTATION_CONTEXT() REPRESENTATION_CONTEXT('2D SPACE',''
  ) );
#1872 = ORIENTED_EDGE('',*,*,#1873,.F.);
#1873 = EDGE_CURVE('',#1874,#1853,#1876,.T.);
#1874 = VERTEX_POINT('',#1875);
#1875 = CARTESIAN_POINT('',(-2.316954202114E-02,-4.323119957132,4.4));
#1876 = SURFACE_CURVE('',#1877,(#1882,#1889),.PCURVE_S1.);
#1877 = ELLIPSE('',#1878,15.261628055367,3.95);
#1878 = AXIS2_PLACEMENT_3D('',#1879,#1880,#1881);
#1879 = CARTESIAN_POINT('',(-10.19446043104,-7.268,4.4));
#1880 = DIRECTION('',(0.,0.,1.));
#1881 = DIRECTION('',(-1.,0.,0.));
#1882 = PCURVE('',#1706,#1883);
#1883 = DEFINITIONAL_REPRESENTATION('',(#1884),#1888);
#1884 = ELLIPSE('',#1885,15.261628055367,3.95);
#1885 = AXIS2_PLACEMENT_2D('',#1886,#1887);
#1886 = CARTESIAN_POINT('',(-7.694460431044,11.032));
#1887 = DIRECTION('',(-1.,0.));
#1888 = ( GEOMETRIC_REPRESENTATION_CONTEXT(2) 
PARAMETRIC_REPRESENTATION_CONTEXT() REPRESENTATION_CONTEXT('2D SPACE',''
  ) );
#1889 = PCURVE('',#1890,#1895);
#1890 = CYLINDRICAL_SURFACE('',#1891,3.95);
#1891 = AXIS2_PLACEMENT_3D('',#1892,#1893,#1894);
#1892 = CARTESIAN_POINT('',(-1.960220411121,-7.268,2.193642036378));
#1893 = DIRECTION('',(-0.965925826289,0.,0.258819045103));
#1894 = DIRECTION('',(0.258819045103,-1.124276480633E-16,0.965925826289)
  );
#1895 = DEFINITIONAL_REPRESENTATION('',(#1896),#1903);
#1896 = B_SPLINE_CURVE_WITH_KNOTS('',5,(#1897,#1898,#1899,#1900,#1901,
    #1902),.UNSPECIFIED.,.F.,.F.,(6,6),(3.982936200111,4.007095643368),
  .PIECEWISE_BEZIER_KNOTS.);
#1897 = CARTESIAN_POINT('',(0.841343546521,-1.3000006));
#1898 = CARTESIAN_POINT('',(0.846175435173,-1.246896010897));
#1899 = CARTESIAN_POINT('',(0.851007323824,-1.193504698004));
#1900 = CARTESIAN_POINT('',(0.855839212476,-1.139829244322));
#1901 = CARTESIAN_POINT('',(0.860671101127,-1.085872260748));
#1902 = CARTESIAN_POINT('',(0.865502989779,-1.031636385309));
#1903 = ( GEOMETRIC_REPRESENTATION_CONTEXT(2) 
PARAMETRIC_REPRESENTATION_CONTEXT() REPRESENTATION_CONTEXT('2D SPACE',''
  ) );
#1904 = ORIENTED_EDGE('',*,*,#1905,.T.);
#1905 = EDGE_CURVE('',#1874,#1906,#1908,.T.);
#1906 = VERTEX_POINT('',#1907);
#1907 = CARTESIAN_POINT('',(-2.316954202114E-02,-17.01288004286,4.4));
#1908 = SURFACE_CURVE('',#1909,(#1913,#1919),.PCURVE_S1.);
#1909 = LINE('',#1910,#1911);
#1910 = CARTESIAN_POINT('',(-2.316954202114E-02,-14.484,4.4));
#1911 = VECTOR('',#1912,1.);
#1912 = DIRECTION('',(0.,-1.,0.));
#1913 = PCURVE('',#1706,#1914);
#1914 = DEFINITIONAL_REPRESENTATION('',(#1915),#1918);
#1915 = B_SPLINE_CURVE_WITH_KNOTS('',1,(#1916,#1917),.UNSPECIFIED.,.F.,
  .F.,(2,2),(-11.166,3.534),.PIECEWISE_BEZIER_KNOTS.);
#1916 = CARTESIAN_POINT('',(2.476830457979,14.982));
#1917 = CARTESIAN_POINT('',(2.476830457979,0.282));
#1918 = ( GEOMETRIC_REPRESENTATION_CONTEXT(2) 
PARAMETRIC_REPRESENTATION_CONTEXT() REPRESENTATION_CONTEXT('2D SPACE',''
  ) );
#1919 = PCURVE('',#1920,#1925);
#1920 = PLANE('',#1921);
#1921 = AXIS2_PLACEMENT_3D('',#1922,#1923,#1924);
#1922 = CARTESIAN_POINT('',(-0.704516836945,-10.668,1.857177277744));
#1923 = DIRECTION('',(-0.965925826289,-0.,0.258819045103));
#1924 = DIRECTION('',(-0.258819045103,0.,-0.965925826289));
#1925 = DEFINITIONAL_REPRESENTATION('',(#1926),#1929);
#1926 = B_SPLINE_CURVE_WITH_KNOTS('',1,(#1927,#1928),.UNSPECIFIED.,.F.,
  .F.,(2,2),(-11.166,3.534),.PIECEWISE_BEZIER_KNOTS.);
#1927 = CARTESIAN_POINT('',(-2.632523795357,-7.35));
#1928 = CARTESIAN_POINT('',(-2.632523795357,7.35));
#1929 = ( GEOMETRIC_REPRESENTATION_CONTEXT(2) 
PARAMETRIC_REPRESENTATION_CONTEXT() REPRESENTATION_CONTEXT('2D SPACE',''
  ) );
#1930 = ORIENTED_EDGE('',*,*,#1931,.F.);
#1931 = EDGE_CURVE('',#1932,#1906,#1934,.T.);
#1932 = VERTEX_POINT('',#1933);
#1933 = CARTESIAN_POINT('',(-0.136093631367,-17.03874827283,4.4));
#1934 = SURFACE_CURVE('',#1935,(#1940,#1947),.PCURVE_S1.);
#1935 = ELLIPSE('',#1936,15.261628055367,3.95);
#1936 = AXIS2_PLACEMENT_3D('',#1937,#1938,#1939);
#1937 = CARTESIAN_POINT('',(-10.19446043104,-14.068,4.4));
#1938 = DIRECTION('',(0.,0.,1.));
#1939 = DIRECTION('',(-1.,0.,0.));
#1940 = PCURVE('',#1706,#1941);
#1941 = DEFINITIONAL_REPRESENTATION('',(#1942),#1946);
#1942 = ELLIPSE('',#1943,15.261628055367,3.95);
#1943 = AXIS2_PLACEMENT_2D('',#1944,#1945);
#1944 = CARTESIAN_POINT('',(-7.694460431044,4.232));
#1945 = DIRECTION('',(-1.,0.));
#1946 = ( GEOMETRIC_REPRESENTATION_CONTEXT(2) 
PARAMETRIC_REPRESENTATION_CONTEXT() REPRESENTATION_CONTEXT('2D SPACE',''
  ) );
#1947 = PCURVE('',#1948,#1953);
#1948 = CYLINDRICAL_SURFACE('',#1949,3.95);
#1949 = AXIS2_PLACEMENT_3D('',#1950,#1951,#1952);
#1950 = CARTESIAN_POINT('',(-1.960220411121,-14.068,2.193642036378));
#1951 = DIRECTION('',(-0.965925826289,0.,0.258819045103));
#1952 = DIRECTION('',(-0.258819045103,1.124276480633E-16,-0.965925826289
    ));
#1953 = DEFINITIONAL_REPRESENTATION('',(#1954),#1961);
#1954 = B_SPLINE_CURVE_WITH_KNOTS('',5,(#1955,#1956,#1957,#1958,#1959,
    #1960),.UNSPECIFIED.,.F.,.F.,(6,6),(2.276089663811,2.300249107069),
  .PIECEWISE_BEZIER_KNOTS.);
#1955 = CARTESIAN_POINT('',(2.276089663811,-1.031636385309));
#1956 = CARTESIAN_POINT('',(2.280921552463,-1.085872260748));
#1957 = CARTESIAN_POINT('',(2.285753441114,-1.139829244322));
#1958 = CARTESIAN_POINT('',(2.290585329766,-1.193504698004));
#1959 = CARTESIAN_POINT('',(2.295417218417,-1.246896010897));
#1960 = CARTESIAN_POINT('',(2.300249107069,-1.3000006));
#1961 = ( GEOMETRIC_REPRESENTATION_CONTEXT(2) 
PARAMETRIC_REPRESENTATION_CONTEXT() REPRESENTATION_CONTEXT('2D SPACE',''
  ) );
#1962 = ORIENTED_EDGE('',*,*,#1963,.T.);
#1963 = EDGE_CURVE('',#1932,#1687,#1964,.T.);
#1964 = SURFACE_CURVE('',#1965,(#1969,#1975),.PCURVE_S1.);
#1965 = LINE('',#1966,#1967);
#1966 = CARTESIAN_POINT('',(-0.136093631367,-14.484,4.4));
#1967 = VECTOR('',#1968,1.);
#1968 = DIRECTION('',(0.,-1.,0.));
#1969 = PCURVE('',#1706,#1970);
#1970 = DEFINITIONAL_REPRESENTATION('',(#1971),#1974);
#1971 = B_SPLINE_CURVE_WITH_KNOTS('',1,(#1972,#1973),.UNSPECIFIED.,.F.,
  .F.,(2,2),(-11.166,3.534),.PIECEWISE_BEZIER_KNOTS.);
#1972 = CARTESIAN_POINT('',(2.363906368633,14.982));
#1973 = CARTESIAN_POINT('',(2.363906368633,0.282));
#1974 = ( GEOMETRIC_REPRESENTATION_CONTEXT(2) 
PARAMETRIC_REPRESENTATION_CONTEXT() REPRESENTATION_CONTEXT('2D SPACE',''
  ) );
#1975 = PCURVE('',#1616,#1976);
#1976 = DEFINITIONAL_REPRESENTATION('',(#1977),#1980);
#1977 = B_SPLINE_CURVE_WITH_KNOTS('',1,(#1978,#1979),.UNSPECIFIED.,.F.,
  .F.,(2,2),(-11.166,3.534),.PIECEWISE_BEZIER_KNOTS.);
#1978 = CARTESIAN_POINT('',(-2.594960981369,-7.35));
#1979 = CARTESIAN_POINT('',(-2.594960981369,7.35));
#1980 = ( GEOMETRIC_REPRESENTATION_CONTEXT(2) 
PARAMETRIC_REPRESENTATION_CONTEXT() REPRESENTATION_CONTEXT('2D SPACE',''
  ) );
#1981 = ORIENTED_EDGE('',*,*,#1686,.F.);
#1982 = ORIENTED_EDGE('',*,*,#1983,.T.);
#1983 = EDGE_CURVE('',#1658,#1984,#1986,.T.);
#1984 = VERTEX_POINT('',#1985);
#1985 = CARTESIAN_POINT('',(-0.21,-18.3,4.4));
#1986 = SURFACE_CURVE('',#1987,(#1991,#1997),.PCURVE_S1.);
#1987 = LINE('',#1988,#1989);
#1988 = CARTESIAN_POINT('',(-0.21,-4.15,4.4));
#1989 = VECTOR('',#1990,1.);
#1990 = DIRECTION('',(0.,-1.,0.));
#1991 = PCURVE('',#1706,#1992);
#1992 = DEFINITIONAL_REPRESENTATION('',(#1993),#1996);
#1993 = B_SPLINE_CURVE_WITH_KNOTS('',1,(#1994,#1995),.UNSPECIFIED.,.F.,
  .F.,(2,2),(-1.15,14.15),.PIECEWISE_BEZIER_KNOTS.);
#1994 = CARTESIAN_POINT('',(2.29,15.3));
#1995 = CARTESIAN_POINT('',(2.29,0.));
#1996 = ( GEOMETRIC_REPRESENTATION_CONTEXT(2) 
PARAMETRIC_REPRESENTATION_CONTEXT() REPRESENTATION_CONTEXT('2D SPACE',''
  ) );
#1997 = PCURVE('',#43,#1998);
#1998 = DEFINITIONAL_REPRESENTATION('',(#1999),#2002);
#1999 = B_SPLINE_CURVE_WITH_KNOTS('',1,(#2000,#2001),.UNSPECIFIED.,.F.,
  .F.,(2,2),(-1.15,14.15),.PIECEWISE_BEZIER_KNOTS.);
#2000 = CARTESIAN_POINT('',(0.325729949498,-13.));
#2001 = CARTESIAN_POINT('',(0.325729949498,-28.3));
#2002 = ( GEOMETRIC_REPRESENTATION_CONTEXT(2) 
PARAMETRIC_REPRESENTATION_CONTEXT() REPRESENTATION_CONTEXT('2D SPACE',''
  ) );
#2003 = ORIENTED_EDGE('',*,*,#2004,.T.);
#2004 = EDGE_CURVE('',#1984,#2005,#2007,.T.);
#2005 = VERTEX_POINT('',#2006);
#2006 = CARTESIAN_POINT('',(0.7,-18.3,4.4));
#2007 = SURFACE_CURVE('',#2008,(#2012,#2019),.PCURVE_S1.);
#2008 = LINE('',#2009,#2010);
#2009 = CARTESIAN_POINT('',(-2.5,-18.3,4.4));
#2010 = VECTOR('',#2011,1.);
#2011 = DIRECTION('',(1.,0.,0.));
#2012 = PCURVE('',#1706,#2013);
#2013 = DEFINITIONAL_REPRESENTATION('',(#2014),#2018);
#2014 = LINE('',#2015,#2016);
#2015 = CARTESIAN_POINT('',(0.,0.));
#2016 = VECTOR('',#2017,1.);
#2017 = DIRECTION('',(1.,0.));
#2018 = ( GEOMETRIC_REPRESENTATION_CONTEXT(2) 
PARAMETRIC_REPRESENTATION_CONTEXT() REPRESENTATION_CONTEXT('2D SPACE',''
  ) );
#2019 = PCURVE('',#2020,#2025);
#2020 = PLANE('',#2021);
#2021 = AXIS2_PLACEMENT_3D('',#2022,#2023,#2024);
#2022 = CARTESIAN_POINT('',(-2.5,-18.3,4.4));
#2023 = DIRECTION('',(0.,1.,0.));
#2024 = DIRECTION('',(0.,0.,1.));
#2025 = DEFINITIONAL_REPRESENTATION('',(#2026),#2030);
#2026 = LINE('',#2027,#2028);
#2027 = CARTESIAN_POINT('',(0.,0.));
#2028 = VECTOR('',#2029,1.);
#2029 = DIRECTION('',(0.,1.));
#2030 = ( GEOMETRIC_REPRESENTATION_CONTEXT(2) 
PARAMETRIC_REPRESENTATION_CONTEXT() REPRESENTATION_CONTEXT('2D SPACE',''
  ) );
#2031 = ORIENTED_EDGE('',*,*,#2032,.T.);
#2032 = EDGE_CURVE('',#2005,#1777,#2033,.T.);
#2033 = SURFACE_CURVE('',#2034,(#2038,#2045),.PCURVE_S1.);
#2034 = LINE('',#2035,#2036);
#2035 = CARTESIAN_POINT('',(0.7,-18.3,4.4));
#2036 = VECTOR('',#2037,1.);
#2037 = DIRECTION('',(0.,1.,0.));
#2038 = PCURVE('',#1706,#2039);
#2039 = DEFINITIONAL_REPRESENTATION('',(#2040),#2044);
#2040 = LINE('',#2041,#2042);
#2041 = CARTESIAN_POINT('',(3.2,0.));
#2042 = VECTOR('',#2043,1.);
#2043 = DIRECTION('',(0.,1.));
#2044 = ( GEOMETRIC_REPRESENTATION_CONTEXT(2) 
PARAMETRIC_REPRESENTATION_CONTEXT() REPRESENTATION_CONTEXT('2D SPACE',''
  ) );
#2045 = PCURVE('',#2046,#2051);
#2046 = PLANE('',#2047);
#2047 = AXIS2_PLACEMENT_3D('',#2048,#2049,#2050);
#2048 = CARTESIAN_POINT('',(0.7,-18.3,4.4));
#2049 = DIRECTION('',(1.,0.,0.));
#2050 = DIRECTION('',(0.,0.,1.));
#2051 = DEFINITIONAL_REPRESENTATION('',(#2052),#2056);
#2052 = LINE('',#2053,#2054);
#2053 = CARTESIAN_POINT('',(0.,0.));
#2054 = VECTOR('',#2055,1.);
#2055 = DIRECTION('',(0.,-1.));
#2056 = ( GEOMETRIC_REPRESENTATION_CONTEXT(2) 
PARAMETRIC_REPRESENTATION_CONTEXT() REPRESENTATION_CONTEXT('2D SPACE',''
  ) );
#2057 = ADVANCED_FACE('',(#2058),#1890,.F.);
#2058 = FACE_BOUND('',#2059,.F.);
#2059 = EDGE_LOOP('',(#2060,#2088,#2116,#2138));
#2060 = ORIENTED_EDGE('',*,*,#2061,.F.);
#2061 = EDGE_CURVE('',#2062,#1853,#2064,.T.);
#2062 = VERTEX_POINT('',#2063);
#2063 = CARTESIAN_POINT('',(9.865218819148E-02,-7.268,5.731309698693));
#2064 = SURFACE_CURVE('',#2065,(#2070,#2081),.PCURVE_S1.);
#2065 = ELLIPSE('',#2066,3.965088358296,3.95);
#2066 = AXIS2_PLACEMENT_3D('',#2067,#2068,#2069);
#2067 = CARTESIAN_POINT('',(-0.589878179515,-7.268,1.826459942065));
#2068 = DIRECTION('',(-0.984807753012,-0.,0.173648177667));
#2069 = DIRECTION('',(0.173648177667,0.,0.984807753012));
#2070 = PCURVE('',#1890,#2071);
#2071 = DEFINITIONAL_REPRESENTATION('',(#2072),#2080);
#2072 = B_SPLINE_CURVE_WITH_KNOTS('',6,(#2073,#2074,#2075,#2076,#2077,
    #2078,#2079),.UNSPECIFIED.,.F.,.F.,(7,7),(0.,0.89580792911),
  .PIECEWISE_BEZIER_KNOTS.);
#2073 = CARTESIAN_POINT('',(2.248552961266E-16,-1.073102450464));
#2074 = CARTESIAN_POINT('',(0.149301321518,-1.073102450464));
#2075 = CARTESIAN_POINT('',(0.298602643037,-1.082346324802));
#2076 = CARTESIAN_POINT('',(0.447903964555,-1.100834581434));
#2077 = CARTESIAN_POINT('',(0.597205286073,-1.127947358445));
#2078 = CARTESIAN_POINT('',(0.746506607592,-1.162452244001));
#2079 = CARTESIAN_POINT('',(0.89580792911,-1.202733648903));
#2080 = ( GEOMETRIC_REPRESENTATION_CONTEXT(2) 
PARAMETRIC_REPRESENTATION_CONTEXT() REPRESENTATION_CONTEXT('2D SPACE',''
  ) );
#2081 = PCURVE('',#1616,#2082);
#2082 = DEFINITIONAL_REPRESENTATION('',(#2083),#2087);
#2083 = ELLIPSE('',#2084,3.965088358296,3.95);
#2084 = AXIS2_PLACEMENT_2D('',#2085,#2086);
#2085 = CARTESIAN_POINT('',(1.828008021241E-02,-3.4));
#2086 = DIRECTION('',(-1.,0.));
#2087 = ( GEOMETRIC_REPRESENTATION_CONTEXT(2) 
PARAMETRIC_REPRESENTATION_CONTEXT() REPRESENTATION_CONTEXT('2D SPACE',''
  ) );
#2088 = ORIENTED_EDGE('',*,*,#2089,.T.);
#2089 = EDGE_CURVE('',#2062,#2090,#2092,.T.);
#2090 = VERTEX_POINT('',#2091);
#2091 = CARTESIAN_POINT('',(0.31781839121,-7.268,5.672584291586));
#2092 = SURFACE_CURVE('',#2093,(#2097,#2104),.PCURVE_S1.);
#2093 = LINE('',#2094,#2095);
#2094 = CARTESIAN_POINT('',(-0.937885182966,-7.268,6.009049050219));
#2095 = VECTOR('',#2096,1.);
#2096 = DIRECTION('',(0.965925826289,0.,-0.258819045103));
#2097 = PCURVE('',#1890,#2098);
#2098 = DEFINITIONAL_REPRESENTATION('',(#2099),#2103);
#2099 = LINE('',#2100,#2101);
#2100 = CARTESIAN_POINT('',(0.,0.));
#2101 = VECTOR('',#2102,1.);
#2102 = DIRECTION('',(0.,-1.));
#2103 = ( GEOMETRIC_REPRESENTATION_CONTEXT(2) 
PARAMETRIC_REPRESENTATION_CONTEXT() REPRESENTATION_CONTEXT('2D SPACE',''
  ) );
#2104 = PCURVE('',#2105,#2110);
#2105 = PLANE('',#2106);
#2106 = AXIS2_PLACEMENT_3D('',#2107,#2108,#2109);
#2107 = CARTESIAN_POINT('',(-0.937885182966,-14.068,6.009049050219));
#2108 = DIRECTION('',(0.258819045103,0.,0.965925826289));
#2109 = DIRECTION('',(0.,1.,0.));
#2110 = DEFINITIONAL_REPRESENTATION('',(#2111),#2115);
#2111 = LINE('',#2112,#2113);
#2112 = CARTESIAN_POINT('',(6.8,0.));
#2113 = VECTOR('',#2114,1.);
#2114 = DIRECTION('',(0.,-1.));
#2115 = ( GEOMETRIC_REPRESENTATION_CONTEXT(2) 
PARAMETRIC_REPRESENTATION_CONTEXT() REPRESENTATION_CONTEXT('2D SPACE',''
  ) );
#2116 = ORIENTED_EDGE('',*,*,#2117,.T.);
#2117 = EDGE_CURVE('',#2090,#1874,#2118,.T.);
#2118 = SURFACE_CURVE('',#2119,(#2124,#2131),.PCURVE_S1.);
#2119 = CIRCLE('',#2120,3.95);
#2120 = AXIS2_PLACEMENT_3D('',#2121,#2122,#2123);
#2121 = CARTESIAN_POINT('',(-0.704516836945,-7.268,1.857177277744));
#2122 = DIRECTION('',(-0.965925826289,6.162975822039E-33,0.258819045103)
  );
#2123 = DIRECTION('',(0.258819045103,-1.124276480633E-16,0.965925826289)
  );
#2124 = PCURVE('',#1890,#2125);
#2125 = DEFINITIONAL_REPRESENTATION('',(#2126),#2130);
#2126 = LINE('',#2127,#2128);
#2127 = CARTESIAN_POINT('',(0.,-1.3));
#2128 = VECTOR('',#2129,1.);
#2129 = DIRECTION('',(1.,0.));
#2130 = ( GEOMETRIC_REPRESENTATION_CONTEXT(2) 
PARAMETRIC_REPRESENTATION_CONTEXT() REPRESENTATION_CONTEXT('2D SPACE',''
  ) );
#2131 = PCURVE('',#1920,#2132);
#2132 = DEFINITIONAL_REPRESENTATION('',(#2133),#2137);
#2133 = CIRCLE('',#2134,3.95);
#2134 = AXIS2_PLACEMENT_2D('',#2135,#2136);
#2135 = CARTESIAN_POINT('',(0.,-3.4));
#2136 = DIRECTION('',(-1.,1.124276480633E-16));
#2137 = ( GEOMETRIC_REPRESENTATION_CONTEXT(2) 
PARAMETRIC_REPRESENTATION_CONTEXT() REPRESENTATION_CONTEXT('2D SPACE',''
  ) );
#2138 = ORIENTED_EDGE('',*,*,#1873,.T.);
#2139 = ADVANCED_FACE('',(#2140),#2105,.F.);
#2140 = FACE_BOUND('',#2141,.F.);
#2141 = EDGE_LOOP('',(#2142,#2163,#2186,#2207));
#2142 = ORIENTED_EDGE('',*,*,#2143,.F.);
#2143 = EDGE_CURVE('',#2144,#2062,#2146,.T.);
#2144 = VERTEX_POINT('',#2145);
#2145 = CARTESIAN_POINT('',(9.865218819149E-02,-14.068,5.731309698693));
#2146 = SURFACE_CURVE('',#2147,(#2151,#2157),.PCURVE_S1.);
#2147 = LINE('',#2148,#2149);
#2148 = CARTESIAN_POINT('',(9.865218819149E-02,-12.368,5.731309698693));
#2149 = VECTOR('',#2150,1.);
#2150 = DIRECTION('',(-0.,1.,0.));
#2151 = PCURVE('',#2105,#2152);
#2152 = DEFINITIONAL_REPRESENTATION('',(#2153),#2156);
#2153 = B_SPLINE_CURVE_WITH_KNOTS('',1,(#2154,#2155),.UNSPECIFIED.,.F.,
  .F.,(2,2),(-1.7,5.1),.PIECEWISE_BEZIER_KNOTS.);
#2154 = CARTESIAN_POINT('',(0.,-1.073102450464));
#2155 = CARTESIAN_POINT('',(6.8,-1.073102450464));
#2156 = ( GEOMETRIC_REPRESENTATION_CONTEXT(2) 
PARAMETRIC_REPRESENTATION_CONTEXT() REPRESENTATION_CONTEXT('2D SPACE',''
  ) );
#2157 = PCURVE('',#1616,#2158);
#2158 = DEFINITIONAL_REPRESENTATION('',(#2159),#2162);
#2159 = B_SPLINE_CURVE_WITH_KNOTS('',1,(#2160,#2161),.UNSPECIFIED.,.F.,
  .F.,(2,2),(-1.7,5.1),.PIECEWISE_BEZIER_KNOTS.);
#2160 = CARTESIAN_POINT('',(-3.946808278084,3.4));
#2161 = CARTESIAN_POINT('',(-3.946808278084,-3.4));
#2162 = ( GEOMETRIC_REPRESENTATION_CONTEXT(2) 
PARAMETRIC_REPRESENTATION_CONTEXT() REPRESENTATION_CONTEXT('2D SPACE',''
  ) );
#2163 = ORIENTED_EDGE('',*,*,#2164,.T.);
#2164 = EDGE_CURVE('',#2144,#2165,#2167,.T.);
#2165 = VERTEX_POINT('',#2166);
#2166 = CARTESIAN_POINT('',(0.31781839121,-14.068,5.672584291586));
#2167 = SURFACE_CURVE('',#2168,(#2172,#2179),.PCURVE_S1.);
#2168 = LINE('',#2169,#2170);
#2169 = CARTESIAN_POINT('',(-0.937885182966,-14.068,6.009049050219));
#2170 = VECTOR('',#2171,1.);
#2171 = DIRECTION('',(0.965925826289,0.,-0.258819045103));
#2172 = PCURVE('',#2105,#2173);
#2173 = DEFINITIONAL_REPRESENTATION('',(#2174),#2178);
#2174 = LINE('',#2175,#2176);
#2175 = CARTESIAN_POINT('',(0.,0.));
#2176 = VECTOR('',#2177,1.);
#2177 = DIRECTION('',(0.,-1.));
#2178 = ( GEOMETRIC_REPRESENTATION_CONTEXT(2) 
PARAMETRIC_REPRESENTATION_CONTEXT() REPRESENTATION_CONTEXT('2D SPACE',''
  ) );
#2179 = PCURVE('',#1948,#2180);
#2180 = DEFINITIONAL_REPRESENTATION('',(#2181),#2185);
#2181 = LINE('',#2182,#2183);
#2182 = CARTESIAN_POINT('',(3.14159265359,0.));
#2183 = VECTOR('',#2184,1.);
#2184 = DIRECTION('',(0.,-1.));
#2185 = ( GEOMETRIC_REPRESENTATION_CONTEXT(2) 
PARAMETRIC_REPRESENTATION_CONTEXT() REPRESENTATION_CONTEXT('2D SPACE',''
  ) );
#2186 = ORIENTED_EDGE('',*,*,#2187,.T.);
#2187 = EDGE_CURVE('',#2165,#2090,#2188,.T.);
#2188 = SURFACE_CURVE('',#2189,(#2193,#2200),.PCURVE_S1.);
#2189 = LINE('',#2190,#2191);
#2190 = CARTESIAN_POINT('',(0.31781839121,-14.068,5.672584291586));
#2191 = VECTOR('',#2192,1.);
#2192 = DIRECTION('',(0.,1.,0.));
#2193 = PCURVE('',#2105,#2194);
#2194 = DEFINITIONAL_REPRESENTATION('',(#2195),#2199);
#2195 = LINE('',#2196,#2197);
#2196 = CARTESIAN_POINT('',(0.,-1.3));
#2197 = VECTOR('',#2198,1.);
#2198 = DIRECTION('',(1.,0.));
#2199 = ( GEOMETRIC_REPRESENTATION_CONTEXT(2) 
PARAMETRIC_REPRESENTATION_CONTEXT() REPRESENTATION_CONTEXT('2D SPACE',''
  ) );
#2200 = PCURVE('',#1920,#2201);
#2201 = DEFINITIONAL_REPRESENTATION('',(#2202),#2206);
#2202 = LINE('',#2203,#2204);
#2203 = CARTESIAN_POINT('',(-3.95,3.4));
#2204 = VECTOR('',#2205,1.);
#2205 = DIRECTION('',(0.,-1.));
#2206 = ( GEOMETRIC_REPRESENTATION_CONTEXT(2) 
PARAMETRIC_REPRESENTATION_CONTEXT() REPRESENTATION_CONTEXT('2D SPACE',''
  ) );
#2207 = ORIENTED_EDGE('',*,*,#2089,.F.);
#2208 = ADVANCED_FACE('',(#2209),#1920,.T.);
#2209 = FACE_BOUND('',#2210,.T.);
#2210 = EDGE_LOOP('',(#2211,#2233,#2234,#2235));
#2211 = ORIENTED_EDGE('',*,*,#2212,.T.);
#2212 = EDGE_CURVE('',#1906,#2165,#2213,.T.);
#2213 = SURFACE_CURVE('',#2214,(#2219,#2226),.PCURVE_S1.);
#2214 = CIRCLE('',#2215,3.95);
#2215 = AXIS2_PLACEMENT_3D('',#2216,#2217,#2218);
#2216 = CARTESIAN_POINT('',(-0.704516836945,-14.068,1.857177277744));
#2217 = DIRECTION('',(-0.965925826289,6.162975822039E-33,0.258819045103)
  );
#2218 = DIRECTION('',(-0.258819045103,1.124276480633E-16,-0.965925826289
    ));
#2219 = PCURVE('',#1920,#2220);
#2220 = DEFINITIONAL_REPRESENTATION('',(#2221),#2225);
#2221 = CIRCLE('',#2222,3.95);
#2222 = AXIS2_PLACEMENT_2D('',#2223,#2224);
#2223 = CARTESIAN_POINT('',(-9.153838465578E-16,3.4));
#2224 = DIRECTION('',(1.,-1.124276480633E-16));
#2225 = ( GEOMETRIC_REPRESENTATION_CONTEXT(2) 
PARAMETRIC_REPRESENTATION_CONTEXT() REPRESENTATION_CONTEXT('2D SPACE',''
  ) );
#2226 = PCURVE('',#1948,#2227);
#2227 = DEFINITIONAL_REPRESENTATION('',(#2228),#2232);
#2228 = LINE('',#2229,#2230);
#2229 = CARTESIAN_POINT('',(0.,-1.3));
#2230 = VECTOR('',#2231,1.);
#2231 = DIRECTION('',(1.,0.));
#2232 = ( GEOMETRIC_REPRESENTATION_CONTEXT(2) 
PARAMETRIC_REPRESENTATION_CONTEXT() REPRESENTATION_CONTEXT('2D SPACE',''
  ) );
#2233 = ORIENTED_EDGE('',*,*,#2187,.T.);
#2234 = ORIENTED_EDGE('',*,*,#2117,.T.);
#2235 = ORIENTED_EDGE('',*,*,#1905,.T.);
#2236 = ADVANCED_FACE('',(#2237),#1948,.F.);
#2237 = FACE_BOUND('',#2238,.F.);
#2238 = EDGE_LOOP('',(#2239,#2240,#2241,#2242));
#2239 = ORIENTED_EDGE('',*,*,#1931,.T.);
#2240 = ORIENTED_EDGE('',*,*,#2212,.T.);
#2241 = ORIENTED_EDGE('',*,*,#2164,.F.);
#2242 = ORIENTED_EDGE('',*,*,#2243,.F.);
#2243 = EDGE_CURVE('',#1932,#2144,#2244,.T.);
#2244 = SURFACE_CURVE('',#2245,(#2250,#2261),.PCURVE_S1.);
#2245 = ELLIPSE('',#2246,3.965088358296,3.95);
#2246 = AXIS2_PLACEMENT_3D('',#2247,#2248,#2249);
#2247 = CARTESIAN_POINT('',(-0.589878179515,-14.068,1.826459942065));
#2248 = DIRECTION('',(-0.984807753012,-0.,0.173648177667));
#2249 = DIRECTION('',(0.173648177667,0.,0.984807753012));
#2250 = PCURVE('',#1948,#2251);
#2251 = DEFINITIONAL_REPRESENTATION('',(#2252),#2260);
#2252 = B_SPLINE_CURVE_WITH_KNOTS('',6,(#2253,#2254,#2255,#2256,#2257,
    #2258,#2259),.UNSPECIFIED.,.F.,.F.,(7,7),(5.38737737807,
    6.28318530718),.PIECEWISE_BEZIER_KNOTS.);
#2253 = CARTESIAN_POINT('',(2.24578472448,-1.202733648903));
#2254 = CARTESIAN_POINT('',(2.395086045998,-1.162452244001));
#2255 = CARTESIAN_POINT('',(2.544387367516,-1.127947358445));
#2256 = CARTESIAN_POINT('',(2.693688689035,-1.100834581434));
#2257 = CARTESIAN_POINT('',(2.842990010553,-1.082346324802));
#2258 = CARTESIAN_POINT('',(2.992291332071,-1.073102450464));
#2259 = CARTESIAN_POINT('',(3.14159265359,-1.073102450464));
#2260 = ( GEOMETRIC_REPRESENTATION_CONTEXT(2) 
PARAMETRIC_REPRESENTATION_CONTEXT() REPRESENTATION_CONTEXT('2D SPACE',''
  ) );
#2261 = PCURVE('',#1616,#2262);
#2262 = DEFINITIONAL_REPRESENTATION('',(#2263),#2267);
#2263 = ELLIPSE('',#2264,3.965088358296,3.95);
#2264 = AXIS2_PLACEMENT_2D('',#2265,#2266);
#2265 = CARTESIAN_POINT('',(1.828008021241E-02,3.4));
#2266 = DIRECTION('',(-1.,0.));
#2267 = ( GEOMETRIC_REPRESENTATION_CONTEXT(2) 
PARAMETRIC_REPRESENTATION_CONTEXT() REPRESENTATION_CONTEXT('2D SPACE',''
  ) );
#2268 = ADVANCED_FACE('',(#2269),#2020,.F.);
#2269 = FACE_BOUND('',#2270,.F.);
#2270 = EDGE_LOOP('',(#2271,#2272,#2293,#2319,#2346));
#2271 = ORIENTED_EDGE('',*,*,#2004,.F.);
#2272 = ORIENTED_EDGE('',*,*,#2273,.T.);
#2273 = EDGE_CURVE('',#1984,#2274,#2276,.T.);
#2274 = VERTEX_POINT('',#2275);
#2275 = CARTESIAN_POINT('',(-0.6,-18.3,4.525806451613));
#2276 = SURFACE_CURVE('',#2277,(#2281,#2287),.PCURVE_S1.);
#2277 = LINE('',#2278,#2279);
#2278 = CARTESIAN_POINT('',(-1.092082940622,-18.3,4.684542884072));
#2279 = VECTOR('',#2280,1.);
#2280 = DIRECTION('',(-0.951708617761,0.,0.307002779923));
#2281 = PCURVE('',#2020,#2282);
#2282 = DEFINITIONAL_REPRESENTATION('',(#2283),#2286);
#2283 = B_SPLINE_CURVE_WITH_KNOTS('',1,(#2284,#2285),.UNSPECIFIED.,.F.,
  .F.,(2,2),(-0.926841392587,-0.517052101283),.PIECEWISE_BEZIER_KNOTS.);
#2284 = CARTESIAN_POINT('',(-1.110223024625E-16,2.29));
#2285 = CARTESIAN_POINT('',(0.125806451613,1.9));
#2286 = ( GEOMETRIC_REPRESENTATION_CONTEXT(2) 
PARAMETRIC_REPRESENTATION_CONTEXT() REPRESENTATION_CONTEXT('2D SPACE',''
  ) );
#2287 = PCURVE('',#43,#2288);
#2288 = DEFINITIONAL_REPRESENTATION('',(#2289),#2292);
#2289 = B_SPLINE_CURVE_WITH_KNOTS('',1,(#2290,#2291),.UNSPECIFIED.,.F.,
  .F.,(2,2),(-0.926841392587,-0.517052101283),.PIECEWISE_BEZIER_KNOTS.);
#2290 = CARTESIAN_POINT('',(0.325729949498,-28.3));
#2291 = CARTESIAN_POINT('',(0.735519240802,-28.3));
#2292 = ( GEOMETRIC_REPRESENTATION_CONTEXT(2) 
PARAMETRIC_REPRESENTATION_CONTEXT() REPRESENTATION_CONTEXT('2D SPACE',''
  ) );
#2293 = ORIENTED_EDGE('',*,*,#2294,.T.);
#2294 = EDGE_CURVE('',#2274,#2295,#2297,.T.);
#2295 = VERTEX_POINT('',#2296);
#2296 = CARTESIAN_POINT('',(-0.6,-18.3,6.6));
#2297 = SURFACE_CURVE('',#2298,(#2302,#2308),.PCURVE_S1.);
#2298 = LINE('',#2299,#2300);
#2299 = CARTESIAN_POINT('',(-0.6,-18.3,0.2));
#2300 = VECTOR('',#2301,1.);
#2301 = DIRECTION('',(0.,0.,1.));
#2302 = PCURVE('',#2020,#2303);
#2303 = DEFINITIONAL_REPRESENTATION('',(#2304),#2307);
#2304 = B_SPLINE_CURVE_WITH_KNOTS('',1,(#2305,#2306),.UNSPECIFIED.,.F.,
  .F.,(2,2),(4.2,6.4),.PIECEWISE_BEZIER_KNOTS.);
#2305 = CARTESIAN_POINT('',(0.,1.9));
#2306 = CARTESIAN_POINT('',(2.2,1.9));
#2307 = ( GEOMETRIC_REPRESENTATION_CONTEXT(2) 
PARAMETRIC_REPRESENTATION_CONTEXT() REPRESENTATION_CONTEXT('2D SPACE',''
  ) );
#2308 = PCURVE('',#2309,#2314);
#2309 = PLANE('',#2310);
#2310 = AXIS2_PLACEMENT_3D('',#2311,#2312,#2313);
#2311 = CARTESIAN_POINT('',(-0.6,-21.85,-4.));
#2312 = DIRECTION('',(1.,0.,0.));
#2313 = DIRECTION('',(0.,0.,1.));
#2314 = DEFINITIONAL_REPRESENTATION('',(#2315),#2318);
#2315 = B_SPLINE_CURVE_WITH_KNOTS('',1,(#2316,#2317),.UNSPECIFIED.,.F.,
  .F.,(2,2),(4.2,6.4),.PIECEWISE_BEZIER_KNOTS.);
#2316 = CARTESIAN_POINT('',(8.4,-3.55));
#2317 = CARTESIAN_POINT('',(10.6,-3.55));
#2318 = ( GEOMETRIC_REPRESENTATION_CONTEXT(2) 
PARAMETRIC_REPRESENTATION_CONTEXT() REPRESENTATION_CONTEXT('2D SPACE',''
  ) );
#2319 = ORIENTED_EDGE('',*,*,#2320,.F.);
#2320 = EDGE_CURVE('',#2321,#2295,#2323,.T.);
#2321 = VERTEX_POINT('',#2322);
#2322 = CARTESIAN_POINT('',(0.7,-18.3,6.6));
#2323 = SURFACE_CURVE('',#2324,(#2328,#2334),.PCURVE_S1.);
#2324 = LINE('',#2325,#2326);
#2325 = CARTESIAN_POINT('',(-1.55,-18.3,6.6));
#2326 = VECTOR('',#2327,1.);
#2327 = DIRECTION('',(-1.,0.,0.));
#2328 = PCURVE('',#2020,#2329);
#2329 = DEFINITIONAL_REPRESENTATION('',(#2330),#2333);
#2330 = B_SPLINE_CURVE_WITH_KNOTS('',1,(#2331,#2332),.UNSPECIFIED.,.F.,
  .F.,(2,2),(-2.25,-0.95),.PIECEWISE_BEZIER_KNOTS.);
#2331 = CARTESIAN_POINT('',(2.2,3.2));
#2332 = CARTESIAN_POINT('',(2.2,1.9));
#2333 = ( GEOMETRIC_REPRESENTATION_CONTEXT(2) 
PARAMETRIC_REPRESENTATION_CONTEXT() REPRESENTATION_CONTEXT('2D SPACE',''
  ) );
#2334 = PCURVE('',#2335,#2340);
#2335 = PLANE('',#2336);
#2336 = AXIS2_PLACEMENT_3D('',#2337,#2338,#2339);
#2337 = CARTESIAN_POINT('',(-0.6,-21.85,6.6));
#2338 = DIRECTION('',(0.,0.,1.));
#2339 = DIRECTION('',(1.,0.,0.));
#2340 = DEFINITIONAL_REPRESENTATION('',(#2341),#2345);
#2341 = LINE('',#2342,#2343);
#2342 = CARTESIAN_POINT('',(-0.95,3.55));
#2343 = VECTOR('',#2344,1.);
#2344 = DIRECTION('',(-1.,0.));
#2345 = ( GEOMETRIC_REPRESENTATION_CONTEXT(2) 
PARAMETRIC_REPRESENTATION_CONTEXT() REPRESENTATION_CONTEXT('2D SPACE',''
  ) );
#2346 = ORIENTED_EDGE('',*,*,#2347,.F.);
#2347 = EDGE_CURVE('',#2005,#2321,#2348,.T.);
#2348 = SURFACE_CURVE('',#2349,(#2353,#2360),.PCURVE_S1.);
#2349 = LINE('',#2350,#2351);
#2350 = CARTESIAN_POINT('',(0.7,-18.3,4.4));
#2351 = VECTOR('',#2352,1.);
#2352 = DIRECTION('',(0.,0.,1.));
#2353 = PCURVE('',#2020,#2354);
#2354 = DEFINITIONAL_REPRESENTATION('',(#2355),#2359);
#2355 = LINE('',#2356,#2357);
#2356 = CARTESIAN_POINT('',(0.,3.2));
#2357 = VECTOR('',#2358,1.);
#2358 = DIRECTION('',(1.,0.));
#2359 = ( GEOMETRIC_REPRESENTATION_CONTEXT(2) 
PARAMETRIC_REPRESENTATION_CONTEXT() REPRESENTATION_CONTEXT('2D SPACE',''
  ) );
#2360 = PCURVE('',#2046,#2361);
#2361 = DEFINITIONAL_REPRESENTATION('',(#2362),#2366);
#2362 = LINE('',#2363,#2364);
#2363 = CARTESIAN_POINT('',(0.,0.));
#2364 = VECTOR('',#2365,1.);
#2365 = DIRECTION('',(1.,0.));
#2366 = ( GEOMETRIC_REPRESENTATION_CONTEXT(2) 
PARAMETRIC_REPRESENTATION_CONTEXT() REPRESENTATION_CONTEXT('2D SPACE',''
  ) );
#2367 = ADVANCED_FACE('',(#2368),#2309,.T.);
#2368 = FACE_BOUND('',#2369,.T.);
#2369 = EDGE_LOOP('',(#2370,#2400,#2419,#2420));
#2370 = ORIENTED_EDGE('',*,*,#2371,.F.);
#2371 = EDGE_CURVE('',#2372,#2374,#2376,.T.);
#2372 = VERTEX_POINT('',#2373);
#2373 = CARTESIAN_POINT('',(-0.6,-21.85,4.525806451613));
#2374 = VERTEX_POINT('',#2375);
#2375 = CARTESIAN_POINT('',(-0.6,-21.85,6.6));
#2376 = SURFACE_CURVE('',#2377,(#2381,#2388),.PCURVE_S1.);
#2377 = LINE('',#2378,#2379);
#2378 = CARTESIAN_POINT('',(-0.6,-21.85,-4.));
#2379 = VECTOR('',#2380,1.);
#2380 = DIRECTION('',(0.,0.,1.));
#2381 = PCURVE('',#2309,#2382);
#2382 = DEFINITIONAL_REPRESENTATION('',(#2383),#2387);
#2383 = LINE('',#2384,#2385);
#2384 = CARTESIAN_POINT('',(0.,0.));
#2385 = VECTOR('',#2386,1.);
#2386 = DIRECTION('',(1.,0.));
#2387 = ( GEOMETRIC_REPRESENTATION_CONTEXT(2) 
PARAMETRIC_REPRESENTATION_CONTEXT() REPRESENTATION_CONTEXT('2D SPACE',''
  ) );
#2388 = PCURVE('',#2389,#2394);
#2389 = PLANE('',#2390);
#2390 = AXIS2_PLACEMENT_3D('',#2391,#2392,#2393);
#2391 = CARTESIAN_POINT('',(-0.6,-21.85,-4.));
#2392 = DIRECTION('',(0.,1.,0.));
#2393 = DIRECTION('',(0.,0.,1.));
#2394 = DEFINITIONAL_REPRESENTATION('',(#2395),#2399);
#2395 = LINE('',#2396,#2397);
#2396 = CARTESIAN_POINT('',(0.,0.));
#2397 = VECTOR('',#2398,1.);
#2398 = DIRECTION('',(1.,0.));
#2399 = ( GEOMETRIC_REPRESENTATION_CONTEXT(2) 
PARAMETRIC_REPRESENTATION_CONTEXT() REPRESENTATION_CONTEXT('2D SPACE',''
  ) );
#2400 = ORIENTED_EDGE('',*,*,#2401,.T.);
#2401 = EDGE_CURVE('',#2372,#2274,#2402,.T.);
#2402 = SURFACE_CURVE('',#2403,(#2407,#2413),.PCURVE_S1.);
#2403 = LINE('',#2404,#2405);
#2404 = CARTESIAN_POINT('',(-0.6,-5.925,4.525806451613));
#2405 = VECTOR('',#2406,1.);
#2406 = DIRECTION('',(0.,1.,0.));
#2407 = PCURVE('',#2309,#2408);
#2408 = DEFINITIONAL_REPRESENTATION('',(#2409),#2412);
#2409 = B_SPLINE_CURVE_WITH_KNOTS('',1,(#2410,#2411),.UNSPECIFIED.,.F.,
  .F.,(2,2),(-15.925,-12.375),.PIECEWISE_BEZIER_KNOTS.);
#2410 = CARTESIAN_POINT('',(8.525806451613,0.));
#2411 = CARTESIAN_POINT('',(8.525806451613,-3.55));
#2412 = ( GEOMETRIC_REPRESENTATION_CONTEXT(2) 
PARAMETRIC_REPRESENTATION_CONTEXT() REPRESENTATION_CONTEXT('2D SPACE',''
  ) );
#2413 = PCURVE('',#43,#2414);
#2414 = DEFINITIONAL_REPRESENTATION('',(#2415),#2418);
#2415 = B_SPLINE_CURVE_WITH_KNOTS('',1,(#2416,#2417),.UNSPECIFIED.,.F.,
  .F.,(2,2),(-15.925,-12.375),.PIECEWISE_BEZIER_KNOTS.);
#2416 = CARTESIAN_POINT('',(0.735519240802,-31.85));
#2417 = CARTESIAN_POINT('',(0.735519240802,-28.3));
#2418 = ( GEOMETRIC_REPRESENTATION_CONTEXT(2) 
PARAMETRIC_REPRESENTATION_CONTEXT() REPRESENTATION_CONTEXT('2D SPACE',''
  ) );
#2419 = ORIENTED_EDGE('',*,*,#2294,.T.);
#2420 = ORIENTED_EDGE('',*,*,#2421,.F.);
#2421 = EDGE_CURVE('',#2374,#2295,#2422,.T.);
#2422 = SURFACE_CURVE('',#2423,(#2427,#2434),.PCURVE_S1.);
#2423 = LINE('',#2424,#2425);
#2424 = CARTESIAN_POINT('',(-0.6,-21.85,6.6));
#2425 = VECTOR('',#2426,1.);
#2426 = DIRECTION('',(0.,1.,0.));
#2427 = PCURVE('',#2309,#2428);
#2428 = DEFINITIONAL_REPRESENTATION('',(#2429),#2433);
#2429 = LINE('',#2430,#2431);
#2430 = CARTESIAN_POINT('',(10.6,0.));
#2431 = VECTOR('',#2432,1.);
#2432 = DIRECTION('',(0.,-1.));
#2433 = ( GEOMETRIC_REPRESENTATION_CONTEXT(2) 
PARAMETRIC_REPRESENTATION_CONTEXT() REPRESENTATION_CONTEXT('2D SPACE',''
  ) );
#2434 = PCURVE('',#2335,#2435);
#2435 = DEFINITIONAL_REPRESENTATION('',(#2436),#2440);
#2436 = LINE('',#2437,#2438);
#2437 = CARTESIAN_POINT('',(0.,0.));
#2438 = VECTOR('',#2439,1.);
#2439 = DIRECTION('',(0.,1.));
#2440 = ( GEOMETRIC_REPRESENTATION_CONTEXT(2) 
PARAMETRIC_REPRESENTATION_CONTEXT() REPRESENTATION_CONTEXT('2D SPACE',''
  ) );
#2441 = ADVANCED_FACE('',(#2442),#2389,.T.);
#2442 = FACE_BOUND('',#2443,.T.);
#2443 = EDGE_LOOP('',(#2444,#2445,#2468,#2495,#2517));
#2444 = ORIENTED_EDGE('',*,*,#2371,.T.);
#2445 = ORIENTED_EDGE('',*,*,#2446,.T.);
#2446 = EDGE_CURVE('',#2374,#2447,#2449,.T.);
#2447 = VERTEX_POINT('',#2448);
#2448 = CARTESIAN_POINT('',(1.E-01,-21.85,6.6));
#2449 = SURFACE_CURVE('',#2450,(#2454,#2461),.PCURVE_S1.);
#2450 = LINE('',#2451,#2452);
#2451 = CARTESIAN_POINT('',(-0.6,-21.85,6.6));
#2452 = VECTOR('',#2453,1.);
#2453 = DIRECTION('',(1.,0.,0.));
#2454 = PCURVE('',#2389,#2455);
#2455 = DEFINITIONAL_REPRESENTATION('',(#2456),#2460);
#2456 = LINE('',#2457,#2458);
#2457 = CARTESIAN_POINT('',(10.6,0.));
#2458 = VECTOR('',#2459,1.);
#2459 = DIRECTION('',(0.,1.));
#2460 = ( GEOMETRIC_REPRESENTATION_CONTEXT(2) 
PARAMETRIC_REPRESENTATION_CONTEXT() REPRESENTATION_CONTEXT('2D SPACE',''
  ) );
#2461 = PCURVE('',#2335,#2462);
#2462 = DEFINITIONAL_REPRESENTATION('',(#2463),#2467);
#2463 = LINE('',#2464,#2465);
#2464 = CARTESIAN_POINT('',(0.,0.));
#2465 = VECTOR('',#2466,1.);
#2466 = DIRECTION('',(1.,0.));
#2467 = ( GEOMETRIC_REPRESENTATION_CONTEXT(2) 
PARAMETRIC_REPRESENTATION_CONTEXT() REPRESENTATION_CONTEXT('2D SPACE',''
  ) );
#2468 = ORIENTED_EDGE('',*,*,#2469,.T.);
#2469 = EDGE_CURVE('',#2447,#2470,#2472,.T.);
#2470 = VERTEX_POINT('',#2471);
#2471 = CARTESIAN_POINT('',(0.1,-21.85,4.4));
#2472 = SURFACE_CURVE('',#2473,(#2477,#2483),.PCURVE_S1.);
#2473 = LINE('',#2474,#2475);
#2474 = CARTESIAN_POINT('',(1.E-01,-21.85,-0.775));
#2475 = VECTOR('',#2476,1.);
#2476 = DIRECTION('',(0.,0.,-1.));
#2477 = PCURVE('',#2389,#2478);
#2478 = DEFINITIONAL_REPRESENTATION('',(#2479),#2482);
#2479 = B_SPLINE_CURVE_WITH_KNOTS('',1,(#2480,#2481),.UNSPECIFIED.,.F.,
  .F.,(2,2),(-7.375,-5.175),.PIECEWISE_BEZIER_KNOTS.);
#2480 = CARTESIAN_POINT('',(10.6,0.7));
#2481 = CARTESIAN_POINT('',(8.4,0.7));
#2482 = ( GEOMETRIC_REPRESENTATION_CONTEXT(2) 
PARAMETRIC_REPRESENTATION_CONTEXT() REPRESENTATION_CONTEXT('2D SPACE',''
  ) );
#2483 = PCURVE('',#2484,#2489);
#2484 = PLANE('',#2485);
#2485 = AXIS2_PLACEMENT_3D('',#2486,#2487,#2488);
#2486 = CARTESIAN_POINT('',(0.1,-21.95,2.45));
#2487 = DIRECTION('',(1.,0.,0.));
#2488 = DIRECTION('',(0.,0.,1.));
#2489 = DEFINITIONAL_REPRESENTATION('',(#2490),#2494);
#2490 = LINE('',#2491,#2492);
#2491 = CARTESIAN_POINT('',(-3.225,-1.E-01));
#2492 = VECTOR('',#2493,1.);
#2493 = DIRECTION('',(-1.,0.));
#2494 = ( GEOMETRIC_REPRESENTATION_CONTEXT(2) 
PARAMETRIC_REPRESENTATION_CONTEXT() REPRESENTATION_CONTEXT('2D SPACE',''
  ) );
#2495 = ORIENTED_EDGE('',*,*,#2496,.T.);
#2496 = EDGE_CURVE('',#2470,#2497,#2499,.T.);
#2497 = VERTEX_POINT('',#2498);
#2498 = CARTESIAN_POINT('',(-0.21,-21.85,4.4));
#2499 = SURFACE_CURVE('',#2500,(#2504,#2510),.PCURVE_S1.);
#2500 = LINE('',#2501,#2502);
#2501 = CARTESIAN_POINT('',(17.894532768661,-21.85,4.4));
#2502 = VECTOR('',#2503,1.);
#2503 = DIRECTION('',(-1.,0.,0.));
#2504 = PCURVE('',#2389,#2505);
#2505 = DEFINITIONAL_REPRESENTATION('',(#2506),#2509);
#2506 = B_SPLINE_CURVE_WITH_KNOTS('',1,(#2507,#2508),.UNSPECIFIED.,.F.,
  .F.,(2,2),(-53.80546723133,18.494532768661),.PIECEWISE_BEZIER_KNOTS.);
#2507 = CARTESIAN_POINT('',(8.4,72.3));
#2508 = CARTESIAN_POINT('',(8.4,0.));
#2509 = ( GEOMETRIC_REPRESENTATION_CONTEXT(2) 
PARAMETRIC_REPRESENTATION_CONTEXT() REPRESENTATION_CONTEXT('2D SPACE',''
  ) );
#2510 = PCURVE('',#152,#2511);
#2511 = DEFINITIONAL_REPRESENTATION('',(#2512),#2516);
#2512 = LINE('',#2513,#2514);
#2513 = CARTESIAN_POINT('',(-18.49453276866,-12.03899684058));
#2514 = VECTOR('',#2515,1.);
#2515 = DIRECTION('',(-1.,0.));
#2516 = ( GEOMETRIC_REPRESENTATION_CONTEXT(2) 
PARAMETRIC_REPRESENTATION_CONTEXT() REPRESENTATION_CONTEXT('2D SPACE',''
  ) );
#2517 = ORIENTED_EDGE('',*,*,#2518,.T.);
#2518 = EDGE_CURVE('',#2497,#2372,#2519,.T.);
#2519 = SURFACE_CURVE('',#2520,(#2524,#2530),.PCURVE_S1.);
#2520 = LINE('',#2521,#2522);
#2521 = CARTESIAN_POINT('',(0.995523091423,-21.85,4.011121583412));
#2522 = VECTOR('',#2523,1.);
#2523 = DIRECTION('',(-0.951708617761,0.,0.307002779923));
#2524 = PCURVE('',#2389,#2525);
#2525 = DEFINITIONAL_REPRESENTATION('',(#2526),#2529);
#2526 = B_SPLINE_CURVE_WITH_KNOTS('',1,(#2527,#2528),.UNSPECIFIED.,.F.,
  .F.,(2,2),(1.266693469961,1.676482761265),.PIECEWISE_BEZIER_KNOTS.);
#2527 = CARTESIAN_POINT('',(8.4,0.39));
#2528 = CARTESIAN_POINT('',(8.525806451613,0.));
#2529 = ( GEOMETRIC_REPRESENTATION_CONTEXT(2) 
PARAMETRIC_REPRESENTATION_CONTEXT() REPRESENTATION_CONTEXT('2D SPACE',''
  ) );
#2530 = PCURVE('',#43,#2531);
#2531 = DEFINITIONAL_REPRESENTATION('',(#2532),#2535);
#2532 = B_SPLINE_CURVE_WITH_KNOTS('',1,(#2533,#2534),.UNSPECIFIED.,.F.,
  .F.,(2,2),(1.266693469961,1.676482761265),.PIECEWISE_BEZIER_KNOTS.);
#2533 = CARTESIAN_POINT('',(0.325729949498,-31.85));
#2534 = CARTESIAN_POINT('',(0.735519240802,-31.85));
#2535 = ( GEOMETRIC_REPRESENTATION_CONTEXT(2) 
PARAMETRIC_REPRESENTATION_CONTEXT() REPRESENTATION_CONTEXT('2D SPACE',''
  ) );
#2536 = ADVANCED_FACE('',(#2537),#2484,.F.);
#2537 = FACE_BOUND('',#2538,.F.);
#2538 = EDGE_LOOP('',(#2539,#2569,#2596,#2624,#2645,#2646));
#2539 = ORIENTED_EDGE('',*,*,#2540,.F.);
#2540 = EDGE_CURVE('',#2541,#2543,#2545,.T.);
#2541 = VERTEX_POINT('',#2542);
#2542 = CARTESIAN_POINT('',(0.1,-21.95,3.05));
#2543 = VERTEX_POINT('',#2544);
#2544 = CARTESIAN_POINT('',(0.1,-21.95,4.4));
#2545 = SURFACE_CURVE('',#2546,(#2550,#2557),.PCURVE_S1.);
#2546 = LINE('',#2547,#2548);
#2547 = CARTESIAN_POINT('',(0.1,-21.95,3.05));
#2548 = VECTOR('',#2549,1.);
#2549 = DIRECTION('',(-3.083952846181E-17,0.,1.));
#2550 = PCURVE('',#2484,#2551);
#2551 = DEFINITIONAL_REPRESENTATION('',(#2552),#2556);
#2552 = LINE('',#2553,#2554);
#2553 = CARTESIAN_POINT('',(0.6,0.));
#2554 = VECTOR('',#2555,1.);
#2555 = DIRECTION('',(1.,0.));
#2556 = ( GEOMETRIC_REPRESENTATION_CONTEXT(2) 
PARAMETRIC_REPRESENTATION_CONTEXT() REPRESENTATION_CONTEXT('2D SPACE',''
  ) );
#2557 = PCURVE('',#2558,#2563);
#2558 = PLANE('',#2559);
#2559 = AXIS2_PLACEMENT_3D('',#2560,#2561,#2562);
#2560 = CARTESIAN_POINT('',(0.1,-21.95,2.45));
#2561 = DIRECTION('',(0.,1.,0.));
#2562 = DIRECTION('',(0.,0.,1.));
#2563 = DEFINITIONAL_REPRESENTATION('',(#2564),#2568);
#2564 = LINE('',#2565,#2566);
#2565 = CARTESIAN_POINT('',(0.6,4.163336342344E-17));
#2566 = VECTOR('',#2567,1.);
#2567 = DIRECTION('',(1.,-3.083952846181E-17));
#2568 = ( GEOMETRIC_REPRESENTATION_CONTEXT(2) 
PARAMETRIC_REPRESENTATION_CONTEXT() REPRESENTATION_CONTEXT('2D SPACE',''
  ) );
#2569 = ORIENTED_EDGE('',*,*,#2570,.F.);
#2570 = EDGE_CURVE('',#2571,#2541,#2573,.T.);
#2571 = VERTEX_POINT('',#2572);
#2572 = CARTESIAN_POINT('',(0.1,-19.65,3.05));
#2573 = SURFACE_CURVE('',#2574,(#2578,#2585),.PCURVE_S1.);
#2574 = LINE('',#2575,#2576);
#2575 = CARTESIAN_POINT('',(0.1,-21.95,3.05));
#2576 = VECTOR('',#2577,1.);
#2577 = DIRECTION('',(0.,-1.,0.));
#2578 = PCURVE('',#2484,#2579);
#2579 = DEFINITIONAL_REPRESENTATION('',(#2580),#2584);
#2580 = LINE('',#2581,#2582);
#2581 = CARTESIAN_POINT('',(0.6,0.));
#2582 = VECTOR('',#2583,1.);
#2583 = DIRECTION('',(0.,1.));
#2584 = ( GEOMETRIC_REPRESENTATION_CONTEXT(2) 
PARAMETRIC_REPRESENTATION_CONTEXT() REPRESENTATION_CONTEXT('2D SPACE',''
  ) );
#2585 = PCURVE('',#2586,#2591);
#2586 = PLANE('',#2587);
#2587 = AXIS2_PLACEMENT_3D('',#2588,#2589,#2590);
#2588 = CARTESIAN_POINT('',(-1.55,-21.95,3.05));
#2589 = DIRECTION('',(0.,0.,1.));
#2590 = DIRECTION('',(1.,0.,0.));
#2591 = DEFINITIONAL_REPRESENTATION('',(#2592),#2595);
#2592 = B_SPLINE_CURVE_WITH_KNOTS('',1,(#2593,#2594),.UNSPECIFIED.,.F.,
  .F.,(2,2),(-2.3,0.),.PIECEWISE_BEZIER_KNOTS.);
#2593 = CARTESIAN_POINT('',(1.65,2.3));
#2594 = CARTESIAN_POINT('',(1.65,0.));
#2595 = ( GEOMETRIC_REPRESENTATION_CONTEXT(2) 
PARAMETRIC_REPRESENTATION_CONTEXT() REPRESENTATION_CONTEXT('2D SPACE',''
  ) );
#2596 = ORIENTED_EDGE('',*,*,#2597,.F.);
#2597 = EDGE_CURVE('',#2598,#2571,#2600,.T.);
#2598 = VERTEX_POINT('',#2599);
#2599 = CARTESIAN_POINT('',(0.1,-19.65,6.6));
#2600 = SURFACE_CURVE('',#2601,(#2605,#2612),.PCURVE_S1.);
#2601 = LINE('',#2602,#2603);
#2602 = CARTESIAN_POINT('',(0.1,-19.65,6.6));
#2603 = VECTOR('',#2604,1.);
#2604 = DIRECTION('',(1.17277080066E-17,0.,-1.));
#2605 = PCURVE('',#2484,#2606);
#2606 = DEFINITIONAL_REPRESENTATION('',(#2607),#2611);
#2607 = LINE('',#2608,#2609);
#2608 = CARTESIAN_POINT('',(4.15,-2.3));
#2609 = VECTOR('',#2610,1.);
#2610 = DIRECTION('',(-1.,0.));
#2611 = ( GEOMETRIC_REPRESENTATION_CONTEXT(2) 
PARAMETRIC_REPRESENTATION_CONTEXT() REPRESENTATION_CONTEXT('2D SPACE',''
  ) );
#2612 = PCURVE('',#2613,#2618);
#2613 = PLANE('',#2614);
#2614 = AXIS2_PLACEMENT_3D('',#2615,#2616,#2617);
#2615 = CARTESIAN_POINT('',(0.1,-19.65,2.45));
#2616 = DIRECTION('',(0.,1.,0.));
#2617 = DIRECTION('',(0.,0.,1.));
#2618 = DEFINITIONAL_REPRESENTATION('',(#2619),#2623);
#2619 = LINE('',#2620,#2621);
#2620 = CARTESIAN_POINT('',(4.15,0.));
#2621 = VECTOR('',#2622,1.);
#2622 = DIRECTION('',(-1.,1.17277080066E-17));
#2623 = ( GEOMETRIC_REPRESENTATION_CONTEXT(2) 
PARAMETRIC_REPRESENTATION_CONTEXT() REPRESENTATION_CONTEXT('2D SPACE',''
  ) );
#2624 = ORIENTED_EDGE('',*,*,#2625,.F.);
#2625 = EDGE_CURVE('',#2447,#2598,#2626,.T.);
#2626 = SURFACE_CURVE('',#2627,(#2631,#2638),.PCURVE_S1.);
#2627 = LINE('',#2628,#2629);
#2628 = CARTESIAN_POINT('',(1.E-01,-21.9,6.6));
#2629 = VECTOR('',#2630,1.);
#2630 = DIRECTION('',(0.,1.,0.));
#2631 = PCURVE('',#2484,#2632);
#2632 = DEFINITIONAL_REPRESENTATION('',(#2633),#2637);
#2633 = LINE('',#2634,#2635);
#2634 = CARTESIAN_POINT('',(4.15,-5.E-02));
#2635 = VECTOR('',#2636,1.);
#2636 = DIRECTION('',(0.,-1.));
#2637 = ( GEOMETRIC_REPRESENTATION_CONTEXT(2) 
PARAMETRIC_REPRESENTATION_CONTEXT() REPRESENTATION_CONTEXT('2D SPACE',''
  ) );
#2638 = PCURVE('',#2335,#2639);
#2639 = DEFINITIONAL_REPRESENTATION('',(#2640),#2644);
#2640 = LINE('',#2641,#2642);
#2641 = CARTESIAN_POINT('',(0.7,-5.E-02));
#2642 = VECTOR('',#2643,1.);
#2643 = DIRECTION('',(0.,1.));
#2644 = ( GEOMETRIC_REPRESENTATION_CONTEXT(2) 
PARAMETRIC_REPRESENTATION_CONTEXT() REPRESENTATION_CONTEXT('2D SPACE',''
  ) );
#2645 = ORIENTED_EDGE('',*,*,#2469,.T.);
#2646 = ORIENTED_EDGE('',*,*,#2647,.F.);
#2647 = EDGE_CURVE('',#2543,#2470,#2648,.T.);
#2648 = SURFACE_CURVE('',#2649,(#2653,#2660),.PCURVE_S1.);
#2649 = LINE('',#2650,#2651);
#2650 = CARTESIAN_POINT('',(0.1,-15.8805015797,4.4));
#2651 = VECTOR('',#2652,1.);
#2652 = DIRECTION('',(0.,1.,0.));
#2653 = PCURVE('',#2484,#2654);
#2654 = DEFINITIONAL_REPRESENTATION('',(#2655),#2659);
#2655 = LINE('',#2656,#2657);
#2656 = CARTESIAN_POINT('',(1.95,-6.069498420295));
#2657 = VECTOR('',#2658,1.);
#2658 = DIRECTION('',(0.,-1.));
#2659 = ( GEOMETRIC_REPRESENTATION_CONTEXT(2) 
PARAMETRIC_REPRESENTATION_CONTEXT() REPRESENTATION_CONTEXT('2D SPACE',''
  ) );
#2660 = PCURVE('',#152,#2661);
#2661 = DEFINITIONAL_REPRESENTATION('',(#2662),#2666);
#2662 = LINE('',#2663,#2664);
#2663 = CARTESIAN_POINT('',(-36.28906553732,-6.069498420295));
#2664 = VECTOR('',#2665,1.);
#2665 = DIRECTION('',(0.,1.));
#2666 = ( GEOMETRIC_REPRESENTATION_CONTEXT(2) 
PARAMETRIC_REPRESENTATION_CONTEXT() REPRESENTATION_CONTEXT('2D SPACE',''
  ) );
#2667 = ADVANCED_FACE('',(#2668),#2613,.T.);
#2668 = FACE_BOUND('',#2669,.T.);
#2669 = EDGE_LOOP('',(#2670,#2700,#2728,#2756,#2777,#2778));
#2670 = ORIENTED_EDGE('',*,*,#2671,.F.);
#2671 = EDGE_CURVE('',#2672,#2674,#2676,.T.);
#2672 = VERTEX_POINT('',#2673);
#2673 = CARTESIAN_POINT('',(1.7,-19.65,2.45));
#2674 = VERTEX_POINT('',#2675);
#2675 = CARTESIAN_POINT('',(1.7,-19.65,6.6));
#2676 = SURFACE_CURVE('',#2677,(#2681,#2688),.PCURVE_S1.);
#2677 = LINE('',#2678,#2679);
#2678 = CARTESIAN_POINT('',(1.7,-19.65,2.45));
#2679 = VECTOR('',#2680,1.);
#2680 = DIRECTION('',(0.,0.,1.));
#2681 = PCURVE('',#2613,#2682);
#2682 = DEFINITIONAL_REPRESENTATION('',(#2683),#2687);
#2683 = LINE('',#2684,#2685);
#2684 = CARTESIAN_POINT('',(0.,1.6));
#2685 = VECTOR('',#2686,1.);
#2686 = DIRECTION('',(1.,0.));
#2687 = ( GEOMETRIC_REPRESENTATION_CONTEXT(2) 
PARAMETRIC_REPRESENTATION_CONTEXT() REPRESENTATION_CONTEXT('2D SPACE',''
  ) );
#2688 = PCURVE('',#2689,#2694);
#2689 = PLANE('',#2690);
#2690 = AXIS2_PLACEMENT_3D('',#2691,#2692,#2693);
#2691 = CARTESIAN_POINT('',(1.7,-21.95,2.45));
#2692 = DIRECTION('',(1.,0.,0.));
#2693 = DIRECTION('',(0.,0.,1.));
#2694 = DEFINITIONAL_REPRESENTATION('',(#2695),#2699);
#2695 = LINE('',#2696,#2697);
#2696 = CARTESIAN_POINT('',(0.,-2.3));
#2697 = VECTOR('',#2698,1.);
#2698 = DIRECTION('',(1.,0.));
#2699 = ( GEOMETRIC_REPRESENTATION_CONTEXT(2) 
PARAMETRIC_REPRESENTATION_CONTEXT() REPRESENTATION_CONTEXT('2D SPACE',''
  ) );
#2700 = ORIENTED_EDGE('',*,*,#2701,.T.);
#2701 = EDGE_CURVE('',#2672,#2702,#2704,.T.);
#2702 = VERTEX_POINT('',#2703);
#2703 = CARTESIAN_POINT('',(-1.55,-19.65,2.45));
#2704 = SURFACE_CURVE('',#2705,(#2709,#2716),.PCURVE_S1.);
#2705 = LINE('',#2706,#2707);
#2706 = CARTESIAN_POINT('',(1.7,-19.65,2.45));
#2707 = VECTOR('',#2708,1.);
#2708 = DIRECTION('',(-1.,0.,0.));
#2709 = PCURVE('',#2613,#2710);
#2710 = DEFINITIONAL_REPRESENTATION('',(#2711),#2715);
#2711 = LINE('',#2712,#2713);
#2712 = CARTESIAN_POINT('',(0.,1.6));
#2713 = VECTOR('',#2714,1.);
#2714 = DIRECTION('',(0.,-1.));
#2715 = ( GEOMETRIC_REPRESENTATION_CONTEXT(2) 
PARAMETRIC_REPRESENTATION_CONTEXT() REPRESENTATION_CONTEXT('2D SPACE',''
  ) );
#2716 = PCURVE('',#2717,#2722);
#2717 = PLANE('',#2718);
#2718 = AXIS2_PLACEMENT_3D('',#2719,#2720,#2721);
#2719 = CARTESIAN_POINT('',(0.1,-21.95,2.45));
#2720 = DIRECTION('',(0.,0.,1.));
#2721 = DIRECTION('',(1.,0.,0.));
#2722 = DEFINITIONAL_REPRESENTATION('',(#2723),#2727);
#2723 = LINE('',#2724,#2725);
#2724 = CARTESIAN_POINT('',(1.6,2.3));
#2725 = VECTOR('',#2726,1.);
#2726 = DIRECTION('',(-1.,0.));
#2727 = ( GEOMETRIC_REPRESENTATION_CONTEXT(2) 
PARAMETRIC_REPRESENTATION_CONTEXT() REPRESENTATION_CONTEXT('2D SPACE',''
  ) );
#2728 = ORIENTED_EDGE('',*,*,#2729,.T.);
#2729 = EDGE_CURVE('',#2702,#2730,#2732,.T.);
#2730 = VERTEX_POINT('',#2731);
#2731 = CARTESIAN_POINT('',(-1.55,-19.65,3.05));
#2732 = SURFACE_CURVE('',#2733,(#2737,#2744),.PCURVE_S1.);
#2733 = LINE('',#2734,#2735);
#2734 = CARTESIAN_POINT('',(-1.55,-19.65,2.45));
#2735 = VECTOR('',#2736,1.);
#2736 = DIRECTION('',(0.,0.,1.));
#2737 = PCURVE('',#2613,#2738);
#2738 = DEFINITIONAL_REPRESENTATION('',(#2739),#2743);
#2739 = LINE('',#2740,#2741);
#2740 = CARTESIAN_POINT('',(0.,-1.65));
#2741 = VECTOR('',#2742,1.);
#2742 = DIRECTION('',(1.,0.));
#2743 = ( GEOMETRIC_REPRESENTATION_CONTEXT(2) 
PARAMETRIC_REPRESENTATION_CONTEXT() REPRESENTATION_CONTEXT('2D SPACE',''
  ) );
#2744 = PCURVE('',#2745,#2750);
#2745 = PLANE('',#2746);
#2746 = AXIS2_PLACEMENT_3D('',#2747,#2748,#2749);
#2747 = CARTESIAN_POINT('',(-1.55,-21.95,2.45));
#2748 = DIRECTION('',(1.,0.,0.));
#2749 = DIRECTION('',(0.,0.,1.));
#2750 = DEFINITIONAL_REPRESENTATION('',(#2751),#2755);
#2751 = LINE('',#2752,#2753);
#2752 = CARTESIAN_POINT('',(0.,-2.3));
#2753 = VECTOR('',#2754,1.);
#2754 = DIRECTION('',(1.,0.));
#2755 = ( GEOMETRIC_REPRESENTATION_CONTEXT(2) 
PARAMETRIC_REPRESENTATION_CONTEXT() REPRESENTATION_CONTEXT('2D SPACE',''
  ) );
#2756 = ORIENTED_EDGE('',*,*,#2757,.T.);
#2757 = EDGE_CURVE('',#2730,#2571,#2758,.T.);
#2758 = SURFACE_CURVE('',#2759,(#2763,#2770),.PCURVE_S1.);
#2759 = LINE('',#2760,#2761);
#2760 = CARTESIAN_POINT('',(-1.55,-19.65,3.05));
#2761 = VECTOR('',#2762,1.);
#2762 = DIRECTION('',(1.,0.,0.));
#2763 = PCURVE('',#2613,#2764);
#2764 = DEFINITIONAL_REPRESENTATION('',(#2765),#2769);
#2765 = LINE('',#2766,#2767);
#2766 = CARTESIAN_POINT('',(0.6,-1.65));
#2767 = VECTOR('',#2768,1.);
#2768 = DIRECTION('',(0.,1.));
#2769 = ( GEOMETRIC_REPRESENTATION_CONTEXT(2) 
PARAMETRIC_REPRESENTATION_CONTEXT() REPRESENTATION_CONTEXT('2D SPACE',''
  ) );
#2770 = PCURVE('',#2586,#2771);
#2771 = DEFINITIONAL_REPRESENTATION('',(#2772),#2776);
#2772 = LINE('',#2773,#2774);
#2773 = CARTESIAN_POINT('',(0.,2.3));
#2774 = VECTOR('',#2775,1.);
#2775 = DIRECTION('',(1.,0.));
#2776 = ( GEOMETRIC_REPRESENTATION_CONTEXT(2) 
PARAMETRIC_REPRESENTATION_CONTEXT() REPRESENTATION_CONTEXT('2D SPACE',''
  ) );
#2777 = ORIENTED_EDGE('',*,*,#2597,.F.);
#2778 = ORIENTED_EDGE('',*,*,#2779,.F.);
#2779 = EDGE_CURVE('',#2674,#2598,#2780,.T.);
#2780 = SURFACE_CURVE('',#2781,(#2785,#2792),.PCURVE_S1.);
#2781 = LINE('',#2782,#2783);
#2782 = CARTESIAN_POINT('',(-0.25,-19.65,6.6));
#2783 = VECTOR('',#2784,1.);
#2784 = DIRECTION('',(-1.,0.,0.));
#2785 = PCURVE('',#2613,#2786);
#2786 = DEFINITIONAL_REPRESENTATION('',(#2787),#2791);
#2787 = LINE('',#2788,#2789);
#2788 = CARTESIAN_POINT('',(4.15,-0.35));
#2789 = VECTOR('',#2790,1.);
#2790 = DIRECTION('',(0.,-1.));
#2791 = ( GEOMETRIC_REPRESENTATION_CONTEXT(2) 
PARAMETRIC_REPRESENTATION_CONTEXT() REPRESENTATION_CONTEXT('2D SPACE',''
  ) );
#2792 = PCURVE('',#2335,#2793);
#2793 = DEFINITIONAL_REPRESENTATION('',(#2794),#2798);
#2794 = LINE('',#2795,#2796);
#2795 = CARTESIAN_POINT('',(0.35,2.2));
#2796 = VECTOR('',#2797,1.);
#2797 = DIRECTION('',(-1.,0.));
#2798 = ( GEOMETRIC_REPRESENTATION_CONTEXT(2) 
PARAMETRIC_REPRESENTATION_CONTEXT() REPRESENTATION_CONTEXT('2D SPACE',''
  ) );
#2799 = ADVANCED_FACE('',(#2800),#2745,.F.);
#2800 = FACE_BOUND('',#2801,.F.);
#2801 = EDGE_LOOP('',(#2802,#2827,#2848,#2849));
#2802 = ORIENTED_EDGE('',*,*,#2803,.F.);
#2803 = EDGE_CURVE('',#2804,#2806,#2808,.T.);
#2804 = VERTEX_POINT('',#2805);
#2805 = CARTESIAN_POINT('',(-1.55,-21.95,2.45));
#2806 = VERTEX_POINT('',#2807);
#2807 = CARTESIAN_POINT('',(-1.55,-21.95,3.05));
#2808 = SURFACE_CURVE('',#2809,(#2813,#2820),.PCURVE_S1.);
#2809 = LINE('',#2810,#2811);
#2810 = CARTESIAN_POINT('',(-1.55,-21.95,2.45));
#2811 = VECTOR('',#2812,1.);
#2812 = DIRECTION('',(0.,0.,1.));
#2813 = PCURVE('',#2745,#2814);
#2814 = DEFINITIONAL_REPRESENTATION('',(#2815),#2819);
#2815 = LINE('',#2816,#2817);
#2816 = CARTESIAN_POINT('',(0.,0.));
#2817 = VECTOR('',#2818,1.);
#2818 = DIRECTION('',(1.,0.));
#2819 = ( GEOMETRIC_REPRESENTATION_CONTEXT(2) 
PARAMETRIC_REPRESENTATION_CONTEXT() REPRESENTATION_CONTEXT('2D SPACE',''
  ) );
#2820 = PCURVE('',#2558,#2821);
#2821 = DEFINITIONAL_REPRESENTATION('',(#2822),#2826);
#2822 = LINE('',#2823,#2824);
#2823 = CARTESIAN_POINT('',(0.,-1.65));
#2824 = VECTOR('',#2825,1.);
#2825 = DIRECTION('',(1.,0.));
#2826 = ( GEOMETRIC_REPRESENTATION_CONTEXT(2) 
PARAMETRIC_REPRESENTATION_CONTEXT() REPRESENTATION_CONTEXT('2D SPACE',''
  ) );
#2827 = ORIENTED_EDGE('',*,*,#2828,.T.);
#2828 = EDGE_CURVE('',#2804,#2702,#2829,.T.);
#2829 = SURFACE_CURVE('',#2830,(#2834,#2841),.PCURVE_S1.);
#2830 = LINE('',#2831,#2832);
#2831 = CARTESIAN_POINT('',(-1.55,-21.95,2.45));
#2832 = VECTOR('',#2833,1.);
#2833 = DIRECTION('',(0.,1.,0.));
#2834 = PCURVE('',#2745,#2835);
#2835 = DEFINITIONAL_REPRESENTATION('',(#2836),#2840);
#2836 = LINE('',#2837,#2838);
#2837 = CARTESIAN_POINT('',(0.,0.));
#2838 = VECTOR('',#2839,1.);
#2839 = DIRECTION('',(0.,-1.));
#2840 = ( GEOMETRIC_REPRESENTATION_CONTEXT(2) 
PARAMETRIC_REPRESENTATION_CONTEXT() REPRESENTATION_CONTEXT('2D SPACE',''
  ) );
#2841 = PCURVE('',#2717,#2842);
#2842 = DEFINITIONAL_REPRESENTATION('',(#2843),#2847);
#2843 = LINE('',#2844,#2845);
#2844 = CARTESIAN_POINT('',(-1.65,0.));
#2845 = VECTOR('',#2846,1.);
#2846 = DIRECTION('',(0.,1.));
#2847 = ( GEOMETRIC_REPRESENTATION_CONTEXT(2) 
PARAMETRIC_REPRESENTATION_CONTEXT() REPRESENTATION_CONTEXT('2D SPACE',''
  ) );
#2848 = ORIENTED_EDGE('',*,*,#2729,.T.);
#2849 = ORIENTED_EDGE('',*,*,#2850,.F.);
#2850 = EDGE_CURVE('',#2806,#2730,#2851,.T.);
#2851 = SURFACE_CURVE('',#2852,(#2856,#2863),.PCURVE_S1.);
#2852 = LINE('',#2853,#2854);
#2853 = CARTESIAN_POINT('',(-1.55,-21.95,3.05));
#2854 = VECTOR('',#2855,1.);
#2855 = DIRECTION('',(0.,1.,0.));
#2856 = PCURVE('',#2745,#2857);
#2857 = DEFINITIONAL_REPRESENTATION('',(#2858),#2862);
#2858 = LINE('',#2859,#2860);
#2859 = CARTESIAN_POINT('',(0.6,0.));
#2860 = VECTOR('',#2861,1.);
#2861 = DIRECTION('',(0.,-1.));
#2862 = ( GEOMETRIC_REPRESENTATION_CONTEXT(2) 
PARAMETRIC_REPRESENTATION_CONTEXT() REPRESENTATION_CONTEXT('2D SPACE',''
  ) );
#2863 = PCURVE('',#2586,#2864);
#2864 = DEFINITIONAL_REPRESENTATION('',(#2865),#2869);
#2865 = LINE('',#2866,#2867);
#2866 = CARTESIAN_POINT('',(0.,0.));
#2867 = VECTOR('',#2868,1.);
#2868 = DIRECTION('',(0.,1.));
#2869 = ( GEOMETRIC_REPRESENTATION_CONTEXT(2) 
PARAMETRIC_REPRESENTATION_CONTEXT() REPRESENTATION_CONTEXT('2D SPACE',''
  ) );
#2870 = ADVANCED_FACE('',(#2871),#2717,.F.);
#2871 = FACE_BOUND('',#2872,.F.);
#2872 = EDGE_LOOP('',(#2873,#2874,#2875,#2898));
#2873 = ORIENTED_EDGE('',*,*,#2701,.T.);
#2874 = ORIENTED_EDGE('',*,*,#2828,.F.);
#2875 = ORIENTED_EDGE('',*,*,#2876,.T.);
#2876 = EDGE_CURVE('',#2804,#2877,#2879,.T.);
#2877 = VERTEX_POINT('',#2878);
#2878 = CARTESIAN_POINT('',(1.7,-21.95,2.45));
#2879 = SURFACE_CURVE('',#2880,(#2884,#2891),.PCURVE_S1.);
#2880 = LINE('',#2881,#2882);
#2881 = CARTESIAN_POINT('',(-1.55,-21.95,2.45));
#2882 = VECTOR('',#2883,1.);
#2883 = DIRECTION('',(1.,0.,0.));
#2884 = PCURVE('',#2717,#2885);
#2885 = DEFINITIONAL_REPRESENTATION('',(#2886),#2890);
#2886 = LINE('',#2887,#2888);
#2887 = CARTESIAN_POINT('',(-1.65,0.));
#2888 = VECTOR('',#2889,1.);
#2889 = DIRECTION('',(1.,0.));
#2890 = ( GEOMETRIC_REPRESENTATION_CONTEXT(2) 
PARAMETRIC_REPRESENTATION_CONTEXT() REPRESENTATION_CONTEXT('2D SPACE',''
  ) );
#2891 = PCURVE('',#2558,#2892);
#2892 = DEFINITIONAL_REPRESENTATION('',(#2893),#2897);
#2893 = LINE('',#2894,#2895);
#2894 = CARTESIAN_POINT('',(0.,-1.65));
#2895 = VECTOR('',#2896,1.);
#2896 = DIRECTION('',(0.,1.));
#2897 = ( GEOMETRIC_REPRESENTATION_CONTEXT(2) 
PARAMETRIC_REPRESENTATION_CONTEXT() REPRESENTATION_CONTEXT('2D SPACE',''
  ) );
#2898 = ORIENTED_EDGE('',*,*,#2899,.T.);
#2899 = EDGE_CURVE('',#2877,#2672,#2900,.T.);
#2900 = SURFACE_CURVE('',#2901,(#2905,#2912),.PCURVE_S1.);
#2901 = LINE('',#2902,#2903);
#2902 = CARTESIAN_POINT('',(1.7,-21.95,2.45));
#2903 = VECTOR('',#2904,1.);
#2904 = DIRECTION('',(0.,1.,0.));
#2905 = PCURVE('',#2717,#2906);
#2906 = DEFINITIONAL_REPRESENTATION('',(#2907),#2911);
#2907 = LINE('',#2908,#2909);
#2908 = CARTESIAN_POINT('',(1.6,0.));
#2909 = VECTOR('',#2910,1.);
#2910 = DIRECTION('',(0.,1.));
#2911 = ( GEOMETRIC_REPRESENTATION_CONTEXT(2) 
PARAMETRIC_REPRESENTATION_CONTEXT() REPRESENTATION_CONTEXT('2D SPACE',''
  ) );
#2912 = PCURVE('',#2689,#2913);
#2913 = DEFINITIONAL_REPRESENTATION('',(#2914),#2918);
#2914 = LINE('',#2915,#2916);
#2915 = CARTESIAN_POINT('',(0.,0.));
#2916 = VECTOR('',#2917,1.);
#2917 = DIRECTION('',(0.,-1.));
#2918 = ( GEOMETRIC_REPRESENTATION_CONTEXT(2) 
PARAMETRIC_REPRESENTATION_CONTEXT() REPRESENTATION_CONTEXT('2D SPACE',''
  ) );
#2919 = ADVANCED_FACE('',(#2920),#2689,.T.);
#2920 = FACE_BOUND('',#2921,.T.);
#2921 = EDGE_LOOP('',(#2922,#2945,#2946,#2947,#2970,#2997));
#2922 = ORIENTED_EDGE('',*,*,#2923,.F.);
#2923 = EDGE_CURVE('',#2877,#2924,#2926,.T.);
#2924 = VERTEX_POINT('',#2925);
#2925 = CARTESIAN_POINT('',(1.7,-21.95,4.4));
#2926 = SURFACE_CURVE('',#2927,(#2931,#2938),.PCURVE_S1.);
#2927 = LINE('',#2928,#2929);
#2928 = CARTESIAN_POINT('',(1.7,-21.95,2.45));
#2929 = VECTOR('',#2930,1.);
#2930 = DIRECTION('',(0.,0.,1.));
#2931 = PCURVE('',#2689,#2932);
#2932 = DEFINITIONAL_REPRESENTATION('',(#2933),#2937);
#2933 = LINE('',#2934,#2935);
#2934 = CARTESIAN_POINT('',(0.,0.));
#2935 = VECTOR('',#2936,1.);
#2936 = DIRECTION('',(1.,0.));
#2937 = ( GEOMETRIC_REPRESENTATION_CONTEXT(2) 
PARAMETRIC_REPRESENTATION_CONTEXT() REPRESENTATION_CONTEXT('2D SPACE',''
  ) );
#2938 = PCURVE('',#2558,#2939);
#2939 = DEFINITIONAL_REPRESENTATION('',(#2940),#2944);
#2940 = LINE('',#2941,#2942);
#2941 = CARTESIAN_POINT('',(0.,1.6));
#2942 = VECTOR('',#2943,1.);
#2943 = DIRECTION('',(1.,0.));
#2944 = ( GEOMETRIC_REPRESENTATION_CONTEXT(2) 
PARAMETRIC_REPRESENTATION_CONTEXT() REPRESENTATION_CONTEXT('2D SPACE',''
  ) );
#2945 = ORIENTED_EDGE('',*,*,#2899,.T.);
#2946 = ORIENTED_EDGE('',*,*,#2671,.T.);
#2947 = ORIENTED_EDGE('',*,*,#2948,.F.);
#2948 = EDGE_CURVE('',#2949,#2674,#2951,.T.);
#2949 = VERTEX_POINT('',#2950);
#2950 = CARTESIAN_POINT('',(1.7,-21.85,6.6));
#2951 = SURFACE_CURVE('',#2952,(#2956,#2963),.PCURVE_S1.);
#2952 = LINE('',#2953,#2954);
#2953 = CARTESIAN_POINT('',(1.7,-21.9,6.6));
#2954 = VECTOR('',#2955,1.);
#2955 = DIRECTION('',(0.,1.,0.));
#2956 = PCURVE('',#2689,#2957);
#2957 = DEFINITIONAL_REPRESENTATION('',(#2958),#2962);
#2958 = LINE('',#2959,#2960);
#2959 = CARTESIAN_POINT('',(4.15,-5.E-02));
#2960 = VECTOR('',#2961,1.);
#2961 = DIRECTION('',(0.,-1.));
#2962 = ( GEOMETRIC_REPRESENTATION_CONTEXT(2) 
PARAMETRIC_REPRESENTATION_CONTEXT() REPRESENTATION_CONTEXT('2D SPACE',''
  ) );
#2963 = PCURVE('',#2335,#2964);
#2964 = DEFINITIONAL_REPRESENTATION('',(#2965),#2969);
#2965 = LINE('',#2966,#2967);
#2966 = CARTESIAN_POINT('',(2.3,-5.E-02));
#2967 = VECTOR('',#2968,1.);
#2968 = DIRECTION('',(0.,1.));
#2969 = ( GEOMETRIC_REPRESENTATION_CONTEXT(2) 
PARAMETRIC_REPRESENTATION_CONTEXT() REPRESENTATION_CONTEXT('2D SPACE',''
  ) );
#2970 = ORIENTED_EDGE('',*,*,#2971,.T.);
#2971 = EDGE_CURVE('',#2949,#2972,#2974,.T.);
#2972 = VERTEX_POINT('',#2973);
#2973 = CARTESIAN_POINT('',(1.7,-21.85,4.4));
#2974 = SURFACE_CURVE('',#2975,(#2979,#2986),.PCURVE_S1.);
#2975 = LINE('',#2976,#2977);
#2976 = CARTESIAN_POINT('',(1.7,-21.85,-0.775));
#2977 = VECTOR('',#2978,1.);
#2978 = DIRECTION('',(0.,0.,-1.));
#2979 = PCURVE('',#2689,#2980);
#2980 = DEFINITIONAL_REPRESENTATION('',(#2981),#2985);
#2981 = LINE('',#2982,#2983);
#2982 = CARTESIAN_POINT('',(-3.225,-1.E-01));
#2983 = VECTOR('',#2984,1.);
#2984 = DIRECTION('',(-1.,0.));
#2985 = ( GEOMETRIC_REPRESENTATION_CONTEXT(2) 
PARAMETRIC_REPRESENTATION_CONTEXT() REPRESENTATION_CONTEXT('2D SPACE',''
  ) );
#2986 = PCURVE('',#2987,#2992);
#2987 = PLANE('',#2988);
#2988 = AXIS2_PLACEMENT_3D('',#2989,#2990,#2991);
#2989 = CARTESIAN_POINT('',(-0.6,-21.85,-4.));
#2990 = DIRECTION('',(0.,1.,0.));
#2991 = DIRECTION('',(0.,0.,1.));
#2992 = DEFINITIONAL_REPRESENTATION('',(#2993),#2996);
#2993 = B_SPLINE_CURVE_WITH_KNOTS('',1,(#2994,#2995),.UNSPECIFIED.,.F.,
  .F.,(2,2),(-7.375,-5.175),.PIECEWISE_BEZIER_KNOTS.);
#2994 = CARTESIAN_POINT('',(10.6,2.3));
#2995 = CARTESIAN_POINT('',(8.4,2.3));
#2996 = ( GEOMETRIC_REPRESENTATION_CONTEXT(2) 
PARAMETRIC_REPRESENTATION_CONTEXT() REPRESENTATION_CONTEXT('2D SPACE',''
  ) );
#2997 = ORIENTED_EDGE('',*,*,#2998,.F.);
#2998 = EDGE_CURVE('',#2924,#2972,#2999,.T.);
#2999 = SURFACE_CURVE('',#3000,(#3004,#3011),.PCURVE_S1.);
#3000 = LINE('',#3001,#3002);
#3001 = CARTESIAN_POINT('',(1.7,-15.8805015797,4.4));
#3002 = VECTOR('',#3003,1.);
#3003 = DIRECTION('',(0.,1.,0.));
#3004 = PCURVE('',#2689,#3005);
#3005 = DEFINITIONAL_REPRESENTATION('',(#3006),#3010);
#3006 = LINE('',#3007,#3008);
#3007 = CARTESIAN_POINT('',(1.95,-6.069498420295));
#3008 = VECTOR('',#3009,1.);
#3009 = DIRECTION('',(0.,-1.));
#3010 = ( GEOMETRIC_REPRESENTATION_CONTEXT(2) 
PARAMETRIC_REPRESENTATION_CONTEXT() REPRESENTATION_CONTEXT('2D SPACE',''
  ) );
#3011 = PCURVE('',#152,#3012);
#3012 = DEFINITIONAL_REPRESENTATION('',(#3013),#3017);
#3013 = LINE('',#3014,#3015);
#3014 = CARTESIAN_POINT('',(-34.68906553732,-6.069498420295));
#3015 = VECTOR('',#3016,1.);
#3016 = DIRECTION('',(0.,1.));
#3017 = ( GEOMETRIC_REPRESENTATION_CONTEXT(2) 
PARAMETRIC_REPRESENTATION_CONTEXT() REPRESENTATION_CONTEXT('2D SPACE',''
  ) );
#3018 = ADVANCED_FACE('',(#3019),#2987,.T.);
#3019 = FACE_BOUND('',#3020,.T.);
#3020 = EDGE_LOOP('',(#3021,#3044,#3070,#3090));
#3021 = ORIENTED_EDGE('',*,*,#3022,.T.);
#3022 = EDGE_CURVE('',#2949,#3023,#3025,.T.);
#3023 = VERTEX_POINT('',#3024);
#3024 = CARTESIAN_POINT('',(17.,-21.85,6.6));
#3025 = SURFACE_CURVE('',#3026,(#3030,#3037),.PCURVE_S1.);
#3026 = LINE('',#3027,#3028);
#3027 = CARTESIAN_POINT('',(-0.6,-21.85,6.6));
#3028 = VECTOR('',#3029,1.);
#3029 = DIRECTION('',(1.,0.,0.));
#3030 = PCURVE('',#2987,#3031);
#3031 = DEFINITIONAL_REPRESENTATION('',(#3032),#3036);
#3032 = LINE('',#3033,#3034);
#3033 = CARTESIAN_POINT('',(10.6,0.));
#3034 = VECTOR('',#3035,1.);
#3035 = DIRECTION('',(0.,1.));
#3036 = ( GEOMETRIC_REPRESENTATION_CONTEXT(2) 
PARAMETRIC_REPRESENTATION_CONTEXT() REPRESENTATION_CONTEXT('2D SPACE',''
  ) );
#3037 = PCURVE('',#2335,#3038);
#3038 = DEFINITIONAL_REPRESENTATION('',(#3039),#3043);
#3039 = LINE('',#3040,#3041);
#3040 = CARTESIAN_POINT('',(0.,0.));
#3041 = VECTOR('',#3042,1.);
#3042 = DIRECTION('',(1.,0.));
#3043 = ( GEOMETRIC_REPRESENTATION_CONTEXT(2) 
PARAMETRIC_REPRESENTATION_CONTEXT() REPRESENTATION_CONTEXT('2D SPACE',''
  ) );
#3044 = ORIENTED_EDGE('',*,*,#3045,.T.);
#3045 = EDGE_CURVE('',#3023,#3046,#3048,.T.);
#3046 = VERTEX_POINT('',#3047);
#3047 = CARTESIAN_POINT('',(17.,-21.85,4.4));
#3048 = SURFACE_CURVE('',#3049,(#3053,#3059),.PCURVE_S1.);
#3049 = LINE('',#3050,#3051);
#3050 = CARTESIAN_POINT('',(17.,-21.85,-1.1));
#3051 = VECTOR('',#3052,1.);
#3052 = DIRECTION('',(0.,0.,-1.));
#3053 = PCURVE('',#2987,#3054);
#3054 = DEFINITIONAL_REPRESENTATION('',(#3055),#3058);
#3055 = B_SPLINE_CURVE_WITH_KNOTS('',1,(#3056,#3057),.UNSPECIFIED.,.F.,
  .F.,(2,2),(-7.7,-5.5),.PIECEWISE_BEZIER_KNOTS.);
#3056 = CARTESIAN_POINT('',(10.6,17.6));
#3057 = CARTESIAN_POINT('',(8.4,17.6));
#3058 = ( GEOMETRIC_REPRESENTATION_CONTEXT(2) 
PARAMETRIC_REPRESENTATION_CONTEXT() REPRESENTATION_CONTEXT('2D SPACE',''
  ) );
#3059 = PCURVE('',#3060,#3065);
#3060 = PLANE('',#3061);
#3061 = AXIS2_PLACEMENT_3D('',#3062,#3063,#3064);
#3062 = CARTESIAN_POINT('',(17.,-22.2,1.8));
#3063 = DIRECTION('',(1.,0.,0.));
#3064 = DIRECTION('',(0.,0.,1.));
#3065 = DEFINITIONAL_REPRESENTATION('',(#3066),#3069);
#3066 = B_SPLINE_CURVE_WITH_KNOTS('',1,(#3067,#3068),.UNSPECIFIED.,.F.,
  .F.,(2,2),(-7.7,-5.5),.PIECEWISE_BEZIER_KNOTS.);
#3067 = CARTESIAN_POINT('',(4.8,-0.35));
#3068 = CARTESIAN_POINT('',(2.6,-0.35));
#3069 = ( GEOMETRIC_REPRESENTATION_CONTEXT(2) 
PARAMETRIC_REPRESENTATION_CONTEXT() REPRESENTATION_CONTEXT('2D SPACE',''
  ) );
#3070 = ORIENTED_EDGE('',*,*,#3071,.T.);
#3071 = EDGE_CURVE('',#3046,#2972,#3072,.T.);
#3072 = SURFACE_CURVE('',#3073,(#3077,#3083),.PCURVE_S1.);
#3073 = LINE('',#3074,#3075);
#3074 = CARTESIAN_POINT('',(17.894532768661,-21.85,4.4));
#3075 = VECTOR('',#3076,1.);
#3076 = DIRECTION('',(-1.,0.,0.));
#3077 = PCURVE('',#2987,#3078);
#3078 = DEFINITIONAL_REPRESENTATION('',(#3079),#3082);
#3079 = B_SPLINE_CURVE_WITH_KNOTS('',1,(#3080,#3081),.UNSPECIFIED.,.F.,
  .F.,(2,2),(-53.80546723133,18.494532768661),.PIECEWISE_BEZIER_KNOTS.);
#3080 = CARTESIAN_POINT('',(8.4,72.3));
#3081 = CARTESIAN_POINT('',(8.4,0.));
#3082 = ( GEOMETRIC_REPRESENTATION_CONTEXT(2) 
PARAMETRIC_REPRESENTATION_CONTEXT() REPRESENTATION_CONTEXT('2D SPACE',''
  ) );
#3083 = PCURVE('',#152,#3084);
#3084 = DEFINITIONAL_REPRESENTATION('',(#3085),#3089);
#3085 = LINE('',#3086,#3087);
#3086 = CARTESIAN_POINT('',(-18.49453276866,-12.03899684058));
#3087 = VECTOR('',#3088,1.);
#3088 = DIRECTION('',(-1.,0.));
#3089 = ( GEOMETRIC_REPRESENTATION_CONTEXT(2) 
PARAMETRIC_REPRESENTATION_CONTEXT() REPRESENTATION_CONTEXT('2D SPACE',''
  ) );
#3090 = ORIENTED_EDGE('',*,*,#2971,.F.);
#3091 = ADVANCED_FACE('',(#3092),#3060,.F.);
#3092 = FACE_BOUND('',#3093,.F.);
#3093 = EDGE_LOOP('',(#3094,#3124,#3152,#3180,#3200,#3201));
#3094 = ORIENTED_EDGE('',*,*,#3095,.F.);
#3095 = EDGE_CURVE('',#3096,#3098,#3100,.T.);
#3096 = VERTEX_POINT('',#3097);
#3097 = CARTESIAN_POINT('',(17.,-22.2,1.8));
#3098 = VERTEX_POINT('',#3099);
#3099 = CARTESIAN_POINT('',(17.,-22.2,4.4));
#3100 = SURFACE_CURVE('',#3101,(#3105,#3112),.PCURVE_S1.);
#3101 = LINE('',#3102,#3103);
#3102 = CARTESIAN_POINT('',(17.,-22.2,1.8));
#3103 = VECTOR('',#3104,1.);
#3104 = DIRECTION('',(0.,0.,1.));
#3105 = PCURVE('',#3060,#3106);
#3106 = DEFINITIONAL_REPRESENTATION('',(#3107),#3111);
#3107 = LINE('',#3108,#3109);
#3108 = CARTESIAN_POINT('',(0.,0.));
#3109 = VECTOR('',#3110,1.);
#3110 = DIRECTION('',(1.,0.));
#3111 = ( GEOMETRIC_REPRESENTATION_CONTEXT(2) 
PARAMETRIC_REPRESENTATION_CONTEXT() REPRESENTATION_CONTEXT('2D SPACE',''
  ) );
#3112 = PCURVE('',#3113,#3118);
#3113 = PLANE('',#3114);
#3114 = AXIS2_PLACEMENT_3D('',#3115,#3116,#3117);
#3115 = CARTESIAN_POINT('',(17.,-22.2,1.8));
#3116 = DIRECTION('',(0.,1.,0.));
#3117 = DIRECTION('',(0.,0.,1.));
#3118 = DEFINITIONAL_REPRESENTATION('',(#3119),#3123);
#3119 = LINE('',#3120,#3121);
#3120 = CARTESIAN_POINT('',(0.,0.));
#3121 = VECTOR('',#3122,1.);
#3122 = DIRECTION('',(1.,0.));
#3123 = ( GEOMETRIC_REPRESENTATION_CONTEXT(2) 
PARAMETRIC_REPRESENTATION_CONTEXT() REPRESENTATION_CONTEXT('2D SPACE',''
  ) );
#3124 = ORIENTED_EDGE('',*,*,#3125,.T.);
#3125 = EDGE_CURVE('',#3096,#3126,#3128,.T.);
#3126 = VERTEX_POINT('',#3127);
#3127 = CARTESIAN_POINT('',(17.,-20.7,1.8));
#3128 = SURFACE_CURVE('',#3129,(#3133,#3140),.PCURVE_S1.);
#3129 = LINE('',#3130,#3131);
#3130 = CARTESIAN_POINT('',(17.,-22.2,1.8));
#3131 = VECTOR('',#3132,1.);
#3132 = DIRECTION('',(0.,1.,0.));
#3133 = PCURVE('',#3060,#3134);
#3134 = DEFINITIONAL_REPRESENTATION('',(#3135),#3139);
#3135 = LINE('',#3136,#3137);
#3136 = CARTESIAN_POINT('',(0.,0.));
#3137 = VECTOR('',#3138,1.);
#3138 = DIRECTION('',(0.,-1.));
#3139 = ( GEOMETRIC_REPRESENTATION_CONTEXT(2) 
PARAMETRIC_REPRESENTATION_CONTEXT() REPRESENTATION_CONTEXT('2D SPACE',''
  ) );
#3140 = PCURVE('',#3141,#3146);
#3141 = PLANE('',#3142);
#3142 = AXIS2_PLACEMENT_3D('',#3143,#3144,#3145);
#3143 = CARTESIAN_POINT('',(17.,-22.2,1.8));
#3144 = DIRECTION('',(0.,0.,1.));
#3145 = DIRECTION('',(1.,0.,0.));
#3146 = DEFINITIONAL_REPRESENTATION('',(#3147),#3151);
#3147 = LINE('',#3148,#3149);
#3148 = CARTESIAN_POINT('',(0.,0.));
#3149 = VECTOR('',#3150,1.);
#3150 = DIRECTION('',(0.,1.));
#3151 = ( GEOMETRIC_REPRESENTATION_CONTEXT(2) 
PARAMETRIC_REPRESENTATION_CONTEXT() REPRESENTATION_CONTEXT('2D SPACE',''
  ) );
#3152 = ORIENTED_EDGE('',*,*,#3153,.T.);
#3153 = EDGE_CURVE('',#3126,#3154,#3156,.T.);
#3154 = VERTEX_POINT('',#3155);
#3155 = CARTESIAN_POINT('',(17.,-20.7,6.6));
#3156 = SURFACE_CURVE('',#3157,(#3161,#3168),.PCURVE_S1.);
#3157 = LINE('',#3158,#3159);
#3158 = CARTESIAN_POINT('',(17.,-20.7,1.8));
#3159 = VECTOR('',#3160,1.);
#3160 = DIRECTION('',(0.,0.,1.));
#3161 = PCURVE('',#3060,#3162);
#3162 = DEFINITIONAL_REPRESENTATION('',(#3163),#3167);
#3163 = LINE('',#3164,#3165);
#3164 = CARTESIAN_POINT('',(0.,-1.5));
#3165 = VECTOR('',#3166,1.);
#3166 = DIRECTION('',(1.,0.));
#3167 = ( GEOMETRIC_REPRESENTATION_CONTEXT(2) 
PARAMETRIC_REPRESENTATION_CONTEXT() REPRESENTATION_CONTEXT('2D SPACE',''
  ) );
#3168 = PCURVE('',#3169,#3174);
#3169 = PLANE('',#3170);
#3170 = AXIS2_PLACEMENT_3D('',#3171,#3172,#3173);
#3171 = CARTESIAN_POINT('',(17.,-20.7,1.8));
#3172 = DIRECTION('',(0.,1.,0.));
#3173 = DIRECTION('',(0.,0.,1.));
#3174 = DEFINITIONAL_REPRESENTATION('',(#3175),#3179);
#3175 = LINE('',#3176,#3177);
#3176 = CARTESIAN_POINT('',(0.,0.));
#3177 = VECTOR('',#3178,1.);
#3178 = DIRECTION('',(1.,0.));
#3179 = ( GEOMETRIC_REPRESENTATION_CONTEXT(2) 
PARAMETRIC_REPRESENTATION_CONTEXT() REPRESENTATION_CONTEXT('2D SPACE',''
  ) );
#3180 = ORIENTED_EDGE('',*,*,#3181,.F.);
#3181 = EDGE_CURVE('',#3023,#3154,#3182,.T.);
#3182 = SURFACE_CURVE('',#3183,(#3187,#3193),.PCURVE_S1.);
#3183 = LINE('',#3184,#3185);
#3184 = CARTESIAN_POINT('',(17.,-22.025,6.6));
#3185 = VECTOR('',#3186,1.);
#3186 = DIRECTION('',(0.,1.,0.));
#3187 = PCURVE('',#3060,#3188);
#3188 = DEFINITIONAL_REPRESENTATION('',(#3189),#3192);
#3189 = B_SPLINE_CURVE_WITH_KNOTS('',1,(#3190,#3191),.UNSPECIFIED.,.F.,
  .F.,(2,2),(0.175,1.325),.PIECEWISE_BEZIER_KNOTS.);
#3190 = CARTESIAN_POINT('',(4.8,-0.35));
#3191 = CARTESIAN_POINT('',(4.8,-1.5));
#3192 = ( GEOMETRIC_REPRESENTATION_CONTEXT(2) 
PARAMETRIC_REPRESENTATION_CONTEXT() REPRESENTATION_CONTEXT('2D SPACE',''
  ) );
#3193 = PCURVE('',#2335,#3194);
#3194 = DEFINITIONAL_REPRESENTATION('',(#3195),#3199);
#3195 = LINE('',#3196,#3197);
#3196 = CARTESIAN_POINT('',(17.6,-0.175));
#3197 = VECTOR('',#3198,1.);
#3198 = DIRECTION('',(0.,1.));
#3199 = ( GEOMETRIC_REPRESENTATION_CONTEXT(2) 
PARAMETRIC_REPRESENTATION_CONTEXT() REPRESENTATION_CONTEXT('2D SPACE',''
  ) );
#3200 = ORIENTED_EDGE('',*,*,#3045,.T.);
#3201 = ORIENTED_EDGE('',*,*,#3202,.F.);
#3202 = EDGE_CURVE('',#3098,#3046,#3203,.T.);
#3203 = SURFACE_CURVE('',#3204,(#3208,#3214),.PCURVE_S1.);
#3204 = LINE('',#3205,#3206);
#3205 = CARTESIAN_POINT('',(17.,-16.0055015797,4.4));
#3206 = VECTOR('',#3207,1.);
#3207 = DIRECTION('',(0.,1.,0.));
#3208 = PCURVE('',#3060,#3209);
#3209 = DEFINITIONAL_REPRESENTATION('',(#3210),#3213);
#3210 = B_SPLINE_CURVE_WITH_KNOTS('',1,(#3211,#3212),.UNSPECIFIED.,.F.,
  .F.,(2,2),(-6.194498420295,-4.694498420295),.PIECEWISE_BEZIER_KNOTS.);
#3211 = CARTESIAN_POINT('',(2.6,0.));
#3212 = CARTESIAN_POINT('',(2.6,-1.5));
#3213 = ( GEOMETRIC_REPRESENTATION_CONTEXT(2) 
PARAMETRIC_REPRESENTATION_CONTEXT() REPRESENTATION_CONTEXT('2D SPACE',''
  ) );
#3214 = PCURVE('',#152,#3215);
#3215 = DEFINITIONAL_REPRESENTATION('',(#3216),#3220);
#3216 = LINE('',#3217,#3218);
#3217 = CARTESIAN_POINT('',(-19.38906553732,-6.194498420295));
#3218 = VECTOR('',#3219,1.);
#3219 = DIRECTION('',(0.,1.));
#3220 = ( GEOMETRIC_REPRESENTATION_CONTEXT(2) 
PARAMETRIC_REPRESENTATION_CONTEXT() REPRESENTATION_CONTEXT('2D SPACE',''
  ) );
#3221 = ADVANCED_FACE('',(#3222),#3141,.F.);
#3222 = FACE_BOUND('',#3223,.F.);
#3223 = EDGE_LOOP('',(#3224,#3225,#3248,#3276));
#3224 = ORIENTED_EDGE('',*,*,#3125,.F.);
#3225 = ORIENTED_EDGE('',*,*,#3226,.T.);
#3226 = EDGE_CURVE('',#3096,#3227,#3229,.T.);
#3227 = VERTEX_POINT('',#3228);
#3228 = CARTESIAN_POINT('',(19.,-22.2,1.8));
#3229 = SURFACE_CURVE('',#3230,(#3234,#3241),.PCURVE_S1.);
#3230 = LINE('',#3231,#3232);
#3231 = CARTESIAN_POINT('',(17.,-22.2,1.8));
#3232 = VECTOR('',#3233,1.);
#3233 = DIRECTION('',(1.,0.,0.));
#3234 = PCURVE('',#3141,#3235);
#3235 = DEFINITIONAL_REPRESENTATION('',(#3236),#3240);
#3236 = LINE('',#3237,#3238);
#3237 = CARTESIAN_POINT('',(0.,0.));
#3238 = VECTOR('',#3239,1.);
#3239 = DIRECTION('',(1.,0.));
#3240 = ( GEOMETRIC_REPRESENTATION_CONTEXT(2) 
PARAMETRIC_REPRESENTATION_CONTEXT() REPRESENTATION_CONTEXT('2D SPACE',''
  ) );
#3241 = PCURVE('',#3113,#3242);
#3242 = DEFINITIONAL_REPRESENTATION('',(#3243),#3247);
#3243 = LINE('',#3244,#3245);
#3244 = CARTESIAN_POINT('',(0.,0.));
#3245 = VECTOR('',#3246,1.);
#3246 = DIRECTION('',(0.,1.));
#3247 = ( GEOMETRIC_REPRESENTATION_CONTEXT(2) 
PARAMETRIC_REPRESENTATION_CONTEXT() REPRESENTATION_CONTEXT('2D SPACE',''
  ) );
#3248 = ORIENTED_EDGE('',*,*,#3249,.T.);
#3249 = EDGE_CURVE('',#3227,#3250,#3252,.T.);
#3250 = VERTEX_POINT('',#3251);
#3251 = CARTESIAN_POINT('',(19.,-20.7,1.8));
#3252 = SURFACE_CURVE('',#3253,(#3257,#3264),.PCURVE_S1.);
#3253 = LINE('',#3254,#3255);
#3254 = CARTESIAN_POINT('',(19.,-22.2,1.8));
#3255 = VECTOR('',#3256,1.);
#3256 = DIRECTION('',(0.,1.,0.));
#3257 = PCURVE('',#3141,#3258);
#3258 = DEFINITIONAL_REPRESENTATION('',(#3259),#3263);
#3259 = LINE('',#3260,#3261);
#3260 = CARTESIAN_POINT('',(2.,0.));
#3261 = VECTOR('',#3262,1.);
#3262 = DIRECTION('',(0.,1.));
#3263 = ( GEOMETRIC_REPRESENTATION_CONTEXT(2) 
PARAMETRIC_REPRESENTATION_CONTEXT() REPRESENTATION_CONTEXT('2D SPACE',''
  ) );
#3264 = PCURVE('',#3265,#3270);
#3265 = PLANE('',#3266);
#3266 = AXIS2_PLACEMENT_3D('',#3267,#3268,#3269);
#3267 = CARTESIAN_POINT('',(19.,-22.2,1.8));
#3268 = DIRECTION('',(1.,0.,0.));
#3269 = DIRECTION('',(0.,0.,1.));
#3270 = DEFINITIONAL_REPRESENTATION('',(#3271),#3275);
#3271 = LINE('',#3272,#3273);
#3272 = CARTESIAN_POINT('',(0.,0.));
#3273 = VECTOR('',#3274,1.);
#3274 = DIRECTION('',(0.,-1.));
#3275 = ( GEOMETRIC_REPRESENTATION_CONTEXT(2) 
PARAMETRIC_REPRESENTATION_CONTEXT() REPRESENTATION_CONTEXT('2D SPACE',''
  ) );
#3276 = ORIENTED_EDGE('',*,*,#3277,.F.);
#3277 = EDGE_CURVE('',#3126,#3250,#3278,.T.);
#3278 = SURFACE_CURVE('',#3279,(#3283,#3290),.PCURVE_S1.);
#3279 = LINE('',#3280,#3281);
#3280 = CARTESIAN_POINT('',(17.,-20.7,1.8));
#3281 = VECTOR('',#3282,1.);
#3282 = DIRECTION('',(1.,0.,0.));
#3283 = PCURVE('',#3141,#3284);
#3284 = DEFINITIONAL_REPRESENTATION('',(#3285),#3289);
#3285 = LINE('',#3286,#3287);
#3286 = CARTESIAN_POINT('',(0.,1.5));
#3287 = VECTOR('',#3288,1.);
#3288 = DIRECTION('',(1.,0.));
#3289 = ( GEOMETRIC_REPRESENTATION_CONTEXT(2) 
PARAMETRIC_REPRESENTATION_CONTEXT() REPRESENTATION_CONTEXT('2D SPACE',''
  ) );
#3290 = PCURVE('',#3169,#3291);
#3291 = DEFINITIONAL_REPRESENTATION('',(#3292),#3296);
#3292 = LINE('',#3293,#3294);
#3293 = CARTESIAN_POINT('',(0.,0.));
#3294 = VECTOR('',#3295,1.);
#3295 = DIRECTION('',(0.,1.));
#3296 = ( GEOMETRIC_REPRESENTATION_CONTEXT(2) 
PARAMETRIC_REPRESENTATION_CONTEXT() REPRESENTATION_CONTEXT('2D SPACE',''
  ) );
#3297 = ADVANCED_FACE('',(#3298),#3265,.T.);
#3298 = FACE_BOUND('',#3299,.T.);
#3299 = EDGE_LOOP('',(#3300,#3323,#3324,#3347,#3369,#3395));
#3300 = ORIENTED_EDGE('',*,*,#3301,.F.);
#3301 = EDGE_CURVE('',#3227,#3302,#3304,.T.);
#3302 = VERTEX_POINT('',#3303);
#3303 = CARTESIAN_POINT('',(19.,-22.2,4.4));
#3304 = SURFACE_CURVE('',#3305,(#3309,#3316),.PCURVE_S1.);
#3305 = LINE('',#3306,#3307);
#3306 = CARTESIAN_POINT('',(19.,-22.2,1.8));
#3307 = VECTOR('',#3308,1.);
#3308 = DIRECTION('',(0.,0.,1.));
#3309 = PCURVE('',#3265,#3310);
#3310 = DEFINITIONAL_REPRESENTATION('',(#3311),#3315);
#3311 = LINE('',#3312,#3313);
#3312 = CARTESIAN_POINT('',(0.,0.));
#3313 = VECTOR('',#3314,1.);
#3314 = DIRECTION('',(1.,0.));
#3315 = ( GEOMETRIC_REPRESENTATION_CONTEXT(2) 
PARAMETRIC_REPRESENTATION_CONTEXT() REPRESENTATION_CONTEXT('2D SPACE',''
  ) );
#3316 = PCURVE('',#3113,#3317);
#3317 = DEFINITIONAL_REPRESENTATION('',(#3318),#3322);
#3318 = LINE('',#3319,#3320);
#3319 = CARTESIAN_POINT('',(0.,2.));
#3320 = VECTOR('',#3321,1.);
#3321 = DIRECTION('',(1.,0.));
#3322 = ( GEOMETRIC_REPRESENTATION_CONTEXT(2) 
PARAMETRIC_REPRESENTATION_CONTEXT() REPRESENTATION_CONTEXT('2D SPACE',''
  ) );
#3323 = ORIENTED_EDGE('',*,*,#3249,.T.);
#3324 = ORIENTED_EDGE('',*,*,#3325,.T.);
#3325 = EDGE_CURVE('',#3250,#3326,#3328,.T.);
#3326 = VERTEX_POINT('',#3327);
#3327 = CARTESIAN_POINT('',(19.,-20.7,6.6));
#3328 = SURFACE_CURVE('',#3329,(#3333,#3340),.PCURVE_S1.);
#3329 = LINE('',#3330,#3331);
#3330 = CARTESIAN_POINT('',(19.,-20.7,1.8));
#3331 = VECTOR('',#3332,1.);
#3332 = DIRECTION('',(0.,0.,1.));
#3333 = PCURVE('',#3265,#3334);
#3334 = DEFINITIONAL_REPRESENTATION('',(#3335),#3339);
#3335 = LINE('',#3336,#3337);
#3336 = CARTESIAN_POINT('',(0.,-1.5));
#3337 = VECTOR('',#3338,1.);
#3338 = DIRECTION('',(1.,0.));
#3339 = ( GEOMETRIC_REPRESENTATION_CONTEXT(2) 
PARAMETRIC_REPRESENTATION_CONTEXT() REPRESENTATION_CONTEXT('2D SPACE',''
  ) );
#3340 = PCURVE('',#3169,#3341);
#3341 = DEFINITIONAL_REPRESENTATION('',(#3342),#3346);
#3342 = LINE('',#3343,#3344);
#3343 = CARTESIAN_POINT('',(0.,2.));
#3344 = VECTOR('',#3345,1.);
#3345 = DIRECTION('',(1.,0.));
#3346 = ( GEOMETRIC_REPRESENTATION_CONTEXT(2) 
PARAMETRIC_REPRESENTATION_CONTEXT() REPRESENTATION_CONTEXT('2D SPACE',''
  ) );
#3347 = ORIENTED_EDGE('',*,*,#3348,.F.);
#3348 = EDGE_CURVE('',#3349,#3326,#3351,.T.);
#3349 = VERTEX_POINT('',#3350);
#3350 = CARTESIAN_POINT('',(19.,-21.85,6.6));
#3351 = SURFACE_CURVE('',#3352,(#3356,#3362),.PCURVE_S1.);
#3352 = LINE('',#3353,#3354);
#3353 = CARTESIAN_POINT('',(19.,-22.025,6.6));
#3354 = VECTOR('',#3355,1.);
#3355 = DIRECTION('',(0.,1.,0.));
#3356 = PCURVE('',#3265,#3357);
#3357 = DEFINITIONAL_REPRESENTATION('',(#3358),#3361);
#3358 = B_SPLINE_CURVE_WITH_KNOTS('',1,(#3359,#3360),.UNSPECIFIED.,.F.,
  .F.,(2,2),(0.175,1.325),.PIECEWISE_BEZIER_KNOTS.);
#3359 = CARTESIAN_POINT('',(4.8,-0.35));
#3360 = CARTESIAN_POINT('',(4.8,-1.5));
#3361 = ( GEOMETRIC_REPRESENTATION_CONTEXT(2) 
PARAMETRIC_REPRESENTATION_CONTEXT() REPRESENTATION_CONTEXT('2D SPACE',''
  ) );
#3362 = PCURVE('',#2335,#3363);
#3363 = DEFINITIONAL_REPRESENTATION('',(#3364),#3368);
#3364 = LINE('',#3365,#3366);
#3365 = CARTESIAN_POINT('',(19.6,-0.175));
#3366 = VECTOR('',#3367,1.);
#3367 = DIRECTION('',(0.,1.));
#3368 = ( GEOMETRIC_REPRESENTATION_CONTEXT(2) 
PARAMETRIC_REPRESENTATION_CONTEXT() REPRESENTATION_CONTEXT('2D SPACE',''
  ) );
#3369 = ORIENTED_EDGE('',*,*,#3370,.T.);
#3370 = EDGE_CURVE('',#3349,#3371,#3373,.T.);
#3371 = VERTEX_POINT('',#3372);
#3372 = CARTESIAN_POINT('',(19.,-21.85,4.4));
#3373 = SURFACE_CURVE('',#3374,(#3378,#3384),.PCURVE_S1.);
#3374 = LINE('',#3375,#3376);
#3375 = CARTESIAN_POINT('',(19.,-21.85,-1.1));
#3376 = VECTOR('',#3377,1.);
#3377 = DIRECTION('',(0.,0.,-1.));
#3378 = PCURVE('',#3265,#3379);
#3379 = DEFINITIONAL_REPRESENTATION('',(#3380),#3383);
#3380 = B_SPLINE_CURVE_WITH_KNOTS('',1,(#3381,#3382),.UNSPECIFIED.,.F.,
  .F.,(2,2),(-7.7,-5.5),.PIECEWISE_BEZIER_KNOTS.);
#3381 = CARTESIAN_POINT('',(4.8,-0.35));
#3382 = CARTESIAN_POINT('',(2.6,-0.35));
#3383 = ( GEOMETRIC_REPRESENTATION_CONTEXT(2) 
PARAMETRIC_REPRESENTATION_CONTEXT() REPRESENTATION_CONTEXT('2D SPACE',''
  ) );
#3384 = PCURVE('',#3385,#3390);
#3385 = PLANE('',#3386);
#3386 = AXIS2_PLACEMENT_3D('',#3387,#3388,#3389);
#3387 = CARTESIAN_POINT('',(-0.6,-21.85,-4.));
#3388 = DIRECTION('',(0.,1.,0.));
#3389 = DIRECTION('',(0.,0.,1.));
#3390 = DEFINITIONAL_REPRESENTATION('',(#3391),#3394);
#3391 = B_SPLINE_CURVE_WITH_KNOTS('',1,(#3392,#3393),.UNSPECIFIED.,.F.,
  .F.,(2,2),(-7.7,-5.5),.PIECEWISE_BEZIER_KNOTS.);
#3392 = CARTESIAN_POINT('',(10.6,19.6));
#3393 = CARTESIAN_POINT('',(8.4,19.6));
#3394 = ( GEOMETRIC_REPRESENTATION_CONTEXT(2) 
PARAMETRIC_REPRESENTATION_CONTEXT() REPRESENTATION_CONTEXT('2D SPACE',''
  ) );
#3395 = ORIENTED_EDGE('',*,*,#3396,.F.);
#3396 = EDGE_CURVE('',#3302,#3371,#3397,.T.);
#3397 = SURFACE_CURVE('',#3398,(#3402,#3408),.PCURVE_S1.);
#3398 = LINE('',#3399,#3400);
#3399 = CARTESIAN_POINT('',(19.,-16.0055015797,4.4));
#3400 = VECTOR('',#3401,1.);
#3401 = DIRECTION('',(0.,1.,0.));
#3402 = PCURVE('',#3265,#3403);
#3403 = DEFINITIONAL_REPRESENTATION('',(#3404),#3407);
#3404 = B_SPLINE_CURVE_WITH_KNOTS('',1,(#3405,#3406),.UNSPECIFIED.,.F.,
  .F.,(2,2),(-6.194498420295,-4.694498420295),.PIECEWISE_BEZIER_KNOTS.);
#3405 = CARTESIAN_POINT('',(2.6,0.));
#3406 = CARTESIAN_POINT('',(2.6,-1.5));
#3407 = ( GEOMETRIC_REPRESENTATION_CONTEXT(2) 
PARAMETRIC_REPRESENTATION_CONTEXT() REPRESENTATION_CONTEXT('2D SPACE',''
  ) );
#3408 = PCURVE('',#152,#3409);
#3409 = DEFINITIONAL_REPRESENTATION('',(#3410),#3414);
#3410 = LINE('',#3411,#3412);
#3411 = CARTESIAN_POINT('',(-17.38906553732,-6.194498420295));
#3412 = VECTOR('',#3413,1.);
#3413 = DIRECTION('',(0.,1.));
#3414 = ( GEOMETRIC_REPRESENTATION_CONTEXT(2) 
PARAMETRIC_REPRESENTATION_CONTEXT() REPRESENTATION_CONTEXT('2D SPACE',''
  ) );
#3415 = ADVANCED_FACE('',(#3416),#3385,.T.);
#3416 = FACE_BOUND('',#3417,.T.);
#3417 = EDGE_LOOP('',(#3418,#3441,#3467,#3489,#3515,#3541,#3567,#3587));
#3418 = ORIENTED_EDGE('',*,*,#3419,.T.);
#3419 = EDGE_CURVE('',#3349,#3420,#3422,.T.);
#3420 = VERTEX_POINT('',#3421);
#3421 = CARTESIAN_POINT('',(40.,-21.85,6.6));
#3422 = SURFACE_CURVE('',#3423,(#3427,#3434),.PCURVE_S1.);
#3423 = LINE('',#3424,#3425);
#3424 = CARTESIAN_POINT('',(-0.6,-21.85,6.6));
#3425 = VECTOR('',#3426,1.);
#3426 = DIRECTION('',(1.,0.,0.));
#3427 = PCURVE('',#3385,#3428);
#3428 = DEFINITIONAL_REPRESENTATION('',(#3429),#3433);
#3429 = LINE('',#3430,#3431);
#3430 = CARTESIAN_POINT('',(10.6,0.));
#3431 = VECTOR('',#3432,1.);
#3432 = DIRECTION('',(0.,1.));
#3433 = ( GEOMETRIC_REPRESENTATION_CONTEXT(2) 
PARAMETRIC_REPRESENTATION_CONTEXT() REPRESENTATION_CONTEXT('2D SPACE',''
  ) );
#3434 = PCURVE('',#2335,#3435);
#3435 = DEFINITIONAL_REPRESENTATION('',(#3436),#3440);
#3436 = LINE('',#3437,#3438);
#3437 = CARTESIAN_POINT('',(0.,0.));
#3438 = VECTOR('',#3439,1.);
#3439 = DIRECTION('',(1.,0.));
#3440 = ( GEOMETRIC_REPRESENTATION_CONTEXT(2) 
PARAMETRIC_REPRESENTATION_CONTEXT() REPRESENTATION_CONTEXT('2D SPACE',''
  ) );
#3441 = ORIENTED_EDGE('',*,*,#3442,.T.);
#3442 = EDGE_CURVE('',#3420,#3443,#3445,.T.);
#3443 = VERTEX_POINT('',#3444);
#3444 = CARTESIAN_POINT('',(40.,-21.85,4.4));
#3445 = SURFACE_CURVE('',#3446,(#3450,#3456),.PCURVE_S1.);
#3446 = LINE('',#3447,#3448);
#3447 = CARTESIAN_POINT('',(40.,-21.85,-1.1));
#3448 = VECTOR('',#3449,1.);
#3449 = DIRECTION('',(0.,0.,-1.));
#3450 = PCURVE('',#3385,#3451);
#3451 = DEFINITIONAL_REPRESENTATION('',(#3452),#3455);
#3452 = B_SPLINE_CURVE_WITH_KNOTS('',1,(#3453,#3454),.UNSPECIFIED.,.F.,
  .F.,(2,2),(-7.7,-5.5),.PIECEWISE_BEZIER_KNOTS.);
#3453 = CARTESIAN_POINT('',(10.6,40.6));
#3454 = CARTESIAN_POINT('',(8.4,40.6));
#3455 = ( GEOMETRIC_REPRESENTATION_CONTEXT(2) 
PARAMETRIC_REPRESENTATION_CONTEXT() REPRESENTATION_CONTEXT('2D SPACE',''
  ) );
#3456 = PCURVE('',#3457,#3462);
#3457 = PLANE('',#3458);
#3458 = AXIS2_PLACEMENT_3D('',#3459,#3460,#3461);
#3459 = CARTESIAN_POINT('',(40.,-22.2,1.8));
#3460 = DIRECTION('',(1.,0.,0.));
#3461 = DIRECTION('',(0.,0.,1.));
#3462 = DEFINITIONAL_REPRESENTATION('',(#3463),#3466);
#3463 = B_SPLINE_CURVE_WITH_KNOTS('',1,(#3464,#3465),.UNSPECIFIED.,.F.,
  .F.,(2,2),(-7.7,-5.5),.PIECEWISE_BEZIER_KNOTS.);
#3464 = CARTESIAN_POINT('',(4.8,-0.35));
#3465 = CARTESIAN_POINT('',(2.6,-0.35));
#3466 = ( GEOMETRIC_REPRESENTATION_CONTEXT(2) 
PARAMETRIC_REPRESENTATION_CONTEXT() REPRESENTATION_CONTEXT('2D SPACE',''
  ) );
#3467 = ORIENTED_EDGE('',*,*,#3468,.T.);
#3468 = EDGE_CURVE('',#3443,#3469,#3471,.T.);
#3469 = VERTEX_POINT('',#3470);
#3470 = CARTESIAN_POINT('',(39.3,-21.85,4.4));
#3471 = SURFACE_CURVE('',#3472,(#3476,#3482),.PCURVE_S1.);
#3472 = LINE('',#3473,#3474);
#3473 = CARTESIAN_POINT('',(17.894532768661,-21.85,4.4));
#3474 = VECTOR('',#3475,1.);
#3475 = DIRECTION('',(-1.,0.,0.));
#3476 = PCURVE('',#3385,#3477);
#3477 = DEFINITIONAL_REPRESENTATION('',(#3478),#3481);
#3478 = B_SPLINE_CURVE_WITH_KNOTS('',1,(#3479,#3480),.UNSPECIFIED.,.F.,
  .F.,(2,2),(-53.80546723133,18.494532768661),.PIECEWISE_BEZIER_KNOTS.);
#3479 = CARTESIAN_POINT('',(8.4,72.3));
#3480 = CARTESIAN_POINT('',(8.4,0.));
#3481 = ( GEOMETRIC_REPRESENTATION_CONTEXT(2) 
PARAMETRIC_REPRESENTATION_CONTEXT() REPRESENTATION_CONTEXT('2D SPACE',''
  ) );
#3482 = PCURVE('',#152,#3483);
#3483 = DEFINITIONAL_REPRESENTATION('',(#3484),#3488);
#3484 = LINE('',#3485,#3486);
#3485 = CARTESIAN_POINT('',(-18.49453276866,-12.03899684058));
#3486 = VECTOR('',#3487,1.);
#3487 = DIRECTION('',(-1.,0.));
#3488 = ( GEOMETRIC_REPRESENTATION_CONTEXT(2) 
PARAMETRIC_REPRESENTATION_CONTEXT() REPRESENTATION_CONTEXT('2D SPACE',''
  ) );
#3489 = ORIENTED_EDGE('',*,*,#3490,.F.);
#3490 = EDGE_CURVE('',#3491,#3469,#3493,.T.);
#3491 = VERTEX_POINT('',#3492);
#3492 = CARTESIAN_POINT('',(39.3,-21.85,5.45));
#3493 = SURFACE_CURVE('',#3494,(#3498,#3504),.PCURVE_S1.);
#3494 = LINE('',#3495,#3496);
#3495 = CARTESIAN_POINT('',(39.3,-21.85,0.15));
#3496 = VECTOR('',#3497,1.);
#3497 = DIRECTION('',(0.,0.,-1.));
#3498 = PCURVE('',#3385,#3499);
#3499 = DEFINITIONAL_REPRESENTATION('',(#3500),#3503);
#3500 = B_SPLINE_CURVE_WITH_KNOTS('',1,(#3501,#3502),.UNSPECIFIED.,.F.,
  .F.,(2,2),(-5.3,-4.25),.PIECEWISE_BEZIER_KNOTS.);
#3501 = CARTESIAN_POINT('',(9.45,39.9));
#3502 = CARTESIAN_POINT('',(8.4,39.9));
#3503 = ( GEOMETRIC_REPRESENTATION_CONTEXT(2) 
PARAMETRIC_REPRESENTATION_CONTEXT() REPRESENTATION_CONTEXT('2D SPACE',''
  ) );
#3504 = PCURVE('',#3505,#3510);
#3505 = PLANE('',#3506);
#3506 = AXIS2_PLACEMENT_3D('',#3507,#3508,#3509);
#3507 = CARTESIAN_POINT('',(39.3,-22.85,4.3));
#3508 = DIRECTION('',(1.,0.,0.));
#3509 = DIRECTION('',(0.,0.,1.));
#3510 = DEFINITIONAL_REPRESENTATION('',(#3511),#3514);
#3511 = B_SPLINE_CURVE_WITH_KNOTS('',1,(#3512,#3513),.UNSPECIFIED.,.F.,
  .F.,(2,2),(-5.3,-4.25),.PIECEWISE_BEZIER_KNOTS.);
#3512 = CARTESIAN_POINT('',(1.15,-1.));
#3513 = CARTESIAN_POINT('',(1.E-01,-1.));
#3514 = ( GEOMETRIC_REPRESENTATION_CONTEXT(2) 
PARAMETRIC_REPRESENTATION_CONTEXT() REPRESENTATION_CONTEXT('2D SPACE',''
  ) );
#3515 = ORIENTED_EDGE('',*,*,#3516,.F.);
#3516 = EDGE_CURVE('',#3517,#3491,#3519,.T.);
#3517 = VERTEX_POINT('',#3518);
#3518 = CARTESIAN_POINT('',(28.7,-21.85,5.45));
#3519 = SURFACE_CURVE('',#3520,(#3524,#3530),.PCURVE_S1.);
#3520 = LINE('',#3521,#3522);
#3521 = CARTESIAN_POINT('',(14.05,-21.85,5.45));
#3522 = VECTOR('',#3523,1.);
#3523 = DIRECTION('',(1.,0.,0.));
#3524 = PCURVE('',#3385,#3525);
#3525 = DEFINITIONAL_REPRESENTATION('',(#3526),#3529);
#3526 = B_SPLINE_CURVE_WITH_KNOTS('',1,(#3527,#3528),.UNSPECIFIED.,.F.,
  .F.,(2,2),(14.65,25.25),.PIECEWISE_BEZIER_KNOTS.);
#3527 = CARTESIAN_POINT('',(9.45,29.3));
#3528 = CARTESIAN_POINT('',(9.45,39.9));
#3529 = ( GEOMETRIC_REPRESENTATION_CONTEXT(2) 
PARAMETRIC_REPRESENTATION_CONTEXT() REPRESENTATION_CONTEXT('2D SPACE',''
  ) );
#3530 = PCURVE('',#3531,#3536);
#3531 = PLANE('',#3532);
#3532 = AXIS2_PLACEMENT_3D('',#3533,#3534,#3535);
#3533 = CARTESIAN_POINT('',(28.7,-22.85,5.45));
#3534 = DIRECTION('',(0.,0.,1.));
#3535 = DIRECTION('',(1.,0.,0.));
#3536 = DEFINITIONAL_REPRESENTATION('',(#3537),#3540);
#3537 = B_SPLINE_CURVE_WITH_KNOTS('',1,(#3538,#3539),.UNSPECIFIED.,.F.,
  .F.,(2,2),(14.65,25.25),.PIECEWISE_BEZIER_KNOTS.);
#3538 = CARTESIAN_POINT('',(0.,1.));
#3539 = CARTESIAN_POINT('',(10.6,1.));
#3540 = ( GEOMETRIC_REPRESENTATION_CONTEXT(2) 
PARAMETRIC_REPRESENTATION_CONTEXT() REPRESENTATION_CONTEXT('2D SPACE',''
  ) );
#3541 = ORIENTED_EDGE('',*,*,#3542,.T.);
#3542 = EDGE_CURVE('',#3517,#3543,#3545,.T.);
#3543 = VERTEX_POINT('',#3544);
#3544 = CARTESIAN_POINT('',(28.7,-21.85,4.4));
#3545 = SURFACE_CURVE('',#3546,(#3550,#3556),.PCURVE_S1.);
#3546 = LINE('',#3547,#3548);
#3547 = CARTESIAN_POINT('',(28.7,-21.85,0.15));
#3548 = VECTOR('',#3549,1.);
#3549 = DIRECTION('',(0.,0.,-1.));
#3550 = PCURVE('',#3385,#3551);
#3551 = DEFINITIONAL_REPRESENTATION('',(#3552),#3555);
#3552 = B_SPLINE_CURVE_WITH_KNOTS('',1,(#3553,#3554),.UNSPECIFIED.,.F.,
  .F.,(2,2),(-5.3,-4.25),.PIECEWISE_BEZIER_KNOTS.);
#3553 = CARTESIAN_POINT('',(9.45,29.3));
#3554 = CARTESIAN_POINT('',(8.4,29.3));
#3555 = ( GEOMETRIC_REPRESENTATION_CONTEXT(2) 
PARAMETRIC_REPRESENTATION_CONTEXT() REPRESENTATION_CONTEXT('2D SPACE',''
  ) );
#3556 = PCURVE('',#3557,#3562);
#3557 = PLANE('',#3558);
#3558 = AXIS2_PLACEMENT_3D('',#3559,#3560,#3561);
#3559 = CARTESIAN_POINT('',(28.7,-22.85,4.3));
#3560 = DIRECTION('',(1.,0.,0.));
#3561 = DIRECTION('',(0.,0.,1.));
#3562 = DEFINITIONAL_REPRESENTATION('',(#3563),#3566);
#3563 = B_SPLINE_CURVE_WITH_KNOTS('',1,(#3564,#3565),.UNSPECIFIED.,.F.,
  .F.,(2,2),(-5.3,-4.25),.PIECEWISE_BEZIER_KNOTS.);
#3564 = CARTESIAN_POINT('',(1.15,-1.));
#3565 = CARTESIAN_POINT('',(1.E-01,-1.));
#3566 = ( GEOMETRIC_REPRESENTATION_CONTEXT(2) 
PARAMETRIC_REPRESENTATION_CONTEXT() REPRESENTATION_CONTEXT('2D SPACE',''
  ) );
#3567 = ORIENTED_EDGE('',*,*,#3568,.T.);
#3568 = EDGE_CURVE('',#3543,#3371,#3569,.T.);
#3569 = SURFACE_CURVE('',#3570,(#3574,#3580),.PCURVE_S1.);
#3570 = LINE('',#3571,#3572);
#3571 = CARTESIAN_POINT('',(17.894532768661,-21.85,4.4));
#3572 = VECTOR('',#3573,1.);
#3573 = DIRECTION('',(-1.,0.,0.));
#3574 = PCURVE('',#3385,#3575);
#3575 = DEFINITIONAL_REPRESENTATION('',(#3576),#3579);
#3576 = B_SPLINE_CURVE_WITH_KNOTS('',1,(#3577,#3578),.UNSPECIFIED.,.F.,
  .F.,(2,2),(-53.80546723133,18.494532768661),.PIECEWISE_BEZIER_KNOTS.);
#3577 = CARTESIAN_POINT('',(8.4,72.3));
#3578 = CARTESIAN_POINT('',(8.4,0.));
#3579 = ( GEOMETRIC_REPRESENTATION_CONTEXT(2) 
PARAMETRIC_REPRESENTATION_CONTEXT() REPRESENTATION_CONTEXT('2D SPACE',''
  ) );
#3580 = PCURVE('',#152,#3581);
#3581 = DEFINITIONAL_REPRESENTATION('',(#3582),#3586);
#3582 = LINE('',#3583,#3584);
#3583 = CARTESIAN_POINT('',(-18.49453276866,-12.03899684058));
#3584 = VECTOR('',#3585,1.);
#3585 = DIRECTION('',(-1.,0.));
#3586 = ( GEOMETRIC_REPRESENTATION_CONTEXT(2) 
PARAMETRIC_REPRESENTATION_CONTEXT() REPRESENTATION_CONTEXT('2D SPACE',''
  ) );
#3587 = ORIENTED_EDGE('',*,*,#3370,.F.);
#3588 = ADVANCED_FACE('',(#3589),#3457,.F.);
#3589 = FACE_BOUND('',#3590,.F.);
#3590 = EDGE_LOOP('',(#3591,#3621,#3649,#3677,#3697,#3698));
#3591 = ORIENTED_EDGE('',*,*,#3592,.F.);
#3592 = EDGE_CURVE('',#3593,#3595,#3597,.T.);
#3593 = VERTEX_POINT('',#3594);
#3594 = CARTESIAN_POINT('',(40.,-22.2,1.8));
#3595 = VERTEX_POINT('',#3596);
#3596 = CARTESIAN_POINT('',(40.,-22.2,4.4));
#3597 = SURFACE_CURVE('',#3598,(#3602,#3609),.PCURVE_S1.);
#3598 = LINE('',#3599,#3600);
#3599 = CARTESIAN_POINT('',(40.,-22.2,1.8));
#3600 = VECTOR('',#3601,1.);
#3601 = DIRECTION('',(0.,0.,1.));
#3602 = PCURVE('',#3457,#3603);
#3603 = DEFINITIONAL_REPRESENTATION('',(#3604),#3608);
#3604 = LINE('',#3605,#3606);
#3605 = CARTESIAN_POINT('',(0.,0.));
#3606 = VECTOR('',#3607,1.);
#3607 = DIRECTION('',(1.,0.));
#3608 = ( GEOMETRIC_REPRESENTATION_CONTEXT(2) 
PARAMETRIC_REPRESENTATION_CONTEXT() REPRESENTATION_CONTEXT('2D SPACE',''
  ) );
#3609 = PCURVE('',#3610,#3615);
#3610 = PLANE('',#3611);
#3611 = AXIS2_PLACEMENT_3D('',#3612,#3613,#3614);
#3612 = CARTESIAN_POINT('',(40.,-22.2,1.8));
#3613 = DIRECTION('',(0.,1.,0.));
#3614 = DIRECTION('',(0.,0.,1.));
#3615 = DEFINITIONAL_REPRESENTATION('',(#3616),#3620);
#3616 = LINE('',#3617,#3618);
#3617 = CARTESIAN_POINT('',(0.,0.));
#3618 = VECTOR('',#3619,1.);
#3619 = DIRECTION('',(1.,0.));
#3620 = ( GEOMETRIC_REPRESENTATION_CONTEXT(2) 
PARAMETRIC_REPRESENTATION_CONTEXT() REPRESENTATION_CONTEXT('2D SPACE',''
  ) );
#3621 = ORIENTED_EDGE('',*,*,#3622,.T.);
#3622 = EDGE_CURVE('',#3593,#3623,#3625,.T.);
#3623 = VERTEX_POINT('',#3624);
#3624 = CARTESIAN_POINT('',(40.,-20.7,1.8));
#3625 = SURFACE_CURVE('',#3626,(#3630,#3637),.PCURVE_S1.);
#3626 = LINE('',#3627,#3628);
#3627 = CARTESIAN_POINT('',(40.,-22.2,1.8));
#3628 = VECTOR('',#3629,1.);
#3629 = DIRECTION('',(0.,1.,0.));
#3630 = PCURVE('',#3457,#3631);
#3631 = DEFINITIONAL_REPRESENTATION('',(#3632),#3636);
#3632 = LINE('',#3633,#3634);
#3633 = CARTESIAN_POINT('',(0.,0.));
#3634 = VECTOR('',#3635,1.);
#3635 = DIRECTION('',(0.,-1.));
#3636 = ( GEOMETRIC_REPRESENTATION_CONTEXT(2) 
PARAMETRIC_REPRESENTATION_CONTEXT() REPRESENTATION_CONTEXT('2D SPACE',''
  ) );
#3637 = PCURVE('',#3638,#3643);
#3638 = PLANE('',#3639);
#3639 = AXIS2_PLACEMENT_3D('',#3640,#3641,#3642);
#3640 = CARTESIAN_POINT('',(40.,-22.2,1.8));
#3641 = DIRECTION('',(0.,0.,1.));
#3642 = DIRECTION('',(1.,0.,0.));
#3643 = DEFINITIONAL_REPRESENTATION('',(#3644),#3648);
#3644 = LINE('',#3645,#3646);
#3645 = CARTESIAN_POINT('',(0.,0.));
#3646 = VECTOR('',#3647,1.);
#3647 = DIRECTION('',(0.,1.));
#3648 = ( GEOMETRIC_REPRESENTATION_CONTEXT(2) 
PARAMETRIC_REPRESENTATION_CONTEXT() REPRESENTATION_CONTEXT('2D SPACE',''
  ) );
#3649 = ORIENTED_EDGE('',*,*,#3650,.T.);
#3650 = EDGE_CURVE('',#3623,#3651,#3653,.T.);
#3651 = VERTEX_POINT('',#3652);
#3652 = CARTESIAN_POINT('',(40.,-20.7,6.6));
#3653 = SURFACE_CURVE('',#3654,(#3658,#3665),.PCURVE_S1.);
#3654 = LINE('',#3655,#3656);
#3655 = CARTESIAN_POINT('',(40.,-20.7,1.8));
#3656 = VECTOR('',#3657,1.);
#3657 = DIRECTION('',(0.,0.,1.));
#3658 = PCURVE('',#3457,#3659);
#3659 = DEFINITIONAL_REPRESENTATION('',(#3660),#3664);
#3660 = LINE('',#3661,#3662);
#3661 = CARTESIAN_POINT('',(0.,-1.5));
#3662 = VECTOR('',#3663,1.);
#3663 = DIRECTION('',(1.,0.));
#3664 = ( GEOMETRIC_REPRESENTATION_CONTEXT(2) 
PARAMETRIC_REPRESENTATION_CONTEXT() REPRESENTATION_CONTEXT('2D SPACE',''
  ) );
#3665 = PCURVE('',#3666,#3671);
#3666 = PLANE('',#3667);
#3667 = AXIS2_PLACEMENT_3D('',#3668,#3669,#3670);
#3668 = CARTESIAN_POINT('',(40.,-20.7,1.8));
#3669 = DIRECTION('',(0.,1.,0.));
#3670 = DIRECTION('',(0.,0.,1.));
#3671 = DEFINITIONAL_REPRESENTATION('',(#3672),#3676);
#3672 = LINE('',#3673,#3674);
#3673 = CARTESIAN_POINT('',(0.,0.));
#3674 = VECTOR('',#3675,1.);
#3675 = DIRECTION('',(1.,0.));
#3676 = ( GEOMETRIC_REPRESENTATION_CONTEXT(2) 
PARAMETRIC_REPRESENTATION_CONTEXT() REPRESENTATION_CONTEXT('2D SPACE',''
  ) );
#3677 = ORIENTED_EDGE('',*,*,#3678,.F.);
#3678 = EDGE_CURVE('',#3420,#3651,#3679,.T.);
#3679 = SURFACE_CURVE('',#3680,(#3684,#3690),.PCURVE_S1.);
#3680 = LINE('',#3681,#3682);
#3681 = CARTESIAN_POINT('',(40.,-22.025,6.6));
#3682 = VECTOR('',#3683,1.);
#3683 = DIRECTION('',(0.,1.,0.));
#3684 = PCURVE('',#3457,#3685);
#3685 = DEFINITIONAL_REPRESENTATION('',(#3686),#3689);
#3686 = B_SPLINE_CURVE_WITH_KNOTS('',1,(#3687,#3688),.UNSPECIFIED.,.F.,
  .F.,(2,2),(0.175,1.325),.PIECEWISE_BEZIER_KNOTS.);
#3687 = CARTESIAN_POINT('',(4.8,-0.35));
#3688 = CARTESIAN_POINT('',(4.8,-1.5));
#3689 = ( GEOMETRIC_REPRESENTATION_CONTEXT(2) 
PARAMETRIC_REPRESENTATION_CONTEXT() REPRESENTATION_CONTEXT('2D SPACE',''
  ) );
#3690 = PCURVE('',#2335,#3691);
#3691 = DEFINITIONAL_REPRESENTATION('',(#3692),#3696);
#3692 = LINE('',#3693,#3694);
#3693 = CARTESIAN_POINT('',(40.6,-0.175));
#3694 = VECTOR('',#3695,1.);
#3695 = DIRECTION('',(0.,1.));
#3696 = ( GEOMETRIC_REPRESENTATION_CONTEXT(2) 
PARAMETRIC_REPRESENTATION_CONTEXT() REPRESENTATION_CONTEXT('2D SPACE',''
  ) );
#3697 = ORIENTED_EDGE('',*,*,#3442,.T.);
#3698 = ORIENTED_EDGE('',*,*,#3699,.F.);
#3699 = EDGE_CURVE('',#3595,#3443,#3700,.T.);
#3700 = SURFACE_CURVE('',#3701,(#3705,#3711),.PCURVE_S1.);
#3701 = LINE('',#3702,#3703);
#3702 = CARTESIAN_POINT('',(40.,-16.0055015797,4.4));
#3703 = VECTOR('',#3704,1.);
#3704 = DIRECTION('',(0.,1.,0.));
#3705 = PCURVE('',#3457,#3706);
#3706 = DEFINITIONAL_REPRESENTATION('',(#3707),#3710);
#3707 = B_SPLINE_CURVE_WITH_KNOTS('',1,(#3708,#3709),.UNSPECIFIED.,.F.,
  .F.,(2,2),(-6.194498420295,-4.694498420295),.PIECEWISE_BEZIER_KNOTS.);
#3708 = CARTESIAN_POINT('',(2.6,0.));
#3709 = CARTESIAN_POINT('',(2.6,-1.5));
#3710 = ( GEOMETRIC_REPRESENTATION_CONTEXT(2) 
PARAMETRIC_REPRESENTATION_CONTEXT() REPRESENTATION_CONTEXT('2D SPACE',''
  ) );
#3711 = PCURVE('',#152,#3712);
#3712 = DEFINITIONAL_REPRESENTATION('',(#3713),#3717);
#3713 = LINE('',#3714,#3715);
#3714 = CARTESIAN_POINT('',(3.610934462678,-6.194498420295));
#3715 = VECTOR('',#3716,1.);
#3716 = DIRECTION('',(0.,1.));
#3717 = ( GEOMETRIC_REPRESENTATION_CONTEXT(2) 
PARAMETRIC_REPRESENTATION_CONTEXT() REPRESENTATION_CONTEXT('2D SPACE',''
  ) );
#3718 = ADVANCED_FACE('',(#3719),#3638,.F.);
#3719 = FACE_BOUND('',#3720,.F.);
#3720 = EDGE_LOOP('',(#3721,#3722,#3745,#3773));
#3721 = ORIENTED_EDGE('',*,*,#3622,.F.);
#3722 = ORIENTED_EDGE('',*,*,#3723,.T.);
#3723 = EDGE_CURVE('',#3593,#3724,#3726,.T.);
#3724 = VERTEX_POINT('',#3725);
#3725 = CARTESIAN_POINT('',(42.,-22.2,1.8));
#3726 = SURFACE_CURVE('',#3727,(#3731,#3738),.PCURVE_S1.);
#3727 = LINE('',#3728,#3729);
#3728 = CARTESIAN_POINT('',(40.,-22.2,1.8));
#3729 = VECTOR('',#3730,1.);
#3730 = DIRECTION('',(1.,0.,0.));
#3731 = PCURVE('',#3638,#3732);
#3732 = DEFINITIONAL_REPRESENTATION('',(#3733),#3737);
#3733 = LINE('',#3734,#3735);
#3734 = CARTESIAN_POINT('',(0.,0.));
#3735 = VECTOR('',#3736,1.);
#3736 = DIRECTION('',(1.,0.));
#3737 = ( GEOMETRIC_REPRESENTATION_CONTEXT(2) 
PARAMETRIC_REPRESENTATION_CONTEXT() REPRESENTATION_CONTEXT('2D SPACE',''
  ) );
#3738 = PCURVE('',#3610,#3739);
#3739 = DEFINITIONAL_REPRESENTATION('',(#3740),#3744);
#3740 = LINE('',#3741,#3742);
#3741 = CARTESIAN_POINT('',(0.,0.));
#3742 = VECTOR('',#3743,1.);
#3743 = DIRECTION('',(0.,1.));
#3744 = ( GEOMETRIC_REPRESENTATION_CONTEXT(2) 
PARAMETRIC_REPRESENTATION_CONTEXT() REPRESENTATION_CONTEXT('2D SPACE',''
  ) );
#3745 = ORIENTED_EDGE('',*,*,#3746,.T.);
#3746 = EDGE_CURVE('',#3724,#3747,#3749,.T.);
#3747 = VERTEX_POINT('',#3748);
#3748 = CARTESIAN_POINT('',(42.,-20.7,1.8));
#3749 = SURFACE_CURVE('',#3750,(#3754,#3761),.PCURVE_S1.);
#3750 = LINE('',#3751,#3752);
#3751 = CARTESIAN_POINT('',(42.,-22.2,1.8));
#3752 = VECTOR('',#3753,1.);
#3753 = DIRECTION('',(0.,1.,0.));
#3754 = PCURVE('',#3638,#3755);
#3755 = DEFINITIONAL_REPRESENTATION('',(#3756),#3760);
#3756 = LINE('',#3757,#3758);
#3757 = CARTESIAN_POINT('',(2.,0.));
#3758 = VECTOR('',#3759,1.);
#3759 = DIRECTION('',(0.,1.));
#3760 = ( GEOMETRIC_REPRESENTATION_CONTEXT(2) 
PARAMETRIC_REPRESENTATION_CONTEXT() REPRESENTATION_CONTEXT('2D SPACE',''
  ) );
#3761 = PCURVE('',#3762,#3767);
#3762 = PLANE('',#3763);
#3763 = AXIS2_PLACEMENT_3D('',#3764,#3765,#3766);
#3764 = CARTESIAN_POINT('',(42.,-22.2,1.8));
#3765 = DIRECTION('',(1.,0.,0.));
#3766 = DIRECTION('',(0.,0.,1.));
#3767 = DEFINITIONAL_REPRESENTATION('',(#3768),#3772);
#3768 = LINE('',#3769,#3770);
#3769 = CARTESIAN_POINT('',(0.,0.));
#3770 = VECTOR('',#3771,1.);
#3771 = DIRECTION('',(0.,-1.));
#3772 = ( GEOMETRIC_REPRESENTATION_CONTEXT(2) 
PARAMETRIC_REPRESENTATION_CONTEXT() REPRESENTATION_CONTEXT('2D SPACE',''
  ) );
#3773 = ORIENTED_EDGE('',*,*,#3774,.F.);
#3774 = EDGE_CURVE('',#3623,#3747,#3775,.T.);
#3775 = SURFACE_CURVE('',#3776,(#3780,#3787),.PCURVE_S1.);
#3776 = LINE('',#3777,#3778);
#3777 = CARTESIAN_POINT('',(40.,-20.7,1.8));
#3778 = VECTOR('',#3779,1.);
#3779 = DIRECTION('',(1.,0.,0.));
#3780 = PCURVE('',#3638,#3781);
#3781 = DEFINITIONAL_REPRESENTATION('',(#3782),#3786);
#3782 = LINE('',#3783,#3784);
#3783 = CARTESIAN_POINT('',(0.,1.5));
#3784 = VECTOR('',#3785,1.);
#3785 = DIRECTION('',(1.,0.));
#3786 = ( GEOMETRIC_REPRESENTATION_CONTEXT(2) 
PARAMETRIC_REPRESENTATION_CONTEXT() REPRESENTATION_CONTEXT('2D SPACE',''
  ) );
#3787 = PCURVE('',#3666,#3788);
#3788 = DEFINITIONAL_REPRESENTATION('',(#3789),#3793);
#3789 = LINE('',#3790,#3791);
#3790 = CARTESIAN_POINT('',(0.,0.));
#3791 = VECTOR('',#3792,1.);
#3792 = DIRECTION('',(0.,1.));
#3793 = ( GEOMETRIC_REPRESENTATION_CONTEXT(2) 
PARAMETRIC_REPRESENTATION_CONTEXT() REPRESENTATION_CONTEXT('2D SPACE',''
  ) );
#3794 = ADVANCED_FACE('',(#3795),#3762,.T.);
#3795 = FACE_BOUND('',#3796,.T.);
#3796 = EDGE_LOOP('',(#3797,#3820,#3821,#3844,#3866,#3893));
#3797 = ORIENTED_EDGE('',*,*,#3798,.F.);
#3798 = EDGE_CURVE('',#3724,#3799,#3801,.T.);
#3799 = VERTEX_POINT('',#3800);
#3800 = CARTESIAN_POINT('',(42.,-22.2,4.4));
#3801 = SURFACE_CURVE('',#3802,(#3806,#3813),.PCURVE_S1.);
#3802 = LINE('',#3803,#3804);
#3803 = CARTESIAN_POINT('',(42.,-22.2,1.8));
#3804 = VECTOR('',#3805,1.);
#3805 = DIRECTION('',(0.,0.,1.));
#3806 = PCURVE('',#3762,#3807);
#3807 = DEFINITIONAL_REPRESENTATION('',(#3808),#3812);
#3808 = LINE('',#3809,#3810);
#3809 = CARTESIAN_POINT('',(0.,0.));
#3810 = VECTOR('',#3811,1.);
#3811 = DIRECTION('',(1.,0.));
#3812 = ( GEOMETRIC_REPRESENTATION_CONTEXT(2) 
PARAMETRIC_REPRESENTATION_CONTEXT() REPRESENTATION_CONTEXT('2D SPACE',''
  ) );
#3813 = PCURVE('',#3610,#3814);
#3814 = DEFINITIONAL_REPRESENTATION('',(#3815),#3819);
#3815 = LINE('',#3816,#3817);
#3816 = CARTESIAN_POINT('',(0.,2.));
#3817 = VECTOR('',#3818,1.);
#3818 = DIRECTION('',(1.,0.));
#3819 = ( GEOMETRIC_REPRESENTATION_CONTEXT(2) 
PARAMETRIC_REPRESENTATION_CONTEXT() REPRESENTATION_CONTEXT('2D SPACE',''
  ) );
#3820 = ORIENTED_EDGE('',*,*,#3746,.T.);
#3821 = ORIENTED_EDGE('',*,*,#3822,.T.);
#3822 = EDGE_CURVE('',#3747,#3823,#3825,.T.);
#3823 = VERTEX_POINT('',#3824);
#3824 = CARTESIAN_POINT('',(42.,-20.7,6.6));
#3825 = SURFACE_CURVE('',#3826,(#3830,#3837),.PCURVE_S1.);
#3826 = LINE('',#3827,#3828);
#3827 = CARTESIAN_POINT('',(42.,-20.7,1.8));
#3828 = VECTOR('',#3829,1.);
#3829 = DIRECTION('',(0.,0.,1.));
#3830 = PCURVE('',#3762,#3831);
#3831 = DEFINITIONAL_REPRESENTATION('',(#3832),#3836);
#3832 = LINE('',#3833,#3834);
#3833 = CARTESIAN_POINT('',(0.,-1.5));
#3834 = VECTOR('',#3835,1.);
#3835 = DIRECTION('',(1.,0.));
#3836 = ( GEOMETRIC_REPRESENTATION_CONTEXT(2) 
PARAMETRIC_REPRESENTATION_CONTEXT() REPRESENTATION_CONTEXT('2D SPACE',''
  ) );
#3837 = PCURVE('',#3666,#3838);
#3838 = DEFINITIONAL_REPRESENTATION('',(#3839),#3843);
#3839 = LINE('',#3840,#3841);
#3840 = CARTESIAN_POINT('',(0.,2.));
#3841 = VECTOR('',#3842,1.);
#3842 = DIRECTION('',(1.,0.));
#3843 = ( GEOMETRIC_REPRESENTATION_CONTEXT(2) 
PARAMETRIC_REPRESENTATION_CONTEXT() REPRESENTATION_CONTEXT('2D SPACE',''
  ) );
#3844 = ORIENTED_EDGE('',*,*,#3845,.F.);
#3845 = EDGE_CURVE('',#3846,#3823,#3848,.T.);
#3846 = VERTEX_POINT('',#3847);
#3847 = CARTESIAN_POINT('',(42.,-21.85,6.6));
#3848 = SURFACE_CURVE('',#3849,(#3853,#3859),.PCURVE_S1.);
#3849 = LINE('',#3850,#3851);
#3850 = CARTESIAN_POINT('',(42.,-22.025,6.6));
#3851 = VECTOR('',#3852,1.);
#3852 = DIRECTION('',(0.,1.,0.));
#3853 = PCURVE('',#3762,#3854);
#3854 = DEFINITIONAL_REPRESENTATION('',(#3855),#3858);
#3855 = B_SPLINE_CURVE_WITH_KNOTS('',1,(#3856,#3857),.UNSPECIFIED.,.F.,
  .F.,(2,2),(0.175,1.325),.PIECEWISE_BEZIER_KNOTS.);
#3856 = CARTESIAN_POINT('',(4.8,-0.35));
#3857 = CARTESIAN_POINT('',(4.8,-1.5));
#3858 = ( GEOMETRIC_REPRESENTATION_CONTEXT(2) 
PARAMETRIC_REPRESENTATION_CONTEXT() REPRESENTATION_CONTEXT('2D SPACE',''
  ) );
#3859 = PCURVE('',#2335,#3860);
#3860 = DEFINITIONAL_REPRESENTATION('',(#3861),#3865);
#3861 = LINE('',#3862,#3863);
#3862 = CARTESIAN_POINT('',(42.6,-0.175));
#3863 = VECTOR('',#3864,1.);
#3864 = DIRECTION('',(0.,1.));
#3865 = ( GEOMETRIC_REPRESENTATION_CONTEXT(2) 
PARAMETRIC_REPRESENTATION_CONTEXT() REPRESENTATION_CONTEXT('2D SPACE',''
  ) );
#3866 = ORIENTED_EDGE('',*,*,#3867,.T.);
#3867 = EDGE_CURVE('',#3846,#3868,#3870,.T.);
#3868 = VERTEX_POINT('',#3869);
#3869 = CARTESIAN_POINT('',(42.,-21.85,4.4));
#3870 = SURFACE_CURVE('',#3871,(#3875,#3881),.PCURVE_S1.);
#3871 = LINE('',#3872,#3873);
#3872 = CARTESIAN_POINT('',(42.,-21.85,-1.1));
#3873 = VECTOR('',#3874,1.);
#3874 = DIRECTION('',(0.,0.,-1.));
#3875 = PCURVE('',#3762,#3876);
#3876 = DEFINITIONAL_REPRESENTATION('',(#3877),#3880);
#3877 = B_SPLINE_CURVE_WITH_KNOTS('',1,(#3878,#3879),.UNSPECIFIED.,.F.,
  .F.,(2,2),(-7.7,-5.5),.PIECEWISE_BEZIER_KNOTS.);
#3878 = CARTESIAN_POINT('',(4.8,-0.35));
#3879 = CARTESIAN_POINT('',(2.6,-0.35));
#3880 = ( GEOMETRIC_REPRESENTATION_CONTEXT(2) 
PARAMETRIC_REPRESENTATION_CONTEXT() REPRESENTATION_CONTEXT('2D SPACE',''
  ) );
#3881 = PCURVE('',#3882,#3887);
#3882 = PLANE('',#3883);
#3883 = AXIS2_PLACEMENT_3D('',#3884,#3885,#3886);
#3884 = CARTESIAN_POINT('',(-0.6,-21.85,-4.));
#3885 = DIRECTION('',(0.,1.,0.));
#3886 = DIRECTION('',(0.,0.,1.));
#3887 = DEFINITIONAL_REPRESENTATION('',(#3888),#3892);
#3888 = LINE('',#3889,#3890);
#3889 = CARTESIAN_POINT('',(2.9,42.6));
#3890 = VECTOR('',#3891,1.);
#3891 = DIRECTION('',(-1.,0.));
#3892 = ( GEOMETRIC_REPRESENTATION_CONTEXT(2) 
PARAMETRIC_REPRESENTATION_CONTEXT() REPRESENTATION_CONTEXT('2D SPACE',''
  ) );
#3893 = ORIENTED_EDGE('',*,*,#3894,.F.);
#3894 = EDGE_CURVE('',#3799,#3868,#3895,.T.);
#3895 = SURFACE_CURVE('',#3896,(#3900,#3906),.PCURVE_S1.);
#3896 = LINE('',#3897,#3898);
#3897 = CARTESIAN_POINT('',(42.,-16.0055015797,4.4));
#3898 = VECTOR('',#3899,1.);
#3899 = DIRECTION('',(0.,1.,0.));
#3900 = PCURVE('',#3762,#3901);
#3901 = DEFINITIONAL_REPRESENTATION('',(#3902),#3905);
#3902 = B_SPLINE_CURVE_WITH_KNOTS('',1,(#3903,#3904),.UNSPECIFIED.,.F.,
  .F.,(2,2),(-6.194498420295,-4.694498420295),.PIECEWISE_BEZIER_KNOTS.);
#3903 = CARTESIAN_POINT('',(2.6,0.));
#3904 = CARTESIAN_POINT('',(2.6,-1.5));
#3905 = ( GEOMETRIC_REPRESENTATION_CONTEXT(2) 
PARAMETRIC_REPRESENTATION_CONTEXT() REPRESENTATION_CONTEXT('2D SPACE',''
  ) );
#3906 = PCURVE('',#152,#3907);
#3907 = DEFINITIONAL_REPRESENTATION('',(#3908),#3912);
#3908 = LINE('',#3909,#3910);
#3909 = CARTESIAN_POINT('',(5.610934462678,-6.194498420295));
#3910 = VECTOR('',#3911,1.);
#3911 = DIRECTION('',(0.,1.));
#3912 = ( GEOMETRIC_REPRESENTATION_CONTEXT(2) 
PARAMETRIC_REPRESENTATION_CONTEXT() REPRESENTATION_CONTEXT('2D SPACE',''
  ) );
#3913 = ADVANCED_FACE('',(#3914),#3882,.T.);
#3914 = FACE_BOUND('',#3915,.T.);
#3915 = EDGE_LOOP('',(#3916,#3939,#3966,#3987));
#3916 = ORIENTED_EDGE('',*,*,#3917,.T.);
#3917 = EDGE_CURVE('',#3846,#3918,#3920,.T.);
#3918 = VERTEX_POINT('',#3919);
#3919 = CARTESIAN_POINT('',(66.,-21.85,6.6));
#3920 = SURFACE_CURVE('',#3921,(#3925,#3932),.PCURVE_S1.);
#3921 = LINE('',#3922,#3923);
#3922 = CARTESIAN_POINT('',(-0.6,-21.85,6.6));
#3923 = VECTOR('',#3924,1.);
#3924 = DIRECTION('',(1.,0.,0.));
#3925 = PCURVE('',#3882,#3926);
#3926 = DEFINITIONAL_REPRESENTATION('',(#3927),#3931);
#3927 = LINE('',#3928,#3929);
#3928 = CARTESIAN_POINT('',(10.6,0.));
#3929 = VECTOR('',#3930,1.);
#3930 = DIRECTION('',(0.,1.));
#3931 = ( GEOMETRIC_REPRESENTATION_CONTEXT(2) 
PARAMETRIC_REPRESENTATION_CONTEXT() REPRESENTATION_CONTEXT('2D SPACE',''
  ) );
#3932 = PCURVE('',#2335,#3933);
#3933 = DEFINITIONAL_REPRESENTATION('',(#3934),#3938);
#3934 = LINE('',#3935,#3936);
#3935 = CARTESIAN_POINT('',(0.,0.));
#3936 = VECTOR('',#3937,1.);
#3937 = DIRECTION('',(1.,0.));
#3938 = ( GEOMETRIC_REPRESENTATION_CONTEXT(2) 
PARAMETRIC_REPRESENTATION_CONTEXT() REPRESENTATION_CONTEXT('2D SPACE',''
  ) );
#3939 = ORIENTED_EDGE('',*,*,#3940,.T.);
#3940 = EDGE_CURVE('',#3918,#3941,#3943,.T.);
#3941 = VERTEX_POINT('',#3942);
#3942 = CARTESIAN_POINT('',(66.,-21.85,4.4));
#3943 = SURFACE_CURVE('',#3944,(#3948,#3955),.PCURVE_S1.);
#3944 = LINE('',#3945,#3946);
#3945 = CARTESIAN_POINT('',(66.,-21.85,-1.1));
#3946 = VECTOR('',#3947,1.);
#3947 = DIRECTION('',(0.,0.,-1.));
#3948 = PCURVE('',#3882,#3949);
#3949 = DEFINITIONAL_REPRESENTATION('',(#3950),#3954);
#3950 = LINE('',#3951,#3952);
#3951 = CARTESIAN_POINT('',(2.9,66.6));
#3952 = VECTOR('',#3953,1.);
#3953 = DIRECTION('',(-1.,0.));
#3954 = ( GEOMETRIC_REPRESENTATION_CONTEXT(2) 
PARAMETRIC_REPRESENTATION_CONTEXT() REPRESENTATION_CONTEXT('2D SPACE',''
  ) );
#3955 = PCURVE('',#3956,#3961);
#3956 = PLANE('',#3957);
#3957 = AXIS2_PLACEMENT_3D('',#3958,#3959,#3960);
#3958 = CARTESIAN_POINT('',(66.,-22.2,1.8));
#3959 = DIRECTION('',(1.,0.,0.));
#3960 = DIRECTION('',(0.,0.,1.));
#3961 = DEFINITIONAL_REPRESENTATION('',(#3962),#3965);
#3962 = B_SPLINE_CURVE_WITH_KNOTS('',1,(#3963,#3964),.UNSPECIFIED.,.F.,
  .F.,(2,2),(-7.7,-5.5),.PIECEWISE_BEZIER_KNOTS.);
#3963 = CARTESIAN_POINT('',(4.8,-0.35));
#3964 = CARTESIAN_POINT('',(2.6,-0.35));
#3965 = ( GEOMETRIC_REPRESENTATION_CONTEXT(2) 
PARAMETRIC_REPRESENTATION_CONTEXT() REPRESENTATION_CONTEXT('2D SPACE',''
  ) );
#3966 = ORIENTED_EDGE('',*,*,#3967,.F.);
#3967 = EDGE_CURVE('',#3868,#3941,#3968,.T.);
#3968 = SURFACE_CURVE('',#3969,(#3973,#3980),.PCURVE_S1.);
#3969 = LINE('',#3970,#3971);
#3970 = CARTESIAN_POINT('',(42.,-21.85,4.4));
#3971 = VECTOR('',#3972,1.);
#3972 = DIRECTION('',(1.,0.,0.));
#3973 = PCURVE('',#3882,#3974);
#3974 = DEFINITIONAL_REPRESENTATION('',(#3975),#3979);
#3975 = LINE('',#3976,#3977);
#3976 = CARTESIAN_POINT('',(8.4,42.6));
#3977 = VECTOR('',#3978,1.);
#3978 = DIRECTION('',(0.,1.));
#3979 = ( GEOMETRIC_REPRESENTATION_CONTEXT(2) 
PARAMETRIC_REPRESENTATION_CONTEXT() REPRESENTATION_CONTEXT('2D SPACE',''
  ) );
#3980 = PCURVE('',#152,#3981);
#3981 = DEFINITIONAL_REPRESENTATION('',(#3982),#3986);
#3982 = LINE('',#3983,#3984);
#3983 = CARTESIAN_POINT('',(5.610934462678,-12.03899684058));
#3984 = VECTOR('',#3985,1.);
#3985 = DIRECTION('',(1.,0.));
#3986 = ( GEOMETRIC_REPRESENTATION_CONTEXT(2) 
PARAMETRIC_REPRESENTATION_CONTEXT() REPRESENTATION_CONTEXT('2D SPACE',''
  ) );
#3987 = ORIENTED_EDGE('',*,*,#3867,.F.);
#3988 = ADVANCED_FACE('',(#3989),#3956,.F.);
#3989 = FACE_BOUND('',#3990,.F.);
#3990 = EDGE_LOOP('',(#3991,#4021,#4049,#4077,#4097,#4098));
#3991 = ORIENTED_EDGE('',*,*,#3992,.F.);
#3992 = EDGE_CURVE('',#3993,#3995,#3997,.T.);
#3993 = VERTEX_POINT('',#3994);
#3994 = CARTESIAN_POINT('',(66.,-22.2,1.8));
#3995 = VERTEX_POINT('',#3996);
#3996 = CARTESIAN_POINT('',(66.,-22.2,4.4));
#3997 = SURFACE_CURVE('',#3998,(#4002,#4009),.PCURVE_S1.);
#3998 = LINE('',#3999,#4000);
#3999 = CARTESIAN_POINT('',(66.,-22.2,1.8));
#4000 = VECTOR('',#4001,1.);
#4001 = DIRECTION('',(0.,0.,1.));
#4002 = PCURVE('',#3956,#4003);
#4003 = DEFINITIONAL_REPRESENTATION('',(#4004),#4008);
#4004 = LINE('',#4005,#4006);
#4005 = CARTESIAN_POINT('',(0.,0.));
#4006 = VECTOR('',#4007,1.);
#4007 = DIRECTION('',(1.,0.));
#4008 = ( GEOMETRIC_REPRESENTATION_CONTEXT(2) 
PARAMETRIC_REPRESENTATION_CONTEXT() REPRESENTATION_CONTEXT('2D SPACE',''
  ) );
#4009 = PCURVE('',#4010,#4015);
#4010 = PLANE('',#4011);
#4011 = AXIS2_PLACEMENT_3D('',#4012,#4013,#4014);
#4012 = CARTESIAN_POINT('',(66.,-22.2,1.8));
#4013 = DIRECTION('',(0.,1.,0.));
#4014 = DIRECTION('',(0.,0.,1.));
#4015 = DEFINITIONAL_REPRESENTATION('',(#4016),#4020);
#4016 = LINE('',#4017,#4018);
#4017 = CARTESIAN_POINT('',(0.,0.));
#4018 = VECTOR('',#4019,1.);
#4019 = DIRECTION('',(1.,0.));
#4020 = ( GEOMETRIC_REPRESENTATION_CONTEXT(2) 
PARAMETRIC_REPRESENTATION_CONTEXT() REPRESENTATION_CONTEXT('2D SPACE',''
  ) );
#4021 = ORIENTED_EDGE('',*,*,#4022,.T.);
#4022 = EDGE_CURVE('',#3993,#4023,#4025,.T.);
#4023 = VERTEX_POINT('',#4024);
#4024 = CARTESIAN_POINT('',(66.,-20.7,1.8));
#4025 = SURFACE_CURVE('',#4026,(#4030,#4037),.PCURVE_S1.);
#4026 = LINE('',#4027,#4028);
#4027 = CARTESIAN_POINT('',(66.,-22.2,1.8));
#4028 = VECTOR('',#4029,1.);
#4029 = DIRECTION('',(0.,1.,0.));
#4030 = PCURVE('',#3956,#4031);
#4031 = DEFINITIONAL_REPRESENTATION('',(#4032),#4036);
#4032 = LINE('',#4033,#4034);
#4033 = CARTESIAN_POINT('',(0.,0.));
#4034 = VECTOR('',#4035,1.);
#4035 = DIRECTION('',(0.,-1.));
#4036 = ( GEOMETRIC_REPRESENTATION_CONTEXT(2) 
PARAMETRIC_REPRESENTATION_CONTEXT() REPRESENTATION_CONTEXT('2D SPACE',''
  ) );
#4037 = PCURVE('',#4038,#4043);
#4038 = PLANE('',#4039);
#4039 = AXIS2_PLACEMENT_3D('',#4040,#4041,#4042);
#4040 = CARTESIAN_POINT('',(66.,-22.2,1.8));
#4041 = DIRECTION('',(0.,0.,1.));
#4042 = DIRECTION('',(1.,0.,0.));
#4043 = DEFINITIONAL_REPRESENTATION('',(#4044),#4048);
#4044 = LINE('',#4045,#4046);
#4045 = CARTESIAN_POINT('',(0.,0.));
#4046 = VECTOR('',#4047,1.);
#4047 = DIRECTION('',(0.,1.));
#4048 = ( GEOMETRIC_REPRESENTATION_CONTEXT(2) 
PARAMETRIC_REPRESENTATION_CONTEXT() REPRESENTATION_CONTEXT('2D SPACE',''
  ) );
#4049 = ORIENTED_EDGE('',*,*,#4050,.T.);
#4050 = EDGE_CURVE('',#4023,#4051,#4053,.T.);
#4051 = VERTEX_POINT('',#4052);
#4052 = CARTESIAN_POINT('',(66.,-20.7,6.6));
#4053 = SURFACE_CURVE('',#4054,(#4058,#4065),.PCURVE_S1.);
#4054 = LINE('',#4055,#4056);
#4055 = CARTESIAN_POINT('',(66.,-20.7,1.8));
#4056 = VECTOR('',#4057,1.);
#4057 = DIRECTION('',(0.,0.,1.));
#4058 = PCURVE('',#3956,#4059);
#4059 = DEFINITIONAL_REPRESENTATION('',(#4060),#4064);
#4060 = LINE('',#4061,#4062);
#4061 = CARTESIAN_POINT('',(0.,-1.5));
#4062 = VECTOR('',#4063,1.);
#4063 = DIRECTION('',(1.,0.));
#4064 = ( GEOMETRIC_REPRESENTATION_CONTEXT(2) 
PARAMETRIC_REPRESENTATION_CONTEXT() REPRESENTATION_CONTEXT('2D SPACE',''
  ) );
#4065 = PCURVE('',#4066,#4071);
#4066 = PLANE('',#4067);
#4067 = AXIS2_PLACEMENT_3D('',#4068,#4069,#4070);
#4068 = CARTESIAN_POINT('',(66.,-20.7,1.8));
#4069 = DIRECTION('',(0.,1.,0.));
#4070 = DIRECTION('',(0.,0.,1.));
#4071 = DEFINITIONAL_REPRESENTATION('',(#4072),#4076);
#4072 = LINE('',#4073,#4074);
#4073 = CARTESIAN_POINT('',(0.,0.));
#4074 = VECTOR('',#4075,1.);
#4075 = DIRECTION('',(1.,0.));
#4076 = ( GEOMETRIC_REPRESENTATION_CONTEXT(2) 
PARAMETRIC_REPRESENTATION_CONTEXT() REPRESENTATION_CONTEXT('2D SPACE',''
  ) );
#4077 = ORIENTED_EDGE('',*,*,#4078,.F.);
#4078 = EDGE_CURVE('',#3918,#4051,#4079,.T.);
#4079 = SURFACE_CURVE('',#4080,(#4084,#4090),.PCURVE_S1.);
#4080 = LINE('',#4081,#4082);
#4081 = CARTESIAN_POINT('',(66.,-22.025,6.6));
#4082 = VECTOR('',#4083,1.);
#4083 = DIRECTION('',(0.,1.,0.));
#4084 = PCURVE('',#3956,#4085);
#4085 = DEFINITIONAL_REPRESENTATION('',(#4086),#4089);
#4086 = B_SPLINE_CURVE_WITH_KNOTS('',1,(#4087,#4088),.UNSPECIFIED.,.F.,
  .F.,(2,2),(0.175,1.325),.PIECEWISE_BEZIER_KNOTS.);
#4087 = CARTESIAN_POINT('',(4.8,-0.35));
#4088 = CARTESIAN_POINT('',(4.8,-1.5));
#4089 = ( GEOMETRIC_REPRESENTATION_CONTEXT(2) 
PARAMETRIC_REPRESENTATION_CONTEXT() REPRESENTATION_CONTEXT('2D SPACE',''
  ) );
#4090 = PCURVE('',#2335,#4091);
#4091 = DEFINITIONAL_REPRESENTATION('',(#4092),#4096);
#4092 = LINE('',#4093,#4094);
#4093 = CARTESIAN_POINT('',(66.6,-0.175));
#4094 = VECTOR('',#4095,1.);
#4095 = DIRECTION('',(0.,1.));
#4096 = ( GEOMETRIC_REPRESENTATION_CONTEXT(2) 
PARAMETRIC_REPRESENTATION_CONTEXT() REPRESENTATION_CONTEXT('2D SPACE',''
  ) );
#4097 = ORIENTED_EDGE('',*,*,#3940,.T.);
#4098 = ORIENTED_EDGE('',*,*,#4099,.F.);
#4099 = EDGE_CURVE('',#3995,#3941,#4100,.T.);
#4100 = SURFACE_CURVE('',#4101,(#4105,#4111),.PCURVE_S1.);
#4101 = LINE('',#4102,#4103);
#4102 = CARTESIAN_POINT('',(66.,-16.0055015797,4.4));
#4103 = VECTOR('',#4104,1.);
#4104 = DIRECTION('',(0.,1.,0.));
#4105 = PCURVE('',#3956,#4106);
#4106 = DEFINITIONAL_REPRESENTATION('',(#4107),#4110);
#4107 = B_SPLINE_CURVE_WITH_KNOTS('',1,(#4108,#4109),.UNSPECIFIED.,.F.,
  .F.,(2,2),(-6.194498420295,-4.694498420295),.PIECEWISE_BEZIER_KNOTS.);
#4108 = CARTESIAN_POINT('',(2.6,0.));
#4109 = CARTESIAN_POINT('',(2.6,-1.5));
#4110 = ( GEOMETRIC_REPRESENTATION_CONTEXT(2) 
PARAMETRIC_REPRESENTATION_CONTEXT() REPRESENTATION_CONTEXT('2D SPACE',''
  ) );
#4111 = PCURVE('',#152,#4112);
#4112 = DEFINITIONAL_REPRESENTATION('',(#4113),#4117);
#4113 = LINE('',#4114,#4115);
#4114 = CARTESIAN_POINT('',(29.610934462678,-6.194498420295));
#4115 = VECTOR('',#4116,1.);
#4116 = DIRECTION('',(0.,1.));
#4117 = ( GEOMETRIC_REPRESENTATION_CONTEXT(2) 
PARAMETRIC_REPRESENTATION_CONTEXT() REPRESENTATION_CONTEXT('2D SPACE',''
  ) );
#4118 = ADVANCED_FACE('',(#4119),#4038,.F.);
#4119 = FACE_BOUND('',#4120,.F.);
#4120 = EDGE_LOOP('',(#4121,#4122,#4145,#4173));
#4121 = ORIENTED_EDGE('',*,*,#4022,.F.);
#4122 = ORIENTED_EDGE('',*,*,#4123,.T.);
#4123 = EDGE_CURVE('',#3993,#4124,#4126,.T.);
#4124 = VERTEX_POINT('',#4125);
#4125 = CARTESIAN_POINT('',(68.,-22.2,1.8));
#4126 = SURFACE_CURVE('',#4127,(#4131,#4138),.PCURVE_S1.);
#4127 = LINE('',#4128,#4129);
#4128 = CARTESIAN_POINT('',(66.,-22.2,1.8));
#4129 = VECTOR('',#4130,1.);
#4130 = DIRECTION('',(1.,0.,0.));
#4131 = PCURVE('',#4038,#4132);
#4132 = DEFINITIONAL_REPRESENTATION('',(#4133),#4137);
#4133 = LINE('',#4134,#4135);
#4134 = CARTESIAN_POINT('',(0.,0.));
#4135 = VECTOR('',#4136,1.);
#4136 = DIRECTION('',(1.,0.));
#4137 = ( GEOMETRIC_REPRESENTATION_CONTEXT(2) 
PARAMETRIC_REPRESENTATION_CONTEXT() REPRESENTATION_CONTEXT('2D SPACE',''
  ) );
#4138 = PCURVE('',#4010,#4139);
#4139 = DEFINITIONAL_REPRESENTATION('',(#4140),#4144);
#4140 = LINE('',#4141,#4142);
#4141 = CARTESIAN_POINT('',(0.,0.));
#4142 = VECTOR('',#4143,1.);
#4143 = DIRECTION('',(0.,1.));
#4144 = ( GEOMETRIC_REPRESENTATION_CONTEXT(2) 
PARAMETRIC_REPRESENTATION_CONTEXT() REPRESENTATION_CONTEXT('2D SPACE',''
  ) );
#4145 = ORIENTED_EDGE('',*,*,#4146,.T.);
#4146 = EDGE_CURVE('',#4124,#4147,#4149,.T.);
#4147 = VERTEX_POINT('',#4148);
#4148 = CARTESIAN_POINT('',(68.,-20.7,1.8));
#4149 = SURFACE_CURVE('',#4150,(#4154,#4161),.PCURVE_S1.);
#4150 = LINE('',#4151,#4152);
#4151 = CARTESIAN_POINT('',(68.,-22.2,1.8));
#4152 = VECTOR('',#4153,1.);
#4153 = DIRECTION('',(0.,1.,0.));
#4154 = PCURVE('',#4038,#4155);
#4155 = DEFINITIONAL_REPRESENTATION('',(#4156),#4160);
#4156 = LINE('',#4157,#4158);
#4157 = CARTESIAN_POINT('',(2.,0.));
#4158 = VECTOR('',#4159,1.);
#4159 = DIRECTION('',(0.,1.));
#4160 = ( GEOMETRIC_REPRESENTATION_CONTEXT(2) 
PARAMETRIC_REPRESENTATION_CONTEXT() REPRESENTATION_CONTEXT('2D SPACE',''
  ) );
#4161 = PCURVE('',#4162,#4167);
#4162 = PLANE('',#4163);
#4163 = AXIS2_PLACEMENT_3D('',#4164,#4165,#4166);
#4164 = CARTESIAN_POINT('',(68.,-22.2,1.8));
#4165 = DIRECTION('',(1.,0.,0.));
#4166 = DIRECTION('',(0.,0.,1.));
#4167 = DEFINITIONAL_REPRESENTATION('',(#4168),#4172);
#4168 = LINE('',#4169,#4170);
#4169 = CARTESIAN_POINT('',(0.,0.));
#4170 = VECTOR('',#4171,1.);
#4171 = DIRECTION('',(0.,-1.));
#4172 = ( GEOMETRIC_REPRESENTATION_CONTEXT(2) 
PARAMETRIC_REPRESENTATION_CONTEXT() REPRESENTATION_CONTEXT('2D SPACE',''
  ) );
#4173 = ORIENTED_EDGE('',*,*,#4174,.F.);
#4174 = EDGE_CURVE('',#4023,#4147,#4175,.T.);
#4175 = SURFACE_CURVE('',#4176,(#4180,#4187),.PCURVE_S1.);
#4176 = LINE('',#4177,#4178);
#4177 = CARTESIAN_POINT('',(66.,-20.7,1.8));
#4178 = VECTOR('',#4179,1.);
#4179 = DIRECTION('',(1.,0.,0.));
#4180 = PCURVE('',#4038,#4181);
#4181 = DEFINITIONAL_REPRESENTATION('',(#4182),#4186);
#4182 = LINE('',#4183,#4184);
#4183 = CARTESIAN_POINT('',(0.,1.5));
#4184 = VECTOR('',#4185,1.);
#4185 = DIRECTION('',(1.,0.));
#4186 = ( GEOMETRIC_REPRESENTATION_CONTEXT(2) 
PARAMETRIC_REPRESENTATION_CONTEXT() REPRESENTATION_CONTEXT('2D SPACE',''
  ) );
#4187 = PCURVE('',#4066,#4188);
#4188 = DEFINITIONAL_REPRESENTATION('',(#4189),#4193);
#4189 = LINE('',#4190,#4191);
#4190 = CARTESIAN_POINT('',(0.,0.));
#4191 = VECTOR('',#4192,1.);
#4192 = DIRECTION('',(0.,1.));
#4193 = ( GEOMETRIC_REPRESENTATION_CONTEXT(2) 
PARAMETRIC_REPRESENTATION_CONTEXT() REPRESENTATION_CONTEXT('2D SPACE',''
  ) );
#4194 = ADVANCED_FACE('',(#4195),#4162,.T.);
#4195 = FACE_BOUND('',#4196,.T.);
#4196 = EDGE_LOOP('',(#4197,#4220,#4221,#4244,#4266,#4292));
#4197 = ORIENTED_EDGE('',*,*,#4198,.F.);
#4198 = EDGE_CURVE('',#4124,#4199,#4201,.T.);
#4199 = VERTEX_POINT('',#4200);
#4200 = CARTESIAN_POINT('',(68.,-22.2,4.4));
#4201 = SURFACE_CURVE('',#4202,(#4206,#4213),.PCURVE_S1.);
#4202 = LINE('',#4203,#4204);
#4203 = CARTESIAN_POINT('',(68.,-22.2,1.8));
#4204 = VECTOR('',#4205,1.);
#4205 = DIRECTION('',(0.,0.,1.));
#4206 = PCURVE('',#4162,#4207);
#4207 = DEFINITIONAL_REPRESENTATION('',(#4208),#4212);
#4208 = LINE('',#4209,#4210);
#4209 = CARTESIAN_POINT('',(0.,0.));
#4210 = VECTOR('',#4211,1.);
#4211 = DIRECTION('',(1.,0.));
#4212 = ( GEOMETRIC_REPRESENTATION_CONTEXT(2) 
PARAMETRIC_REPRESENTATION_CONTEXT() REPRESENTATION_CONTEXT('2D SPACE',''
  ) );
#4213 = PCURVE('',#4010,#4214);
#4214 = DEFINITIONAL_REPRESENTATION('',(#4215),#4219);
#4215 = LINE('',#4216,#4217);
#4216 = CARTESIAN_POINT('',(0.,2.));
#4217 = VECTOR('',#4218,1.);
#4218 = DIRECTION('',(1.,0.));
#4219 = ( GEOMETRIC_REPRESENTATION_CONTEXT(2) 
PARAMETRIC_REPRESENTATION_CONTEXT() REPRESENTATION_CONTEXT('2D SPACE',''
  ) );
#4220 = ORIENTED_EDGE('',*,*,#4146,.T.);
#4221 = ORIENTED_EDGE('',*,*,#4222,.T.);
#4222 = EDGE_CURVE('',#4147,#4223,#4225,.T.);
#4223 = VERTEX_POINT('',#4224);
#4224 = CARTESIAN_POINT('',(68.,-20.7,6.6));
#4225 = SURFACE_CURVE('',#4226,(#4230,#4237),.PCURVE_S1.);
#4226 = LINE('',#4227,#4228);
#4227 = CARTESIAN_POINT('',(68.,-20.7,1.8));
#4228 = VECTOR('',#4229,1.);
#4229 = DIRECTION('',(0.,0.,1.));
#4230 = PCURVE('',#4162,#4231);
#4231 = DEFINITIONAL_REPRESENTATION('',(#4232),#4236);
#4232 = LINE('',#4233,#4234);
#4233 = CARTESIAN_POINT('',(0.,-1.5));
#4234 = VECTOR('',#4235,1.);
#4235 = DIRECTION('',(1.,0.));
#4236 = ( GEOMETRIC_REPRESENTATION_CONTEXT(2) 
PARAMETRIC_REPRESENTATION_CONTEXT() REPRESENTATION_CONTEXT('2D SPACE',''
  ) );
#4237 = PCURVE('',#4066,#4238);
#4238 = DEFINITIONAL_REPRESENTATION('',(#4239),#4243);
#4239 = LINE('',#4240,#4241);
#4240 = CARTESIAN_POINT('',(0.,2.));
#4241 = VECTOR('',#4242,1.);
#4242 = DIRECTION('',(1.,0.));
#4243 = ( GEOMETRIC_REPRESENTATION_CONTEXT(2) 
PARAMETRIC_REPRESENTATION_CONTEXT() REPRESENTATION_CONTEXT('2D SPACE',''
  ) );
#4244 = ORIENTED_EDGE('',*,*,#4245,.F.);
#4245 = EDGE_CURVE('',#4246,#4223,#4248,.T.);
#4246 = VERTEX_POINT('',#4247);
#4247 = CARTESIAN_POINT('',(68.,-21.85,6.6));
#4248 = SURFACE_CURVE('',#4249,(#4253,#4259),.PCURVE_S1.);
#4249 = LINE('',#4250,#4251);
#4250 = CARTESIAN_POINT('',(68.,-22.025,6.6));
#4251 = VECTOR('',#4252,1.);
#4252 = DIRECTION('',(0.,1.,0.));
#4253 = PCURVE('',#4162,#4254);
#4254 = DEFINITIONAL_REPRESENTATION('',(#4255),#4258);
#4255 = B_SPLINE_CURVE_WITH_KNOTS('',1,(#4256,#4257),.UNSPECIFIED.,.F.,
  .F.,(2,2),(0.175,1.325),.PIECEWISE_BEZIER_KNOTS.);
#4256 = CARTESIAN_POINT('',(4.8,-0.35));
#4257 = CARTESIAN_POINT('',(4.8,-1.5));
#4258 = ( GEOMETRIC_REPRESENTATION_CONTEXT(2) 
PARAMETRIC_REPRESENTATION_CONTEXT() REPRESENTATION_CONTEXT('2D SPACE',''
  ) );
#4259 = PCURVE('',#2335,#4260);
#4260 = DEFINITIONAL_REPRESENTATION('',(#4261),#4265);
#4261 = LINE('',#4262,#4263);
#4262 = CARTESIAN_POINT('',(68.6,-0.175));
#4263 = VECTOR('',#4264,1.);
#4264 = DIRECTION('',(0.,1.));
#4265 = ( GEOMETRIC_REPRESENTATION_CONTEXT(2) 
PARAMETRIC_REPRESENTATION_CONTEXT() REPRESENTATION_CONTEXT('2D SPACE',''
  ) );
#4266 = ORIENTED_EDGE('',*,*,#4267,.T.);
#4267 = EDGE_CURVE('',#4246,#4268,#4270,.T.);
#4268 = VERTEX_POINT('',#4269);
#4269 = CARTESIAN_POINT('',(68.,-21.85,4.4));
#4270 = SURFACE_CURVE('',#4271,(#4275,#4281),.PCURVE_S1.);
#4271 = LINE('',#4272,#4273);
#4272 = CARTESIAN_POINT('',(68.,-21.85,-1.1));
#4273 = VECTOR('',#4274,1.);
#4274 = DIRECTION('',(0.,0.,-1.));
#4275 = PCURVE('',#4162,#4276);
#4276 = DEFINITIONAL_REPRESENTATION('',(#4277),#4280);
#4277 = B_SPLINE_CURVE_WITH_KNOTS('',1,(#4278,#4279),.UNSPECIFIED.,.F.,
  .F.,(2,2),(-7.7,-5.5),.PIECEWISE_BEZIER_KNOTS.);
#4278 = CARTESIAN_POINT('',(4.8,-0.35));
#4279 = CARTESIAN_POINT('',(2.6,-0.35));
#4280 = ( GEOMETRIC_REPRESENTATION_CONTEXT(2) 
PARAMETRIC_REPRESENTATION_CONTEXT() REPRESENTATION_CONTEXT('2D SPACE',''
  ) );
#4281 = PCURVE('',#4282,#4287);
#4282 = PLANE('',#4283);
#4283 = AXIS2_PLACEMENT_3D('',#4284,#4285,#4286);
#4284 = CARTESIAN_POINT('',(-0.6,-21.85,-4.));
#4285 = DIRECTION('',(0.,1.,0.));
#4286 = DIRECTION('',(0.,0.,1.));
#4287 = DEFINITIONAL_REPRESENTATION('',(#4288),#4291);
#4288 = B_SPLINE_CURVE_WITH_KNOTS('',1,(#4289,#4290),.UNSPECIFIED.,.F.,
  .F.,(2,2),(-7.7,-5.5),.PIECEWISE_BEZIER_KNOTS.);
#4289 = CARTESIAN_POINT('',(10.6,68.6));
#4290 = CARTESIAN_POINT('',(8.4,68.6));
#4291 = ( GEOMETRIC_REPRESENTATION_CONTEXT(2) 
PARAMETRIC_REPRESENTATION_CONTEXT() REPRESENTATION_CONTEXT('2D SPACE',''
  ) );
#4292 = ORIENTED_EDGE('',*,*,#4293,.F.);
#4293 = EDGE_CURVE('',#4199,#4268,#4294,.T.);
#4294 = SURFACE_CURVE('',#4295,(#4299,#4305),.PCURVE_S1.);
#4295 = LINE('',#4296,#4297);
#4296 = CARTESIAN_POINT('',(68.,-16.0055015797,4.4));
#4297 = VECTOR('',#4298,1.);
#4298 = DIRECTION('',(0.,1.,0.));
#4299 = PCURVE('',#4162,#4300);
#4300 = DEFINITIONAL_REPRESENTATION('',(#4301),#4304);
#4301 = B_SPLINE_CURVE_WITH_KNOTS('',1,(#4302,#4303),.UNSPECIFIED.,.F.,
  .F.,(2,2),(-6.194498420295,-4.694498420295),.PIECEWISE_BEZIER_KNOTS.);
#4302 = CARTESIAN_POINT('',(2.6,0.));
#4303 = CARTESIAN_POINT('',(2.6,-1.5));
#4304 = ( GEOMETRIC_REPRESENTATION_CONTEXT(2) 
PARAMETRIC_REPRESENTATION_CONTEXT() REPRESENTATION_CONTEXT('2D SPACE',''
  ) );
#4305 = PCURVE('',#152,#4306);
#4306 = DEFINITIONAL_REPRESENTATION('',(#4307),#4311);
#4307 = LINE('',#4308,#4309);
#4308 = CARTESIAN_POINT('',(31.610934462678,-6.194498420295));
#4309 = VECTOR('',#4310,1.);
#4310 = DIRECTION('',(0.,1.));
#4311 = ( GEOMETRIC_REPRESENTATION_CONTEXT(2) 
PARAMETRIC_REPRESENTATION_CONTEXT() REPRESENTATION_CONTEXT('2D SPACE',''
  ) );
#4312 = ADVANCED_FACE('',(#4313),#4282,.T.);
#4313 = FACE_BOUND('',#4314,.T.);
#4314 = EDGE_LOOP('',(#4315,#4345,#4365,#4366));
#4315 = ORIENTED_EDGE('',*,*,#4316,.F.);
#4316 = EDGE_CURVE('',#4317,#4319,#4321,.T.);
#4317 = VERTEX_POINT('',#4318);
#4318 = CARTESIAN_POINT('',(71.7,-21.85,4.4));
#4319 = VERTEX_POINT('',#4320);
#4320 = CARTESIAN_POINT('',(71.7,-21.85,6.6));
#4321 = SURFACE_CURVE('',#4322,(#4326,#4333),.PCURVE_S1.);
#4322 = LINE('',#4323,#4324);
#4323 = CARTESIAN_POINT('',(71.7,-21.85,-4.));
#4324 = VECTOR('',#4325,1.);
#4325 = DIRECTION('',(0.,0.,1.));
#4326 = PCURVE('',#4282,#4327);
#4327 = DEFINITIONAL_REPRESENTATION('',(#4328),#4332);
#4328 = LINE('',#4329,#4330);
#4329 = CARTESIAN_POINT('',(0.,72.3));
#4330 = VECTOR('',#4331,1.);
#4331 = DIRECTION('',(1.,0.));
#4332 = ( GEOMETRIC_REPRESENTATION_CONTEXT(2) 
PARAMETRIC_REPRESENTATION_CONTEXT() REPRESENTATION_CONTEXT('2D SPACE',''
  ) );
#4333 = PCURVE('',#4334,#4339);
#4334 = PLANE('',#4335);
#4335 = AXIS2_PLACEMENT_3D('',#4336,#4337,#4338);
#4336 = CARTESIAN_POINT('',(71.7,-21.85,-4.));
#4337 = DIRECTION('',(1.,0.,0.));
#4338 = DIRECTION('',(0.,0.,1.));
#4339 = DEFINITIONAL_REPRESENTATION('',(#4340),#4344);
#4340 = LINE('',#4341,#4342);
#4341 = CARTESIAN_POINT('',(0.,0.));
#4342 = VECTOR('',#4343,1.);
#4343 = DIRECTION('',(1.,0.));
#4344 = ( GEOMETRIC_REPRESENTATION_CONTEXT(2) 
PARAMETRIC_REPRESENTATION_CONTEXT() REPRESENTATION_CONTEXT('2D SPACE',''
  ) );
#4345 = ORIENTED_EDGE('',*,*,#4346,.T.);
#4346 = EDGE_CURVE('',#4317,#4268,#4347,.T.);
#4347 = SURFACE_CURVE('',#4348,(#4352,#4358),.PCURVE_S1.);
#4348 = LINE('',#4349,#4350);
#4349 = CARTESIAN_POINT('',(17.894532768661,-21.85,4.4));
#4350 = VECTOR('',#4351,1.);
#4351 = DIRECTION('',(-1.,0.,0.));
#4352 = PCURVE('',#4282,#4353);
#4353 = DEFINITIONAL_REPRESENTATION('',(#4354),#4357);
#4354 = B_SPLINE_CURVE_WITH_KNOTS('',1,(#4355,#4356),.UNSPECIFIED.,.F.,
  .F.,(2,2),(-53.80546723133,18.494532768661),.PIECEWISE_BEZIER_KNOTS.);
#4355 = CARTESIAN_POINT('',(8.4,72.3));
#4356 = CARTESIAN_POINT('',(8.4,0.));
#4357 = ( GEOMETRIC_REPRESENTATION_CONTEXT(2) 
PARAMETRIC_REPRESENTATION_CONTEXT() REPRESENTATION_CONTEXT('2D SPACE',''
  ) );
#4358 = PCURVE('',#152,#4359);
#4359 = DEFINITIONAL_REPRESENTATION('',(#4360),#4364);
#4360 = LINE('',#4361,#4362);
#4361 = CARTESIAN_POINT('',(-18.49453276866,-12.03899684058));
#4362 = VECTOR('',#4363,1.);
#4363 = DIRECTION('',(-1.,0.));
#4364 = ( GEOMETRIC_REPRESENTATION_CONTEXT(2) 
PARAMETRIC_REPRESENTATION_CONTEXT() REPRESENTATION_CONTEXT('2D SPACE',''
  ) );
#4365 = ORIENTED_EDGE('',*,*,#4267,.F.);
#4366 = ORIENTED_EDGE('',*,*,#4367,.T.);
#4367 = EDGE_CURVE('',#4246,#4319,#4368,.T.);
#4368 = SURFACE_CURVE('',#4369,(#4373,#4380),.PCURVE_S1.);
#4369 = LINE('',#4370,#4371);
#4370 = CARTESIAN_POINT('',(-0.6,-21.85,6.6));
#4371 = VECTOR('',#4372,1.);
#4372 = DIRECTION('',(1.,0.,0.));
#4373 = PCURVE('',#4282,#4374);
#4374 = DEFINITIONAL_REPRESENTATION('',(#4375),#4379);
#4375 = LINE('',#4376,#4377);
#4376 = CARTESIAN_POINT('',(10.6,0.));
#4377 = VECTOR('',#4378,1.);
#4378 = DIRECTION('',(0.,1.));
#4379 = ( GEOMETRIC_REPRESENTATION_CONTEXT(2) 
PARAMETRIC_REPRESENTATION_CONTEXT() REPRESENTATION_CONTEXT('2D SPACE',''
  ) );
#4380 = PCURVE('',#2335,#4381);
#4381 = DEFINITIONAL_REPRESENTATION('',(#4382),#4386);
#4382 = LINE('',#4383,#4384);
#4383 = CARTESIAN_POINT('',(0.,0.));
#4384 = VECTOR('',#4385,1.);
#4385 = DIRECTION('',(1.,0.));
#4386 = ( GEOMETRIC_REPRESENTATION_CONTEXT(2) 
PARAMETRIC_REPRESENTATION_CONTEXT() REPRESENTATION_CONTEXT('2D SPACE',''
  ) );
#4387 = ADVANCED_FACE('',(#4388),#4334,.F.);
#4388 = FACE_BOUND('',#4389,.F.);
#4389 = EDGE_LOOP('',(#4390,#4391,#4413,#4439));
#4390 = ORIENTED_EDGE('',*,*,#4316,.F.);
#4391 = ORIENTED_EDGE('',*,*,#4392,.T.);
#4392 = EDGE_CURVE('',#4317,#4393,#4395,.T.);
#4393 = VERTEX_POINT('',#4394);
#4394 = CARTESIAN_POINT('',(71.7,-17.8,4.4));
#4395 = SURFACE_CURVE('',#4396,(#4400,#4406),.PCURVE_S1.);
#4396 = LINE('',#4397,#4398);
#4397 = CARTESIAN_POINT('',(71.7,-15.8305015797,4.4));
#4398 = VECTOR('',#4399,1.);
#4399 = DIRECTION('',(0.,1.,0.));
#4400 = PCURVE('',#4334,#4401);
#4401 = DEFINITIONAL_REPRESENTATION('',(#4402),#4405);
#4402 = B_SPLINE_CURVE_WITH_KNOTS('',1,(#4403,#4404),.UNSPECIFIED.,.F.,
  .F.,(2,2),(-6.019498420295,16.530501579705),.PIECEWISE_BEZIER_KNOTS.);
#4403 = CARTESIAN_POINT('',(8.4,0.));
#4404 = CARTESIAN_POINT('',(8.4,-22.55));
#4405 = ( GEOMETRIC_REPRESENTATION_CONTEXT(2) 
PARAMETRIC_REPRESENTATION_CONTEXT() REPRESENTATION_CONTEXT('2D SPACE',''
  ) );
#4406 = PCURVE('',#152,#4407);
#4407 = DEFINITIONAL_REPRESENTATION('',(#4408),#4412);
#4408 = LINE('',#4409,#4410);
#4409 = CARTESIAN_POINT('',(35.310934462678,-6.019498420295));
#4410 = VECTOR('',#4411,1.);
#4411 = DIRECTION('',(0.,1.));
#4412 = ( GEOMETRIC_REPRESENTATION_CONTEXT(2) 
PARAMETRIC_REPRESENTATION_CONTEXT() REPRESENTATION_CONTEXT('2D SPACE',''
  ) );
#4413 = ORIENTED_EDGE('',*,*,#4414,.T.);
#4414 = EDGE_CURVE('',#4393,#4415,#4417,.T.);
#4415 = VERTEX_POINT('',#4416);
#4416 = CARTESIAN_POINT('',(71.7,-17.8,6.6));
#4417 = SURFACE_CURVE('',#4418,(#4422,#4428),.PCURVE_S1.);
#4418 = LINE('',#4419,#4420);
#4419 = CARTESIAN_POINT('',(71.7,-17.8,-1.475));
#4420 = VECTOR('',#4421,1.);
#4421 = DIRECTION('',(0.,0.,1.));
#4422 = PCURVE('',#4334,#4423);
#4423 = DEFINITIONAL_REPRESENTATION('',(#4424),#4427);
#4424 = B_SPLINE_CURVE_WITH_KNOTS('',1,(#4425,#4426),.UNSPECIFIED.,.F.,
  .F.,(2,2),(5.875,8.075),.PIECEWISE_BEZIER_KNOTS.);
#4425 = CARTESIAN_POINT('',(8.4,-4.05));
#4426 = CARTESIAN_POINT('',(10.6,-4.05));
#4427 = ( GEOMETRIC_REPRESENTATION_CONTEXT(2) 
PARAMETRIC_REPRESENTATION_CONTEXT() REPRESENTATION_CONTEXT('2D SPACE',''
  ) );
#4428 = PCURVE('',#4429,#4434);
#4429 = PLANE('',#4430);
#4430 = AXIS2_PLACEMENT_3D('',#4431,#4432,#4433);
#4431 = CARTESIAN_POINT('',(69.4,-17.8,1.05));
#4432 = DIRECTION('',(0.,1.,0.));
#4433 = DIRECTION('',(0.,0.,1.));
#4434 = DEFINITIONAL_REPRESENTATION('',(#4435),#4438);
#4435 = B_SPLINE_CURVE_WITH_KNOTS('',1,(#4436,#4437),.UNSPECIFIED.,.F.,
  .F.,(2,2),(5.875,8.075),.PIECEWISE_BEZIER_KNOTS.);
#4436 = CARTESIAN_POINT('',(3.35,2.3));
#4437 = CARTESIAN_POINT('',(5.55,2.3));
#4438 = ( GEOMETRIC_REPRESENTATION_CONTEXT(2) 
PARAMETRIC_REPRESENTATION_CONTEXT() REPRESENTATION_CONTEXT('2D SPACE',''
  ) );
#4439 = ORIENTED_EDGE('',*,*,#4440,.F.);
#4440 = EDGE_CURVE('',#4319,#4415,#4441,.T.);
#4441 = SURFACE_CURVE('',#4442,(#4446,#4453),.PCURVE_S1.);
#4442 = LINE('',#4443,#4444);
#4443 = CARTESIAN_POINT('',(71.7,-21.85,6.6));
#4444 = VECTOR('',#4445,1.);
#4445 = DIRECTION('',(0.,1.,0.));
#4446 = PCURVE('',#4334,#4447);
#4447 = DEFINITIONAL_REPRESENTATION('',(#4448),#4452);
#4448 = LINE('',#4449,#4450);
#4449 = CARTESIAN_POINT('',(10.6,0.));
#4450 = VECTOR('',#4451,1.);
#4451 = DIRECTION('',(0.,-1.));
#4452 = ( GEOMETRIC_REPRESENTATION_CONTEXT(2) 
PARAMETRIC_REPRESENTATION_CONTEXT() REPRESENTATION_CONTEXT('2D SPACE',''
  ) );
#4453 = PCURVE('',#2335,#4454);
#4454 = DEFINITIONAL_REPRESENTATION('',(#4455),#4459);
#4455 = LINE('',#4456,#4457);
#4456 = CARTESIAN_POINT('',(72.3,0.));
#4457 = VECTOR('',#4458,1.);
#4458 = DIRECTION('',(0.,1.));
#4459 = ( GEOMETRIC_REPRESENTATION_CONTEXT(2) 
PARAMETRIC_REPRESENTATION_CONTEXT() REPRESENTATION_CONTEXT('2D SPACE',''
  ) );
#4460 = ADVANCED_FACE('',(#4461),#4429,.T.);
#4461 = FACE_BOUND('',#4462,.T.);
#4462 = EDGE_LOOP('',(#4463,#4485,#4513,#4541,#4567,#4587));
#4463 = ORIENTED_EDGE('',*,*,#4464,.T.);
#4464 = EDGE_CURVE('',#4415,#4465,#4467,.T.);
#4465 = VERTEX_POINT('',#4466);
#4466 = CARTESIAN_POINT('',(69.4,-17.8,6.6));
#4467 = SURFACE_CURVE('',#4468,(#4472,#4478),.PCURVE_S1.);
#4468 = LINE('',#4469,#4470);
#4469 = CARTESIAN_POINT('',(34.4,-17.8,6.6));
#4470 = VECTOR('',#4471,1.);
#4471 = DIRECTION('',(-1.,0.,0.));
#4472 = PCURVE('',#4429,#4473);
#4473 = DEFINITIONAL_REPRESENTATION('',(#4474),#4477);
#4474 = B_SPLINE_CURVE_WITH_KNOTS('',1,(#4475,#4476),.UNSPECIFIED.,.F.,
  .F.,(2,2),(-37.3,-35.),.PIECEWISE_BEZIER_KNOTS.);
#4475 = CARTESIAN_POINT('',(5.55,2.3));
#4476 = CARTESIAN_POINT('',(5.55,0.));
#4477 = ( GEOMETRIC_REPRESENTATION_CONTEXT(2) 
PARAMETRIC_REPRESENTATION_CONTEXT() REPRESENTATION_CONTEXT('2D SPACE',''
  ) );
#4478 = PCURVE('',#2335,#4479);
#4479 = DEFINITIONAL_REPRESENTATION('',(#4480),#4484);
#4480 = LINE('',#4481,#4482);
#4481 = CARTESIAN_POINT('',(35.,4.05));
#4482 = VECTOR('',#4483,1.);
#4483 = DIRECTION('',(-1.,0.));
#4484 = ( GEOMETRIC_REPRESENTATION_CONTEXT(2) 
PARAMETRIC_REPRESENTATION_CONTEXT() REPRESENTATION_CONTEXT('2D SPACE',''
  ) );
#4485 = ORIENTED_EDGE('',*,*,#4486,.T.);
#4486 = EDGE_CURVE('',#4465,#4487,#4489,.T.);
#4487 = VERTEX_POINT('',#4488);
#4488 = CARTESIAN_POINT('',(69.4,-17.8,6.75));
#4489 = SURFACE_CURVE('',#4490,(#4494,#4501),.PCURVE_S1.);
#4490 = LINE('',#4491,#4492);
#4491 = CARTESIAN_POINT('',(69.4,-17.8,1.05));
#4492 = VECTOR('',#4493,1.);
#4493 = DIRECTION('',(0.,0.,1.));
#4494 = PCURVE('',#4429,#4495);
#4495 = DEFINITIONAL_REPRESENTATION('',(#4496),#4500);
#4496 = LINE('',#4497,#4498);
#4497 = CARTESIAN_POINT('',(0.,0.));
#4498 = VECTOR('',#4499,1.);
#4499 = DIRECTION('',(1.,0.));
#4500 = ( GEOMETRIC_REPRESENTATION_CONTEXT(2) 
PARAMETRIC_REPRESENTATION_CONTEXT() REPRESENTATION_CONTEXT('2D SPACE',''
  ) );
#4501 = PCURVE('',#4502,#4507);
#4502 = PLANE('',#4503);
#4503 = AXIS2_PLACEMENT_3D('',#4504,#4505,#4506);
#4504 = CARTESIAN_POINT('',(69.4,-17.8,1.05));
#4505 = DIRECTION('',(1.,0.,0.));
#4506 = DIRECTION('',(0.,0.,1.));
#4507 = DEFINITIONAL_REPRESENTATION('',(#4508),#4512);
#4508 = LINE('',#4509,#4510);
#4509 = CARTESIAN_POINT('',(0.,0.));
#4510 = VECTOR('',#4511,1.);
#4511 = DIRECTION('',(1.,0.));
#4512 = ( GEOMETRIC_REPRESENTATION_CONTEXT(2) 
PARAMETRIC_REPRESENTATION_CONTEXT() REPRESENTATION_CONTEXT('2D SPACE',''
  ) );
#4513 = ORIENTED_EDGE('',*,*,#4514,.T.);
#4514 = EDGE_CURVE('',#4487,#4515,#4517,.T.);
#4515 = VERTEX_POINT('',#4516);
#4516 = CARTESIAN_POINT('',(73.6,-17.8,6.75));
#4517 = SURFACE_CURVE('',#4518,(#4522,#4529),.PCURVE_S1.);
#4518 = LINE('',#4519,#4520);
#4519 = CARTESIAN_POINT('',(69.4,-17.8,6.75));
#4520 = VECTOR('',#4521,1.);
#4521 = DIRECTION('',(1.,0.,0.));
#4522 = PCURVE('',#4429,#4523);
#4523 = DEFINITIONAL_REPRESENTATION('',(#4524),#4528);
#4524 = LINE('',#4525,#4526);
#4525 = CARTESIAN_POINT('',(5.7,0.));
#4526 = VECTOR('',#4527,1.);
#4527 = DIRECTION('',(0.,1.));
#4528 = ( GEOMETRIC_REPRESENTATION_CONTEXT(2) 
PARAMETRIC_REPRESENTATION_CONTEXT() REPRESENTATION_CONTEXT('2D SPACE',''
  ) );
#4529 = PCURVE('',#4530,#4535);
#4530 = PLANE('',#4531);
#4531 = AXIS2_PLACEMENT_3D('',#4532,#4533,#4534);
#4532 = CARTESIAN_POINT('',(69.4,-17.8,6.75));
#4533 = DIRECTION('',(0.,0.,1.));
#4534 = DIRECTION('',(1.,0.,0.));
#4535 = DEFINITIONAL_REPRESENTATION('',(#4536),#4540);
#4536 = LINE('',#4537,#4538);
#4537 = CARTESIAN_POINT('',(0.,0.));
#4538 = VECTOR('',#4539,1.);
#4539 = DIRECTION('',(1.,0.));
#4540 = ( GEOMETRIC_REPRESENTATION_CONTEXT(2) 
PARAMETRIC_REPRESENTATION_CONTEXT() REPRESENTATION_CONTEXT('2D SPACE',''
  ) );
#4541 = ORIENTED_EDGE('',*,*,#4542,.T.);
#4542 = EDGE_CURVE('',#4515,#4543,#4545,.T.);
#4543 = VERTEX_POINT('',#4544);
#4544 = CARTESIAN_POINT('',(73.6,-17.8,4.4));
#4545 = SURFACE_CURVE('',#4546,(#4550,#4556),.PCURVE_S1.);
#4546 = LINE('',#4547,#4548);
#4547 = CARTESIAN_POINT('',(73.6,-17.8,2.725));
#4548 = VECTOR('',#4549,1.);
#4549 = DIRECTION('',(0.,0.,-1.));
#4550 = PCURVE('',#4429,#4551);
#4551 = DEFINITIONAL_REPRESENTATION('',(#4552),#4555);
#4552 = B_SPLINE_CURVE_WITH_KNOTS('',1,(#4553,#4554),.UNSPECIFIED.,.F.,
  .F.,(2,2),(-4.025,-1.675),.PIECEWISE_BEZIER_KNOTS.);
#4553 = CARTESIAN_POINT('',(5.7,4.2));
#4554 = CARTESIAN_POINT('',(3.35,4.2));
#4555 = ( GEOMETRIC_REPRESENTATION_CONTEXT(2) 
PARAMETRIC_REPRESENTATION_CONTEXT() REPRESENTATION_CONTEXT('2D SPACE',''
  ) );
#4556 = PCURVE('',#4557,#4562);
#4557 = PLANE('',#4558);
#4558 = AXIS2_PLACEMENT_3D('',#4559,#4560,#4561);
#4559 = CARTESIAN_POINT('',(73.6,-23.7,4.4));
#4560 = DIRECTION('',(-1.,0.,0.));
#4561 = DIRECTION('',(0.,1.,0.));
#4562 = DEFINITIONAL_REPRESENTATION('',(#4563),#4566);
#4563 = B_SPLINE_CURVE_WITH_KNOTS('',1,(#4564,#4565),.UNSPECIFIED.,.F.,
  .F.,(2,2),(-4.025,-1.675),.PIECEWISE_BEZIER_KNOTS.);
#4564 = CARTESIAN_POINT('',(5.9,-2.35));
#4565 = CARTESIAN_POINT('',(5.9,0.));
#4566 = ( GEOMETRIC_REPRESENTATION_CONTEXT(2) 
PARAMETRIC_REPRESENTATION_CONTEXT() REPRESENTATION_CONTEXT('2D SPACE',''
  ) );
#4567 = ORIENTED_EDGE('',*,*,#4568,.T.);
#4568 = EDGE_CURVE('',#4543,#4393,#4569,.T.);
#4569 = SURFACE_CURVE('',#4570,(#4574,#4580),.PCURVE_S1.);
#4570 = LINE('',#4571,#4572);
#4571 = CARTESIAN_POINT('',(52.894532768661,-17.8,4.4));
#4572 = VECTOR('',#4573,1.);
#4573 = DIRECTION('',(-1.,0.,0.));
#4574 = PCURVE('',#4429,#4575);
#4575 = DEFINITIONAL_REPRESENTATION('',(#4576),#4579);
#4576 = B_SPLINE_CURVE_WITH_KNOTS('',1,(#4577,#4578),.UNSPECIFIED.,.F.,
  .F.,(2,2),(-20.70546723133,-16.50546723133),.PIECEWISE_BEZIER_KNOTS.);
#4577 = CARTESIAN_POINT('',(3.35,4.2));
#4578 = CARTESIAN_POINT('',(3.35,0.));
#4579 = ( GEOMETRIC_REPRESENTATION_CONTEXT(2) 
PARAMETRIC_REPRESENTATION_CONTEXT() REPRESENTATION_CONTEXT('2D SPACE',''
  ) );
#4580 = PCURVE('',#152,#4581);
#4581 = DEFINITIONAL_REPRESENTATION('',(#4582),#4586);
#4582 = LINE('',#4583,#4584);
#4583 = CARTESIAN_POINT('',(16.505467231339,-7.988996840589));
#4584 = VECTOR('',#4585,1.);
#4585 = DIRECTION('',(-1.,0.));
#4586 = ( GEOMETRIC_REPRESENTATION_CONTEXT(2) 
PARAMETRIC_REPRESENTATION_CONTEXT() REPRESENTATION_CONTEXT('2D SPACE',''
  ) );
#4587 = ORIENTED_EDGE('',*,*,#4414,.T.);
#4588 = ADVANCED_FACE('',(#4589),#4502,.T.);
#4589 = FACE_BOUND('',#4590,.T.);
#4590 = EDGE_LOOP('',(#4591,#4592,#4614,#4642));
#4591 = ORIENTED_EDGE('',*,*,#4486,.F.);
#4592 = ORIENTED_EDGE('',*,*,#4593,.T.);
#4593 = EDGE_CURVE('',#4465,#4594,#4596,.T.);
#4594 = VERTEX_POINT('',#4595);
#4595 = CARTESIAN_POINT('',(69.4,-4.3,6.6));
#4596 = SURFACE_CURVE('',#4597,(#4601,#4607),.PCURVE_S1.);
#4597 = LINE('',#4598,#4599);
#4598 = CARTESIAN_POINT('',(69.4,-19.825,6.6));
#4599 = VECTOR('',#4600,1.);
#4600 = DIRECTION('',(0.,1.,0.));
#4601 = PCURVE('',#4502,#4602);
#4602 = DEFINITIONAL_REPRESENTATION('',(#4603),#4606);
#4603 = B_SPLINE_CURVE_WITH_KNOTS('',1,(#4604,#4605),.UNSPECIFIED.,.F.,
  .F.,(2,2),(2.025,15.525),.PIECEWISE_BEZIER_KNOTS.);
#4604 = CARTESIAN_POINT('',(5.55,0.));
#4605 = CARTESIAN_POINT('',(5.55,-13.5));
#4606 = ( GEOMETRIC_REPRESENTATION_CONTEXT(2) 
PARAMETRIC_REPRESENTATION_CONTEXT() REPRESENTATION_CONTEXT('2D SPACE',''
  ) );
#4607 = PCURVE('',#2335,#4608);
#4608 = DEFINITIONAL_REPRESENTATION('',(#4609),#4613);
#4609 = LINE('',#4610,#4611);
#4610 = CARTESIAN_POINT('',(70.,2.025));
#4611 = VECTOR('',#4612,1.);
#4612 = DIRECTION('',(0.,1.));
#4613 = ( GEOMETRIC_REPRESENTATION_CONTEXT(2) 
PARAMETRIC_REPRESENTATION_CONTEXT() REPRESENTATION_CONTEXT('2D SPACE',''
  ) );
#4614 = ORIENTED_EDGE('',*,*,#4615,.T.);
#4615 = EDGE_CURVE('',#4594,#4616,#4618,.T.);
#4616 = VERTEX_POINT('',#4617);
#4617 = CARTESIAN_POINT('',(69.4,-4.3,6.75));
#4618 = SURFACE_CURVE('',#4619,(#4623,#4630),.PCURVE_S1.);
#4619 = LINE('',#4620,#4621);
#4620 = CARTESIAN_POINT('',(69.4,-4.3,1.05));
#4621 = VECTOR('',#4622,1.);
#4622 = DIRECTION('',(0.,0.,1.));
#4623 = PCURVE('',#4502,#4624);
#4624 = DEFINITIONAL_REPRESENTATION('',(#4625),#4629);
#4625 = LINE('',#4626,#4627);
#4626 = CARTESIAN_POINT('',(0.,-13.5));
#4627 = VECTOR('',#4628,1.);
#4628 = DIRECTION('',(1.,0.));
#4629 = ( GEOMETRIC_REPRESENTATION_CONTEXT(2) 
PARAMETRIC_REPRESENTATION_CONTEXT() REPRESENTATION_CONTEXT('2D SPACE',''
  ) );
#4630 = PCURVE('',#4631,#4636);
#4631 = PLANE('',#4632);
#4632 = AXIS2_PLACEMENT_3D('',#4633,#4634,#4635);
#4633 = CARTESIAN_POINT('',(69.4,-4.3,1.05));
#4634 = DIRECTION('',(0.,1.,0.));
#4635 = DIRECTION('',(0.,0.,1.));
#4636 = DEFINITIONAL_REPRESENTATION('',(#4637),#4641);
#4637 = LINE('',#4638,#4639);
#4638 = CARTESIAN_POINT('',(0.,0.));
#4639 = VECTOR('',#4640,1.);
#4640 = DIRECTION('',(1.,0.));
#4641 = ( GEOMETRIC_REPRESENTATION_CONTEXT(2) 
PARAMETRIC_REPRESENTATION_CONTEXT() REPRESENTATION_CONTEXT('2D SPACE',''
  ) );
#4642 = ORIENTED_EDGE('',*,*,#4643,.F.);
#4643 = EDGE_CURVE('',#4487,#4616,#4644,.T.);
#4644 = SURFACE_CURVE('',#4645,(#4649,#4656),.PCURVE_S1.);
#4645 = LINE('',#4646,#4647);
#4646 = CARTESIAN_POINT('',(69.4,-17.8,6.75));
#4647 = VECTOR('',#4648,1.);
#4648 = DIRECTION('',(0.,1.,0.));
#4649 = PCURVE('',#4502,#4650);
#4650 = DEFINITIONAL_REPRESENTATION('',(#4651),#4655);
#4651 = LINE('',#4652,#4653);
#4652 = CARTESIAN_POINT('',(5.7,0.));
#4653 = VECTOR('',#4654,1.);
#4654 = DIRECTION('',(0.,-1.));
#4655 = ( GEOMETRIC_REPRESENTATION_CONTEXT(2) 
PARAMETRIC_REPRESENTATION_CONTEXT() REPRESENTATION_CONTEXT('2D SPACE',''
  ) );
#4656 = PCURVE('',#4530,#4657);
#4657 = DEFINITIONAL_REPRESENTATION('',(#4658),#4662);
#4658 = LINE('',#4659,#4660);
#4659 = CARTESIAN_POINT('',(0.,0.));
#4660 = VECTOR('',#4661,1.);
#4661 = DIRECTION('',(0.,1.));
#4662 = ( GEOMETRIC_REPRESENTATION_CONTEXT(2) 
PARAMETRIC_REPRESENTATION_CONTEXT() REPRESENTATION_CONTEXT('2D SPACE',''
  ) );
#4663 = ADVANCED_FACE('',(#4664),#4631,.F.);
#4664 = FACE_BOUND('',#4665,.F.);
#4665 = EDGE_LOOP('',(#4666,#4688,#4689,#4712,#4733,#4759));
#4666 = ORIENTED_EDGE('',*,*,#4667,.T.);
#4667 = EDGE_CURVE('',#4668,#4594,#4670,.T.);
#4668 = VERTEX_POINT('',#4669);
#4669 = CARTESIAN_POINT('',(71.7,-4.3,6.6));
#4670 = SURFACE_CURVE('',#4671,(#4675,#4681),.PCURVE_S1.);
#4671 = LINE('',#4672,#4673);
#4672 = CARTESIAN_POINT('',(34.4,-4.3,6.6));
#4673 = VECTOR('',#4674,1.);
#4674 = DIRECTION('',(-1.,0.,0.));
#4675 = PCURVE('',#4631,#4676);
#4676 = DEFINITIONAL_REPRESENTATION('',(#4677),#4680);
#4677 = B_SPLINE_CURVE_WITH_KNOTS('',1,(#4678,#4679),.UNSPECIFIED.,.F.,
  .F.,(2,2),(-37.3,-35.),.PIECEWISE_BEZIER_KNOTS.);
#4678 = CARTESIAN_POINT('',(5.55,2.3));
#4679 = CARTESIAN_POINT('',(5.55,0.));
#4680 = ( GEOMETRIC_REPRESENTATION_CONTEXT(2) 
PARAMETRIC_REPRESENTATION_CONTEXT() REPRESENTATION_CONTEXT('2D SPACE',''
  ) );
#4681 = PCURVE('',#2335,#4682);
#4682 = DEFINITIONAL_REPRESENTATION('',(#4683),#4687);
#4683 = LINE('',#4684,#4685);
#4684 = CARTESIAN_POINT('',(35.,17.55));
#4685 = VECTOR('',#4686,1.);
#4686 = DIRECTION('',(-1.,0.));
#4687 = ( GEOMETRIC_REPRESENTATION_CONTEXT(2) 
PARAMETRIC_REPRESENTATION_CONTEXT() REPRESENTATION_CONTEXT('2D SPACE',''
  ) );
#4688 = ORIENTED_EDGE('',*,*,#4615,.T.);
#4689 = ORIENTED_EDGE('',*,*,#4690,.T.);
#4690 = EDGE_CURVE('',#4616,#4691,#4693,.T.);
#4691 = VERTEX_POINT('',#4692);
#4692 = CARTESIAN_POINT('',(73.6,-4.3,6.75));
#4693 = SURFACE_CURVE('',#4694,(#4698,#4705),.PCURVE_S1.);
#4694 = LINE('',#4695,#4696);
#4695 = CARTESIAN_POINT('',(69.4,-4.3,6.75));
#4696 = VECTOR('',#4697,1.);
#4697 = DIRECTION('',(1.,0.,0.));
#4698 = PCURVE('',#4631,#4699);
#4699 = DEFINITIONAL_REPRESENTATION('',(#4700),#4704);
#4700 = LINE('',#4701,#4702);
#4701 = CARTESIAN_POINT('',(5.7,0.));
#4702 = VECTOR('',#4703,1.);
#4703 = DIRECTION('',(0.,1.));
#4704 = ( GEOMETRIC_REPRESENTATION_CONTEXT(2) 
PARAMETRIC_REPRESENTATION_CONTEXT() REPRESENTATION_CONTEXT('2D SPACE',''
  ) );
#4705 = PCURVE('',#4530,#4706);
#4706 = DEFINITIONAL_REPRESENTATION('',(#4707),#4711);
#4707 = LINE('',#4708,#4709);
#4708 = CARTESIAN_POINT('',(0.,13.5));
#4709 = VECTOR('',#4710,1.);
#4710 = DIRECTION('',(1.,0.));
#4711 = ( GEOMETRIC_REPRESENTATION_CONTEXT(2) 
PARAMETRIC_REPRESENTATION_CONTEXT() REPRESENTATION_CONTEXT('2D SPACE',''
  ) );
#4712 = ORIENTED_EDGE('',*,*,#4713,.T.);
#4713 = EDGE_CURVE('',#4691,#4714,#4716,.T.);
#4714 = VERTEX_POINT('',#4715);
#4715 = CARTESIAN_POINT('',(73.6,-4.3,4.4));
#4716 = SURFACE_CURVE('',#4717,(#4721,#4727),.PCURVE_S1.);
#4717 = LINE('',#4718,#4719);
#4718 = CARTESIAN_POINT('',(73.6,-4.3,2.725));
#4719 = VECTOR('',#4720,1.);
#4720 = DIRECTION('',(0.,0.,-1.));
#4721 = PCURVE('',#4631,#4722);
#4722 = DEFINITIONAL_REPRESENTATION('',(#4723),#4726);
#4723 = B_SPLINE_CURVE_WITH_KNOTS('',1,(#4724,#4725),.UNSPECIFIED.,.F.,
  .F.,(2,2),(-4.025,-1.675),.PIECEWISE_BEZIER_KNOTS.);
#4724 = CARTESIAN_POINT('',(5.7,4.2));
#4725 = CARTESIAN_POINT('',(3.35,4.2));
#4726 = ( GEOMETRIC_REPRESENTATION_CONTEXT(2) 
PARAMETRIC_REPRESENTATION_CONTEXT() REPRESENTATION_CONTEXT('2D SPACE',''
  ) );
#4727 = PCURVE('',#4557,#4728);
#4728 = DEFINITIONAL_REPRESENTATION('',(#4729),#4732);
#4729 = B_SPLINE_CURVE_WITH_KNOTS('',1,(#4730,#4731),.UNSPECIFIED.,.F.,
  .F.,(2,2),(-4.025,-1.675),.PIECEWISE_BEZIER_KNOTS.);
#4730 = CARTESIAN_POINT('',(19.4,-2.35));
#4731 = CARTESIAN_POINT('',(19.4,0.));
#4732 = ( GEOMETRIC_REPRESENTATION_CONTEXT(2) 
PARAMETRIC_REPRESENTATION_CONTEXT() REPRESENTATION_CONTEXT('2D SPACE',''
  ) );
#4733 = ORIENTED_EDGE('',*,*,#4734,.T.);
#4734 = EDGE_CURVE('',#4714,#4735,#4737,.T.);
#4735 = VERTEX_POINT('',#4736);
#4736 = CARTESIAN_POINT('',(71.7,-4.3,4.4));
#4737 = SURFACE_CURVE('',#4738,(#4742,#4748),.PCURVE_S1.);
#4738 = LINE('',#4739,#4740);
#4739 = CARTESIAN_POINT('',(52.894532768661,-4.3,4.4));
#4740 = VECTOR('',#4741,1.);
#4741 = DIRECTION('',(-1.,0.,0.));
#4742 = PCURVE('',#4631,#4743);
#4743 = DEFINITIONAL_REPRESENTATION('',(#4744),#4747);
#4744 = B_SPLINE_CURVE_WITH_KNOTS('',1,(#4745,#4746),.UNSPECIFIED.,.F.,
  .F.,(2,2),(-20.70546723133,-16.50546723133),.PIECEWISE_BEZIER_KNOTS.);
#4745 = CARTESIAN_POINT('',(3.35,4.2));
#4746 = CARTESIAN_POINT('',(3.35,0.));
#4747 = ( GEOMETRIC_REPRESENTATION_CONTEXT(2) 
PARAMETRIC_REPRESENTATION_CONTEXT() REPRESENTATION_CONTEXT('2D SPACE',''
  ) );
#4748 = PCURVE('',#4749,#4754);
#4749 = PLANE('',#4750);
#4750 = AXIS2_PLACEMENT_3D('',#4751,#4752,#4753);
#4751 = CARTESIAN_POINT('',(36.389065537322,-9.811003159411,4.4));
#4752 = DIRECTION('',(0.,0.,1.));
#4753 = DIRECTION('',(1.,0.,-0.));
#4754 = DEFINITIONAL_REPRESENTATION('',(#4755),#4758);
#4755 = B_SPLINE_CURVE_WITH_KNOTS('',1,(#4756,#4757),.UNSPECIFIED.,.F.,
  .F.,(2,2),(-20.70546723133,-16.50546723133),.PIECEWISE_BEZIER_KNOTS.);
#4756 = CARTESIAN_POINT('',(37.210934462678,5.511003159411));
#4757 = CARTESIAN_POINT('',(33.010934462678,5.511003159411));
#4758 = ( GEOMETRIC_REPRESENTATION_CONTEXT(2) 
PARAMETRIC_REPRESENTATION_CONTEXT() REPRESENTATION_CONTEXT('2D SPACE',''
  ) );
#4759 = ORIENTED_EDGE('',*,*,#4760,.T.);
#4760 = EDGE_CURVE('',#4735,#4668,#4761,.T.);
#4761 = SURFACE_CURVE('',#4762,(#4766,#4772),.PCURVE_S1.);
#4762 = LINE('',#4763,#4764);
#4763 = CARTESIAN_POINT('',(71.7,-4.3,-1.475));
#4764 = VECTOR('',#4765,1.);
#4765 = DIRECTION('',(0.,0.,1.));
#4766 = PCURVE('',#4631,#4767);
#4767 = DEFINITIONAL_REPRESENTATION('',(#4768),#4771);
#4768 = B_SPLINE_CURVE_WITH_KNOTS('',1,(#4769,#4770),.UNSPECIFIED.,.F.,
  .F.,(2,2),(5.875,8.075),.PIECEWISE_BEZIER_KNOTS.);
#4769 = CARTESIAN_POINT('',(3.35,2.3));
#4770 = CARTESIAN_POINT('',(5.55,2.3));
#4771 = ( GEOMETRIC_REPRESENTATION_CONTEXT(2) 
PARAMETRIC_REPRESENTATION_CONTEXT() REPRESENTATION_CONTEXT('2D SPACE',''
  ) );
#4772 = PCURVE('',#4773,#4778);
#4773 = PLANE('',#4774);
#4774 = AXIS2_PLACEMENT_3D('',#4775,#4776,#4777);
#4775 = CARTESIAN_POINT('',(71.7,-21.85,-4.));
#4776 = DIRECTION('',(1.,0.,0.));
#4777 = DIRECTION('',(0.,0.,1.));
#4778 = DEFINITIONAL_REPRESENTATION('',(#4779),#4782);
#4779 = B_SPLINE_CURVE_WITH_KNOTS('',1,(#4780,#4781),.UNSPECIFIED.,.F.,
  .F.,(2,2),(5.875,8.075),.PIECEWISE_BEZIER_KNOTS.);
#4780 = CARTESIAN_POINT('',(8.4,-17.55));
#4781 = CARTESIAN_POINT('',(10.6,-17.55));
#4782 = ( GEOMETRIC_REPRESENTATION_CONTEXT(2) 
PARAMETRIC_REPRESENTATION_CONTEXT() REPRESENTATION_CONTEXT('2D SPACE',''
  ) );
#4783 = ADVANCED_FACE('',(#4784,#5462),#4749,.F.);
#4784 = FACE_BOUND('',#4785,.F.);
#4785 = EDGE_LOOP('',(#4786,#4787,#4810,#4839,#4867,#4896,#4924,#4957,
    #4985,#5006,#5032,#5058,#5084,#5110,#5136,#5162,#5188,#5214,#5235,
    #5261,#5287,#5313,#5339,#5365,#5391,#5417,#5443));
#4786 = ORIENTED_EDGE('',*,*,#4734,.F.);
#4787 = ORIENTED_EDGE('',*,*,#4788,.T.);
#4788 = EDGE_CURVE('',#4714,#4789,#4791,.T.);
#4789 = VERTEX_POINT('',#4790);
#4790 = CARTESIAN_POINT('',(73.6,4.9,4.4));
#4791 = SURFACE_CURVE('',#4792,(#4796,#4803),.PCURVE_S1.);
#4792 = LINE('',#4793,#4794);
#4793 = CARTESIAN_POINT('',(73.6,-23.7,4.4));
#4794 = VECTOR('',#4795,1.);
#4795 = DIRECTION('',(0.,1.,0.));
#4796 = PCURVE('',#4749,#4797);
#4797 = DEFINITIONAL_REPRESENTATION('',(#4798),#4802);
#4798 = LINE('',#4799,#4800);
#4799 = CARTESIAN_POINT('',(37.210934462678,-13.88899684058));
#4800 = VECTOR('',#4801,1.);
#4801 = DIRECTION('',(0.,1.));
#4802 = ( GEOMETRIC_REPRESENTATION_CONTEXT(2) 
PARAMETRIC_REPRESENTATION_CONTEXT() REPRESENTATION_CONTEXT('2D SPACE',''
  ) );
#4803 = PCURVE('',#4557,#4804);
#4804 = DEFINITIONAL_REPRESENTATION('',(#4805),#4809);
#4805 = LINE('',#4806,#4807);
#4806 = CARTESIAN_POINT('',(0.,0.));
#4807 = VECTOR('',#4808,1.);
#4808 = DIRECTION('',(1.,0.));
#4809 = ( GEOMETRIC_REPRESENTATION_CONTEXT(2) 
PARAMETRIC_REPRESENTATION_CONTEXT() REPRESENTATION_CONTEXT('2D SPACE',''
  ) );
#4810 = ORIENTED_EDGE('',*,*,#4811,.T.);
#4811 = EDGE_CURVE('',#4789,#4812,#4814,.T.);
#4812 = VERTEX_POINT('',#4813);
#4813 = CARTESIAN_POINT('',(71.6,6.9,4.4));
#4814 = SURFACE_CURVE('',#4815,(#4820,#4827),.PCURVE_S1.);
#4815 = CIRCLE('',#4816,2.);
#4816 = AXIS2_PLACEMENT_3D('',#4817,#4818,#4819);
#4817 = CARTESIAN_POINT('',(71.6,4.9,4.4));
#4818 = DIRECTION('',(0.,0.,1.));
#4819 = DIRECTION('',(0.,-1.,0.));
#4820 = PCURVE('',#4749,#4821);
#4821 = DEFINITIONAL_REPRESENTATION('',(#4822),#4826);
#4822 = CIRCLE('',#4823,2.);
#4823 = AXIS2_PLACEMENT_2D('',#4824,#4825);
#4824 = CARTESIAN_POINT('',(35.210934462678,14.711003159411));
#4825 = DIRECTION('',(0.,-1.));
#4826 = ( GEOMETRIC_REPRESENTATION_CONTEXT(2) 
PARAMETRIC_REPRESENTATION_CONTEXT() REPRESENTATION_CONTEXT('2D SPACE',''
  ) );
#4827 = PCURVE('',#4828,#4833);
#4828 = CYLINDRICAL_SURFACE('',#4829,2.);
#4829 = AXIS2_PLACEMENT_3D('',#4830,#4831,#4832);
#4830 = CARTESIAN_POINT('',(71.6,4.9,4.4));
#4831 = DIRECTION('',(0.,0.,1.));
#4832 = DIRECTION('',(1.,0.,-0.));
#4833 = DEFINITIONAL_REPRESENTATION('',(#4834),#4838);
#4834 = LINE('',#4835,#4836);
#4835 = CARTESIAN_POINT('',(-1.570796326795,0.));
#4836 = VECTOR('',#4837,1.);
#4837 = DIRECTION('',(1.,0.));
#4838 = ( GEOMETRIC_REPRESENTATION_CONTEXT(2) 
PARAMETRIC_REPRESENTATION_CONTEXT() REPRESENTATION_CONTEXT('2D SPACE',''
  ) );
#4839 = ORIENTED_EDGE('',*,*,#4840,.T.);
#4840 = EDGE_CURVE('',#4812,#4841,#4843,.T.);
#4841 = VERTEX_POINT('',#4842);
#4842 = CARTESIAN_POINT('',(63.217400535397,6.9,4.4));
#4843 = SURFACE_CURVE('',#4844,(#4848,#4855),.PCURVE_S1.);
#4844 = LINE('',#4845,#4846);
#4845 = CARTESIAN_POINT('',(73.6,6.9,4.4));
#4846 = VECTOR('',#4847,1.);
#4847 = DIRECTION('',(-1.,0.,0.));
#4848 = PCURVE('',#4749,#4849);
#4849 = DEFINITIONAL_REPRESENTATION('',(#4850),#4854);
#4850 = LINE('',#4851,#4852);
#4851 = CARTESIAN_POINT('',(37.210934462678,16.711003159411));
#4852 = VECTOR('',#4853,1.);
#4853 = DIRECTION('',(-1.,0.));
#4854 = ( GEOMETRIC_REPRESENTATION_CONTEXT(2) 
PARAMETRIC_REPRESENTATION_CONTEXT() REPRESENTATION_CONTEXT('2D SPACE',''
  ) );
#4855 = PCURVE('',#4856,#4861);
#4856 = PLANE('',#4857);
#4857 = AXIS2_PLACEMENT_3D('',#4858,#4859,#4860);
#4858 = CARTESIAN_POINT('',(73.6,6.9,4.4));
#4859 = DIRECTION('',(0.,-1.,0.));
#4860 = DIRECTION('',(-1.,0.,0.));
#4861 = DEFINITIONAL_REPRESENTATION('',(#4862),#4866);
#4862 = LINE('',#4863,#4864);
#4863 = CARTESIAN_POINT('',(0.,-0.));
#4864 = VECTOR('',#4865,1.);
#4865 = DIRECTION('',(1.,0.));
#4866 = ( GEOMETRIC_REPRESENTATION_CONTEXT(2) 
PARAMETRIC_REPRESENTATION_CONTEXT() REPRESENTATION_CONTEXT('2D SPACE',''
  ) );
#4867 = ORIENTED_EDGE('',*,*,#4868,.T.);
#4868 = EDGE_CURVE('',#4841,#4869,#4871,.T.);
#4869 = VERTEX_POINT('',#4870);
#4870 = CARTESIAN_POINT('',(62.787676970046,6.85328893341,4.4));
#4871 = SURFACE_CURVE('',#4872,(#4877,#4884),.PCURVE_S1.);
#4872 = CIRCLE('',#4873,2.);
#4873 = AXIS2_PLACEMENT_3D('',#4874,#4875,#4876);
#4874 = CARTESIAN_POINT('',(63.217400535397,4.9,4.4));
#4875 = DIRECTION('',(0.,0.,1.));
#4876 = DIRECTION('',(0.,-1.,0.));
#4877 = PCURVE('',#4749,#4878);
#4878 = DEFINITIONAL_REPRESENTATION('',(#4879),#4883);
#4879 = CIRCLE('',#4880,2.);
#4880 = AXIS2_PLACEMENT_2D('',#4881,#4882);
#4881 = CARTESIAN_POINT('',(26.828334998074,14.711003159411));
#4882 = DIRECTION('',(0.,-1.));
#4883 = ( GEOMETRIC_REPRESENTATION_CONTEXT(2) 
PARAMETRIC_REPRESENTATION_CONTEXT() REPRESENTATION_CONTEXT('2D SPACE',''
  ) );
#4884 = PCURVE('',#4885,#4890);
#4885 = CYLINDRICAL_SURFACE('',#4886,2.);
#4886 = AXIS2_PLACEMENT_3D('',#4887,#4888,#4889);
#4887 = CARTESIAN_POINT('',(63.217400535397,4.9,4.4));
#4888 = DIRECTION('',(0.,0.,1.));
#4889 = DIRECTION('',(-0.,1.,0.));
#4890 = DEFINITIONAL_REPRESENTATION('',(#4891),#4895);
#4891 = LINE('',#4892,#4893);
#4892 = CARTESIAN_POINT('',(-3.14159265359,0.));
#4893 = VECTOR('',#4894,1.);
#4894 = DIRECTION('',(1.,0.));
#4895 = ( GEOMETRIC_REPRESENTATION_CONTEXT(2) 
PARAMETRIC_REPRESENTATION_CONTEXT() REPRESENTATION_CONTEXT('2D SPACE',''
  ) );
#4896 = ORIENTED_EDGE('',*,*,#4897,.T.);
#4897 = EDGE_CURVE('',#4869,#4898,#4900,.T.);
#4898 = VERTEX_POINT('',#4899);
#4899 = CARTESIAN_POINT('',(43.212323029954,2.54671106659,4.4));
#4900 = SURFACE_CURVE('',#4901,(#4905,#4912),.PCURVE_S1.);
#4901 = LINE('',#4902,#4903);
#4902 = CARTESIAN_POINT('',(63.,6.9,4.4));
#4903 = VECTOR('',#4904,1.);
#4904 = DIRECTION('',(-0.976644466705,-0.214861782675,0.));
#4905 = PCURVE('',#4749,#4906);
#4906 = DEFINITIONAL_REPRESENTATION('',(#4907),#4911);
#4907 = LINE('',#4908,#4909);
#4908 = CARTESIAN_POINT('',(26.610934462678,16.711003159411));
#4909 = VECTOR('',#4910,1.);
#4910 = DIRECTION('',(-0.976644466705,-0.214861782675));
#4911 = ( GEOMETRIC_REPRESENTATION_CONTEXT(2) 
PARAMETRIC_REPRESENTATION_CONTEXT() REPRESENTATION_CONTEXT('2D SPACE',''
  ) );
#4912 = PCURVE('',#4913,#4918);
#4913 = PLANE('',#4914);
#4914 = AXIS2_PLACEMENT_3D('',#4915,#4916,#4917);
#4915 = CARTESIAN_POINT('',(63.,6.9,4.4));
#4916 = DIRECTION('',(0.214861782675,-0.976644466705,0.));
#4917 = DIRECTION('',(-0.976644466705,-0.214861782675,0.));
#4918 = DEFINITIONAL_REPRESENTATION('',(#4919),#4923);
#4919 = LINE('',#4920,#4921);
#4920 = CARTESIAN_POINT('',(0.,0.));
#4921 = VECTOR('',#4922,1.);
#4922 = DIRECTION('',(1.,0.));
#4923 = ( GEOMETRIC_REPRESENTATION_CONTEXT(2) 
PARAMETRIC_REPRESENTATION_CONTEXT() REPRESENTATION_CONTEXT('2D SPACE',''
  ) );
#4924 = ORIENTED_EDGE('',*,*,#4925,.T.);
#4925 = EDGE_CURVE('',#4898,#4926,#4928,.T.);
#4926 = VERTEX_POINT('',#4927);
#4927 = CARTESIAN_POINT('',(42.782599464603,2.5,4.4));
#4928 = SURFACE_CURVE('',#4929,(#4934,#4945),.PCURVE_S1.);
#4929 = CIRCLE('',#4930,2.);
#4930 = AXIS2_PLACEMENT_3D('',#4931,#4932,#4933);
#4931 = CARTESIAN_POINT('',(42.782599464603,4.5,4.4));
#4932 = DIRECTION('',(-0.,-0.,-1.));
#4933 = DIRECTION('',(0.,-1.,0.));
#4934 = PCURVE('',#4749,#4935);
#4935 = DEFINITIONAL_REPRESENTATION('',(#4936),#4944);
#4936 = ( BOUNDED_CURVE() B_SPLINE_CURVE(2,(#4937,#4938,#4939,#4940,
#4941,#4942,#4943),.UNSPECIFIED.,.T.,.F.) B_SPLINE_CURVE_WITH_KNOTS((1,2
    ,2,2,2,1),(-2.094395102393,0.,2.094395102393,4.188790204786,
6.28318530718,8.377580409573),.UNSPECIFIED.) CURVE() 
GEOMETRIC_REPRESENTATION_ITEM() RATIONAL_B_SPLINE_CURVE((1.,0.5,1.,0.5,
1.,0.5,1.)) REPRESENTATION_ITEM('') );
#4937 = CARTESIAN_POINT('',(6.393533927281,12.311003159411));
#4938 = CARTESIAN_POINT('',(2.929432312143,12.311003159411));
#4939 = CARTESIAN_POINT('',(4.661483119712,15.311003159411));
#4940 = CARTESIAN_POINT('',(6.393533927281,18.311003159411));
#4941 = CARTESIAN_POINT('',(8.12558473485,15.311003159411));
#4942 = CARTESIAN_POINT('',(9.857635542419,12.311003159411));
#4943 = CARTESIAN_POINT('',(6.393533927281,12.311003159411));
#4944 = ( GEOMETRIC_REPRESENTATION_CONTEXT(2) 
PARAMETRIC_REPRESENTATION_CONTEXT() REPRESENTATION_CONTEXT('2D SPACE',''
  ) );
#4945 = PCURVE('',#4946,#4951);
#4946 = CYLINDRICAL_SURFACE('',#4947,2.);
#4947 = AXIS2_PLACEMENT_3D('',#4948,#4949,#4950);
#4948 = CARTESIAN_POINT('',(42.782599464603,4.5,4.4));
#4949 = DIRECTION('',(0.,0.,1.));
#4950 = DIRECTION('',(0.214861782675,-0.976644466705,0.));
#4951 = DEFINITIONAL_REPRESENTATION('',(#4952),#4956);
#4952 = LINE('',#4953,#4954);
#4953 = CARTESIAN_POINT('',(6.066635002203,-0.));
#4954 = VECTOR('',#4955,1.);
#4955 = DIRECTION('',(-1.,0.));
#4956 = ( GEOMETRIC_REPRESENTATION_CONTEXT(2) 
PARAMETRIC_REPRESENTATION_CONTEXT() REPRESENTATION_CONTEXT('2D SPACE',''
  ) );
#4957 = ORIENTED_EDGE('',*,*,#4958,.T.);
#4958 = EDGE_CURVE('',#4926,#4959,#4961,.T.);
#4959 = VERTEX_POINT('',#4960);
#4960 = CARTESIAN_POINT('',(-0.21,2.5,4.4));
#4961 = SURFACE_CURVE('',#4962,(#4966,#4973),.PCURVE_S1.);
#4962 = LINE('',#4963,#4964);
#4963 = CARTESIAN_POINT('',(43.,2.5,4.4));
#4964 = VECTOR('',#4965,1.);
#4965 = DIRECTION('',(-1.,0.,0.));
#4966 = PCURVE('',#4749,#4967);
#4967 = DEFINITIONAL_REPRESENTATION('',(#4968),#4972);
#4968 = LINE('',#4969,#4970);
#4969 = CARTESIAN_POINT('',(6.610934462678,12.311003159411));
#4970 = VECTOR('',#4971,1.);
#4971 = DIRECTION('',(-1.,0.));
#4972 = ( GEOMETRIC_REPRESENTATION_CONTEXT(2) 
PARAMETRIC_REPRESENTATION_CONTEXT() REPRESENTATION_CONTEXT('2D SPACE',''
  ) );
#4973 = PCURVE('',#4974,#4979);
#4974 = PLANE('',#4975);
#4975 = AXIS2_PLACEMENT_3D('',#4976,#4977,#4978);
#4976 = CARTESIAN_POINT('',(43.,2.5,4.4));
#4977 = DIRECTION('',(0.,-1.,0.));
#4978 = DIRECTION('',(-1.,0.,0.));
#4979 = DEFINITIONAL_REPRESENTATION('',(#4980),#4984);
#4980 = LINE('',#4981,#4982);
#4981 = CARTESIAN_POINT('',(0.,-0.));
#4982 = VECTOR('',#4983,1.);
#4983 = DIRECTION('',(1.,0.));
#4984 = ( GEOMETRIC_REPRESENTATION_CONTEXT(2) 
PARAMETRIC_REPRESENTATION_CONTEXT() REPRESENTATION_CONTEXT('2D SPACE',''
  ) );
#4985 = ORIENTED_EDGE('',*,*,#4986,.T.);
#4986 = EDGE_CURVE('',#4959,#4987,#4989,.T.);
#4987 = VERTEX_POINT('',#4988);
#4988 = CARTESIAN_POINT('',(-0.21,0.7,4.4));
#4989 = SURFACE_CURVE('',#4990,(#4994,#5000),.PCURVE_S1.);
#4990 = LINE('',#4991,#4992);
#4991 = CARTESIAN_POINT('',(-0.21,9.449842029472E-02,4.4));
#4992 = VECTOR('',#4993,1.);
#4993 = DIRECTION('',(0.,-1.,0.));
#4994 = PCURVE('',#4749,#4995);
#4995 = DEFINITIONAL_REPRESENTATION('',(#4996),#4999);
#4996 = B_SPLINE_CURVE_WITH_KNOTS('',1,(#4997,#4998),.UNSPECIFIED.,.F.,
  .F.,(2,2),(-6.805501579705,4.394498420295),.PIECEWISE_BEZIER_KNOTS.);
#4997 = CARTESIAN_POINT('',(-36.59906553732,16.711003159411));
#4998 = CARTESIAN_POINT('',(-36.59906553732,5.511003159411));
#4999 = ( GEOMETRIC_REPRESENTATION_CONTEXT(2) 
PARAMETRIC_REPRESENTATION_CONTEXT() REPRESENTATION_CONTEXT('2D SPACE',''
  ) );
#5000 = PCURVE('',#305,#5001);
#5001 = DEFINITIONAL_REPRESENTATION('',(#5002),#5005);
#5002 = B_SPLINE_CURVE_WITH_KNOTS('',1,(#5003,#5004),.UNSPECIFIED.,.F.,
  .F.,(2,2),(-6.805501579705,4.394498420295),.PIECEWISE_BEZIER_KNOTS.);
#5003 = CARTESIAN_POINT('',(0.325729949498,-3.1));
#5004 = CARTESIAN_POINT('',(0.325729949498,-14.3));
#5005 = ( GEOMETRIC_REPRESENTATION_CONTEXT(2) 
PARAMETRIC_REPRESENTATION_CONTEXT() REPRESENTATION_CONTEXT('2D SPACE',''
  ) );
#5006 = ORIENTED_EDGE('',*,*,#5007,.F.);
#5007 = EDGE_CURVE('',#5008,#4987,#5010,.T.);
#5008 = VERTEX_POINT('',#5009);
#5009 = CARTESIAN_POINT('',(11.,0.7,4.4));
#5010 = SURFACE_CURVE('',#5011,(#5015,#5021),.PCURVE_S1.);
#5011 = LINE('',#5012,#5013);
#5012 = CARTESIAN_POINT('',(17.894532768661,0.7,4.4));
#5013 = VECTOR('',#5014,1.);
#5014 = DIRECTION('',(-1.,0.,0.));
#5015 = PCURVE('',#4749,#5016);
#5016 = DEFINITIONAL_REPRESENTATION('',(#5017),#5020);
#5017 = B_SPLINE_CURVE_WITH_KNOTS('',1,(#5018,#5019),.UNSPECIFIED.,.F.,
  .F.,(2,2),(-53.80546723133,18.494532768661),.PIECEWISE_BEZIER_KNOTS.);
#5018 = CARTESIAN_POINT('',(35.310934462678,10.511003159411));
#5019 = CARTESIAN_POINT('',(-36.98906553732,10.511003159411));
#5020 = ( GEOMETRIC_REPRESENTATION_CONTEXT(2) 
PARAMETRIC_REPRESENTATION_CONTEXT() REPRESENTATION_CONTEXT('2D SPACE',''
  ) );
#5021 = PCURVE('',#5022,#5027);
#5022 = PLANE('',#5023);
#5023 = AXIS2_PLACEMENT_3D('',#5024,#5025,#5026);
#5024 = CARTESIAN_POINT('',(-0.6,0.7,-4.));
#5025 = DIRECTION('',(0.,1.,0.));
#5026 = DIRECTION('',(0.,0.,1.));
#5027 = DEFINITIONAL_REPRESENTATION('',(#5028),#5031);
#5028 = B_SPLINE_CURVE_WITH_KNOTS('',1,(#5029,#5030),.UNSPECIFIED.,.F.,
  .F.,(2,2),(-53.80546723133,18.494532768661),.PIECEWISE_BEZIER_KNOTS.);
#5029 = CARTESIAN_POINT('',(8.4,72.3));
#5030 = CARTESIAN_POINT('',(8.4,0.));
#5031 = ( GEOMETRIC_REPRESENTATION_CONTEXT(2) 
PARAMETRIC_REPRESENTATION_CONTEXT() REPRESENTATION_CONTEXT('2D SPACE',''
  ) );
#5032 = ORIENTED_EDGE('',*,*,#5033,.T.);
#5033 = EDGE_CURVE('',#5008,#5034,#5036,.T.);
#5034 = VERTEX_POINT('',#5035);
#5035 = CARTESIAN_POINT('',(11.,1.15,4.4));
#5036 = SURFACE_CURVE('',#5037,(#5041,#5047),.PCURVE_S1.);
#5037 = LINE('',#5038,#5039);
#5038 = CARTESIAN_POINT('',(11.,-5.180501579705,4.4));
#5039 = VECTOR('',#5040,1.);
#5040 = DIRECTION('',(0.,1.,0.));
#5041 = PCURVE('',#4749,#5042);
#5042 = DEFINITIONAL_REPRESENTATION('',(#5043),#5046);
#5043 = B_SPLINE_CURVE_WITH_KNOTS('',1,(#5044,#5045),.UNSPECIFIED.,.F.,
  .F.,(2,2),(4.630501579705,6.330501579705),.PIECEWISE_BEZIER_KNOTS.);
#5044 = CARTESIAN_POINT('',(-25.38906553732,9.261003159411));
#5045 = CARTESIAN_POINT('',(-25.38906553732,10.961003159411));
#5046 = ( GEOMETRIC_REPRESENTATION_CONTEXT(2) 
PARAMETRIC_REPRESENTATION_CONTEXT() REPRESENTATION_CONTEXT('2D SPACE',''
  ) );
#5047 = PCURVE('',#5048,#5053);
#5048 = PLANE('',#5049);
#5049 = AXIS2_PLACEMENT_3D('',#5050,#5051,#5052);
#5050 = CARTESIAN_POINT('',(11.,-0.55,1.8));
#5051 = DIRECTION('',(1.,0.,0.));
#5052 = DIRECTION('',(0.,0.,1.));
#5053 = DEFINITIONAL_REPRESENTATION('',(#5054),#5057);
#5054 = B_SPLINE_CURVE_WITH_KNOTS('',1,(#5055,#5056),.UNSPECIFIED.,.F.,
  .F.,(2,2),(4.630501579705,6.330501579705),.PIECEWISE_BEZIER_KNOTS.);
#5055 = CARTESIAN_POINT('',(2.6,0.));
#5056 = CARTESIAN_POINT('',(2.6,-1.7));
#5057 = ( GEOMETRIC_REPRESENTATION_CONTEXT(2) 
PARAMETRIC_REPRESENTATION_CONTEXT() REPRESENTATION_CONTEXT('2D SPACE',''
  ) );
#5058 = ORIENTED_EDGE('',*,*,#5059,.F.);
#5059 = EDGE_CURVE('',#5060,#5034,#5062,.T.);
#5060 = VERTEX_POINT('',#5061);
#5061 = CARTESIAN_POINT('',(13.,1.15,4.4));
#5062 = SURFACE_CURVE('',#5063,(#5067,#5073),.PCURVE_S1.);
#5063 = LINE('',#5064,#5065);
#5064 = CARTESIAN_POINT('',(23.694532768661,1.15,4.4));
#5065 = VECTOR('',#5066,1.);
#5066 = DIRECTION('',(-1.,0.,0.));
#5067 = PCURVE('',#4749,#5068);
#5068 = DEFINITIONAL_REPRESENTATION('',(#5069),#5072);
#5069 = B_SPLINE_CURVE_WITH_KNOTS('',1,(#5070,#5071),.UNSPECIFIED.,.F.,
  .F.,(2,2),(10.694532768661,12.694532768661),.PIECEWISE_BEZIER_KNOTS.);
#5070 = CARTESIAN_POINT('',(-23.38906553732,10.961003159411));
#5071 = CARTESIAN_POINT('',(-25.38906553732,10.961003159411));
#5072 = ( GEOMETRIC_REPRESENTATION_CONTEXT(2) 
PARAMETRIC_REPRESENTATION_CONTEXT() REPRESENTATION_CONTEXT('2D SPACE',''
  ) );
#5073 = PCURVE('',#5074,#5079);
#5074 = PLANE('',#5075);
#5075 = AXIS2_PLACEMENT_3D('',#5076,#5077,#5078);
#5076 = CARTESIAN_POINT('',(11.,1.15,1.8));
#5077 = DIRECTION('',(0.,1.,0.));
#5078 = DIRECTION('',(0.,0.,1.));
#5079 = DEFINITIONAL_REPRESENTATION('',(#5080),#5083);
#5080 = B_SPLINE_CURVE_WITH_KNOTS('',1,(#5081,#5082),.UNSPECIFIED.,.F.,
  .F.,(2,2),(10.694532768661,12.694532768661),.PIECEWISE_BEZIER_KNOTS.);
#5081 = CARTESIAN_POINT('',(2.6,2.));
#5082 = CARTESIAN_POINT('',(2.6,0.));
#5083 = ( GEOMETRIC_REPRESENTATION_CONTEXT(2) 
PARAMETRIC_REPRESENTATION_CONTEXT() REPRESENTATION_CONTEXT('2D SPACE',''
  ) );
#5084 = ORIENTED_EDGE('',*,*,#5085,.F.);
#5085 = EDGE_CURVE('',#5086,#5060,#5088,.T.);
#5086 = VERTEX_POINT('',#5087);
#5087 = CARTESIAN_POINT('',(13.,0.7,4.4));
#5088 = SURFACE_CURVE('',#5089,(#5093,#5099),.PCURVE_S1.);
#5089 = LINE('',#5090,#5091);
#5090 = CARTESIAN_POINT('',(13.,-5.180501579705,4.4));
#5091 = VECTOR('',#5092,1.);
#5092 = DIRECTION('',(0.,1.,0.));
#5093 = PCURVE('',#4749,#5094);
#5094 = DEFINITIONAL_REPRESENTATION('',(#5095),#5098);
#5095 = B_SPLINE_CURVE_WITH_KNOTS('',1,(#5096,#5097),.UNSPECIFIED.,.F.,
  .F.,(2,2),(4.630501579705,6.330501579705),.PIECEWISE_BEZIER_KNOTS.);
#5096 = CARTESIAN_POINT('',(-23.38906553732,9.261003159411));
#5097 = CARTESIAN_POINT('',(-23.38906553732,10.961003159411));
#5098 = ( GEOMETRIC_REPRESENTATION_CONTEXT(2) 
PARAMETRIC_REPRESENTATION_CONTEXT() REPRESENTATION_CONTEXT('2D SPACE',''
  ) );
#5099 = PCURVE('',#5100,#5105);
#5100 = PLANE('',#5101);
#5101 = AXIS2_PLACEMENT_3D('',#5102,#5103,#5104);
#5102 = CARTESIAN_POINT('',(13.,-0.55,1.8));
#5103 = DIRECTION('',(1.,0.,0.));
#5104 = DIRECTION('',(0.,0.,1.));
#5105 = DEFINITIONAL_REPRESENTATION('',(#5106),#5109);
#5106 = B_SPLINE_CURVE_WITH_KNOTS('',1,(#5107,#5108),.UNSPECIFIED.,.F.,
  .F.,(2,2),(4.630501579705,6.330501579705),.PIECEWISE_BEZIER_KNOTS.);
#5107 = CARTESIAN_POINT('',(2.6,0.));
#5108 = CARTESIAN_POINT('',(2.6,-1.7));
#5109 = ( GEOMETRIC_REPRESENTATION_CONTEXT(2) 
PARAMETRIC_REPRESENTATION_CONTEXT() REPRESENTATION_CONTEXT('2D SPACE',''
  ) );
#5110 = ORIENTED_EDGE('',*,*,#5111,.F.);
#5111 = EDGE_CURVE('',#5112,#5086,#5114,.T.);
#5112 = VERTEX_POINT('',#5113);
#5113 = CARTESIAN_POINT('',(28.7,0.7,4.4));
#5114 = SURFACE_CURVE('',#5115,(#5119,#5125),.PCURVE_S1.);
#5115 = LINE('',#5116,#5117);
#5116 = CARTESIAN_POINT('',(17.894532768661,0.7,4.4));
#5117 = VECTOR('',#5118,1.);
#5118 = DIRECTION('',(-1.,0.,0.));
#5119 = PCURVE('',#4749,#5120);
#5120 = DEFINITIONAL_REPRESENTATION('',(#5121),#5124);
#5121 = B_SPLINE_CURVE_WITH_KNOTS('',1,(#5122,#5123),.UNSPECIFIED.,.F.,
  .F.,(2,2),(-53.80546723133,18.494532768661),.PIECEWISE_BEZIER_KNOTS.);
#5122 = CARTESIAN_POINT('',(35.310934462678,10.511003159411));
#5123 = CARTESIAN_POINT('',(-36.98906553732,10.511003159411));
#5124 = ( GEOMETRIC_REPRESENTATION_CONTEXT(2) 
PARAMETRIC_REPRESENTATION_CONTEXT() REPRESENTATION_CONTEXT('2D SPACE',''
  ) );
#5125 = PCURVE('',#5126,#5131);
#5126 = PLANE('',#5127);
#5127 = AXIS2_PLACEMENT_3D('',#5128,#5129,#5130);
#5128 = CARTESIAN_POINT('',(-0.6,0.7,-4.));
#5129 = DIRECTION('',(0.,1.,0.));
#5130 = DIRECTION('',(0.,0.,1.));
#5131 = DEFINITIONAL_REPRESENTATION('',(#5132),#5135);
#5132 = B_SPLINE_CURVE_WITH_KNOTS('',1,(#5133,#5134),.UNSPECIFIED.,.F.,
  .F.,(2,2),(-53.80546723133,18.494532768661),.PIECEWISE_BEZIER_KNOTS.);
#5133 = CARTESIAN_POINT('',(8.4,72.3));
#5134 = CARTESIAN_POINT('',(8.4,0.));
#5135 = ( GEOMETRIC_REPRESENTATION_CONTEXT(2) 
PARAMETRIC_REPRESENTATION_CONTEXT() REPRESENTATION_CONTEXT('2D SPACE',''
  ) );
#5136 = ORIENTED_EDGE('',*,*,#5137,.T.);
#5137 = EDGE_CURVE('',#5112,#5138,#5140,.T.);
#5138 = VERTEX_POINT('',#5139);
#5139 = CARTESIAN_POINT('',(28.7,1.7,4.4));
#5140 = SURFACE_CURVE('',#5141,(#5145,#5151),.PCURVE_S1.);
#5141 = LINE('',#5142,#5143);
#5142 = CARTESIAN_POINT('',(28.7,-4.630501579705,4.4));
#5143 = VECTOR('',#5144,1.);
#5144 = DIRECTION('',(0.,1.,0.));
#5145 = PCURVE('',#4749,#5146);
#5146 = DEFINITIONAL_REPRESENTATION('',(#5147),#5150);
#5147 = B_SPLINE_CURVE_WITH_KNOTS('',1,(#5148,#5149),.UNSPECIFIED.,.F.,
  .F.,(2,2),(5.180501579705,6.330501579705),.PIECEWISE_BEZIER_KNOTS.);
#5148 = CARTESIAN_POINT('',(-7.689065537322,10.361003159411));
#5149 = CARTESIAN_POINT('',(-7.689065537322,11.511003159411));
#5150 = ( GEOMETRIC_REPRESENTATION_CONTEXT(2) 
PARAMETRIC_REPRESENTATION_CONTEXT() REPRESENTATION_CONTEXT('2D SPACE',''
  ) );
#5151 = PCURVE('',#5152,#5157);
#5152 = PLANE('',#5153);
#5153 = AXIS2_PLACEMENT_3D('',#5154,#5155,#5156);
#5154 = CARTESIAN_POINT('',(28.7,0.55,4.3));
#5155 = DIRECTION('',(1.,0.,0.));
#5156 = DIRECTION('',(0.,0.,1.));
#5157 = DEFINITIONAL_REPRESENTATION('',(#5158),#5161);
#5158 = B_SPLINE_CURVE_WITH_KNOTS('',1,(#5159,#5160),.UNSPECIFIED.,.F.,
  .F.,(2,2),(5.180501579705,6.330501579705),.PIECEWISE_BEZIER_KNOTS.);
#5159 = CARTESIAN_POINT('',(1.E-01,0.));
#5160 = CARTESIAN_POINT('',(1.E-01,-1.15));
#5161 = ( GEOMETRIC_REPRESENTATION_CONTEXT(2) 
PARAMETRIC_REPRESENTATION_CONTEXT() REPRESENTATION_CONTEXT('2D SPACE',''
  ) );
#5162 = ORIENTED_EDGE('',*,*,#5163,.F.);
#5163 = EDGE_CURVE('',#5164,#5138,#5166,.T.);
#5164 = VERTEX_POINT('',#5165);
#5165 = CARTESIAN_POINT('',(39.3,1.7,4.4));
#5166 = SURFACE_CURVE('',#5167,(#5171,#5177),.PCURVE_S1.);
#5167 = LINE('',#5168,#5169);
#5168 = CARTESIAN_POINT('',(32.544532768661,1.7,4.4));
#5169 = VECTOR('',#5170,1.);
#5170 = DIRECTION('',(-1.,0.,0.));
#5171 = PCURVE('',#4749,#5172);
#5172 = DEFINITIONAL_REPRESENTATION('',(#5173),#5176);
#5173 = B_SPLINE_CURVE_WITH_KNOTS('',1,(#5174,#5175),.UNSPECIFIED.,.F.,
  .F.,(2,2),(-6.755467231339,3.844532768661),.PIECEWISE_BEZIER_KNOTS.);
#5174 = CARTESIAN_POINT('',(2.910934462678,11.511003159411));
#5175 = CARTESIAN_POINT('',(-7.689065537322,11.511003159411));
#5176 = ( GEOMETRIC_REPRESENTATION_CONTEXT(2) 
PARAMETRIC_REPRESENTATION_CONTEXT() REPRESENTATION_CONTEXT('2D SPACE',''
  ) );
#5177 = PCURVE('',#5178,#5183);
#5178 = PLANE('',#5179);
#5179 = AXIS2_PLACEMENT_3D('',#5180,#5181,#5182);
#5180 = CARTESIAN_POINT('',(28.7,1.7,4.3));
#5181 = DIRECTION('',(0.,1.,0.));
#5182 = DIRECTION('',(0.,0.,1.));
#5183 = DEFINITIONAL_REPRESENTATION('',(#5184),#5187);
#5184 = B_SPLINE_CURVE_WITH_KNOTS('',1,(#5185,#5186),.UNSPECIFIED.,.F.,
  .F.,(2,2),(-6.755467231339,3.844532768661),.PIECEWISE_BEZIER_KNOTS.);
#5185 = CARTESIAN_POINT('',(1.E-01,10.6));
#5186 = CARTESIAN_POINT('',(1.E-01,0.));
#5187 = ( GEOMETRIC_REPRESENTATION_CONTEXT(2) 
PARAMETRIC_REPRESENTATION_CONTEXT() REPRESENTATION_CONTEXT('2D SPACE',''
  ) );
#5188 = ORIENTED_EDGE('',*,*,#5189,.F.);
#5189 = EDGE_CURVE('',#5190,#5164,#5192,.T.);
#5190 = VERTEX_POINT('',#5191);
#5191 = CARTESIAN_POINT('',(39.3,0.7,4.4));
#5192 = SURFACE_CURVE('',#5193,(#5197,#5203),.PCURVE_S1.);
#5193 = LINE('',#5194,#5195);
#5194 = CARTESIAN_POINT('',(39.3,-4.630501579705,4.4));
#5195 = VECTOR('',#5196,1.);
#5196 = DIRECTION('',(0.,1.,0.));
#5197 = PCURVE('',#4749,#5198);
#5198 = DEFINITIONAL_REPRESENTATION('',(#5199),#5202);
#5199 = B_SPLINE_CURVE_WITH_KNOTS('',1,(#5200,#5201),.UNSPECIFIED.,.F.,
  .F.,(2,2),(5.180501579705,6.330501579705),.PIECEWISE_BEZIER_KNOTS.);
#5200 = CARTESIAN_POINT('',(2.910934462678,10.361003159411));
#5201 = CARTESIAN_POINT('',(2.910934462678,11.511003159411));
#5202 = ( GEOMETRIC_REPRESENTATION_CONTEXT(2) 
PARAMETRIC_REPRESENTATION_CONTEXT() REPRESENTATION_CONTEXT('2D SPACE',''
  ) );
#5203 = PCURVE('',#5204,#5209);
#5204 = PLANE('',#5205);
#5205 = AXIS2_PLACEMENT_3D('',#5206,#5207,#5208);
#5206 = CARTESIAN_POINT('',(39.3,0.55,4.3));
#5207 = DIRECTION('',(1.,0.,0.));
#5208 = DIRECTION('',(0.,0.,1.));
#5209 = DEFINITIONAL_REPRESENTATION('',(#5210),#5213);
#5210 = B_SPLINE_CURVE_WITH_KNOTS('',1,(#5211,#5212),.UNSPECIFIED.,.F.,
  .F.,(2,2),(5.180501579705,6.330501579705),.PIECEWISE_BEZIER_KNOTS.);
#5211 = CARTESIAN_POINT('',(1.E-01,0.));
#5212 = CARTESIAN_POINT('',(1.E-01,-1.15));
#5213 = ( GEOMETRIC_REPRESENTATION_CONTEXT(2) 
PARAMETRIC_REPRESENTATION_CONTEXT() REPRESENTATION_CONTEXT('2D SPACE',''
  ) );
#5214 = ORIENTED_EDGE('',*,*,#5215,.F.);
#5215 = EDGE_CURVE('',#5216,#5190,#5218,.T.);
#5216 = VERTEX_POINT('',#5217);
#5217 = CARTESIAN_POINT('',(44.,0.7,4.4));
#5218 = SURFACE_CURVE('',#5219,(#5223,#5229),.PCURVE_S1.);
#5219 = LINE('',#5220,#5221);
#5220 = CARTESIAN_POINT('',(17.894532768661,0.7,4.4));
#5221 = VECTOR('',#5222,1.);
#5222 = DIRECTION('',(-1.,0.,0.));
#5223 = PCURVE('',#4749,#5224);
#5224 = DEFINITIONAL_REPRESENTATION('',(#5225),#5228);
#5225 = B_SPLINE_CURVE_WITH_KNOTS('',1,(#5226,#5227),.UNSPECIFIED.,.F.,
  .F.,(2,2),(-53.80546723133,18.494532768661),.PIECEWISE_BEZIER_KNOTS.);
#5226 = CARTESIAN_POINT('',(35.310934462678,10.511003159411));
#5227 = CARTESIAN_POINT('',(-36.98906553732,10.511003159411));
#5228 = ( GEOMETRIC_REPRESENTATION_CONTEXT(2) 
PARAMETRIC_REPRESENTATION_CONTEXT() REPRESENTATION_CONTEXT('2D SPACE',''
  ) );
#5229 = PCURVE('',#5126,#5230);
#5230 = DEFINITIONAL_REPRESENTATION('',(#5231),#5234);
#5231 = B_SPLINE_CURVE_WITH_KNOTS('',1,(#5232,#5233),.UNSPECIFIED.,.F.,
  .F.,(2,2),(-53.80546723133,18.494532768661),.PIECEWISE_BEZIER_KNOTS.);
#5232 = CARTESIAN_POINT('',(8.4,72.3));
#5233 = CARTESIAN_POINT('',(8.4,0.));
#5234 = ( GEOMETRIC_REPRESENTATION_CONTEXT(2) 
PARAMETRIC_REPRESENTATION_CONTEXT() REPRESENTATION_CONTEXT('2D SPACE',''
  ) );
#5235 = ORIENTED_EDGE('',*,*,#5236,.T.);
#5236 = EDGE_CURVE('',#5216,#5237,#5239,.T.);
#5237 = VERTEX_POINT('',#5238);
#5238 = CARTESIAN_POINT('',(44.,1.15,4.4));
#5239 = SURFACE_CURVE('',#5240,(#5244,#5250),.PCURVE_S1.);
#5240 = LINE('',#5241,#5242);
#5241 = CARTESIAN_POINT('',(44.,-5.180501579705,4.4));
#5242 = VECTOR('',#5243,1.);
#5243 = DIRECTION('',(0.,1.,0.));
#5244 = PCURVE('',#4749,#5245);
#5245 = DEFINITIONAL_REPRESENTATION('',(#5246),#5249);
#5246 = B_SPLINE_CURVE_WITH_KNOTS('',1,(#5247,#5248),.UNSPECIFIED.,.F.,
  .F.,(2,2),(4.630501579705,6.330501579705),.PIECEWISE_BEZIER_KNOTS.);
#5247 = CARTESIAN_POINT('',(7.610934462678,9.261003159411));
#5248 = CARTESIAN_POINT('',(7.610934462678,10.961003159411));
#5249 = ( GEOMETRIC_REPRESENTATION_CONTEXT(2) 
PARAMETRIC_REPRESENTATION_CONTEXT() REPRESENTATION_CONTEXT('2D SPACE',''
  ) );
#5250 = PCURVE('',#5251,#5256);
#5251 = PLANE('',#5252);
#5252 = AXIS2_PLACEMENT_3D('',#5253,#5254,#5255);
#5253 = CARTESIAN_POINT('',(44.,-0.55,1.8));
#5254 = DIRECTION('',(1.,0.,0.));
#5255 = DIRECTION('',(0.,0.,1.));
#5256 = DEFINITIONAL_REPRESENTATION('',(#5257),#5260);
#5257 = B_SPLINE_CURVE_WITH_KNOTS('',1,(#5258,#5259),.UNSPECIFIED.,.F.,
  .F.,(2,2),(4.630501579705,6.330501579705),.PIECEWISE_BEZIER_KNOTS.);
#5258 = CARTESIAN_POINT('',(2.6,0.));
#5259 = CARTESIAN_POINT('',(2.6,-1.7));
#5260 = ( GEOMETRIC_REPRESENTATION_CONTEXT(2) 
PARAMETRIC_REPRESENTATION_CONTEXT() REPRESENTATION_CONTEXT('2D SPACE',''
  ) );
#5261 = ORIENTED_EDGE('',*,*,#5262,.F.);
#5262 = EDGE_CURVE('',#5263,#5237,#5265,.T.);
#5263 = VERTEX_POINT('',#5264);
#5264 = CARTESIAN_POINT('',(46.,1.15,4.4));
#5265 = SURFACE_CURVE('',#5266,(#5270,#5276),.PCURVE_S1.);
#5266 = LINE('',#5267,#5268);
#5267 = CARTESIAN_POINT('',(40.194532768661,1.15,4.4));
#5268 = VECTOR('',#5269,1.);
#5269 = DIRECTION('',(-1.,0.,0.));
#5270 = PCURVE('',#4749,#5271);
#5271 = DEFINITIONAL_REPRESENTATION('',(#5272),#5275);
#5272 = B_SPLINE_CURVE_WITH_KNOTS('',1,(#5273,#5274),.UNSPECIFIED.,.F.,
  .F.,(2,2),(-5.805467231339,-3.805467231339),.PIECEWISE_BEZIER_KNOTS.);
#5273 = CARTESIAN_POINT('',(9.610934462678,10.961003159411));
#5274 = CARTESIAN_POINT('',(7.610934462678,10.961003159411));
#5275 = ( GEOMETRIC_REPRESENTATION_CONTEXT(2) 
PARAMETRIC_REPRESENTATION_CONTEXT() REPRESENTATION_CONTEXT('2D SPACE',''
  ) );
#5276 = PCURVE('',#5277,#5282);
#5277 = PLANE('',#5278);
#5278 = AXIS2_PLACEMENT_3D('',#5279,#5280,#5281);
#5279 = CARTESIAN_POINT('',(44.,1.15,1.8));
#5280 = DIRECTION('',(0.,1.,0.));
#5281 = DIRECTION('',(0.,0.,1.));
#5282 = DEFINITIONAL_REPRESENTATION('',(#5283),#5286);
#5283 = B_SPLINE_CURVE_WITH_KNOTS('',1,(#5284,#5285),.UNSPECIFIED.,.F.,
  .F.,(2,2),(-5.805467231339,-3.805467231339),.PIECEWISE_BEZIER_KNOTS.);
#5284 = CARTESIAN_POINT('',(2.6,2.));
#5285 = CARTESIAN_POINT('',(2.6,0.));
#5286 = ( GEOMETRIC_REPRESENTATION_CONTEXT(2) 
PARAMETRIC_REPRESENTATION_CONTEXT() REPRESENTATION_CONTEXT('2D SPACE',''
  ) );
#5287 = ORIENTED_EDGE('',*,*,#5288,.F.);
#5288 = EDGE_CURVE('',#5289,#5263,#5291,.T.);
#5289 = VERTEX_POINT('',#5290);
#5290 = CARTESIAN_POINT('',(46.,0.7,4.4));
#5291 = SURFACE_CURVE('',#5292,(#5296,#5302),.PCURVE_S1.);
#5292 = LINE('',#5293,#5294);
#5293 = CARTESIAN_POINT('',(46.,-5.180501579705,4.4));
#5294 = VECTOR('',#5295,1.);
#5295 = DIRECTION('',(0.,1.,0.));
#5296 = PCURVE('',#4749,#5297);
#5297 = DEFINITIONAL_REPRESENTATION('',(#5298),#5301);
#5298 = B_SPLINE_CURVE_WITH_KNOTS('',1,(#5299,#5300),.UNSPECIFIED.,.F.,
  .F.,(2,2),(4.630501579705,6.330501579705),.PIECEWISE_BEZIER_KNOTS.);
#5299 = CARTESIAN_POINT('',(9.610934462678,9.261003159411));
#5300 = CARTESIAN_POINT('',(9.610934462678,10.961003159411));
#5301 = ( GEOMETRIC_REPRESENTATION_CONTEXT(2) 
PARAMETRIC_REPRESENTATION_CONTEXT() REPRESENTATION_CONTEXT('2D SPACE',''
  ) );
#5302 = PCURVE('',#5303,#5308);
#5303 = PLANE('',#5304);
#5304 = AXIS2_PLACEMENT_3D('',#5305,#5306,#5307);
#5305 = CARTESIAN_POINT('',(46.,-0.55,1.8));
#5306 = DIRECTION('',(1.,0.,0.));
#5307 = DIRECTION('',(0.,0.,1.));
#5308 = DEFINITIONAL_REPRESENTATION('',(#5309),#5312);
#5309 = B_SPLINE_CURVE_WITH_KNOTS('',1,(#5310,#5311),.UNSPECIFIED.,.F.,
  .F.,(2,2),(4.630501579705,6.330501579705),.PIECEWISE_BEZIER_KNOTS.);
#5310 = CARTESIAN_POINT('',(2.6,0.));
#5311 = CARTESIAN_POINT('',(2.6,-1.7));
#5312 = ( GEOMETRIC_REPRESENTATION_CONTEXT(2) 
PARAMETRIC_REPRESENTATION_CONTEXT() REPRESENTATION_CONTEXT('2D SPACE',''
  ) );
#5313 = ORIENTED_EDGE('',*,*,#5314,.F.);
#5314 = EDGE_CURVE('',#5315,#5289,#5317,.T.);
#5315 = VERTEX_POINT('',#5316);
#5316 = CARTESIAN_POINT('',(67.,0.7,4.4));
#5317 = SURFACE_CURVE('',#5318,(#5322,#5328),.PCURVE_S1.);
#5318 = LINE('',#5319,#5320);
#5319 = CARTESIAN_POINT('',(17.894532768661,0.7,4.4));
#5320 = VECTOR('',#5321,1.);
#5321 = DIRECTION('',(-1.,0.,0.));
#5322 = PCURVE('',#4749,#5323);
#5323 = DEFINITIONAL_REPRESENTATION('',(#5324),#5327);
#5324 = B_SPLINE_CURVE_WITH_KNOTS('',1,(#5325,#5326),.UNSPECIFIED.,.F.,
  .F.,(2,2),(-53.80546723133,18.494532768661),.PIECEWISE_BEZIER_KNOTS.);
#5325 = CARTESIAN_POINT('',(35.310934462678,10.511003159411));
#5326 = CARTESIAN_POINT('',(-36.98906553732,10.511003159411));
#5327 = ( GEOMETRIC_REPRESENTATION_CONTEXT(2) 
PARAMETRIC_REPRESENTATION_CONTEXT() REPRESENTATION_CONTEXT('2D SPACE',''
  ) );
#5328 = PCURVE('',#5329,#5334);
#5329 = PLANE('',#5330);
#5330 = AXIS2_PLACEMENT_3D('',#5331,#5332,#5333);
#5331 = CARTESIAN_POINT('',(-0.6,0.7,-4.));
#5332 = DIRECTION('',(0.,1.,0.));
#5333 = DIRECTION('',(0.,0.,1.));
#5334 = DEFINITIONAL_REPRESENTATION('',(#5335),#5338);
#5335 = B_SPLINE_CURVE_WITH_KNOTS('',1,(#5336,#5337),.UNSPECIFIED.,.F.,
  .F.,(2,2),(-53.80546723133,18.494532768661),.PIECEWISE_BEZIER_KNOTS.);
#5336 = CARTESIAN_POINT('',(8.4,72.3));
#5337 = CARTESIAN_POINT('',(8.4,0.));
#5338 = ( GEOMETRIC_REPRESENTATION_CONTEXT(2) 
PARAMETRIC_REPRESENTATION_CONTEXT() REPRESENTATION_CONTEXT('2D SPACE',''
  ) );
#5339 = ORIENTED_EDGE('',*,*,#5340,.T.);
#5340 = EDGE_CURVE('',#5315,#5341,#5343,.T.);
#5341 = VERTEX_POINT('',#5342);
#5342 = CARTESIAN_POINT('',(67.,1.15,4.4));
#5343 = SURFACE_CURVE('',#5344,(#5348,#5354),.PCURVE_S1.);
#5344 = LINE('',#5345,#5346);
#5345 = CARTESIAN_POINT('',(67.,-5.180501579705,4.4));
#5346 = VECTOR('',#5347,1.);
#5347 = DIRECTION('',(0.,1.,0.));
#5348 = PCURVE('',#4749,#5349);
#5349 = DEFINITIONAL_REPRESENTATION('',(#5350),#5353);
#5350 = B_SPLINE_CURVE_WITH_KNOTS('',1,(#5351,#5352),.UNSPECIFIED.,.F.,
  .F.,(2,2),(4.630501579705,6.330501579705),.PIECEWISE_BEZIER_KNOTS.);
#5351 = CARTESIAN_POINT('',(30.610934462678,9.261003159411));
#5352 = CARTESIAN_POINT('',(30.610934462678,10.961003159411));
#5353 = ( GEOMETRIC_REPRESENTATION_CONTEXT(2) 
PARAMETRIC_REPRESENTATION_CONTEXT() REPRESENTATION_CONTEXT('2D SPACE',''
  ) );
#5354 = PCURVE('',#5355,#5360);
#5355 = PLANE('',#5356);
#5356 = AXIS2_PLACEMENT_3D('',#5357,#5358,#5359);
#5357 = CARTESIAN_POINT('',(67.,-0.55,1.8));
#5358 = DIRECTION('',(1.,0.,0.));
#5359 = DIRECTION('',(0.,0.,1.));
#5360 = DEFINITIONAL_REPRESENTATION('',(#5361),#5364);
#5361 = B_SPLINE_CURVE_WITH_KNOTS('',1,(#5362,#5363),.UNSPECIFIED.,.F.,
  .F.,(2,2),(4.630501579705,6.330501579705),.PIECEWISE_BEZIER_KNOTS.);
#5362 = CARTESIAN_POINT('',(2.6,0.));
#5363 = CARTESIAN_POINT('',(2.6,-1.7));
#5364 = ( GEOMETRIC_REPRESENTATION_CONTEXT(2) 
PARAMETRIC_REPRESENTATION_CONTEXT() REPRESENTATION_CONTEXT('2D SPACE',''
  ) );
#5365 = ORIENTED_EDGE('',*,*,#5366,.F.);
#5366 = EDGE_CURVE('',#5367,#5341,#5369,.T.);
#5367 = VERTEX_POINT('',#5368);
#5368 = CARTESIAN_POINT('',(69.,1.15,4.4));
#5369 = SURFACE_CURVE('',#5370,(#5374,#5380),.PCURVE_S1.);
#5370 = LINE('',#5371,#5372);
#5371 = CARTESIAN_POINT('',(51.694532768661,1.15,4.4));
#5372 = VECTOR('',#5373,1.);
#5373 = DIRECTION('',(-1.,0.,0.));
#5374 = PCURVE('',#4749,#5375);
#5375 = DEFINITIONAL_REPRESENTATION('',(#5376),#5379);
#5376 = B_SPLINE_CURVE_WITH_KNOTS('',1,(#5377,#5378),.UNSPECIFIED.,.F.,
  .F.,(2,2),(-17.30546723133,-15.30546723133),.PIECEWISE_BEZIER_KNOTS.);
#5377 = CARTESIAN_POINT('',(32.610934462678,10.961003159411));
#5378 = CARTESIAN_POINT('',(30.610934462678,10.961003159411));
#5379 = ( GEOMETRIC_REPRESENTATION_CONTEXT(2) 
PARAMETRIC_REPRESENTATION_CONTEXT() REPRESENTATION_CONTEXT('2D SPACE',''
  ) );
#5380 = PCURVE('',#5381,#5386);
#5381 = PLANE('',#5382);
#5382 = AXIS2_PLACEMENT_3D('',#5383,#5384,#5385);
#5383 = CARTESIAN_POINT('',(67.,1.15,1.8));
#5384 = DIRECTION('',(0.,1.,0.));
#5385 = DIRECTION('',(0.,0.,1.));
#5386 = DEFINITIONAL_REPRESENTATION('',(#5387),#5390);
#5387 = B_SPLINE_CURVE_WITH_KNOTS('',1,(#5388,#5389),.UNSPECIFIED.,.F.,
  .F.,(2,2),(-17.30546723133,-15.30546723133),.PIECEWISE_BEZIER_KNOTS.);
#5388 = CARTESIAN_POINT('',(2.6,2.));
#5389 = CARTESIAN_POINT('',(2.6,0.));
#5390 = ( GEOMETRIC_REPRESENTATION_CONTEXT(2) 
PARAMETRIC_REPRESENTATION_CONTEXT() REPRESENTATION_CONTEXT('2D SPACE',''
  ) );
#5391 = ORIENTED_EDGE('',*,*,#5392,.F.);
#5392 = EDGE_CURVE('',#5393,#5367,#5395,.T.);
#5393 = VERTEX_POINT('',#5394);
#5394 = CARTESIAN_POINT('',(69.,0.7,4.4));
#5395 = SURFACE_CURVE('',#5396,(#5400,#5406),.PCURVE_S1.);
#5396 = LINE('',#5397,#5398);
#5397 = CARTESIAN_POINT('',(69.,-5.180501579705,4.4));
#5398 = VECTOR('',#5399,1.);
#5399 = DIRECTION('',(0.,1.,0.));
#5400 = PCURVE('',#4749,#5401);
#5401 = DEFINITIONAL_REPRESENTATION('',(#5402),#5405);
#5402 = B_SPLINE_CURVE_WITH_KNOTS('',1,(#5403,#5404),.UNSPECIFIED.,.F.,
  .F.,(2,2),(4.630501579705,6.330501579705),.PIECEWISE_BEZIER_KNOTS.);
#5403 = CARTESIAN_POINT('',(32.610934462678,9.261003159411));
#5404 = CARTESIAN_POINT('',(32.610934462678,10.961003159411));
#5405 = ( GEOMETRIC_REPRESENTATION_CONTEXT(2) 
PARAMETRIC_REPRESENTATION_CONTEXT() REPRESENTATION_CONTEXT('2D SPACE',''
  ) );
#5406 = PCURVE('',#5407,#5412);
#5407 = PLANE('',#5408);
#5408 = AXIS2_PLACEMENT_3D('',#5409,#5410,#5411);
#5409 = CARTESIAN_POINT('',(69.,-0.55,1.8));
#5410 = DIRECTION('',(1.,0.,0.));
#5411 = DIRECTION('',(0.,0.,1.));
#5412 = DEFINITIONAL_REPRESENTATION('',(#5413),#5416);
#5413 = B_SPLINE_CURVE_WITH_KNOTS('',1,(#5414,#5415),.UNSPECIFIED.,.F.,
  .F.,(2,2),(4.630501579705,6.330501579705),.PIECEWISE_BEZIER_KNOTS.);
#5414 = CARTESIAN_POINT('',(2.6,0.));
#5415 = CARTESIAN_POINT('',(2.6,-1.7));
#5416 = ( GEOMETRIC_REPRESENTATION_CONTEXT(2) 
PARAMETRIC_REPRESENTATION_CONTEXT() REPRESENTATION_CONTEXT('2D SPACE',''
  ) );
#5417 = ORIENTED_EDGE('',*,*,#5418,.F.);
#5418 = EDGE_CURVE('',#5419,#5393,#5421,.T.);
#5419 = VERTEX_POINT('',#5420);
#5420 = CARTESIAN_POINT('',(71.7,0.7,4.4));
#5421 = SURFACE_CURVE('',#5422,(#5426,#5432),.PCURVE_S1.);
#5422 = LINE('',#5423,#5424);
#5423 = CARTESIAN_POINT('',(17.894532768661,0.7,4.4));
#5424 = VECTOR('',#5425,1.);
#5425 = DIRECTION('',(-1.,0.,0.));
#5426 = PCURVE('',#4749,#5427);
#5427 = DEFINITIONAL_REPRESENTATION('',(#5428),#5431);
#5428 = B_SPLINE_CURVE_WITH_KNOTS('',1,(#5429,#5430),.UNSPECIFIED.,.F.,
  .F.,(2,2),(-53.80546723133,18.494532768661),.PIECEWISE_BEZIER_KNOTS.);
#5429 = CARTESIAN_POINT('',(35.310934462678,10.511003159411));
#5430 = CARTESIAN_POINT('',(-36.98906553732,10.511003159411));
#5431 = ( GEOMETRIC_REPRESENTATION_CONTEXT(2) 
PARAMETRIC_REPRESENTATION_CONTEXT() REPRESENTATION_CONTEXT('2D SPACE',''
  ) );
#5432 = PCURVE('',#5433,#5438);
#5433 = PLANE('',#5434);
#5434 = AXIS2_PLACEMENT_3D('',#5435,#5436,#5437);
#5435 = CARTESIAN_POINT('',(-0.6,0.7,-4.));
#5436 = DIRECTION('',(0.,1.,0.));
#5437 = DIRECTION('',(0.,0.,1.));
#5438 = DEFINITIONAL_REPRESENTATION('',(#5439),#5442);
#5439 = B_SPLINE_CURVE_WITH_KNOTS('',1,(#5440,#5441),.UNSPECIFIED.,.F.,
  .F.,(2,2),(-53.80546723133,18.494532768661),.PIECEWISE_BEZIER_KNOTS.);
#5440 = CARTESIAN_POINT('',(8.4,72.3));
#5441 = CARTESIAN_POINT('',(8.4,0.));
#5442 = ( GEOMETRIC_REPRESENTATION_CONTEXT(2) 
PARAMETRIC_REPRESENTATION_CONTEXT() REPRESENTATION_CONTEXT('2D SPACE',''
  ) );
#5443 = ORIENTED_EDGE('',*,*,#5444,.F.);
#5444 = EDGE_CURVE('',#4735,#5419,#5445,.T.);
#5445 = SURFACE_CURVE('',#5446,(#5450,#5456),.PCURVE_S1.);
#5446 = LINE('',#5447,#5448);
#5447 = CARTESIAN_POINT('',(71.7,-15.8305015797,4.4));
#5448 = VECTOR('',#5449,1.);
#5449 = DIRECTION('',(0.,1.,0.));
#5450 = PCURVE('',#4749,#5451);
#5451 = DEFINITIONAL_REPRESENTATION('',(#5452),#5455);
#5452 = B_SPLINE_CURVE_WITH_KNOTS('',1,(#5453,#5454),.UNSPECIFIED.,.F.,
  .F.,(2,2),(-6.019498420295,16.530501579705),.PIECEWISE_BEZIER_KNOTS.);
#5453 = CARTESIAN_POINT('',(35.310934462678,-12.03899684058));
#5454 = CARTESIAN_POINT('',(35.310934462678,10.511003159411));
#5455 = ( GEOMETRIC_REPRESENTATION_CONTEXT(2) 
PARAMETRIC_REPRESENTATION_CONTEXT() REPRESENTATION_CONTEXT('2D SPACE',''
  ) );
#5456 = PCURVE('',#4773,#5457);
#5457 = DEFINITIONAL_REPRESENTATION('',(#5458),#5461);
#5458 = B_SPLINE_CURVE_WITH_KNOTS('',1,(#5459,#5460),.UNSPECIFIED.,.F.,
  .F.,(2,2),(-6.019498420295,16.530501579705),.PIECEWISE_BEZIER_KNOTS.);
#5459 = CARTESIAN_POINT('',(8.4,0.));
#5460 = CARTESIAN_POINT('',(8.4,-22.55));
#5461 = ( GEOMETRIC_REPRESENTATION_CONTEXT(2) 
PARAMETRIC_REPRESENTATION_CONTEXT() REPRESENTATION_CONTEXT('2D SPACE',''
  ) );
#5462 = FACE_BOUND('',#5463,.F.);
#5463 = EDGE_LOOP('',(#5464,#5492,#5518,#5544,#5570,#5596));
#5464 = ORIENTED_EDGE('',*,*,#5465,.T.);
#5465 = EDGE_CURVE('',#5466,#5468,#5470,.T.);
#5466 = VERTEX_POINT('',#5467);
#5467 = CARTESIAN_POINT('',(66.744263164513,5.575,4.4));
#5468 = VERTEX_POINT('',#5469);
#5469 = CARTESIAN_POINT('',(69.255736835487,5.575,4.4));
#5470 = SURFACE_CURVE('',#5471,(#5475,#5481),.PCURVE_S1.);
#5471 = LINE('',#5472,#5473);
#5472 = CARTESIAN_POINT('',(52.822401186405,5.575,4.4));
#5473 = VECTOR('',#5474,1.);
#5474 = DIRECTION('',(1.,-1.768241550698E-16,0.));
#5475 = PCURVE('',#4749,#5476);
#5476 = DEFINITIONAL_REPRESENTATION('',(#5477),#5480);
#5477 = B_SPLINE_CURVE_WITH_KNOTS('',1,(#5478,#5479),.UNSPECIFIED.,.F.,
  .F.,(2,2),(13.921861978108,16.433335649083),.PIECEWISE_BEZIER_KNOTS.);
#5478 = CARTESIAN_POINT('',(30.35519762719,15.386003159411));
#5479 = CARTESIAN_POINT('',(32.866671298165,15.386003159411));
#5480 = ( GEOMETRIC_REPRESENTATION_CONTEXT(2) 
PARAMETRIC_REPRESENTATION_CONTEXT() REPRESENTATION_CONTEXT('2D SPACE',''
  ) );
#5481 = PCURVE('',#5482,#5487);
#5482 = PLANE('',#5483);
#5483 = AXIS2_PLACEMENT_3D('',#5484,#5485,#5486);
#5484 = CARTESIAN_POINT('',(69.255736835487,5.575,4.3));
#5485 = DIRECTION('',(-1.768241550698E-16,-1.,0.));
#5486 = DIRECTION('',(-1.,1.768241550698E-16,0.));
#5487 = DEFINITIONAL_REPRESENTATION('',(#5488),#5491);
#5488 = B_SPLINE_CURVE_WITH_KNOTS('',1,(#5489,#5490),.UNSPECIFIED.,.F.,
  .F.,(2,2),(13.921861978108,16.433335649083),.PIECEWISE_BEZIER_KNOTS.);
#5489 = CARTESIAN_POINT('',(2.511473670975,-1.E-01));
#5490 = CARTESIAN_POINT('',(0.,-1.E-01));
#5491 = ( GEOMETRIC_REPRESENTATION_CONTEXT(2) 
PARAMETRIC_REPRESENTATION_CONTEXT() REPRESENTATION_CONTEXT('2D SPACE',''
  ) );
#5492 = ORIENTED_EDGE('',*,*,#5493,.T.);
#5493 = EDGE_CURVE('',#5468,#5494,#5496,.T.);
#5494 = VERTEX_POINT('',#5495);
#5495 = CARTESIAN_POINT('',(70.511473670975,3.4,4.4));
#5496 = SURFACE_CURVE('',#5497,(#5501,#5507),.PCURVE_S1.);
#5497 = LINE('',#5498,#5499);
#5498 = CARTESIAN_POINT('',(69.10643874065,5.833591885732,4.4));
#5499 = VECTOR('',#5500,1.);
#5500 = DIRECTION('',(0.5,-0.866025403784,0.));
#5501 = PCURVE('',#4749,#5502);
#5502 = DEFINITIONAL_REPRESENTATION('',(#5503),#5506);
#5503 = B_SPLINE_CURVE_WITH_KNOTS('',1,(#5504,#5505),.UNSPECIFIED.,.F.,
  .F.,(2,2),(0.298596189675,2.81006986065),.PIECEWISE_BEZIER_KNOTS.);
#5504 = CARTESIAN_POINT('',(32.866671298165,15.386003159411));
#5505 = CARTESIAN_POINT('',(34.122408133653,13.211003159411));
#5506 = ( GEOMETRIC_REPRESENTATION_CONTEXT(2) 
PARAMETRIC_REPRESENTATION_CONTEXT() REPRESENTATION_CONTEXT('2D SPACE',''
  ) );
#5507 = PCURVE('',#5508,#5513);
#5508 = PLANE('',#5509);
#5509 = AXIS2_PLACEMENT_3D('',#5510,#5511,#5512);
#5510 = CARTESIAN_POINT('',(70.511473670975,3.4,4.3));
#5511 = DIRECTION('',(-0.866025403784,-0.5,0.));
#5512 = DIRECTION('',(-0.5,0.866025403784,0.));
#5513 = DEFINITIONAL_REPRESENTATION('',(#5514),#5517);
#5514 = B_SPLINE_CURVE_WITH_KNOTS('',1,(#5515,#5516),.UNSPECIFIED.,.F.,
  .F.,(2,2),(0.298596189675,2.81006986065),.PIECEWISE_BEZIER_KNOTS.);
#5515 = CARTESIAN_POINT('',(2.511473670975,-1.E-01));
#5516 = CARTESIAN_POINT('',(0.,-1.E-01));
#5517 = ( GEOMETRIC_REPRESENTATION_CONTEXT(2) 
PARAMETRIC_REPRESENTATION_CONTEXT() REPRESENTATION_CONTEXT('2D SPACE',''
  ) );
#5518 = ORIENTED_EDGE('',*,*,#5519,.T.);
#5519 = EDGE_CURVE('',#5494,#5520,#5522,.T.);
#5520 = VERTEX_POINT('',#5521);
#5521 = CARTESIAN_POINT('',(69.255736835487,1.225,4.4));
#5522 = SURFACE_CURVE('',#5523,(#5527,#5533),.PCURVE_S1.);
#5523 = LINE('',#5524,#5525);
#5524 = CARTESIAN_POINT('',(62.758038150143,-10.02934425529,4.4));
#5525 = VECTOR('',#5526,1.);
#5526 = DIRECTION('',(-0.5,-0.866025403784,0.));
#5527 = PCURVE('',#4749,#5528);
#5528 = DEFINITIONAL_REPRESENTATION('',(#5529),#5532);
#5529 = B_SPLINE_CURVE_WITH_KNOTS('',1,(#5530,#5531),.UNSPECIFIED.,.F.,
  .F.,(2,2),(-15.50687104166,-12.99539737068),.PIECEWISE_BEZIER_KNOTS.);
#5530 = CARTESIAN_POINT('',(34.122408133653,13.211003159411));
#5531 = CARTESIAN_POINT('',(32.866671298165,11.036003159411));
#5532 = ( GEOMETRIC_REPRESENTATION_CONTEXT(2) 
PARAMETRIC_REPRESENTATION_CONTEXT() REPRESENTATION_CONTEXT('2D SPACE',''
  ) );
#5533 = PCURVE('',#5534,#5539);
#5534 = PLANE('',#5535);
#5535 = AXIS2_PLACEMENT_3D('',#5536,#5537,#5538);
#5536 = CARTESIAN_POINT('',(69.255736835487,1.225,4.3));
#5537 = DIRECTION('',(-0.866025403784,0.5,0.));
#5538 = DIRECTION('',(0.5,0.866025403784,0.));
#5539 = DEFINITIONAL_REPRESENTATION('',(#5540),#5543);
#5540 = B_SPLINE_CURVE_WITH_KNOTS('',1,(#5541,#5542),.UNSPECIFIED.,.F.,
  .F.,(2,2),(-15.50687104166,-12.99539737068),.PIECEWISE_BEZIER_KNOTS.);
#5541 = CARTESIAN_POINT('',(2.511473670975,-1.E-01));
#5542 = CARTESIAN_POINT('',(0.,-1.E-01));
#5543 = ( GEOMETRIC_REPRESENTATION_CONTEXT(2) 
PARAMETRIC_REPRESENTATION_CONTEXT() REPRESENTATION_CONTEXT('2D SPACE',''
  ) );
#5544 = ORIENTED_EDGE('',*,*,#5545,.T.);
#5545 = EDGE_CURVE('',#5520,#5546,#5548,.T.);
#5546 = VERTEX_POINT('',#5547);
#5547 = CARTESIAN_POINT('',(66.744263164513,1.225,4.4));
#5548 = SURFACE_CURVE('',#5549,(#5553,#5559),.PCURVE_S1.);
#5549 = LINE('',#5550,#5551);
#5550 = CARTESIAN_POINT('',(51.566664350917,1.225,4.4));
#5551 = VECTOR('',#5552,1.);
#5552 = DIRECTION('',(-1.,7.07296620279E-16,0.));
#5553 = PCURVE('',#4749,#5554);
#5554 = DEFINITIONAL_REPRESENTATION('',(#5555),#5558);
#5555 = B_SPLINE_CURVE_WITH_KNOTS('',1,(#5556,#5557),.UNSPECIFIED.,.F.,
  .F.,(2,2),(-17.68907248457,-15.17759881359),.PIECEWISE_BEZIER_KNOTS.);
#5556 = CARTESIAN_POINT('',(32.866671298165,11.036003159411));
#5557 = CARTESIAN_POINT('',(30.35519762719,11.036003159411));
#5558 = ( GEOMETRIC_REPRESENTATION_CONTEXT(2) 
PARAMETRIC_REPRESENTATION_CONTEXT() REPRESENTATION_CONTEXT('2D SPACE',''
  ) );
#5559 = PCURVE('',#5560,#5565);
#5560 = PLANE('',#5561);
#5561 = AXIS2_PLACEMENT_3D('',#5562,#5563,#5564);
#5562 = CARTESIAN_POINT('',(66.744263164513,1.225,4.3));
#5563 = DIRECTION('',(7.07296620279E-16,1.,-0.));
#5564 = DIRECTION('',(1.,-7.07296620279E-16,0.));
#5565 = DEFINITIONAL_REPRESENTATION('',(#5566),#5569);
#5566 = B_SPLINE_CURVE_WITH_KNOTS('',1,(#5567,#5568),.UNSPECIFIED.,.F.,
  .F.,(2,2),(-17.68907248457,-15.17759881359),.PIECEWISE_BEZIER_KNOTS.);
#5567 = CARTESIAN_POINT('',(2.511473670975,-1.E-01));
#5568 = CARTESIAN_POINT('',(0.,-1.E-01));
#5569 = ( GEOMETRIC_REPRESENTATION_CONTEXT(2) 
PARAMETRIC_REPRESENTATION_CONTEXT() REPRESENTATION_CONTEXT('2D SPACE',''
  ) );
#5570 = ORIENTED_EDGE('',*,*,#5571,.T.);
#5571 = EDGE_CURVE('',#5546,#5572,#5574,.T.);
#5572 = VERTEX_POINT('',#5573);
#5573 = CARTESIAN_POINT('',(65.488526329025,3.4,4.4));
#5574 = SURFACE_CURVE('',#5575,(#5579,#5585),.PCURVE_S1.);
#5575 = LINE('',#5576,#5577);
#5576 = CARTESIAN_POINT('',(64.711359816444,4.746091885732,4.4));
#5577 = VECTOR('',#5578,1.);
#5578 = DIRECTION('',(-0.5,0.866025403784,0.));
#5579 = PCURVE('',#4749,#5580);
#5580 = DEFINITIONAL_REPRESENTATION('',(#5581),#5584);
#5581 = B_SPLINE_CURVE_WITH_KNOTS('',1,(#5582,#5583),.UNSPECIFIED.,.F.,
  .F.,(2,2),(-4.065806696138,-1.554333025163),.PIECEWISE_BEZIER_KNOTS.);
#5582 = CARTESIAN_POINT('',(30.35519762719,11.036003159411));
#5583 = CARTESIAN_POINT('',(29.099460791703,13.211003159411));
#5584 = ( GEOMETRIC_REPRESENTATION_CONTEXT(2) 
PARAMETRIC_REPRESENTATION_CONTEXT() REPRESENTATION_CONTEXT('2D SPACE',''
  ) );
#5585 = PCURVE('',#5586,#5591);
#5586 = PLANE('',#5587);
#5587 = AXIS2_PLACEMENT_3D('',#5588,#5589,#5590);
#5588 = CARTESIAN_POINT('',(65.488526329025,3.4,4.3));
#5589 = DIRECTION('',(0.866025403784,0.5,-0.));
#5590 = DIRECTION('',(0.5,-0.866025403784,0.));
#5591 = DEFINITIONAL_REPRESENTATION('',(#5592),#5595);
#5592 = B_SPLINE_CURVE_WITH_KNOTS('',1,(#5593,#5594),.UNSPECIFIED.,.F.,
  .F.,(2,2),(-4.065806696138,-1.554333025163),.PIECEWISE_BEZIER_KNOTS.);
#5593 = CARTESIAN_POINT('',(2.511473670975,-1.E-01));
#5594 = CARTESIAN_POINT('',(0.,-1.E-01));
#5595 = ( GEOMETRIC_REPRESENTATION_CONTEXT(2) 
PARAMETRIC_REPRESENTATION_CONTEXT() REPRESENTATION_CONTEXT('2D SPACE',''
  ) );
#5596 = ORIENTED_EDGE('',*,*,#5597,.T.);
#5597 = EDGE_CURVE('',#5572,#5466,#5598,.T.);
#5598 = SURFACE_CURVE('',#5599,(#5603,#5609),.PCURVE_S1.);
#5599 = LINE('',#5600,#5601);
#5600 = CARTESIAN_POINT('',(59.618696061424,-6.76684425529,4.4));
#5601 = VECTOR('',#5602,1.);
#5602 = DIRECTION('',(0.5,0.866025403784,-0.));
#5603 = PCURVE('',#4749,#5604);
#5604 = DEFINITIONAL_REPRESENTATION('',(#5605),#5608);
#5605 = B_SPLINE_CURVE_WITH_KNOTS('',1,(#5606,#5607),.UNSPECIFIED.,.F.,
  .F.,(2,2),(11.739660535201,14.251134206176),.PIECEWISE_BEZIER_KNOTS.);
#5606 = CARTESIAN_POINT('',(29.099460791703,13.211003159411));
#5607 = CARTESIAN_POINT('',(30.35519762719,15.386003159411));
#5608 = ( GEOMETRIC_REPRESENTATION_CONTEXT(2) 
PARAMETRIC_REPRESENTATION_CONTEXT() REPRESENTATION_CONTEXT('2D SPACE',''
  ) );
#5609 = PCURVE('',#5610,#5615);
#5610 = PLANE('',#5611);
#5611 = AXIS2_PLACEMENT_3D('',#5612,#5613,#5614);
#5612 = CARTESIAN_POINT('',(66.744263164513,5.575,4.3));
#5613 = DIRECTION('',(0.866025403784,-0.5,0.));
#5614 = DIRECTION('',(-0.5,-0.866025403784,0.));
#5615 = DEFINITIONAL_REPRESENTATION('',(#5616),#5619);
#5616 = B_SPLINE_CURVE_WITH_KNOTS('',1,(#5617,#5618),.UNSPECIFIED.,.F.,
  .F.,(2,2),(11.739660535201,14.251134206176),.PIECEWISE_BEZIER_KNOTS.);
#5617 = CARTESIAN_POINT('',(2.511473670975,-1.E-01));
#5618 = CARTESIAN_POINT('',(0.,-1.E-01));
#5619 = ( GEOMETRIC_REPRESENTATION_CONTEXT(2) 
PARAMETRIC_REPRESENTATION_CONTEXT() REPRESENTATION_CONTEXT('2D SPACE',''
  ) );
#5620 = ADVANCED_FACE('',(#5621),#5560,.T.);
#5621 = FACE_BOUND('',#5622,.T.);
#5622 = EDGE_LOOP('',(#5623,#5624,#5647,#5675));
#5623 = ORIENTED_EDGE('',*,*,#5545,.T.);
#5624 = ORIENTED_EDGE('',*,*,#5625,.T.);
#5625 = EDGE_CURVE('',#5546,#5626,#5628,.T.);
#5626 = VERTEX_POINT('',#5627);
#5627 = CARTESIAN_POINT('',(66.744263164513,1.225,7.2));
#5628 = SURFACE_CURVE('',#5629,(#5633,#5640),.PCURVE_S1.);
#5629 = LINE('',#5630,#5631);
#5630 = CARTESIAN_POINT('',(66.744263164513,1.225,4.3));
#5631 = VECTOR('',#5632,1.);
#5632 = DIRECTION('',(0.,0.,1.));
#5633 = PCURVE('',#5560,#5634);
#5634 = DEFINITIONAL_REPRESENTATION('',(#5635),#5639);
#5635 = LINE('',#5636,#5637);
#5636 = CARTESIAN_POINT('',(0.,0.));
#5637 = VECTOR('',#5638,1.);
#5638 = DIRECTION('',(0.,-1.));
#5639 = ( GEOMETRIC_REPRESENTATION_CONTEXT(2) 
PARAMETRIC_REPRESENTATION_CONTEXT() REPRESENTATION_CONTEXT('2D SPACE',''
  ) );
#5640 = PCURVE('',#5586,#5641);
#5641 = DEFINITIONAL_REPRESENTATION('',(#5642),#5646);
#5642 = LINE('',#5643,#5644);
#5643 = CARTESIAN_POINT('',(2.511473670975,0.));
#5644 = VECTOR('',#5645,1.);
#5645 = DIRECTION('',(0.,-1.));
#5646 = ( GEOMETRIC_REPRESENTATION_CONTEXT(2) 
PARAMETRIC_REPRESENTATION_CONTEXT() REPRESENTATION_CONTEXT('2D SPACE',''
  ) );
#5647 = ORIENTED_EDGE('',*,*,#5648,.T.);
#5648 = EDGE_CURVE('',#5626,#5649,#5651,.T.);
#5649 = VERTEX_POINT('',#5650);
#5650 = CARTESIAN_POINT('',(69.255736835487,1.225,7.2));
#5651 = SURFACE_CURVE('',#5652,(#5656,#5663),.PCURVE_S1.);
#5652 = LINE('',#5653,#5654);
#5653 = CARTESIAN_POINT('',(66.744263164513,1.225,7.2));
#5654 = VECTOR('',#5655,1.);
#5655 = DIRECTION('',(1.,-7.07296620279E-16,0.));
#5656 = PCURVE('',#5560,#5657);
#5657 = DEFINITIONAL_REPRESENTATION('',(#5658),#5662);
#5658 = LINE('',#5659,#5660);
#5659 = CARTESIAN_POINT('',(0.,-2.9));
#5660 = VECTOR('',#5661,1.);
#5661 = DIRECTION('',(1.,0.));
#5662 = ( GEOMETRIC_REPRESENTATION_CONTEXT(2) 
PARAMETRIC_REPRESENTATION_CONTEXT() REPRESENTATION_CONTEXT('2D SPACE',''
  ) );
#5663 = PCURVE('',#5664,#5669);
#5664 = PLANE('',#5665);
#5665 = AXIS2_PLACEMENT_3D('',#5666,#5667,#5668);
#5666 = CARTESIAN_POINT('',(68.,3.4,7.2));
#5667 = DIRECTION('',(0.,0.,1.));
#5668 = DIRECTION('',(1.,0.,-0.));
#5669 = DEFINITIONAL_REPRESENTATION('',(#5670),#5674);
#5670 = LINE('',#5671,#5672);
#5671 = CARTESIAN_POINT('',(-1.255736835487,-2.175));
#5672 = VECTOR('',#5673,1.);
#5673 = DIRECTION('',(1.,-7.07296620279E-16));
#5674 = ( GEOMETRIC_REPRESENTATION_CONTEXT(2) 
PARAMETRIC_REPRESENTATION_CONTEXT() REPRESENTATION_CONTEXT('2D SPACE',''
  ) );
#5675 = ORIENTED_EDGE('',*,*,#5676,.F.);
#5676 = EDGE_CURVE('',#5520,#5649,#5677,.T.);
#5677 = SURFACE_CURVE('',#5678,(#5682,#5689),.PCURVE_S1.);
#5678 = LINE('',#5679,#5680);
#5679 = CARTESIAN_POINT('',(69.255736835487,1.225,4.3));
#5680 = VECTOR('',#5681,1.);
#5681 = DIRECTION('',(0.,0.,1.));
#5682 = PCURVE('',#5560,#5683);
#5683 = DEFINITIONAL_REPRESENTATION('',(#5684),#5688);
#5684 = LINE('',#5685,#5686);
#5685 = CARTESIAN_POINT('',(2.511473670975,0.));
#5686 = VECTOR('',#5687,1.);
#5687 = DIRECTION('',(0.,-1.));
#5688 = ( GEOMETRIC_REPRESENTATION_CONTEXT(2) 
PARAMETRIC_REPRESENTATION_CONTEXT() REPRESENTATION_CONTEXT('2D SPACE',''
  ) );
#5689 = PCURVE('',#5534,#5690);
#5690 = DEFINITIONAL_REPRESENTATION('',(#5691),#5695);
#5691 = LINE('',#5692,#5693);
#5692 = CARTESIAN_POINT('',(0.,0.));
#5693 = VECTOR('',#5694,1.);
#5694 = DIRECTION('',(0.,-1.));
#5695 = ( GEOMETRIC_REPRESENTATION_CONTEXT(2) 
PARAMETRIC_REPRESENTATION_CONTEXT() REPRESENTATION_CONTEXT('2D SPACE',''
  ) );
#5696 = ADVANCED_FACE('',(#5697,#5813),#5664,.F.);
#5697 = FACE_BOUND('',#5698,.F.);
#5698 = EDGE_LOOP('',(#5699,#5724,#5747,#5770,#5791,#5792));
#5699 = ORIENTED_EDGE('',*,*,#5700,.T.);
#5700 = EDGE_CURVE('',#5701,#5703,#5705,.T.);
#5701 = VERTEX_POINT('',#5702);
#5702 = CARTESIAN_POINT('',(70.511473670975,3.4,7.2));
#5703 = VERTEX_POINT('',#5704);
#5704 = CARTESIAN_POINT('',(69.255736835487,5.575,7.2));
#5705 = SURFACE_CURVE('',#5706,(#5710,#5717),.PCURVE_S1.);
#5706 = LINE('',#5707,#5708);
#5707 = CARTESIAN_POINT('',(70.511473670975,3.4,7.2));
#5708 = VECTOR('',#5709,1.);
#5709 = DIRECTION('',(-0.5,0.866025403784,0.));
#5710 = PCURVE('',#5664,#5711);
#5711 = DEFINITIONAL_REPRESENTATION('',(#5712),#5716);
#5712 = LINE('',#5713,#5714);
#5713 = CARTESIAN_POINT('',(2.511473670975,4.440892098501E-16));
#5714 = VECTOR('',#5715,1.);
#5715 = DIRECTION('',(-0.5,0.866025403784));
#5716 = ( GEOMETRIC_REPRESENTATION_CONTEXT(2) 
PARAMETRIC_REPRESENTATION_CONTEXT() REPRESENTATION_CONTEXT('2D SPACE',''
  ) );
#5717 = PCURVE('',#5508,#5718);
#5718 = DEFINITIONAL_REPRESENTATION('',(#5719),#5723);
#5719 = LINE('',#5720,#5721);
#5720 = CARTESIAN_POINT('',(0.,-2.9));
#5721 = VECTOR('',#5722,1.);
#5722 = DIRECTION('',(1.,0.));
#5723 = ( GEOMETRIC_REPRESENTATION_CONTEXT(2) 
PARAMETRIC_REPRESENTATION_CONTEXT() REPRESENTATION_CONTEXT('2D SPACE',''
  ) );
#5724 = ORIENTED_EDGE('',*,*,#5725,.T.);
#5725 = EDGE_CURVE('',#5703,#5726,#5728,.T.);
#5726 = VERTEX_POINT('',#5727);
#5727 = CARTESIAN_POINT('',(66.744263164513,5.575,7.2));
#5728 = SURFACE_CURVE('',#5729,(#5733,#5740),.PCURVE_S1.);
#5729 = LINE('',#5730,#5731);
#5730 = CARTESIAN_POINT('',(69.255736835487,5.575,7.2));
#5731 = VECTOR('',#5732,1.);
#5732 = DIRECTION('',(-1.,1.768241550698E-16,0.));
#5733 = PCURVE('',#5664,#5734);
#5734 = DEFINITIONAL_REPRESENTATION('',(#5735),#5739);
#5735 = LINE('',#5736,#5737);
#5736 = CARTESIAN_POINT('',(1.255736835487,2.175));
#5737 = VECTOR('',#5738,1.);
#5738 = DIRECTION('',(-1.,1.768241550698E-16));
#5739 = ( GEOMETRIC_REPRESENTATION_CONTEXT(2) 
PARAMETRIC_REPRESENTATION_CONTEXT() REPRESENTATION_CONTEXT('2D SPACE',''
  ) );
#5740 = PCURVE('',#5482,#5741);
#5741 = DEFINITIONAL_REPRESENTATION('',(#5742),#5746);
#5742 = LINE('',#5743,#5744);
#5743 = CARTESIAN_POINT('',(0.,-2.9));
#5744 = VECTOR('',#5745,1.);
#5745 = DIRECTION('',(1.,0.));
#5746 = ( GEOMETRIC_REPRESENTATION_CONTEXT(2) 
PARAMETRIC_REPRESENTATION_CONTEXT() REPRESENTATION_CONTEXT('2D SPACE',''
  ) );
#5747 = ORIENTED_EDGE('',*,*,#5748,.T.);
#5748 = EDGE_CURVE('',#5726,#5749,#5751,.T.);
#5749 = VERTEX_POINT('',#5750);
#5750 = CARTESIAN_POINT('',(65.488526329025,3.4,7.2));
#5751 = SURFACE_CURVE('',#5752,(#5756,#5763),.PCURVE_S1.);
#5752 = LINE('',#5753,#5754);
#5753 = CARTESIAN_POINT('',(66.744263164513,5.575,7.2));
#5754 = VECTOR('',#5755,1.);
#5755 = DIRECTION('',(-0.5,-0.866025403784,0.));
#5756 = PCURVE('',#5664,#5757);
#5757 = DEFINITIONAL_REPRESENTATION('',(#5758),#5762);
#5758 = LINE('',#5759,#5760);
#5759 = CARTESIAN_POINT('',(-1.255736835487,2.175));
#5760 = VECTOR('',#5761,1.);
#5761 = DIRECTION('',(-0.5,-0.866025403784));
#5762 = ( GEOMETRIC_REPRESENTATION_CONTEXT(2) 
PARAMETRIC_REPRESENTATION_CONTEXT() REPRESENTATION_CONTEXT('2D SPACE',''
  ) );
#5763 = PCURVE('',#5610,#5764);
#5764 = DEFINITIONAL_REPRESENTATION('',(#5765),#5769);
#5765 = LINE('',#5766,#5767);
#5766 = CARTESIAN_POINT('',(0.,-2.9));
#5767 = VECTOR('',#5768,1.);
#5768 = DIRECTION('',(1.,0.));
#5769 = ( GEOMETRIC_REPRESENTATION_CONTEXT(2) 
PARAMETRIC_REPRESENTATION_CONTEXT() REPRESENTATION_CONTEXT('2D SPACE',''
  ) );
#5770 = ORIENTED_EDGE('',*,*,#5771,.T.);
#5771 = EDGE_CURVE('',#5749,#5626,#5772,.T.);
#5772 = SURFACE_CURVE('',#5773,(#5777,#5784),.PCURVE_S1.);
#5773 = LINE('',#5774,#5775);
#5774 = CARTESIAN_POINT('',(65.488526329025,3.4,7.2));
#5775 = VECTOR('',#5776,1.);
#5776 = DIRECTION('',(0.5,-0.866025403784,0.));
#5777 = PCURVE('',#5664,#5778);
#5778 = DEFINITIONAL_REPRESENTATION('',(#5779),#5783);
#5779 = LINE('',#5780,#5781);
#5780 = CARTESIAN_POINT('',(-2.511473670975,8.881784197001E-16));
#5781 = VECTOR('',#5782,1.);
#5782 = DIRECTION('',(0.5,-0.866025403784));
#5783 = ( GEOMETRIC_REPRESENTATION_CONTEXT(2) 
PARAMETRIC_REPRESENTATION_CONTEXT() REPRESENTATION_CONTEXT('2D SPACE',''
  ) );
#5784 = PCURVE('',#5586,#5785);
#5785 = DEFINITIONAL_REPRESENTATION('',(#5786),#5790);
#5786 = LINE('',#5787,#5788);
#5787 = CARTESIAN_POINT('',(0.,-2.9));
#5788 = VECTOR('',#5789,1.);
#5789 = DIRECTION('',(1.,0.));
#5790 = ( GEOMETRIC_REPRESENTATION_CONTEXT(2) 
PARAMETRIC_REPRESENTATION_CONTEXT() REPRESENTATION_CONTEXT('2D SPACE',''
  ) );
#5791 = ORIENTED_EDGE('',*,*,#5648,.T.);
#5792 = ORIENTED_EDGE('',*,*,#5793,.T.);
#5793 = EDGE_CURVE('',#5649,#5701,#5794,.T.);
#5794 = SURFACE_CURVE('',#5795,(#5799,#5806),.PCURVE_S1.);
#5795 = LINE('',#5796,#5797);
#5796 = CARTESIAN_POINT('',(69.255736835487,1.225,7.2));
#5797 = VECTOR('',#5798,1.);
#5798 = DIRECTION('',(0.5,0.866025403784,0.));
#5799 = PCURVE('',#5664,#5800);
#5800 = DEFINITIONAL_REPRESENTATION('',(#5801),#5805);
#5801 = LINE('',#5802,#5803);
#5802 = CARTESIAN_POINT('',(1.255736835487,-2.175));
#5803 = VECTOR('',#5804,1.);
#5804 = DIRECTION('',(0.5,0.866025403784));
#5805 = ( GEOMETRIC_REPRESENTATION_CONTEXT(2) 
PARAMETRIC_REPRESENTATION_CONTEXT() REPRESENTATION_CONTEXT('2D SPACE',''
  ) );
#5806 = PCURVE('',#5534,#5807);
#5807 = DEFINITIONAL_REPRESENTATION('',(#5808),#5812);
#5808 = LINE('',#5809,#5810);
#5809 = CARTESIAN_POINT('',(0.,-2.9));
#5810 = VECTOR('',#5811,1.);
#5811 = DIRECTION('',(1.,0.));
#5812 = ( GEOMETRIC_REPRESENTATION_CONTEXT(2) 
PARAMETRIC_REPRESENTATION_CONTEXT() REPRESENTATION_CONTEXT('2D SPACE',''
  ) );
#5813 = FACE_BOUND('',#5814,.F.);
#5814 = EDGE_LOOP('',(#5815));
#5815 = ORIENTED_EDGE('',*,*,#5816,.T.);
#5816 = EDGE_CURVE('',#5817,#5817,#5819,.T.);
#5817 = VERTEX_POINT('',#5818);
#5818 = CARTESIAN_POINT('',(69.2,3.4,7.2));
#5819 = SURFACE_CURVE('',#5820,(#5825,#5836),.PCURVE_S1.);
#5820 = CIRCLE('',#5821,1.2);
#5821 = AXIS2_PLACEMENT_3D('',#5822,#5823,#5824);
#5822 = CARTESIAN_POINT('',(68.,3.4,7.2));
#5823 = DIRECTION('',(0.,0.,-1.));
#5824 = DIRECTION('',(1.,0.,0.));
#5825 = PCURVE('',#5664,#5826);
#5826 = DEFINITIONAL_REPRESENTATION('',(#5827),#5835);
#5827 = ( BOUNDED_CURVE() B_SPLINE_CURVE(2,(#5828,#5829,#5830,#5831,
#5832,#5833,#5834),.UNSPECIFIED.,.T.,.F.) B_SPLINE_CURVE_WITH_KNOTS((1,2
    ,2,2,2,1),(-2.094395102393,0.,2.094395102393,4.188790204786,
6.28318530718,8.377580409573),.UNSPECIFIED.) CURVE() 
GEOMETRIC_REPRESENTATION_ITEM() RATIONAL_B_SPLINE_CURVE((1.,0.5,1.,0.5,
1.,0.5,1.)) REPRESENTATION_ITEM('') );
#5828 = CARTESIAN_POINT('',(1.2,4.440892098501E-16));
#5829 = CARTESIAN_POINT('',(1.2,-2.078460969083));
#5830 = CARTESIAN_POINT('',(-0.6,-1.039230484541));
#5831 = CARTESIAN_POINT('',(-2.4,1.501739780547E-16));
#5832 = CARTESIAN_POINT('',(-0.6,1.039230484541));
#5833 = CARTESIAN_POINT('',(1.2,2.078460969083));
#5834 = CARTESIAN_POINT('',(1.2,4.440892098501E-16));
#5835 = ( GEOMETRIC_REPRESENTATION_CONTEXT(2) 
PARAMETRIC_REPRESENTATION_CONTEXT() REPRESENTATION_CONTEXT('2D SPACE',''
  ) );
#5836 = PCURVE('',#5837,#5842);
#5837 = CYLINDRICAL_SURFACE('',#5838,1.2);
#5838 = AXIS2_PLACEMENT_3D('',#5839,#5840,#5841);
#5839 = CARTESIAN_POINT('',(68.,3.4,4.3));
#5840 = DIRECTION('',(-0.,-0.,-1.));
#5841 = DIRECTION('',(1.,0.,0.));
#5842 = DEFINITIONAL_REPRESENTATION('',(#5843),#5847);
#5843 = LINE('',#5844,#5845);
#5844 = CARTESIAN_POINT('',(-6.28318530718,-2.9));
#5845 = VECTOR('',#5846,1.);
#5846 = DIRECTION('',(1.,-0.));
#5847 = ( GEOMETRIC_REPRESENTATION_CONTEXT(2) 
PARAMETRIC_REPRESENTATION_CONTEXT() REPRESENTATION_CONTEXT('2D SPACE',''
  ) );
#5848 = ADVANCED_FACE('',(#5849),#5837,.F.);
#5849 = FACE_BOUND('',#5850,.T.);
#5850 = EDGE_LOOP('',(#5851,#5852,#5875,#5902));
#5851 = ORIENTED_EDGE('',*,*,#5816,.T.);
#5852 = ORIENTED_EDGE('',*,*,#5853,.T.);
#5853 = EDGE_CURVE('',#5817,#5854,#5856,.T.);
#5854 = VERTEX_POINT('',#5855);
#5855 = CARTESIAN_POINT('',(69.2,3.4,7.55));
#5856 = SEAM_CURVE('',#5857,(#5861,#5868),.PCURVE_S1.);
#5857 = LINE('',#5858,#5859);
#5858 = CARTESIAN_POINT('',(69.2,3.4,4.3));
#5859 = VECTOR('',#5860,1.);
#5860 = DIRECTION('',(0.,0.,1.));
#5861 = PCURVE('',#5837,#5862);
#5862 = DEFINITIONAL_REPRESENTATION('',(#5863),#5867);
#5863 = LINE('',#5864,#5865);
#5864 = CARTESIAN_POINT('',(-6.28318530718,0.));
#5865 = VECTOR('',#5866,1.);
#5866 = DIRECTION('',(-0.,-1.));
#5867 = ( GEOMETRIC_REPRESENTATION_CONTEXT(2) 
PARAMETRIC_REPRESENTATION_CONTEXT() REPRESENTATION_CONTEXT('2D SPACE',''
  ) );
#5868 = PCURVE('',#5837,#5869);
#5869 = DEFINITIONAL_REPRESENTATION('',(#5870),#5874);
#5870 = LINE('',#5871,#5872);
#5871 = CARTESIAN_POINT('',(-0.,0.));
#5872 = VECTOR('',#5873,1.);
#5873 = DIRECTION('',(-0.,-1.));
#5874 = ( GEOMETRIC_REPRESENTATION_CONTEXT(2) 
PARAMETRIC_REPRESENTATION_CONTEXT() REPRESENTATION_CONTEXT('2D SPACE',''
  ) );
#5875 = ORIENTED_EDGE('',*,*,#5876,.T.);
#5876 = EDGE_CURVE('',#5854,#5854,#5877,.T.);
#5877 = SURFACE_CURVE('',#5878,(#5883,#5890),.PCURVE_S1.);
#5878 = CIRCLE('',#5879,1.2);
#5879 = AXIS2_PLACEMENT_3D('',#5880,#5881,#5882);
#5880 = CARTESIAN_POINT('',(68.,3.4,7.55));
#5881 = DIRECTION('',(0.,0.,1.));
#5882 = DIRECTION('',(1.,0.,0.));
#5883 = PCURVE('',#5837,#5884);
#5884 = DEFINITIONAL_REPRESENTATION('',(#5885),#5889);
#5885 = LINE('',#5886,#5887);
#5886 = CARTESIAN_POINT('',(-0.,-3.25));
#5887 = VECTOR('',#5888,1.);
#5888 = DIRECTION('',(-1.,0.));
#5889 = ( GEOMETRIC_REPRESENTATION_CONTEXT(2) 
PARAMETRIC_REPRESENTATION_CONTEXT() REPRESENTATION_CONTEXT('2D SPACE',''
  ) );
#5890 = PCURVE('',#5891,#5896);
#5891 = PLANE('',#5892);
#5892 = AXIS2_PLACEMENT_3D('',#5893,#5894,#5895);
#5893 = CARTESIAN_POINT('',(68.,3.4,7.55));
#5894 = DIRECTION('',(0.,0.,1.));
#5895 = DIRECTION('',(1.,0.,-0.));
#5896 = DEFINITIONAL_REPRESENTATION('',(#5897),#5901);
#5897 = CIRCLE('',#5898,1.2);
#5898 = AXIS2_PLACEMENT_2D('',#5899,#5900);
#5899 = CARTESIAN_POINT('',(0.,0.));
#5900 = DIRECTION('',(1.,0.));
#5901 = ( GEOMETRIC_REPRESENTATION_CONTEXT(2) 
PARAMETRIC_REPRESENTATION_CONTEXT() REPRESENTATION_CONTEXT('2D SPACE',''
  ) );
#5902 = ORIENTED_EDGE('',*,*,#5853,.F.);
#5903 = ADVANCED_FACE('',(#5904),#5891,.F.);
#5904 = FACE_BOUND('',#5905,.F.);
#5905 = EDGE_LOOP('',(#5906));
#5906 = ORIENTED_EDGE('',*,*,#5876,.T.);
#5907 = ADVANCED_FACE('',(#5908),#5534,.T.);
#5908 = FACE_BOUND('',#5909,.T.);
#5909 = EDGE_LOOP('',(#5910,#5911,#5912,#5913));
#5910 = ORIENTED_EDGE('',*,*,#5519,.T.);
#5911 = ORIENTED_EDGE('',*,*,#5676,.T.);
#5912 = ORIENTED_EDGE('',*,*,#5793,.T.);
#5913 = ORIENTED_EDGE('',*,*,#5914,.F.);
#5914 = EDGE_CURVE('',#5494,#5701,#5915,.T.);
#5915 = SURFACE_CURVE('',#5916,(#5920,#5927),.PCURVE_S1.);
#5916 = LINE('',#5917,#5918);
#5917 = CARTESIAN_POINT('',(70.511473670975,3.4,4.3));
#5918 = VECTOR('',#5919,1.);
#5919 = DIRECTION('',(0.,0.,1.));
#5920 = PCURVE('',#5534,#5921);
#5921 = DEFINITIONAL_REPRESENTATION('',(#5922),#5926);
#5922 = LINE('',#5923,#5924);
#5923 = CARTESIAN_POINT('',(2.511473670975,0.));
#5924 = VECTOR('',#5925,1.);
#5925 = DIRECTION('',(0.,-1.));
#5926 = ( GEOMETRIC_REPRESENTATION_CONTEXT(2) 
PARAMETRIC_REPRESENTATION_CONTEXT() REPRESENTATION_CONTEXT('2D SPACE',''
  ) );
#5927 = PCURVE('',#5508,#5928);
#5928 = DEFINITIONAL_REPRESENTATION('',(#5929),#5933);
#5929 = LINE('',#5930,#5931);
#5930 = CARTESIAN_POINT('',(0.,0.));
#5931 = VECTOR('',#5932,1.);
#5932 = DIRECTION('',(0.,-1.));
#5933 = ( GEOMETRIC_REPRESENTATION_CONTEXT(2) 
PARAMETRIC_REPRESENTATION_CONTEXT() REPRESENTATION_CONTEXT('2D SPACE',''
  ) );
#5934 = ADVANCED_FACE('',(#5935),#5586,.T.);
#5935 = FACE_BOUND('',#5936,.T.);
#5936 = EDGE_LOOP('',(#5937,#5938,#5959,#5960));
#5937 = ORIENTED_EDGE('',*,*,#5571,.T.);
#5938 = ORIENTED_EDGE('',*,*,#5939,.T.);
#5939 = EDGE_CURVE('',#5572,#5749,#5940,.T.);
#5940 = SURFACE_CURVE('',#5941,(#5945,#5952),.PCURVE_S1.);
#5941 = LINE('',#5942,#5943);
#5942 = CARTESIAN_POINT('',(65.488526329025,3.4,4.3));
#5943 = VECTOR('',#5944,1.);
#5944 = DIRECTION('',(0.,0.,1.));
#5945 = PCURVE('',#5586,#5946);
#5946 = DEFINITIONAL_REPRESENTATION('',(#5947),#5951);
#5947 = LINE('',#5948,#5949);
#5948 = CARTESIAN_POINT('',(0.,0.));
#5949 = VECTOR('',#5950,1.);
#5950 = DIRECTION('',(0.,-1.));
#5951 = ( GEOMETRIC_REPRESENTATION_CONTEXT(2) 
PARAMETRIC_REPRESENTATION_CONTEXT() REPRESENTATION_CONTEXT('2D SPACE',''
  ) );
#5952 = PCURVE('',#5610,#5953);
#5953 = DEFINITIONAL_REPRESENTATION('',(#5954),#5958);
#5954 = LINE('',#5955,#5956);
#5955 = CARTESIAN_POINT('',(2.511473670975,0.));
#5956 = VECTOR('',#5957,1.);
#5957 = DIRECTION('',(0.,-1.));
#5958 = ( GEOMETRIC_REPRESENTATION_CONTEXT(2) 
PARAMETRIC_REPRESENTATION_CONTEXT() REPRESENTATION_CONTEXT('2D SPACE',''
  ) );
#5959 = ORIENTED_EDGE('',*,*,#5771,.T.);
#5960 = ORIENTED_EDGE('',*,*,#5625,.F.);
#5961 = ADVANCED_FACE('',(#5962),#5508,.T.);
#5962 = FACE_BOUND('',#5963,.T.);
#5963 = EDGE_LOOP('',(#5964,#5965,#5966,#5967));
#5964 = ORIENTED_EDGE('',*,*,#5493,.T.);
#5965 = ORIENTED_EDGE('',*,*,#5914,.T.);
#5966 = ORIENTED_EDGE('',*,*,#5700,.T.);
#5967 = ORIENTED_EDGE('',*,*,#5968,.F.);
#5968 = EDGE_CURVE('',#5468,#5703,#5969,.T.);
#5969 = SURFACE_CURVE('',#5970,(#5974,#5981),.PCURVE_S1.);
#5970 = LINE('',#5971,#5972);
#5971 = CARTESIAN_POINT('',(69.255736835487,5.575,4.3));
#5972 = VECTOR('',#5973,1.);
#5973 = DIRECTION('',(0.,0.,1.));
#5974 = PCURVE('',#5508,#5975);
#5975 = DEFINITIONAL_REPRESENTATION('',(#5976),#5980);
#5976 = LINE('',#5977,#5978);
#5977 = CARTESIAN_POINT('',(2.511473670975,0.));
#5978 = VECTOR('',#5979,1.);
#5979 = DIRECTION('',(0.,-1.));
#5980 = ( GEOMETRIC_REPRESENTATION_CONTEXT(2) 
PARAMETRIC_REPRESENTATION_CONTEXT() REPRESENTATION_CONTEXT('2D SPACE',''
  ) );
#5981 = PCURVE('',#5482,#5982);
#5982 = DEFINITIONAL_REPRESENTATION('',(#5983),#5987);
#5983 = LINE('',#5984,#5985);
#5984 = CARTESIAN_POINT('',(0.,0.));
#5985 = VECTOR('',#5986,1.);
#5986 = DIRECTION('',(0.,-1.));
#5987 = ( GEOMETRIC_REPRESENTATION_CONTEXT(2) 
PARAMETRIC_REPRESENTATION_CONTEXT() REPRESENTATION_CONTEXT('2D SPACE',''
  ) );
#5988 = ADVANCED_FACE('',(#5989),#5610,.T.);
#5989 = FACE_BOUND('',#5990,.T.);
#5990 = EDGE_LOOP('',(#5991,#5992,#6013,#6014));
#5991 = ORIENTED_EDGE('',*,*,#5597,.T.);
#5992 = ORIENTED_EDGE('',*,*,#5993,.T.);
#5993 = EDGE_CURVE('',#5466,#5726,#5994,.T.);
#5994 = SURFACE_CURVE('',#5995,(#5999,#6006),.PCURVE_S1.);
#5995 = LINE('',#5996,#5997);
#5996 = CARTESIAN_POINT('',(66.744263164513,5.575,4.3));
#5997 = VECTOR('',#5998,1.);
#5998 = DIRECTION('',(0.,0.,1.));
#5999 = PCURVE('',#5610,#6000);
#6000 = DEFINITIONAL_REPRESENTATION('',(#6001),#6005);
#6001 = LINE('',#6002,#6003);
#6002 = CARTESIAN_POINT('',(0.,0.));
#6003 = VECTOR('',#6004,1.);
#6004 = DIRECTION('',(0.,-1.));
#6005 = ( GEOMETRIC_REPRESENTATION_CONTEXT(2) 
PARAMETRIC_REPRESENTATION_CONTEXT() REPRESENTATION_CONTEXT('2D SPACE',''
  ) );
#6006 = PCURVE('',#5482,#6007);
#6007 = DEFINITIONAL_REPRESENTATION('',(#6008),#6012);
#6008 = LINE('',#6009,#6010);
#6009 = CARTESIAN_POINT('',(2.511473670975,0.));
#6010 = VECTOR('',#6011,1.);
#6011 = DIRECTION('',(0.,-1.));
#6012 = ( GEOMETRIC_REPRESENTATION_CONTEXT(2) 
PARAMETRIC_REPRESENTATION_CONTEXT() REPRESENTATION_CONTEXT('2D SPACE',''
  ) );
#6013 = ORIENTED_EDGE('',*,*,#5748,.T.);
#6014 = ORIENTED_EDGE('',*,*,#5939,.F.);
#6015 = ADVANCED_FACE('',(#6016),#5482,.T.);
#6016 = FACE_BOUND('',#6017,.T.);
#6017 = EDGE_LOOP('',(#6018,#6019,#6020,#6021));
#6018 = ORIENTED_EDGE('',*,*,#5465,.T.);
#6019 = ORIENTED_EDGE('',*,*,#5968,.T.);
#6020 = ORIENTED_EDGE('',*,*,#5725,.T.);
#6021 = ORIENTED_EDGE('',*,*,#5993,.F.);
#6022 = ADVANCED_FACE('',(#6023),#4828,.T.);
#6023 = FACE_BOUND('',#6024,.T.);
#6024 = EDGE_LOOP('',(#6025,#6048,#6049,#6072));
#6025 = ORIENTED_EDGE('',*,*,#6026,.F.);
#6026 = EDGE_CURVE('',#4789,#6027,#6029,.T.);
#6027 = VERTEX_POINT('',#6028);
#6028 = CARTESIAN_POINT('',(73.6,4.9,7.85));
#6029 = SURFACE_CURVE('',#6030,(#6034,#6041),.PCURVE_S1.);
#6030 = LINE('',#6031,#6032);
#6031 = CARTESIAN_POINT('',(73.6,4.9,4.4));
#6032 = VECTOR('',#6033,1.);
#6033 = DIRECTION('',(0.,0.,1.));
#6034 = PCURVE('',#4828,#6035);
#6035 = DEFINITIONAL_REPRESENTATION('',(#6036),#6040);
#6036 = LINE('',#6037,#6038);
#6037 = CARTESIAN_POINT('',(0.,0.));
#6038 = VECTOR('',#6039,1.);
#6039 = DIRECTION('',(0.,1.));
#6040 = ( GEOMETRIC_REPRESENTATION_CONTEXT(2) 
PARAMETRIC_REPRESENTATION_CONTEXT() REPRESENTATION_CONTEXT('2D SPACE',''
  ) );
#6041 = PCURVE('',#4557,#6042);
#6042 = DEFINITIONAL_REPRESENTATION('',(#6043),#6047);
#6043 = LINE('',#6044,#6045);
#6044 = CARTESIAN_POINT('',(28.6,0.));
#6045 = VECTOR('',#6046,1.);
#6046 = DIRECTION('',(0.,-1.));
#6047 = ( GEOMETRIC_REPRESENTATION_CONTEXT(2) 
PARAMETRIC_REPRESENTATION_CONTEXT() REPRESENTATION_CONTEXT('2D SPACE',''
  ) );
#6048 = ORIENTED_EDGE('',*,*,#4811,.T.);
#6049 = ORIENTED_EDGE('',*,*,#6050,.T.);
#6050 = EDGE_CURVE('',#4812,#6051,#6053,.T.);
#6051 = VERTEX_POINT('',#6052);
#6052 = CARTESIAN_POINT('',(71.6,6.9,7.85));
#6053 = SURFACE_CURVE('',#6054,(#6058,#6065),.PCURVE_S1.);
#6054 = LINE('',#6055,#6056);
#6055 = CARTESIAN_POINT('',(71.6,6.9,4.4));
#6056 = VECTOR('',#6057,1.);
#6057 = DIRECTION('',(0.,0.,1.));
#6058 = PCURVE('',#4828,#6059);
#6059 = DEFINITIONAL_REPRESENTATION('',(#6060),#6064);
#6060 = LINE('',#6061,#6062);
#6061 = CARTESIAN_POINT('',(1.570796326795,0.));
#6062 = VECTOR('',#6063,1.);
#6063 = DIRECTION('',(0.,1.));
#6064 = ( GEOMETRIC_REPRESENTATION_CONTEXT(2) 
PARAMETRIC_REPRESENTATION_CONTEXT() REPRESENTATION_CONTEXT('2D SPACE',''
  ) );
#6065 = PCURVE('',#4856,#6066);
#6066 = DEFINITIONAL_REPRESENTATION('',(#6067),#6071);
#6067 = LINE('',#6068,#6069);
#6068 = CARTESIAN_POINT('',(2.,0.));
#6069 = VECTOR('',#6070,1.);
#6070 = DIRECTION('',(0.,-1.));
#6071 = ( GEOMETRIC_REPRESENTATION_CONTEXT(2) 
PARAMETRIC_REPRESENTATION_CONTEXT() REPRESENTATION_CONTEXT('2D SPACE',''
  ) );
#6072 = ORIENTED_EDGE('',*,*,#6073,.F.);
#6073 = EDGE_CURVE('',#6027,#6051,#6074,.T.);
#6074 = SURFACE_CURVE('',#6075,(#6080,#6087),.PCURVE_S1.);
#6075 = CIRCLE('',#6076,2.);
#6076 = AXIS2_PLACEMENT_3D('',#6077,#6078,#6079);
#6077 = CARTESIAN_POINT('',(71.6,4.9,7.85));
#6078 = DIRECTION('',(0.,0.,1.));
#6079 = DIRECTION('',(1.,0.,-0.));
#6080 = PCURVE('',#4828,#6081);
#6081 = DEFINITIONAL_REPRESENTATION('',(#6082),#6086);
#6082 = LINE('',#6083,#6084);
#6083 = CARTESIAN_POINT('',(0.,3.45));
#6084 = VECTOR('',#6085,1.);
#6085 = DIRECTION('',(1.,0.));
#6086 = ( GEOMETRIC_REPRESENTATION_CONTEXT(2) 
PARAMETRIC_REPRESENTATION_CONTEXT() REPRESENTATION_CONTEXT('2D SPACE',''
  ) );
#6087 = PCURVE('',#6088,#6093);
#6088 = CONICAL_SURFACE('',#6089,2.,0.785398163397);
#6089 = AXIS2_PLACEMENT_3D('',#6090,#6091,#6092);
#6090 = CARTESIAN_POINT('',(71.6,4.9,7.85));
#6091 = DIRECTION('',(-0.,-0.,-1.));
#6092 = DIRECTION('',(1.,0.,0.));
#6093 = DEFINITIONAL_REPRESENTATION('',(#6094),#6098);
#6094 = LINE('',#6095,#6096);
#6095 = CARTESIAN_POINT('',(-0.,-0.));
#6096 = VECTOR('',#6097,1.);
#6097 = DIRECTION('',(-1.,-0.));
#6098 = ( GEOMETRIC_REPRESENTATION_CONTEXT(2) 
PARAMETRIC_REPRESENTATION_CONTEXT() REPRESENTATION_CONTEXT('2D SPACE',''
  ) );
#6099 = ADVANCED_FACE('',(#6100),#6088,.T.);
#6100 = FACE_BOUND('',#6101,.T.);
#6101 = EDGE_LOOP('',(#6102,#6130,#6131,#6159));
#6102 = ORIENTED_EDGE('',*,*,#6103,.F.);
#6103 = EDGE_CURVE('',#6027,#6104,#6106,.T.);
#6104 = VERTEX_POINT('',#6105);
#6105 = CARTESIAN_POINT('',(73.25,4.9,8.2));
#6106 = SURFACE_CURVE('',#6107,(#6111,#6118),.PCURVE_S1.);
#6107 = LINE('',#6108,#6109);
#6108 = CARTESIAN_POINT('',(73.425,4.9,8.025));
#6109 = VECTOR('',#6110,1.);
#6110 = DIRECTION('',(-0.707106781187,-0.,0.707106781187));
#6111 = PCURVE('',#6088,#6112);
#6112 = DEFINITIONAL_REPRESENTATION('',(#6113),#6117);
#6113 = LINE('',#6114,#6115);
#6114 = CARTESIAN_POINT('',(-0.,-0.175));
#6115 = VECTOR('',#6116,1.);
#6116 = DIRECTION('',(-0.,-1.));
#6117 = ( GEOMETRIC_REPRESENTATION_CONTEXT(2) 
PARAMETRIC_REPRESENTATION_CONTEXT() REPRESENTATION_CONTEXT('2D SPACE',''
  ) );
#6118 = PCURVE('',#6119,#6124);
#6119 = PLANE('',#6120);
#6120 = AXIS2_PLACEMENT_3D('',#6121,#6122,#6123);
#6121 = CARTESIAN_POINT('',(73.425,-21.7,8.025));
#6122 = DIRECTION('',(-0.707106781187,0.,-0.707106781187));
#6123 = DIRECTION('',(-0.,-1.,-0.));
#6124 = DEFINITIONAL_REPRESENTATION('',(#6125),#6129);
#6125 = LINE('',#6126,#6127);
#6126 = CARTESIAN_POINT('',(-26.6,0.));
#6127 = VECTOR('',#6128,1.);
#6128 = DIRECTION('',(-0.,1.));
#6129 = ( GEOMETRIC_REPRESENTATION_CONTEXT(2) 
PARAMETRIC_REPRESENTATION_CONTEXT() REPRESENTATION_CONTEXT('2D SPACE',''
  ) );
#6130 = ORIENTED_EDGE('',*,*,#6073,.T.);
#6131 = ORIENTED_EDGE('',*,*,#6132,.T.);
#6132 = EDGE_CURVE('',#6051,#6133,#6135,.T.);
#6133 = VERTEX_POINT('',#6134);
#6134 = CARTESIAN_POINT('',(71.6,6.55,8.2));
#6135 = SURFACE_CURVE('',#6136,(#6140,#6147),.PCURVE_S1.);
#6136 = LINE('',#6137,#6138);
#6137 = CARTESIAN_POINT('',(71.6,6.9,7.85));
#6138 = VECTOR('',#6139,1.);
#6139 = DIRECTION('',(-4.329780281177E-17,-0.707106781187,0.707106781187
    ));
#6140 = PCURVE('',#6088,#6141);
#6141 = DEFINITIONAL_REPRESENTATION('',(#6142),#6146);
#6142 = LINE('',#6143,#6144);
#6143 = CARTESIAN_POINT('',(-1.570796326795,-0.));
#6144 = VECTOR('',#6145,1.);
#6145 = DIRECTION('',(-0.,-1.));
#6146 = ( GEOMETRIC_REPRESENTATION_CONTEXT(2) 
PARAMETRIC_REPRESENTATION_CONTEXT() REPRESENTATION_CONTEXT('2D SPACE',''
  ) );
#6147 = PCURVE('',#6148,#6153);
#6148 = PLANE('',#6149);
#6149 = AXIS2_PLACEMENT_3D('',#6150,#6151,#6152);
#6150 = CARTESIAN_POINT('',(71.6,6.725,8.025));
#6151 = DIRECTION('',(0.,-0.707106781187,-0.707106781187));
#6152 = DIRECTION('',(1.,0.,-0.));
#6153 = DEFINITIONAL_REPRESENTATION('',(#6154),#6158);
#6154 = LINE('',#6155,#6156);
#6155 = CARTESIAN_POINT('',(-0.,-0.247487373415));
#6156 = VECTOR('',#6157,1.);
#6157 = DIRECTION('',(-4.329780281177E-17,1.));
#6158 = ( GEOMETRIC_REPRESENTATION_CONTEXT(2) 
PARAMETRIC_REPRESENTATION_CONTEXT() REPRESENTATION_CONTEXT('2D SPACE',''
  ) );
#6159 = ORIENTED_EDGE('',*,*,#6160,.F.);
#6160 = EDGE_CURVE('',#6104,#6133,#6161,.T.);
#6161 = SURFACE_CURVE('',#6162,(#6167,#6174),.PCURVE_S1.);
#6162 = CIRCLE('',#6163,1.65);
#6163 = AXIS2_PLACEMENT_3D('',#6164,#6165,#6166);
#6164 = CARTESIAN_POINT('',(71.6,4.9,8.2));
#6165 = DIRECTION('',(0.,0.,1.));
#6166 = DIRECTION('',(1.,0.,-0.));
#6167 = PCURVE('',#6088,#6168);
#6168 = DEFINITIONAL_REPRESENTATION('',(#6169),#6173);
#6169 = LINE('',#6170,#6171);
#6170 = CARTESIAN_POINT('',(-0.,-0.35));
#6171 = VECTOR('',#6172,1.);
#6172 = DIRECTION('',(-1.,-0.));
#6173 = ( GEOMETRIC_REPRESENTATION_CONTEXT(2) 
PARAMETRIC_REPRESENTATION_CONTEXT() REPRESENTATION_CONTEXT('2D SPACE',''
  ) );
#6174 = PCURVE('',#6175,#6180);
#6175 = PLANE('',#6176);
#6176 = AXIS2_PLACEMENT_3D('',#6177,#6178,#6179);
#6177 = CARTESIAN_POINT('',(36.389065537322,-9.811003159411,8.2));
#6178 = DIRECTION('',(0.,0.,1.));
#6179 = DIRECTION('',(1.,0.,-0.));
#6180 = DEFINITIONAL_REPRESENTATION('',(#6181),#6185);
#6181 = CIRCLE('',#6182,1.65);
#6182 = AXIS2_PLACEMENT_2D('',#6183,#6184);
#6183 = CARTESIAN_POINT('',(35.210934462678,14.711003159411));
#6184 = DIRECTION('',(1.,0.));
#6185 = ( GEOMETRIC_REPRESENTATION_CONTEXT(2) 
PARAMETRIC_REPRESENTATION_CONTEXT() REPRESENTATION_CONTEXT('2D SPACE',''
  ) );
#6186 = ADVANCED_FACE('',(#6187),#6148,.F.);
#6187 = FACE_BOUND('',#6188,.T.);
#6188 = EDGE_LOOP('',(#6189,#6190,#6213,#6241));
#6189 = ORIENTED_EDGE('',*,*,#6132,.F.);
#6190 = ORIENTED_EDGE('',*,*,#6191,.T.);
#6191 = EDGE_CURVE('',#6051,#6192,#6194,.T.);
#6192 = VERTEX_POINT('',#6193);
#6193 = CARTESIAN_POINT('',(63.217400535397,6.9,7.85));
#6194 = SURFACE_CURVE('',#6195,(#6199,#6206),.PCURVE_S1.);
#6195 = LINE('',#6196,#6197);
#6196 = CARTESIAN_POINT('',(71.6,6.9,7.85));
#6197 = VECTOR('',#6198,1.);
#6198 = DIRECTION('',(-1.,0.,0.));
#6199 = PCURVE('',#6148,#6200);
#6200 = DEFINITIONAL_REPRESENTATION('',(#6201),#6205);
#6201 = LINE('',#6202,#6203);
#6202 = CARTESIAN_POINT('',(-0.,-0.247487373415));
#6203 = VECTOR('',#6204,1.);
#6204 = DIRECTION('',(-1.,0.));
#6205 = ( GEOMETRIC_REPRESENTATION_CONTEXT(2) 
PARAMETRIC_REPRESENTATION_CONTEXT() REPRESENTATION_CONTEXT('2D SPACE',''
  ) );
#6206 = PCURVE('',#4856,#6207);
#6207 = DEFINITIONAL_REPRESENTATION('',(#6208),#6212);
#6208 = LINE('',#6209,#6210);
#6209 = CARTESIAN_POINT('',(2.,-3.45));
#6210 = VECTOR('',#6211,1.);
#6211 = DIRECTION('',(1.,0.));
#6212 = ( GEOMETRIC_REPRESENTATION_CONTEXT(2) 
PARAMETRIC_REPRESENTATION_CONTEXT() REPRESENTATION_CONTEXT('2D SPACE',''
  ) );
#6213 = ORIENTED_EDGE('',*,*,#6214,.T.);
#6214 = EDGE_CURVE('',#6192,#6215,#6217,.T.);
#6215 = VERTEX_POINT('',#6216);
#6216 = CARTESIAN_POINT('',(63.217400535397,6.55,8.2));
#6217 = SURFACE_CURVE('',#6218,(#6222,#6229),.PCURVE_S1.);
#6218 = LINE('',#6219,#6220);
#6219 = CARTESIAN_POINT('',(63.217400535397,6.725,8.025));
#6220 = VECTOR('',#6221,1.);
#6221 = DIRECTION('',(0.,-0.707106781187,0.707106781187));
#6222 = PCURVE('',#6148,#6223);
#6223 = DEFINITIONAL_REPRESENTATION('',(#6224),#6228);
#6224 = LINE('',#6225,#6226);
#6225 = CARTESIAN_POINT('',(-8.382599464603,0.));
#6226 = VECTOR('',#6227,1.);
#6227 = DIRECTION('',(-0.,1.));
#6228 = ( GEOMETRIC_REPRESENTATION_CONTEXT(2) 
PARAMETRIC_REPRESENTATION_CONTEXT() REPRESENTATION_CONTEXT('2D SPACE',''
  ) );
#6229 = PCURVE('',#6230,#6235);
#6230 = CONICAL_SURFACE('',#6231,2.,0.785398163397);
#6231 = AXIS2_PLACEMENT_3D('',#6232,#6233,#6234);
#6232 = CARTESIAN_POINT('',(63.217400535397,4.9,7.85));
#6233 = DIRECTION('',(-0.,-0.,-1.));
#6234 = DIRECTION('',(0.,1.,-0.));
#6235 = DEFINITIONAL_REPRESENTATION('',(#6236),#6240);
#6236 = LINE('',#6237,#6238);
#6237 = CARTESIAN_POINT('',(-0.,-0.175));
#6238 = VECTOR('',#6239,1.);
#6239 = DIRECTION('',(-0.,-1.));
#6240 = ( GEOMETRIC_REPRESENTATION_CONTEXT(2) 
PARAMETRIC_REPRESENTATION_CONTEXT() REPRESENTATION_CONTEXT('2D SPACE',''
  ) );
#6241 = ORIENTED_EDGE('',*,*,#6242,.F.);
#6242 = EDGE_CURVE('',#6133,#6215,#6243,.T.);
#6243 = SURFACE_CURVE('',#6244,(#6248,#6255),.PCURVE_S1.);
#6244 = LINE('',#6245,#6246);
#6245 = CARTESIAN_POINT('',(71.6,6.55,8.2));
#6246 = VECTOR('',#6247,1.);
#6247 = DIRECTION('',(-1.,0.,0.));
#6248 = PCURVE('',#6148,#6249);
#6249 = DEFINITIONAL_REPRESENTATION('',(#6250),#6254);
#6250 = LINE('',#6251,#6252);
#6251 = CARTESIAN_POINT('',(-0.,0.247487373415));
#6252 = VECTOR('',#6253,1.);
#6253 = DIRECTION('',(-1.,0.));
#6254 = ( GEOMETRIC_REPRESENTATION_CONTEXT(2) 
PARAMETRIC_REPRESENTATION_CONTEXT() REPRESENTATION_CONTEXT('2D SPACE',''
  ) );
#6255 = PCURVE('',#6175,#6256);
#6256 = DEFINITIONAL_REPRESENTATION('',(#6257),#6261);
#6257 = LINE('',#6258,#6259);
#6258 = CARTESIAN_POINT('',(35.210934462678,16.361003159411));
#6259 = VECTOR('',#6260,1.);
#6260 = DIRECTION('',(-1.,0.));
#6261 = ( GEOMETRIC_REPRESENTATION_CONTEXT(2) 
PARAMETRIC_REPRESENTATION_CONTEXT() REPRESENTATION_CONTEXT('2D SPACE',''
  ) );
#6262 = ADVANCED_FACE('',(#6263),#6230,.T.);
#6263 = FACE_BOUND('',#6264,.T.);
#6264 = EDGE_LOOP('',(#6265,#6266,#6290,#6318));
#6265 = ORIENTED_EDGE('',*,*,#6214,.F.);
#6266 = ORIENTED_EDGE('',*,*,#6267,.T.);
#6267 = EDGE_CURVE('',#6192,#6268,#6270,.T.);
#6268 = VERTEX_POINT('',#6269);
#6269 = CARTESIAN_POINT('',(62.787676970046,6.85328893341,7.85));
#6270 = SURFACE_CURVE('',#6271,(#6276,#6283),.PCURVE_S1.);
#6271 = CIRCLE('',#6272,2.);
#6272 = AXIS2_PLACEMENT_3D('',#6273,#6274,#6275);
#6273 = CARTESIAN_POINT('',(63.217400535397,4.9,7.85));
#6274 = DIRECTION('',(0.,0.,1.));
#6275 = DIRECTION('',(0.,1.,-0.));
#6276 = PCURVE('',#6230,#6277);
#6277 = DEFINITIONAL_REPRESENTATION('',(#6278),#6282);
#6278 = LINE('',#6279,#6280);
#6279 = CARTESIAN_POINT('',(-0.,-0.));
#6280 = VECTOR('',#6281,1.);
#6281 = DIRECTION('',(-1.,-0.));
#6282 = ( GEOMETRIC_REPRESENTATION_CONTEXT(2) 
PARAMETRIC_REPRESENTATION_CONTEXT() REPRESENTATION_CONTEXT('2D SPACE',''
  ) );
#6283 = PCURVE('',#4885,#6284);
#6284 = DEFINITIONAL_REPRESENTATION('',(#6285),#6289);
#6285 = LINE('',#6286,#6287);
#6286 = CARTESIAN_POINT('',(0.,3.45));
#6287 = VECTOR('',#6288,1.);
#6288 = DIRECTION('',(1.,0.));
#6289 = ( GEOMETRIC_REPRESENTATION_CONTEXT(2) 
PARAMETRIC_REPRESENTATION_CONTEXT() REPRESENTATION_CONTEXT('2D SPACE',''
  ) );
#6290 = ORIENTED_EDGE('',*,*,#6291,.T.);
#6291 = EDGE_CURVE('',#6268,#6292,#6294,.T.);
#6292 = VERTEX_POINT('',#6293);
#6293 = CARTESIAN_POINT('',(62.862878593983,6.511463370063,8.2));
#6294 = SURFACE_CURVE('',#6295,(#6299,#6306),.PCURVE_S1.);
#6295 = LINE('',#6296,#6297);
#6296 = CARTESIAN_POINT('',(62.787676970046,6.85328893341,7.85));
#6297 = VECTOR('',#6298,1.);
#6298 = DIRECTION('',(0.151930223547,-0.690591925215,0.707106781187));
#6299 = PCURVE('',#6230,#6300);
#6300 = DEFINITIONAL_REPRESENTATION('',(#6301),#6305);
#6301 = LINE('',#6302,#6303);
#6302 = CARTESIAN_POINT('',(-0.216550304976,-0.));
#6303 = VECTOR('',#6304,1.);
#6304 = DIRECTION('',(-0.,-1.));
#6305 = ( GEOMETRIC_REPRESENTATION_CONTEXT(2) 
PARAMETRIC_REPRESENTATION_CONTEXT() REPRESENTATION_CONTEXT('2D SPACE',''
  ) );
#6306 = PCURVE('',#6307,#6312);
#6307 = PLANE('',#6308);
#6308 = AXIS2_PLACEMENT_3D('',#6309,#6310,#6311);
#6309 = CARTESIAN_POINT('',(62.825277782014,6.682376151737,8.025));
#6310 = DIRECTION('',(0.151930223547,-0.690591925215,-0.707106781187));
#6311 = DIRECTION('',(0.976644466705,0.214861782675,6.938893903907E-17)
  );
#6312 = DEFINITIONAL_REPRESENTATION('',(#6313),#6317);
#6313 = LINE('',#6314,#6315);
#6314 = CARTESIAN_POINT('',(-1.129304982861E-15,-0.247487373415));
#6315 = VECTOR('',#6316,1.);
#6316 = DIRECTION('',(4.906538933387E-17,1.));
#6317 = ( GEOMETRIC_REPRESENTATION_CONTEXT(2) 
PARAMETRIC_REPRESENTATION_CONTEXT() REPRESENTATION_CONTEXT('2D SPACE',''
  ) );
#6318 = ORIENTED_EDGE('',*,*,#6319,.F.);
#6319 = EDGE_CURVE('',#6215,#6292,#6320,.T.);
#6320 = SURFACE_CURVE('',#6321,(#6326,#6333),.PCURVE_S1.);
#6321 = CIRCLE('',#6322,1.65);
#6322 = AXIS2_PLACEMENT_3D('',#6323,#6324,#6325);
#6323 = CARTESIAN_POINT('',(63.217400535397,4.9,8.2));
#6324 = DIRECTION('',(0.,0.,1.));
#6325 = DIRECTION('',(0.,1.,-0.));
#6326 = PCURVE('',#6230,#6327);
#6327 = DEFINITIONAL_REPRESENTATION('',(#6328),#6332);
#6328 = LINE('',#6329,#6330);
#6329 = CARTESIAN_POINT('',(-0.,-0.35));
#6330 = VECTOR('',#6331,1.);
#6331 = DIRECTION('',(-1.,-0.));
#6332 = ( GEOMETRIC_REPRESENTATION_CONTEXT(2) 
PARAMETRIC_REPRESENTATION_CONTEXT() REPRESENTATION_CONTEXT('2D SPACE',''
  ) );
#6333 = PCURVE('',#6175,#6334);
#6334 = DEFINITIONAL_REPRESENTATION('',(#6335),#6339);
#6335 = CIRCLE('',#6336,1.65);
#6336 = AXIS2_PLACEMENT_2D('',#6337,#6338);
#6337 = CARTESIAN_POINT('',(26.828334998074,14.711003159411));
#6338 = DIRECTION('',(0.,1.));
#6339 = ( GEOMETRIC_REPRESENTATION_CONTEXT(2) 
PARAMETRIC_REPRESENTATION_CONTEXT() REPRESENTATION_CONTEXT('2D SPACE',''
  ) );
#6340 = ADVANCED_FACE('',(#6341),#6307,.F.);
#6341 = FACE_BOUND('',#6342,.T.);
#6342 = EDGE_LOOP('',(#6343,#6344,#6367,#6395));
#6343 = ORIENTED_EDGE('',*,*,#6291,.F.);
#6344 = ORIENTED_EDGE('',*,*,#6345,.T.);
#6345 = EDGE_CURVE('',#6268,#6346,#6348,.T.);
#6346 = VERTEX_POINT('',#6347);
#6347 = CARTESIAN_POINT('',(43.212323029954,2.54671106659,7.85));
#6348 = SURFACE_CURVE('',#6349,(#6353,#6360),.PCURVE_S1.);
#6349 = LINE('',#6350,#6351);
#6350 = CARTESIAN_POINT('',(62.787676970046,6.85328893341,7.85));
#6351 = VECTOR('',#6352,1.);
#6352 = DIRECTION('',(-0.976644466705,-0.214861782675,0.));
#6353 = PCURVE('',#6307,#6354);
#6354 = DEFINITIONAL_REPRESENTATION('',(#6355),#6359);
#6355 = LINE('',#6356,#6357);
#6356 = CARTESIAN_POINT('',(-1.316655118266E-15,-0.247487373415));
#6357 = VECTOR('',#6358,1.);
#6358 = DIRECTION('',(-1.,4.163336342344E-17));
#6359 = ( GEOMETRIC_REPRESENTATION_CONTEXT(2) 
PARAMETRIC_REPRESENTATION_CONTEXT() REPRESENTATION_CONTEXT('2D SPACE',''
  ) );
#6360 = PCURVE('',#4913,#6361);
#6361 = DEFINITIONAL_REPRESENTATION('',(#6362),#6366);
#6362 = LINE('',#6363,#6364);
#6363 = CARTESIAN_POINT('',(0.217400535397,-3.45));
#6364 = VECTOR('',#6365,1.);
#6365 = DIRECTION('',(1.,0.));
#6366 = ( GEOMETRIC_REPRESENTATION_CONTEXT(2) 
PARAMETRIC_REPRESENTATION_CONTEXT() REPRESENTATION_CONTEXT('2D SPACE',''
  ) );
#6367 = ORIENTED_EDGE('',*,*,#6368,.T.);
#6368 = EDGE_CURVE('',#6346,#6369,#6371,.T.);
#6369 = VERTEX_POINT('',#6370);
#6370 = CARTESIAN_POINT('',(43.28752465389,2.204885503243,8.2));
#6371 = SURFACE_CURVE('',#6372,(#6376,#6383),.PCURVE_S1.);
#6372 = LINE('',#6373,#6374);
#6373 = CARTESIAN_POINT('',(43.249923841922,2.375798284916,8.025));
#6374 = VECTOR('',#6375,1.);
#6375 = DIRECTION('',(0.151930223547,-0.690591925215,0.707106781187));
#6376 = PCURVE('',#6307,#6377);
#6377 = DEFINITIONAL_REPRESENTATION('',(#6378),#6382);
#6378 = LINE('',#6379,#6380);
#6379 = CARTESIAN_POINT('',(-20.04348010707,9.643720823033E-16));
#6380 = VECTOR('',#6381,1.);
#6381 = DIRECTION('',(-6.44576189739E-18,1.));
#6382 = ( GEOMETRIC_REPRESENTATION_CONTEXT(2) 
PARAMETRIC_REPRESENTATION_CONTEXT() REPRESENTATION_CONTEXT('2D SPACE',''
  ) );
#6383 = PCURVE('',#6384,#6389);
#6384 = CONICAL_SURFACE('',#6385,2.,0.785398163397);
#6385 = AXIS2_PLACEMENT_3D('',#6386,#6387,#6388);
#6386 = CARTESIAN_POINT('',(42.782599464603,4.5,7.85));
#6387 = DIRECTION('',(0.,0.,1.));
#6388 = DIRECTION('',(0.214861782675,-0.976644466705,0.));
#6389 = DEFINITIONAL_REPRESENTATION('',(#6390),#6394);
#6390 = LINE('',#6391,#6392);
#6391 = CARTESIAN_POINT('',(-0.,0.175));
#6392 = VECTOR('',#6393,1.);
#6393 = DIRECTION('',(-0.,1.));
#6394 = ( GEOMETRIC_REPRESENTATION_CONTEXT(2) 
PARAMETRIC_REPRESENTATION_CONTEXT() REPRESENTATION_CONTEXT('2D SPACE',''
  ) );
#6395 = ORIENTED_EDGE('',*,*,#6396,.F.);
#6396 = EDGE_CURVE('',#6292,#6369,#6397,.T.);
#6397 = SURFACE_CURVE('',#6398,(#6402,#6409),.PCURVE_S1.);
#6398 = LINE('',#6399,#6400);
#6399 = CARTESIAN_POINT('',(62.862878593983,6.511463370063,8.2));
#6400 = VECTOR('',#6401,1.);
#6401 = DIRECTION('',(-0.976644466705,-0.214861782675,0.));
#6402 = PCURVE('',#6307,#6403);
#6403 = DEFINITIONAL_REPRESENTATION('',(#6404),#6408);
#6404 = LINE('',#6405,#6406);
#6405 = CARTESIAN_POINT('',(1.129304982861E-15,0.247487373415));
#6406 = VECTOR('',#6407,1.);
#6407 = DIRECTION('',(-1.,4.163336342344E-17));
#6408 = ( GEOMETRIC_REPRESENTATION_CONTEXT(2) 
PARAMETRIC_REPRESENTATION_CONTEXT() REPRESENTATION_CONTEXT('2D SPACE',''
  ) );
#6409 = PCURVE('',#6175,#6410);
#6410 = DEFINITIONAL_REPRESENTATION('',(#6411),#6415);
#6411 = LINE('',#6412,#6413);
#6412 = CARTESIAN_POINT('',(26.47381305666,16.322466529474));
#6413 = VECTOR('',#6414,1.);
#6414 = DIRECTION('',(-0.976644466705,-0.214861782675));
#6415 = ( GEOMETRIC_REPRESENTATION_CONTEXT(2) 
PARAMETRIC_REPRESENTATION_CONTEXT() REPRESENTATION_CONTEXT('2D SPACE',''
  ) );
#6416 = ADVANCED_FACE('',(#6417),#6384,.F.);
#6417 = FACE_BOUND('',#6418,.T.);
#6418 = EDGE_LOOP('',(#6419,#6420,#6444,#6472));
#6419 = ORIENTED_EDGE('',*,*,#6368,.F.);
#6420 = ORIENTED_EDGE('',*,*,#6421,.T.);
#6421 = EDGE_CURVE('',#6346,#6422,#6424,.T.);
#6422 = VERTEX_POINT('',#6423);
#6423 = CARTESIAN_POINT('',(42.782599464603,2.5,7.85));
#6424 = SURFACE_CURVE('',#6425,(#6430,#6437),.PCURVE_S1.);
#6425 = CIRCLE('',#6426,2.);
#6426 = AXIS2_PLACEMENT_3D('',#6427,#6428,#6429);
#6427 = CARTESIAN_POINT('',(42.782599464603,4.5,7.85));
#6428 = DIRECTION('',(0.,-0.,-1.));
#6429 = DIRECTION('',(0.214861782675,-0.976644466705,0.));
#6430 = PCURVE('',#6384,#6431);
#6431 = DEFINITIONAL_REPRESENTATION('',(#6432),#6436);
#6432 = LINE('',#6433,#6434);
#6433 = CARTESIAN_POINT('',(-0.,0.));
#6434 = VECTOR('',#6435,1.);
#6435 = DIRECTION('',(-1.,0.));
#6436 = ( GEOMETRIC_REPRESENTATION_CONTEXT(2) 
PARAMETRIC_REPRESENTATION_CONTEXT() REPRESENTATION_CONTEXT('2D SPACE',''
  ) );
#6437 = PCURVE('',#4946,#6438);
#6438 = DEFINITIONAL_REPRESENTATION('',(#6439),#6443);
#6439 = LINE('',#6440,#6441);
#6440 = CARTESIAN_POINT('',(-0.,3.45));
#6441 = VECTOR('',#6442,1.);
#6442 = DIRECTION('',(-1.,0.));
#6443 = ( GEOMETRIC_REPRESENTATION_CONTEXT(2) 
PARAMETRIC_REPRESENTATION_CONTEXT() REPRESENTATION_CONTEXT('2D SPACE',''
  ) );
#6444 = ORIENTED_EDGE('',*,*,#6445,.T.);
#6445 = EDGE_CURVE('',#6422,#6446,#6448,.T.);
#6446 = VERTEX_POINT('',#6447);
#6447 = CARTESIAN_POINT('',(42.782599464603,2.15,8.2));
#6448 = SURFACE_CURVE('',#6449,(#6453,#6460),.PCURVE_S1.);
#6449 = LINE('',#6450,#6451);
#6450 = CARTESIAN_POINT('',(42.782599464603,2.5,7.85));
#6451 = VECTOR('',#6452,1.);
#6452 = DIRECTION('',(-9.436895709314E-16,-0.707106781187,0.707106781187
    ));
#6453 = PCURVE('',#6384,#6454);
#6454 = DEFINITIONAL_REPRESENTATION('',(#6455),#6459);
#6455 = LINE('',#6456,#6457);
#6456 = CARTESIAN_POINT('',(-0.216550304976,0.));
#6457 = VECTOR('',#6458,1.);
#6458 = DIRECTION('',(-0.,1.));
#6459 = ( GEOMETRIC_REPRESENTATION_CONTEXT(2) 
PARAMETRIC_REPRESENTATION_CONTEXT() REPRESENTATION_CONTEXT('2D SPACE',''
  ) );
#6460 = PCURVE('',#6461,#6466);
#6461 = PLANE('',#6462);
#6462 = AXIS2_PLACEMENT_3D('',#6463,#6464,#6465);
#6463 = CARTESIAN_POINT('',(42.782599464603,2.325,8.025));
#6464 = DIRECTION('',(0.,-0.707106781187,-0.707106781187));
#6465 = DIRECTION('',(1.,0.,-0.));
#6466 = DEFINITIONAL_REPRESENTATION('',(#6467),#6471);
#6467 = LINE('',#6468,#6469);
#6468 = CARTESIAN_POINT('',(-0.,-0.247487373415));
#6469 = VECTOR('',#6470,1.);
#6470 = DIRECTION('',(-9.436895709314E-16,1.));
#6471 = ( GEOMETRIC_REPRESENTATION_CONTEXT(2) 
PARAMETRIC_REPRESENTATION_CONTEXT() REPRESENTATION_CONTEXT('2D SPACE',''
  ) );
#6472 = ORIENTED_EDGE('',*,*,#6473,.F.);
#6473 = EDGE_CURVE('',#6369,#6446,#6474,.T.);
#6474 = SURFACE_CURVE('',#6475,(#6480,#6487),.PCURVE_S1.);
#6475 = CIRCLE('',#6476,2.35);
#6476 = AXIS2_PLACEMENT_3D('',#6477,#6478,#6479);
#6477 = CARTESIAN_POINT('',(42.782599464603,4.5,8.2));
#6478 = DIRECTION('',(0.,-0.,-1.));
#6479 = DIRECTION('',(0.214861782675,-0.976644466705,0.));
#6480 = PCURVE('',#6384,#6481);
#6481 = DEFINITIONAL_REPRESENTATION('',(#6482),#6486);
#6482 = LINE('',#6483,#6484);
#6483 = CARTESIAN_POINT('',(-0.,0.35));
#6484 = VECTOR('',#6485,1.);
#6485 = DIRECTION('',(-1.,0.));
#6486 = ( GEOMETRIC_REPRESENTATION_CONTEXT(2) 
PARAMETRIC_REPRESENTATION_CONTEXT() REPRESENTATION_CONTEXT('2D SPACE',''
  ) );
#6487 = PCURVE('',#6175,#6488);
#6488 = DEFINITIONAL_REPRESENTATION('',(#6489),#6497);
#6489 = ( BOUNDED_CURVE() B_SPLINE_CURVE(2,(#6490,#6491,#6492,#6493,
#6494,#6495,#6496),.UNSPECIFIED.,.T.,.F.) B_SPLINE_CURVE_WITH_KNOTS((1,2
    ,2,2,2,1),(-2.094395102393,0.,2.094395102393,4.188790204786,
6.28318530718,8.377580409573),.UNSPECIFIED.) CURVE() 
GEOMETRIC_REPRESENTATION_ITEM() RATIONAL_B_SPLINE_CURVE((1.,0.5,1.,0.5,
1.,0.5,1.)) REPRESENTATION_ITEM('') );
#6490 = CARTESIAN_POINT('',(6.898459116568,12.015888662654));
#6491 = CARTESIAN_POINT('',(2.923204198997,11.141332580788));
#6492 = CARTESIAN_POINT('',(4.153443873852,15.021282366856));
#6493 = CARTESIAN_POINT('',(5.383683548708,18.901232152924));
#6494 = CARTESIAN_POINT('',(8.128698791423,15.895838448722));
#6495 = CARTESIAN_POINT('',(10.873714034139,12.890444744519));
#6496 = CARTESIAN_POINT('',(6.898459116568,12.015888662654));
#6497 = ( GEOMETRIC_REPRESENTATION_CONTEXT(2) 
PARAMETRIC_REPRESENTATION_CONTEXT() REPRESENTATION_CONTEXT('2D SPACE',''
  ) );
#6498 = ADVANCED_FACE('',(#6499),#6461,.F.);
#6499 = FACE_BOUND('',#6500,.T.);
#6500 = EDGE_LOOP('',(#6501,#6502,#6525,#6553));
#6501 = ORIENTED_EDGE('',*,*,#6445,.F.);
#6502 = ORIENTED_EDGE('',*,*,#6503,.T.);
#6503 = EDGE_CURVE('',#6422,#6504,#6506,.T.);
#6504 = VERTEX_POINT('',#6505);
#6505 = CARTESIAN_POINT('',(-0.5,2.5,7.85));
#6506 = SURFACE_CURVE('',#6507,(#6511,#6518),.PCURVE_S1.);
#6507 = LINE('',#6508,#6509);
#6508 = CARTESIAN_POINT('',(42.782599464603,2.5,7.85));
#6509 = VECTOR('',#6510,1.);
#6510 = DIRECTION('',(-1.,0.,0.));
#6511 = PCURVE('',#6461,#6512);
#6512 = DEFINITIONAL_REPRESENTATION('',(#6513),#6517);
#6513 = LINE('',#6514,#6515);
#6514 = CARTESIAN_POINT('',(-0.,-0.247487373415));
#6515 = VECTOR('',#6516,1.);
#6516 = DIRECTION('',(-1.,0.));
#6517 = ( GEOMETRIC_REPRESENTATION_CONTEXT(2) 
PARAMETRIC_REPRESENTATION_CONTEXT() REPRESENTATION_CONTEXT('2D SPACE',''
  ) );
#6518 = PCURVE('',#4974,#6519);
#6519 = DEFINITIONAL_REPRESENTATION('',(#6520),#6524);
#6520 = LINE('',#6521,#6522);
#6521 = CARTESIAN_POINT('',(0.217400535397,-3.45));
#6522 = VECTOR('',#6523,1.);
#6523 = DIRECTION('',(1.,0.));
#6524 = ( GEOMETRIC_REPRESENTATION_CONTEXT(2) 
PARAMETRIC_REPRESENTATION_CONTEXT() REPRESENTATION_CONTEXT('2D SPACE',''
  ) );
#6525 = ORIENTED_EDGE('',*,*,#6526,.T.);
#6526 = EDGE_CURVE('',#6504,#6527,#6529,.T.);
#6527 = VERTEX_POINT('',#6528);
#6528 = CARTESIAN_POINT('',(-0.5,2.15,8.2));
#6529 = SURFACE_CURVE('',#6530,(#6534,#6541),.PCURVE_S1.);
#6530 = LINE('',#6531,#6532);
#6531 = CARTESIAN_POINT('',(-0.5,2.325,8.025));
#6532 = VECTOR('',#6533,1.);
#6533 = DIRECTION('',(0.,-0.707106781187,0.707106781187));
#6534 = PCURVE('',#6461,#6535);
#6535 = DEFINITIONAL_REPRESENTATION('',(#6536),#6540);
#6536 = LINE('',#6537,#6538);
#6537 = CARTESIAN_POINT('',(-43.2825994646,0.));
#6538 = VECTOR('',#6539,1.);
#6539 = DIRECTION('',(-0.,1.));
#6540 = ( GEOMETRIC_REPRESENTATION_CONTEXT(2) 
PARAMETRIC_REPRESENTATION_CONTEXT() REPRESENTATION_CONTEXT('2D SPACE',''
  ) );
#6541 = PCURVE('',#6542,#6547);
#6542 = CONICAL_SURFACE('',#6543,2.,0.785398163397);
#6543 = AXIS2_PLACEMENT_3D('',#6544,#6545,#6546);
#6544 = CARTESIAN_POINT('',(-0.5,0.5,7.85));
#6545 = DIRECTION('',(-0.,-0.,-1.));
#6546 = DIRECTION('',(-1.110223024625E-16,1.,0.));
#6547 = DEFINITIONAL_REPRESENTATION('',(#6548),#6552);
#6548 = LINE('',#6549,#6550);
#6549 = CARTESIAN_POINT('',(-0.,-0.175));
#6550 = VECTOR('',#6551,1.);
#6551 = DIRECTION('',(-0.,-1.));
#6552 = ( GEOMETRIC_REPRESENTATION_CONTEXT(2) 
PARAMETRIC_REPRESENTATION_CONTEXT() REPRESENTATION_CONTEXT('2D SPACE',''
  ) );
#6553 = ORIENTED_EDGE('',*,*,#6554,.F.);
#6554 = EDGE_CURVE('',#6446,#6527,#6555,.T.);
#6555 = SURFACE_CURVE('',#6556,(#6560,#6567),.PCURVE_S1.);
#6556 = LINE('',#6557,#6558);
#6557 = CARTESIAN_POINT('',(42.782599464603,2.15,8.2));
#6558 = VECTOR('',#6559,1.);
#6559 = DIRECTION('',(-1.,0.,0.));
#6560 = PCURVE('',#6461,#6561);
#6561 = DEFINITIONAL_REPRESENTATION('',(#6562),#6566);
#6562 = LINE('',#6563,#6564);
#6563 = CARTESIAN_POINT('',(-0.,0.247487373415));
#6564 = VECTOR('',#6565,1.);
#6565 = DIRECTION('',(-1.,0.));
#6566 = ( GEOMETRIC_REPRESENTATION_CONTEXT(2) 
PARAMETRIC_REPRESENTATION_CONTEXT() REPRESENTATION_CONTEXT('2D SPACE',''
  ) );
#6567 = PCURVE('',#6175,#6568);
#6568 = DEFINITIONAL_REPRESENTATION('',(#6569),#6573);
#6569 = LINE('',#6570,#6571);
#6570 = CARTESIAN_POINT('',(6.393533927281,11.961003159411));
#6571 = VECTOR('',#6572,1.);
#6572 = DIRECTION('',(-1.,0.));
#6573 = ( GEOMETRIC_REPRESENTATION_CONTEXT(2) 
PARAMETRIC_REPRESENTATION_CONTEXT() REPRESENTATION_CONTEXT('2D SPACE',''
  ) );
#6574 = ADVANCED_FACE('',(#6575),#6542,.T.);
#6575 = FACE_BOUND('',#6576,.T.);
#6576 = EDGE_LOOP('',(#6577,#6578,#6600,#6623));
#6577 = ORIENTED_EDGE('',*,*,#6526,.F.);
#6578 = ORIENTED_EDGE('',*,*,#6579,.T.);
#6579 = EDGE_CURVE('',#6504,#318,#6580,.T.);
#6580 = SURFACE_CURVE('',#6581,(#6586,#6593),.PCURVE_S1.);
#6581 = CIRCLE('',#6582,2.);
#6582 = AXIS2_PLACEMENT_3D('',#6583,#6584,#6585);
#6583 = CARTESIAN_POINT('',(-0.5,0.5,7.85));
#6584 = DIRECTION('',(0.,0.,1.));
#6585 = DIRECTION('',(-1.110223024625E-16,1.,0.));
#6586 = PCURVE('',#6542,#6587);
#6587 = DEFINITIONAL_REPRESENTATION('',(#6588),#6592);
#6588 = LINE('',#6589,#6590);
#6589 = CARTESIAN_POINT('',(-0.,-0.));
#6590 = VECTOR('',#6591,1.);
#6591 = DIRECTION('',(-1.,-0.));
#6592 = ( GEOMETRIC_REPRESENTATION_CONTEXT(2) 
PARAMETRIC_REPRESENTATION_CONTEXT() REPRESENTATION_CONTEXT('2D SPACE',''
  ) );
#6593 = PCURVE('',#333,#6594);
#6594 = DEFINITIONAL_REPRESENTATION('',(#6595),#6599);
#6595 = LINE('',#6596,#6597);
#6596 = CARTESIAN_POINT('',(0.,3.45));
#6597 = VECTOR('',#6598,1.);
#6598 = DIRECTION('',(1.,0.));
#6599 = ( GEOMETRIC_REPRESENTATION_CONTEXT(2) 
PARAMETRIC_REPRESENTATION_CONTEXT() REPRESENTATION_CONTEXT('2D SPACE',''
  ) );
#6600 = ORIENTED_EDGE('',*,*,#6601,.T.);
#6601 = EDGE_CURVE('',#318,#6602,#6604,.T.);
#6602 = VERTEX_POINT('',#6603);
#6603 = CARTESIAN_POINT('',(-2.15,0.5,8.2));
#6604 = SURFACE_CURVE('',#6605,(#6609,#6616),.PCURVE_S1.);
#6605 = LINE('',#6606,#6607);
#6606 = CARTESIAN_POINT('',(-2.5,0.5,7.85));
#6607 = VECTOR('',#6608,1.);
#6608 = DIRECTION('',(0.707106781187,3.520682012241E-17,0.707106781187)
  );
#6609 = PCURVE('',#6542,#6610);
#6610 = DEFINITIONAL_REPRESENTATION('',(#6611),#6615);
#6611 = LINE('',#6612,#6613);
#6612 = CARTESIAN_POINT('',(-1.570796326795,-0.));
#6613 = VECTOR('',#6614,1.);
#6614 = DIRECTION('',(-0.,-1.));
#6615 = ( GEOMETRIC_REPRESENTATION_CONTEXT(2) 
PARAMETRIC_REPRESENTATION_CONTEXT() REPRESENTATION_CONTEXT('2D SPACE',''
  ) );
#6616 = PCURVE('',#359,#6617);
#6617 = DEFINITIONAL_REPRESENTATION('',(#6618),#6622);
#6618 = LINE('',#6619,#6620);
#6619 = CARTESIAN_POINT('',(-1.110223024625E-16,-0.247487373415));
#6620 = VECTOR('',#6621,1.);
#6621 = DIRECTION('',(3.520682012241E-17,1.));
#6622 = ( GEOMETRIC_REPRESENTATION_CONTEXT(2) 
PARAMETRIC_REPRESENTATION_CONTEXT() REPRESENTATION_CONTEXT('2D SPACE',''
  ) );
#6623 = ORIENTED_EDGE('',*,*,#6624,.F.);
#6624 = EDGE_CURVE('',#6527,#6602,#6625,.T.);
#6625 = SURFACE_CURVE('',#6626,(#6631,#6638),.PCURVE_S1.);
#6626 = CIRCLE('',#6627,1.65);
#6627 = AXIS2_PLACEMENT_3D('',#6628,#6629,#6630);
#6628 = CARTESIAN_POINT('',(-0.5,0.5,8.2));
#6629 = DIRECTION('',(0.,0.,1.));
#6630 = DIRECTION('',(-1.110223024625E-16,1.,0.));
#6631 = PCURVE('',#6542,#6632);
#6632 = DEFINITIONAL_REPRESENTATION('',(#6633),#6637);
#6633 = LINE('',#6634,#6635);
#6634 = CARTESIAN_POINT('',(-0.,-0.35));
#6635 = VECTOR('',#6636,1.);
#6636 = DIRECTION('',(-1.,-0.));
#6637 = ( GEOMETRIC_REPRESENTATION_CONTEXT(2) 
PARAMETRIC_REPRESENTATION_CONTEXT() REPRESENTATION_CONTEXT('2D SPACE',''
  ) );
#6638 = PCURVE('',#6175,#6639);
#6639 = DEFINITIONAL_REPRESENTATION('',(#6640),#6644);
#6640 = CIRCLE('',#6641,1.65);
#6641 = AXIS2_PLACEMENT_2D('',#6642,#6643);
#6642 = CARTESIAN_POINT('',(-36.88906553732,10.311003159411));
#6643 = DIRECTION('',(-1.110223024625E-16,1.));
#6644 = ( GEOMETRIC_REPRESENTATION_CONTEXT(2) 
PARAMETRIC_REPRESENTATION_CONTEXT() REPRESENTATION_CONTEXT('2D SPACE',''
  ) );
#6645 = ADVANCED_FACE('',(#6646,#6775,#6810,#6912),#6175,.T.);
#6646 = FACE_BOUND('',#6647,.T.);
#6647 = EDGE_LOOP('',(#6648,#6673,#6702,#6723,#6724,#6725,#6726,#6727,
    #6728,#6729,#6730,#6753));
#6648 = ORIENTED_EDGE('',*,*,#6649,.T.);
#6649 = EDGE_CURVE('',#6650,#6652,#6654,.T.);
#6650 = VERTEX_POINT('',#6651);
#6651 = CARTESIAN_POINT('',(-0.5,-23.35,8.2));
#6652 = VERTEX_POINT('',#6653);
#6653 = CARTESIAN_POINT('',(71.6,-23.35,8.2));
#6654 = SURFACE_CURVE('',#6655,(#6659,#6666),.PCURVE_S1.);
#6655 = LINE('',#6656,#6657);
#6656 = CARTESIAN_POINT('',(-0.5,-23.35,8.2));
#6657 = VECTOR('',#6658,1.);
#6658 = DIRECTION('',(1.,0.,0.));
#6659 = PCURVE('',#6175,#6660);
#6660 = DEFINITIONAL_REPRESENTATION('',(#6661),#6665);
#6661 = LINE('',#6662,#6663);
#6662 = CARTESIAN_POINT('',(-36.88906553732,-13.53899684058));
#6663 = VECTOR('',#6664,1.);
#6664 = DIRECTION('',(1.,0.));
#6665 = ( GEOMETRIC_REPRESENTATION_CONTEXT(2) 
PARAMETRIC_REPRESENTATION_CONTEXT() REPRESENTATION_CONTEXT('2D SPACE',''
  ) );
#6666 = PCURVE('',#98,#6667);
#6667 = DEFINITIONAL_REPRESENTATION('',(#6668),#6672);
#6668 = LINE('',#6669,#6670);
#6669 = CARTESIAN_POINT('',(-1.685188701339E-33,0.247487373415));
#6670 = VECTOR('',#6671,1.);
#6671 = DIRECTION('',(-1.,0.));
#6672 = ( GEOMETRIC_REPRESENTATION_CONTEXT(2) 
PARAMETRIC_REPRESENTATION_CONTEXT() REPRESENTATION_CONTEXT('2D SPACE',''
  ) );
#6673 = ORIENTED_EDGE('',*,*,#6674,.T.);
#6674 = EDGE_CURVE('',#6652,#6675,#6677,.T.);
#6675 = VERTEX_POINT('',#6676);
#6676 = CARTESIAN_POINT('',(73.25,-21.7,8.2));
#6677 = SURFACE_CURVE('',#6678,(#6683,#6690),.PCURVE_S1.);
#6678 = CIRCLE('',#6679,1.65);
#6679 = AXIS2_PLACEMENT_3D('',#6680,#6681,#6682);
#6680 = CARTESIAN_POINT('',(71.6,-21.7,8.2));
#6681 = DIRECTION('',(0.,0.,1.));
#6682 = DIRECTION('',(0.,-1.,0.));
#6683 = PCURVE('',#6175,#6684);
#6684 = DEFINITIONAL_REPRESENTATION('',(#6685),#6689);
#6685 = CIRCLE('',#6686,1.65);
#6686 = AXIS2_PLACEMENT_2D('',#6687,#6688);
#6687 = CARTESIAN_POINT('',(35.210934462678,-11.88899684058));
#6688 = DIRECTION('',(0.,-1.));
#6689 = ( GEOMETRIC_REPRESENTATION_CONTEXT(2) 
PARAMETRIC_REPRESENTATION_CONTEXT() REPRESENTATION_CONTEXT('2D SPACE',''
  ) );
#6690 = PCURVE('',#6691,#6696);
#6691 = CONICAL_SURFACE('',#6692,2.,0.785398163397);
#6692 = AXIS2_PLACEMENT_3D('',#6693,#6694,#6695);
#6693 = CARTESIAN_POINT('',(71.6,-21.7,7.85));
#6694 = DIRECTION('',(-0.,-0.,-1.));
#6695 = DIRECTION('',(0.,-1.,0.));
#6696 = DEFINITIONAL_REPRESENTATION('',(#6697),#6701);
#6697 = LINE('',#6698,#6699);
#6698 = CARTESIAN_POINT('',(-0.,-0.35));
#6699 = VECTOR('',#6700,1.);
#6700 = DIRECTION('',(-1.,-0.));
#6701 = ( GEOMETRIC_REPRESENTATION_CONTEXT(2) 
PARAMETRIC_REPRESENTATION_CONTEXT() REPRESENTATION_CONTEXT('2D SPACE',''
  ) );
#6702 = ORIENTED_EDGE('',*,*,#6703,.T.);
#6703 = EDGE_CURVE('',#6675,#6104,#6704,.T.);
#6704 = SURFACE_CURVE('',#6705,(#6709,#6716),.PCURVE_S1.);
#6705 = LINE('',#6706,#6707);
#6706 = CARTESIAN_POINT('',(73.25,-21.7,8.2));
#6707 = VECTOR('',#6708,1.);
#6708 = DIRECTION('',(0.,1.,0.));
#6709 = PCURVE('',#6175,#6710);
#6710 = DEFINITIONAL_REPRESENTATION('',(#6711),#6715);
#6711 = LINE('',#6712,#6713);
#6712 = CARTESIAN_POINT('',(36.860934462678,-11.88899684058));
#6713 = VECTOR('',#6714,1.);
#6714 = DIRECTION('',(0.,1.));
#6715 = ( GEOMETRIC_REPRESENTATION_CONTEXT(2) 
PARAMETRIC_REPRESENTATION_CONTEXT() REPRESENTATION_CONTEXT('2D SPACE',''
  ) );
#6716 = PCURVE('',#6119,#6717);
#6717 = DEFINITIONAL_REPRESENTATION('',(#6718),#6722);
#6718 = LINE('',#6719,#6720);
#6719 = CARTESIAN_POINT('',(-0.,0.247487373415));
#6720 = VECTOR('',#6721,1.);
#6721 = DIRECTION('',(-1.,0.));
#6722 = ( GEOMETRIC_REPRESENTATION_CONTEXT(2) 
PARAMETRIC_REPRESENTATION_CONTEXT() REPRESENTATION_CONTEXT('2D SPACE',''
  ) );
#6723 = ORIENTED_EDGE('',*,*,#6160,.T.);
#6724 = ORIENTED_EDGE('',*,*,#6242,.T.);
#6725 = ORIENTED_EDGE('',*,*,#6319,.T.);
#6726 = ORIENTED_EDGE('',*,*,#6396,.T.);
#6727 = ORIENTED_EDGE('',*,*,#6473,.T.);
#6728 = ORIENTED_EDGE('',*,*,#6554,.T.);
#6729 = ORIENTED_EDGE('',*,*,#6624,.T.);
#6730 = ORIENTED_EDGE('',*,*,#6731,.T.);
#6731 = EDGE_CURVE('',#6602,#6732,#6734,.T.);
#6732 = VERTEX_POINT('',#6733);
#6733 = CARTESIAN_POINT('',(-2.15,-21.7,8.2));
#6734 = SURFACE_CURVE('',#6735,(#6739,#6746),.PCURVE_S1.);
#6735 = LINE('',#6736,#6737);
#6736 = CARTESIAN_POINT('',(-2.15,0.5,8.2));
#6737 = VECTOR('',#6738,1.);
#6738 = DIRECTION('',(0.,-1.,0.));
#6739 = PCURVE('',#6175,#6740);
#6740 = DEFINITIONAL_REPRESENTATION('',(#6741),#6745);
#6741 = LINE('',#6742,#6743);
#6742 = CARTESIAN_POINT('',(-38.53906553732,10.311003159411));
#6743 = VECTOR('',#6744,1.);
#6744 = DIRECTION('',(0.,-1.));
#6745 = ( GEOMETRIC_REPRESENTATION_CONTEXT(2) 
PARAMETRIC_REPRESENTATION_CONTEXT() REPRESENTATION_CONTEXT('2D SPACE',''
  ) );
#6746 = PCURVE('',#359,#6747);
#6747 = DEFINITIONAL_REPRESENTATION('',(#6748),#6752);
#6748 = LINE('',#6749,#6750);
#6749 = CARTESIAN_POINT('',(-0.,0.247487373415));
#6750 = VECTOR('',#6751,1.);
#6751 = DIRECTION('',(-1.,0.));
#6752 = ( GEOMETRIC_REPRESENTATION_CONTEXT(2) 
PARAMETRIC_REPRESENTATION_CONTEXT() REPRESENTATION_CONTEXT('2D SPACE',''
  ) );
#6753 = ORIENTED_EDGE('',*,*,#6754,.T.);
#6754 = EDGE_CURVE('',#6732,#6650,#6755,.T.);
#6755 = SURFACE_CURVE('',#6756,(#6761,#6768),.PCURVE_S1.);
#6756 = CIRCLE('',#6757,1.65);
#6757 = AXIS2_PLACEMENT_3D('',#6758,#6759,#6760);
#6758 = CARTESIAN_POINT('',(-0.5,-21.7,8.2));
#6759 = DIRECTION('',(0.,0.,1.));
#6760 = DIRECTION('',(-1.,0.,0.));
#6761 = PCURVE('',#6175,#6762);
#6762 = DEFINITIONAL_REPRESENTATION('',(#6763),#6767);
#6763 = CIRCLE('',#6764,1.65);
#6764 = AXIS2_PLACEMENT_2D('',#6765,#6766);
#6765 = CARTESIAN_POINT('',(-36.88906553732,-11.88899684058));
#6766 = DIRECTION('',(-1.,0.));
#6767 = ( GEOMETRIC_REPRESENTATION_CONTEXT(2) 
PARAMETRIC_REPRESENTATION_CONTEXT() REPRESENTATION_CONTEXT('2D SPACE',''
  ) );
#6768 = PCURVE('',#240,#6769);
#6769 = DEFINITIONAL_REPRESENTATION('',(#6770),#6774);
#6770 = LINE('',#6771,#6772);
#6771 = CARTESIAN_POINT('',(-0.,-0.35));
#6772 = VECTOR('',#6773,1.);
#6773 = DIRECTION('',(-1.,-0.));
#6774 = ( GEOMETRIC_REPRESENTATION_CONTEXT(2) 
PARAMETRIC_REPRESENTATION_CONTEXT() REPRESENTATION_CONTEXT('2D SPACE',''
  ) );
#6775 = FACE_BOUND('',#6776,.T.);
#6776 = EDGE_LOOP('',(#6777));
#6777 = ORIENTED_EDGE('',*,*,#6778,.T.);
#6778 = EDGE_CURVE('',#6779,#6779,#6781,.T.);
#6779 = VERTEX_POINT('',#6780);
#6780 = CARTESIAN_POINT('',(63.492766952966,-14.732,8.2));
#6781 = SURFACE_CURVE('',#6782,(#6787,#6798),.PCURVE_S1.);
#6782 = CIRCLE('',#6783,3.167766952966);
#6783 = AXIS2_PLACEMENT_3D('',#6784,#6785,#6786);
#6784 = CARTESIAN_POINT('',(60.325,-14.732,8.2));
#6785 = DIRECTION('',(0.,0.,-1.));
#6786 = DIRECTION('',(1.,0.,0.));
#6787 = PCURVE('',#6175,#6788);
#6788 = DEFINITIONAL_REPRESENTATION('',(#6789),#6797);
#6789 = ( BOUNDED_CURVE() B_SPLINE_CURVE(2,(#6790,#6791,#6792,#6793,
#6794,#6795,#6796),.UNSPECIFIED.,.T.,.F.) B_SPLINE_CURVE_WITH_KNOTS((1,2
    ,2,2,2,1),(-2.094395102393,0.,2.094395102393,4.188790204786,
6.28318530718,8.377580409573),.UNSPECIFIED.) CURVE() 
GEOMETRIC_REPRESENTATION_ITEM() RATIONAL_B_SPLINE_CURVE((1.,0.5,1.,0.5,
1.,0.5,1.)) REPRESENTATION_ITEM('') );
#6790 = CARTESIAN_POINT('',(27.103701415644,-4.920996840589));
#6791 = CARTESIAN_POINT('',(27.103701415644,-10.40773014966));
#6792 = CARTESIAN_POINT('',(22.352050986194,-7.664363495127));
#6793 = CARTESIAN_POINT('',(17.600400556745,-4.920996840589));
#6794 = CARTESIAN_POINT('',(22.352050986194,-2.177630186052));
#6795 = CARTESIAN_POINT('',(27.103701415644,0.565736468486));
#6796 = CARTESIAN_POINT('',(27.103701415644,-4.920996840589));
#6797 = ( GEOMETRIC_REPRESENTATION_CONTEXT(2) 
PARAMETRIC_REPRESENTATION_CONTEXT() REPRESENTATION_CONTEXT('2D SPACE',''
  ) );
#6798 = PCURVE('',#6799,#6804);
#6799 = CYLINDRICAL_SURFACE('',#6800,3.167766952966);
#6800 = AXIS2_PLACEMENT_3D('',#6801,#6802,#6803);
#6801 = CARTESIAN_POINT('',(60.325,-14.732,3.4));
#6802 = DIRECTION('',(-0.,-0.,-1.));
#6803 = DIRECTION('',(1.,0.,0.));
#6804 = DEFINITIONAL_REPRESENTATION('',(#6805),#6809);
#6805 = LINE('',#6806,#6807);
#6806 = CARTESIAN_POINT('',(-6.28318530718,-4.8));
#6807 = VECTOR('',#6808,1.);
#6808 = DIRECTION('',(1.,-0.));
#6809 = ( GEOMETRIC_REPRESENTATION_CONTEXT(2) 
PARAMETRIC_REPRESENTATION_CONTEXT() REPRESENTATION_CONTEXT('2D SPACE',''
  ) );
#6810 = FACE_BOUND('',#6811,.T.);
#6811 = EDGE_LOOP('',(#6812,#6839,#6864,#6889));
#6812 = ORIENTED_EDGE('',*,*,#6813,.T.);
#6813 = EDGE_CURVE('',#6814,#6816,#6818,.T.);
#6814 = VERTEX_POINT('',#6815);
#6815 = CARTESIAN_POINT('',(44.141677391304,-5.501862608696,8.2));
#6816 = VERTEX_POINT('',#6817);
#6817 = CARTESIAN_POINT('',(44.141677391304,-17.9822973913,8.2));
#6818 = SURFACE_CURVE('',#6819,(#6822,#6828),.PCURVE_S1.);
#6819 = B_SPLINE_CURVE_WITH_KNOTS('',1,(#6820,#6821),.UNSPECIFIED.,.F.,
  .F.,(2,2),(0.,1.),.PIECEWISE_BEZIER_KNOTS.);
#6820 = CARTESIAN_POINT('',(44.141677391304,-5.501862608696,8.2));
#6821 = CARTESIAN_POINT('',(44.141677391304,-17.9822973913,8.2));
#6822 = PCURVE('',#6175,#6823);
#6823 = DEFINITIONAL_REPRESENTATION('',(#6824),#6827);
#6824 = B_SPLINE_CURVE_WITH_KNOTS('',1,(#6825,#6826),.UNSPECIFIED.,.F.,
  .F.,(2,2),(0.,1.),.PIECEWISE_BEZIER_KNOTS.);
#6825 = CARTESIAN_POINT('',(7.752611853982,4.309140550715));
#6826 = CARTESIAN_POINT('',(7.752611853982,-8.171294231894));
#6827 = ( GEOMETRIC_REPRESENTATION_CONTEXT(2) 
PARAMETRIC_REPRESENTATION_CONTEXT() REPRESENTATION_CONTEXT('2D SPACE',''
  ) );
#6828 = PCURVE('',#6829,#6834);
#6829 = B_SPLINE_SURFACE_WITH_KNOTS('',1,1,(
    (#6830,#6831)
    ,(#6832,#6833
    )),.UNSPECIFIED.,.F.,.F.,.F.,(2,2),(2,2),(0.,12.5),(0.,1.),
  .PIECEWISE_BEZIER_KNOTS.);
#6830 = CARTESIAN_POINT('',(43.70146,-17.54208,7.75));
#6831 = CARTESIAN_POINT('',(44.15146,-17.99208,8.21));
#6832 = CARTESIAN_POINT('',(43.70146,-5.94208,7.75));
#6833 = CARTESIAN_POINT('',(44.15146,-5.49208,8.21));
#6834 = DEFINITIONAL_REPRESENTATION('',(#6835),#6838);
#6835 = B_SPLINE_CURVE_WITH_KNOTS('',1,(#6836,#6837),.UNSPECIFIED.,.F.,
  .F.,(2,2),(0.,1.),.PIECEWISE_BEZIER_KNOTS.);
#6836 = CARTESIAN_POINT('',(12.5,0.978260869565));
#6837 = CARTESIAN_POINT('',(0.,0.978260869565));
#6838 = ( GEOMETRIC_REPRESENTATION_CONTEXT(2) 
PARAMETRIC_REPRESENTATION_CONTEXT() REPRESENTATION_CONTEXT('2D SPACE',''
  ) );
#6839 = ORIENTED_EDGE('',*,*,#6840,.T.);
#6840 = EDGE_CURVE('',#6816,#6841,#6843,.T.);
#6841 = VERTEX_POINT('',#6842);
#6842 = CARTESIAN_POINT('',(20.761242608696,-17.9822973913,8.2));
#6843 = SURFACE_CURVE('',#6844,(#6847,#6853),.PCURVE_S1.);
#6844 = B_SPLINE_CURVE_WITH_KNOTS('',1,(#6845,#6846),.UNSPECIFIED.,.F.,
  .F.,(2,2),(0.,1.),.PIECEWISE_BEZIER_KNOTS.);
#6845 = CARTESIAN_POINT('',(44.141677391304,-17.9822973913,8.2));
#6846 = CARTESIAN_POINT('',(20.761242608696,-17.9822973913,8.2));
#6847 = PCURVE('',#6175,#6848);
#6848 = DEFINITIONAL_REPRESENTATION('',(#6849),#6852);
#6849 = B_SPLINE_CURVE_WITH_KNOTS('',1,(#6850,#6851),.UNSPECIFIED.,.F.,
  .F.,(2,2),(0.,1.),.PIECEWISE_BEZIER_KNOTS.);
#6850 = CARTESIAN_POINT('',(7.752611853982,-8.171294231894));
#6851 = CARTESIAN_POINT('',(-15.62782292862,-8.171294231894));
#6852 = ( GEOMETRIC_REPRESENTATION_CONTEXT(2) 
PARAMETRIC_REPRESENTATION_CONTEXT() REPRESENTATION_CONTEXT('2D SPACE',''
  ) );
#6853 = PCURVE('',#6854,#6859);
#6854 = B_SPLINE_SURFACE_WITH_KNOTS('',1,1,(
    (#6855,#6856)
    ,(#6857,#6858
    )),.UNSPECIFIED.,.F.,.F.,.F.,(2,2),(2,2),(0.,23.4),(0.,1.),
  .PIECEWISE_BEZIER_KNOTS.);
#6855 = CARTESIAN_POINT('',(21.20146,-17.54208,7.75));
#6856 = CARTESIAN_POINT('',(20.75146,-17.99208,8.21));
#6857 = CARTESIAN_POINT('',(43.70146,-17.54208,7.75));
#6858 = CARTESIAN_POINT('',(44.15146,-17.99208,8.21));
#6859 = DEFINITIONAL_REPRESENTATION('',(#6860),#6863);
#6860 = B_SPLINE_CURVE_WITH_KNOTS('',1,(#6861,#6862),.UNSPECIFIED.,.F.,
  .F.,(2,2),(0.,1.),.PIECEWISE_BEZIER_KNOTS.);
#6861 = CARTESIAN_POINT('',(23.4,0.978260869565));
#6862 = CARTESIAN_POINT('',(0.,0.978260869565));
#6863 = ( GEOMETRIC_REPRESENTATION_CONTEXT(2) 
PARAMETRIC_REPRESENTATION_CONTEXT() REPRESENTATION_CONTEXT('2D SPACE',''
  ) );
#6864 = ORIENTED_EDGE('',*,*,#6865,.T.);
#6865 = EDGE_CURVE('',#6841,#6866,#6868,.T.);
#6866 = VERTEX_POINT('',#6867);
#6867 = CARTESIAN_POINT('',(20.761242608696,-5.501862608696,8.2));
#6868 = SURFACE_CURVE('',#6869,(#6872,#6878),.PCURVE_S1.);
#6869 = B_SPLINE_CURVE_WITH_KNOTS('',1,(#6870,#6871),.UNSPECIFIED.,.F.,
  .F.,(2,2),(0.,1.),.PIECEWISE_BEZIER_KNOTS.);
#6870 = CARTESIAN_POINT('',(20.761242608696,-17.9822973913,8.2));
#6871 = CARTESIAN_POINT('',(20.761242608696,-5.501862608696,8.2));
#6872 = PCURVE('',#6175,#6873);
#6873 = DEFINITIONAL_REPRESENTATION('',(#6874),#6877);
#6874 = B_SPLINE_CURVE_WITH_KNOTS('',1,(#6875,#6876),.UNSPECIFIED.,.F.,
  .F.,(2,2),(0.,1.),.PIECEWISE_BEZIER_KNOTS.);
#6875 = CARTESIAN_POINT('',(-15.62782292862,-8.171294231894));
#6876 = CARTESIAN_POINT('',(-15.62782292862,4.309140550715));
#6877 = ( GEOMETRIC_REPRESENTATION_CONTEXT(2) 
PARAMETRIC_REPRESENTATION_CONTEXT() REPRESENTATION_CONTEXT('2D SPACE',''
  ) );
#6878 = PCURVE('',#6879,#6884);
#6879 = B_SPLINE_SURFACE_WITH_KNOTS('',1,1,(
    (#6880,#6881)
    ,(#6882,#6883
    )),.UNSPECIFIED.,.F.,.F.,.F.,(2,2),(2,2),(0.,12.5),(0.,1.),
  .PIECEWISE_BEZIER_KNOTS.);
#6880 = CARTESIAN_POINT('',(21.20146,-5.94208,7.75));
#6881 = CARTESIAN_POINT('',(20.75146,-5.49208,8.21));
#6882 = CARTESIAN_POINT('',(21.20146,-17.54208,7.75));
#6883 = CARTESIAN_POINT('',(20.75146,-17.99208,8.21));
#6884 = DEFINITIONAL_REPRESENTATION('',(#6885),#6888);
#6885 = B_SPLINE_CURVE_WITH_KNOTS('',1,(#6886,#6887),.UNSPECIFIED.,.F.,
  .F.,(2,2),(0.,1.),.PIECEWISE_BEZIER_KNOTS.);
#6886 = CARTESIAN_POINT('',(12.5,0.978260869565));
#6887 = CARTESIAN_POINT('',(0.,0.978260869565));
#6888 = ( GEOMETRIC_REPRESENTATION_CONTEXT(2) 
PARAMETRIC_REPRESENTATION_CONTEXT() REPRESENTATION_CONTEXT('2D SPACE',''
  ) );
#6889 = ORIENTED_EDGE('',*,*,#6890,.T.);
#6890 = EDGE_CURVE('',#6866,#6814,#6891,.T.);
#6891 = SURFACE_CURVE('',#6892,(#6895,#6901),.PCURVE_S1.);
#6892 = B_SPLINE_CURVE_WITH_KNOTS('',1,(#6893,#6894),.UNSPECIFIED.,.F.,
  .F.,(2,2),(0.,1.),.PIECEWISE_BEZIER_KNOTS.);
#6893 = CARTESIAN_POINT('',(20.761242608696,-5.501862608696,8.2));
#6894 = CARTESIAN_POINT('',(44.141677391304,-5.501862608696,8.2));
#6895 = PCURVE('',#6175,#6896);
#6896 = DEFINITIONAL_REPRESENTATION('',(#6897),#6900);
#6897 = B_SPLINE_CURVE_WITH_KNOTS('',1,(#6898,#6899),.UNSPECIFIED.,.F.,
  .F.,(2,2),(0.,1.),.PIECEWISE_BEZIER_KNOTS.);
#6898 = CARTESIAN_POINT('',(-15.62782292862,4.309140550715));
#6899 = CARTESIAN_POINT('',(7.752611853982,4.309140550715));
#6900 = ( GEOMETRIC_REPRESENTATION_CONTEXT(2) 
PARAMETRIC_REPRESENTATION_CONTEXT() REPRESENTATION_CONTEXT('2D SPACE',''
  ) );
#6901 = PCURVE('',#6902,#6907);
#6902 = B_SPLINE_SURFACE_WITH_KNOTS('',1,1,(
    (#6903,#6904)
    ,(#6905,#6906
    )),.UNSPECIFIED.,.F.,.F.,.F.,(2,2),(2,2),(0.,23.4),(0.,1.),
  .PIECEWISE_BEZIER_KNOTS.);
#6903 = CARTESIAN_POINT('',(43.70146,-5.94208,7.75));
#6904 = CARTESIAN_POINT('',(44.15146,-5.49208,8.21));
#6905 = CARTESIAN_POINT('',(21.20146,-5.94208,7.75));
#6906 = CARTESIAN_POINT('',(20.75146,-5.49208,8.21));
#6907 = DEFINITIONAL_REPRESENTATION('',(#6908),#6911);
#6908 = B_SPLINE_CURVE_WITH_KNOTS('',1,(#6909,#6910),.UNSPECIFIED.,.F.,
  .F.,(2,2),(0.,1.),.PIECEWISE_BEZIER_KNOTS.);
#6909 = CARTESIAN_POINT('',(23.4,0.978260869565));
#6910 = CARTESIAN_POINT('',(0.,0.978260869565));
#6911 = ( GEOMETRIC_REPRESENTATION_CONTEXT(2) 
PARAMETRIC_REPRESENTATION_CONTEXT() REPRESENTATION_CONTEXT('2D SPACE',''
  ) );
#6912 = FACE_BOUND('',#6913,.T.);
#6913 = EDGE_LOOP('',(#6914,#6944,#6977,#7005,#7038,#7066,#7099,#7127,
    #7154,#7182));
#6914 = ORIENTED_EDGE('',*,*,#6915,.T.);
#6915 = EDGE_CURVE('',#6916,#6918,#6920,.T.);
#6916 = VERTEX_POINT('',#6917);
#6917 = CARTESIAN_POINT('',(51.799,-5.8,8.2));
#6918 = VERTEX_POINT('',#6919);
#6919 = CARTESIAN_POINT('',(51.799,-18.475,8.2));
#6920 = SURFACE_CURVE('',#6921,(#6925,#6932),.PCURVE_S1.);
#6921 = LINE('',#6922,#6923);
#6922 = CARTESIAN_POINT('',(51.799,-5.8,8.2));
#6923 = VECTOR('',#6924,1.);
#6924 = DIRECTION('',(-5.605859848206E-16,-1.,0.));
#6925 = PCURVE('',#6175,#6926);
#6926 = DEFINITIONAL_REPRESENTATION('',(#6927),#6931);
#6927 = LINE('',#6928,#6929);
#6928 = CARTESIAN_POINT('',(15.409934462678,4.011003159411));
#6929 = VECTOR('',#6930,1.);
#6930 = DIRECTION('',(-5.605859848206E-16,-1.));
#6931 = ( GEOMETRIC_REPRESENTATION_CONTEXT(2) 
PARAMETRIC_REPRESENTATION_CONTEXT() REPRESENTATION_CONTEXT('2D SPACE',''
  ) );
#6932 = PCURVE('',#6933,#6938);
#6933 = PLANE('',#6934);
#6934 = AXIS2_PLACEMENT_3D('',#6935,#6936,#6937);
#6935 = CARTESIAN_POINT('',(51.799,-5.8,6.5));
#6936 = DIRECTION('',(1.,-1.110223024625E-16,0.));
#6937 = DIRECTION('',(-1.110223024625E-16,-1.,0.));
#6938 = DEFINITIONAL_REPRESENTATION('',(#6939),#6943);
#6939 = LINE('',#6940,#6941);
#6940 = CARTESIAN_POINT('',(0.,-1.7));
#6941 = VECTOR('',#6942,1.);
#6942 = DIRECTION('',(1.,0.));
#6943 = ( GEOMETRIC_REPRESENTATION_CONTEXT(2) 
PARAMETRIC_REPRESENTATION_CONTEXT() REPRESENTATION_CONTEXT('2D SPACE',''
  ) );
#6944 = ORIENTED_EDGE('',*,*,#6945,.T.);
#6945 = EDGE_CURVE('',#6918,#6946,#6948,.T.);
#6946 = VERTEX_POINT('',#6947);
#6947 = CARTESIAN_POINT('',(51.474,-18.8,8.2));
#6948 = SURFACE_CURVE('',#6949,(#6954,#6965),.PCURVE_S1.);
#6949 = CIRCLE('',#6950,0.325);
#6950 = AXIS2_PLACEMENT_3D('',#6951,#6952,#6953);
#6951 = CARTESIAN_POINT('',(51.474,-18.475,8.2));
#6952 = DIRECTION('',(0.,0.,-1.));
#6953 = DIRECTION('',(1.,2.621834373538E-15,0.));
#6954 = PCURVE('',#6175,#6955);
#6955 = DEFINITIONAL_REPRESENTATION('',(#6956),#6964);
#6956 = ( BOUNDED_CURVE() B_SPLINE_CURVE(2,(#6957,#6958,#6959,#6960,
#6961,#6962,#6963),.UNSPECIFIED.,.T.,.F.) B_SPLINE_CURVE_WITH_KNOTS((1,2
    ,2,2,2,1),(-2.094395102393,0.,2.094395102393,4.188790204786,
6.28318530718,8.377580409573),.UNSPECIFIED.) CURVE() 
GEOMETRIC_REPRESENTATION_ITEM() RATIONAL_B_SPLINE_CURVE((1.,0.5,1.,0.5,
1.,0.5,1.)) REPRESENTATION_ITEM('') );
#6957 = CARTESIAN_POINT('',(15.409934462678,-8.663996840589));
#6958 = CARTESIAN_POINT('',(15.409934462678,-9.226913353049));
#6959 = CARTESIAN_POINT('',(14.922434462678,-8.945455096819));
#6960 = CARTESIAN_POINT('',(14.434934462678,-8.663996840589));
#6961 = CARTESIAN_POINT('',(14.922434462678,-8.382538584359));
#6962 = CARTESIAN_POINT('',(15.409934462678,-8.10108032813));
#6963 = CARTESIAN_POINT('',(15.409934462678,-8.663996840589));
#6964 = ( GEOMETRIC_REPRESENTATION_CONTEXT(2) 
PARAMETRIC_REPRESENTATION_CONTEXT() REPRESENTATION_CONTEXT('2D SPACE',''
  ) );
#6965 = PCURVE('',#6966,#6971);
#6966 = CYLINDRICAL_SURFACE('',#6967,0.325);
#6967 = AXIS2_PLACEMENT_3D('',#6968,#6969,#6970);
#6968 = CARTESIAN_POINT('',(51.474,-18.475,6.5));
#6969 = DIRECTION('',(0.,0.,-1.));
#6970 = DIRECTION('',(1.,2.621834373538E-15,0.));
#6971 = DEFINITIONAL_REPRESENTATION('',(#6972),#6976);
#6972 = LINE('',#6973,#6974);
#6973 = CARTESIAN_POINT('',(0.,-1.7));
#6974 = VECTOR('',#6975,1.);
#6975 = DIRECTION('',(1.,0.));
#6976 = ( GEOMETRIC_REPRESENTATION_CONTEXT(2) 
PARAMETRIC_REPRESENTATION_CONTEXT() REPRESENTATION_CONTEXT('2D SPACE',''
  ) );
#6977 = ORIENTED_EDGE('',*,*,#6978,.T.);
#6978 = EDGE_CURVE('',#6946,#6979,#6981,.T.);
#6979 = VERTEX_POINT('',#6980);
#6980 = CARTESIAN_POINT('',(46.824,-18.8,8.2));
#6981 = SURFACE_CURVE('',#6982,(#6986,#6993),.PCURVE_S1.);
#6982 = LINE('',#6983,#6984);
#6983 = CARTESIAN_POINT('',(51.474,-18.8,8.2));
#6984 = VECTOR('',#6985,1.);
#6985 = DIRECTION('',(-1.,0.,0.));
#6986 = PCURVE('',#6175,#6987);
#6987 = DEFINITIONAL_REPRESENTATION('',(#6988),#6992);
#6988 = LINE('',#6989,#6990);
#6989 = CARTESIAN_POINT('',(15.084934462678,-8.988996840589));
#6990 = VECTOR('',#6991,1.);
#6991 = DIRECTION('',(-1.,0.));
#6992 = ( GEOMETRIC_REPRESENTATION_CONTEXT(2) 
PARAMETRIC_REPRESENTATION_CONTEXT() REPRESENTATION_CONTEXT('2D SPACE',''
  ) );
#6993 = PCURVE('',#6994,#6999);
#6994 = PLANE('',#6995);
#6995 = AXIS2_PLACEMENT_3D('',#6996,#6997,#6998);
#6996 = CARTESIAN_POINT('',(46.824,-18.8,6.5));
#6997 = DIRECTION('',(0.,1.,0.));
#6998 = DIRECTION('',(0.,0.,1.));
#6999 = DEFINITIONAL_REPRESENTATION('',(#7000),#7004);
#7000 = LINE('',#7001,#7002);
#7001 = CARTESIAN_POINT('',(1.7,4.65));
#7002 = VECTOR('',#7003,1.);
#7003 = DIRECTION('',(0.,-1.));
#7004 = ( GEOMETRIC_REPRESENTATION_CONTEXT(2) 
PARAMETRIC_REPRESENTATION_CONTEXT() REPRESENTATION_CONTEXT('2D SPACE',''
  ) );
#7005 = ORIENTED_EDGE('',*,*,#7006,.T.);
#7006 = EDGE_CURVE('',#6979,#7007,#7009,.T.);
#7007 = VERTEX_POINT('',#7008);
#7008 = CARTESIAN_POINT('',(46.499,-18.475,8.2));
#7009 = SURFACE_CURVE('',#7010,(#7015,#7026),.PCURVE_S1.);
#7010 = CIRCLE('',#7011,0.325);
#7011 = AXIS2_PLACEMENT_3D('',#7012,#7013,#7014);
#7012 = CARTESIAN_POINT('',(46.824,-18.475,8.2));
#7013 = DIRECTION('',(0.,0.,-1.));
#7014 = DIRECTION('',(1.,2.621834373538E-15,0.));
#7015 = PCURVE('',#6175,#7016);
#7016 = DEFINITIONAL_REPRESENTATION('',(#7017),#7025);
#7017 = ( BOUNDED_CURVE() B_SPLINE_CURVE(2,(#7018,#7019,#7020,#7021,
#7022,#7023,#7024),.UNSPECIFIED.,.T.,.F.) B_SPLINE_CURVE_WITH_KNOTS((1,2
    ,2,2,2,1),(-2.094395102393,0.,2.094395102393,4.188790204786,
6.28318530718,8.377580409573),.UNSPECIFIED.) CURVE() 
GEOMETRIC_REPRESENTATION_ITEM() RATIONAL_B_SPLINE_CURVE((1.,0.5,1.,0.5,
1.,0.5,1.)) REPRESENTATION_ITEM('') );
#7018 = CARTESIAN_POINT('',(10.759934462678,-8.663996840589));
#7019 = CARTESIAN_POINT('',(10.759934462678,-9.226913353049));
#7020 = CARTESIAN_POINT('',(10.272434462678,-8.945455096819));
#7021 = CARTESIAN_POINT('',(9.784934462678,-8.663996840589));
#7022 = CARTESIAN_POINT('',(10.272434462678,-8.382538584359));
#7023 = CARTESIAN_POINT('',(10.759934462678,-8.10108032813));
#7024 = CARTESIAN_POINT('',(10.759934462678,-8.663996840589));
#7025 = ( GEOMETRIC_REPRESENTATION_CONTEXT(2) 
PARAMETRIC_REPRESENTATION_CONTEXT() REPRESENTATION_CONTEXT('2D SPACE',''
  ) );
#7026 = PCURVE('',#7027,#7032);
#7027 = CYLINDRICAL_SURFACE('',#7028,0.325);
#7028 = AXIS2_PLACEMENT_3D('',#7029,#7030,#7031);
#7029 = CARTESIAN_POINT('',(46.824,-18.475,6.5));
#7030 = DIRECTION('',(0.,0.,-1.));
#7031 = DIRECTION('',(1.,2.621834373538E-15,0.));
#7032 = DEFINITIONAL_REPRESENTATION('',(#7033),#7037);
#7033 = LINE('',#7034,#7035);
#7034 = CARTESIAN_POINT('',(0.,-1.7));
#7035 = VECTOR('',#7036,1.);
#7036 = DIRECTION('',(1.,0.));
#7037 = ( GEOMETRIC_REPRESENTATION_CONTEXT(2) 
PARAMETRIC_REPRESENTATION_CONTEXT() REPRESENTATION_CONTEXT('2D SPACE',''
  ) );
#7038 = ORIENTED_EDGE('',*,*,#7039,.T.);
#7039 = EDGE_CURVE('',#7007,#7040,#7042,.T.);
#7040 = VERTEX_POINT('',#7041);
#7041 = CARTESIAN_POINT('',(46.499,-5.8,8.2));
#7042 = SURFACE_CURVE('',#7043,(#7047,#7054),.PCURVE_S1.);
#7043 = LINE('',#7044,#7045);
#7044 = CARTESIAN_POINT('',(46.499,-18.475,8.2));
#7045 = VECTOR('',#7046,1.);
#7046 = DIRECTION('',(5.605859848206E-16,1.,0.));
#7047 = PCURVE('',#6175,#7048);
#7048 = DEFINITIONAL_REPRESENTATION('',(#7049),#7053);
#7049 = LINE('',#7050,#7051);
#7050 = CARTESIAN_POINT('',(10.109934462678,-8.663996840589));
#7051 = VECTOR('',#7052,1.);
#7052 = DIRECTION('',(5.605859848206E-16,1.));
#7053 = ( GEOMETRIC_REPRESENTATION_CONTEXT(2) 
PARAMETRIC_REPRESENTATION_CONTEXT() REPRESENTATION_CONTEXT('2D SPACE',''
  ) );
#7054 = PCURVE('',#7055,#7060);
#7055 = PLANE('',#7056);
#7056 = AXIS2_PLACEMENT_3D('',#7057,#7058,#7059);
#7057 = CARTESIAN_POINT('',(46.499,-18.475,6.5));
#7058 = DIRECTION('',(-1.,1.110223024625E-16,0.));
#7059 = DIRECTION('',(1.110223024625E-16,1.,0.));
#7060 = DEFINITIONAL_REPRESENTATION('',(#7061),#7065);
#7061 = LINE('',#7062,#7063);
#7062 = CARTESIAN_POINT('',(0.,-1.7));
#7063 = VECTOR('',#7064,1.);
#7064 = DIRECTION('',(1.,0.));
#7065 = ( GEOMETRIC_REPRESENTATION_CONTEXT(2) 
PARAMETRIC_REPRESENTATION_CONTEXT() REPRESENTATION_CONTEXT('2D SPACE',''
  ) );
#7066 = ORIENTED_EDGE('',*,*,#7067,.T.);
#7067 = EDGE_CURVE('',#7040,#7068,#7070,.T.);
#7068 = VERTEX_POINT('',#7069);
#7069 = CARTESIAN_POINT('',(47.149,-5.8,8.2));
#7070 = SURFACE_CURVE('',#7071,(#7076,#7087),.PCURVE_S1.);
#7071 = CIRCLE('',#7072,0.325);
#7072 = AXIS2_PLACEMENT_3D('',#7073,#7074,#7075);
#7073 = CARTESIAN_POINT('',(46.824,-5.8,8.2));
#7074 = DIRECTION('',(-0.,0.,-1.));
#7075 = DIRECTION('',(-1.,-2.621834373538E-15,0.));
#7076 = PCURVE('',#6175,#7077);
#7077 = DEFINITIONAL_REPRESENTATION('',(#7078),#7086);
#7078 = ( BOUNDED_CURVE() B_SPLINE_CURVE(2,(#7079,#7080,#7081,#7082,
#7083,#7084,#7085),.UNSPECIFIED.,.T.,.F.) B_SPLINE_CURVE_WITH_KNOTS((1,2
    ,2,2,2,1),(-2.094395102393,0.,2.094395102393,4.188790204786,
6.28318530718,8.377580409573),.UNSPECIFIED.) CURVE() 
GEOMETRIC_REPRESENTATION_ITEM() RATIONAL_B_SPLINE_CURVE((1.,0.5,1.,0.5,
1.,0.5,1.)) REPRESENTATION_ITEM('') );
#7079 = CARTESIAN_POINT('',(10.109934462678,4.011003159411));
#7080 = CARTESIAN_POINT('',(10.109934462678,4.57391967187));
#7081 = CARTESIAN_POINT('',(10.597434462678,4.292461415641));
#7082 = CARTESIAN_POINT('',(11.084934462678,4.011003159411));
#7083 = CARTESIAN_POINT('',(10.597434462678,3.729544903181));
#7084 = CARTESIAN_POINT('',(10.109934462678,3.448086646951));
#7085 = CARTESIAN_POINT('',(10.109934462678,4.011003159411));
#7086 = ( GEOMETRIC_REPRESENTATION_CONTEXT(2) 
PARAMETRIC_REPRESENTATION_CONTEXT() REPRESENTATION_CONTEXT('2D SPACE',''
  ) );
#7087 = PCURVE('',#7088,#7093);
#7088 = CYLINDRICAL_SURFACE('',#7089,0.325);
#7089 = AXIS2_PLACEMENT_3D('',#7090,#7091,#7092);
#7090 = CARTESIAN_POINT('',(46.824,-5.8,6.5));
#7091 = DIRECTION('',(-0.,0.,-1.));
#7092 = DIRECTION('',(-1.,-2.621834373538E-15,0.));
#7093 = DEFINITIONAL_REPRESENTATION('',(#7094),#7098);
#7094 = LINE('',#7095,#7096);
#7095 = CARTESIAN_POINT('',(0.,-1.7));
#7096 = VECTOR('',#7097,1.);
#7097 = DIRECTION('',(1.,0.));
#7098 = ( GEOMETRIC_REPRESENTATION_CONTEXT(2) 
PARAMETRIC_REPRESENTATION_CONTEXT() REPRESENTATION_CONTEXT('2D SPACE',''
  ) );
#7099 = ORIENTED_EDGE('',*,*,#7100,.T.);
#7100 = EDGE_CURVE('',#7068,#7101,#7103,.T.);
#7101 = VERTEX_POINT('',#7102);
#7102 = CARTESIAN_POINT('',(47.149,-18.15,8.2));
#7103 = SURFACE_CURVE('',#7104,(#7108,#7115),.PCURVE_S1.);
#7104 = LINE('',#7105,#7106);
#7105 = CARTESIAN_POINT('',(47.149,-5.8,8.2));
#7106 = VECTOR('',#7107,1.);
#7107 = DIRECTION('',(0.,-1.,0.));
#7108 = PCURVE('',#6175,#7109);
#7109 = DEFINITIONAL_REPRESENTATION('',(#7110),#7114);
#7110 = LINE('',#7111,#7112);
#7111 = CARTESIAN_POINT('',(10.759934462678,4.011003159411));
#7112 = VECTOR('',#7113,1.);
#7113 = DIRECTION('',(0.,-1.));
#7114 = ( GEOMETRIC_REPRESENTATION_CONTEXT(2) 
PARAMETRIC_REPRESENTATION_CONTEXT() REPRESENTATION_CONTEXT('2D SPACE',''
  ) );
#7115 = PCURVE('',#7116,#7121);
#7116 = PLANE('',#7117);
#7117 = AXIS2_PLACEMENT_3D('',#7118,#7119,#7120);
#7118 = CARTESIAN_POINT('',(47.149,-5.8,6.5));
#7119 = DIRECTION('',(1.,-1.110223024625E-16,0.));
#7120 = DIRECTION('',(-1.110223024625E-16,-1.,0.));
#7121 = DEFINITIONAL_REPRESENTATION('',(#7122),#7126);
#7122 = LINE('',#7123,#7124);
#7123 = CARTESIAN_POINT('',(0.,-1.7));
#7124 = VECTOR('',#7125,1.);
#7125 = DIRECTION('',(1.,0.));
#7126 = ( GEOMETRIC_REPRESENTATION_CONTEXT(2) 
PARAMETRIC_REPRESENTATION_CONTEXT() REPRESENTATION_CONTEXT('2D SPACE',''
  ) );
#7127 = ORIENTED_EDGE('',*,*,#7128,.F.);
#7128 = EDGE_CURVE('',#7129,#7101,#7131,.T.);
#7129 = VERTEX_POINT('',#7130);
#7130 = CARTESIAN_POINT('',(51.149,-18.15,8.2));
#7131 = SURFACE_CURVE('',#7132,(#7136,#7143),.PCURVE_S1.);
#7132 = LINE('',#7133,#7134);
#7133 = CARTESIAN_POINT('',(41.606532768661,-18.15,8.2));
#7134 = VECTOR('',#7135,1.);
#7135 = DIRECTION('',(-1.,0.,0.));
#7136 = PCURVE('',#6175,#7137);
#7137 = DEFINITIONAL_REPRESENTATION('',(#7138),#7142);
#7138 = LINE('',#7139,#7140);
#7139 = CARTESIAN_POINT('',(5.217467231339,-8.338996840589));
#7140 = VECTOR('',#7141,1.);
#7141 = DIRECTION('',(-1.,0.));
#7142 = ( GEOMETRIC_REPRESENTATION_CONTEXT(2) 
PARAMETRIC_REPRESENTATION_CONTEXT() REPRESENTATION_CONTEXT('2D SPACE',''
  ) );
#7143 = PCURVE('',#7144,#7149);
#7144 = PLANE('',#7145);
#7145 = AXIS2_PLACEMENT_3D('',#7146,#7147,#7148);
#7146 = CARTESIAN_POINT('',(46.824,-18.15,6.5));
#7147 = DIRECTION('',(0.,1.,0.));
#7148 = DIRECTION('',(0.,0.,1.));
#7149 = DEFINITIONAL_REPRESENTATION('',(#7150),#7153);
#7150 = B_SPLINE_CURVE_WITH_KNOTS('',1,(#7151,#7152),.UNSPECIFIED.,.F.,
  .F.,(2,2),(-9.623182963926,-5.461751498751),.PIECEWISE_BEZIER_KNOTS.);
#7151 = CARTESIAN_POINT('',(1.7,4.405715732587));
#7152 = CARTESIAN_POINT('',(1.7,0.244284267412));
#7153 = ( GEOMETRIC_REPRESENTATION_CONTEXT(2) 
PARAMETRIC_REPRESENTATION_CONTEXT() REPRESENTATION_CONTEXT('2D SPACE',''
  ) );
#7154 = ORIENTED_EDGE('',*,*,#7155,.T.);
#7155 = EDGE_CURVE('',#7129,#7156,#7158,.T.);
#7156 = VERTEX_POINT('',#7157);
#7157 = CARTESIAN_POINT('',(51.149,-5.8,8.2));
#7158 = SURFACE_CURVE('',#7159,(#7163,#7170),.PCURVE_S1.);
#7159 = LINE('',#7160,#7161);
#7160 = CARTESIAN_POINT('',(51.149,-18.15,8.2));
#7161 = VECTOR('',#7162,1.);
#7162 = DIRECTION('',(5.75338247579E-16,1.,0.));
#7163 = PCURVE('',#6175,#7164);
#7164 = DEFINITIONAL_REPRESENTATION('',(#7165),#7169);
#7165 = LINE('',#7166,#7167);
#7166 = CARTESIAN_POINT('',(14.759934462678,-8.338996840589));
#7167 = VECTOR('',#7168,1.);
#7168 = DIRECTION('',(5.75338247579E-16,1.));
#7169 = ( GEOMETRIC_REPRESENTATION_CONTEXT(2) 
PARAMETRIC_REPRESENTATION_CONTEXT() REPRESENTATION_CONTEXT('2D SPACE',''
  ) );
#7170 = PCURVE('',#7171,#7176);
#7171 = PLANE('',#7172);
#7172 = AXIS2_PLACEMENT_3D('',#7173,#7174,#7175);
#7173 = CARTESIAN_POINT('',(51.149,-18.475,6.5));
#7174 = DIRECTION('',(-1.,1.110223024625E-16,0.));
#7175 = DIRECTION('',(1.110223024625E-16,1.,0.));
#7176 = DEFINITIONAL_REPRESENTATION('',(#7177),#7181);
#7177 = LINE('',#7178,#7179);
#7178 = CARTESIAN_POINT('',(0.325,-1.7));
#7179 = VECTOR('',#7180,1.);
#7180 = DIRECTION('',(1.,0.));
#7181 = ( GEOMETRIC_REPRESENTATION_CONTEXT(2) 
PARAMETRIC_REPRESENTATION_CONTEXT() REPRESENTATION_CONTEXT('2D SPACE',''
  ) );
#7182 = ORIENTED_EDGE('',*,*,#7183,.T.);
#7183 = EDGE_CURVE('',#7156,#6916,#7184,.T.);
#7184 = SURFACE_CURVE('',#7185,(#7190,#7201),.PCURVE_S1.);
#7185 = CIRCLE('',#7186,0.325);
#7186 = AXIS2_PLACEMENT_3D('',#7187,#7188,#7189);
#7187 = CARTESIAN_POINT('',(51.474,-5.8,8.2));
#7188 = DIRECTION('',(-0.,0.,-1.));
#7189 = DIRECTION('',(-1.,-2.621834373538E-15,0.));
#7190 = PCURVE('',#6175,#7191);
#7191 = DEFINITIONAL_REPRESENTATION('',(#7192),#7200);
#7192 = ( BOUNDED_CURVE() B_SPLINE_CURVE(2,(#7193,#7194,#7195,#7196,
#7197,#7198,#7199),.UNSPECIFIED.,.T.,.F.) B_SPLINE_CURVE_WITH_KNOTS((1,2
    ,2,2,2,1),(-2.094395102393,0.,2.094395102393,4.188790204786,
6.28318530718,8.377580409573),.UNSPECIFIED.) CURVE() 
GEOMETRIC_REPRESENTATION_ITEM() RATIONAL_B_SPLINE_CURVE((1.,0.5,1.,0.5,
1.,0.5,1.)) REPRESENTATION_ITEM('') );
#7193 = CARTESIAN_POINT('',(14.759934462678,4.011003159411));
#7194 = CARTESIAN_POINT('',(14.759934462678,4.57391967187));
#7195 = CARTESIAN_POINT('',(15.247434462678,4.292461415641));
#7196 = CARTESIAN_POINT('',(15.734934462678,4.011003159411));
#7197 = CARTESIAN_POINT('',(15.247434462678,3.729544903181));
#7198 = CARTESIAN_POINT('',(14.759934462678,3.448086646951));
#7199 = CARTESIAN_POINT('',(14.759934462678,4.011003159411));
#7200 = ( GEOMETRIC_REPRESENTATION_CONTEXT(2) 
PARAMETRIC_REPRESENTATION_CONTEXT() REPRESENTATION_CONTEXT('2D SPACE',''
  ) );
#7201 = PCURVE('',#7202,#7207);
#7202 = CYLINDRICAL_SURFACE('',#7203,0.325);
#7203 = AXIS2_PLACEMENT_3D('',#7204,#7205,#7206);
#7204 = CARTESIAN_POINT('',(51.474,-5.8,6.5));
#7205 = DIRECTION('',(-0.,0.,-1.));
#7206 = DIRECTION('',(-1.,-2.621834373538E-15,0.));
#7207 = DEFINITIONAL_REPRESENTATION('',(#7208),#7212);
#7208 = LINE('',#7209,#7210);
#7209 = CARTESIAN_POINT('',(0.,-1.7));
#7210 = VECTOR('',#7211,1.);
#7211 = DIRECTION('',(1.,0.));
#7212 = ( GEOMETRIC_REPRESENTATION_CONTEXT(2) 
PARAMETRIC_REPRESENTATION_CONTEXT() REPRESENTATION_CONTEXT('2D SPACE',''
  ) );
#7213 = ADVANCED_FACE('',(#7214),#7202,.F.);
#7214 = FACE_BOUND('',#7215,.F.);
#7215 = EDGE_LOOP('',(#7216,#7246,#7267,#7268));
#7216 = ORIENTED_EDGE('',*,*,#7217,.F.);
#7217 = EDGE_CURVE('',#7218,#7220,#7222,.T.);
#7218 = VERTEX_POINT('',#7219);
#7219 = CARTESIAN_POINT('',(51.149,-5.8,6.6));
#7220 = VERTEX_POINT('',#7221);
#7221 = CARTESIAN_POINT('',(51.799,-5.8,6.6));
#7222 = SURFACE_CURVE('',#7223,(#7228,#7235),.PCURVE_S1.);
#7223 = CIRCLE('',#7224,0.325);
#7224 = AXIS2_PLACEMENT_3D('',#7225,#7226,#7227);
#7225 = CARTESIAN_POINT('',(51.474,-5.8,6.6));
#7226 = DIRECTION('',(-0.,0.,-1.));
#7227 = DIRECTION('',(-1.,-2.621834373538E-15,0.));
#7228 = PCURVE('',#7202,#7229);
#7229 = DEFINITIONAL_REPRESENTATION('',(#7230),#7234);
#7230 = LINE('',#7231,#7232);
#7231 = CARTESIAN_POINT('',(0.,-1.E-01));
#7232 = VECTOR('',#7233,1.);
#7233 = DIRECTION('',(1.,0.));
#7234 = ( GEOMETRIC_REPRESENTATION_CONTEXT(2) 
PARAMETRIC_REPRESENTATION_CONTEXT() REPRESENTATION_CONTEXT('2D SPACE',''
  ) );
#7235 = PCURVE('',#2335,#7236);
#7236 = DEFINITIONAL_REPRESENTATION('',(#7237),#7245);
#7237 = ( BOUNDED_CURVE() B_SPLINE_CURVE(2,(#7238,#7239,#7240,#7241,
#7242,#7243,#7244),.UNSPECIFIED.,.T.,.F.) B_SPLINE_CURVE_WITH_KNOTS((1,2
    ,2,2,2,1),(-2.094395102393,0.,2.094395102393,4.188790204786,
6.28318530718,8.377580409573),.UNSPECIFIED.) CURVE() 
GEOMETRIC_REPRESENTATION_ITEM() RATIONAL_B_SPLINE_CURVE((1.,0.5,1.,0.5,
1.,0.5,1.)) REPRESENTATION_ITEM('') );
#7238 = CARTESIAN_POINT('',(51.749,16.05));
#7239 = CARTESIAN_POINT('',(51.749,16.61291651246));
#7240 = CARTESIAN_POINT('',(52.2365,16.33145825623));
#7241 = CARTESIAN_POINT('',(52.724,16.05));
#7242 = CARTESIAN_POINT('',(52.2365,15.76854174377));
#7243 = CARTESIAN_POINT('',(51.749,15.48708348754));
#7244 = CARTESIAN_POINT('',(51.749,16.05));
#7245 = ( GEOMETRIC_REPRESENTATION_CONTEXT(2) 
PARAMETRIC_REPRESENTATION_CONTEXT() REPRESENTATION_CONTEXT('2D SPACE',''
  ) );
#7246 = ORIENTED_EDGE('',*,*,#7247,.T.);
#7247 = EDGE_CURVE('',#7218,#7156,#7248,.T.);
#7248 = SURFACE_CURVE('',#7249,(#7253,#7260),.PCURVE_S1.);
#7249 = LINE('',#7250,#7251);
#7250 = CARTESIAN_POINT('',(51.149,-5.8,6.5));
#7251 = VECTOR('',#7252,1.);
#7252 = DIRECTION('',(0.,0.,1.));
#7253 = PCURVE('',#7202,#7254);
#7254 = DEFINITIONAL_REPRESENTATION('',(#7255),#7259);
#7255 = LINE('',#7256,#7257);
#7256 = CARTESIAN_POINT('',(0.,0.));
#7257 = VECTOR('',#7258,1.);
#7258 = DIRECTION('',(0.,-1.));
#7259 = ( GEOMETRIC_REPRESENTATION_CONTEXT(2) 
PARAMETRIC_REPRESENTATION_CONTEXT() REPRESENTATION_CONTEXT('2D SPACE',''
  ) );
#7260 = PCURVE('',#7171,#7261);
#7261 = DEFINITIONAL_REPRESENTATION('',(#7262),#7266);
#7262 = LINE('',#7263,#7264);
#7263 = CARTESIAN_POINT('',(12.675,0.));
#7264 = VECTOR('',#7265,1.);
#7265 = DIRECTION('',(0.,-1.));
#7266 = ( GEOMETRIC_REPRESENTATION_CONTEXT(2) 
PARAMETRIC_REPRESENTATION_CONTEXT() REPRESENTATION_CONTEXT('2D SPACE',''
  ) );
#7267 = ORIENTED_EDGE('',*,*,#7183,.T.);
#7268 = ORIENTED_EDGE('',*,*,#7269,.F.);
#7269 = EDGE_CURVE('',#7220,#6916,#7270,.T.);
#7270 = SURFACE_CURVE('',#7271,(#7275,#7282),.PCURVE_S1.);
#7271 = LINE('',#7272,#7273);
#7272 = CARTESIAN_POINT('',(51.799,-5.8,6.5));
#7273 = VECTOR('',#7274,1.);
#7274 = DIRECTION('',(0.,0.,1.));
#7275 = PCURVE('',#7202,#7276);
#7276 = DEFINITIONAL_REPRESENTATION('',(#7277),#7281);
#7277 = LINE('',#7278,#7279);
#7278 = CARTESIAN_POINT('',(3.14159265359,0.));
#7279 = VECTOR('',#7280,1.);
#7280 = DIRECTION('',(0.,-1.));
#7281 = ( GEOMETRIC_REPRESENTATION_CONTEXT(2) 
PARAMETRIC_REPRESENTATION_CONTEXT() REPRESENTATION_CONTEXT('2D SPACE',''
  ) );
#7282 = PCURVE('',#6933,#7283);
#7283 = DEFINITIONAL_REPRESENTATION('',(#7284),#7288);
#7284 = LINE('',#7285,#7286);
#7285 = CARTESIAN_POINT('',(0.,0.));
#7286 = VECTOR('',#7287,1.);
#7287 = DIRECTION('',(0.,-1.));
#7288 = ( GEOMETRIC_REPRESENTATION_CONTEXT(2) 
PARAMETRIC_REPRESENTATION_CONTEXT() REPRESENTATION_CONTEXT('2D SPACE',''
  ) );
#7289 = ADVANCED_FACE('',(#7290),#7171,.F.);
#7290 = FACE_BOUND('',#7291,.F.);
#7291 = EDGE_LOOP('',(#7292,#7322,#7341,#7342,#7343));
#7292 = ORIENTED_EDGE('',*,*,#7293,.F.);
#7293 = EDGE_CURVE('',#7294,#7296,#7298,.T.);
#7294 = VERTEX_POINT('',#7295);
#7295 = CARTESIAN_POINT('',(51.149,-18.15,7.4));
#7296 = VERTEX_POINT('',#7297);
#7297 = CARTESIAN_POINT('',(51.149,-7.3,7.4));
#7298 = SURFACE_CURVE('',#7299,(#7303,#7310),.PCURVE_S1.);
#7299 = LINE('',#7300,#7301);
#7300 = CARTESIAN_POINT('',(51.149,-18.15,7.4));
#7301 = VECTOR('',#7302,1.);
#7302 = DIRECTION('',(0.,1.,0.));
#7303 = PCURVE('',#7171,#7304);
#7304 = DEFINITIONAL_REPRESENTATION('',(#7305),#7309);
#7305 = LINE('',#7306,#7307);
#7306 = CARTESIAN_POINT('',(0.325,-0.9));
#7307 = VECTOR('',#7308,1.);
#7308 = DIRECTION('',(1.,0.));
#7309 = ( GEOMETRIC_REPRESENTATION_CONTEXT(2) 
PARAMETRIC_REPRESENTATION_CONTEXT() REPRESENTATION_CONTEXT('2D SPACE',''
  ) );
#7310 = PCURVE('',#7311,#7316);
#7311 = PLANE('',#7312);
#7312 = AXIS2_PLACEMENT_3D('',#7313,#7314,#7315);
#7313 = CARTESIAN_POINT('',(47.149,-18.15,7.4));
#7314 = DIRECTION('',(0.,0.,1.));
#7315 = DIRECTION('',(1.,0.,0.));
#7316 = DEFINITIONAL_REPRESENTATION('',(#7317),#7321);
#7317 = LINE('',#7318,#7319);
#7318 = CARTESIAN_POINT('',(4.,0.));
#7319 = VECTOR('',#7320,1.);
#7320 = DIRECTION('',(0.,1.));
#7321 = ( GEOMETRIC_REPRESENTATION_CONTEXT(2) 
PARAMETRIC_REPRESENTATION_CONTEXT() REPRESENTATION_CONTEXT('2D SPACE',''
  ) );
#7322 = ORIENTED_EDGE('',*,*,#7323,.F.);
#7323 = EDGE_CURVE('',#7129,#7294,#7324,.T.);
#7324 = SURFACE_CURVE('',#7325,(#7329,#7335),.PCURVE_S1.);
#7325 = LINE('',#7326,#7327);
#7326 = CARTESIAN_POINT('',(51.149,-18.15,6.5));
#7327 = VECTOR('',#7328,1.);
#7328 = DIRECTION('',(0.,0.,-1.));
#7329 = PCURVE('',#7171,#7330);
#7330 = DEFINITIONAL_REPRESENTATION('',(#7331),#7334);
#7331 = B_SPLINE_CURVE_WITH_KNOTS('',1,(#7332,#7333),.UNSPECIFIED.,.F.,
  .F.,(2,2),(-1.7,-1.E-01),.PIECEWISE_BEZIER_KNOTS.);
#7332 = CARTESIAN_POINT('',(0.325,-1.7));
#7333 = CARTESIAN_POINT('',(0.325,-1.E-01));
#7334 = ( GEOMETRIC_REPRESENTATION_CONTEXT(2) 
PARAMETRIC_REPRESENTATION_CONTEXT() REPRESENTATION_CONTEXT('2D SPACE',''
  ) );
#7335 = PCURVE('',#7144,#7336);
#7336 = DEFINITIONAL_REPRESENTATION('',(#7337),#7340);
#7337 = B_SPLINE_CURVE_WITH_KNOTS('',1,(#7338,#7339),.UNSPECIFIED.,.F.,
  .F.,(2,2),(-1.7,-1.E-01),.PIECEWISE_BEZIER_KNOTS.);
#7338 = CARTESIAN_POINT('',(1.7,4.325));
#7339 = CARTESIAN_POINT('',(1.E-01,4.325));
#7340 = ( GEOMETRIC_REPRESENTATION_CONTEXT(2) 
PARAMETRIC_REPRESENTATION_CONTEXT() REPRESENTATION_CONTEXT('2D SPACE',''
  ) );
#7341 = ORIENTED_EDGE('',*,*,#7155,.T.);
#7342 = ORIENTED_EDGE('',*,*,#7247,.F.);
#7343 = ORIENTED_EDGE('',*,*,#7344,.T.);
#7344 = EDGE_CURVE('',#7218,#7296,#7345,.T.);
#7345 = SURFACE_CURVE('',#7346,(#7350,#7357),.PCURVE_S1.);
#7346 = LINE('',#7347,#7348);
#7347 = CARTESIAN_POINT('',(51.149,-5.8,6.6));
#7348 = VECTOR('',#7349,1.);
#7349 = DIRECTION('',(0.,-0.882352941176,0.470588235294));
#7350 = PCURVE('',#7171,#7351);
#7351 = DEFINITIONAL_REPRESENTATION('',(#7352),#7356);
#7352 = LINE('',#7353,#7354);
#7353 = CARTESIAN_POINT('',(12.675,-1.E-01));
#7354 = VECTOR('',#7355,1.);
#7355 = DIRECTION('',(-0.882352941176,-0.470588235294));
#7356 = ( GEOMETRIC_REPRESENTATION_CONTEXT(2) 
PARAMETRIC_REPRESENTATION_CONTEXT() REPRESENTATION_CONTEXT('2D SPACE',''
  ) );
#7357 = PCURVE('',#7358,#7363);
#7358 = PLANE('',#7359);
#7359 = AXIS2_PLACEMENT_3D('',#7360,#7361,#7362);
#7360 = CARTESIAN_POINT('',(47.149,-5.8,6.6));
#7361 = DIRECTION('',(0.,-0.470588235294,-0.882352941176));
#7362 = DIRECTION('',(0.,-0.882352941176,0.470588235294));
#7363 = DEFINITIONAL_REPRESENTATION('',(#7364),#7368);
#7364 = LINE('',#7365,#7366);
#7365 = CARTESIAN_POINT('',(0.,-4.));
#7366 = VECTOR('',#7367,1.);
#7367 = DIRECTION('',(1.,0.));
#7368 = ( GEOMETRIC_REPRESENTATION_CONTEXT(2) 
PARAMETRIC_REPRESENTATION_CONTEXT() REPRESENTATION_CONTEXT('2D SPACE',''
  ) );
#7369 = ADVANCED_FACE('',(#7370),#7358,.T.);
#7370 = FACE_BOUND('',#7371,.T.);
#7371 = EDGE_LOOP('',(#7372,#7395,#7396,#7419));
#7372 = ORIENTED_EDGE('',*,*,#7373,.T.);
#7373 = EDGE_CURVE('',#7374,#7218,#7376,.T.);
#7374 = VERTEX_POINT('',#7375);
#7375 = CARTESIAN_POINT('',(47.149,-5.8,6.6));
#7376 = SURFACE_CURVE('',#7377,(#7381,#7388),.PCURVE_S1.);
#7377 = LINE('',#7378,#7379);
#7378 = CARTESIAN_POINT('',(47.149,-5.8,6.6));
#7379 = VECTOR('',#7380,1.);
#7380 = DIRECTION('',(1.,0.,0.));
#7381 = PCURVE('',#7358,#7382);
#7382 = DEFINITIONAL_REPRESENTATION('',(#7383),#7387);
#7383 = LINE('',#7384,#7385);
#7384 = CARTESIAN_POINT('',(0.,0.));
#7385 = VECTOR('',#7386,1.);
#7386 = DIRECTION('',(0.,-1.));
#7387 = ( GEOMETRIC_REPRESENTATION_CONTEXT(2) 
PARAMETRIC_REPRESENTATION_CONTEXT() REPRESENTATION_CONTEXT('2D SPACE',''
  ) );
#7388 = PCURVE('',#2335,#7389);
#7389 = DEFINITIONAL_REPRESENTATION('',(#7390),#7394);
#7390 = LINE('',#7391,#7392);
#7391 = CARTESIAN_POINT('',(47.749,16.05));
#7392 = VECTOR('',#7393,1.);
#7393 = DIRECTION('',(1.,0.));
#7394 = ( GEOMETRIC_REPRESENTATION_CONTEXT(2) 
PARAMETRIC_REPRESENTATION_CONTEXT() REPRESENTATION_CONTEXT('2D SPACE',''
  ) );
#7395 = ORIENTED_EDGE('',*,*,#7344,.T.);
#7396 = ORIENTED_EDGE('',*,*,#7397,.F.);
#7397 = EDGE_CURVE('',#7398,#7296,#7400,.T.);
#7398 = VERTEX_POINT('',#7399);
#7399 = CARTESIAN_POINT('',(47.149,-7.3,7.4));
#7400 = SURFACE_CURVE('',#7401,(#7405,#7412),.PCURVE_S1.);
#7401 = LINE('',#7402,#7403);
#7402 = CARTESIAN_POINT('',(47.149,-7.3,7.4));
#7403 = VECTOR('',#7404,1.);
#7404 = DIRECTION('',(1.,0.,0.));
#7405 = PCURVE('',#7358,#7406);
#7406 = DEFINITIONAL_REPRESENTATION('',(#7407),#7411);
#7407 = LINE('',#7408,#7409);
#7408 = CARTESIAN_POINT('',(1.7,0.));
#7409 = VECTOR('',#7410,1.);
#7410 = DIRECTION('',(0.,-1.));
#7411 = ( GEOMETRIC_REPRESENTATION_CONTEXT(2) 
PARAMETRIC_REPRESENTATION_CONTEXT() REPRESENTATION_CONTEXT('2D SPACE',''
  ) );
#7412 = PCURVE('',#7311,#7413);
#7413 = DEFINITIONAL_REPRESENTATION('',(#7414),#7418);
#7414 = LINE('',#7415,#7416);
#7415 = CARTESIAN_POINT('',(0.,10.85));
#7416 = VECTOR('',#7417,1.);
#7417 = DIRECTION('',(1.,0.));
#7418 = ( GEOMETRIC_REPRESENTATION_CONTEXT(2) 
PARAMETRIC_REPRESENTATION_CONTEXT() REPRESENTATION_CONTEXT('2D SPACE',''
  ) );
#7419 = ORIENTED_EDGE('',*,*,#7420,.F.);
#7420 = EDGE_CURVE('',#7374,#7398,#7421,.T.);
#7421 = SURFACE_CURVE('',#7422,(#7426,#7433),.PCURVE_S1.);
#7422 = LINE('',#7423,#7424);
#7423 = CARTESIAN_POINT('',(47.149,-5.8,6.6));
#7424 = VECTOR('',#7425,1.);
#7425 = DIRECTION('',(0.,-0.882352941176,0.470588235294));
#7426 = PCURVE('',#7358,#7427);
#7427 = DEFINITIONAL_REPRESENTATION('',(#7428),#7432);
#7428 = LINE('',#7429,#7430);
#7429 = CARTESIAN_POINT('',(0.,0.));
#7430 = VECTOR('',#7431,1.);
#7431 = DIRECTION('',(1.,0.));
#7432 = ( GEOMETRIC_REPRESENTATION_CONTEXT(2) 
PARAMETRIC_REPRESENTATION_CONTEXT() REPRESENTATION_CONTEXT('2D SPACE',''
  ) );
#7433 = PCURVE('',#7116,#7434);
#7434 = DEFINITIONAL_REPRESENTATION('',(#7435),#7439);
#7435 = LINE('',#7436,#7437);
#7436 = CARTESIAN_POINT('',(0.,-1.E-01));
#7437 = VECTOR('',#7438,1.);
#7438 = DIRECTION('',(0.882352941176,-0.470588235294));
#7439 = ( GEOMETRIC_REPRESENTATION_CONTEXT(2) 
PARAMETRIC_REPRESENTATION_CONTEXT() REPRESENTATION_CONTEXT('2D SPACE',''
  ) );
#7440 = ADVANCED_FACE('',(#7441,#7489),#7311,.F.);
#7441 = FACE_BOUND('',#7442,.F.);
#7442 = EDGE_LOOP('',(#7443,#7466,#7487,#7488));
#7443 = ORIENTED_EDGE('',*,*,#7444,.F.);
#7444 = EDGE_CURVE('',#7445,#7398,#7447,.T.);
#7445 = VERTEX_POINT('',#7446);
#7446 = CARTESIAN_POINT('',(47.149,-18.15,7.4));
#7447 = SURFACE_CURVE('',#7448,(#7452,#7459),.PCURVE_S1.);
#7448 = LINE('',#7449,#7450);
#7449 = CARTESIAN_POINT('',(47.149,-18.15,7.4));
#7450 = VECTOR('',#7451,1.);
#7451 = DIRECTION('',(0.,1.,0.));
#7452 = PCURVE('',#7311,#7453);
#7453 = DEFINITIONAL_REPRESENTATION('',(#7454),#7458);
#7454 = LINE('',#7455,#7456);
#7455 = CARTESIAN_POINT('',(0.,0.));
#7456 = VECTOR('',#7457,1.);
#7457 = DIRECTION('',(0.,1.));
#7458 = ( GEOMETRIC_REPRESENTATION_CONTEXT(2) 
PARAMETRIC_REPRESENTATION_CONTEXT() REPRESENTATION_CONTEXT('2D SPACE',''
  ) );
#7459 = PCURVE('',#7116,#7460);
#7460 = DEFINITIONAL_REPRESENTATION('',(#7461),#7465);
#7461 = LINE('',#7462,#7463);
#7462 = CARTESIAN_POINT('',(12.35,-0.9));
#7463 = VECTOR('',#7464,1.);
#7464 = DIRECTION('',(-1.,0.));
#7465 = ( GEOMETRIC_REPRESENTATION_CONTEXT(2) 
PARAMETRIC_REPRESENTATION_CONTEXT() REPRESENTATION_CONTEXT('2D SPACE',''
  ) );
#7466 = ORIENTED_EDGE('',*,*,#7467,.T.);
#7467 = EDGE_CURVE('',#7445,#7294,#7468,.T.);
#7468 = SURFACE_CURVE('',#7469,(#7473,#7480),.PCURVE_S1.);
#7469 = LINE('',#7470,#7471);
#7470 = CARTESIAN_POINT('',(47.149,-18.15,7.4));
#7471 = VECTOR('',#7472,1.);
#7472 = DIRECTION('',(1.,0.,0.));
#7473 = PCURVE('',#7311,#7474);
#7474 = DEFINITIONAL_REPRESENTATION('',(#7475),#7479);
#7475 = LINE('',#7476,#7477);
#7476 = CARTESIAN_POINT('',(0.,0.));
#7477 = VECTOR('',#7478,1.);
#7478 = DIRECTION('',(1.,0.));
#7479 = ( GEOMETRIC_REPRESENTATION_CONTEXT(2) 
PARAMETRIC_REPRESENTATION_CONTEXT() REPRESENTATION_CONTEXT('2D SPACE',''
  ) );
#7480 = PCURVE('',#7144,#7481);
#7481 = DEFINITIONAL_REPRESENTATION('',(#7482),#7486);
#7482 = LINE('',#7483,#7484);
#7483 = CARTESIAN_POINT('',(0.9,0.325));
#7484 = VECTOR('',#7485,1.);
#7485 = DIRECTION('',(0.,1.));
#7486 = ( GEOMETRIC_REPRESENTATION_CONTEXT(2) 
PARAMETRIC_REPRESENTATION_CONTEXT() REPRESENTATION_CONTEXT('2D SPACE',''
  ) );
#7487 = ORIENTED_EDGE('',*,*,#7293,.T.);
#7488 = ORIENTED_EDGE('',*,*,#7397,.F.);
#7489 = FACE_BOUND('',#7490,.F.);
#7490 = EDGE_LOOP('',(#7491));
#7491 = ORIENTED_EDGE('',*,*,#7492,.T.);
#7492 = EDGE_CURVE('',#7493,#7493,#7495,.T.);
#7493 = VERTEX_POINT('',#7494);
#7494 = CARTESIAN_POINT('',(50.349,-15.875,7.4));
#7495 = SURFACE_CURVE('',#7496,(#7501,#7512),.PCURVE_S1.);
#7496 = CIRCLE('',#7497,1.2);
#7497 = AXIS2_PLACEMENT_3D('',#7498,#7499,#7500);
#7498 = CARTESIAN_POINT('',(49.149,-15.875,7.4));
#7499 = DIRECTION('',(0.,0.,-1.));
#7500 = DIRECTION('',(1.,0.,0.));
#7501 = PCURVE('',#7311,#7502);
#7502 = DEFINITIONAL_REPRESENTATION('',(#7503),#7511);
#7503 = ( BOUNDED_CURVE() B_SPLINE_CURVE(2,(#7504,#7505,#7506,#7507,
#7508,#7509,#7510),.UNSPECIFIED.,.T.,.F.) B_SPLINE_CURVE_WITH_KNOTS((1,2
    ,2,2,2,1),(-2.094395102393,0.,2.094395102393,4.188790204786,
6.28318530718,8.377580409573),.UNSPECIFIED.) CURVE() 
GEOMETRIC_REPRESENTATION_ITEM() RATIONAL_B_SPLINE_CURVE((1.,0.5,1.,0.5,
1.,0.5,1.)) REPRESENTATION_ITEM('') );
#7504 = CARTESIAN_POINT('',(3.2,2.275));
#7505 = CARTESIAN_POINT('',(3.2,0.196539030917));
#7506 = CARTESIAN_POINT('',(1.4,1.235769515459));
#7507 = CARTESIAN_POINT('',(-0.4,2.275));
#7508 = CARTESIAN_POINT('',(1.4,3.314230484541));
#7509 = CARTESIAN_POINT('',(3.2,4.353460969083));
#7510 = CARTESIAN_POINT('',(3.2,2.275));
#7511 = ( GEOMETRIC_REPRESENTATION_CONTEXT(2) 
PARAMETRIC_REPRESENTATION_CONTEXT() REPRESENTATION_CONTEXT('2D SPACE',''
  ) );
#7512 = PCURVE('',#7513,#7518);
#7513 = CYLINDRICAL_SURFACE('',#7514,1.2);
#7514 = AXIS2_PLACEMENT_3D('',#7515,#7516,#7517);
#7515 = CARTESIAN_POINT('',(49.149,-15.875,5.65));
#7516 = DIRECTION('',(-0.,-0.,-1.));
#7517 = DIRECTION('',(1.,0.,0.));
#7518 = DEFINITIONAL_REPRESENTATION('',(#7519),#7523);
#7519 = LINE('',#7520,#7521);
#7520 = CARTESIAN_POINT('',(-6.28318530718,-1.75));
#7521 = VECTOR('',#7522,1.);
#7522 = DIRECTION('',(1.,-0.));
#7523 = ( GEOMETRIC_REPRESENTATION_CONTEXT(2) 
PARAMETRIC_REPRESENTATION_CONTEXT() REPRESENTATION_CONTEXT('2D SPACE',''
  ) );
#7524 = ADVANCED_FACE('',(#7525),#7513,.T.);
#7525 = FACE_BOUND('',#7526,.F.);
#7526 = EDGE_LOOP('',(#7527,#7556,#7577,#7578));
#7527 = ORIENTED_EDGE('',*,*,#7528,.F.);
#7528 = EDGE_CURVE('',#7529,#7529,#7531,.T.);
#7529 = VERTEX_POINT('',#7530);
#7530 = CARTESIAN_POINT('',(50.349,-15.875,5.65));
#7531 = SURFACE_CURVE('',#7532,(#7537,#7544),.PCURVE_S1.);
#7532 = CIRCLE('',#7533,1.2);
#7533 = AXIS2_PLACEMENT_3D('',#7534,#7535,#7536);
#7534 = CARTESIAN_POINT('',(49.149,-15.875,5.65));
#7535 = DIRECTION('',(0.,0.,1.));
#7536 = DIRECTION('',(1.,0.,0.));
#7537 = PCURVE('',#7513,#7538);
#7538 = DEFINITIONAL_REPRESENTATION('',(#7539),#7543);
#7539 = LINE('',#7540,#7541);
#7540 = CARTESIAN_POINT('',(-0.,0.));
#7541 = VECTOR('',#7542,1.);
#7542 = DIRECTION('',(-1.,0.));
#7543 = ( GEOMETRIC_REPRESENTATION_CONTEXT(2) 
PARAMETRIC_REPRESENTATION_CONTEXT() REPRESENTATION_CONTEXT('2D SPACE',''
  ) );
#7544 = PCURVE('',#7545,#7550);
#7545 = PLANE('',#7546);
#7546 = AXIS2_PLACEMENT_3D('',#7547,#7548,#7549);
#7547 = CARTESIAN_POINT('',(49.149,-15.875,5.65));
#7548 = DIRECTION('',(0.,0.,1.));
#7549 = DIRECTION('',(1.,0.,-0.));
#7550 = DEFINITIONAL_REPRESENTATION('',(#7551),#7555);
#7551 = CIRCLE('',#7552,1.2);
#7552 = AXIS2_PLACEMENT_2D('',#7553,#7554);
#7553 = CARTESIAN_POINT('',(0.,0.));
#7554 = DIRECTION('',(1.,0.));
#7555 = ( GEOMETRIC_REPRESENTATION_CONTEXT(2) 
PARAMETRIC_REPRESENTATION_CONTEXT() REPRESENTATION_CONTEXT('2D SPACE',''
  ) );
#7556 = ORIENTED_EDGE('',*,*,#7557,.T.);
#7557 = EDGE_CURVE('',#7529,#7493,#7558,.T.);
#7558 = SEAM_CURVE('',#7559,(#7563,#7570),.PCURVE_S1.);
#7559 = LINE('',#7560,#7561);
#7560 = CARTESIAN_POINT('',(50.349,-15.875,5.65));
#7561 = VECTOR('',#7562,1.);
#7562 = DIRECTION('',(0.,0.,1.));
#7563 = PCURVE('',#7513,#7564);
#7564 = DEFINITIONAL_REPRESENTATION('',(#7565),#7569);
#7565 = LINE('',#7566,#7567);
#7566 = CARTESIAN_POINT('',(-6.28318530718,0.));
#7567 = VECTOR('',#7568,1.);
#7568 = DIRECTION('',(-0.,-1.));
#7569 = ( GEOMETRIC_REPRESENTATION_CONTEXT(2) 
PARAMETRIC_REPRESENTATION_CONTEXT() REPRESENTATION_CONTEXT('2D SPACE',''
  ) );
#7570 = PCURVE('',#7513,#7571);
#7571 = DEFINITIONAL_REPRESENTATION('',(#7572),#7576);
#7572 = LINE('',#7573,#7574);
#7573 = CARTESIAN_POINT('',(-0.,0.));
#7574 = VECTOR('',#7575,1.);
#7575 = DIRECTION('',(-0.,-1.));
#7576 = ( GEOMETRIC_REPRESENTATION_CONTEXT(2) 
PARAMETRIC_REPRESENTATION_CONTEXT() REPRESENTATION_CONTEXT('2D SPACE',''
  ) );
#7577 = ORIENTED_EDGE('',*,*,#7492,.F.);
#7578 = ORIENTED_EDGE('',*,*,#7557,.F.);
#7579 = ADVANCED_FACE('',(#7580),#7545,.F.);
#7580 = FACE_BOUND('',#7581,.F.);
#7581 = EDGE_LOOP('',(#7582));
#7582 = ORIENTED_EDGE('',*,*,#7528,.T.);
#7583 = ADVANCED_FACE('',(#7584),#7144,.F.);
#7584 = FACE_BOUND('',#7585,.F.);
#7585 = EDGE_LOOP('',(#7586,#7587,#7588,#7589));
#7586 = ORIENTED_EDGE('',*,*,#7128,.F.);
#7587 = ORIENTED_EDGE('',*,*,#7323,.T.);
#7588 = ORIENTED_EDGE('',*,*,#7467,.F.);
#7589 = ORIENTED_EDGE('',*,*,#7590,.T.);
#7590 = EDGE_CURVE('',#7445,#7101,#7591,.T.);
#7591 = SURFACE_CURVE('',#7592,(#7596,#7602),.PCURVE_S1.);
#7592 = LINE('',#7593,#7594);
#7593 = CARTESIAN_POINT('',(47.149,-18.15,6.5));
#7594 = VECTOR('',#7595,1.);
#7595 = DIRECTION('',(-0.,0.,1.));
#7596 = PCURVE('',#7144,#7597);
#7597 = DEFINITIONAL_REPRESENTATION('',(#7598),#7601);
#7598 = B_SPLINE_CURVE_WITH_KNOTS('',1,(#7599,#7600),.UNSPECIFIED.,.F.,
  .F.,(2,2),(1.E-01,1.7),.PIECEWISE_BEZIER_KNOTS.);
#7599 = CARTESIAN_POINT('',(1.E-01,0.325));
#7600 = CARTESIAN_POINT('',(1.7,0.325));
#7601 = ( GEOMETRIC_REPRESENTATION_CONTEXT(2) 
PARAMETRIC_REPRESENTATION_CONTEXT() REPRESENTATION_CONTEXT('2D SPACE',''
  ) );
#7602 = PCURVE('',#7116,#7603);
#7603 = DEFINITIONAL_REPRESENTATION('',(#7604),#7607);
#7604 = B_SPLINE_CURVE_WITH_KNOTS('',1,(#7605,#7606),.UNSPECIFIED.,.F.,
  .F.,(2,2),(1.E-01,1.7),.PIECEWISE_BEZIER_KNOTS.);
#7605 = CARTESIAN_POINT('',(12.35,-1.E-01));
#7606 = CARTESIAN_POINT('',(12.35,-1.7));
#7607 = ( GEOMETRIC_REPRESENTATION_CONTEXT(2) 
PARAMETRIC_REPRESENTATION_CONTEXT() REPRESENTATION_CONTEXT('2D SPACE',''
  ) );
#7608 = ADVANCED_FACE('',(#7609),#7116,.F.);
#7609 = FACE_BOUND('',#7610,.F.);
#7610 = EDGE_LOOP('',(#7611,#7612,#7613,#7634,#7635));
#7611 = ORIENTED_EDGE('',*,*,#7444,.T.);
#7612 = ORIENTED_EDGE('',*,*,#7420,.F.);
#7613 = ORIENTED_EDGE('',*,*,#7614,.T.);
#7614 = EDGE_CURVE('',#7374,#7068,#7615,.T.);
#7615 = SURFACE_CURVE('',#7616,(#7620,#7627),.PCURVE_S1.);
#7616 = LINE('',#7617,#7618);
#7617 = CARTESIAN_POINT('',(47.149,-5.8,6.5));
#7618 = VECTOR('',#7619,1.);
#7619 = DIRECTION('',(0.,0.,1.));
#7620 = PCURVE('',#7116,#7621);
#7621 = DEFINITIONAL_REPRESENTATION('',(#7622),#7626);
#7622 = LINE('',#7623,#7624);
#7623 = CARTESIAN_POINT('',(0.,0.));
#7624 = VECTOR('',#7625,1.);
#7625 = DIRECTION('',(0.,-1.));
#7626 = ( GEOMETRIC_REPRESENTATION_CONTEXT(2) 
PARAMETRIC_REPRESENTATION_CONTEXT() REPRESENTATION_CONTEXT('2D SPACE',''
  ) );
#7627 = PCURVE('',#7088,#7628);
#7628 = DEFINITIONAL_REPRESENTATION('',(#7629),#7633);
#7629 = LINE('',#7630,#7631);
#7630 = CARTESIAN_POINT('',(3.14159265359,0.));
#7631 = VECTOR('',#7632,1.);
#7632 = DIRECTION('',(0.,-1.));
#7633 = ( GEOMETRIC_REPRESENTATION_CONTEXT(2) 
PARAMETRIC_REPRESENTATION_CONTEXT() REPRESENTATION_CONTEXT('2D SPACE',''
  ) );
#7634 = ORIENTED_EDGE('',*,*,#7100,.T.);
#7635 = ORIENTED_EDGE('',*,*,#7590,.F.);
#7636 = ADVANCED_FACE('',(#7637),#7088,.F.);
#7637 = FACE_BOUND('',#7638,.F.);
#7638 = EDGE_LOOP('',(#7639,#7667,#7688,#7689));
#7639 = ORIENTED_EDGE('',*,*,#7640,.F.);
#7640 = EDGE_CURVE('',#7641,#7374,#7643,.T.);
#7641 = VERTEX_POINT('',#7642);
#7642 = CARTESIAN_POINT('',(46.499,-5.8,6.6));
#7643 = SURFACE_CURVE('',#7644,(#7649,#7656),.PCURVE_S1.);
#7644 = CIRCLE('',#7645,0.325);
#7645 = AXIS2_PLACEMENT_3D('',#7646,#7647,#7648);
#7646 = CARTESIAN_POINT('',(46.824,-5.8,6.6));
#7647 = DIRECTION('',(-0.,0.,-1.));
#7648 = DIRECTION('',(-1.,-2.621834373538E-15,0.));
#7649 = PCURVE('',#7088,#7650);
#7650 = DEFINITIONAL_REPRESENTATION('',(#7651),#7655);
#7651 = LINE('',#7652,#7653);
#7652 = CARTESIAN_POINT('',(0.,-1.E-01));
#7653 = VECTOR('',#7654,1.);
#7654 = DIRECTION('',(1.,0.));
#7655 = ( GEOMETRIC_REPRESENTATION_CONTEXT(2) 
PARAMETRIC_REPRESENTATION_CONTEXT() REPRESENTATION_CONTEXT('2D SPACE',''
  ) );
#7656 = PCURVE('',#2335,#7657);
#7657 = DEFINITIONAL_REPRESENTATION('',(#7658),#7666);
#7658 = ( BOUNDED_CURVE() B_SPLINE_CURVE(2,(#7659,#7660,#7661,#7662,
#7663,#7664,#7665),.UNSPECIFIED.,.T.,.F.) B_SPLINE_CURVE_WITH_KNOTS((1,2
    ,2,2,2,1),(-2.094395102393,0.,2.094395102393,4.188790204786,
6.28318530718,8.377580409573),.UNSPECIFIED.) CURVE() 
GEOMETRIC_REPRESENTATION_ITEM() RATIONAL_B_SPLINE_CURVE((1.,0.5,1.,0.5,
1.,0.5,1.)) REPRESENTATION_ITEM('') );
#7659 = CARTESIAN_POINT('',(47.099,16.05));
#7660 = CARTESIAN_POINT('',(47.099,16.61291651246));
#7661 = CARTESIAN_POINT('',(47.5865,16.33145825623));
#7662 = CARTESIAN_POINT('',(48.074,16.05));
#7663 = CARTESIAN_POINT('',(47.5865,15.76854174377));
#7664 = CARTESIAN_POINT('',(47.099,15.48708348754));
#7665 = CARTESIAN_POINT('',(47.099,16.05));
#7666 = ( GEOMETRIC_REPRESENTATION_CONTEXT(2) 
PARAMETRIC_REPRESENTATION_CONTEXT() REPRESENTATION_CONTEXT('2D SPACE',''
  ) );
#7667 = ORIENTED_EDGE('',*,*,#7668,.T.);
#7668 = EDGE_CURVE('',#7641,#7040,#7669,.T.);
#7669 = SURFACE_CURVE('',#7670,(#7674,#7681),.PCURVE_S1.);
#7670 = LINE('',#7671,#7672);
#7671 = CARTESIAN_POINT('',(46.499,-5.8,6.5));
#7672 = VECTOR('',#7673,1.);
#7673 = DIRECTION('',(0.,0.,1.));
#7674 = PCURVE('',#7088,#7675);
#7675 = DEFINITIONAL_REPRESENTATION('',(#7676),#7680);
#7676 = LINE('',#7677,#7678);
#7677 = CARTESIAN_POINT('',(0.,0.));
#7678 = VECTOR('',#7679,1.);
#7679 = DIRECTION('',(0.,-1.));
#7680 = ( GEOMETRIC_REPRESENTATION_CONTEXT(2) 
PARAMETRIC_REPRESENTATION_CONTEXT() REPRESENTATION_CONTEXT('2D SPACE',''
  ) );
#7681 = PCURVE('',#7055,#7682);
#7682 = DEFINITIONAL_REPRESENTATION('',(#7683),#7687);
#7683 = LINE('',#7684,#7685);
#7684 = CARTESIAN_POINT('',(12.675,0.));
#7685 = VECTOR('',#7686,1.);
#7686 = DIRECTION('',(0.,-1.));
#7687 = ( GEOMETRIC_REPRESENTATION_CONTEXT(2) 
PARAMETRIC_REPRESENTATION_CONTEXT() REPRESENTATION_CONTEXT('2D SPACE',''
  ) );
#7688 = ORIENTED_EDGE('',*,*,#7067,.T.);
#7689 = ORIENTED_EDGE('',*,*,#7614,.F.);
#7690 = ADVANCED_FACE('',(#7691),#7055,.F.);
#7691 = FACE_BOUND('',#7692,.F.);
#7692 = EDGE_LOOP('',(#7693,#7718,#7739,#7740,#7741,#7764,#7790,#7816));
#7693 = ORIENTED_EDGE('',*,*,#7694,.T.);
#7694 = EDGE_CURVE('',#7695,#7697,#7699,.T.);
#7695 = VERTEX_POINT('',#7696);
#7696 = CARTESIAN_POINT('',(46.499,-17.3,6.6));
#7697 = VERTEX_POINT('',#7698);
#7698 = CARTESIAN_POINT('',(46.499,-18.475,6.6));
#7699 = SURFACE_CURVE('',#7700,(#7704,#7711),.PCURVE_S1.);
#7700 = LINE('',#7701,#7702);
#7701 = CARTESIAN_POINT('',(46.499,-17.3,6.6));
#7702 = VECTOR('',#7703,1.);
#7703 = DIRECTION('',(0.,-1.,0.));
#7704 = PCURVE('',#7055,#7705);
#7705 = DEFINITIONAL_REPRESENTATION('',(#7706),#7710);
#7706 = LINE('',#7707,#7708);
#7707 = CARTESIAN_POINT('',(1.175,-1.E-01));
#7708 = VECTOR('',#7709,1.);
#7709 = DIRECTION('',(-1.,-0.));
#7710 = ( GEOMETRIC_REPRESENTATION_CONTEXT(2) 
PARAMETRIC_REPRESENTATION_CONTEXT() REPRESENTATION_CONTEXT('2D SPACE',''
  ) );
#7711 = PCURVE('',#2335,#7712);
#7712 = DEFINITIONAL_REPRESENTATION('',(#7713),#7717);
#7713 = LINE('',#7714,#7715);
#7714 = CARTESIAN_POINT('',(47.099,4.55));
#7715 = VECTOR('',#7716,1.);
#7716 = DIRECTION('',(0.,-1.));
#7717 = ( GEOMETRIC_REPRESENTATION_CONTEXT(2) 
PARAMETRIC_REPRESENTATION_CONTEXT() REPRESENTATION_CONTEXT('2D SPACE',''
  ) );
#7718 = ORIENTED_EDGE('',*,*,#7719,.T.);
#7719 = EDGE_CURVE('',#7697,#7007,#7720,.T.);
#7720 = SURFACE_CURVE('',#7721,(#7725,#7732),.PCURVE_S1.);
#7721 = LINE('',#7722,#7723);
#7722 = CARTESIAN_POINT('',(46.499,-18.475,6.5));
#7723 = VECTOR('',#7724,1.);
#7724 = DIRECTION('',(0.,0.,1.));
#7725 = PCURVE('',#7055,#7726);
#7726 = DEFINITIONAL_REPRESENTATION('',(#7727),#7731);
#7727 = LINE('',#7728,#7729);
#7728 = CARTESIAN_POINT('',(0.,0.));
#7729 = VECTOR('',#7730,1.);
#7730 = DIRECTION('',(0.,-1.));
#7731 = ( GEOMETRIC_REPRESENTATION_CONTEXT(2) 
PARAMETRIC_REPRESENTATION_CONTEXT() REPRESENTATION_CONTEXT('2D SPACE',''
  ) );
#7732 = PCURVE('',#7027,#7733);
#7733 = DEFINITIONAL_REPRESENTATION('',(#7734),#7738);
#7734 = LINE('',#7735,#7736);
#7735 = CARTESIAN_POINT('',(3.14159265359,0.));
#7736 = VECTOR('',#7737,1.);
#7737 = DIRECTION('',(0.,-1.));
#7738 = ( GEOMETRIC_REPRESENTATION_CONTEXT(2) 
PARAMETRIC_REPRESENTATION_CONTEXT() REPRESENTATION_CONTEXT('2D SPACE',''
  ) );
#7739 = ORIENTED_EDGE('',*,*,#7039,.T.);
#7740 = ORIENTED_EDGE('',*,*,#7668,.F.);
#7741 = ORIENTED_EDGE('',*,*,#7742,.T.);
#7742 = EDGE_CURVE('',#7641,#7743,#7745,.T.);
#7743 = VERTEX_POINT('',#7744);
#7744 = CARTESIAN_POINT('',(46.499,-14.5,6.6));
#7745 = SURFACE_CURVE('',#7746,(#7750,#7757),.PCURVE_S1.);
#7746 = LINE('',#7747,#7748);
#7747 = CARTESIAN_POINT('',(46.499,-5.8,6.6));
#7748 = VECTOR('',#7749,1.);
#7749 = DIRECTION('',(-8.1671578823E-16,-1.,0.));
#7750 = PCURVE('',#7055,#7751);
#7751 = DEFINITIONAL_REPRESENTATION('',(#7752),#7756);
#7752 = LINE('',#7753,#7754);
#7753 = CARTESIAN_POINT('',(12.675,-1.E-01));
#7754 = VECTOR('',#7755,1.);
#7755 = DIRECTION('',(-1.,-0.));
#7756 = ( GEOMETRIC_REPRESENTATION_CONTEXT(2) 
PARAMETRIC_REPRESENTATION_CONTEXT() REPRESENTATION_CONTEXT('2D SPACE',''
  ) );
#7757 = PCURVE('',#2335,#7758);
#7758 = DEFINITIONAL_REPRESENTATION('',(#7759),#7763);
#7759 = LINE('',#7760,#7761);
#7760 = CARTESIAN_POINT('',(47.099,16.05));
#7761 = VECTOR('',#7762,1.);
#7762 = DIRECTION('',(-8.1671578823E-16,-1.));
#7763 = ( GEOMETRIC_REPRESENTATION_CONTEXT(2) 
PARAMETRIC_REPRESENTATION_CONTEXT() REPRESENTATION_CONTEXT('2D SPACE',''
  ) );
#7764 = ORIENTED_EDGE('',*,*,#7765,.F.);
#7765 = EDGE_CURVE('',#7766,#7743,#7768,.T.);
#7766 = VERTEX_POINT('',#7767);
#7767 = CARTESIAN_POINT('',(46.499,-14.5,6.85));
#7768 = SURFACE_CURVE('',#7769,(#7773,#7779),.PCURVE_S1.);
#7769 = LINE('',#7770,#7771);
#7770 = CARTESIAN_POINT('',(46.499,-14.5,6.275));
#7771 = VECTOR('',#7772,1.);
#7772 = DIRECTION('',(0.,0.,-1.));
#7773 = PCURVE('',#7055,#7774);
#7774 = DEFINITIONAL_REPRESENTATION('',(#7775),#7778);
#7775 = B_SPLINE_CURVE_WITH_KNOTS('',1,(#7776,#7777),.UNSPECIFIED.,.F.,
  .F.,(2,2),(-0.575,-0.325),.PIECEWISE_BEZIER_KNOTS.);
#7776 = CARTESIAN_POINT('',(3.975,-0.35));
#7777 = CARTESIAN_POINT('',(3.975,-1.E-01));
#7778 = ( GEOMETRIC_REPRESENTATION_CONTEXT(2) 
PARAMETRIC_REPRESENTATION_CONTEXT() REPRESENTATION_CONTEXT('2D SPACE',''
  ) );
#7779 = PCURVE('',#7780,#7785);
#7780 = PLANE('',#7781);
#7781 = AXIS2_PLACEMENT_3D('',#7782,#7783,#7784);
#7782 = CARTESIAN_POINT('',(45.5,-14.5,6.05));
#7783 = DIRECTION('',(0.,1.,0.));
#7784 = DIRECTION('',(0.,0.,1.));
#7785 = DEFINITIONAL_REPRESENTATION('',(#7786),#7789);
#7786 = B_SPLINE_CURVE_WITH_KNOTS('',1,(#7787,#7788),.UNSPECIFIED.,.F.,
  .F.,(2,2),(-0.575,-0.325),.PIECEWISE_BEZIER_KNOTS.);
#7787 = CARTESIAN_POINT('',(0.8,0.999));
#7788 = CARTESIAN_POINT('',(0.55,0.999));
#7789 = ( GEOMETRIC_REPRESENTATION_CONTEXT(2) 
PARAMETRIC_REPRESENTATION_CONTEXT() REPRESENTATION_CONTEXT('2D SPACE',''
  ) );
#7790 = ORIENTED_EDGE('',*,*,#7791,.F.);
#7791 = EDGE_CURVE('',#7792,#7766,#7794,.T.);
#7792 = VERTEX_POINT('',#7793);
#7793 = CARTESIAN_POINT('',(46.499,-17.3,6.85));
#7794 = SURFACE_CURVE('',#7795,(#7799,#7805),.PCURVE_S1.);
#7795 = LINE('',#7796,#7797);
#7796 = CARTESIAN_POINT('',(46.499,-17.8875,6.85));
#7797 = VECTOR('',#7798,1.);
#7798 = DIRECTION('',(1.110223024625E-16,1.,-0.));
#7799 = PCURVE('',#7055,#7800);
#7800 = DEFINITIONAL_REPRESENTATION('',(#7801),#7804);
#7801 = B_SPLINE_CURVE_WITH_KNOTS('',1,(#7802,#7803),.UNSPECIFIED.,.F.,
  .F.,(2,2),(0.5875,3.3875),.PIECEWISE_BEZIER_KNOTS.);
#7802 = CARTESIAN_POINT('',(1.175,-0.35));
#7803 = CARTESIAN_POINT('',(3.975,-0.35));
#7804 = ( GEOMETRIC_REPRESENTATION_CONTEXT(2) 
PARAMETRIC_REPRESENTATION_CONTEXT() REPRESENTATION_CONTEXT('2D SPACE',''
  ) );
#7805 = PCURVE('',#7806,#7811);
#7806 = PLANE('',#7807);
#7807 = AXIS2_PLACEMENT_3D('',#7808,#7809,#7810);
#7808 = CARTESIAN_POINT('',(45.5,-17.3,6.85));
#7809 = DIRECTION('',(0.,0.,1.));
#7810 = DIRECTION('',(1.,0.,0.));
#7811 = DEFINITIONAL_REPRESENTATION('',(#7812),#7815);
#7812 = B_SPLINE_CURVE_WITH_KNOTS('',1,(#7813,#7814),.UNSPECIFIED.,.F.,
  .F.,(2,2),(0.5875,3.3875),.PIECEWISE_BEZIER_KNOTS.);
#7813 = CARTESIAN_POINT('',(0.999,0.));
#7814 = CARTESIAN_POINT('',(0.999,2.8));
#7815 = ( GEOMETRIC_REPRESENTATION_CONTEXT(2) 
PARAMETRIC_REPRESENTATION_CONTEXT() REPRESENTATION_CONTEXT('2D SPACE',''
  ) );
#7816 = ORIENTED_EDGE('',*,*,#7817,.T.);
#7817 = EDGE_CURVE('',#7792,#7695,#7818,.T.);
#7818 = SURFACE_CURVE('',#7819,(#7823,#7829),.PCURVE_S1.);
#7819 = LINE('',#7820,#7821);
#7820 = CARTESIAN_POINT('',(46.499,-17.3,6.275));
#7821 = VECTOR('',#7822,1.);
#7822 = DIRECTION('',(0.,0.,-1.));
#7823 = PCURVE('',#7055,#7824);
#7824 = DEFINITIONAL_REPRESENTATION('',(#7825),#7828);
#7825 = B_SPLINE_CURVE_WITH_KNOTS('',1,(#7826,#7827),.UNSPECIFIED.,.F.,
  .F.,(2,2),(-0.575,-0.325),.PIECEWISE_BEZIER_KNOTS.);
#7826 = CARTESIAN_POINT('',(1.175,-0.35));
#7827 = CARTESIAN_POINT('',(1.175,-1.E-01));
#7828 = ( GEOMETRIC_REPRESENTATION_CONTEXT(2) 
PARAMETRIC_REPRESENTATION_CONTEXT() REPRESENTATION_CONTEXT('2D SPACE',''
  ) );
#7829 = PCURVE('',#7830,#7835);
#7830 = PLANE('',#7831);
#7831 = AXIS2_PLACEMENT_3D('',#7832,#7833,#7834);
#7832 = CARTESIAN_POINT('',(45.5,-17.3,6.05));
#7833 = DIRECTION('',(0.,1.,0.));
#7834 = DIRECTION('',(0.,0.,1.));
#7835 = DEFINITIONAL_REPRESENTATION('',(#7836),#7839);
#7836 = B_SPLINE_CURVE_WITH_KNOTS('',1,(#7837,#7838),.UNSPECIFIED.,.F.,
  .F.,(2,2),(-0.575,-0.325),.PIECEWISE_BEZIER_KNOTS.);
#7837 = CARTESIAN_POINT('',(0.8,0.999));
#7838 = CARTESIAN_POINT('',(0.55,0.999));
#7839 = ( GEOMETRIC_REPRESENTATION_CONTEXT(2) 
PARAMETRIC_REPRESENTATION_CONTEXT() REPRESENTATION_CONTEXT('2D SPACE',''
  ) );
#7840 = ADVANCED_FACE('',(#7841),#7830,.F.);
#7841 = FACE_BOUND('',#7842,.F.);
#7842 = EDGE_LOOP('',(#7843,#7873,#7901,#7929,#7950,#7951));
#7843 = ORIENTED_EDGE('',*,*,#7844,.F.);
#7844 = EDGE_CURVE('',#7845,#7847,#7849,.T.);
#7845 = VERTEX_POINT('',#7846);
#7846 = CARTESIAN_POINT('',(47.649,-17.3,6.05));
#7847 = VERTEX_POINT('',#7848);
#7848 = CARTESIAN_POINT('',(47.649,-17.3,6.85));
#7849 = SURFACE_CURVE('',#7850,(#7854,#7861),.PCURVE_S1.);
#7850 = LINE('',#7851,#7852);
#7851 = CARTESIAN_POINT('',(47.649,-17.3,6.05));
#7852 = VECTOR('',#7853,1.);
#7853 = DIRECTION('',(0.,0.,1.));
#7854 = PCURVE('',#7830,#7855);
#7855 = DEFINITIONAL_REPRESENTATION('',(#7856),#7860);
#7856 = LINE('',#7857,#7858);
#7857 = CARTESIAN_POINT('',(0.,2.149));
#7858 = VECTOR('',#7859,1.);
#7859 = DIRECTION('',(1.,0.));
#7860 = ( GEOMETRIC_REPRESENTATION_CONTEXT(2) 
PARAMETRIC_REPRESENTATION_CONTEXT() REPRESENTATION_CONTEXT('2D SPACE',''
  ) );
#7861 = PCURVE('',#7862,#7867);
#7862 = PLANE('',#7863);
#7863 = AXIS2_PLACEMENT_3D('',#7864,#7865,#7866);
#7864 = CARTESIAN_POINT('',(47.649,-17.3,6.05));
#7865 = DIRECTION('',(1.,0.,0.));
#7866 = DIRECTION('',(0.,0.,1.));
#7867 = DEFINITIONAL_REPRESENTATION('',(#7868),#7872);
#7868 = LINE('',#7869,#7870);
#7869 = CARTESIAN_POINT('',(0.,0.));
#7870 = VECTOR('',#7871,1.);
#7871 = DIRECTION('',(1.,0.));
#7872 = ( GEOMETRIC_REPRESENTATION_CONTEXT(2) 
PARAMETRIC_REPRESENTATION_CONTEXT() REPRESENTATION_CONTEXT('2D SPACE',''
  ) );
#7873 = ORIENTED_EDGE('',*,*,#7874,.F.);
#7874 = EDGE_CURVE('',#7875,#7845,#7877,.T.);
#7875 = VERTEX_POINT('',#7876);
#7876 = CARTESIAN_POINT('',(45.5,-17.3,6.05));
#7877 = SURFACE_CURVE('',#7878,(#7882,#7889),.PCURVE_S1.);
#7878 = LINE('',#7879,#7880);
#7879 = CARTESIAN_POINT('',(45.5,-17.3,6.05));
#7880 = VECTOR('',#7881,1.);
#7881 = DIRECTION('',(1.,0.,0.));
#7882 = PCURVE('',#7830,#7883);
#7883 = DEFINITIONAL_REPRESENTATION('',(#7884),#7888);
#7884 = LINE('',#7885,#7886);
#7885 = CARTESIAN_POINT('',(0.,0.));
#7886 = VECTOR('',#7887,1.);
#7887 = DIRECTION('',(0.,1.));
#7888 = ( GEOMETRIC_REPRESENTATION_CONTEXT(2) 
PARAMETRIC_REPRESENTATION_CONTEXT() REPRESENTATION_CONTEXT('2D SPACE',''
  ) );
#7889 = PCURVE('',#7890,#7895);
#7890 = PLANE('',#7891);
#7891 = AXIS2_PLACEMENT_3D('',#7892,#7893,#7894);
#7892 = CARTESIAN_POINT('',(45.5,-17.3,6.05));
#7893 = DIRECTION('',(0.,0.,1.));
#7894 = DIRECTION('',(1.,0.,0.));
#7895 = DEFINITIONAL_REPRESENTATION('',(#7896),#7900);
#7896 = LINE('',#7897,#7898);
#7897 = CARTESIAN_POINT('',(0.,0.));
#7898 = VECTOR('',#7899,1.);
#7899 = DIRECTION('',(1.,0.));
#7900 = ( GEOMETRIC_REPRESENTATION_CONTEXT(2) 
PARAMETRIC_REPRESENTATION_CONTEXT() REPRESENTATION_CONTEXT('2D SPACE',''
  ) );
#7901 = ORIENTED_EDGE('',*,*,#7902,.T.);
#7902 = EDGE_CURVE('',#7875,#7903,#7905,.T.);
#7903 = VERTEX_POINT('',#7904);
#7904 = CARTESIAN_POINT('',(45.5,-17.3,6.6));
#7905 = SURFACE_CURVE('',#7906,(#7910,#7917),.PCURVE_S1.);
#7906 = LINE('',#7907,#7908);
#7907 = CARTESIAN_POINT('',(45.5,-17.3,6.05));
#7908 = VECTOR('',#7909,1.);
#7909 = DIRECTION('',(0.,0.,1.));
#7910 = PCURVE('',#7830,#7911);
#7911 = DEFINITIONAL_REPRESENTATION('',(#7912),#7916);
#7912 = LINE('',#7913,#7914);
#7913 = CARTESIAN_POINT('',(0.,0.));
#7914 = VECTOR('',#7915,1.);
#7915 = DIRECTION('',(1.,0.));
#7916 = ( GEOMETRIC_REPRESENTATION_CONTEXT(2) 
PARAMETRIC_REPRESENTATION_CONTEXT() REPRESENTATION_CONTEXT('2D SPACE',''
  ) );
#7917 = PCURVE('',#7918,#7923);
#7918 = PLANE('',#7919);
#7919 = AXIS2_PLACEMENT_3D('',#7920,#7921,#7922);
#7920 = CARTESIAN_POINT('',(45.5,-17.3,6.05));
#7921 = DIRECTION('',(1.,0.,0.));
#7922 = DIRECTION('',(0.,0.,1.));
#7923 = DEFINITIONAL_REPRESENTATION('',(#7924),#7928);
#7924 = LINE('',#7925,#7926);
#7925 = CARTESIAN_POINT('',(0.,0.));
#7926 = VECTOR('',#7927,1.);
#7927 = DIRECTION('',(1.,0.));
#7928 = ( GEOMETRIC_REPRESENTATION_CONTEXT(2) 
PARAMETRIC_REPRESENTATION_CONTEXT() REPRESENTATION_CONTEXT('2D SPACE',''
  ) );
#7929 = ORIENTED_EDGE('',*,*,#7930,.T.);
#7930 = EDGE_CURVE('',#7903,#7695,#7931,.T.);
#7931 = SURFACE_CURVE('',#7932,(#7936,#7943),.PCURVE_S1.);
#7932 = LINE('',#7933,#7934);
#7933 = CARTESIAN_POINT('',(45.5,-17.3,6.6));
#7934 = VECTOR('',#7935,1.);
#7935 = DIRECTION('',(1.,0.,0.));
#7936 = PCURVE('',#7830,#7937);
#7937 = DEFINITIONAL_REPRESENTATION('',(#7938),#7942);
#7938 = LINE('',#7939,#7940);
#7939 = CARTESIAN_POINT('',(0.55,0.));
#7940 = VECTOR('',#7941,1.);
#7941 = DIRECTION('',(0.,1.));
#7942 = ( GEOMETRIC_REPRESENTATION_CONTEXT(2) 
PARAMETRIC_REPRESENTATION_CONTEXT() REPRESENTATION_CONTEXT('2D SPACE',''
  ) );
#7943 = PCURVE('',#2335,#7944);
#7944 = DEFINITIONAL_REPRESENTATION('',(#7945),#7949);
#7945 = LINE('',#7946,#7947);
#7946 = CARTESIAN_POINT('',(46.1,4.55));
#7947 = VECTOR('',#7948,1.);
#7948 = DIRECTION('',(1.,0.));
#7949 = ( GEOMETRIC_REPRESENTATION_CONTEXT(2) 
PARAMETRIC_REPRESENTATION_CONTEXT() REPRESENTATION_CONTEXT('2D SPACE',''
  ) );
#7950 = ORIENTED_EDGE('',*,*,#7817,.F.);
#7951 = ORIENTED_EDGE('',*,*,#7952,.T.);
#7952 = EDGE_CURVE('',#7792,#7847,#7953,.T.);
#7953 = SURFACE_CURVE('',#7954,(#7958,#7965),.PCURVE_S1.);
#7954 = LINE('',#7955,#7956);
#7955 = CARTESIAN_POINT('',(45.5,-17.3,6.85));
#7956 = VECTOR('',#7957,1.);
#7957 = DIRECTION('',(1.,0.,0.));
#7958 = PCURVE('',#7830,#7959);
#7959 = DEFINITIONAL_REPRESENTATION('',(#7960),#7964);
#7960 = LINE('',#7961,#7962);
#7961 = CARTESIAN_POINT('',(0.8,0.));
#7962 = VECTOR('',#7963,1.);
#7963 = DIRECTION('',(0.,1.));
#7964 = ( GEOMETRIC_REPRESENTATION_CONTEXT(2) 
PARAMETRIC_REPRESENTATION_CONTEXT() REPRESENTATION_CONTEXT('2D SPACE',''
  ) );
#7965 = PCURVE('',#7806,#7966);
#7966 = DEFINITIONAL_REPRESENTATION('',(#7967),#7971);
#7967 = LINE('',#7968,#7969);
#7968 = CARTESIAN_POINT('',(0.,0.));
#7969 = VECTOR('',#7970,1.);
#7970 = DIRECTION('',(1.,0.));
#7971 = ( GEOMETRIC_REPRESENTATION_CONTEXT(2) 
PARAMETRIC_REPRESENTATION_CONTEXT() REPRESENTATION_CONTEXT('2D SPACE',''
  ) );
#7972 = ADVANCED_FACE('',(#7973),#7918,.F.);
#7973 = FACE_BOUND('',#7974,.F.);
#7974 = EDGE_LOOP('',(#7975,#7976,#7999,#8022));
#7975 = ORIENTED_EDGE('',*,*,#7902,.F.);
#7976 = ORIENTED_EDGE('',*,*,#7977,.T.);
#7977 = EDGE_CURVE('',#7875,#7978,#7980,.T.);
#7978 = VERTEX_POINT('',#7979);
#7979 = CARTESIAN_POINT('',(45.5,-14.5,6.05));
#7980 = SURFACE_CURVE('',#7981,(#7985,#7992),.PCURVE_S1.);
#7981 = LINE('',#7982,#7983);
#7982 = CARTESIAN_POINT('',(45.5,-17.3,6.05));
#7983 = VECTOR('',#7984,1.);
#7984 = DIRECTION('',(0.,1.,0.));
#7985 = PCURVE('',#7918,#7986);
#7986 = DEFINITIONAL_REPRESENTATION('',(#7987),#7991);
#7987 = LINE('',#7988,#7989);
#7988 = CARTESIAN_POINT('',(0.,0.));
#7989 = VECTOR('',#7990,1.);
#7990 = DIRECTION('',(0.,-1.));
#7991 = ( GEOMETRIC_REPRESENTATION_CONTEXT(2) 
PARAMETRIC_REPRESENTATION_CONTEXT() REPRESENTATION_CONTEXT('2D SPACE',''
  ) );
#7992 = PCURVE('',#7890,#7993);
#7993 = DEFINITIONAL_REPRESENTATION('',(#7994),#7998);
#7994 = LINE('',#7995,#7996);
#7995 = CARTESIAN_POINT('',(0.,0.));
#7996 = VECTOR('',#7997,1.);
#7997 = DIRECTION('',(0.,1.));
#7998 = ( GEOMETRIC_REPRESENTATION_CONTEXT(2) 
PARAMETRIC_REPRESENTATION_CONTEXT() REPRESENTATION_CONTEXT('2D SPACE',''
  ) );
#7999 = ORIENTED_EDGE('',*,*,#8000,.T.);
#8000 = EDGE_CURVE('',#7978,#8001,#8003,.T.);
#8001 = VERTEX_POINT('',#8002);
#8002 = CARTESIAN_POINT('',(45.5,-14.5,6.6));
#8003 = SURFACE_CURVE('',#8004,(#8008,#8015),.PCURVE_S1.);
#8004 = LINE('',#8005,#8006);
#8005 = CARTESIAN_POINT('',(45.5,-14.5,6.05));
#8006 = VECTOR('',#8007,1.);
#8007 = DIRECTION('',(0.,0.,1.));
#8008 = PCURVE('',#7918,#8009);
#8009 = DEFINITIONAL_REPRESENTATION('',(#8010),#8014);
#8010 = LINE('',#8011,#8012);
#8011 = CARTESIAN_POINT('',(0.,-2.8));
#8012 = VECTOR('',#8013,1.);
#8013 = DIRECTION('',(1.,0.));
#8014 = ( GEOMETRIC_REPRESENTATION_CONTEXT(2) 
PARAMETRIC_REPRESENTATION_CONTEXT() REPRESENTATION_CONTEXT('2D SPACE',''
  ) );
#8015 = PCURVE('',#7780,#8016);
#8016 = DEFINITIONAL_REPRESENTATION('',(#8017),#8021);
#8017 = LINE('',#8018,#8019);
#8018 = CARTESIAN_POINT('',(0.,0.));
#8019 = VECTOR('',#8020,1.);
#8020 = DIRECTION('',(1.,0.));
#8021 = ( GEOMETRIC_REPRESENTATION_CONTEXT(2) 
PARAMETRIC_REPRESENTATION_CONTEXT() REPRESENTATION_CONTEXT('2D SPACE',''
  ) );
#8022 = ORIENTED_EDGE('',*,*,#8023,.F.);
#8023 = EDGE_CURVE('',#7903,#8001,#8024,.T.);
#8024 = SURFACE_CURVE('',#8025,(#8029,#8035),.PCURVE_S1.);
#8025 = LINE('',#8026,#8027);
#8026 = CARTESIAN_POINT('',(45.5,-19.575,6.6));
#8027 = VECTOR('',#8028,1.);
#8028 = DIRECTION('',(0.,1.,0.));
#8029 = PCURVE('',#7918,#8030);
#8030 = DEFINITIONAL_REPRESENTATION('',(#8031),#8034);
#8031 = B_SPLINE_CURVE_WITH_KNOTS('',1,(#8032,#8033),.UNSPECIFIED.,.F.,
  .F.,(2,2),(2.275,5.075),.PIECEWISE_BEZIER_KNOTS.);
#8032 = CARTESIAN_POINT('',(0.55,0.));
#8033 = CARTESIAN_POINT('',(0.55,-2.8));
#8034 = ( GEOMETRIC_REPRESENTATION_CONTEXT(2) 
PARAMETRIC_REPRESENTATION_CONTEXT() REPRESENTATION_CONTEXT('2D SPACE',''
  ) );
#8035 = PCURVE('',#2335,#8036);
#8036 = DEFINITIONAL_REPRESENTATION('',(#8037),#8041);
#8037 = LINE('',#8038,#8039);
#8038 = CARTESIAN_POINT('',(46.1,2.275));
#8039 = VECTOR('',#8040,1.);
#8040 = DIRECTION('',(0.,1.));
#8041 = ( GEOMETRIC_REPRESENTATION_CONTEXT(2) 
PARAMETRIC_REPRESENTATION_CONTEXT() REPRESENTATION_CONTEXT('2D SPACE',''
  ) );
#8042 = ADVANCED_FACE('',(#8043),#7890,.F.);
#8043 = FACE_BOUND('',#8044,.F.);
#8044 = EDGE_LOOP('',(#8045,#8046,#8047,#8070));
#8045 = ORIENTED_EDGE('',*,*,#7977,.F.);
#8046 = ORIENTED_EDGE('',*,*,#7874,.T.);
#8047 = ORIENTED_EDGE('',*,*,#8048,.T.);
#8048 = EDGE_CURVE('',#7845,#8049,#8051,.T.);
#8049 = VERTEX_POINT('',#8050);
#8050 = CARTESIAN_POINT('',(47.649,-14.5,6.05));
#8051 = SURFACE_CURVE('',#8052,(#8056,#8063),.PCURVE_S1.);
#8052 = LINE('',#8053,#8054);
#8053 = CARTESIAN_POINT('',(47.649,-17.3,6.05));
#8054 = VECTOR('',#8055,1.);
#8055 = DIRECTION('',(0.,1.,0.));
#8056 = PCURVE('',#7890,#8057);
#8057 = DEFINITIONAL_REPRESENTATION('',(#8058),#8062);
#8058 = LINE('',#8059,#8060);
#8059 = CARTESIAN_POINT('',(2.149,0.));
#8060 = VECTOR('',#8061,1.);
#8061 = DIRECTION('',(0.,1.));
#8062 = ( GEOMETRIC_REPRESENTATION_CONTEXT(2) 
PARAMETRIC_REPRESENTATION_CONTEXT() REPRESENTATION_CONTEXT('2D SPACE',''
  ) );
#8063 = PCURVE('',#7862,#8064);
#8064 = DEFINITIONAL_REPRESENTATION('',(#8065),#8069);
#8065 = LINE('',#8066,#8067);
#8066 = CARTESIAN_POINT('',(0.,0.));
#8067 = VECTOR('',#8068,1.);
#8068 = DIRECTION('',(0.,-1.));
#8069 = ( GEOMETRIC_REPRESENTATION_CONTEXT(2) 
PARAMETRIC_REPRESENTATION_CONTEXT() REPRESENTATION_CONTEXT('2D SPACE',''
  ) );
#8070 = ORIENTED_EDGE('',*,*,#8071,.F.);
#8071 = EDGE_CURVE('',#7978,#8049,#8072,.T.);
#8072 = SURFACE_CURVE('',#8073,(#8077,#8084),.PCURVE_S1.);
#8073 = LINE('',#8074,#8075);
#8074 = CARTESIAN_POINT('',(45.5,-14.5,6.05));
#8075 = VECTOR('',#8076,1.);
#8076 = DIRECTION('',(1.,0.,0.));
#8077 = PCURVE('',#7890,#8078);
#8078 = DEFINITIONAL_REPRESENTATION('',(#8079),#8083);
#8079 = LINE('',#8080,#8081);
#8080 = CARTESIAN_POINT('',(0.,2.8));
#8081 = VECTOR('',#8082,1.);
#8082 = DIRECTION('',(1.,0.));
#8083 = ( GEOMETRIC_REPRESENTATION_CONTEXT(2) 
PARAMETRIC_REPRESENTATION_CONTEXT() REPRESENTATION_CONTEXT('2D SPACE',''
  ) );
#8084 = PCURVE('',#7780,#8085);
#8085 = DEFINITIONAL_REPRESENTATION('',(#8086),#8090);
#8086 = LINE('',#8087,#8088);
#8087 = CARTESIAN_POINT('',(0.,0.));
#8088 = VECTOR('',#8089,1.);
#8089 = DIRECTION('',(0.,1.));
#8090 = ( GEOMETRIC_REPRESENTATION_CONTEXT(2) 
PARAMETRIC_REPRESENTATION_CONTEXT() REPRESENTATION_CONTEXT('2D SPACE',''
  ) );
#8091 = ADVANCED_FACE('',(#8092),#7862,.T.);
#8092 = FACE_BOUND('',#8093,.T.);
#8093 = EDGE_LOOP('',(#8094,#8095,#8096,#8119));
#8094 = ORIENTED_EDGE('',*,*,#7844,.F.);
#8095 = ORIENTED_EDGE('',*,*,#8048,.T.);
#8096 = ORIENTED_EDGE('',*,*,#8097,.T.);
#8097 = EDGE_CURVE('',#8049,#8098,#8100,.T.);
#8098 = VERTEX_POINT('',#8099);
#8099 = CARTESIAN_POINT('',(47.649,-14.5,6.85));
#8100 = SURFACE_CURVE('',#8101,(#8105,#8112),.PCURVE_S1.);
#8101 = LINE('',#8102,#8103);
#8102 = CARTESIAN_POINT('',(47.649,-14.5,6.05));
#8103 = VECTOR('',#8104,1.);
#8104 = DIRECTION('',(0.,0.,1.));
#8105 = PCURVE('',#7862,#8106);
#8106 = DEFINITIONAL_REPRESENTATION('',(#8107),#8111);
#8107 = LINE('',#8108,#8109);
#8108 = CARTESIAN_POINT('',(0.,-2.8));
#8109 = VECTOR('',#8110,1.);
#8110 = DIRECTION('',(1.,0.));
#8111 = ( GEOMETRIC_REPRESENTATION_CONTEXT(2) 
PARAMETRIC_REPRESENTATION_CONTEXT() REPRESENTATION_CONTEXT('2D SPACE',''
  ) );
#8112 = PCURVE('',#7780,#8113);
#8113 = DEFINITIONAL_REPRESENTATION('',(#8114),#8118);
#8114 = LINE('',#8115,#8116);
#8115 = CARTESIAN_POINT('',(0.,2.149));
#8116 = VECTOR('',#8117,1.);
#8117 = DIRECTION('',(1.,0.));
#8118 = ( GEOMETRIC_REPRESENTATION_CONTEXT(2) 
PARAMETRIC_REPRESENTATION_CONTEXT() REPRESENTATION_CONTEXT('2D SPACE',''
  ) );
#8119 = ORIENTED_EDGE('',*,*,#8120,.F.);
#8120 = EDGE_CURVE('',#7847,#8098,#8121,.T.);
#8121 = SURFACE_CURVE('',#8122,(#8126,#8133),.PCURVE_S1.);
#8122 = LINE('',#8123,#8124);
#8123 = CARTESIAN_POINT('',(47.649,-17.3,6.85));
#8124 = VECTOR('',#8125,1.);
#8125 = DIRECTION('',(0.,1.,0.));
#8126 = PCURVE('',#7862,#8127);
#8127 = DEFINITIONAL_REPRESENTATION('',(#8128),#8132);
#8128 = LINE('',#8129,#8130);
#8129 = CARTESIAN_POINT('',(0.8,0.));
#8130 = VECTOR('',#8131,1.);
#8131 = DIRECTION('',(0.,-1.));
#8132 = ( GEOMETRIC_REPRESENTATION_CONTEXT(2) 
PARAMETRIC_REPRESENTATION_CONTEXT() REPRESENTATION_CONTEXT('2D SPACE',''
  ) );
#8133 = PCURVE('',#7806,#8134);
#8134 = DEFINITIONAL_REPRESENTATION('',(#8135),#8139);
#8135 = LINE('',#8136,#8137);
#8136 = CARTESIAN_POINT('',(2.149,0.));
#8137 = VECTOR('',#8138,1.);
#8138 = DIRECTION('',(0.,1.));
#8139 = ( GEOMETRIC_REPRESENTATION_CONTEXT(2) 
PARAMETRIC_REPRESENTATION_CONTEXT() REPRESENTATION_CONTEXT('2D SPACE',''
  ) );
#8140 = ADVANCED_FACE('',(#8141),#7806,.T.);
#8141 = FACE_BOUND('',#8142,.T.);
#8142 = EDGE_LOOP('',(#8143,#8164,#8165,#8166));
#8143 = ORIENTED_EDGE('',*,*,#8144,.F.);
#8144 = EDGE_CURVE('',#7766,#8098,#8145,.T.);
#8145 = SURFACE_CURVE('',#8146,(#8150,#8157),.PCURVE_S1.);
#8146 = LINE('',#8147,#8148);
#8147 = CARTESIAN_POINT('',(45.5,-14.5,6.85));
#8148 = VECTOR('',#8149,1.);
#8149 = DIRECTION('',(1.,0.,0.));
#8150 = PCURVE('',#7806,#8151);
#8151 = DEFINITIONAL_REPRESENTATION('',(#8152),#8156);
#8152 = LINE('',#8153,#8154);
#8153 = CARTESIAN_POINT('',(0.,2.8));
#8154 = VECTOR('',#8155,1.);
#8155 = DIRECTION('',(1.,0.));
#8156 = ( GEOMETRIC_REPRESENTATION_CONTEXT(2) 
PARAMETRIC_REPRESENTATION_CONTEXT() REPRESENTATION_CONTEXT('2D SPACE',''
  ) );
#8157 = PCURVE('',#7780,#8158);
#8158 = DEFINITIONAL_REPRESENTATION('',(#8159),#8163);
#8159 = LINE('',#8160,#8161);
#8160 = CARTESIAN_POINT('',(0.8,0.));
#8161 = VECTOR('',#8162,1.);
#8162 = DIRECTION('',(0.,1.));
#8163 = ( GEOMETRIC_REPRESENTATION_CONTEXT(2) 
PARAMETRIC_REPRESENTATION_CONTEXT() REPRESENTATION_CONTEXT('2D SPACE',''
  ) );
#8164 = ORIENTED_EDGE('',*,*,#7791,.F.);
#8165 = ORIENTED_EDGE('',*,*,#7952,.T.);
#8166 = ORIENTED_EDGE('',*,*,#8120,.T.);
#8167 = ADVANCED_FACE('',(#8168),#7780,.T.);
#8168 = FACE_BOUND('',#8169,.T.);
#8169 = EDGE_LOOP('',(#8170,#8171,#8172,#8173,#8194,#8195));
#8170 = ORIENTED_EDGE('',*,*,#8097,.F.);
#8171 = ORIENTED_EDGE('',*,*,#8071,.F.);
#8172 = ORIENTED_EDGE('',*,*,#8000,.T.);
#8173 = ORIENTED_EDGE('',*,*,#8174,.F.);
#8174 = EDGE_CURVE('',#7743,#8001,#8175,.T.);
#8175 = SURFACE_CURVE('',#8176,(#8180,#8187),.PCURVE_S1.);
#8176 = LINE('',#8177,#8178);
#8177 = CARTESIAN_POINT('',(46.499,-14.5,6.6));
#8178 = VECTOR('',#8179,1.);
#8179 = DIRECTION('',(-1.,0.,0.));
#8180 = PCURVE('',#7780,#8181);
#8181 = DEFINITIONAL_REPRESENTATION('',(#8182),#8186);
#8182 = LINE('',#8183,#8184);
#8183 = CARTESIAN_POINT('',(0.55,0.999));
#8184 = VECTOR('',#8185,1.);
#8185 = DIRECTION('',(0.,-1.));
#8186 = ( GEOMETRIC_REPRESENTATION_CONTEXT(2) 
PARAMETRIC_REPRESENTATION_CONTEXT() REPRESENTATION_CONTEXT('2D SPACE',''
  ) );
#8187 = PCURVE('',#2335,#8188);
#8188 = DEFINITIONAL_REPRESENTATION('',(#8189),#8193);
#8189 = LINE('',#8190,#8191);
#8190 = CARTESIAN_POINT('',(47.099,7.35));
#8191 = VECTOR('',#8192,1.);
#8192 = DIRECTION('',(-1.,0.));
#8193 = ( GEOMETRIC_REPRESENTATION_CONTEXT(2) 
PARAMETRIC_REPRESENTATION_CONTEXT() REPRESENTATION_CONTEXT('2D SPACE',''
  ) );
#8194 = ORIENTED_EDGE('',*,*,#7765,.F.);
#8195 = ORIENTED_EDGE('',*,*,#8144,.T.);
#8196 = ADVANCED_FACE('',(#8197),#7027,.F.);
#8197 = FACE_BOUND('',#8198,.F.);
#8198 = EDGE_LOOP('',(#8199,#8227,#8248,#8249));
#8199 = ORIENTED_EDGE('',*,*,#8200,.F.);
#8200 = EDGE_CURVE('',#8201,#7697,#8203,.T.);
#8201 = VERTEX_POINT('',#8202);
#8202 = CARTESIAN_POINT('',(46.824,-18.8,6.6));
#8203 = SURFACE_CURVE('',#8204,(#8209,#8216),.PCURVE_S1.);
#8204 = CIRCLE('',#8205,0.325);
#8205 = AXIS2_PLACEMENT_3D('',#8206,#8207,#8208);
#8206 = CARTESIAN_POINT('',(46.824,-18.475,6.6));
#8207 = DIRECTION('',(0.,0.,-1.));
#8208 = DIRECTION('',(1.,2.621834373538E-15,0.));
#8209 = PCURVE('',#7027,#8210);
#8210 = DEFINITIONAL_REPRESENTATION('',(#8211),#8215);
#8211 = LINE('',#8212,#8213);
#8212 = CARTESIAN_POINT('',(0.,-1.E-01));
#8213 = VECTOR('',#8214,1.);
#8214 = DIRECTION('',(1.,0.));
#8215 = ( GEOMETRIC_REPRESENTATION_CONTEXT(2) 
PARAMETRIC_REPRESENTATION_CONTEXT() REPRESENTATION_CONTEXT('2D SPACE',''
  ) );
#8216 = PCURVE('',#2335,#8217);
#8217 = DEFINITIONAL_REPRESENTATION('',(#8218),#8226);
#8218 = ( BOUNDED_CURVE() B_SPLINE_CURVE(2,(#8219,#8220,#8221,#8222,
#8223,#8224,#8225),.UNSPECIFIED.,.T.,.F.) B_SPLINE_CURVE_WITH_KNOTS((1,2
    ,2,2,2,1),(-2.094395102393,0.,2.094395102393,4.188790204786,
6.28318530718,8.377580409573),.UNSPECIFIED.) CURVE() 
GEOMETRIC_REPRESENTATION_ITEM() RATIONAL_B_SPLINE_CURVE((1.,0.5,1.,0.5,
1.,0.5,1.)) REPRESENTATION_ITEM('') );
#8219 = CARTESIAN_POINT('',(47.749,3.375));
#8220 = CARTESIAN_POINT('',(47.749,2.81208348754));
#8221 = CARTESIAN_POINT('',(47.2615,3.09354174377));
#8222 = CARTESIAN_POINT('',(46.774,3.375));
#8223 = CARTESIAN_POINT('',(47.2615,3.65645825623));
#8224 = CARTESIAN_POINT('',(47.749,3.93791651246));
#8225 = CARTESIAN_POINT('',(47.749,3.375));
#8226 = ( GEOMETRIC_REPRESENTATION_CONTEXT(2) 
PARAMETRIC_REPRESENTATION_CONTEXT() REPRESENTATION_CONTEXT('2D SPACE',''
  ) );
#8227 = ORIENTED_EDGE('',*,*,#8228,.T.);
#8228 = EDGE_CURVE('',#8201,#6979,#8229,.T.);
#8229 = SURFACE_CURVE('',#8230,(#8234,#8241),.PCURVE_S1.);
#8230 = LINE('',#8231,#8232);
#8231 = CARTESIAN_POINT('',(46.824,-18.8,6.5));
#8232 = VECTOR('',#8233,1.);
#8233 = DIRECTION('',(0.,0.,1.));
#8234 = PCURVE('',#7027,#8235);
#8235 = DEFINITIONAL_REPRESENTATION('',(#8236),#8240);
#8236 = LINE('',#8237,#8238);
#8237 = CARTESIAN_POINT('',(1.570796326795,0.));
#8238 = VECTOR('',#8239,1.);
#8239 = DIRECTION('',(0.,-1.));
#8240 = ( GEOMETRIC_REPRESENTATION_CONTEXT(2) 
PARAMETRIC_REPRESENTATION_CONTEXT() REPRESENTATION_CONTEXT('2D SPACE',''
  ) );
#8241 = PCURVE('',#6994,#8242);
#8242 = DEFINITIONAL_REPRESENTATION('',(#8243),#8247);
#8243 = LINE('',#8244,#8245);
#8244 = CARTESIAN_POINT('',(0.,0.));
#8245 = VECTOR('',#8246,1.);
#8246 = DIRECTION('',(1.,0.));
#8247 = ( GEOMETRIC_REPRESENTATION_CONTEXT(2) 
PARAMETRIC_REPRESENTATION_CONTEXT() REPRESENTATION_CONTEXT('2D SPACE',''
  ) );
#8248 = ORIENTED_EDGE('',*,*,#7006,.T.);
#8249 = ORIENTED_EDGE('',*,*,#7719,.F.);
#8250 = ADVANCED_FACE('',(#8251),#6994,.T.);
#8251 = FACE_BOUND('',#8252,.T.);
#8252 = EDGE_LOOP('',(#8253,#8276,#8297,#8298));
#8253 = ORIENTED_EDGE('',*,*,#8254,.F.);
#8254 = EDGE_CURVE('',#8255,#6946,#8257,.T.);
#8255 = VERTEX_POINT('',#8256);
#8256 = CARTESIAN_POINT('',(51.474,-18.8,6.6));
#8257 = SURFACE_CURVE('',#8258,(#8262,#8269),.PCURVE_S1.);
#8258 = LINE('',#8259,#8260);
#8259 = CARTESIAN_POINT('',(51.474,-18.8,6.5));
#8260 = VECTOR('',#8261,1.);
#8261 = DIRECTION('',(0.,0.,1.));
#8262 = PCURVE('',#6994,#8263);
#8263 = DEFINITIONAL_REPRESENTATION('',(#8264),#8268);
#8264 = LINE('',#8265,#8266);
#8265 = CARTESIAN_POINT('',(0.,4.65));
#8266 = VECTOR('',#8267,1.);
#8267 = DIRECTION('',(1.,0.));
#8268 = ( GEOMETRIC_REPRESENTATION_CONTEXT(2) 
PARAMETRIC_REPRESENTATION_CONTEXT() REPRESENTATION_CONTEXT('2D SPACE',''
  ) );
#8269 = PCURVE('',#6966,#8270);
#8270 = DEFINITIONAL_REPRESENTATION('',(#8271),#8275);
#8271 = LINE('',#8272,#8273);
#8272 = CARTESIAN_POINT('',(1.570796326795,0.));
#8273 = VECTOR('',#8274,1.);
#8274 = DIRECTION('',(0.,-1.));
#8275 = ( GEOMETRIC_REPRESENTATION_CONTEXT(2) 
PARAMETRIC_REPRESENTATION_CONTEXT() REPRESENTATION_CONTEXT('2D SPACE',''
  ) );
#8276 = ORIENTED_EDGE('',*,*,#8277,.F.);
#8277 = EDGE_CURVE('',#8201,#8255,#8278,.T.);
#8278 = SURFACE_CURVE('',#8279,(#8283,#8290),.PCURVE_S1.);
#8279 = LINE('',#8280,#8281);
#8280 = CARTESIAN_POINT('',(46.824,-18.8,6.6));
#8281 = VECTOR('',#8282,1.);
#8282 = DIRECTION('',(1.,0.,0.));
#8283 = PCURVE('',#6994,#8284);
#8284 = DEFINITIONAL_REPRESENTATION('',(#8285),#8289);
#8285 = LINE('',#8286,#8287);
#8286 = CARTESIAN_POINT('',(1.E-01,1.42108547152E-14));
#8287 = VECTOR('',#8288,1.);
#8288 = DIRECTION('',(0.,1.));
#8289 = ( GEOMETRIC_REPRESENTATION_CONTEXT(2) 
PARAMETRIC_REPRESENTATION_CONTEXT() REPRESENTATION_CONTEXT('2D SPACE',''
  ) );
#8290 = PCURVE('',#2335,#8291);
#8291 = DEFINITIONAL_REPRESENTATION('',(#8292),#8296);
#8292 = LINE('',#8293,#8294);
#8293 = CARTESIAN_POINT('',(47.424,3.05));
#8294 = VECTOR('',#8295,1.);
#8295 = DIRECTION('',(1.,0.));
#8296 = ( GEOMETRIC_REPRESENTATION_CONTEXT(2) 
PARAMETRIC_REPRESENTATION_CONTEXT() REPRESENTATION_CONTEXT('2D SPACE',''
  ) );
#8297 = ORIENTED_EDGE('',*,*,#8228,.T.);
#8298 = ORIENTED_EDGE('',*,*,#6978,.F.);
#8299 = ADVANCED_FACE('',(#8300),#6966,.F.);
#8300 = FACE_BOUND('',#8301,.F.);
#8301 = EDGE_LOOP('',(#8302,#8330,#8351,#8352));
#8302 = ORIENTED_EDGE('',*,*,#8303,.F.);
#8303 = EDGE_CURVE('',#8304,#8255,#8306,.T.);
#8304 = VERTEX_POINT('',#8305);
#8305 = CARTESIAN_POINT('',(51.799,-18.475,6.6));
#8306 = SURFACE_CURVE('',#8307,(#8312,#8319),.PCURVE_S1.);
#8307 = CIRCLE('',#8308,0.325);
#8308 = AXIS2_PLACEMENT_3D('',#8309,#8310,#8311);
#8309 = CARTESIAN_POINT('',(51.474,-18.475,6.6));
#8310 = DIRECTION('',(0.,0.,-1.));
#8311 = DIRECTION('',(1.,2.621834373538E-15,0.));
#8312 = PCURVE('',#6966,#8313);
#8313 = DEFINITIONAL_REPRESENTATION('',(#8314),#8318);
#8314 = LINE('',#8315,#8316);
#8315 = CARTESIAN_POINT('',(0.,-1.E-01));
#8316 = VECTOR('',#8317,1.);
#8317 = DIRECTION('',(1.,0.));
#8318 = ( GEOMETRIC_REPRESENTATION_CONTEXT(2) 
PARAMETRIC_REPRESENTATION_CONTEXT() REPRESENTATION_CONTEXT('2D SPACE',''
  ) );
#8319 = PCURVE('',#2335,#8320);
#8320 = DEFINITIONAL_REPRESENTATION('',(#8321),#8329);
#8321 = ( BOUNDED_CURVE() B_SPLINE_CURVE(2,(#8322,#8323,#8324,#8325,
#8326,#8327,#8328),.UNSPECIFIED.,.T.,.F.) B_SPLINE_CURVE_WITH_KNOTS((1,2
    ,2,2,2,1),(-2.094395102393,0.,2.094395102393,4.188790204786,
6.28318530718,8.377580409573),.UNSPECIFIED.) CURVE() 
GEOMETRIC_REPRESENTATION_ITEM() RATIONAL_B_SPLINE_CURVE((1.,0.5,1.,0.5,
1.,0.5,1.)) REPRESENTATION_ITEM('') );
#8322 = CARTESIAN_POINT('',(52.399,3.375));
#8323 = CARTESIAN_POINT('',(52.399,2.81208348754));
#8324 = CARTESIAN_POINT('',(51.9115,3.09354174377));
#8325 = CARTESIAN_POINT('',(51.424,3.375));
#8326 = CARTESIAN_POINT('',(51.9115,3.65645825623));
#8327 = CARTESIAN_POINT('',(52.399,3.93791651246));
#8328 = CARTESIAN_POINT('',(52.399,3.375));
#8329 = ( GEOMETRIC_REPRESENTATION_CONTEXT(2) 
PARAMETRIC_REPRESENTATION_CONTEXT() REPRESENTATION_CONTEXT('2D SPACE',''
  ) );
#8330 = ORIENTED_EDGE('',*,*,#8331,.T.);
#8331 = EDGE_CURVE('',#8304,#6918,#8332,.T.);
#8332 = SURFACE_CURVE('',#8333,(#8337,#8344),.PCURVE_S1.);
#8333 = LINE('',#8334,#8335);
#8334 = CARTESIAN_POINT('',(51.799,-18.475,6.5));
#8335 = VECTOR('',#8336,1.);
#8336 = DIRECTION('',(0.,0.,1.));
#8337 = PCURVE('',#6966,#8338);
#8338 = DEFINITIONAL_REPRESENTATION('',(#8339),#8343);
#8339 = LINE('',#8340,#8341);
#8340 = CARTESIAN_POINT('',(0.,0.));
#8341 = VECTOR('',#8342,1.);
#8342 = DIRECTION('',(0.,-1.));
#8343 = ( GEOMETRIC_REPRESENTATION_CONTEXT(2) 
PARAMETRIC_REPRESENTATION_CONTEXT() REPRESENTATION_CONTEXT('2D SPACE',''
  ) );
#8344 = PCURVE('',#6933,#8345);
#8345 = DEFINITIONAL_REPRESENTATION('',(#8346),#8350);
#8346 = LINE('',#8347,#8348);
#8347 = CARTESIAN_POINT('',(12.675,0.));
#8348 = VECTOR('',#8349,1.);
#8349 = DIRECTION('',(0.,-1.));
#8350 = ( GEOMETRIC_REPRESENTATION_CONTEXT(2) 
PARAMETRIC_REPRESENTATION_CONTEXT() REPRESENTATION_CONTEXT('2D SPACE',''
  ) );
#8351 = ORIENTED_EDGE('',*,*,#6945,.T.);
#8352 = ORIENTED_EDGE('',*,*,#8254,.F.);
#8353 = ADVANCED_FACE('',(#8354),#6933,.F.);
#8354 = FACE_BOUND('',#8355,.F.);
#8355 = EDGE_LOOP('',(#8356,#8379,#8380,#8381,#8382,#8405,#8431,#8457));
#8356 = ORIENTED_EDGE('',*,*,#8357,.T.);
#8357 = EDGE_CURVE('',#8358,#7220,#8360,.T.);
#8358 = VERTEX_POINT('',#8359);
#8359 = CARTESIAN_POINT('',(51.799,-14.5,6.6));
#8360 = SURFACE_CURVE('',#8361,(#8365,#8372),.PCURVE_S1.);
#8361 = LINE('',#8362,#8363);
#8362 = CARTESIAN_POINT('',(51.799,-14.5,6.6));
#8363 = VECTOR('',#8364,1.);
#8364 = DIRECTION('',(0.,1.,0.));
#8365 = PCURVE('',#6933,#8366);
#8366 = DEFINITIONAL_REPRESENTATION('',(#8367),#8371);
#8367 = LINE('',#8368,#8369);
#8368 = CARTESIAN_POINT('',(8.7,-1.E-01));
#8369 = VECTOR('',#8370,1.);
#8370 = DIRECTION('',(-1.,0.));
#8371 = ( GEOMETRIC_REPRESENTATION_CONTEXT(2) 
PARAMETRIC_REPRESENTATION_CONTEXT() REPRESENTATION_CONTEXT('2D SPACE',''
  ) );
#8372 = PCURVE('',#2335,#8373);
#8373 = DEFINITIONAL_REPRESENTATION('',(#8374),#8378);
#8374 = LINE('',#8375,#8376);
#8375 = CARTESIAN_POINT('',(52.399,7.35));
#8376 = VECTOR('',#8377,1.);
#8377 = DIRECTION('',(0.,1.));
#8378 = ( GEOMETRIC_REPRESENTATION_CONTEXT(2) 
PARAMETRIC_REPRESENTATION_CONTEXT() REPRESENTATION_CONTEXT('2D SPACE',''
  ) );
#8379 = ORIENTED_EDGE('',*,*,#7269,.T.);
#8380 = ORIENTED_EDGE('',*,*,#6915,.T.);
#8381 = ORIENTED_EDGE('',*,*,#8331,.F.);
#8382 = ORIENTED_EDGE('',*,*,#8383,.T.);
#8383 = EDGE_CURVE('',#8304,#8384,#8386,.T.);
#8384 = VERTEX_POINT('',#8385);
#8385 = CARTESIAN_POINT('',(51.799,-17.3,6.6));
#8386 = SURFACE_CURVE('',#8387,(#8391,#8398),.PCURVE_S1.);
#8387 = LINE('',#8388,#8389);
#8388 = CARTESIAN_POINT('',(51.799,-18.475,6.6));
#8389 = VECTOR('',#8390,1.);
#8390 = DIRECTION('',(6.047172219235E-15,1.,0.));
#8391 = PCURVE('',#6933,#8392);
#8392 = DEFINITIONAL_REPRESENTATION('',(#8393),#8397);
#8393 = LINE('',#8394,#8395);
#8394 = CARTESIAN_POINT('',(12.675,-1.E-01));
#8395 = VECTOR('',#8396,1.);
#8396 = DIRECTION('',(-1.,0.));
#8397 = ( GEOMETRIC_REPRESENTATION_CONTEXT(2) 
PARAMETRIC_REPRESENTATION_CONTEXT() REPRESENTATION_CONTEXT('2D SPACE',''
  ) );
#8398 = PCURVE('',#2335,#8399);
#8399 = DEFINITIONAL_REPRESENTATION('',(#8400),#8404);
#8400 = LINE('',#8401,#8402);
#8401 = CARTESIAN_POINT('',(52.399,3.375));
#8402 = VECTOR('',#8403,1.);
#8403 = DIRECTION('',(6.047172219235E-15,1.));
#8404 = ( GEOMETRIC_REPRESENTATION_CONTEXT(2) 
PARAMETRIC_REPRESENTATION_CONTEXT() REPRESENTATION_CONTEXT('2D SPACE',''
  ) );
#8405 = ORIENTED_EDGE('',*,*,#8406,.T.);
#8406 = EDGE_CURVE('',#8384,#8407,#8409,.T.);
#8407 = VERTEX_POINT('',#8408);
#8408 = CARTESIAN_POINT('',(51.799,-17.3,6.85));
#8409 = SURFACE_CURVE('',#8410,(#8414,#8420),.PCURVE_S1.);
#8410 = LINE('',#8411,#8412);
#8411 = CARTESIAN_POINT('',(51.799,-17.3,6.275));
#8412 = VECTOR('',#8413,1.);
#8413 = DIRECTION('',(-0.,0.,1.));
#8414 = PCURVE('',#6933,#8415);
#8415 = DEFINITIONAL_REPRESENTATION('',(#8416),#8419);
#8416 = B_SPLINE_CURVE_WITH_KNOTS('',1,(#8417,#8418),.UNSPECIFIED.,.F.,
  .F.,(2,2),(0.325,0.575),.PIECEWISE_BEZIER_KNOTS.);
#8417 = CARTESIAN_POINT('',(11.5,-1.E-01));
#8418 = CARTESIAN_POINT('',(11.5,-0.35));
#8419 = ( GEOMETRIC_REPRESENTATION_CONTEXT(2) 
PARAMETRIC_REPRESENTATION_CONTEXT() REPRESENTATION_CONTEXT('2D SPACE',''
  ) );
#8420 = PCURVE('',#8421,#8426);
#8421 = PLANE('',#8422);
#8422 = AXIS2_PLACEMENT_3D('',#8423,#8424,#8425);
#8423 = CARTESIAN_POINT('',(50.649,-17.3,6.05));
#8424 = DIRECTION('',(0.,1.,0.));
#8425 = DIRECTION('',(0.,0.,1.));
#8426 = DEFINITIONAL_REPRESENTATION('',(#8427),#8430);
#8427 = B_SPLINE_CURVE_WITH_KNOTS('',1,(#8428,#8429),.UNSPECIFIED.,.F.,
  .F.,(2,2),(0.325,0.575),.PIECEWISE_BEZIER_KNOTS.);
#8428 = CARTESIAN_POINT('',(0.55,1.15));
#8429 = CARTESIAN_POINT('',(0.8,1.15));
#8430 = ( GEOMETRIC_REPRESENTATION_CONTEXT(2) 
PARAMETRIC_REPRESENTATION_CONTEXT() REPRESENTATION_CONTEXT('2D SPACE',''
  ) );
#8431 = ORIENTED_EDGE('',*,*,#8432,.F.);
#8432 = EDGE_CURVE('',#8433,#8407,#8435,.T.);
#8433 = VERTEX_POINT('',#8434);
#8434 = CARTESIAN_POINT('',(51.799,-14.5,6.85));
#8435 = SURFACE_CURVE('',#8436,(#8440,#8446),.PCURVE_S1.);
#8436 = LINE('',#8437,#8438);
#8437 = CARTESIAN_POINT('',(51.799,-11.55,6.85));
#8438 = VECTOR('',#8439,1.);
#8439 = DIRECTION('',(-1.110223024625E-16,-1.,0.));
#8440 = PCURVE('',#6933,#8441);
#8441 = DEFINITIONAL_REPRESENTATION('',(#8442),#8445);
#8442 = B_SPLINE_CURVE_WITH_KNOTS('',1,(#8443,#8444),.UNSPECIFIED.,.F.,
  .F.,(2,2),(2.95,5.75),.PIECEWISE_BEZIER_KNOTS.);
#8443 = CARTESIAN_POINT('',(8.7,-0.35));
#8444 = CARTESIAN_POINT('',(11.5,-0.35));
#8445 = ( GEOMETRIC_REPRESENTATION_CONTEXT(2) 
PARAMETRIC_REPRESENTATION_CONTEXT() REPRESENTATION_CONTEXT('2D SPACE',''
  ) );
#8446 = PCURVE('',#8447,#8452);
#8447 = PLANE('',#8448);
#8448 = AXIS2_PLACEMENT_3D('',#8449,#8450,#8451);
#8449 = CARTESIAN_POINT('',(50.649,-17.3,6.85));
#8450 = DIRECTION('',(0.,0.,1.));
#8451 = DIRECTION('',(1.,0.,0.));
#8452 = DEFINITIONAL_REPRESENTATION('',(#8453),#8456);
#8453 = B_SPLINE_CURVE_WITH_KNOTS('',1,(#8454,#8455),.UNSPECIFIED.,.F.,
  .F.,(2,2),(2.95,5.75),.PIECEWISE_BEZIER_KNOTS.);
#8454 = CARTESIAN_POINT('',(1.15,2.8));
#8455 = CARTESIAN_POINT('',(1.15,0.));
#8456 = ( GEOMETRIC_REPRESENTATION_CONTEXT(2) 
PARAMETRIC_REPRESENTATION_CONTEXT() REPRESENTATION_CONTEXT('2D SPACE',''
  ) );
#8457 = ORIENTED_EDGE('',*,*,#8458,.F.);
#8458 = EDGE_CURVE('',#8358,#8433,#8459,.T.);
#8459 = SURFACE_CURVE('',#8460,(#8464,#8470),.PCURVE_S1.);
#8460 = LINE('',#8461,#8462);
#8461 = CARTESIAN_POINT('',(51.799,-14.5,6.275));
#8462 = VECTOR('',#8463,1.);
#8463 = DIRECTION('',(-0.,0.,1.));
#8464 = PCURVE('',#6933,#8465);
#8465 = DEFINITIONAL_REPRESENTATION('',(#8466),#8469);
#8466 = B_SPLINE_CURVE_WITH_KNOTS('',1,(#8467,#8468),.UNSPECIFIED.,.F.,
  .F.,(2,2),(0.325,0.575),.PIECEWISE_BEZIER_KNOTS.);
#8467 = CARTESIAN_POINT('',(8.7,-1.E-01));
#8468 = CARTESIAN_POINT('',(8.7,-0.35));
#8469 = ( GEOMETRIC_REPRESENTATION_CONTEXT(2) 
PARAMETRIC_REPRESENTATION_CONTEXT() REPRESENTATION_CONTEXT('2D SPACE',''
  ) );
#8470 = PCURVE('',#8471,#8476);
#8471 = PLANE('',#8472);
#8472 = AXIS2_PLACEMENT_3D('',#8473,#8474,#8475);
#8473 = CARTESIAN_POINT('',(50.649,-14.5,6.05));
#8474 = DIRECTION('',(0.,1.,0.));
#8475 = DIRECTION('',(0.,0.,1.));
#8476 = DEFINITIONAL_REPRESENTATION('',(#8477),#8480);
#8477 = B_SPLINE_CURVE_WITH_KNOTS('',1,(#8478,#8479),.UNSPECIFIED.,.F.,
  .F.,(2,2),(0.325,0.575),.PIECEWISE_BEZIER_KNOTS.);
#8478 = CARTESIAN_POINT('',(0.55,1.15));
#8479 = CARTESIAN_POINT('',(0.8,1.15));
#8480 = ( GEOMETRIC_REPRESENTATION_CONTEXT(2) 
PARAMETRIC_REPRESENTATION_CONTEXT() REPRESENTATION_CONTEXT('2D SPACE',''
  ) );
#8481 = ADVANCED_FACE('',(#8482),#8471,.T.);
#8482 = FACE_BOUND('',#8483,.T.);
#8483 = EDGE_LOOP('',(#8484,#8514,#8542,#8570,#8591,#8592));
#8484 = ORIENTED_EDGE('',*,*,#8485,.F.);
#8485 = EDGE_CURVE('',#8486,#8488,#8490,.T.);
#8486 = VERTEX_POINT('',#8487);
#8487 = CARTESIAN_POINT('',(52.8,-14.5,6.05));
#8488 = VERTEX_POINT('',#8489);
#8489 = CARTESIAN_POINT('',(52.8,-14.5,6.6));
#8490 = SURFACE_CURVE('',#8491,(#8495,#8502),.PCURVE_S1.);
#8491 = LINE('',#8492,#8493);
#8492 = CARTESIAN_POINT('',(52.8,-14.5,6.05));
#8493 = VECTOR('',#8494,1.);
#8494 = DIRECTION('',(0.,0.,1.));
#8495 = PCURVE('',#8471,#8496);
#8496 = DEFINITIONAL_REPRESENTATION('',(#8497),#8501);
#8497 = LINE('',#8498,#8499);
#8498 = CARTESIAN_POINT('',(0.,2.151));
#8499 = VECTOR('',#8500,1.);
#8500 = DIRECTION('',(1.,0.));
#8501 = ( GEOMETRIC_REPRESENTATION_CONTEXT(2) 
PARAMETRIC_REPRESENTATION_CONTEXT() REPRESENTATION_CONTEXT('2D SPACE',''
  ) );
#8502 = PCURVE('',#8503,#8508);
#8503 = PLANE('',#8504);
#8504 = AXIS2_PLACEMENT_3D('',#8505,#8506,#8507);
#8505 = CARTESIAN_POINT('',(52.8,-17.3,6.05));
#8506 = DIRECTION('',(1.,0.,0.));
#8507 = DIRECTION('',(0.,0.,1.));
#8508 = DEFINITIONAL_REPRESENTATION('',(#8509),#8513);
#8509 = LINE('',#8510,#8511);
#8510 = CARTESIAN_POINT('',(0.,-2.8));
#8511 = VECTOR('',#8512,1.);
#8512 = DIRECTION('',(1.,0.));
#8513 = ( GEOMETRIC_REPRESENTATION_CONTEXT(2) 
PARAMETRIC_REPRESENTATION_CONTEXT() REPRESENTATION_CONTEXT('2D SPACE',''
  ) );
#8514 = ORIENTED_EDGE('',*,*,#8515,.F.);
#8515 = EDGE_CURVE('',#8516,#8486,#8518,.T.);
#8516 = VERTEX_POINT('',#8517);
#8517 = CARTESIAN_POINT('',(50.649,-14.5,6.05));
#8518 = SURFACE_CURVE('',#8519,(#8523,#8530),.PCURVE_S1.);
#8519 = LINE('',#8520,#8521);
#8520 = CARTESIAN_POINT('',(50.649,-14.5,6.05));
#8521 = VECTOR('',#8522,1.);
#8522 = DIRECTION('',(1.,0.,0.));
#8523 = PCURVE('',#8471,#8524);
#8524 = DEFINITIONAL_REPRESENTATION('',(#8525),#8529);
#8525 = LINE('',#8526,#8527);
#8526 = CARTESIAN_POINT('',(0.,0.));
#8527 = VECTOR('',#8528,1.);
#8528 = DIRECTION('',(0.,1.));
#8529 = ( GEOMETRIC_REPRESENTATION_CONTEXT(2) 
PARAMETRIC_REPRESENTATION_CONTEXT() REPRESENTATION_CONTEXT('2D SPACE',''
  ) );
#8530 = PCURVE('',#8531,#8536);
#8531 = PLANE('',#8532);
#8532 = AXIS2_PLACEMENT_3D('',#8533,#8534,#8535);
#8533 = CARTESIAN_POINT('',(50.649,-17.3,6.05));
#8534 = DIRECTION('',(0.,0.,1.));
#8535 = DIRECTION('',(1.,0.,0.));
#8536 = DEFINITIONAL_REPRESENTATION('',(#8537),#8541);
#8537 = LINE('',#8538,#8539);
#8538 = CARTESIAN_POINT('',(0.,2.8));
#8539 = VECTOR('',#8540,1.);
#8540 = DIRECTION('',(1.,0.));
#8541 = ( GEOMETRIC_REPRESENTATION_CONTEXT(2) 
PARAMETRIC_REPRESENTATION_CONTEXT() REPRESENTATION_CONTEXT('2D SPACE',''
  ) );
#8542 = ORIENTED_EDGE('',*,*,#8543,.T.);
#8543 = EDGE_CURVE('',#8516,#8544,#8546,.T.);
#8544 = VERTEX_POINT('',#8545);
#8545 = CARTESIAN_POINT('',(50.649,-14.5,6.85));
#8546 = SURFACE_CURVE('',#8547,(#8551,#8558),.PCURVE_S1.);
#8547 = LINE('',#8548,#8549);
#8548 = CARTESIAN_POINT('',(50.649,-14.5,6.05));
#8549 = VECTOR('',#8550,1.);
#8550 = DIRECTION('',(0.,0.,1.));
#8551 = PCURVE('',#8471,#8552);
#8552 = DEFINITIONAL_REPRESENTATION('',(#8553),#8557);
#8553 = LINE('',#8554,#8555);
#8554 = CARTESIAN_POINT('',(0.,0.));
#8555 = VECTOR('',#8556,1.);
#8556 = DIRECTION('',(1.,0.));
#8557 = ( GEOMETRIC_REPRESENTATION_CONTEXT(2) 
PARAMETRIC_REPRESENTATION_CONTEXT() REPRESENTATION_CONTEXT('2D SPACE',''
  ) );
#8558 = PCURVE('',#8559,#8564);
#8559 = PLANE('',#8560);
#8560 = AXIS2_PLACEMENT_3D('',#8561,#8562,#8563);
#8561 = CARTESIAN_POINT('',(50.649,-17.3,6.05));
#8562 = DIRECTION('',(1.,0.,0.));
#8563 = DIRECTION('',(0.,0.,1.));
#8564 = DEFINITIONAL_REPRESENTATION('',(#8565),#8569);
#8565 = LINE('',#8566,#8567);
#8566 = CARTESIAN_POINT('',(0.,-2.8));
#8567 = VECTOR('',#8568,1.);
#8568 = DIRECTION('',(1.,0.));
#8569 = ( GEOMETRIC_REPRESENTATION_CONTEXT(2) 
PARAMETRIC_REPRESENTATION_CONTEXT() REPRESENTATION_CONTEXT('2D SPACE',''
  ) );
#8570 = ORIENTED_EDGE('',*,*,#8571,.T.);
#8571 = EDGE_CURVE('',#8544,#8433,#8572,.T.);
#8572 = SURFACE_CURVE('',#8573,(#8577,#8584),.PCURVE_S1.);
#8573 = LINE('',#8574,#8575);
#8574 = CARTESIAN_POINT('',(50.649,-14.5,6.85));
#8575 = VECTOR('',#8576,1.);
#8576 = DIRECTION('',(1.,0.,0.));
#8577 = PCURVE('',#8471,#8578);
#8578 = DEFINITIONAL_REPRESENTATION('',(#8579),#8583);
#8579 = LINE('',#8580,#8581);
#8580 = CARTESIAN_POINT('',(0.8,0.));
#8581 = VECTOR('',#8582,1.);
#8582 = DIRECTION('',(0.,1.));
#8583 = ( GEOMETRIC_REPRESENTATION_CONTEXT(2) 
PARAMETRIC_REPRESENTATION_CONTEXT() REPRESENTATION_CONTEXT('2D SPACE',''
  ) );
#8584 = PCURVE('',#8447,#8585);
#8585 = DEFINITIONAL_REPRESENTATION('',(#8586),#8590);
#8586 = LINE('',#8587,#8588);
#8587 = CARTESIAN_POINT('',(0.,2.8));
#8588 = VECTOR('',#8589,1.);
#8589 = DIRECTION('',(1.,0.));
#8590 = ( GEOMETRIC_REPRESENTATION_CONTEXT(2) 
PARAMETRIC_REPRESENTATION_CONTEXT() REPRESENTATION_CONTEXT('2D SPACE',''
  ) );
#8591 = ORIENTED_EDGE('',*,*,#8458,.F.);
#8592 = ORIENTED_EDGE('',*,*,#8593,.F.);
#8593 = EDGE_CURVE('',#8488,#8358,#8594,.T.);
#8594 = SURFACE_CURVE('',#8595,(#8599,#8606),.PCURVE_S1.);
#8595 = LINE('',#8596,#8597);
#8596 = CARTESIAN_POINT('',(52.8,-14.5,6.6));
#8597 = VECTOR('',#8598,1.);
#8598 = DIRECTION('',(-1.,0.,0.));
#8599 = PCURVE('',#8471,#8600);
#8600 = DEFINITIONAL_REPRESENTATION('',(#8601),#8605);
#8601 = LINE('',#8602,#8603);
#8602 = CARTESIAN_POINT('',(0.55,2.151));
#8603 = VECTOR('',#8604,1.);
#8604 = DIRECTION('',(0.,-1.));
#8605 = ( GEOMETRIC_REPRESENTATION_CONTEXT(2) 
PARAMETRIC_REPRESENTATION_CONTEXT() REPRESENTATION_CONTEXT('2D SPACE',''
  ) );
#8606 = PCURVE('',#2335,#8607);
#8607 = DEFINITIONAL_REPRESENTATION('',(#8608),#8612);
#8608 = LINE('',#8609,#8610);
#8609 = CARTESIAN_POINT('',(53.4,7.35));
#8610 = VECTOR('',#8611,1.);
#8611 = DIRECTION('',(-1.,0.));
#8612 = ( GEOMETRIC_REPRESENTATION_CONTEXT(2) 
PARAMETRIC_REPRESENTATION_CONTEXT() REPRESENTATION_CONTEXT('2D SPACE',''
  ) );
#8613 = ADVANCED_FACE('',(#8614),#8559,.F.);
#8614 = FACE_BOUND('',#8615,.F.);
#8615 = EDGE_LOOP('',(#8616,#8641,#8662,#8663));
#8616 = ORIENTED_EDGE('',*,*,#8617,.F.);
#8617 = EDGE_CURVE('',#8618,#8620,#8622,.T.);
#8618 = VERTEX_POINT('',#8619);
#8619 = CARTESIAN_POINT('',(50.649,-17.3,6.05));
#8620 = VERTEX_POINT('',#8621);
#8621 = CARTESIAN_POINT('',(50.649,-17.3,6.85));
#8622 = SURFACE_CURVE('',#8623,(#8627,#8634),.PCURVE_S1.);
#8623 = LINE('',#8624,#8625);
#8624 = CARTESIAN_POINT('',(50.649,-17.3,6.05));
#8625 = VECTOR('',#8626,1.);
#8626 = DIRECTION('',(0.,0.,1.));
#8627 = PCURVE('',#8559,#8628);
#8628 = DEFINITIONAL_REPRESENTATION('',(#8629),#8633);
#8629 = LINE('',#8630,#8631);
#8630 = CARTESIAN_POINT('',(0.,0.));
#8631 = VECTOR('',#8632,1.);
#8632 = DIRECTION('',(1.,0.));
#8633 = ( GEOMETRIC_REPRESENTATION_CONTEXT(2) 
PARAMETRIC_REPRESENTATION_CONTEXT() REPRESENTATION_CONTEXT('2D SPACE',''
  ) );
#8634 = PCURVE('',#8421,#8635);
#8635 = DEFINITIONAL_REPRESENTATION('',(#8636),#8640);
#8636 = LINE('',#8637,#8638);
#8637 = CARTESIAN_POINT('',(0.,0.));
#8638 = VECTOR('',#8639,1.);
#8639 = DIRECTION('',(1.,0.));
#8640 = ( GEOMETRIC_REPRESENTATION_CONTEXT(2) 
PARAMETRIC_REPRESENTATION_CONTEXT() REPRESENTATION_CONTEXT('2D SPACE',''
  ) );
#8641 = ORIENTED_EDGE('',*,*,#8642,.T.);
#8642 = EDGE_CURVE('',#8618,#8516,#8643,.T.);
#8643 = SURFACE_CURVE('',#8644,(#8648,#8655),.PCURVE_S1.);
#8644 = LINE('',#8645,#8646);
#8645 = CARTESIAN_POINT('',(50.649,-17.3,6.05));
#8646 = VECTOR('',#8647,1.);
#8647 = DIRECTION('',(0.,1.,0.));
#8648 = PCURVE('',#8559,#8649);
#8649 = DEFINITIONAL_REPRESENTATION('',(#8650),#8654);
#8650 = LINE('',#8651,#8652);
#8651 = CARTESIAN_POINT('',(0.,0.));
#8652 = VECTOR('',#8653,1.);
#8653 = DIRECTION('',(0.,-1.));
#8654 = ( GEOMETRIC_REPRESENTATION_CONTEXT(2) 
PARAMETRIC_REPRESENTATION_CONTEXT() REPRESENTATION_CONTEXT('2D SPACE',''
  ) );
#8655 = PCURVE('',#8531,#8656);
#8656 = DEFINITIONAL_REPRESENTATION('',(#8657),#8661);
#8657 = LINE('',#8658,#8659);
#8658 = CARTESIAN_POINT('',(0.,0.));
#8659 = VECTOR('',#8660,1.);
#8660 = DIRECTION('',(0.,1.));
#8661 = ( GEOMETRIC_REPRESENTATION_CONTEXT(2) 
PARAMETRIC_REPRESENTATION_CONTEXT() REPRESENTATION_CONTEXT('2D SPACE',''
  ) );
#8662 = ORIENTED_EDGE('',*,*,#8543,.T.);
#8663 = ORIENTED_EDGE('',*,*,#8664,.F.);
#8664 = EDGE_CURVE('',#8620,#8544,#8665,.T.);
#8665 = SURFACE_CURVE('',#8666,(#8670,#8677),.PCURVE_S1.);
#8666 = LINE('',#8667,#8668);
#8667 = CARTESIAN_POINT('',(50.649,-17.3,6.85));
#8668 = VECTOR('',#8669,1.);
#8669 = DIRECTION('',(0.,1.,0.));
#8670 = PCURVE('',#8559,#8671);
#8671 = DEFINITIONAL_REPRESENTATION('',(#8672),#8676);
#8672 = LINE('',#8673,#8674);
#8673 = CARTESIAN_POINT('',(0.8,0.));
#8674 = VECTOR('',#8675,1.);
#8675 = DIRECTION('',(0.,-1.));
#8676 = ( GEOMETRIC_REPRESENTATION_CONTEXT(2) 
PARAMETRIC_REPRESENTATION_CONTEXT() REPRESENTATION_CONTEXT('2D SPACE',''
  ) );
#8677 = PCURVE('',#8447,#8678);
#8678 = DEFINITIONAL_REPRESENTATION('',(#8679),#8683);
#8679 = LINE('',#8680,#8681);
#8680 = CARTESIAN_POINT('',(0.,0.));
#8681 = VECTOR('',#8682,1.);
#8682 = DIRECTION('',(0.,1.));
#8683 = ( GEOMETRIC_REPRESENTATION_CONTEXT(2) 
PARAMETRIC_REPRESENTATION_CONTEXT() REPRESENTATION_CONTEXT('2D SPACE',''
  ) );
#8684 = ADVANCED_FACE('',(#8685),#8531,.F.);
#8685 = FACE_BOUND('',#8686,.F.);
#8686 = EDGE_LOOP('',(#8687,#8688,#8711,#8732));
#8687 = ORIENTED_EDGE('',*,*,#8642,.F.);
#8688 = ORIENTED_EDGE('',*,*,#8689,.T.);
#8689 = EDGE_CURVE('',#8618,#8690,#8692,.T.);
#8690 = VERTEX_POINT('',#8691);
#8691 = CARTESIAN_POINT('',(52.8,-17.3,6.05));
#8692 = SURFACE_CURVE('',#8693,(#8697,#8704),.PCURVE_S1.);
#8693 = LINE('',#8694,#8695);
#8694 = CARTESIAN_POINT('',(50.649,-17.3,6.05));
#8695 = VECTOR('',#8696,1.);
#8696 = DIRECTION('',(1.,0.,0.));
#8697 = PCURVE('',#8531,#8698);
#8698 = DEFINITIONAL_REPRESENTATION('',(#8699),#8703);
#8699 = LINE('',#8700,#8701);
#8700 = CARTESIAN_POINT('',(0.,0.));
#8701 = VECTOR('',#8702,1.);
#8702 = DIRECTION('',(1.,0.));
#8703 = ( GEOMETRIC_REPRESENTATION_CONTEXT(2) 
PARAMETRIC_REPRESENTATION_CONTEXT() REPRESENTATION_CONTEXT('2D SPACE',''
  ) );
#8704 = PCURVE('',#8421,#8705);
#8705 = DEFINITIONAL_REPRESENTATION('',(#8706),#8710);
#8706 = LINE('',#8707,#8708);
#8707 = CARTESIAN_POINT('',(0.,0.));
#8708 = VECTOR('',#8709,1.);
#8709 = DIRECTION('',(0.,1.));
#8710 = ( GEOMETRIC_REPRESENTATION_CONTEXT(2) 
PARAMETRIC_REPRESENTATION_CONTEXT() REPRESENTATION_CONTEXT('2D SPACE',''
  ) );
#8711 = ORIENTED_EDGE('',*,*,#8712,.T.);
#8712 = EDGE_CURVE('',#8690,#8486,#8713,.T.);
#8713 = SURFACE_CURVE('',#8714,(#8718,#8725),.PCURVE_S1.);
#8714 = LINE('',#8715,#8716);
#8715 = CARTESIAN_POINT('',(52.8,-17.3,6.05));
#8716 = VECTOR('',#8717,1.);
#8717 = DIRECTION('',(0.,1.,0.));
#8718 = PCURVE('',#8531,#8719);
#8719 = DEFINITIONAL_REPRESENTATION('',(#8720),#8724);
#8720 = LINE('',#8721,#8722);
#8721 = CARTESIAN_POINT('',(2.151,0.));
#8722 = VECTOR('',#8723,1.);
#8723 = DIRECTION('',(0.,1.));
#8724 = ( GEOMETRIC_REPRESENTATION_CONTEXT(2) 
PARAMETRIC_REPRESENTATION_CONTEXT() REPRESENTATION_CONTEXT('2D SPACE',''
  ) );
#8725 = PCURVE('',#8503,#8726);
#8726 = DEFINITIONAL_REPRESENTATION('',(#8727),#8731);
#8727 = LINE('',#8728,#8729);
#8728 = CARTESIAN_POINT('',(0.,0.));
#8729 = VECTOR('',#8730,1.);
#8730 = DIRECTION('',(0.,-1.));
#8731 = ( GEOMETRIC_REPRESENTATION_CONTEXT(2) 
PARAMETRIC_REPRESENTATION_CONTEXT() REPRESENTATION_CONTEXT('2D SPACE',''
  ) );
#8732 = ORIENTED_EDGE('',*,*,#8515,.F.);
#8733 = ADVANCED_FACE('',(#8734),#8503,.T.);
#8734 = FACE_BOUND('',#8735,.T.);
#8735 = EDGE_LOOP('',(#8736,#8759,#8760,#8761));
#8736 = ORIENTED_EDGE('',*,*,#8737,.F.);
#8737 = EDGE_CURVE('',#8690,#8738,#8740,.T.);
#8738 = VERTEX_POINT('',#8739);
#8739 = CARTESIAN_POINT('',(52.8,-17.3,6.6));
#8740 = SURFACE_CURVE('',#8741,(#8745,#8752),.PCURVE_S1.);
#8741 = LINE('',#8742,#8743);
#8742 = CARTESIAN_POINT('',(52.8,-17.3,6.05));
#8743 = VECTOR('',#8744,1.);
#8744 = DIRECTION('',(0.,0.,1.));
#8745 = PCURVE('',#8503,#8746);
#8746 = DEFINITIONAL_REPRESENTATION('',(#8747),#8751);
#8747 = LINE('',#8748,#8749);
#8748 = CARTESIAN_POINT('',(0.,0.));
#8749 = VECTOR('',#8750,1.);
#8750 = DIRECTION('',(1.,0.));
#8751 = ( GEOMETRIC_REPRESENTATION_CONTEXT(2) 
PARAMETRIC_REPRESENTATION_CONTEXT() REPRESENTATION_CONTEXT('2D SPACE',''
  ) );
#8752 = PCURVE('',#8421,#8753);
#8753 = DEFINITIONAL_REPRESENTATION('',(#8754),#8758);
#8754 = LINE('',#8755,#8756);
#8755 = CARTESIAN_POINT('',(0.,2.151));
#8756 = VECTOR('',#8757,1.);
#8757 = DIRECTION('',(1.,0.));
#8758 = ( GEOMETRIC_REPRESENTATION_CONTEXT(2) 
PARAMETRIC_REPRESENTATION_CONTEXT() REPRESENTATION_CONTEXT('2D SPACE',''
  ) );
#8759 = ORIENTED_EDGE('',*,*,#8712,.T.);
#8760 = ORIENTED_EDGE('',*,*,#8485,.T.);
#8761 = ORIENTED_EDGE('',*,*,#8762,.F.);
#8762 = EDGE_CURVE('',#8738,#8488,#8763,.T.);
#8763 = SURFACE_CURVE('',#8764,(#8768,#8774),.PCURVE_S1.);
#8764 = LINE('',#8765,#8766);
#8765 = CARTESIAN_POINT('',(52.8,-19.575,6.6));
#8766 = VECTOR('',#8767,1.);
#8767 = DIRECTION('',(0.,1.,0.));
#8768 = PCURVE('',#8503,#8769);
#8769 = DEFINITIONAL_REPRESENTATION('',(#8770),#8773);
#8770 = B_SPLINE_CURVE_WITH_KNOTS('',1,(#8771,#8772),.UNSPECIFIED.,.F.,
  .F.,(2,2),(2.275,5.075),.PIECEWISE_BEZIER_KNOTS.);
#8771 = CARTESIAN_POINT('',(0.55,0.));
#8772 = CARTESIAN_POINT('',(0.55,-2.8));
#8773 = ( GEOMETRIC_REPRESENTATION_CONTEXT(2) 
PARAMETRIC_REPRESENTATION_CONTEXT() REPRESENTATION_CONTEXT('2D SPACE',''
  ) );
#8774 = PCURVE('',#2335,#8775);
#8775 = DEFINITIONAL_REPRESENTATION('',(#8776),#8780);
#8776 = LINE('',#8777,#8778);
#8777 = CARTESIAN_POINT('',(53.4,2.275));
#8778 = VECTOR('',#8779,1.);
#8779 = DIRECTION('',(0.,1.));
#8780 = ( GEOMETRIC_REPRESENTATION_CONTEXT(2) 
PARAMETRIC_REPRESENTATION_CONTEXT() REPRESENTATION_CONTEXT('2D SPACE',''
  ) );
#8781 = ADVANCED_FACE('',(#8782),#8447,.T.);
#8782 = FACE_BOUND('',#8783,.T.);
#8783 = EDGE_LOOP('',(#8784,#8785,#8786,#8807));
#8784 = ORIENTED_EDGE('',*,*,#8571,.F.);
#8785 = ORIENTED_EDGE('',*,*,#8664,.F.);
#8786 = ORIENTED_EDGE('',*,*,#8787,.T.);
#8787 = EDGE_CURVE('',#8620,#8407,#8788,.T.);
#8788 = SURFACE_CURVE('',#8789,(#8793,#8800),.PCURVE_S1.);
#8789 = LINE('',#8790,#8791);
#8790 = CARTESIAN_POINT('',(50.649,-17.3,6.85));
#8791 = VECTOR('',#8792,1.);
#8792 = DIRECTION('',(1.,0.,0.));
#8793 = PCURVE('',#8447,#8794);
#8794 = DEFINITIONAL_REPRESENTATION('',(#8795),#8799);
#8795 = LINE('',#8796,#8797);
#8796 = CARTESIAN_POINT('',(0.,0.));
#8797 = VECTOR('',#8798,1.);
#8798 = DIRECTION('',(1.,0.));
#8799 = ( GEOMETRIC_REPRESENTATION_CONTEXT(2) 
PARAMETRIC_REPRESENTATION_CONTEXT() REPRESENTATION_CONTEXT('2D SPACE',''
  ) );
#8800 = PCURVE('',#8421,#8801);
#8801 = DEFINITIONAL_REPRESENTATION('',(#8802),#8806);
#8802 = LINE('',#8803,#8804);
#8803 = CARTESIAN_POINT('',(0.8,0.));
#8804 = VECTOR('',#8805,1.);
#8805 = DIRECTION('',(0.,1.));
#8806 = ( GEOMETRIC_REPRESENTATION_CONTEXT(2) 
PARAMETRIC_REPRESENTATION_CONTEXT() REPRESENTATION_CONTEXT('2D SPACE',''
  ) );
#8807 = ORIENTED_EDGE('',*,*,#8432,.F.);
#8808 = ADVANCED_FACE('',(#8809),#8421,.F.);
#8809 = FACE_BOUND('',#8810,.F.);
#8810 = EDGE_LOOP('',(#8811,#8812,#8813,#8814,#8815,#8816));
#8811 = ORIENTED_EDGE('',*,*,#8737,.F.);
#8812 = ORIENTED_EDGE('',*,*,#8689,.F.);
#8813 = ORIENTED_EDGE('',*,*,#8617,.T.);
#8814 = ORIENTED_EDGE('',*,*,#8787,.T.);
#8815 = ORIENTED_EDGE('',*,*,#8406,.F.);
#8816 = ORIENTED_EDGE('',*,*,#8817,.T.);
#8817 = EDGE_CURVE('',#8384,#8738,#8818,.T.);
#8818 = SURFACE_CURVE('',#8819,(#8823,#8830),.PCURVE_S1.);
#8819 = LINE('',#8820,#8821);
#8820 = CARTESIAN_POINT('',(51.799,-17.3,6.6));
#8821 = VECTOR('',#8822,1.);
#8822 = DIRECTION('',(1.,0.,0.));
#8823 = PCURVE('',#8421,#8824);
#8824 = DEFINITIONAL_REPRESENTATION('',(#8825),#8829);
#8825 = LINE('',#8826,#8827);
#8826 = CARTESIAN_POINT('',(0.55,1.15));
#8827 = VECTOR('',#8828,1.);
#8828 = DIRECTION('',(0.,1.));
#8829 = ( GEOMETRIC_REPRESENTATION_CONTEXT(2) 
PARAMETRIC_REPRESENTATION_CONTEXT() REPRESENTATION_CONTEXT('2D SPACE',''
  ) );
#8830 = PCURVE('',#2335,#8831);
#8831 = DEFINITIONAL_REPRESENTATION('',(#8832),#8836);
#8832 = LINE('',#8833,#8834);
#8833 = CARTESIAN_POINT('',(52.399,4.55));
#8834 = VECTOR('',#8835,1.);
#8835 = DIRECTION('',(1.,0.));
#8836 = ( GEOMETRIC_REPRESENTATION_CONTEXT(2) 
PARAMETRIC_REPRESENTATION_CONTEXT() REPRESENTATION_CONTEXT('2D SPACE',''
  ) );
#8837 = ADVANCED_FACE('',(#8838),#6902,.F.);
#8838 = FACE_BOUND('',#8839,.F.);
#8839 = EDGE_LOOP('',(#8840,#8862,#8889,#8909));
#8840 = ORIENTED_EDGE('',*,*,#8841,.F.);
#8841 = EDGE_CURVE('',#8842,#6814,#8844,.T.);
#8842 = VERTEX_POINT('',#8843);
#8843 = CARTESIAN_POINT('',(43.70146,-5.94208,7.75));
#8844 = SURFACE_CURVE('',#8845,(#8848,#8855),.PCURVE_S1.);
#8845 = B_SPLINE_CURVE_WITH_KNOTS('',1,(#8846,#8847),.UNSPECIFIED.,.F.,
  .F.,(2,2),(0.,1.),.PIECEWISE_BEZIER_KNOTS.);
#8846 = CARTESIAN_POINT('',(43.70146,-5.94208,7.75));
#8847 = CARTESIAN_POINT('',(44.15146,-5.49208,8.21));
#8848 = PCURVE('',#6902,#8849);
#8849 = DEFINITIONAL_REPRESENTATION('',(#8850),#8854);
#8850 = LINE('',#8851,#8852);
#8851 = CARTESIAN_POINT('',(0.,0.));
#8852 = VECTOR('',#8853,1.);
#8853 = DIRECTION('',(0.,1.));
#8854 = ( GEOMETRIC_REPRESENTATION_CONTEXT(2) 
PARAMETRIC_REPRESENTATION_CONTEXT() REPRESENTATION_CONTEXT('2D SPACE',''
  ) );
#8855 = PCURVE('',#6829,#8856);
#8856 = DEFINITIONAL_REPRESENTATION('',(#8857),#8861);
#8857 = LINE('',#8858,#8859);
#8858 = CARTESIAN_POINT('',(12.5,0.));
#8859 = VECTOR('',#8860,1.);
#8860 = DIRECTION('',(0.,1.));
#8861 = ( GEOMETRIC_REPRESENTATION_CONTEXT(2) 
PARAMETRIC_REPRESENTATION_CONTEXT() REPRESENTATION_CONTEXT('2D SPACE',''
  ) );
#8862 = ORIENTED_EDGE('',*,*,#8863,.T.);
#8863 = EDGE_CURVE('',#8842,#8864,#8866,.T.);
#8864 = VERTEX_POINT('',#8865);
#8865 = CARTESIAN_POINT('',(21.20146,-5.94208,7.75));
#8866 = SURFACE_CURVE('',#8867,(#8871,#8877),.PCURVE_S1.);
#8867 = LINE('',#8868,#8869);
#8868 = CARTESIAN_POINT('',(43.70146,-5.94208,7.75));
#8869 = VECTOR('',#8870,1.);
#8870 = DIRECTION('',(-1.,0.,0.));
#8871 = PCURVE('',#6902,#8872);
#8872 = DEFINITIONAL_REPRESENTATION('',(#8873),#8876);
#8873 = B_SPLINE_CURVE_WITH_KNOTS('',1,(#8874,#8875),.UNSPECIFIED.,.F.,
  .F.,(2,2),(0.,22.5),.PIECEWISE_BEZIER_KNOTS.);
#8874 = CARTESIAN_POINT('',(0.,0.));
#8875 = CARTESIAN_POINT('',(23.4,0.));
#8876 = ( GEOMETRIC_REPRESENTATION_CONTEXT(2) 
PARAMETRIC_REPRESENTATION_CONTEXT() REPRESENTATION_CONTEXT('2D SPACE',''
  ) );
#8877 = PCURVE('',#8878,#8883);
#8878 = PLANE('',#8879);
#8879 = AXIS2_PLACEMENT_3D('',#8880,#8881,#8882);
#8880 = CARTESIAN_POINT('',(43.70146,-5.94208,5.6));
#8881 = DIRECTION('',(0.,-1.,0.));
#8882 = DIRECTION('',(-1.,0.,0.));
#8883 = DEFINITIONAL_REPRESENTATION('',(#8884),#8888);
#8884 = LINE('',#8885,#8886);
#8885 = CARTESIAN_POINT('',(0.,-2.15));
#8886 = VECTOR('',#8887,1.);
#8887 = DIRECTION('',(1.,0.));
#8888 = ( GEOMETRIC_REPRESENTATION_CONTEXT(2) 
PARAMETRIC_REPRESENTATION_CONTEXT() REPRESENTATION_CONTEXT('2D SPACE',''
  ) );
#8889 = ORIENTED_EDGE('',*,*,#8890,.T.);
#8890 = EDGE_CURVE('',#8864,#6866,#8891,.T.);
#8891 = SURFACE_CURVE('',#8892,(#8895,#8902),.PCURVE_S1.);
#8892 = B_SPLINE_CURVE_WITH_KNOTS('',1,(#8893,#8894),.UNSPECIFIED.,.F.,
  .F.,(2,2),(0.,1.),.PIECEWISE_BEZIER_KNOTS.);
#8893 = CARTESIAN_POINT('',(21.20146,-5.94208,7.75));
#8894 = CARTESIAN_POINT('',(20.75146,-5.49208,8.21));
#8895 = PCURVE('',#6902,#8896);
#8896 = DEFINITIONAL_REPRESENTATION('',(#8897),#8901);
#8897 = LINE('',#8898,#8899);
#8898 = CARTESIAN_POINT('',(23.4,0.));
#8899 = VECTOR('',#8900,1.);
#8900 = DIRECTION('',(0.,1.));
#8901 = ( GEOMETRIC_REPRESENTATION_CONTEXT(2) 
PARAMETRIC_REPRESENTATION_CONTEXT() REPRESENTATION_CONTEXT('2D SPACE',''
  ) );
#8902 = PCURVE('',#6879,#8903);
#8903 = DEFINITIONAL_REPRESENTATION('',(#8904),#8908);
#8904 = LINE('',#8905,#8906);
#8905 = CARTESIAN_POINT('',(0.,0.));
#8906 = VECTOR('',#8907,1.);
#8907 = DIRECTION('',(0.,1.));
#8908 = ( GEOMETRIC_REPRESENTATION_CONTEXT(2) 
PARAMETRIC_REPRESENTATION_CONTEXT() REPRESENTATION_CONTEXT('2D SPACE',''
  ) );
#8909 = ORIENTED_EDGE('',*,*,#6890,.T.);
#8910 = ADVANCED_FACE('',(#8911),#8878,.T.);
#8911 = FACE_BOUND('',#8912,.T.);
#8912 = EDGE_LOOP('',(#8913,#8941,#8963,#8989));
#8913 = ORIENTED_EDGE('',*,*,#8914,.F.);
#8914 = EDGE_CURVE('',#8915,#8864,#8917,.T.);
#8915 = VERTEX_POINT('',#8916);
#8916 = CARTESIAN_POINT('',(21.20146,-5.94208,6.6));
#8917 = SURFACE_CURVE('',#8918,(#8922,#8929),.PCURVE_S1.);
#8918 = LINE('',#8919,#8920);
#8919 = CARTESIAN_POINT('',(21.20146,-5.94208,5.6));
#8920 = VECTOR('',#8921,1.);
#8921 = DIRECTION('',(0.,0.,1.));
#8922 = PCURVE('',#8878,#8923);
#8923 = DEFINITIONAL_REPRESENTATION('',(#8924),#8928);
#8924 = LINE('',#8925,#8926);
#8925 = CARTESIAN_POINT('',(22.5,0.));
#8926 = VECTOR('',#8927,1.);
#8927 = DIRECTION('',(0.,-1.));
#8928 = ( GEOMETRIC_REPRESENTATION_CONTEXT(2) 
PARAMETRIC_REPRESENTATION_CONTEXT() REPRESENTATION_CONTEXT('2D SPACE',''
  ) );
#8929 = PCURVE('',#8930,#8935);
#8930 = PLANE('',#8931);
#8931 = AXIS2_PLACEMENT_3D('',#8932,#8933,#8934);
#8932 = CARTESIAN_POINT('',(21.20146,-5.94208,5.6));
#8933 = DIRECTION('',(1.,0.,-0.));
#8934 = DIRECTION('',(0.,-1.,0.));
#8935 = DEFINITIONAL_REPRESENTATION('',(#8936),#8940);
#8936 = LINE('',#8937,#8938);
#8937 = CARTESIAN_POINT('',(0.,0.));
#8938 = VECTOR('',#8939,1.);
#8939 = DIRECTION('',(0.,-1.));
#8940 = ( GEOMETRIC_REPRESENTATION_CONTEXT(2) 
PARAMETRIC_REPRESENTATION_CONTEXT() REPRESENTATION_CONTEXT('2D SPACE',''
  ) );
#8941 = ORIENTED_EDGE('',*,*,#8942,.T.);
#8942 = EDGE_CURVE('',#8915,#8943,#8945,.T.);
#8943 = VERTEX_POINT('',#8944);
#8944 = CARTESIAN_POINT('',(43.70146,-5.94208,6.6));
#8945 = SURFACE_CURVE('',#8946,(#8950,#8956),.PCURVE_S1.);
#8946 = LINE('',#8947,#8948);
#8947 = CARTESIAN_POINT('',(21.55073,-5.94208,6.6));
#8948 = VECTOR('',#8949,1.);
#8949 = DIRECTION('',(1.,0.,-0.));
#8950 = PCURVE('',#8878,#8951);
#8951 = DEFINITIONAL_REPRESENTATION('',(#8952),#8955);
#8952 = B_SPLINE_CURVE_WITH_KNOTS('',1,(#8953,#8954),.UNSPECIFIED.,.F.,
  .F.,(2,2),(-0.34927,22.15073),.PIECEWISE_BEZIER_KNOTS.);
#8953 = CARTESIAN_POINT('',(22.5,-1.));
#8954 = CARTESIAN_POINT('',(0.,-1.));
#8955 = ( GEOMETRIC_REPRESENTATION_CONTEXT(2) 
PARAMETRIC_REPRESENTATION_CONTEXT() REPRESENTATION_CONTEXT('2D SPACE',''
  ) );
#8956 = PCURVE('',#2335,#8957);
#8957 = DEFINITIONAL_REPRESENTATION('',(#8958),#8962);
#8958 = LINE('',#8959,#8960);
#8959 = CARTESIAN_POINT('',(22.15073,15.90792));
#8960 = VECTOR('',#8961,1.);
#8961 = DIRECTION('',(1.,0.));
#8962 = ( GEOMETRIC_REPRESENTATION_CONTEXT(2) 
PARAMETRIC_REPRESENTATION_CONTEXT() REPRESENTATION_CONTEXT('2D SPACE',''
  ) );
#8963 = ORIENTED_EDGE('',*,*,#8964,.T.);
#8964 = EDGE_CURVE('',#8943,#8842,#8965,.T.);
#8965 = SURFACE_CURVE('',#8966,(#8970,#8977),.PCURVE_S1.);
#8966 = LINE('',#8967,#8968);
#8967 = CARTESIAN_POINT('',(43.70146,-5.94208,5.6));
#8968 = VECTOR('',#8969,1.);
#8969 = DIRECTION('',(0.,0.,1.));
#8970 = PCURVE('',#8878,#8971);
#8971 = DEFINITIONAL_REPRESENTATION('',(#8972),#8976);
#8972 = LINE('',#8973,#8974);
#8973 = CARTESIAN_POINT('',(0.,-0.));
#8974 = VECTOR('',#8975,1.);
#8975 = DIRECTION('',(0.,-1.));
#8976 = ( GEOMETRIC_REPRESENTATION_CONTEXT(2) 
PARAMETRIC_REPRESENTATION_CONTEXT() REPRESENTATION_CONTEXT('2D SPACE',''
  ) );
#8977 = PCURVE('',#8978,#8983);
#8978 = PLANE('',#8979);
#8979 = AXIS2_PLACEMENT_3D('',#8980,#8981,#8982);
#8980 = CARTESIAN_POINT('',(43.70146,-17.54208,5.6));
#8981 = DIRECTION('',(-1.,0.,0.));
#8982 = DIRECTION('',(0.,1.,0.));
#8983 = DEFINITIONAL_REPRESENTATION('',(#8984),#8988);
#8984 = LINE('',#8985,#8986);
#8985 = CARTESIAN_POINT('',(11.6,0.));
#8986 = VECTOR('',#8987,1.);
#8987 = DIRECTION('',(0.,-1.));
#8988 = ( GEOMETRIC_REPRESENTATION_CONTEXT(2) 
PARAMETRIC_REPRESENTATION_CONTEXT() REPRESENTATION_CONTEXT('2D SPACE',''
  ) );
#8989 = ORIENTED_EDGE('',*,*,#8863,.T.);
#8990 = ADVANCED_FACE('',(#8991),#8978,.T.);
#8991 = FACE_BOUND('',#8992,.T.);
#8992 = EDGE_LOOP('',(#8993,#8994,#9016,#9044));
#8993 = ORIENTED_EDGE('',*,*,#8964,.F.);
#8994 = ORIENTED_EDGE('',*,*,#8995,.T.);
#8995 = EDGE_CURVE('',#8943,#8996,#8998,.T.);
#8996 = VERTEX_POINT('',#8997);
#8997 = CARTESIAN_POINT('',(43.70146,-17.54208,6.6));
#8998 = SURFACE_CURVE('',#8999,(#9003,#9009),.PCURVE_S1.);
#8999 = LINE('',#9000,#9001);
#9000 = CARTESIAN_POINT('',(43.70146,-19.69604,6.6));
#9001 = VECTOR('',#9002,1.);
#9002 = DIRECTION('',(0.,-1.,0.));
#9003 = PCURVE('',#8978,#9004);
#9004 = DEFINITIONAL_REPRESENTATION('',(#9005),#9008);
#9005 = B_SPLINE_CURVE_WITH_KNOTS('',1,(#9006,#9007),.UNSPECIFIED.,.F.,
  .F.,(2,2),(-13.75396,-2.15396),.PIECEWISE_BEZIER_KNOTS.);
#9006 = CARTESIAN_POINT('',(11.6,-1.));
#9007 = CARTESIAN_POINT('',(0.,-1.));
#9008 = ( GEOMETRIC_REPRESENTATION_CONTEXT(2) 
PARAMETRIC_REPRESENTATION_CONTEXT() REPRESENTATION_CONTEXT('2D SPACE',''
  ) );
#9009 = PCURVE('',#2335,#9010);
#9010 = DEFINITIONAL_REPRESENTATION('',(#9011),#9015);
#9011 = LINE('',#9012,#9013);
#9012 = CARTESIAN_POINT('',(44.30146,2.15396));
#9013 = VECTOR('',#9014,1.);
#9014 = DIRECTION('',(0.,-1.));
#9015 = ( GEOMETRIC_REPRESENTATION_CONTEXT(2) 
PARAMETRIC_REPRESENTATION_CONTEXT() REPRESENTATION_CONTEXT('2D SPACE',''
  ) );
#9016 = ORIENTED_EDGE('',*,*,#9017,.T.);
#9017 = EDGE_CURVE('',#8996,#9018,#9020,.T.);
#9018 = VERTEX_POINT('',#9019);
#9019 = CARTESIAN_POINT('',(43.70146,-17.54208,7.75));
#9020 = SURFACE_CURVE('',#9021,(#9025,#9032),.PCURVE_S1.);
#9021 = LINE('',#9022,#9023);
#9022 = CARTESIAN_POINT('',(43.70146,-17.54208,5.6));
#9023 = VECTOR('',#9024,1.);
#9024 = DIRECTION('',(0.,0.,1.));
#9025 = PCURVE('',#8978,#9026);
#9026 = DEFINITIONAL_REPRESENTATION('',(#9027),#9031);
#9027 = LINE('',#9028,#9029);
#9028 = CARTESIAN_POINT('',(0.,0.));
#9029 = VECTOR('',#9030,1.);
#9030 = DIRECTION('',(0.,-1.));
#9031 = ( GEOMETRIC_REPRESENTATION_CONTEXT(2) 
PARAMETRIC_REPRESENTATION_CONTEXT() REPRESENTATION_CONTEXT('2D SPACE',''
  ) );
#9032 = PCURVE('',#9033,#9038);
#9033 = PLANE('',#9034);
#9034 = AXIS2_PLACEMENT_3D('',#9035,#9036,#9037);
#9035 = CARTESIAN_POINT('',(21.20146,-17.54208,5.6));
#9036 = DIRECTION('',(0.,1.,0.));
#9037 = DIRECTION('',(1.,0.,0.));
#9038 = DEFINITIONAL_REPRESENTATION('',(#9039),#9043);
#9039 = LINE('',#9040,#9041);
#9040 = CARTESIAN_POINT('',(22.5,0.));
#9041 = VECTOR('',#9042,1.);
#9042 = DIRECTION('',(0.,-1.));
#9043 = ( GEOMETRIC_REPRESENTATION_CONTEXT(2) 
PARAMETRIC_REPRESENTATION_CONTEXT() REPRESENTATION_CONTEXT('2D SPACE',''
  ) );
#9044 = ORIENTED_EDGE('',*,*,#9045,.T.);
#9045 = EDGE_CURVE('',#9018,#8842,#9046,.T.);
#9046 = SURFACE_CURVE('',#9047,(#9051,#9058),.PCURVE_S1.);
#9047 = LINE('',#9048,#9049);
#9048 = CARTESIAN_POINT('',(43.70146,-17.54208,7.75));
#9049 = VECTOR('',#9050,1.);
#9050 = DIRECTION('',(0.,1.,0.));
#9051 = PCURVE('',#8978,#9052);
#9052 = DEFINITIONAL_REPRESENTATION('',(#9053),#9057);
#9053 = LINE('',#9054,#9055);
#9054 = CARTESIAN_POINT('',(0.,-2.15));
#9055 = VECTOR('',#9056,1.);
#9056 = DIRECTION('',(1.,0.));
#9057 = ( GEOMETRIC_REPRESENTATION_CONTEXT(2) 
PARAMETRIC_REPRESENTATION_CONTEXT() REPRESENTATION_CONTEXT('2D SPACE',''
  ) );
#9058 = PCURVE('',#6829,#9059);
#9059 = DEFINITIONAL_REPRESENTATION('',(#9060),#9063);
#9060 = B_SPLINE_CURVE_WITH_KNOTS('',1,(#9061,#9062),.UNSPECIFIED.,.F.,
  .F.,(2,2),(0.,11.6),.PIECEWISE_BEZIER_KNOTS.);
#9061 = CARTESIAN_POINT('',(0.,0.));
#9062 = CARTESIAN_POINT('',(12.5,0.));
#9063 = ( GEOMETRIC_REPRESENTATION_CONTEXT(2) 
PARAMETRIC_REPRESENTATION_CONTEXT() REPRESENTATION_CONTEXT('2D SPACE',''
  ) );
#9064 = ADVANCED_FACE('',(#9065),#9033,.T.);
#9065 = FACE_BOUND('',#9066,.T.);
#9066 = EDGE_LOOP('',(#9067,#9068,#9090,#9113));
#9067 = ORIENTED_EDGE('',*,*,#9017,.F.);
#9068 = ORIENTED_EDGE('',*,*,#9069,.T.);
#9069 = EDGE_CURVE('',#8996,#9070,#9072,.T.);
#9070 = VERTEX_POINT('',#9071);
#9071 = CARTESIAN_POINT('',(21.20146,-17.54208,6.6));
#9072 = SURFACE_CURVE('',#9073,(#9077,#9083),.PCURVE_S1.);
#9073 = LINE('',#9074,#9075);
#9074 = CARTESIAN_POINT('',(10.30073,-17.54208,6.6));
#9075 = VECTOR('',#9076,1.);
#9076 = DIRECTION('',(-1.,0.,0.));
#9077 = PCURVE('',#9033,#9078);
#9078 = DEFINITIONAL_REPRESENTATION('',(#9079),#9082);
#9079 = B_SPLINE_CURVE_WITH_KNOTS('',1,(#9080,#9081),.UNSPECIFIED.,.F.,
  .F.,(2,2),(-33.40073,-10.90073),.PIECEWISE_BEZIER_KNOTS.);
#9080 = CARTESIAN_POINT('',(22.5,-1.));
#9081 = CARTESIAN_POINT('',(0.,-1.));
#9082 = ( GEOMETRIC_REPRESENTATION_CONTEXT(2) 
PARAMETRIC_REPRESENTATION_CONTEXT() REPRESENTATION_CONTEXT('2D SPACE',''
  ) );
#9083 = PCURVE('',#2335,#9084);
#9084 = DEFINITIONAL_REPRESENTATION('',(#9085),#9089);
#9085 = LINE('',#9086,#9087);
#9086 = CARTESIAN_POINT('',(10.90073,4.30792));
#9087 = VECTOR('',#9088,1.);
#9088 = DIRECTION('',(-1.,0.));
#9089 = ( GEOMETRIC_REPRESENTATION_CONTEXT(2) 
PARAMETRIC_REPRESENTATION_CONTEXT() REPRESENTATION_CONTEXT('2D SPACE',''
  ) );
#9090 = ORIENTED_EDGE('',*,*,#9091,.T.);
#9091 = EDGE_CURVE('',#9070,#9092,#9094,.T.);
#9092 = VERTEX_POINT('',#9093);
#9093 = CARTESIAN_POINT('',(21.20146,-17.54208,7.75));
#9094 = SURFACE_CURVE('',#9095,(#9099,#9106),.PCURVE_S1.);
#9095 = LINE('',#9096,#9097);
#9096 = CARTESIAN_POINT('',(21.20146,-17.54208,5.6));
#9097 = VECTOR('',#9098,1.);
#9098 = DIRECTION('',(0.,0.,1.));
#9099 = PCURVE('',#9033,#9100);
#9100 = DEFINITIONAL_REPRESENTATION('',(#9101),#9105);
#9101 = LINE('',#9102,#9103);
#9102 = CARTESIAN_POINT('',(0.,0.));
#9103 = VECTOR('',#9104,1.);
#9104 = DIRECTION('',(0.,-1.));
#9105 = ( GEOMETRIC_REPRESENTATION_CONTEXT(2) 
PARAMETRIC_REPRESENTATION_CONTEXT() REPRESENTATION_CONTEXT('2D SPACE',''
  ) );
#9106 = PCURVE('',#8930,#9107);
#9107 = DEFINITIONAL_REPRESENTATION('',(#9108),#9112);
#9108 = LINE('',#9109,#9110);
#9109 = CARTESIAN_POINT('',(11.6,0.));
#9110 = VECTOR('',#9111,1.);
#9111 = DIRECTION('',(0.,-1.));
#9112 = ( GEOMETRIC_REPRESENTATION_CONTEXT(2) 
PARAMETRIC_REPRESENTATION_CONTEXT() REPRESENTATION_CONTEXT('2D SPACE',''
  ) );
#9113 = ORIENTED_EDGE('',*,*,#9114,.T.);
#9114 = EDGE_CURVE('',#9092,#9018,#9115,.T.);
#9115 = SURFACE_CURVE('',#9116,(#9120,#9127),.PCURVE_S1.);
#9116 = LINE('',#9117,#9118);
#9117 = CARTESIAN_POINT('',(21.20146,-17.54208,7.75));
#9118 = VECTOR('',#9119,1.);
#9119 = DIRECTION('',(1.,0.,0.));
#9120 = PCURVE('',#9033,#9121);
#9121 = DEFINITIONAL_REPRESENTATION('',(#9122),#9126);
#9122 = LINE('',#9123,#9124);
#9123 = CARTESIAN_POINT('',(0.,-2.15));
#9124 = VECTOR('',#9125,1.);
#9125 = DIRECTION('',(1.,0.));
#9126 = ( GEOMETRIC_REPRESENTATION_CONTEXT(2) 
PARAMETRIC_REPRESENTATION_CONTEXT() REPRESENTATION_CONTEXT('2D SPACE',''
  ) );
#9127 = PCURVE('',#6854,#9128);
#9128 = DEFINITIONAL_REPRESENTATION('',(#9129),#9132);
#9129 = B_SPLINE_CURVE_WITH_KNOTS('',1,(#9130,#9131),.UNSPECIFIED.,.F.,
  .F.,(2,2),(0.,22.5),.PIECEWISE_BEZIER_KNOTS.);
#9130 = CARTESIAN_POINT('',(0.,0.));
#9131 = CARTESIAN_POINT('',(23.4,0.));
#9132 = ( GEOMETRIC_REPRESENTATION_CONTEXT(2) 
PARAMETRIC_REPRESENTATION_CONTEXT() REPRESENTATION_CONTEXT('2D SPACE',''
  ) );
#9133 = ADVANCED_FACE('',(#9134),#8930,.T.);
#9134 = FACE_BOUND('',#9135,.T.);
#9135 = EDGE_LOOP('',(#9136,#9137,#9157,#9158));
#9136 = ORIENTED_EDGE('',*,*,#9091,.F.);
#9137 = ORIENTED_EDGE('',*,*,#9138,.T.);
#9138 = EDGE_CURVE('',#9070,#8915,#9139,.T.);
#9139 = SURFACE_CURVE('',#9140,(#9144,#9150),.PCURVE_S1.);
#9140 = LINE('',#9141,#9142);
#9141 = CARTESIAN_POINT('',(21.20146,-13.89604,6.6));
#9142 = VECTOR('',#9143,1.);
#9143 = DIRECTION('',(-0.,1.,0.));
#9144 = PCURVE('',#8930,#9145);
#9145 = DEFINITIONAL_REPRESENTATION('',(#9146),#9149);
#9146 = B_SPLINE_CURVE_WITH_KNOTS('',1,(#9147,#9148),.UNSPECIFIED.,.F.,
  .F.,(2,2),(-3.64604,7.95396),.PIECEWISE_BEZIER_KNOTS.);
#9147 = CARTESIAN_POINT('',(11.6,-1.));
#9148 = CARTESIAN_POINT('',(0.,-1.));
#9149 = ( GEOMETRIC_REPRESENTATION_CONTEXT(2) 
PARAMETRIC_REPRESENTATION_CONTEXT() REPRESENTATION_CONTEXT('2D SPACE',''
  ) );
#9150 = PCURVE('',#2335,#9151);
#9151 = DEFINITIONAL_REPRESENTATION('',(#9152),#9156);
#9152 = LINE('',#9153,#9154);
#9153 = CARTESIAN_POINT('',(21.80146,7.95396));
#9154 = VECTOR('',#9155,1.);
#9155 = DIRECTION('',(0.,1.));
#9156 = ( GEOMETRIC_REPRESENTATION_CONTEXT(2) 
PARAMETRIC_REPRESENTATION_CONTEXT() REPRESENTATION_CONTEXT('2D SPACE',''
  ) );
#9157 = ORIENTED_EDGE('',*,*,#8914,.T.);
#9158 = ORIENTED_EDGE('',*,*,#9159,.T.);
#9159 = EDGE_CURVE('',#8864,#9092,#9160,.T.);
#9160 = SURFACE_CURVE('',#9161,(#9165,#9172),.PCURVE_S1.);
#9161 = LINE('',#9162,#9163);
#9162 = CARTESIAN_POINT('',(21.20146,-5.94208,7.75));
#9163 = VECTOR('',#9164,1.);
#9164 = DIRECTION('',(0.,-1.,0.));
#9165 = PCURVE('',#8930,#9166);
#9166 = DEFINITIONAL_REPRESENTATION('',(#9167),#9171);
#9167 = LINE('',#9168,#9169);
#9168 = CARTESIAN_POINT('',(0.,-2.15));
#9169 = VECTOR('',#9170,1.);
#9170 = DIRECTION('',(1.,0.));
#9171 = ( GEOMETRIC_REPRESENTATION_CONTEXT(2) 
PARAMETRIC_REPRESENTATION_CONTEXT() REPRESENTATION_CONTEXT('2D SPACE',''
  ) );
#9172 = PCURVE('',#6879,#9173);
#9173 = DEFINITIONAL_REPRESENTATION('',(#9174),#9177);
#9174 = B_SPLINE_CURVE_WITH_KNOTS('',1,(#9175,#9176),.UNSPECIFIED.,.F.,
  .F.,(2,2),(0.,11.6),.PIECEWISE_BEZIER_KNOTS.);
#9175 = CARTESIAN_POINT('',(0.,0.));
#9176 = CARTESIAN_POINT('',(12.5,0.));
#9177 = ( GEOMETRIC_REPRESENTATION_CONTEXT(2) 
PARAMETRIC_REPRESENTATION_CONTEXT() REPRESENTATION_CONTEXT('2D SPACE',''
  ) );
#9178 = ADVANCED_FACE('',(#9179),#6879,.F.);
#9179 = FACE_BOUND('',#9180,.F.);
#9180 = EDGE_LOOP('',(#9181,#9182,#9183,#9203));
#9181 = ORIENTED_EDGE('',*,*,#8890,.F.);
#9182 = ORIENTED_EDGE('',*,*,#9159,.T.);
#9183 = ORIENTED_EDGE('',*,*,#9184,.T.);
#9184 = EDGE_CURVE('',#9092,#6841,#9185,.T.);
#9185 = SURFACE_CURVE('',#9186,(#9189,#9196),.PCURVE_S1.);
#9186 = B_SPLINE_CURVE_WITH_KNOTS('',1,(#9187,#9188),.UNSPECIFIED.,.F.,
  .F.,(2,2),(0.,1.),.PIECEWISE_BEZIER_KNOTS.);
#9187 = CARTESIAN_POINT('',(21.20146,-17.54208,7.75));
#9188 = CARTESIAN_POINT('',(20.75146,-17.99208,8.21));
#9189 = PCURVE('',#6879,#9190);
#9190 = DEFINITIONAL_REPRESENTATION('',(#9191),#9195);
#9191 = LINE('',#9192,#9193);
#9192 = CARTESIAN_POINT('',(12.5,0.));
#9193 = VECTOR('',#9194,1.);
#9194 = DIRECTION('',(0.,1.));
#9195 = ( GEOMETRIC_REPRESENTATION_CONTEXT(2) 
PARAMETRIC_REPRESENTATION_CONTEXT() REPRESENTATION_CONTEXT('2D SPACE',''
  ) );
#9196 = PCURVE('',#6854,#9197);
#9197 = DEFINITIONAL_REPRESENTATION('',(#9198),#9202);
#9198 = LINE('',#9199,#9200);
#9199 = CARTESIAN_POINT('',(0.,0.));
#9200 = VECTOR('',#9201,1.);
#9201 = DIRECTION('',(0.,1.));
#9202 = ( GEOMETRIC_REPRESENTATION_CONTEXT(2) 
PARAMETRIC_REPRESENTATION_CONTEXT() REPRESENTATION_CONTEXT('2D SPACE',''
  ) );
#9203 = ORIENTED_EDGE('',*,*,#6865,.T.);
#9204 = ADVANCED_FACE('',(#9205),#6854,.F.);
#9205 = FACE_BOUND('',#9206,.F.);
#9206 = EDGE_LOOP('',(#9207,#9208,#9209,#9229));
#9207 = ORIENTED_EDGE('',*,*,#9184,.F.);
#9208 = ORIENTED_EDGE('',*,*,#9114,.T.);
#9209 = ORIENTED_EDGE('',*,*,#9210,.T.);
#9210 = EDGE_CURVE('',#9018,#6816,#9211,.T.);
#9211 = SURFACE_CURVE('',#9212,(#9215,#9222),.PCURVE_S1.);
#9212 = B_SPLINE_CURVE_WITH_KNOTS('',1,(#9213,#9214),.UNSPECIFIED.,.F.,
  .F.,(2,2),(0.,1.),.PIECEWISE_BEZIER_KNOTS.);
#9213 = CARTESIAN_POINT('',(43.70146,-17.54208,7.75));
#9214 = CARTESIAN_POINT('',(44.15146,-17.99208,8.21));
#9215 = PCURVE('',#6854,#9216);
#9216 = DEFINITIONAL_REPRESENTATION('',(#9217),#9221);
#9217 = LINE('',#9218,#9219);
#9218 = CARTESIAN_POINT('',(23.4,0.));
#9219 = VECTOR('',#9220,1.);
#9220 = DIRECTION('',(0.,1.));
#9221 = ( GEOMETRIC_REPRESENTATION_CONTEXT(2) 
PARAMETRIC_REPRESENTATION_CONTEXT() REPRESENTATION_CONTEXT('2D SPACE',''
  ) );
#9222 = PCURVE('',#6829,#9223);
#9223 = DEFINITIONAL_REPRESENTATION('',(#9224),#9228);
#9224 = LINE('',#9225,#9226);
#9225 = CARTESIAN_POINT('',(0.,0.));
#9226 = VECTOR('',#9227,1.);
#9227 = DIRECTION('',(0.,1.));
#9228 = ( GEOMETRIC_REPRESENTATION_CONTEXT(2) 
PARAMETRIC_REPRESENTATION_CONTEXT() REPRESENTATION_CONTEXT('2D SPACE',''
  ) );
#9229 = ORIENTED_EDGE('',*,*,#6840,.T.);
#9230 = ADVANCED_FACE('',(#9231),#6829,.F.);
#9231 = FACE_BOUND('',#9232,.F.);
#9232 = EDGE_LOOP('',(#9233,#9234,#9235,#9236));
#9233 = ORIENTED_EDGE('',*,*,#9210,.F.);
#9234 = ORIENTED_EDGE('',*,*,#9045,.T.);
#9235 = ORIENTED_EDGE('',*,*,#8841,.T.);
#9236 = ORIENTED_EDGE('',*,*,#6813,.T.);
#9237 = ADVANCED_FACE('',(#9238),#6799,.F.);
#9238 = FACE_BOUND('',#9239,.T.);
#9239 = EDGE_LOOP('',(#9240,#9268,#9289,#9290));
#9240 = ORIENTED_EDGE('',*,*,#9241,.T.);
#9241 = EDGE_CURVE('',#9242,#9242,#9244,.T.);
#9242 = VERTEX_POINT('',#9243);
#9243 = CARTESIAN_POINT('',(63.492766952966,-14.732,6.6));
#9244 = SURFACE_CURVE('',#9245,(#9250,#9257),.PCURVE_S1.);
#9245 = CIRCLE('',#9246,3.167766952966);
#9246 = AXIS2_PLACEMENT_3D('',#9247,#9248,#9249);
#9247 = CARTESIAN_POINT('',(60.325,-14.732,6.6));
#9248 = DIRECTION('',(0.,0.,-1.));
#9249 = DIRECTION('',(1.,0.,0.));
#9250 = PCURVE('',#6799,#9251);
#9251 = DEFINITIONAL_REPRESENTATION('',(#9252),#9256);
#9252 = LINE('',#9253,#9254);
#9253 = CARTESIAN_POINT('',(-6.28318530718,-3.2));
#9254 = VECTOR('',#9255,1.);
#9255 = DIRECTION('',(1.,-0.));
#9256 = ( GEOMETRIC_REPRESENTATION_CONTEXT(2) 
PARAMETRIC_REPRESENTATION_CONTEXT() REPRESENTATION_CONTEXT('2D SPACE',''
  ) );
#9257 = PCURVE('',#2335,#9258);
#9258 = DEFINITIONAL_REPRESENTATION('',(#9259),#9267);
#9259 = ( BOUNDED_CURVE() B_SPLINE_CURVE(2,(#9260,#9261,#9262,#9263,
#9264,#9265,#9266),.UNSPECIFIED.,.T.,.F.) B_SPLINE_CURVE_WITH_KNOTS((1,2
    ,2,2,2,1),(-2.094395102393,0.,2.094395102393,4.188790204786,
6.28318530718,8.377580409573),.UNSPECIFIED.) CURVE() 
GEOMETRIC_REPRESENTATION_ITEM() RATIONAL_B_SPLINE_CURVE((1.,0.5,1.,0.5,
1.,0.5,1.)) REPRESENTATION_ITEM('') );
#9260 = CARTESIAN_POINT('',(64.092766952966,7.118));
#9261 = CARTESIAN_POINT('',(64.092766952966,1.631266690925));
#9262 = CARTESIAN_POINT('',(59.341116523517,4.374633345462));
#9263 = CARTESIAN_POINT('',(54.589466094067,7.118));
#9264 = CARTESIAN_POINT('',(59.341116523517,9.861366654538));
#9265 = CARTESIAN_POINT('',(64.092766952966,12.604733309075));
#9266 = CARTESIAN_POINT('',(64.092766952966,7.118));
#9267 = ( GEOMETRIC_REPRESENTATION_CONTEXT(2) 
PARAMETRIC_REPRESENTATION_CONTEXT() REPRESENTATION_CONTEXT('2D SPACE',''
  ) );
#9268 = ORIENTED_EDGE('',*,*,#9269,.T.);
#9269 = EDGE_CURVE('',#9242,#6779,#9270,.T.);
#9270 = SEAM_CURVE('',#9271,(#9275,#9282),.PCURVE_S1.);
#9271 = LINE('',#9272,#9273);
#9272 = CARTESIAN_POINT('',(63.492766952966,-14.732,3.4));
#9273 = VECTOR('',#9274,1.);
#9274 = DIRECTION('',(0.,0.,1.));
#9275 = PCURVE('',#6799,#9276);
#9276 = DEFINITIONAL_REPRESENTATION('',(#9277),#9281);
#9277 = LINE('',#9278,#9279);
#9278 = CARTESIAN_POINT('',(-6.28318530718,0.));
#9279 = VECTOR('',#9280,1.);
#9280 = DIRECTION('',(-0.,-1.));
#9281 = ( GEOMETRIC_REPRESENTATION_CONTEXT(2) 
PARAMETRIC_REPRESENTATION_CONTEXT() REPRESENTATION_CONTEXT('2D SPACE',''
  ) );
#9282 = PCURVE('',#6799,#9283);
#9283 = DEFINITIONAL_REPRESENTATION('',(#9284),#9288);
#9284 = LINE('',#9285,#9286);
#9285 = CARTESIAN_POINT('',(-0.,0.));
#9286 = VECTOR('',#9287,1.);
#9287 = DIRECTION('',(-0.,-1.));
#9288 = ( GEOMETRIC_REPRESENTATION_CONTEXT(2) 
PARAMETRIC_REPRESENTATION_CONTEXT() REPRESENTATION_CONTEXT('2D SPACE',''
  ) );
#9289 = ORIENTED_EDGE('',*,*,#6778,.F.);
#9290 = ORIENTED_EDGE('',*,*,#9269,.F.);
#9291 = ADVANCED_FACE('',(#9292),#6691,.T.);
#9292 = FACE_BOUND('',#9293,.T.);
#9293 = EDGE_LOOP('',(#9294,#9315,#9339,#9360));
#9294 = ORIENTED_EDGE('',*,*,#9295,.F.);
#9295 = EDGE_CURVE('',#83,#6652,#9296,.T.);
#9296 = SURFACE_CURVE('',#9297,(#9301,#9308),.PCURVE_S1.);
#9297 = LINE('',#9298,#9299);
#9298 = CARTESIAN_POINT('',(71.6,-23.525,8.025));
#9299 = VECTOR('',#9300,1.);
#9300 = DIRECTION('',(-0.,0.707106781187,0.707106781187));
#9301 = PCURVE('',#6691,#9302);
#9302 = DEFINITIONAL_REPRESENTATION('',(#9303),#9307);
#9303 = LINE('',#9304,#9305);
#9304 = CARTESIAN_POINT('',(-0.,-0.175));
#9305 = VECTOR('',#9306,1.);
#9306 = DIRECTION('',(-0.,-1.));
#9307 = ( GEOMETRIC_REPRESENTATION_CONTEXT(2) 
PARAMETRIC_REPRESENTATION_CONTEXT() REPRESENTATION_CONTEXT('2D SPACE',''
  ) );
#9308 = PCURVE('',#98,#9309);
#9309 = DEFINITIONAL_REPRESENTATION('',(#9310),#9314);
#9310 = LINE('',#9311,#9312);
#9311 = CARTESIAN_POINT('',(-72.1,0.));
#9312 = VECTOR('',#9313,1.);
#9313 = DIRECTION('',(-0.,1.));
#9314 = ( GEOMETRIC_REPRESENTATION_CONTEXT(2) 
PARAMETRIC_REPRESENTATION_CONTEXT() REPRESENTATION_CONTEXT('2D SPACE',''
  ) );
#9315 = ORIENTED_EDGE('',*,*,#9316,.T.);
#9316 = EDGE_CURVE('',#83,#9317,#9319,.T.);
#9317 = VERTEX_POINT('',#9318);
#9318 = CARTESIAN_POINT('',(73.6,-21.7,7.85));
#9319 = SURFACE_CURVE('',#9320,(#9325,#9332),.PCURVE_S1.);
#9320 = CIRCLE('',#9321,2.);
#9321 = AXIS2_PLACEMENT_3D('',#9322,#9323,#9324);
#9322 = CARTESIAN_POINT('',(71.6,-21.7,7.85));
#9323 = DIRECTION('',(0.,0.,1.));
#9324 = DIRECTION('',(0.,-1.,0.));
#9325 = PCURVE('',#6691,#9326);
#9326 = DEFINITIONAL_REPRESENTATION('',(#9327),#9331);
#9327 = LINE('',#9328,#9329);
#9328 = CARTESIAN_POINT('',(-0.,-0.));
#9329 = VECTOR('',#9330,1.);
#9330 = DIRECTION('',(-1.,-0.));
#9331 = ( GEOMETRIC_REPRESENTATION_CONTEXT(2) 
PARAMETRIC_REPRESENTATION_CONTEXT() REPRESENTATION_CONTEXT('2D SPACE',''
  ) );
#9332 = PCURVE('',#126,#9333);
#9333 = DEFINITIONAL_REPRESENTATION('',(#9334),#9338);
#9334 = LINE('',#9335,#9336);
#9335 = CARTESIAN_POINT('',(0.,3.45));
#9336 = VECTOR('',#9337,1.);
#9337 = DIRECTION('',(1.,0.));
#9338 = ( GEOMETRIC_REPRESENTATION_CONTEXT(2) 
PARAMETRIC_REPRESENTATION_CONTEXT() REPRESENTATION_CONTEXT('2D SPACE',''
  ) );
#9339 = ORIENTED_EDGE('',*,*,#9340,.T.);
#9340 = EDGE_CURVE('',#9317,#6675,#9341,.T.);
#9341 = SURFACE_CURVE('',#9342,(#9346,#9353),.PCURVE_S1.);
#9342 = LINE('',#9343,#9344);
#9343 = CARTESIAN_POINT('',(73.6,-21.7,7.85));
#9344 = VECTOR('',#9345,1.);
#9345 = DIRECTION('',(-0.707106781187,4.329780281177E-17,0.707106781187)
  );
#9346 = PCURVE('',#6691,#9347);
#9347 = DEFINITIONAL_REPRESENTATION('',(#9348),#9352);
#9348 = LINE('',#9349,#9350);
#9349 = CARTESIAN_POINT('',(-1.570796326795,-0.));
#9350 = VECTOR('',#9351,1.);
#9351 = DIRECTION('',(-0.,-1.));
#9352 = ( GEOMETRIC_REPRESENTATION_CONTEXT(2) 
PARAMETRIC_REPRESENTATION_CONTEXT() REPRESENTATION_CONTEXT('2D SPACE',''
  ) );
#9353 = PCURVE('',#6119,#9354);
#9354 = DEFINITIONAL_REPRESENTATION('',(#9355),#9359);
#9355 = LINE('',#9356,#9357);
#9356 = CARTESIAN_POINT('',(-0.,-0.247487373415));
#9357 = VECTOR('',#9358,1.);
#9358 = DIRECTION('',(-4.329780281177E-17,1.));
#9359 = ( GEOMETRIC_REPRESENTATION_CONTEXT(2) 
PARAMETRIC_REPRESENTATION_CONTEXT() REPRESENTATION_CONTEXT('2D SPACE',''
  ) );
#9360 = ORIENTED_EDGE('',*,*,#6674,.F.);
#9361 = ADVANCED_FACE('',(#9362),#6119,.F.);
#9362 = FACE_BOUND('',#9363,.T.);
#9363 = EDGE_LOOP('',(#9364,#9365,#9386,#9387));
#9364 = ORIENTED_EDGE('',*,*,#9340,.F.);
#9365 = ORIENTED_EDGE('',*,*,#9366,.T.);
#9366 = EDGE_CURVE('',#9317,#6027,#9367,.T.);
#9367 = SURFACE_CURVE('',#9368,(#9372,#9379),.PCURVE_S1.);
#9368 = LINE('',#9369,#9370);
#9369 = CARTESIAN_POINT('',(73.6,-21.7,7.85));
#9370 = VECTOR('',#9371,1.);
#9371 = DIRECTION('',(0.,1.,0.));
#9372 = PCURVE('',#6119,#9373);
#9373 = DEFINITIONAL_REPRESENTATION('',(#9374),#9378);
#9374 = LINE('',#9375,#9376);
#9375 = CARTESIAN_POINT('',(-0.,-0.247487373415));
#9376 = VECTOR('',#9377,1.);
#9377 = DIRECTION('',(-1.,0.));
#9378 = ( GEOMETRIC_REPRESENTATION_CONTEXT(2) 
PARAMETRIC_REPRESENTATION_CONTEXT() REPRESENTATION_CONTEXT('2D SPACE',''
  ) );
#9379 = PCURVE('',#4557,#9380);
#9380 = DEFINITIONAL_REPRESENTATION('',(#9381),#9385);
#9381 = LINE('',#9382,#9383);
#9382 = CARTESIAN_POINT('',(2.,-3.45));
#9383 = VECTOR('',#9384,1.);
#9384 = DIRECTION('',(1.,0.));
#9385 = ( GEOMETRIC_REPRESENTATION_CONTEXT(2) 
PARAMETRIC_REPRESENTATION_CONTEXT() REPRESENTATION_CONTEXT('2D SPACE',''
  ) );
#9386 = ORIENTED_EDGE('',*,*,#6103,.T.);
#9387 = ORIENTED_EDGE('',*,*,#6703,.F.);
#9388 = ADVANCED_FACE('',(#9389),#4856,.F.);
#9389 = FACE_BOUND('',#9390,.F.);
#9390 = EDGE_LOOP('',(#9391,#9392,#9393,#9414));
#9391 = ORIENTED_EDGE('',*,*,#6050,.T.);
#9392 = ORIENTED_EDGE('',*,*,#6191,.T.);
#9393 = ORIENTED_EDGE('',*,*,#9394,.F.);
#9394 = EDGE_CURVE('',#4841,#6192,#9395,.T.);
#9395 = SURFACE_CURVE('',#9396,(#9400,#9407),.PCURVE_S1.);
#9396 = LINE('',#9397,#9398);
#9397 = CARTESIAN_POINT('',(63.217400535397,6.9,4.4));
#9398 = VECTOR('',#9399,1.);
#9399 = DIRECTION('',(0.,0.,1.));
#9400 = PCURVE('',#4856,#9401);
#9401 = DEFINITIONAL_REPRESENTATION('',(#9402),#9406);
#9402 = LINE('',#9403,#9404);
#9403 = CARTESIAN_POINT('',(10.382599464603,0.));
#9404 = VECTOR('',#9405,1.);
#9405 = DIRECTION('',(0.,-1.));
#9406 = ( GEOMETRIC_REPRESENTATION_CONTEXT(2) 
PARAMETRIC_REPRESENTATION_CONTEXT() REPRESENTATION_CONTEXT('2D SPACE',''
  ) );
#9407 = PCURVE('',#4885,#9408);
#9408 = DEFINITIONAL_REPRESENTATION('',(#9409),#9413);
#9409 = LINE('',#9410,#9411);
#9410 = CARTESIAN_POINT('',(0.,0.));
#9411 = VECTOR('',#9412,1.);
#9412 = DIRECTION('',(0.,1.));
#9413 = ( GEOMETRIC_REPRESENTATION_CONTEXT(2) 
PARAMETRIC_REPRESENTATION_CONTEXT() REPRESENTATION_CONTEXT('2D SPACE',''
  ) );
#9414 = ORIENTED_EDGE('',*,*,#4840,.F.);
#9415 = ADVANCED_FACE('',(#9416),#4885,.T.);
#9416 = FACE_BOUND('',#9417,.T.);
#9417 = EDGE_LOOP('',(#9418,#9419,#9420,#9441));
#9418 = ORIENTED_EDGE('',*,*,#9394,.F.);
#9419 = ORIENTED_EDGE('',*,*,#4868,.T.);
#9420 = ORIENTED_EDGE('',*,*,#9421,.T.);
#9421 = EDGE_CURVE('',#4869,#6268,#9422,.T.);
#9422 = SURFACE_CURVE('',#9423,(#9427,#9434),.PCURVE_S1.);
#9423 = LINE('',#9424,#9425);
#9424 = CARTESIAN_POINT('',(62.787676970046,6.85328893341,4.4));
#9425 = VECTOR('',#9426,1.);
#9426 = DIRECTION('',(0.,0.,1.));
#9427 = PCURVE('',#4885,#9428);
#9428 = DEFINITIONAL_REPRESENTATION('',(#9429),#9433);
#9429 = LINE('',#9430,#9431);
#9430 = CARTESIAN_POINT('',(0.216550304976,0.));
#9431 = VECTOR('',#9432,1.);
#9432 = DIRECTION('',(0.,1.));
#9433 = ( GEOMETRIC_REPRESENTATION_CONTEXT(2) 
PARAMETRIC_REPRESENTATION_CONTEXT() REPRESENTATION_CONTEXT('2D SPACE',''
  ) );
#9434 = PCURVE('',#4913,#9435);
#9435 = DEFINITIONAL_REPRESENTATION('',(#9436),#9440);
#9436 = LINE('',#9437,#9438);
#9437 = CARTESIAN_POINT('',(0.217400535397,0.));
#9438 = VECTOR('',#9439,1.);
#9439 = DIRECTION('',(0.,-1.));
#9440 = ( GEOMETRIC_REPRESENTATION_CONTEXT(2) 
PARAMETRIC_REPRESENTATION_CONTEXT() REPRESENTATION_CONTEXT('2D SPACE',''
  ) );
#9441 = ORIENTED_EDGE('',*,*,#6267,.F.);
#9442 = ADVANCED_FACE('',(#9443),#4913,.F.);
#9443 = FACE_BOUND('',#9444,.F.);
#9444 = EDGE_LOOP('',(#9445,#9446,#9447,#9468));
#9445 = ORIENTED_EDGE('',*,*,#9421,.T.);
#9446 = ORIENTED_EDGE('',*,*,#6345,.T.);
#9447 = ORIENTED_EDGE('',*,*,#9448,.F.);
#9448 = EDGE_CURVE('',#4898,#6346,#9449,.T.);
#9449 = SURFACE_CURVE('',#9450,(#9454,#9461),.PCURVE_S1.);
#9450 = LINE('',#9451,#9452);
#9451 = CARTESIAN_POINT('',(43.212323029954,2.54671106659,4.4));
#9452 = VECTOR('',#9453,1.);
#9453 = DIRECTION('',(0.,0.,1.));
#9454 = PCURVE('',#4913,#9455);
#9455 = DEFINITIONAL_REPRESENTATION('',(#9456),#9460);
#9456 = LINE('',#9457,#9458);
#9457 = CARTESIAN_POINT('',(20.260880642476,0.));
#9458 = VECTOR('',#9459,1.);
#9459 = DIRECTION('',(0.,-1.));
#9460 = ( GEOMETRIC_REPRESENTATION_CONTEXT(2) 
PARAMETRIC_REPRESENTATION_CONTEXT() REPRESENTATION_CONTEXT('2D SPACE',''
  ) );
#9461 = PCURVE('',#4946,#9462);
#9462 = DEFINITIONAL_REPRESENTATION('',(#9463),#9467);
#9463 = LINE('',#9464,#9465);
#9464 = CARTESIAN_POINT('',(-0.,0.));
#9465 = VECTOR('',#9466,1.);
#9466 = DIRECTION('',(-0.,1.));
#9467 = ( GEOMETRIC_REPRESENTATION_CONTEXT(2) 
PARAMETRIC_REPRESENTATION_CONTEXT() REPRESENTATION_CONTEXT('2D SPACE',''
  ) );
#9468 = ORIENTED_EDGE('',*,*,#4897,.F.);
#9469 = ADVANCED_FACE('',(#9470),#4946,.F.);
#9470 = FACE_BOUND('',#9471,.T.);
#9471 = EDGE_LOOP('',(#9472,#9473,#9474,#9495));
#9472 = ORIENTED_EDGE('',*,*,#9448,.F.);
#9473 = ORIENTED_EDGE('',*,*,#4925,.T.);
#9474 = ORIENTED_EDGE('',*,*,#9475,.T.);
#9475 = EDGE_CURVE('',#4926,#6422,#9476,.T.);
#9476 = SURFACE_CURVE('',#9477,(#9481,#9488),.PCURVE_S1.);
#9477 = LINE('',#9478,#9479);
#9478 = CARTESIAN_POINT('',(42.782599464603,2.5,4.4));
#9479 = VECTOR('',#9480,1.);
#9480 = DIRECTION('',(0.,0.,1.));
#9481 = PCURVE('',#4946,#9482);
#9482 = DEFINITIONAL_REPRESENTATION('',(#9483),#9487);
#9483 = LINE('',#9484,#9485);
#9484 = CARTESIAN_POINT('',(-0.216550304976,0.));
#9485 = VECTOR('',#9486,1.);
#9486 = DIRECTION('',(-0.,1.));
#9487 = ( GEOMETRIC_REPRESENTATION_CONTEXT(2) 
PARAMETRIC_REPRESENTATION_CONTEXT() REPRESENTATION_CONTEXT('2D SPACE',''
  ) );
#9488 = PCURVE('',#4974,#9489);
#9489 = DEFINITIONAL_REPRESENTATION('',(#9490),#9494);
#9490 = LINE('',#9491,#9492);
#9491 = CARTESIAN_POINT('',(0.217400535397,0.));
#9492 = VECTOR('',#9493,1.);
#9493 = DIRECTION('',(0.,-1.));
#9494 = ( GEOMETRIC_REPRESENTATION_CONTEXT(2) 
PARAMETRIC_REPRESENTATION_CONTEXT() REPRESENTATION_CONTEXT('2D SPACE',''
  ) );
#9495 = ORIENTED_EDGE('',*,*,#6421,.F.);
#9496 = ADVANCED_FACE('',(#9497),#4974,.F.);
#9497 = FACE_BOUND('',#9498,.F.);
#9498 = EDGE_LOOP('',(#9499,#9500,#9501,#9524,#9543));
#9499 = ORIENTED_EDGE('',*,*,#9475,.T.);
#9500 = ORIENTED_EDGE('',*,*,#6503,.T.);
#9501 = ORIENTED_EDGE('',*,*,#9502,.F.);
#9502 = EDGE_CURVE('',#9503,#6504,#9505,.T.);
#9503 = VERTEX_POINT('',#9504);
#9504 = CARTESIAN_POINT('',(-0.5,2.5,4.493548387097));
#9505 = SURFACE_CURVE('',#9506,(#9510,#9517),.PCURVE_S1.);
#9506 = LINE('',#9507,#9508);
#9507 = CARTESIAN_POINT('',(-0.5,2.5,4.4));
#9508 = VECTOR('',#9509,1.);
#9509 = DIRECTION('',(0.,0.,1.));
#9510 = PCURVE('',#4974,#9511);
#9511 = DEFINITIONAL_REPRESENTATION('',(#9512),#9516);
#9512 = LINE('',#9513,#9514);
#9513 = CARTESIAN_POINT('',(43.5,0.));
#9514 = VECTOR('',#9515,1.);
#9515 = DIRECTION('',(0.,-1.));
#9516 = ( GEOMETRIC_REPRESENTATION_CONTEXT(2) 
PARAMETRIC_REPRESENTATION_CONTEXT() REPRESENTATION_CONTEXT('2D SPACE',''
  ) );
#9517 = PCURVE('',#333,#9518);
#9518 = DEFINITIONAL_REPRESENTATION('',(#9519),#9523);
#9519 = LINE('',#9520,#9521);
#9520 = CARTESIAN_POINT('',(0.,0.));
#9521 = VECTOR('',#9522,1.);
#9522 = DIRECTION('',(0.,1.));
#9523 = ( GEOMETRIC_REPRESENTATION_CONTEXT(2) 
PARAMETRIC_REPRESENTATION_CONTEXT() REPRESENTATION_CONTEXT('2D SPACE',''
  ) );
#9524 = ORIENTED_EDGE('',*,*,#9525,.T.);
#9525 = EDGE_CURVE('',#9503,#4959,#9526,.T.);
#9526 = SURFACE_CURVE('',#9527,(#9531,#9537),.PCURVE_S1.);
#9527 = LINE('',#9528,#9529);
#9528 = CARTESIAN_POINT('',(19.513713477851,2.5,-1.962488218662));
#9529 = VECTOR('',#9530,1.);
#9530 = DIRECTION('',(0.951708617761,0.,-0.307002779923));
#9531 = PCURVE('',#4974,#9532);
#9532 = DEFINITIONAL_REPRESENTATION('',(#9533),#9536);
#9533 = B_SPLINE_CURVE_WITH_KNOTS('',1,(#9534,#9535),.UNSPECIFIED.,.F.,
  .F.,(2,2),(-21.02924477551,-20.72452966146),.PIECEWISE_BEZIER_KNOTS.);
#9534 = CARTESIAN_POINT('',(43.5,-9.354838709677E-02));
#9535 = CARTESIAN_POINT('',(43.21,-8.881784197001E-16));
#9536 = ( GEOMETRIC_REPRESENTATION_CONTEXT(2) 
PARAMETRIC_REPRESENTATION_CONTEXT() REPRESENTATION_CONTEXT('2D SPACE',''
  ) );
#9537 = PCURVE('',#305,#9538);
#9538 = DEFINITIONAL_REPRESENTATION('',(#9539),#9542);
#9539 = B_SPLINE_CURVE_WITH_KNOTS('',1,(#9540,#9541),.UNSPECIFIED.,.F.,
  .F.,(2,2),(-21.02924477551,-20.72452966146),.PIECEWISE_BEZIER_KNOTS.);
#9540 = CARTESIAN_POINT('',(0.630445063545,-7.5));
#9541 = CARTESIAN_POINT('',(0.325729949498,-7.5));
#9542 = ( GEOMETRIC_REPRESENTATION_CONTEXT(2) 
PARAMETRIC_REPRESENTATION_CONTEXT() REPRESENTATION_CONTEXT('2D SPACE',''
  ) );
#9543 = ORIENTED_EDGE('',*,*,#4958,.F.);
#9544 = ADVANCED_FACE('',(#9545),#5022,.F.);
#9545 = FACE_BOUND('',#9546,.F.);
#9546 = EDGE_LOOP('',(#9547,#9572,#9591,#9592,#9613));
#9547 = ORIENTED_EDGE('',*,*,#9548,.T.);
#9548 = EDGE_CURVE('',#9549,#9551,#9553,.T.);
#9549 = VERTEX_POINT('',#9550);
#9550 = CARTESIAN_POINT('',(-0.6,0.7,6.6));
#9551 = VERTEX_POINT('',#9552);
#9552 = CARTESIAN_POINT('',(11.,0.7,6.6));
#9553 = SURFACE_CURVE('',#9554,(#9558,#9565),.PCURVE_S1.);
#9554 = LINE('',#9555,#9556);
#9555 = CARTESIAN_POINT('',(-0.6,0.7,6.6));
#9556 = VECTOR('',#9557,1.);
#9557 = DIRECTION('',(1.,0.,0.));
#9558 = PCURVE('',#5022,#9559);
#9559 = DEFINITIONAL_REPRESENTATION('',(#9560),#9564);
#9560 = LINE('',#9561,#9562);
#9561 = CARTESIAN_POINT('',(10.6,0.));
#9562 = VECTOR('',#9563,1.);
#9563 = DIRECTION('',(0.,1.));
#9564 = ( GEOMETRIC_REPRESENTATION_CONTEXT(2) 
PARAMETRIC_REPRESENTATION_CONTEXT() REPRESENTATION_CONTEXT('2D SPACE',''
  ) );
#9565 = PCURVE('',#2335,#9566);
#9566 = DEFINITIONAL_REPRESENTATION('',(#9567),#9571);
#9567 = LINE('',#9568,#9569);
#9568 = CARTESIAN_POINT('',(0.,22.55));
#9569 = VECTOR('',#9570,1.);
#9570 = DIRECTION('',(1.,0.));
#9571 = ( GEOMETRIC_REPRESENTATION_CONTEXT(2) 
PARAMETRIC_REPRESENTATION_CONTEXT() REPRESENTATION_CONTEXT('2D SPACE',''
  ) );
#9572 = ORIENTED_EDGE('',*,*,#9573,.T.);
#9573 = EDGE_CURVE('',#9551,#5008,#9574,.T.);
#9574 = SURFACE_CURVE('',#9575,(#9579,#9585),.PCURVE_S1.);
#9575 = LINE('',#9576,#9577);
#9576 = CARTESIAN_POINT('',(11.,0.7,-1.1));
#9577 = VECTOR('',#9578,1.);
#9578 = DIRECTION('',(0.,0.,-1.));
#9579 = PCURVE('',#5022,#9580);
#9580 = DEFINITIONAL_REPRESENTATION('',(#9581),#9584);
#9581 = B_SPLINE_CURVE_WITH_KNOTS('',1,(#9582,#9583),.UNSPECIFIED.,.F.,
  .F.,(2,2),(-7.7,-5.5),.PIECEWISE_BEZIER_KNOTS.);
#9582 = CARTESIAN_POINT('',(10.6,11.6));
#9583 = CARTESIAN_POINT('',(8.4,11.6));
#9584 = ( GEOMETRIC_REPRESENTATION_CONTEXT(2) 
PARAMETRIC_REPRESENTATION_CONTEXT() REPRESENTATION_CONTEXT('2D SPACE',''
  ) );
#9585 = PCURVE('',#5048,#9586);
#9586 = DEFINITIONAL_REPRESENTATION('',(#9587),#9590);
#9587 = B_SPLINE_CURVE_WITH_KNOTS('',1,(#9588,#9589),.UNSPECIFIED.,.F.,
  .F.,(2,2),(-7.7,-5.5),.PIECEWISE_BEZIER_KNOTS.);
#9588 = CARTESIAN_POINT('',(4.8,-1.25));
#9589 = CARTESIAN_POINT('',(2.6,-1.25));
#9590 = ( GEOMETRIC_REPRESENTATION_CONTEXT(2) 
PARAMETRIC_REPRESENTATION_CONTEXT() REPRESENTATION_CONTEXT('2D SPACE',''
  ) );
#9591 = ORIENTED_EDGE('',*,*,#5007,.T.);
#9592 = ORIENTED_EDGE('',*,*,#9593,.T.);
#9593 = EDGE_CURVE('',#4987,#9594,#9596,.T.);
#9594 = VERTEX_POINT('',#9595);
#9595 = CARTESIAN_POINT('',(-0.6,0.7,4.525806451613));
#9596 = SURFACE_CURVE('',#9597,(#9601,#9607),.PCURVE_S1.);
#9597 = LINE('',#9598,#9599);
#9598 = CARTESIAN_POINT('',(0.995523091423,0.7,4.011121583412));
#9599 = VECTOR('',#9600,1.);
#9600 = DIRECTION('',(-0.951708617761,0.,0.307002779923));
#9601 = PCURVE('',#5022,#9602);
#9602 = DEFINITIONAL_REPRESENTATION('',(#9603),#9606);
#9603 = B_SPLINE_CURVE_WITH_KNOTS('',1,(#9604,#9605),.UNSPECIFIED.,.F.,
  .F.,(2,2),(1.266693469961,1.676482761265),.PIECEWISE_BEZIER_KNOTS.);
#9604 = CARTESIAN_POINT('',(8.4,0.39));
#9605 = CARTESIAN_POINT('',(8.525806451613,0.));
#9606 = ( GEOMETRIC_REPRESENTATION_CONTEXT(2) 
PARAMETRIC_REPRESENTATION_CONTEXT() REPRESENTATION_CONTEXT('2D SPACE',''
  ) );
#9607 = PCURVE('',#305,#9608);
#9608 = DEFINITIONAL_REPRESENTATION('',(#9609),#9612);
#9609 = B_SPLINE_CURVE_WITH_KNOTS('',1,(#9610,#9611),.UNSPECIFIED.,.F.,
  .F.,(2,2),(1.266693469961,1.676482761265),.PIECEWISE_BEZIER_KNOTS.);
#9610 = CARTESIAN_POINT('',(0.325729949498,-9.3));
#9611 = CARTESIAN_POINT('',(0.735519240802,-9.3));
#9612 = ( GEOMETRIC_REPRESENTATION_CONTEXT(2) 
PARAMETRIC_REPRESENTATION_CONTEXT() REPRESENTATION_CONTEXT('2D SPACE',''
  ) );
#9613 = ORIENTED_EDGE('',*,*,#9614,.T.);
#9614 = EDGE_CURVE('',#9594,#9549,#9615,.T.);
#9615 = SURFACE_CURVE('',#9616,(#9620,#9627),.PCURVE_S1.);
#9616 = LINE('',#9617,#9618);
#9617 = CARTESIAN_POINT('',(-0.6,0.7,-4.));
#9618 = VECTOR('',#9619,1.);
#9619 = DIRECTION('',(0.,0.,1.));
#9620 = PCURVE('',#5022,#9621);
#9621 = DEFINITIONAL_REPRESENTATION('',(#9622),#9626);
#9622 = LINE('',#9623,#9624);
#9623 = CARTESIAN_POINT('',(0.,0.));
#9624 = VECTOR('',#9625,1.);
#9625 = DIRECTION('',(1.,0.));
#9626 = ( GEOMETRIC_REPRESENTATION_CONTEXT(2) 
PARAMETRIC_REPRESENTATION_CONTEXT() REPRESENTATION_CONTEXT('2D SPACE',''
  ) );
#9627 = PCURVE('',#9628,#9633);
#9628 = PLANE('',#9629);
#9629 = AXIS2_PLACEMENT_3D('',#9630,#9631,#9632);
#9630 = CARTESIAN_POINT('',(-0.6,-21.85,-4.));
#9631 = DIRECTION('',(1.,0.,0.));
#9632 = DIRECTION('',(0.,0.,1.));
#9633 = DEFINITIONAL_REPRESENTATION('',(#9634),#9638);
#9634 = LINE('',#9635,#9636);
#9635 = CARTESIAN_POINT('',(0.,-22.55));
#9636 = VECTOR('',#9637,1.);
#9637 = DIRECTION('',(1.,0.));
#9638 = ( GEOMETRIC_REPRESENTATION_CONTEXT(2) 
PARAMETRIC_REPRESENTATION_CONTEXT() REPRESENTATION_CONTEXT('2D SPACE',''
  ) );
#9639 = ADVANCED_FACE('',(#9640),#9628,.T.);
#9640 = FACE_BOUND('',#9641,.T.);
#9641 = EDGE_LOOP('',(#9642,#9665,#9684,#9685));
#9642 = ORIENTED_EDGE('',*,*,#9643,.F.);
#9643 = EDGE_CURVE('',#9644,#9646,#9648,.T.);
#9644 = VERTEX_POINT('',#9645);
#9645 = CARTESIAN_POINT('',(-0.6,-3.,4.525806451613));
#9646 = VERTEX_POINT('',#9647);
#9647 = CARTESIAN_POINT('',(-0.6,-3.,6.6));
#9648 = SURFACE_CURVE('',#9649,(#9653,#9659),.PCURVE_S1.);
#9649 = LINE('',#9650,#9651);
#9650 = CARTESIAN_POINT('',(-0.6,-3.,0.2));
#9651 = VECTOR('',#9652,1.);
#9652 = DIRECTION('',(0.,0.,1.));
#9653 = PCURVE('',#9628,#9654);
#9654 = DEFINITIONAL_REPRESENTATION('',(#9655),#9658);
#9655 = B_SPLINE_CURVE_WITH_KNOTS('',1,(#9656,#9657),.UNSPECIFIED.,.F.,
  .F.,(2,2),(4.2,6.4),.PIECEWISE_BEZIER_KNOTS.);
#9656 = CARTESIAN_POINT('',(8.4,-18.85));
#9657 = CARTESIAN_POINT('',(10.6,-18.85));
#9658 = ( GEOMETRIC_REPRESENTATION_CONTEXT(2) 
PARAMETRIC_REPRESENTATION_CONTEXT() REPRESENTATION_CONTEXT('2D SPACE',''
  ) );
#9659 = PCURVE('',#1792,#9660);
#9660 = DEFINITIONAL_REPRESENTATION('',(#9661),#9664);
#9661 = B_SPLINE_CURVE_WITH_KNOTS('',1,(#9662,#9663),.UNSPECIFIED.,.F.,
  .F.,(2,2),(4.2,6.4),.PIECEWISE_BEZIER_KNOTS.);
#9662 = CARTESIAN_POINT('',(0.,1.9));
#9663 = CARTESIAN_POINT('',(2.2,1.9));
#9664 = ( GEOMETRIC_REPRESENTATION_CONTEXT(2) 
PARAMETRIC_REPRESENTATION_CONTEXT() REPRESENTATION_CONTEXT('2D SPACE',''
  ) );
#9665 = ORIENTED_EDGE('',*,*,#9666,.T.);
#9666 = EDGE_CURVE('',#9644,#9594,#9667,.T.);
#9667 = SURFACE_CURVE('',#9668,(#9672,#9678),.PCURVE_S1.);
#9668 = LINE('',#9669,#9670);
#9669 = CARTESIAN_POINT('',(-0.6,-5.925,4.525806451613));
#9670 = VECTOR('',#9671,1.);
#9671 = DIRECTION('',(0.,1.,0.));
#9672 = PCURVE('',#9628,#9673);
#9673 = DEFINITIONAL_REPRESENTATION('',(#9674),#9677);
#9674 = B_SPLINE_CURVE_WITH_KNOTS('',1,(#9675,#9676),.UNSPECIFIED.,.F.,
  .F.,(2,2),(2.925,6.625),.PIECEWISE_BEZIER_KNOTS.);
#9675 = CARTESIAN_POINT('',(8.525806451613,-18.85));
#9676 = CARTESIAN_POINT('',(8.525806451613,-22.55));
#9677 = ( GEOMETRIC_REPRESENTATION_CONTEXT(2) 
PARAMETRIC_REPRESENTATION_CONTEXT() REPRESENTATION_CONTEXT('2D SPACE',''
  ) );
#9678 = PCURVE('',#305,#9679);
#9679 = DEFINITIONAL_REPRESENTATION('',(#9680),#9683);
#9680 = B_SPLINE_CURVE_WITH_KNOTS('',1,(#9681,#9682),.UNSPECIFIED.,.F.,
  .F.,(2,2),(2.925,6.625),.PIECEWISE_BEZIER_KNOTS.);
#9681 = CARTESIAN_POINT('',(0.735519240802,-13.));
#9682 = CARTESIAN_POINT('',(0.735519240802,-9.3));
#9683 = ( GEOMETRIC_REPRESENTATION_CONTEXT(2) 
PARAMETRIC_REPRESENTATION_CONTEXT() REPRESENTATION_CONTEXT('2D SPACE',''
  ) );
#9684 = ORIENTED_EDGE('',*,*,#9614,.T.);
#9685 = ORIENTED_EDGE('',*,*,#9686,.F.);
#9686 = EDGE_CURVE('',#9646,#9549,#9687,.T.);
#9687 = SURFACE_CURVE('',#9688,(#9692,#9699),.PCURVE_S1.);
#9688 = LINE('',#9689,#9690);
#9689 = CARTESIAN_POINT('',(-0.6,-21.85,6.6));
#9690 = VECTOR('',#9691,1.);
#9691 = DIRECTION('',(0.,1.,0.));
#9692 = PCURVE('',#9628,#9693);
#9693 = DEFINITIONAL_REPRESENTATION('',(#9694),#9698);
#9694 = LINE('',#9695,#9696);
#9695 = CARTESIAN_POINT('',(10.6,0.));
#9696 = VECTOR('',#9697,1.);
#9697 = DIRECTION('',(0.,-1.));
#9698 = ( GEOMETRIC_REPRESENTATION_CONTEXT(2) 
PARAMETRIC_REPRESENTATION_CONTEXT() REPRESENTATION_CONTEXT('2D SPACE',''
  ) );
#9699 = PCURVE('',#2335,#9700);
#9700 = DEFINITIONAL_REPRESENTATION('',(#9701),#9705);
#9701 = LINE('',#9702,#9703);
#9702 = CARTESIAN_POINT('',(0.,0.));
#9703 = VECTOR('',#9704,1.);
#9704 = DIRECTION('',(0.,1.));
#9705 = ( GEOMETRIC_REPRESENTATION_CONTEXT(2) 
PARAMETRIC_REPRESENTATION_CONTEXT() REPRESENTATION_CONTEXT('2D SPACE',''
  ) );
#9706 = ADVANCED_FACE('',(#9707),#5048,.F.);
#9707 = FACE_BOUND('',#9708,.F.);
#9708 = EDGE_LOOP('',(#9709,#9739,#9767,#9788,#9789,#9790));
#9709 = ORIENTED_EDGE('',*,*,#9710,.F.);
#9710 = EDGE_CURVE('',#9711,#9713,#9715,.T.);
#9711 = VERTEX_POINT('',#9712);
#9712 = CARTESIAN_POINT('',(11.,-0.55,1.8));
#9713 = VERTEX_POINT('',#9714);
#9714 = CARTESIAN_POINT('',(11.,-0.55,6.6));
#9715 = SURFACE_CURVE('',#9716,(#9720,#9727),.PCURVE_S1.);
#9716 = LINE('',#9717,#9718);
#9717 = CARTESIAN_POINT('',(11.,-0.55,1.8));
#9718 = VECTOR('',#9719,1.);
#9719 = DIRECTION('',(0.,0.,1.));
#9720 = PCURVE('',#5048,#9721);
#9721 = DEFINITIONAL_REPRESENTATION('',(#9722),#9726);
#9722 = LINE('',#9723,#9724);
#9723 = CARTESIAN_POINT('',(0.,0.));
#9724 = VECTOR('',#9725,1.);
#9725 = DIRECTION('',(1.,0.));
#9726 = ( GEOMETRIC_REPRESENTATION_CONTEXT(2) 
PARAMETRIC_REPRESENTATION_CONTEXT() REPRESENTATION_CONTEXT('2D SPACE',''
  ) );
#9727 = PCURVE('',#9728,#9733);
#9728 = PLANE('',#9729);
#9729 = AXIS2_PLACEMENT_3D('',#9730,#9731,#9732);
#9730 = CARTESIAN_POINT('',(11.,-0.55,1.8));
#9731 = DIRECTION('',(0.,1.,0.));
#9732 = DIRECTION('',(0.,0.,1.));
#9733 = DEFINITIONAL_REPRESENTATION('',(#9734),#9738);
#9734 = LINE('',#9735,#9736);
#9735 = CARTESIAN_POINT('',(0.,0.));
#9736 = VECTOR('',#9737,1.);
#9737 = DIRECTION('',(1.,0.));
#9738 = ( GEOMETRIC_REPRESENTATION_CONTEXT(2) 
PARAMETRIC_REPRESENTATION_CONTEXT() REPRESENTATION_CONTEXT('2D SPACE',''
  ) );
#9739 = ORIENTED_EDGE('',*,*,#9740,.T.);
#9740 = EDGE_CURVE('',#9711,#9741,#9743,.T.);
#9741 = VERTEX_POINT('',#9742);
#9742 = CARTESIAN_POINT('',(11.,1.15,1.8));
#9743 = SURFACE_CURVE('',#9744,(#9748,#9755),.PCURVE_S1.);
#9744 = LINE('',#9745,#9746);
#9745 = CARTESIAN_POINT('',(11.,-0.55,1.8));
#9746 = VECTOR('',#9747,1.);
#9747 = DIRECTION('',(0.,1.,0.));
#9748 = PCURVE('',#5048,#9749);
#9749 = DEFINITIONAL_REPRESENTATION('',(#9750),#9754);
#9750 = LINE('',#9751,#9752);
#9751 = CARTESIAN_POINT('',(0.,0.));
#9752 = VECTOR('',#9753,1.);
#9753 = DIRECTION('',(0.,-1.));
#9754 = ( GEOMETRIC_REPRESENTATION_CONTEXT(2) 
PARAMETRIC_REPRESENTATION_CONTEXT() REPRESENTATION_CONTEXT('2D SPACE',''
  ) );
#9755 = PCURVE('',#9756,#9761);
#9756 = PLANE('',#9757);
#9757 = AXIS2_PLACEMENT_3D('',#9758,#9759,#9760);
#9758 = CARTESIAN_POINT('',(11.,-0.55,1.8));
#9759 = DIRECTION('',(0.,0.,1.));
#9760 = DIRECTION('',(1.,0.,0.));
#9761 = DEFINITIONAL_REPRESENTATION('',(#9762),#9766);
#9762 = LINE('',#9763,#9764);
#9763 = CARTESIAN_POINT('',(0.,0.));
#9764 = VECTOR('',#9765,1.);
#9765 = DIRECTION('',(0.,1.));
#9766 = ( GEOMETRIC_REPRESENTATION_CONTEXT(2) 
PARAMETRIC_REPRESENTATION_CONTEXT() REPRESENTATION_CONTEXT('2D SPACE',''
  ) );
#9767 = ORIENTED_EDGE('',*,*,#9768,.T.);
#9768 = EDGE_CURVE('',#9741,#5034,#9769,.T.);
#9769 = SURFACE_CURVE('',#9770,(#9774,#9781),.PCURVE_S1.);
#9770 = LINE('',#9771,#9772);
#9771 = CARTESIAN_POINT('',(11.,1.15,1.8));
#9772 = VECTOR('',#9773,1.);
#9773 = DIRECTION('',(0.,0.,1.));
#9774 = PCURVE('',#5048,#9775);
#9775 = DEFINITIONAL_REPRESENTATION('',(#9776),#9780);
#9776 = LINE('',#9777,#9778);
#9777 = CARTESIAN_POINT('',(0.,-1.7));
#9778 = VECTOR('',#9779,1.);
#9779 = DIRECTION('',(1.,0.));
#9780 = ( GEOMETRIC_REPRESENTATION_CONTEXT(2) 
PARAMETRIC_REPRESENTATION_CONTEXT() REPRESENTATION_CONTEXT('2D SPACE',''
  ) );
#9781 = PCURVE('',#5074,#9782);
#9782 = DEFINITIONAL_REPRESENTATION('',(#9783),#9787);
#9783 = LINE('',#9784,#9785);
#9784 = CARTESIAN_POINT('',(0.,0.));
#9785 = VECTOR('',#9786,1.);
#9786 = DIRECTION('',(1.,0.));
#9787 = ( GEOMETRIC_REPRESENTATION_CONTEXT(2) 
PARAMETRIC_REPRESENTATION_CONTEXT() REPRESENTATION_CONTEXT('2D SPACE',''
  ) );
#9788 = ORIENTED_EDGE('',*,*,#5033,.F.);
#9789 = ORIENTED_EDGE('',*,*,#9573,.F.);
#9790 = ORIENTED_EDGE('',*,*,#9791,.F.);
#9791 = EDGE_CURVE('',#9713,#9551,#9792,.T.);
#9792 = SURFACE_CURVE('',#9793,(#9797,#9803),.PCURVE_S1.);
#9793 = LINE('',#9794,#9795);
#9794 = CARTESIAN_POINT('',(11.,-11.2,6.6));
#9795 = VECTOR('',#9796,1.);
#9796 = DIRECTION('',(0.,1.,0.));
#9797 = PCURVE('',#5048,#9798);
#9798 = DEFINITIONAL_REPRESENTATION('',(#9799),#9802);
#9799 = B_SPLINE_CURVE_WITH_KNOTS('',1,(#9800,#9801),.UNSPECIFIED.,.F.,
  .F.,(2,2),(10.65,11.9),.PIECEWISE_BEZIER_KNOTS.);
#9800 = CARTESIAN_POINT('',(4.8,0.));
#9801 = CARTESIAN_POINT('',(4.8,-1.25));
#9802 = ( GEOMETRIC_REPRESENTATION_CONTEXT(2) 
PARAMETRIC_REPRESENTATION_CONTEXT() REPRESENTATION_CONTEXT('2D SPACE',''
  ) );
#9803 = PCURVE('',#2335,#9804);
#9804 = DEFINITIONAL_REPRESENTATION('',(#9805),#9809);
#9805 = LINE('',#9806,#9807);
#9806 = CARTESIAN_POINT('',(11.6,10.65));
#9807 = VECTOR('',#9808,1.);
#9808 = DIRECTION('',(0.,1.));
#9809 = ( GEOMETRIC_REPRESENTATION_CONTEXT(2) 
PARAMETRIC_REPRESENTATION_CONTEXT() REPRESENTATION_CONTEXT('2D SPACE',''
  ) );
#9810 = ADVANCED_FACE('',(#9811),#9756,.F.);
#9811 = FACE_BOUND('',#9812,.F.);
#9812 = EDGE_LOOP('',(#9813,#9814,#9837,#9860));
#9813 = ORIENTED_EDGE('',*,*,#9740,.F.);
#9814 = ORIENTED_EDGE('',*,*,#9815,.T.);
#9815 = EDGE_CURVE('',#9711,#9816,#9818,.T.);
#9816 = VERTEX_POINT('',#9817);
#9817 = CARTESIAN_POINT('',(13.,-0.55,1.8));
#9818 = SURFACE_CURVE('',#9819,(#9823,#9830),.PCURVE_S1.);
#9819 = LINE('',#9820,#9821);
#9820 = CARTESIAN_POINT('',(11.,-0.55,1.8));
#9821 = VECTOR('',#9822,1.);
#9822 = DIRECTION('',(1.,0.,0.));
#9823 = PCURVE('',#9756,#9824);
#9824 = DEFINITIONAL_REPRESENTATION('',(#9825),#9829);
#9825 = LINE('',#9826,#9827);
#9826 = CARTESIAN_POINT('',(0.,0.));
#9827 = VECTOR('',#9828,1.);
#9828 = DIRECTION('',(1.,0.));
#9829 = ( GEOMETRIC_REPRESENTATION_CONTEXT(2) 
PARAMETRIC_REPRESENTATION_CONTEXT() REPRESENTATION_CONTEXT('2D SPACE',''
  ) );
#9830 = PCURVE('',#9728,#9831);
#9831 = DEFINITIONAL_REPRESENTATION('',(#9832),#9836);
#9832 = LINE('',#9833,#9834);
#9833 = CARTESIAN_POINT('',(0.,0.));
#9834 = VECTOR('',#9835,1.);
#9835 = DIRECTION('',(0.,1.));
#9836 = ( GEOMETRIC_REPRESENTATION_CONTEXT(2) 
PARAMETRIC_REPRESENTATION_CONTEXT() REPRESENTATION_CONTEXT('2D SPACE',''
  ) );
#9837 = ORIENTED_EDGE('',*,*,#9838,.T.);
#9838 = EDGE_CURVE('',#9816,#9839,#9841,.T.);
#9839 = VERTEX_POINT('',#9840);
#9840 = CARTESIAN_POINT('',(13.,1.15,1.8));
#9841 = SURFACE_CURVE('',#9842,(#9846,#9853),.PCURVE_S1.);
#9842 = LINE('',#9843,#9844);
#9843 = CARTESIAN_POINT('',(13.,-0.55,1.8));
#9844 = VECTOR('',#9845,1.);
#9845 = DIRECTION('',(0.,1.,0.));
#9846 = PCURVE('',#9756,#9847);
#9847 = DEFINITIONAL_REPRESENTATION('',(#9848),#9852);
#9848 = LINE('',#9849,#9850);
#9849 = CARTESIAN_POINT('',(2.,0.));
#9850 = VECTOR('',#9851,1.);
#9851 = DIRECTION('',(0.,1.));
#9852 = ( GEOMETRIC_REPRESENTATION_CONTEXT(2) 
PARAMETRIC_REPRESENTATION_CONTEXT() REPRESENTATION_CONTEXT('2D SPACE',''
  ) );
#9853 = PCURVE('',#5100,#9854);
#9854 = DEFINITIONAL_REPRESENTATION('',(#9855),#9859);
#9855 = LINE('',#9856,#9857);
#9856 = CARTESIAN_POINT('',(0.,0.));
#9857 = VECTOR('',#9858,1.);
#9858 = DIRECTION('',(0.,-1.));
#9859 = ( GEOMETRIC_REPRESENTATION_CONTEXT(2) 
PARAMETRIC_REPRESENTATION_CONTEXT() REPRESENTATION_CONTEXT('2D SPACE',''
  ) );
#9860 = ORIENTED_EDGE('',*,*,#9861,.F.);
#9861 = EDGE_CURVE('',#9741,#9839,#9862,.T.);
#9862 = SURFACE_CURVE('',#9863,(#9867,#9874),.PCURVE_S1.);
#9863 = LINE('',#9864,#9865);
#9864 = CARTESIAN_POINT('',(11.,1.15,1.8));
#9865 = VECTOR('',#9866,1.);
#9866 = DIRECTION('',(1.,0.,0.));
#9867 = PCURVE('',#9756,#9868);
#9868 = DEFINITIONAL_REPRESENTATION('',(#9869),#9873);
#9869 = LINE('',#9870,#9871);
#9870 = CARTESIAN_POINT('',(0.,1.7));
#9871 = VECTOR('',#9872,1.);
#9872 = DIRECTION('',(1.,0.));
#9873 = ( GEOMETRIC_REPRESENTATION_CONTEXT(2) 
PARAMETRIC_REPRESENTATION_CONTEXT() REPRESENTATION_CONTEXT('2D SPACE',''
  ) );
#9874 = PCURVE('',#5074,#9875);
#9875 = DEFINITIONAL_REPRESENTATION('',(#9876),#9880);
#9876 = LINE('',#9877,#9878);
#9877 = CARTESIAN_POINT('',(0.,0.));
#9878 = VECTOR('',#9879,1.);
#9879 = DIRECTION('',(0.,1.));
#9880 = ( GEOMETRIC_REPRESENTATION_CONTEXT(2) 
PARAMETRIC_REPRESENTATION_CONTEXT() REPRESENTATION_CONTEXT('2D SPACE',''
  ) );
#9881 = ADVANCED_FACE('',(#9882),#9728,.F.);
#9882 = FACE_BOUND('',#9883,.F.);
#9883 = EDGE_LOOP('',(#9884,#9907,#9908,#9909));
#9884 = ORIENTED_EDGE('',*,*,#9885,.F.);
#9885 = EDGE_CURVE('',#9816,#9886,#9888,.T.);
#9886 = VERTEX_POINT('',#9887);
#9887 = CARTESIAN_POINT('',(13.,-0.55,6.6));
#9888 = SURFACE_CURVE('',#9889,(#9893,#9900),.PCURVE_S1.);
#9889 = LINE('',#9890,#9891);
#9890 = CARTESIAN_POINT('',(13.,-0.55,1.8));
#9891 = VECTOR('',#9892,1.);
#9892 = DIRECTION('',(0.,0.,1.));
#9893 = PCURVE('',#9728,#9894);
#9894 = DEFINITIONAL_REPRESENTATION('',(#9895),#9899);
#9895 = LINE('',#9896,#9897);
#9896 = CARTESIAN_POINT('',(0.,2.));
#9897 = VECTOR('',#9898,1.);
#9898 = DIRECTION('',(1.,0.));
#9899 = ( GEOMETRIC_REPRESENTATION_CONTEXT(2) 
PARAMETRIC_REPRESENTATION_CONTEXT() REPRESENTATION_CONTEXT('2D SPACE',''
  ) );
#9900 = PCURVE('',#5100,#9901);
#9901 = DEFINITIONAL_REPRESENTATION('',(#9902),#9906);
#9902 = LINE('',#9903,#9904);
#9903 = CARTESIAN_POINT('',(0.,0.));
#9904 = VECTOR('',#9905,1.);
#9905 = DIRECTION('',(1.,0.));
#9906 = ( GEOMETRIC_REPRESENTATION_CONTEXT(2) 
PARAMETRIC_REPRESENTATION_CONTEXT() REPRESENTATION_CONTEXT('2D SPACE',''
  ) );
#9907 = ORIENTED_EDGE('',*,*,#9815,.F.);
#9908 = ORIENTED_EDGE('',*,*,#9710,.T.);
#9909 = ORIENTED_EDGE('',*,*,#9910,.F.);
#9910 = EDGE_CURVE('',#9886,#9713,#9911,.T.);
#9911 = SURFACE_CURVE('',#9912,(#9916,#9922),.PCURVE_S1.);
#9912 = LINE('',#9913,#9914);
#9913 = CARTESIAN_POINT('',(5.2,-0.55,6.6));
#9914 = VECTOR('',#9915,1.);
#9915 = DIRECTION('',(-1.,0.,0.));
#9916 = PCURVE('',#9728,#9917);
#9917 = DEFINITIONAL_REPRESENTATION('',(#9918),#9921);
#9918 = B_SPLINE_CURVE_WITH_KNOTS('',1,(#9919,#9920),.UNSPECIFIED.,.F.,
  .F.,(2,2),(-7.8,-5.8),.PIECEWISE_BEZIER_KNOTS.);
#9919 = CARTESIAN_POINT('',(4.8,2.));
#9920 = CARTESIAN_POINT('',(4.8,0.));
#9921 = ( GEOMETRIC_REPRESENTATION_CONTEXT(2) 
PARAMETRIC_REPRESENTATION_CONTEXT() REPRESENTATION_CONTEXT('2D SPACE',''
  ) );
#9922 = PCURVE('',#2335,#9923);
#9923 = DEFINITIONAL_REPRESENTATION('',(#9924),#9928);
#9924 = LINE('',#9925,#9926);
#9925 = CARTESIAN_POINT('',(5.8,21.3));
#9926 = VECTOR('',#9927,1.);
#9927 = DIRECTION('',(-1.,0.));
#9928 = ( GEOMETRIC_REPRESENTATION_CONTEXT(2) 
PARAMETRIC_REPRESENTATION_CONTEXT() REPRESENTATION_CONTEXT('2D SPACE',''
  ) );
#9929 = ADVANCED_FACE('',(#9930),#5074,.T.);
#9930 = FACE_BOUND('',#9931,.T.);
#9931 = EDGE_LOOP('',(#9932,#9953,#9954,#9955));
#9932 = ORIENTED_EDGE('',*,*,#9933,.F.);
#9933 = EDGE_CURVE('',#9839,#5060,#9934,.T.);
#9934 = SURFACE_CURVE('',#9935,(#9939,#9946),.PCURVE_S1.);
#9935 = LINE('',#9936,#9937);
#9936 = CARTESIAN_POINT('',(13.,1.15,1.8));
#9937 = VECTOR('',#9938,1.);
#9938 = DIRECTION('',(0.,0.,1.));
#9939 = PCURVE('',#5074,#9940);
#9940 = DEFINITIONAL_REPRESENTATION('',(#9941),#9945);
#9941 = LINE('',#9942,#9943);
#9942 = CARTESIAN_POINT('',(0.,2.));
#9943 = VECTOR('',#9944,1.);
#9944 = DIRECTION('',(1.,0.));
#9945 = ( GEOMETRIC_REPRESENTATION_CONTEXT(2) 
PARAMETRIC_REPRESENTATION_CONTEXT() REPRESENTATION_CONTEXT('2D SPACE',''
  ) );
#9946 = PCURVE('',#5100,#9947);
#9947 = DEFINITIONAL_REPRESENTATION('',(#9948),#9952);
#9948 = LINE('',#9949,#9950);
#9949 = CARTESIAN_POINT('',(0.,-1.7));
#9950 = VECTOR('',#9951,1.);
#9951 = DIRECTION('',(1.,0.));
#9952 = ( GEOMETRIC_REPRESENTATION_CONTEXT(2) 
PARAMETRIC_REPRESENTATION_CONTEXT() REPRESENTATION_CONTEXT('2D SPACE',''
  ) );
#9953 = ORIENTED_EDGE('',*,*,#9861,.F.);
#9954 = ORIENTED_EDGE('',*,*,#9768,.T.);
#9955 = ORIENTED_EDGE('',*,*,#5059,.F.);
#9956 = ADVANCED_FACE('',(#9957),#5100,.T.);
#9957 = FACE_BOUND('',#9958,.T.);
#9958 = EDGE_LOOP('',(#9959,#9960,#9961,#9962,#9963,#9984));
#9959 = ORIENTED_EDGE('',*,*,#9885,.F.);
#9960 = ORIENTED_EDGE('',*,*,#9838,.T.);
#9961 = ORIENTED_EDGE('',*,*,#9933,.T.);
#9962 = ORIENTED_EDGE('',*,*,#5085,.F.);
#9963 = ORIENTED_EDGE('',*,*,#9964,.F.);
#9964 = EDGE_CURVE('',#9965,#5086,#9967,.T.);
#9965 = VERTEX_POINT('',#9966);
#9966 = CARTESIAN_POINT('',(13.,0.7,6.6));
#9967 = SURFACE_CURVE('',#9968,(#9972,#9978),.PCURVE_S1.);
#9968 = LINE('',#9969,#9970);
#9969 = CARTESIAN_POINT('',(13.,0.7,-1.1));
#9970 = VECTOR('',#9971,1.);
#9971 = DIRECTION('',(0.,0.,-1.));
#9972 = PCURVE('',#5100,#9973);
#9973 = DEFINITIONAL_REPRESENTATION('',(#9974),#9977);
#9974 = B_SPLINE_CURVE_WITH_KNOTS('',1,(#9975,#9976),.UNSPECIFIED.,.F.,
  .F.,(2,2),(-7.7,-5.5),.PIECEWISE_BEZIER_KNOTS.);
#9975 = CARTESIAN_POINT('',(4.8,-1.25));
#9976 = CARTESIAN_POINT('',(2.6,-1.25));
#9977 = ( GEOMETRIC_REPRESENTATION_CONTEXT(2) 
PARAMETRIC_REPRESENTATION_CONTEXT() REPRESENTATION_CONTEXT('2D SPACE',''
  ) );
#9978 = PCURVE('',#5126,#9979);
#9979 = DEFINITIONAL_REPRESENTATION('',(#9980),#9983);
#9980 = B_SPLINE_CURVE_WITH_KNOTS('',1,(#9981,#9982),.UNSPECIFIED.,.F.,
  .F.,(2,2),(-7.7,-5.5),.PIECEWISE_BEZIER_KNOTS.);
#9981 = CARTESIAN_POINT('',(10.6,13.6));
#9982 = CARTESIAN_POINT('',(8.4,13.6));
#9983 = ( GEOMETRIC_REPRESENTATION_CONTEXT(2) 
PARAMETRIC_REPRESENTATION_CONTEXT() REPRESENTATION_CONTEXT('2D SPACE',''
  ) );
#9984 = ORIENTED_EDGE('',*,*,#9985,.F.);
#9985 = EDGE_CURVE('',#9886,#9965,#9986,.T.);
#9986 = SURFACE_CURVE('',#9987,(#9991,#9997),.PCURVE_S1.);
#9987 = LINE('',#9988,#9989);
#9988 = CARTESIAN_POINT('',(13.,-11.2,6.6));
#9989 = VECTOR('',#9990,1.);
#9990 = DIRECTION('',(0.,1.,0.));
#9991 = PCURVE('',#5100,#9992);
#9992 = DEFINITIONAL_REPRESENTATION('',(#9993),#9996);
#9993 = B_SPLINE_CURVE_WITH_KNOTS('',1,(#9994,#9995),.UNSPECIFIED.,.F.,
  .F.,(2,2),(10.65,11.9),.PIECEWISE_BEZIER_KNOTS.);
#9994 = CARTESIAN_POINT('',(4.8,0.));
#9995 = CARTESIAN_POINT('',(4.8,-1.25));
#9996 = ( GEOMETRIC_REPRESENTATION_CONTEXT(2) 
PARAMETRIC_REPRESENTATION_CONTEXT() REPRESENTATION_CONTEXT('2D SPACE',''
  ) );
#9997 = PCURVE('',#2335,#9998);
#9998 = DEFINITIONAL_REPRESENTATION('',(#9999),#10003);
#9999 = LINE('',#10000,#10001);
#10000 = CARTESIAN_POINT('',(13.6,10.65));
#10001 = VECTOR('',#10002,1.);
#10002 = DIRECTION('',(0.,1.));
#10003 = ( GEOMETRIC_REPRESENTATION_CONTEXT(2) 
PARAMETRIC_REPRESENTATION_CONTEXT() REPRESENTATION_CONTEXT('2D SPACE',''
  ) );
#10004 = ADVANCED_FACE('',(#10005),#5152,.T.);
#10005 = FACE_BOUND('',#10006,.T.);
#10006 = EDGE_LOOP('',(#10007,#10037,#10056,#10057));
#10007 = ORIENTED_EDGE('',*,*,#10008,.F.);
#10008 = EDGE_CURVE('',#10009,#10011,#10013,.T.);
#10009 = VERTEX_POINT('',#10010);
#10010 = CARTESIAN_POINT('',(28.7,0.7,5.45));
#10011 = VERTEX_POINT('',#10012);
#10012 = CARTESIAN_POINT('',(28.7,1.7,5.45));
#10013 = SURFACE_CURVE('',#10014,(#10018,#10025),.PCURVE_S1.);
#10014 = LINE('',#10015,#10016);
#10015 = CARTESIAN_POINT('',(28.7,0.55,5.45));
#10016 = VECTOR('',#10017,1.);
#10017 = DIRECTION('',(0.,1.,0.));
#10018 = PCURVE('',#5152,#10019);
#10019 = DEFINITIONAL_REPRESENTATION('',(#10020),#10024);
#10020 = LINE('',#10021,#10022);
#10021 = CARTESIAN_POINT('',(1.15,0.));
#10022 = VECTOR('',#10023,1.);
#10023 = DIRECTION('',(0.,-1.));
#10024 = ( GEOMETRIC_REPRESENTATION_CONTEXT(2) 
PARAMETRIC_REPRESENTATION_CONTEXT() REPRESENTATION_CONTEXT('2D SPACE',''
  ) );
#10025 = PCURVE('',#10026,#10031);
#10026 = PLANE('',#10027);
#10027 = AXIS2_PLACEMENT_3D('',#10028,#10029,#10030);
#10028 = CARTESIAN_POINT('',(28.7,0.55,5.45));
#10029 = DIRECTION('',(0.,0.,1.));
#10030 = DIRECTION('',(1.,0.,0.));
#10031 = DEFINITIONAL_REPRESENTATION('',(#10032),#10036);
#10032 = LINE('',#10033,#10034);
#10033 = CARTESIAN_POINT('',(0.,0.));
#10034 = VECTOR('',#10035,1.);
#10035 = DIRECTION('',(0.,1.));
#10036 = ( GEOMETRIC_REPRESENTATION_CONTEXT(2) 
PARAMETRIC_REPRESENTATION_CONTEXT() REPRESENTATION_CONTEXT('2D SPACE',''
  ) );
#10037 = ORIENTED_EDGE('',*,*,#10038,.T.);
#10038 = EDGE_CURVE('',#10009,#5112,#10039,.T.);
#10039 = SURFACE_CURVE('',#10040,(#10044,#10050),.PCURVE_S1.);
#10040 = LINE('',#10041,#10042);
#10041 = CARTESIAN_POINT('',(28.7,0.7,0.15));
#10042 = VECTOR('',#10043,1.);
#10043 = DIRECTION('',(0.,0.,-1.));
#10044 = PCURVE('',#5152,#10045);
#10045 = DEFINITIONAL_REPRESENTATION('',(#10046),#10049);
#10046 = B_SPLINE_CURVE_WITH_KNOTS('',1,(#10047,#10048),.UNSPECIFIED.,
  .F.,.F.,(2,2),(-5.3,-4.25),.PIECEWISE_BEZIER_KNOTS.);
#10047 = CARTESIAN_POINT('',(1.15,-0.15));
#10048 = CARTESIAN_POINT('',(1.E-01,-0.15));
#10049 = ( GEOMETRIC_REPRESENTATION_CONTEXT(2) 
PARAMETRIC_REPRESENTATION_CONTEXT() REPRESENTATION_CONTEXT('2D SPACE',''
  ) );
#10050 = PCURVE('',#5126,#10051);
#10051 = DEFINITIONAL_REPRESENTATION('',(#10052),#10055);
#10052 = B_SPLINE_CURVE_WITH_KNOTS('',1,(#10053,#10054),.UNSPECIFIED.,
  .F.,.F.,(2,2),(-5.3,-4.25),.PIECEWISE_BEZIER_KNOTS.);
#10053 = CARTESIAN_POINT('',(9.45,29.3));
#10054 = CARTESIAN_POINT('',(8.4,29.3));
#10055 = ( GEOMETRIC_REPRESENTATION_CONTEXT(2) 
PARAMETRIC_REPRESENTATION_CONTEXT() REPRESENTATION_CONTEXT('2D SPACE',''
  ) );
#10056 = ORIENTED_EDGE('',*,*,#5137,.T.);
#10057 = ORIENTED_EDGE('',*,*,#10058,.T.);
#10058 = EDGE_CURVE('',#5138,#10011,#10059,.T.);
#10059 = SURFACE_CURVE('',#10060,(#10064,#10071),.PCURVE_S1.);
#10060 = LINE('',#10061,#10062);
#10061 = CARTESIAN_POINT('',(28.7,1.7,4.3));
#10062 = VECTOR('',#10063,1.);
#10063 = DIRECTION('',(0.,0.,1.));
#10064 = PCURVE('',#5152,#10065);
#10065 = DEFINITIONAL_REPRESENTATION('',(#10066),#10070);
#10066 = LINE('',#10067,#10068);
#10067 = CARTESIAN_POINT('',(0.,-1.15));
#10068 = VECTOR('',#10069,1.);
#10069 = DIRECTION('',(1.,0.));
#10070 = ( GEOMETRIC_REPRESENTATION_CONTEXT(2) 
PARAMETRIC_REPRESENTATION_CONTEXT() REPRESENTATION_CONTEXT('2D SPACE',''
  ) );
#10071 = PCURVE('',#5178,#10072);
#10072 = DEFINITIONAL_REPRESENTATION('',(#10073),#10077);
#10073 = LINE('',#10074,#10075);
#10074 = CARTESIAN_POINT('',(0.,0.));
#10075 = VECTOR('',#10076,1.);
#10076 = DIRECTION('',(1.,0.));
#10077 = ( GEOMETRIC_REPRESENTATION_CONTEXT(2) 
PARAMETRIC_REPRESENTATION_CONTEXT() REPRESENTATION_CONTEXT('2D SPACE',''
  ) );
#10078 = ADVANCED_FACE('',(#10079),#10026,.F.);
#10079 = FACE_BOUND('',#10080,.F.);
#10080 = EDGE_LOOP('',(#10081,#10082,#10103,#10126));
#10081 = ORIENTED_EDGE('',*,*,#10008,.F.);
#10082 = ORIENTED_EDGE('',*,*,#10083,.T.);
#10083 = EDGE_CURVE('',#10009,#10084,#10086,.T.);
#10084 = VERTEX_POINT('',#10085);
#10085 = CARTESIAN_POINT('',(39.3,0.7,5.45));
#10086 = SURFACE_CURVE('',#10087,(#10091,#10097),.PCURVE_S1.);
#10087 = LINE('',#10088,#10089);
#10088 = CARTESIAN_POINT('',(14.05,0.7,5.45));
#10089 = VECTOR('',#10090,1.);
#10090 = DIRECTION('',(1.,0.,0.));
#10091 = PCURVE('',#10026,#10092);
#10092 = DEFINITIONAL_REPRESENTATION('',(#10093),#10096);
#10093 = B_SPLINE_CURVE_WITH_KNOTS('',1,(#10094,#10095),.UNSPECIFIED.,
  .F.,.F.,(2,2),(14.65,25.25),.PIECEWISE_BEZIER_KNOTS.);
#10094 = CARTESIAN_POINT('',(0.,0.15));
#10095 = CARTESIAN_POINT('',(10.6,0.15));
#10096 = ( GEOMETRIC_REPRESENTATION_CONTEXT(2) 
PARAMETRIC_REPRESENTATION_CONTEXT() REPRESENTATION_CONTEXT('2D SPACE',''
  ) );
#10097 = PCURVE('',#5126,#10098);
#10098 = DEFINITIONAL_REPRESENTATION('',(#10099),#10102);
#10099 = B_SPLINE_CURVE_WITH_KNOTS('',1,(#10100,#10101),.UNSPECIFIED.,
  .F.,.F.,(2,2),(14.65,25.25),.PIECEWISE_BEZIER_KNOTS.);
#10100 = CARTESIAN_POINT('',(9.45,29.3));
#10101 = CARTESIAN_POINT('',(9.45,39.9));
#10102 = ( GEOMETRIC_REPRESENTATION_CONTEXT(2) 
PARAMETRIC_REPRESENTATION_CONTEXT() REPRESENTATION_CONTEXT('2D SPACE',''
  ) );
#10103 = ORIENTED_EDGE('',*,*,#10104,.T.);
#10104 = EDGE_CURVE('',#10084,#10105,#10107,.T.);
#10105 = VERTEX_POINT('',#10106);
#10106 = CARTESIAN_POINT('',(39.3,1.7,5.45));
#10107 = SURFACE_CURVE('',#10108,(#10112,#10119),.PCURVE_S1.);
#10108 = LINE('',#10109,#10110);
#10109 = CARTESIAN_POINT('',(39.3,0.55,5.45));
#10110 = VECTOR('',#10111,1.);
#10111 = DIRECTION('',(0.,1.,0.));
#10112 = PCURVE('',#10026,#10113);
#10113 = DEFINITIONAL_REPRESENTATION('',(#10114),#10118);
#10114 = LINE('',#10115,#10116);
#10115 = CARTESIAN_POINT('',(10.6,0.));
#10116 = VECTOR('',#10117,1.);
#10117 = DIRECTION('',(0.,1.));
#10118 = ( GEOMETRIC_REPRESENTATION_CONTEXT(2) 
PARAMETRIC_REPRESENTATION_CONTEXT() REPRESENTATION_CONTEXT('2D SPACE',''
  ) );
#10119 = PCURVE('',#5204,#10120);
#10120 = DEFINITIONAL_REPRESENTATION('',(#10121),#10125);
#10121 = LINE('',#10122,#10123);
#10122 = CARTESIAN_POINT('',(1.15,0.));
#10123 = VECTOR('',#10124,1.);
#10124 = DIRECTION('',(0.,-1.));
#10125 = ( GEOMETRIC_REPRESENTATION_CONTEXT(2) 
PARAMETRIC_REPRESENTATION_CONTEXT() REPRESENTATION_CONTEXT('2D SPACE',''
  ) );
#10126 = ORIENTED_EDGE('',*,*,#10127,.F.);
#10127 = EDGE_CURVE('',#10011,#10105,#10128,.T.);
#10128 = SURFACE_CURVE('',#10129,(#10133,#10140),.PCURVE_S1.);
#10129 = LINE('',#10130,#10131);
#10130 = CARTESIAN_POINT('',(28.7,1.7,5.45));
#10131 = VECTOR('',#10132,1.);
#10132 = DIRECTION('',(1.,0.,0.));
#10133 = PCURVE('',#10026,#10134);
#10134 = DEFINITIONAL_REPRESENTATION('',(#10135),#10139);
#10135 = LINE('',#10136,#10137);
#10136 = CARTESIAN_POINT('',(0.,1.15));
#10137 = VECTOR('',#10138,1.);
#10138 = DIRECTION('',(1.,0.));
#10139 = ( GEOMETRIC_REPRESENTATION_CONTEXT(2) 
PARAMETRIC_REPRESENTATION_CONTEXT() REPRESENTATION_CONTEXT('2D SPACE',''
  ) );
#10140 = PCURVE('',#5178,#10141);
#10141 = DEFINITIONAL_REPRESENTATION('',(#10142),#10146);
#10142 = LINE('',#10143,#10144);
#10143 = CARTESIAN_POINT('',(1.15,0.));
#10144 = VECTOR('',#10145,1.);
#10145 = DIRECTION('',(0.,1.));
#10146 = ( GEOMETRIC_REPRESENTATION_CONTEXT(2) 
PARAMETRIC_REPRESENTATION_CONTEXT() REPRESENTATION_CONTEXT('2D SPACE',''
  ) );
#10147 = ADVANCED_FACE('',(#10148),#5178,.F.);
#10148 = FACE_BOUND('',#10149,.F.);
#10149 = EDGE_LOOP('',(#10150,#10171,#10172,#10173));
#10150 = ORIENTED_EDGE('',*,*,#10151,.F.);
#10151 = EDGE_CURVE('',#5164,#10105,#10152,.T.);
#10152 = SURFACE_CURVE('',#10153,(#10157,#10164),.PCURVE_S1.);
#10153 = LINE('',#10154,#10155);
#10154 = CARTESIAN_POINT('',(39.3,1.7,4.3));
#10155 = VECTOR('',#10156,1.);
#10156 = DIRECTION('',(0.,0.,1.));
#10157 = PCURVE('',#5178,#10158);
#10158 = DEFINITIONAL_REPRESENTATION('',(#10159),#10163);
#10159 = LINE('',#10160,#10161);
#10160 = CARTESIAN_POINT('',(0.,10.6));
#10161 = VECTOR('',#10162,1.);
#10162 = DIRECTION('',(1.,0.));
#10163 = ( GEOMETRIC_REPRESENTATION_CONTEXT(2) 
PARAMETRIC_REPRESENTATION_CONTEXT() REPRESENTATION_CONTEXT('2D SPACE',''
  ) );
#10164 = PCURVE('',#5204,#10165);
#10165 = DEFINITIONAL_REPRESENTATION('',(#10166),#10170);
#10166 = LINE('',#10167,#10168);
#10167 = CARTESIAN_POINT('',(0.,-1.15));
#10168 = VECTOR('',#10169,1.);
#10169 = DIRECTION('',(1.,0.));
#10170 = ( GEOMETRIC_REPRESENTATION_CONTEXT(2) 
PARAMETRIC_REPRESENTATION_CONTEXT() REPRESENTATION_CONTEXT('2D SPACE',''
  ) );
#10171 = ORIENTED_EDGE('',*,*,#5163,.T.);
#10172 = ORIENTED_EDGE('',*,*,#10058,.T.);
#10173 = ORIENTED_EDGE('',*,*,#10127,.T.);
#10174 = ADVANCED_FACE('',(#10175),#5204,.F.);
#10175 = FACE_BOUND('',#10176,.F.);
#10176 = EDGE_LOOP('',(#10177,#10178,#10197,#10198));
#10177 = ORIENTED_EDGE('',*,*,#10104,.F.);
#10178 = ORIENTED_EDGE('',*,*,#10179,.T.);
#10179 = EDGE_CURVE('',#10084,#5190,#10180,.T.);
#10180 = SURFACE_CURVE('',#10181,(#10185,#10191),.PCURVE_S1.);
#10181 = LINE('',#10182,#10183);
#10182 = CARTESIAN_POINT('',(39.3,0.7,0.15));
#10183 = VECTOR('',#10184,1.);
#10184 = DIRECTION('',(0.,0.,-1.));
#10185 = PCURVE('',#5204,#10186);
#10186 = DEFINITIONAL_REPRESENTATION('',(#10187),#10190);
#10187 = B_SPLINE_CURVE_WITH_KNOTS('',1,(#10188,#10189),.UNSPECIFIED.,
  .F.,.F.,(2,2),(-5.3,-4.25),.PIECEWISE_BEZIER_KNOTS.);
#10188 = CARTESIAN_POINT('',(1.15,-0.15));
#10189 = CARTESIAN_POINT('',(1.E-01,-0.15));
#10190 = ( GEOMETRIC_REPRESENTATION_CONTEXT(2) 
PARAMETRIC_REPRESENTATION_CONTEXT() REPRESENTATION_CONTEXT('2D SPACE',''
  ) );
#10191 = PCURVE('',#5126,#10192);
#10192 = DEFINITIONAL_REPRESENTATION('',(#10193),#10196);
#10193 = B_SPLINE_CURVE_WITH_KNOTS('',1,(#10194,#10195),.UNSPECIFIED.,
  .F.,.F.,(2,2),(-5.3,-4.25),.PIECEWISE_BEZIER_KNOTS.);
#10194 = CARTESIAN_POINT('',(9.45,39.9));
#10195 = CARTESIAN_POINT('',(8.4,39.9));
#10196 = ( GEOMETRIC_REPRESENTATION_CONTEXT(2) 
PARAMETRIC_REPRESENTATION_CONTEXT() REPRESENTATION_CONTEXT('2D SPACE',''
  ) );
#10197 = ORIENTED_EDGE('',*,*,#5189,.T.);
#10198 = ORIENTED_EDGE('',*,*,#10151,.T.);
#10199 = ADVANCED_FACE('',(#10200),#5126,.F.);
#10200 = FACE_BOUND('',#10201,.F.);
#10201 = EDGE_LOOP('',(#10202,#10225,#10244,#10245,#10246,#10247,#10248,
    #10249));
#10202 = ORIENTED_EDGE('',*,*,#10203,.T.);
#10203 = EDGE_CURVE('',#9965,#10204,#10206,.T.);
#10204 = VERTEX_POINT('',#10205);
#10205 = CARTESIAN_POINT('',(44.,0.7,6.6));
#10206 = SURFACE_CURVE('',#10207,(#10211,#10218),.PCURVE_S1.);
#10207 = LINE('',#10208,#10209);
#10208 = CARTESIAN_POINT('',(-0.6,0.7,6.6));
#10209 = VECTOR('',#10210,1.);
#10210 = DIRECTION('',(1.,0.,0.));
#10211 = PCURVE('',#5126,#10212);
#10212 = DEFINITIONAL_REPRESENTATION('',(#10213),#10217);
#10213 = LINE('',#10214,#10215);
#10214 = CARTESIAN_POINT('',(10.6,0.));
#10215 = VECTOR('',#10216,1.);
#10216 = DIRECTION('',(0.,1.));
#10217 = ( GEOMETRIC_REPRESENTATION_CONTEXT(2) 
PARAMETRIC_REPRESENTATION_CONTEXT() REPRESENTATION_CONTEXT('2D SPACE',''
  ) );
#10218 = PCURVE('',#2335,#10219);
#10219 = DEFINITIONAL_REPRESENTATION('',(#10220),#10224);
#10220 = LINE('',#10221,#10222);
#10221 = CARTESIAN_POINT('',(0.,22.55));
#10222 = VECTOR('',#10223,1.);
#10223 = DIRECTION('',(1.,0.));
#10224 = ( GEOMETRIC_REPRESENTATION_CONTEXT(2) 
PARAMETRIC_REPRESENTATION_CONTEXT() REPRESENTATION_CONTEXT('2D SPACE',''
  ) );
#10225 = ORIENTED_EDGE('',*,*,#10226,.T.);
#10226 = EDGE_CURVE('',#10204,#5216,#10227,.T.);
#10227 = SURFACE_CURVE('',#10228,(#10232,#10238),.PCURVE_S1.);
#10228 = LINE('',#10229,#10230);
#10229 = CARTESIAN_POINT('',(44.,0.7,-1.1));
#10230 = VECTOR('',#10231,1.);
#10231 = DIRECTION('',(0.,0.,-1.));
#10232 = PCURVE('',#5126,#10233);
#10233 = DEFINITIONAL_REPRESENTATION('',(#10234),#10237);
#10234 = B_SPLINE_CURVE_WITH_KNOTS('',1,(#10235,#10236),.UNSPECIFIED.,
  .F.,.F.,(2,2),(-7.7,-5.5),.PIECEWISE_BEZIER_KNOTS.);
#10235 = CARTESIAN_POINT('',(10.6,44.6));
#10236 = CARTESIAN_POINT('',(8.4,44.6));
#10237 = ( GEOMETRIC_REPRESENTATION_CONTEXT(2) 
PARAMETRIC_REPRESENTATION_CONTEXT() REPRESENTATION_CONTEXT('2D SPACE',''
  ) );
#10238 = PCURVE('',#5251,#10239);
#10239 = DEFINITIONAL_REPRESENTATION('',(#10240),#10243);
#10240 = B_SPLINE_CURVE_WITH_KNOTS('',1,(#10241,#10242),.UNSPECIFIED.,
  .F.,.F.,(2,2),(-7.7,-5.5),.PIECEWISE_BEZIER_KNOTS.);
#10241 = CARTESIAN_POINT('',(4.8,-1.25));
#10242 = CARTESIAN_POINT('',(2.6,-1.25));
#10243 = ( GEOMETRIC_REPRESENTATION_CONTEXT(2) 
PARAMETRIC_REPRESENTATION_CONTEXT() REPRESENTATION_CONTEXT('2D SPACE',''
  ) );
#10244 = ORIENTED_EDGE('',*,*,#5215,.T.);
#10245 = ORIENTED_EDGE('',*,*,#10179,.F.);
#10246 = ORIENTED_EDGE('',*,*,#10083,.F.);
#10247 = ORIENTED_EDGE('',*,*,#10038,.T.);
#10248 = ORIENTED_EDGE('',*,*,#5111,.T.);
#10249 = ORIENTED_EDGE('',*,*,#9964,.F.);
#10250 = ADVANCED_FACE('',(#10251),#5251,.F.);
#10251 = FACE_BOUND('',#10252,.F.);
#10252 = EDGE_LOOP('',(#10253,#10283,#10311,#10332,#10333,#10334));
#10253 = ORIENTED_EDGE('',*,*,#10254,.F.);
#10254 = EDGE_CURVE('',#10255,#10257,#10259,.T.);
#10255 = VERTEX_POINT('',#10256);
#10256 = CARTESIAN_POINT('',(44.,-0.55,1.8));
#10257 = VERTEX_POINT('',#10258);
#10258 = CARTESIAN_POINT('',(44.,-0.55,6.6));
#10259 = SURFACE_CURVE('',#10260,(#10264,#10271),.PCURVE_S1.);
#10260 = LINE('',#10261,#10262);
#10261 = CARTESIAN_POINT('',(44.,-0.55,1.8));
#10262 = VECTOR('',#10263,1.);
#10263 = DIRECTION('',(0.,0.,1.));
#10264 = PCURVE('',#5251,#10265);
#10265 = DEFINITIONAL_REPRESENTATION('',(#10266),#10270);
#10266 = LINE('',#10267,#10268);
#10267 = CARTESIAN_POINT('',(0.,0.));
#10268 = VECTOR('',#10269,1.);
#10269 = DIRECTION('',(1.,0.));
#10270 = ( GEOMETRIC_REPRESENTATION_CONTEXT(2) 
PARAMETRIC_REPRESENTATION_CONTEXT() REPRESENTATION_CONTEXT('2D SPACE',''
  ) );
#10271 = PCURVE('',#10272,#10277);
#10272 = PLANE('',#10273);
#10273 = AXIS2_PLACEMENT_3D('',#10274,#10275,#10276);
#10274 = CARTESIAN_POINT('',(44.,-0.55,1.8));
#10275 = DIRECTION('',(0.,1.,0.));
#10276 = DIRECTION('',(0.,0.,1.));
#10277 = DEFINITIONAL_REPRESENTATION('',(#10278),#10282);
#10278 = LINE('',#10279,#10280);
#10279 = CARTESIAN_POINT('',(0.,0.));
#10280 = VECTOR('',#10281,1.);
#10281 = DIRECTION('',(1.,0.));
#10282 = ( GEOMETRIC_REPRESENTATION_CONTEXT(2) 
PARAMETRIC_REPRESENTATION_CONTEXT() REPRESENTATION_CONTEXT('2D SPACE',''
  ) );
#10283 = ORIENTED_EDGE('',*,*,#10284,.T.);
#10284 = EDGE_CURVE('',#10255,#10285,#10287,.T.);
#10285 = VERTEX_POINT('',#10286);
#10286 = CARTESIAN_POINT('',(44.,1.15,1.8));
#10287 = SURFACE_CURVE('',#10288,(#10292,#10299),.PCURVE_S1.);
#10288 = LINE('',#10289,#10290);
#10289 = CARTESIAN_POINT('',(44.,-0.55,1.8));
#10290 = VECTOR('',#10291,1.);
#10291 = DIRECTION('',(0.,1.,0.));
#10292 = PCURVE('',#5251,#10293);
#10293 = DEFINITIONAL_REPRESENTATION('',(#10294),#10298);
#10294 = LINE('',#10295,#10296);
#10295 = CARTESIAN_POINT('',(0.,0.));
#10296 = VECTOR('',#10297,1.);
#10297 = DIRECTION('',(0.,-1.));
#10298 = ( GEOMETRIC_REPRESENTATION_CONTEXT(2) 
PARAMETRIC_REPRESENTATION_CONTEXT() REPRESENTATION_CONTEXT('2D SPACE',''
  ) );
#10299 = PCURVE('',#10300,#10305);
#10300 = PLANE('',#10301);
#10301 = AXIS2_PLACEMENT_3D('',#10302,#10303,#10304);
#10302 = CARTESIAN_POINT('',(44.,-0.55,1.8));
#10303 = DIRECTION('',(0.,0.,1.));
#10304 = DIRECTION('',(1.,0.,0.));
#10305 = DEFINITIONAL_REPRESENTATION('',(#10306),#10310);
#10306 = LINE('',#10307,#10308);
#10307 = CARTESIAN_POINT('',(0.,0.));
#10308 = VECTOR('',#10309,1.);
#10309 = DIRECTION('',(0.,1.));
#10310 = ( GEOMETRIC_REPRESENTATION_CONTEXT(2) 
PARAMETRIC_REPRESENTATION_CONTEXT() REPRESENTATION_CONTEXT('2D SPACE',''
  ) );
#10311 = ORIENTED_EDGE('',*,*,#10312,.T.);
#10312 = EDGE_CURVE('',#10285,#5237,#10313,.T.);
#10313 = SURFACE_CURVE('',#10314,(#10318,#10325),.PCURVE_S1.);
#10314 = LINE('',#10315,#10316);
#10315 = CARTESIAN_POINT('',(44.,1.15,1.8));
#10316 = VECTOR('',#10317,1.);
#10317 = DIRECTION('',(0.,0.,1.));
#10318 = PCURVE('',#5251,#10319);
#10319 = DEFINITIONAL_REPRESENTATION('',(#10320),#10324);
#10320 = LINE('',#10321,#10322);
#10321 = CARTESIAN_POINT('',(0.,-1.7));
#10322 = VECTOR('',#10323,1.);
#10323 = DIRECTION('',(1.,0.));
#10324 = ( GEOMETRIC_REPRESENTATION_CONTEXT(2) 
PARAMETRIC_REPRESENTATION_CONTEXT() REPRESENTATION_CONTEXT('2D SPACE',''
  ) );
#10325 = PCURVE('',#5277,#10326);
#10326 = DEFINITIONAL_REPRESENTATION('',(#10327),#10331);
#10327 = LINE('',#10328,#10329);
#10328 = CARTESIAN_POINT('',(0.,0.));
#10329 = VECTOR('',#10330,1.);
#10330 = DIRECTION('',(1.,0.));
#10331 = ( GEOMETRIC_REPRESENTATION_CONTEXT(2) 
PARAMETRIC_REPRESENTATION_CONTEXT() REPRESENTATION_CONTEXT('2D SPACE',''
  ) );
#10332 = ORIENTED_EDGE('',*,*,#5236,.F.);
#10333 = ORIENTED_EDGE('',*,*,#10226,.F.);
#10334 = ORIENTED_EDGE('',*,*,#10335,.F.);
#10335 = EDGE_CURVE('',#10257,#10204,#10336,.T.);
#10336 = SURFACE_CURVE('',#10337,(#10341,#10347),.PCURVE_S1.);
#10337 = LINE('',#10338,#10339);
#10338 = CARTESIAN_POINT('',(44.,-11.2,6.6));
#10339 = VECTOR('',#10340,1.);
#10340 = DIRECTION('',(0.,1.,0.));
#10341 = PCURVE('',#5251,#10342);
#10342 = DEFINITIONAL_REPRESENTATION('',(#10343),#10346);
#10343 = B_SPLINE_CURVE_WITH_KNOTS('',1,(#10344,#10345),.UNSPECIFIED.,
  .F.,.F.,(2,2),(10.65,11.9),.PIECEWISE_BEZIER_KNOTS.);
#10344 = CARTESIAN_POINT('',(4.8,0.));
#10345 = CARTESIAN_POINT('',(4.8,-1.25));
#10346 = ( GEOMETRIC_REPRESENTATION_CONTEXT(2) 
PARAMETRIC_REPRESENTATION_CONTEXT() REPRESENTATION_CONTEXT('2D SPACE',''
  ) );
#10347 = PCURVE('',#2335,#10348);
#10348 = DEFINITIONAL_REPRESENTATION('',(#10349),#10353);
#10349 = LINE('',#10350,#10351);
#10350 = CARTESIAN_POINT('',(44.6,10.65));
#10351 = VECTOR('',#10352,1.);
#10352 = DIRECTION('',(0.,1.));
#10353 = ( GEOMETRIC_REPRESENTATION_CONTEXT(2) 
PARAMETRIC_REPRESENTATION_CONTEXT() REPRESENTATION_CONTEXT('2D SPACE',''
  ) );
#10354 = ADVANCED_FACE('',(#10355),#10300,.F.);
#10355 = FACE_BOUND('',#10356,.F.);
#10356 = EDGE_LOOP('',(#10357,#10358,#10381,#10404));
#10357 = ORIENTED_EDGE('',*,*,#10284,.F.);
#10358 = ORIENTED_EDGE('',*,*,#10359,.T.);
#10359 = EDGE_CURVE('',#10255,#10360,#10362,.T.);
#10360 = VERTEX_POINT('',#10361);
#10361 = CARTESIAN_POINT('',(46.,-0.55,1.8));
#10362 = SURFACE_CURVE('',#10363,(#10367,#10374),.PCURVE_S1.);
#10363 = LINE('',#10364,#10365);
#10364 = CARTESIAN_POINT('',(44.,-0.55,1.8));
#10365 = VECTOR('',#10366,1.);
#10366 = DIRECTION('',(1.,0.,0.));
#10367 = PCURVE('',#10300,#10368);
#10368 = DEFINITIONAL_REPRESENTATION('',(#10369),#10373);
#10369 = LINE('',#10370,#10371);
#10370 = CARTESIAN_POINT('',(0.,0.));
#10371 = VECTOR('',#10372,1.);
#10372 = DIRECTION('',(1.,0.));
#10373 = ( GEOMETRIC_REPRESENTATION_CONTEXT(2) 
PARAMETRIC_REPRESENTATION_CONTEXT() REPRESENTATION_CONTEXT('2D SPACE',''
  ) );
#10374 = PCURVE('',#10272,#10375);
#10375 = DEFINITIONAL_REPRESENTATION('',(#10376),#10380);
#10376 = LINE('',#10377,#10378);
#10377 = CARTESIAN_POINT('',(0.,0.));
#10378 = VECTOR('',#10379,1.);
#10379 = DIRECTION('',(0.,1.));
#10380 = ( GEOMETRIC_REPRESENTATION_CONTEXT(2) 
PARAMETRIC_REPRESENTATION_CONTEXT() REPRESENTATION_CONTEXT('2D SPACE',''
  ) );
#10381 = ORIENTED_EDGE('',*,*,#10382,.T.);
#10382 = EDGE_CURVE('',#10360,#10383,#10385,.T.);
#10383 = VERTEX_POINT('',#10384);
#10384 = CARTESIAN_POINT('',(46.,1.15,1.8));
#10385 = SURFACE_CURVE('',#10386,(#10390,#10397),.PCURVE_S1.);
#10386 = LINE('',#10387,#10388);
#10387 = CARTESIAN_POINT('',(46.,-0.55,1.8));
#10388 = VECTOR('',#10389,1.);
#10389 = DIRECTION('',(0.,1.,0.));
#10390 = PCURVE('',#10300,#10391);
#10391 = DEFINITIONAL_REPRESENTATION('',(#10392),#10396);
#10392 = LINE('',#10393,#10394);
#10393 = CARTESIAN_POINT('',(2.,0.));
#10394 = VECTOR('',#10395,1.);
#10395 = DIRECTION('',(0.,1.));
#10396 = ( GEOMETRIC_REPRESENTATION_CONTEXT(2) 
PARAMETRIC_REPRESENTATION_CONTEXT() REPRESENTATION_CONTEXT('2D SPACE',''
  ) );
#10397 = PCURVE('',#5303,#10398);
#10398 = DEFINITIONAL_REPRESENTATION('',(#10399),#10403);
#10399 = LINE('',#10400,#10401);
#10400 = CARTESIAN_POINT('',(0.,0.));
#10401 = VECTOR('',#10402,1.);
#10402 = DIRECTION('',(0.,-1.));
#10403 = ( GEOMETRIC_REPRESENTATION_CONTEXT(2) 
PARAMETRIC_REPRESENTATION_CONTEXT() REPRESENTATION_CONTEXT('2D SPACE',''
  ) );
#10404 = ORIENTED_EDGE('',*,*,#10405,.F.);
#10405 = EDGE_CURVE('',#10285,#10383,#10406,.T.);
#10406 = SURFACE_CURVE('',#10407,(#10411,#10418),.PCURVE_S1.);
#10407 = LINE('',#10408,#10409);
#10408 = CARTESIAN_POINT('',(44.,1.15,1.8));
#10409 = VECTOR('',#10410,1.);
#10410 = DIRECTION('',(1.,0.,0.));
#10411 = PCURVE('',#10300,#10412);
#10412 = DEFINITIONAL_REPRESENTATION('',(#10413),#10417);
#10413 = LINE('',#10414,#10415);
#10414 = CARTESIAN_POINT('',(0.,1.7));
#10415 = VECTOR('',#10416,1.);
#10416 = DIRECTION('',(1.,0.));
#10417 = ( GEOMETRIC_REPRESENTATION_CONTEXT(2) 
PARAMETRIC_REPRESENTATION_CONTEXT() REPRESENTATION_CONTEXT('2D SPACE',''
  ) );
#10418 = PCURVE('',#5277,#10419);
#10419 = DEFINITIONAL_REPRESENTATION('',(#10420),#10424);
#10420 = LINE('',#10421,#10422);
#10421 = CARTESIAN_POINT('',(0.,0.));
#10422 = VECTOR('',#10423,1.);
#10423 = DIRECTION('',(0.,1.));
#10424 = ( GEOMETRIC_REPRESENTATION_CONTEXT(2) 
PARAMETRIC_REPRESENTATION_CONTEXT() REPRESENTATION_CONTEXT('2D SPACE',''
  ) );
#10425 = ADVANCED_FACE('',(#10426),#10272,.F.);
#10426 = FACE_BOUND('',#10427,.F.);
#10427 = EDGE_LOOP('',(#10428,#10451,#10452,#10453));
#10428 = ORIENTED_EDGE('',*,*,#10429,.F.);
#10429 = EDGE_CURVE('',#10360,#10430,#10432,.T.);
#10430 = VERTEX_POINT('',#10431);
#10431 = CARTESIAN_POINT('',(46.,-0.55,6.6));
#10432 = SURFACE_CURVE('',#10433,(#10437,#10444),.PCURVE_S1.);
#10433 = LINE('',#10434,#10435);
#10434 = CARTESIAN_POINT('',(46.,-0.55,1.8));
#10435 = VECTOR('',#10436,1.);
#10436 = DIRECTION('',(0.,0.,1.));
#10437 = PCURVE('',#10272,#10438);
#10438 = DEFINITIONAL_REPRESENTATION('',(#10439),#10443);
#10439 = LINE('',#10440,#10441);
#10440 = CARTESIAN_POINT('',(0.,2.));
#10441 = VECTOR('',#10442,1.);
#10442 = DIRECTION('',(1.,0.));
#10443 = ( GEOMETRIC_REPRESENTATION_CONTEXT(2) 
PARAMETRIC_REPRESENTATION_CONTEXT() REPRESENTATION_CONTEXT('2D SPACE',''
  ) );
#10444 = PCURVE('',#5303,#10445);
#10445 = DEFINITIONAL_REPRESENTATION('',(#10446),#10450);
#10446 = LINE('',#10447,#10448);
#10447 = CARTESIAN_POINT('',(0.,0.));
#10448 = VECTOR('',#10449,1.);
#10449 = DIRECTION('',(1.,0.));
#10450 = ( GEOMETRIC_REPRESENTATION_CONTEXT(2) 
PARAMETRIC_REPRESENTATION_CONTEXT() REPRESENTATION_CONTEXT('2D SPACE',''
  ) );
#10451 = ORIENTED_EDGE('',*,*,#10359,.F.);
#10452 = ORIENTED_EDGE('',*,*,#10254,.T.);
#10453 = ORIENTED_EDGE('',*,*,#10454,.F.);
#10454 = EDGE_CURVE('',#10430,#10257,#10455,.T.);
#10455 = SURFACE_CURVE('',#10456,(#10460,#10466),.PCURVE_S1.);
#10456 = LINE('',#10457,#10458);
#10457 = CARTESIAN_POINT('',(21.7,-0.55,6.6));
#10458 = VECTOR('',#10459,1.);
#10459 = DIRECTION('',(-1.,0.,0.));
#10460 = PCURVE('',#10272,#10461);
#10461 = DEFINITIONAL_REPRESENTATION('',(#10462),#10465);
#10462 = B_SPLINE_CURVE_WITH_KNOTS('',1,(#10463,#10464),.UNSPECIFIED.,
  .F.,.F.,(2,2),(-24.3,-22.3),.PIECEWISE_BEZIER_KNOTS.);
#10463 = CARTESIAN_POINT('',(4.8,2.));
#10464 = CARTESIAN_POINT('',(4.8,0.));
#10465 = ( GEOMETRIC_REPRESENTATION_CONTEXT(2) 
PARAMETRIC_REPRESENTATION_CONTEXT() REPRESENTATION_CONTEXT('2D SPACE',''
  ) );
#10466 = PCURVE('',#2335,#10467);
#10467 = DEFINITIONAL_REPRESENTATION('',(#10468),#10472);
#10468 = LINE('',#10469,#10470);
#10469 = CARTESIAN_POINT('',(22.3,21.3));
#10470 = VECTOR('',#10471,1.);
#10471 = DIRECTION('',(-1.,0.));
#10472 = ( GEOMETRIC_REPRESENTATION_CONTEXT(2) 
PARAMETRIC_REPRESENTATION_CONTEXT() REPRESENTATION_CONTEXT('2D SPACE',''
  ) );
#10473 = ADVANCED_FACE('',(#10474),#5277,.T.);
#10474 = FACE_BOUND('',#10475,.T.);
#10475 = EDGE_LOOP('',(#10476,#10497,#10498,#10499));
#10476 = ORIENTED_EDGE('',*,*,#10477,.F.);
#10477 = EDGE_CURVE('',#10383,#5263,#10478,.T.);
#10478 = SURFACE_CURVE('',#10479,(#10483,#10490),.PCURVE_S1.);
#10479 = LINE('',#10480,#10481);
#10480 = CARTESIAN_POINT('',(46.,1.15,1.8));
#10481 = VECTOR('',#10482,1.);
#10482 = DIRECTION('',(0.,0.,1.));
#10483 = PCURVE('',#5277,#10484);
#10484 = DEFINITIONAL_REPRESENTATION('',(#10485),#10489);
#10485 = LINE('',#10486,#10487);
#10486 = CARTESIAN_POINT('',(0.,2.));
#10487 = VECTOR('',#10488,1.);
#10488 = DIRECTION('',(1.,0.));
#10489 = ( GEOMETRIC_REPRESENTATION_CONTEXT(2) 
PARAMETRIC_REPRESENTATION_CONTEXT() REPRESENTATION_CONTEXT('2D SPACE',''
  ) );
#10490 = PCURVE('',#5303,#10491);
#10491 = DEFINITIONAL_REPRESENTATION('',(#10492),#10496);
#10492 = LINE('',#10493,#10494);
#10493 = CARTESIAN_POINT('',(0.,-1.7));
#10494 = VECTOR('',#10495,1.);
#10495 = DIRECTION('',(1.,0.));
#10496 = ( GEOMETRIC_REPRESENTATION_CONTEXT(2) 
PARAMETRIC_REPRESENTATION_CONTEXT() REPRESENTATION_CONTEXT('2D SPACE',''
  ) );
#10497 = ORIENTED_EDGE('',*,*,#10405,.F.);
#10498 = ORIENTED_EDGE('',*,*,#10312,.T.);
#10499 = ORIENTED_EDGE('',*,*,#5262,.F.);
#10500 = ADVANCED_FACE('',(#10501),#5303,.T.);
#10501 = FACE_BOUND('',#10502,.T.);
#10502 = EDGE_LOOP('',(#10503,#10504,#10505,#10506,#10507,#10528));
#10503 = ORIENTED_EDGE('',*,*,#10429,.F.);
#10504 = ORIENTED_EDGE('',*,*,#10382,.T.);
#10505 = ORIENTED_EDGE('',*,*,#10477,.T.);
#10506 = ORIENTED_EDGE('',*,*,#5288,.F.);
#10507 = ORIENTED_EDGE('',*,*,#10508,.F.);
#10508 = EDGE_CURVE('',#10509,#5289,#10511,.T.);
#10509 = VERTEX_POINT('',#10510);
#10510 = CARTESIAN_POINT('',(46.,0.7,6.6));
#10511 = SURFACE_CURVE('',#10512,(#10516,#10522),.PCURVE_S1.);
#10512 = LINE('',#10513,#10514);
#10513 = CARTESIAN_POINT('',(46.,0.7,-1.1));
#10514 = VECTOR('',#10515,1.);
#10515 = DIRECTION('',(0.,0.,-1.));
#10516 = PCURVE('',#5303,#10517);
#10517 = DEFINITIONAL_REPRESENTATION('',(#10518),#10521);
#10518 = B_SPLINE_CURVE_WITH_KNOTS('',1,(#10519,#10520),.UNSPECIFIED.,
  .F.,.F.,(2,2),(-7.7,-5.5),.PIECEWISE_BEZIER_KNOTS.);
#10519 = CARTESIAN_POINT('',(4.8,-1.25));
#10520 = CARTESIAN_POINT('',(2.6,-1.25));
#10521 = ( GEOMETRIC_REPRESENTATION_CONTEXT(2) 
PARAMETRIC_REPRESENTATION_CONTEXT() REPRESENTATION_CONTEXT('2D SPACE',''
  ) );
#10522 = PCURVE('',#5329,#10523);
#10523 = DEFINITIONAL_REPRESENTATION('',(#10524),#10527);
#10524 = B_SPLINE_CURVE_WITH_KNOTS('',1,(#10525,#10526),.UNSPECIFIED.,
  .F.,.F.,(2,2),(-7.7,-5.5),.PIECEWISE_BEZIER_KNOTS.);
#10525 = CARTESIAN_POINT('',(10.6,46.6));
#10526 = CARTESIAN_POINT('',(8.4,46.6));
#10527 = ( GEOMETRIC_REPRESENTATION_CONTEXT(2) 
PARAMETRIC_REPRESENTATION_CONTEXT() REPRESENTATION_CONTEXT('2D SPACE',''
  ) );
#10528 = ORIENTED_EDGE('',*,*,#10529,.F.);
#10529 = EDGE_CURVE('',#10430,#10509,#10530,.T.);
#10530 = SURFACE_CURVE('',#10531,(#10535,#10541),.PCURVE_S1.);
#10531 = LINE('',#10532,#10533);
#10532 = CARTESIAN_POINT('',(46.,-11.2,6.6));
#10533 = VECTOR('',#10534,1.);
#10534 = DIRECTION('',(0.,1.,0.));
#10535 = PCURVE('',#5303,#10536);
#10536 = DEFINITIONAL_REPRESENTATION('',(#10537),#10540);
#10537 = B_SPLINE_CURVE_WITH_KNOTS('',1,(#10538,#10539),.UNSPECIFIED.,
  .F.,.F.,(2,2),(10.65,11.9),.PIECEWISE_BEZIER_KNOTS.);
#10538 = CARTESIAN_POINT('',(4.8,0.));
#10539 = CARTESIAN_POINT('',(4.8,-1.25));
#10540 = ( GEOMETRIC_REPRESENTATION_CONTEXT(2) 
PARAMETRIC_REPRESENTATION_CONTEXT() REPRESENTATION_CONTEXT('2D SPACE',''
  ) );
#10541 = PCURVE('',#2335,#10542);
#10542 = DEFINITIONAL_REPRESENTATION('',(#10543),#10547);
#10543 = LINE('',#10544,#10545);
#10544 = CARTESIAN_POINT('',(46.6,10.65));
#10545 = VECTOR('',#10546,1.);
#10546 = DIRECTION('',(0.,1.));
#10547 = ( GEOMETRIC_REPRESENTATION_CONTEXT(2) 
PARAMETRIC_REPRESENTATION_CONTEXT() REPRESENTATION_CONTEXT('2D SPACE',''
  ) );
#10548 = ADVANCED_FACE('',(#10549),#5329,.F.);
#10549 = FACE_BOUND('',#10550,.F.);
#10550 = EDGE_LOOP('',(#10551,#10572,#10573,#10574,#10597,#10623));
#10551 = ORIENTED_EDGE('',*,*,#10552,.T.);
#10552 = EDGE_CURVE('',#10553,#5315,#10555,.T.);
#10553 = VERTEX_POINT('',#10554);
#10554 = CARTESIAN_POINT('',(67.,0.7,4.55));
#10555 = SURFACE_CURVE('',#10556,(#10560,#10566),.PCURVE_S1.);
#10556 = LINE('',#10557,#10558);
#10557 = CARTESIAN_POINT('',(67.,0.7,-1.1));
#10558 = VECTOR('',#10559,1.);
#10559 = DIRECTION('',(0.,0.,-1.));
#10560 = PCURVE('',#5329,#10561);
#10561 = DEFINITIONAL_REPRESENTATION('',(#10562),#10565);
#10562 = B_SPLINE_CURVE_WITH_KNOTS('',1,(#10563,#10564),.UNSPECIFIED.,
  .F.,.F.,(2,2),(-7.7,-5.5),.PIECEWISE_BEZIER_KNOTS.);
#10563 = CARTESIAN_POINT('',(10.6,67.6));
#10564 = CARTESIAN_POINT('',(8.4,67.6));
#10565 = ( GEOMETRIC_REPRESENTATION_CONTEXT(2) 
PARAMETRIC_REPRESENTATION_CONTEXT() REPRESENTATION_CONTEXT('2D SPACE',''
  ) );
#10566 = PCURVE('',#5355,#10567);
#10567 = DEFINITIONAL_REPRESENTATION('',(#10568),#10571);
#10568 = B_SPLINE_CURVE_WITH_KNOTS('',1,(#10569,#10570),.UNSPECIFIED.,
  .F.,.F.,(2,2),(-7.7,-5.5),.PIECEWISE_BEZIER_KNOTS.);
#10569 = CARTESIAN_POINT('',(4.8,-1.25));
#10570 = CARTESIAN_POINT('',(2.6,-1.25));
#10571 = ( GEOMETRIC_REPRESENTATION_CONTEXT(2) 
PARAMETRIC_REPRESENTATION_CONTEXT() REPRESENTATION_CONTEXT('2D SPACE',''
  ) );
#10572 = ORIENTED_EDGE('',*,*,#5314,.T.);
#10573 = ORIENTED_EDGE('',*,*,#10508,.F.);
#10574 = ORIENTED_EDGE('',*,*,#10575,.T.);
#10575 = EDGE_CURVE('',#10509,#10576,#10578,.T.);
#10576 = VERTEX_POINT('',#10577);
#10577 = CARTESIAN_POINT('',(66.282443596269,0.7,6.6));
#10578 = SURFACE_CURVE('',#10579,(#10583,#10590),.PCURVE_S1.);
#10579 = LINE('',#10580,#10581);
#10580 = CARTESIAN_POINT('',(-0.6,0.7,6.6));
#10581 = VECTOR('',#10582,1.);
#10582 = DIRECTION('',(1.,0.,0.));
#10583 = PCURVE('',#5329,#10584);
#10584 = DEFINITIONAL_REPRESENTATION('',(#10585),#10589);
#10585 = LINE('',#10586,#10587);
#10586 = CARTESIAN_POINT('',(10.6,0.));
#10587 = VECTOR('',#10588,1.);
#10588 = DIRECTION('',(0.,1.));
#10589 = ( GEOMETRIC_REPRESENTATION_CONTEXT(2) 
PARAMETRIC_REPRESENTATION_CONTEXT() REPRESENTATION_CONTEXT('2D SPACE',''
  ) );
#10590 = PCURVE('',#2335,#10591);
#10591 = DEFINITIONAL_REPRESENTATION('',(#10592),#10596);
#10592 = LINE('',#10593,#10594);
#10593 = CARTESIAN_POINT('',(0.,22.55));
#10594 = VECTOR('',#10595,1.);
#10595 = DIRECTION('',(1.,0.));
#10596 = ( GEOMETRIC_REPRESENTATION_CONTEXT(2) 
PARAMETRIC_REPRESENTATION_CONTEXT() REPRESENTATION_CONTEXT('2D SPACE',''
  ) );
#10597 = ORIENTED_EDGE('',*,*,#10598,.T.);
#10598 = EDGE_CURVE('',#10576,#10599,#10601,.T.);
#10599 = VERTEX_POINT('',#10600);
#10600 = CARTESIAN_POINT('',(66.282443596268,0.7,4.55));
#10601 = SURFACE_CURVE('',#10602,(#10606,#10612),.PCURVE_S1.);
#10602 = LINE('',#10603,#10604);
#10603 = CARTESIAN_POINT('',(66.282443596268,0.7,4.55));
#10604 = VECTOR('',#10605,1.);
#10605 = DIRECTION('',(-0.,-0.,-1.));
#10606 = PCURVE('',#5329,#10607);
#10607 = DEFINITIONAL_REPRESENTATION('',(#10608),#10611);
#10608 = B_SPLINE_CURVE_WITH_KNOTS('',1,(#10609,#10610),.UNSPECIFIED.,
  .F.,.F.,(2,2),(-2.1500006,5.999999999062E-07),
  .PIECEWISE_BEZIER_KNOTS.);
#10609 = CARTESIAN_POINT('',(10.7000006,66.882443596268));
#10610 = CARTESIAN_POINT('',(8.5499994,66.882443596268));
#10611 = ( GEOMETRIC_REPRESENTATION_CONTEXT(2) 
PARAMETRIC_REPRESENTATION_CONTEXT() REPRESENTATION_CONTEXT('2D SPACE',''
  ) );
#10612 = PCURVE('',#10613,#10618);
#10613 = CYLINDRICAL_SURFACE('',#10614,3.2);
#10614 = AXIS2_PLACEMENT_3D('',#10615,#10616,#10617);
#10615 = CARTESIAN_POINT('',(68.,3.4,4.55));
#10616 = DIRECTION('',(-0.,-0.,-1.));
#10617 = DIRECTION('',(1.,0.,0.));
#10618 = DEFINITIONAL_REPRESENTATION('',(#10619),#10622);
#10619 = B_SPLINE_CURVE_WITH_KNOTS('',1,(#10620,#10621),.UNSPECIFIED.,
  .F.,.F.,(2,2),(-2.1500006,5.999999999062E-07),
  .PIECEWISE_BEZIER_KNOTS.);
#10620 = CARTESIAN_POINT('',(-4.145824649764,-2.1500006));
#10621 = CARTESIAN_POINT('',(-4.145824649764,5.999999999062E-07));
#10622 = ( GEOMETRIC_REPRESENTATION_CONTEXT(2) 
PARAMETRIC_REPRESENTATION_CONTEXT() REPRESENTATION_CONTEXT('2D SPACE',''
  ) );
#10623 = ORIENTED_EDGE('',*,*,#10624,.T.);
#10624 = EDGE_CURVE('',#10599,#10553,#10625,.T.);
#10625 = SURFACE_CURVE('',#10626,(#10630,#10636),.PCURVE_S1.);
#10626 = LINE('',#10627,#10628);
#10627 = CARTESIAN_POINT('',(33.7,0.7,4.55));
#10628 = VECTOR('',#10629,1.);
#10629 = DIRECTION('',(1.,0.,0.));
#10630 = PCURVE('',#5329,#10631);
#10631 = DEFINITIONAL_REPRESENTATION('',(#10632),#10635);
#10632 = B_SPLINE_CURVE_WITH_KNOTS('',1,(#10633,#10634),.UNSPECIFIED.,
  .F.,.F.,(2,2),(31.1,37.5),.PIECEWISE_BEZIER_KNOTS.);
#10633 = CARTESIAN_POINT('',(8.55,65.4));
#10634 = CARTESIAN_POINT('',(8.55,71.8));
#10635 = ( GEOMETRIC_REPRESENTATION_CONTEXT(2) 
PARAMETRIC_REPRESENTATION_CONTEXT() REPRESENTATION_CONTEXT('2D SPACE',''
  ) );
#10636 = PCURVE('',#10637,#10642);
#10637 = PLANE('',#10638);
#10638 = AXIS2_PLACEMENT_3D('',#10639,#10640,#10641);
#10639 = CARTESIAN_POINT('',(68.,3.4,4.55));
#10640 = DIRECTION('',(0.,0.,1.));
#10641 = DIRECTION('',(1.,0.,-0.));
#10642 = DEFINITIONAL_REPRESENTATION('',(#10643),#10646);
#10643 = B_SPLINE_CURVE_WITH_KNOTS('',1,(#10644,#10645),.UNSPECIFIED.,
  .F.,.F.,(2,2),(31.1,37.5),.PIECEWISE_BEZIER_KNOTS.);
#10644 = CARTESIAN_POINT('',(-3.2,-2.7));
#10645 = CARTESIAN_POINT('',(3.2,-2.7));
#10646 = ( GEOMETRIC_REPRESENTATION_CONTEXT(2) 
PARAMETRIC_REPRESENTATION_CONTEXT() REPRESENTATION_CONTEXT('2D SPACE',''
  ) );
#10647 = ADVANCED_FACE('',(#10648),#10613,.T.);
#10648 = FACE_BOUND('',#10649,.F.);
#10649 = EDGE_LOOP('',(#10650,#10674,#10675,#10703));
#10650 = ORIENTED_EDGE('',*,*,#10651,.F.);
#10651 = EDGE_CURVE('',#10599,#10652,#10654,.T.);
#10652 = VERTEX_POINT('',#10653);
#10653 = CARTESIAN_POINT('',(67.,0.360263169286,4.55));
#10654 = SURFACE_CURVE('',#10655,(#10660,#10667),.PCURVE_S1.);
#10655 = CIRCLE('',#10656,3.2);
#10656 = AXIS2_PLACEMENT_3D('',#10657,#10658,#10659);
#10657 = CARTESIAN_POINT('',(68.,3.4,4.55));
#10658 = DIRECTION('',(0.,0.,1.));
#10659 = DIRECTION('',(1.,0.,0.));
#10660 = PCURVE('',#10613,#10661);
#10661 = DEFINITIONAL_REPRESENTATION('',(#10662),#10666);
#10662 = LINE('',#10663,#10664);
#10663 = CARTESIAN_POINT('',(-0.,0.));
#10664 = VECTOR('',#10665,1.);
#10665 = DIRECTION('',(-1.,0.));
#10666 = ( GEOMETRIC_REPRESENTATION_CONTEXT(2) 
PARAMETRIC_REPRESENTATION_CONTEXT() REPRESENTATION_CONTEXT('2D SPACE',''
  ) );
#10667 = PCURVE('',#10637,#10668);
#10668 = DEFINITIONAL_REPRESENTATION('',(#10669),#10673);
#10669 = CIRCLE('',#10670,3.2);
#10670 = AXIS2_PLACEMENT_2D('',#10671,#10672);
#10671 = CARTESIAN_POINT('',(0.,-4.440892098501E-16));
#10672 = DIRECTION('',(1.,0.));
#10673 = ( GEOMETRIC_REPRESENTATION_CONTEXT(2) 
PARAMETRIC_REPRESENTATION_CONTEXT() REPRESENTATION_CONTEXT('2D SPACE',''
  ) );
#10674 = ORIENTED_EDGE('',*,*,#10598,.F.);
#10675 = ORIENTED_EDGE('',*,*,#10676,.F.);
#10676 = EDGE_CURVE('',#10677,#10576,#10679,.T.);
#10677 = VERTEX_POINT('',#10678);
#10678 = CARTESIAN_POINT('',(67.,0.360263169286,6.6));
#10679 = SURFACE_CURVE('',#10680,(#10685,#10692),.PCURVE_S1.);
#10680 = CIRCLE('',#10681,3.2);
#10681 = AXIS2_PLACEMENT_3D('',#10682,#10683,#10684);
#10682 = CARTESIAN_POINT('',(68.,3.4,6.6));
#10683 = DIRECTION('',(0.,0.,-1.));
#10684 = DIRECTION('',(1.,0.,0.));
#10685 = PCURVE('',#10613,#10686);
#10686 = DEFINITIONAL_REPRESENTATION('',(#10687),#10691);
#10687 = LINE('',#10688,#10689);
#10688 = CARTESIAN_POINT('',(-6.28318530718,-2.05));
#10689 = VECTOR('',#10690,1.);
#10690 = DIRECTION('',(1.,-0.));
#10691 = ( GEOMETRIC_REPRESENTATION_CONTEXT(2) 
PARAMETRIC_REPRESENTATION_CONTEXT() REPRESENTATION_CONTEXT('2D SPACE',''
  ) );
#10692 = PCURVE('',#2335,#10693);
#10693 = DEFINITIONAL_REPRESENTATION('',(#10694),#10702);
#10694 = ( BOUNDED_CURVE() B_SPLINE_CURVE(2,(#10695,#10696,#10697,#10698
    ,#10699,#10700,#10701),.UNSPECIFIED.,.T.,.F.) 
B_SPLINE_CURVE_WITH_KNOTS((1,2,2,2,2,1),(-2.094395102393,0.,
    2.094395102393,4.188790204786,6.28318530718,8.377580409573),
.UNSPECIFIED.) CURVE() GEOMETRIC_REPRESENTATION_ITEM() 
RATIONAL_B_SPLINE_CURVE((1.,0.5,1.,0.5,1.,0.5,1.)) REPRESENTATION_ITEM(
  '') );
#10695 = CARTESIAN_POINT('',(71.8,25.25));
#10696 = CARTESIAN_POINT('',(71.8,19.70743741578));
#10697 = CARTESIAN_POINT('',(67.,22.47871870789));
#10698 = CARTESIAN_POINT('',(62.2,25.25));
#10699 = CARTESIAN_POINT('',(67.,28.02128129211));
#10700 = CARTESIAN_POINT('',(71.8,30.79256258422));
#10701 = CARTESIAN_POINT('',(71.8,25.25));
#10702 = ( GEOMETRIC_REPRESENTATION_CONTEXT(2) 
PARAMETRIC_REPRESENTATION_CONTEXT() REPRESENTATION_CONTEXT('2D SPACE',''
  ) );
#10703 = ORIENTED_EDGE('',*,*,#10704,.T.);
#10704 = EDGE_CURVE('',#10677,#10652,#10705,.T.);
#10705 = SURFACE_CURVE('',#10706,(#10710,#10716),.PCURVE_S1.);
#10706 = LINE('',#10707,#10708);
#10707 = CARTESIAN_POINT('',(67.,0.360263169286,4.55));
#10708 = VECTOR('',#10709,1.);
#10709 = DIRECTION('',(-0.,-0.,-1.));
#10710 = PCURVE('',#10613,#10711);
#10711 = DEFINITIONAL_REPRESENTATION('',(#10712),#10715);
#10712 = B_SPLINE_CURVE_WITH_KNOTS('',1,(#10713,#10714),.UNSPECIFIED.,
  .F.,.F.,(2,2),(-2.0500006,5.999999999062E-07),
  .PIECEWISE_BEZIER_KNOTS.);
#10713 = CARTESIAN_POINT('',(-4.394565276457,-2.0500006));
#10714 = CARTESIAN_POINT('',(-4.394565276457,5.999999999062E-07));
#10715 = ( GEOMETRIC_REPRESENTATION_CONTEXT(2) 
PARAMETRIC_REPRESENTATION_CONTEXT() REPRESENTATION_CONTEXT('2D SPACE',''
  ) );
#10716 = PCURVE('',#5355,#10717);
#10717 = DEFINITIONAL_REPRESENTATION('',(#10718),#10721);
#10718 = B_SPLINE_CURVE_WITH_KNOTS('',1,(#10719,#10720),.UNSPECIFIED.,
  .F.,.F.,(2,2),(-2.0500006,5.999999999062E-07),
  .PIECEWISE_BEZIER_KNOTS.);
#10719 = CARTESIAN_POINT('',(4.8000006,-0.910263169286));
#10720 = CARTESIAN_POINT('',(2.7499994,-0.910263169286));
#10721 = ( GEOMETRIC_REPRESENTATION_CONTEXT(2) 
PARAMETRIC_REPRESENTATION_CONTEXT() REPRESENTATION_CONTEXT('2D SPACE',''
  ) );
#10722 = ADVANCED_FACE('',(#10723),#10637,.F.);
#10723 = FACE_BOUND('',#10724,.F.);
#10724 = EDGE_LOOP('',(#10725,#10726,#10727));
#10725 = ORIENTED_EDGE('',*,*,#10624,.F.);
#10726 = ORIENTED_EDGE('',*,*,#10651,.T.);
#10727 = ORIENTED_EDGE('',*,*,#10728,.T.);
#10728 = EDGE_CURVE('',#10652,#10553,#10729,.T.);
#10729 = SURFACE_CURVE('',#10730,(#10734,#10740),.PCURVE_S1.);
#10730 = LINE('',#10731,#10732);
#10731 = CARTESIAN_POINT('',(67.,1.425,4.55));
#10732 = VECTOR('',#10733,1.);
#10733 = DIRECTION('',(0.,1.,0.));
#10734 = PCURVE('',#10637,#10735);
#10735 = DEFINITIONAL_REPRESENTATION('',(#10736),#10739);
#10736 = B_SPLINE_CURVE_WITH_KNOTS('',1,(#10737,#10738),.UNSPECIFIED.,
  .F.,.F.,(2,2),(-1.225,-0.725),.PIECEWISE_BEZIER_KNOTS.);
#10737 = CARTESIAN_POINT('',(-1.,-3.2));
#10738 = CARTESIAN_POINT('',(-1.,-2.7));
#10739 = ( GEOMETRIC_REPRESENTATION_CONTEXT(2) 
PARAMETRIC_REPRESENTATION_CONTEXT() REPRESENTATION_CONTEXT('2D SPACE',''
  ) );
#10740 = PCURVE('',#5355,#10741);
#10741 = DEFINITIONAL_REPRESENTATION('',(#10742),#10745);
#10742 = B_SPLINE_CURVE_WITH_KNOTS('',1,(#10743,#10744),.UNSPECIFIED.,
  .F.,.F.,(2,2),(-1.225,-0.725),.PIECEWISE_BEZIER_KNOTS.);
#10743 = CARTESIAN_POINT('',(2.75,-0.75));
#10744 = CARTESIAN_POINT('',(2.75,-1.25));
#10745 = ( GEOMETRIC_REPRESENTATION_CONTEXT(2) 
PARAMETRIC_REPRESENTATION_CONTEXT() REPRESENTATION_CONTEXT('2D SPACE',''
  ) );
#10746 = ADVANCED_FACE('',(#10747),#5355,.F.);
#10747 = FACE_BOUND('',#10748,.F.);
#10748 = EDGE_LOOP('',(#10749,#10779,#10807,#10828,#10829,#10830,#10831,
    #10832));
#10749 = ORIENTED_EDGE('',*,*,#10750,.F.);
#10750 = EDGE_CURVE('',#10751,#10753,#10755,.T.);
#10751 = VERTEX_POINT('',#10752);
#10752 = CARTESIAN_POINT('',(67.,-0.55,1.8));
#10753 = VERTEX_POINT('',#10754);
#10754 = CARTESIAN_POINT('',(67.,-0.55,6.6));
#10755 = SURFACE_CURVE('',#10756,(#10760,#10767),.PCURVE_S1.);
#10756 = LINE('',#10757,#10758);
#10757 = CARTESIAN_POINT('',(67.,-0.55,1.8));
#10758 = VECTOR('',#10759,1.);
#10759 = DIRECTION('',(0.,0.,1.));
#10760 = PCURVE('',#5355,#10761);
#10761 = DEFINITIONAL_REPRESENTATION('',(#10762),#10766);
#10762 = LINE('',#10763,#10764);
#10763 = CARTESIAN_POINT('',(0.,0.));
#10764 = VECTOR('',#10765,1.);
#10765 = DIRECTION('',(1.,0.));
#10766 = ( GEOMETRIC_REPRESENTATION_CONTEXT(2) 
PARAMETRIC_REPRESENTATION_CONTEXT() REPRESENTATION_CONTEXT('2D SPACE',''
  ) );
#10767 = PCURVE('',#10768,#10773);
#10768 = PLANE('',#10769);
#10769 = AXIS2_PLACEMENT_3D('',#10770,#10771,#10772);
#10770 = CARTESIAN_POINT('',(67.,-0.55,1.8));
#10771 = DIRECTION('',(0.,1.,0.));
#10772 = DIRECTION('',(0.,0.,1.));
#10773 = DEFINITIONAL_REPRESENTATION('',(#10774),#10778);
#10774 = LINE('',#10775,#10776);
#10775 = CARTESIAN_POINT('',(0.,0.));
#10776 = VECTOR('',#10777,1.);
#10777 = DIRECTION('',(1.,0.));
#10778 = ( GEOMETRIC_REPRESENTATION_CONTEXT(2) 
PARAMETRIC_REPRESENTATION_CONTEXT() REPRESENTATION_CONTEXT('2D SPACE',''
  ) );
#10779 = ORIENTED_EDGE('',*,*,#10780,.T.);
#10780 = EDGE_CURVE('',#10751,#10781,#10783,.T.);
#10781 = VERTEX_POINT('',#10782);
#10782 = CARTESIAN_POINT('',(67.,1.15,1.8));
#10783 = SURFACE_CURVE('',#10784,(#10788,#10795),.PCURVE_S1.);
#10784 = LINE('',#10785,#10786);
#10785 = CARTESIAN_POINT('',(67.,-0.55,1.8));
#10786 = VECTOR('',#10787,1.);
#10787 = DIRECTION('',(0.,1.,0.));
#10788 = PCURVE('',#5355,#10789);
#10789 = DEFINITIONAL_REPRESENTATION('',(#10790),#10794);
#10790 = LINE('',#10791,#10792);
#10791 = CARTESIAN_POINT('',(0.,0.));
#10792 = VECTOR('',#10793,1.);
#10793 = DIRECTION('',(0.,-1.));
#10794 = ( GEOMETRIC_REPRESENTATION_CONTEXT(2) 
PARAMETRIC_REPRESENTATION_CONTEXT() REPRESENTATION_CONTEXT('2D SPACE',''
  ) );
#10795 = PCURVE('',#10796,#10801);
#10796 = PLANE('',#10797);
#10797 = AXIS2_PLACEMENT_3D('',#10798,#10799,#10800);
#10798 = CARTESIAN_POINT('',(67.,-0.55,1.8));
#10799 = DIRECTION('',(0.,0.,1.));
#10800 = DIRECTION('',(1.,0.,0.));
#10801 = DEFINITIONAL_REPRESENTATION('',(#10802),#10806);
#10802 = LINE('',#10803,#10804);
#10803 = CARTESIAN_POINT('',(0.,0.));
#10804 = VECTOR('',#10805,1.);
#10805 = DIRECTION('',(0.,1.));
#10806 = ( GEOMETRIC_REPRESENTATION_CONTEXT(2) 
PARAMETRIC_REPRESENTATION_CONTEXT() REPRESENTATION_CONTEXT('2D SPACE',''
  ) );
#10807 = ORIENTED_EDGE('',*,*,#10808,.T.);
#10808 = EDGE_CURVE('',#10781,#5341,#10809,.T.);
#10809 = SURFACE_CURVE('',#10810,(#10814,#10821),.PCURVE_S1.);
#10810 = LINE('',#10811,#10812);
#10811 = CARTESIAN_POINT('',(67.,1.15,1.8));
#10812 = VECTOR('',#10813,1.);
#10813 = DIRECTION('',(0.,0.,1.));
#10814 = PCURVE('',#5355,#10815);
#10815 = DEFINITIONAL_REPRESENTATION('',(#10816),#10820);
#10816 = LINE('',#10817,#10818);
#10817 = CARTESIAN_POINT('',(0.,-1.7));
#10818 = VECTOR('',#10819,1.);
#10819 = DIRECTION('',(1.,0.));
#10820 = ( GEOMETRIC_REPRESENTATION_CONTEXT(2) 
PARAMETRIC_REPRESENTATION_CONTEXT() REPRESENTATION_CONTEXT('2D SPACE',''
  ) );
#10821 = PCURVE('',#5381,#10822);
#10822 = DEFINITIONAL_REPRESENTATION('',(#10823),#10827);
#10823 = LINE('',#10824,#10825);
#10824 = CARTESIAN_POINT('',(0.,0.));
#10825 = VECTOR('',#10826,1.);
#10826 = DIRECTION('',(1.,0.));
#10827 = ( GEOMETRIC_REPRESENTATION_CONTEXT(2) 
PARAMETRIC_REPRESENTATION_CONTEXT() REPRESENTATION_CONTEXT('2D SPACE',''
  ) );
#10828 = ORIENTED_EDGE('',*,*,#5340,.F.);
#10829 = ORIENTED_EDGE('',*,*,#10552,.F.);
#10830 = ORIENTED_EDGE('',*,*,#10728,.F.);
#10831 = ORIENTED_EDGE('',*,*,#10704,.F.);
#10832 = ORIENTED_EDGE('',*,*,#10833,.F.);
#10833 = EDGE_CURVE('',#10753,#10677,#10834,.T.);
#10834 = SURFACE_CURVE('',#10835,(#10839,#10845),.PCURVE_S1.);
#10835 = LINE('',#10836,#10837);
#10836 = CARTESIAN_POINT('',(67.,-11.2,6.6));
#10837 = VECTOR('',#10838,1.);
#10838 = DIRECTION('',(0.,1.,0.));
#10839 = PCURVE('',#5355,#10840);
#10840 = DEFINITIONAL_REPRESENTATION('',(#10841),#10844);
#10841 = B_SPLINE_CURVE_WITH_KNOTS('',1,(#10842,#10843),.UNSPECIFIED.,
  .F.,.F.,(2,2),(10.65,11.9),.PIECEWISE_BEZIER_KNOTS.);
#10842 = CARTESIAN_POINT('',(4.8,0.));
#10843 = CARTESIAN_POINT('',(4.8,-1.25));
#10844 = ( GEOMETRIC_REPRESENTATION_CONTEXT(2) 
PARAMETRIC_REPRESENTATION_CONTEXT() REPRESENTATION_CONTEXT('2D SPACE',''
  ) );
#10845 = PCURVE('',#2335,#10846);
#10846 = DEFINITIONAL_REPRESENTATION('',(#10847),#10851);
#10847 = LINE('',#10848,#10849);
#10848 = CARTESIAN_POINT('',(67.6,10.65));
#10849 = VECTOR('',#10850,1.);
#10850 = DIRECTION('',(0.,1.));
#10851 = ( GEOMETRIC_REPRESENTATION_CONTEXT(2) 
PARAMETRIC_REPRESENTATION_CONTEXT() REPRESENTATION_CONTEXT('2D SPACE',''
  ) );
#10852 = ADVANCED_FACE('',(#10853),#10796,.F.);
#10853 = FACE_BOUND('',#10854,.F.);
#10854 = EDGE_LOOP('',(#10855,#10856,#10879,#10902));
#10855 = ORIENTED_EDGE('',*,*,#10780,.F.);
#10856 = ORIENTED_EDGE('',*,*,#10857,.T.);
#10857 = EDGE_CURVE('',#10751,#10858,#10860,.T.);
#10858 = VERTEX_POINT('',#10859);
#10859 = CARTESIAN_POINT('',(69.,-0.55,1.8));
#10860 = SURFACE_CURVE('',#10861,(#10865,#10872),.PCURVE_S1.);
#10861 = LINE('',#10862,#10863);
#10862 = CARTESIAN_POINT('',(67.,-0.55,1.8));
#10863 = VECTOR('',#10864,1.);
#10864 = DIRECTION('',(1.,0.,0.));
#10865 = PCURVE('',#10796,#10866);
#10866 = DEFINITIONAL_REPRESENTATION('',(#10867),#10871);
#10867 = LINE('',#10868,#10869);
#10868 = CARTESIAN_POINT('',(0.,0.));
#10869 = VECTOR('',#10870,1.);
#10870 = DIRECTION('',(1.,0.));
#10871 = ( GEOMETRIC_REPRESENTATION_CONTEXT(2) 
PARAMETRIC_REPRESENTATION_CONTEXT() REPRESENTATION_CONTEXT('2D SPACE',''
  ) );
#10872 = PCURVE('',#10768,#10873);
#10873 = DEFINITIONAL_REPRESENTATION('',(#10874),#10878);
#10874 = LINE('',#10875,#10876);
#10875 = CARTESIAN_POINT('',(0.,0.));
#10876 = VECTOR('',#10877,1.);
#10877 = DIRECTION('',(0.,1.));
#10878 = ( GEOMETRIC_REPRESENTATION_CONTEXT(2) 
PARAMETRIC_REPRESENTATION_CONTEXT() REPRESENTATION_CONTEXT('2D SPACE',''
  ) );
#10879 = ORIENTED_EDGE('',*,*,#10880,.T.);
#10880 = EDGE_CURVE('',#10858,#10881,#10883,.T.);
#10881 = VERTEX_POINT('',#10882);
#10882 = CARTESIAN_POINT('',(69.,1.15,1.8));
#10883 = SURFACE_CURVE('',#10884,(#10888,#10895),.PCURVE_S1.);
#10884 = LINE('',#10885,#10886);
#10885 = CARTESIAN_POINT('',(69.,-0.55,1.8));
#10886 = VECTOR('',#10887,1.);
#10887 = DIRECTION('',(0.,1.,0.));
#10888 = PCURVE('',#10796,#10889);
#10889 = DEFINITIONAL_REPRESENTATION('',(#10890),#10894);
#10890 = LINE('',#10891,#10892);
#10891 = CARTESIAN_POINT('',(2.,0.));
#10892 = VECTOR('',#10893,1.);
#10893 = DIRECTION('',(0.,1.));
#10894 = ( GEOMETRIC_REPRESENTATION_CONTEXT(2) 
PARAMETRIC_REPRESENTATION_CONTEXT() REPRESENTATION_CONTEXT('2D SPACE',''
  ) );
#10895 = PCURVE('',#5407,#10896);
#10896 = DEFINITIONAL_REPRESENTATION('',(#10897),#10901);
#10897 = LINE('',#10898,#10899);
#10898 = CARTESIAN_POINT('',(0.,0.));
#10899 = VECTOR('',#10900,1.);
#10900 = DIRECTION('',(0.,-1.));
#10901 = ( GEOMETRIC_REPRESENTATION_CONTEXT(2) 
PARAMETRIC_REPRESENTATION_CONTEXT() REPRESENTATION_CONTEXT('2D SPACE',''
  ) );
#10902 = ORIENTED_EDGE('',*,*,#10903,.F.);
#10903 = EDGE_CURVE('',#10781,#10881,#10904,.T.);
#10904 = SURFACE_CURVE('',#10905,(#10909,#10916),.PCURVE_S1.);
#10905 = LINE('',#10906,#10907);
#10906 = CARTESIAN_POINT('',(67.,1.15,1.8));
#10907 = VECTOR('',#10908,1.);
#10908 = DIRECTION('',(1.,0.,0.));
#10909 = PCURVE('',#10796,#10910);
#10910 = DEFINITIONAL_REPRESENTATION('',(#10911),#10915);
#10911 = LINE('',#10912,#10913);
#10912 = CARTESIAN_POINT('',(0.,1.7));
#10913 = VECTOR('',#10914,1.);
#10914 = DIRECTION('',(1.,0.));
#10915 = ( GEOMETRIC_REPRESENTATION_CONTEXT(2) 
PARAMETRIC_REPRESENTATION_CONTEXT() REPRESENTATION_CONTEXT('2D SPACE',''
  ) );
#10916 = PCURVE('',#5381,#10917);
#10917 = DEFINITIONAL_REPRESENTATION('',(#10918),#10922);
#10918 = LINE('',#10919,#10920);
#10919 = CARTESIAN_POINT('',(0.,0.));
#10920 = VECTOR('',#10921,1.);
#10921 = DIRECTION('',(0.,1.));
#10922 = ( GEOMETRIC_REPRESENTATION_CONTEXT(2) 
PARAMETRIC_REPRESENTATION_CONTEXT() REPRESENTATION_CONTEXT('2D SPACE',''
  ) );
#10923 = ADVANCED_FACE('',(#10924),#10768,.F.);
#10924 = FACE_BOUND('',#10925,.F.);
#10925 = EDGE_LOOP('',(#10926,#10949,#10950,#10951));
#10926 = ORIENTED_EDGE('',*,*,#10927,.F.);
#10927 = EDGE_CURVE('',#10858,#10928,#10930,.T.);
#10928 = VERTEX_POINT('',#10929);
#10929 = CARTESIAN_POINT('',(69.,-0.55,6.6));
#10930 = SURFACE_CURVE('',#10931,(#10935,#10942),.PCURVE_S1.);
#10931 = LINE('',#10932,#10933);
#10932 = CARTESIAN_POINT('',(69.,-0.55,1.8));
#10933 = VECTOR('',#10934,1.);
#10934 = DIRECTION('',(0.,0.,1.));
#10935 = PCURVE('',#10768,#10936);
#10936 = DEFINITIONAL_REPRESENTATION('',(#10937),#10941);
#10937 = LINE('',#10938,#10939);
#10938 = CARTESIAN_POINT('',(0.,2.));
#10939 = VECTOR('',#10940,1.);
#10940 = DIRECTION('',(1.,0.));
#10941 = ( GEOMETRIC_REPRESENTATION_CONTEXT(2) 
PARAMETRIC_REPRESENTATION_CONTEXT() REPRESENTATION_CONTEXT('2D SPACE',''
  ) );
#10942 = PCURVE('',#5407,#10943);
#10943 = DEFINITIONAL_REPRESENTATION('',(#10944),#10948);
#10944 = LINE('',#10945,#10946);
#10945 = CARTESIAN_POINT('',(0.,0.));
#10946 = VECTOR('',#10947,1.);
#10947 = DIRECTION('',(1.,0.));
#10948 = ( GEOMETRIC_REPRESENTATION_CONTEXT(2) 
PARAMETRIC_REPRESENTATION_CONTEXT() REPRESENTATION_CONTEXT('2D SPACE',''
  ) );
#10949 = ORIENTED_EDGE('',*,*,#10857,.F.);
#10950 = ORIENTED_EDGE('',*,*,#10750,.T.);
#10951 = ORIENTED_EDGE('',*,*,#10952,.F.);
#10952 = EDGE_CURVE('',#10928,#10753,#10953,.T.);
#10953 = SURFACE_CURVE('',#10954,(#10958,#10964),.PCURVE_S1.);
#10954 = LINE('',#10955,#10956);
#10955 = CARTESIAN_POINT('',(33.2,-0.55,6.6));
#10956 = VECTOR('',#10957,1.);
#10957 = DIRECTION('',(-1.,0.,0.));
#10958 = PCURVE('',#10768,#10959);
#10959 = DEFINITIONAL_REPRESENTATION('',(#10960),#10963);
#10960 = B_SPLINE_CURVE_WITH_KNOTS('',1,(#10961,#10962),.UNSPECIFIED.,
  .F.,.F.,(2,2),(-35.8,-33.8),.PIECEWISE_BEZIER_KNOTS.);
#10961 = CARTESIAN_POINT('',(4.8,2.));
#10962 = CARTESIAN_POINT('',(4.8,0.));
#10963 = ( GEOMETRIC_REPRESENTATION_CONTEXT(2) 
PARAMETRIC_REPRESENTATION_CONTEXT() REPRESENTATION_CONTEXT('2D SPACE',''
  ) );
#10964 = PCURVE('',#2335,#10965);
#10965 = DEFINITIONAL_REPRESENTATION('',(#10966),#10970);
#10966 = LINE('',#10967,#10968);
#10967 = CARTESIAN_POINT('',(33.8,21.3));
#10968 = VECTOR('',#10969,1.);
#10969 = DIRECTION('',(-1.,0.));
#10970 = ( GEOMETRIC_REPRESENTATION_CONTEXT(2) 
PARAMETRIC_REPRESENTATION_CONTEXT() REPRESENTATION_CONTEXT('2D SPACE',''
  ) );
#10971 = ADVANCED_FACE('',(#10972),#5381,.T.);
#10972 = FACE_BOUND('',#10973,.T.);
#10973 = EDGE_LOOP('',(#10974,#10995,#10996,#10997));
#10974 = ORIENTED_EDGE('',*,*,#10975,.F.);
#10975 = EDGE_CURVE('',#10881,#5367,#10976,.T.);
#10976 = SURFACE_CURVE('',#10977,(#10981,#10988),.PCURVE_S1.);
#10977 = LINE('',#10978,#10979);
#10978 = CARTESIAN_POINT('',(69.,1.15,1.8));
#10979 = VECTOR('',#10980,1.);
#10980 = DIRECTION('',(0.,0.,1.));
#10981 = PCURVE('',#5381,#10982);
#10982 = DEFINITIONAL_REPRESENTATION('',(#10983),#10987);
#10983 = LINE('',#10984,#10985);
#10984 = CARTESIAN_POINT('',(0.,2.));
#10985 = VECTOR('',#10986,1.);
#10986 = DIRECTION('',(1.,0.));
#10987 = ( GEOMETRIC_REPRESENTATION_CONTEXT(2) 
PARAMETRIC_REPRESENTATION_CONTEXT() REPRESENTATION_CONTEXT('2D SPACE',''
  ) );
#10988 = PCURVE('',#5407,#10989);
#10989 = DEFINITIONAL_REPRESENTATION('',(#10990),#10994);
#10990 = LINE('',#10991,#10992);
#10991 = CARTESIAN_POINT('',(0.,-1.7));
#10992 = VECTOR('',#10993,1.);
#10993 = DIRECTION('',(1.,0.));
#10994 = ( GEOMETRIC_REPRESENTATION_CONTEXT(2) 
PARAMETRIC_REPRESENTATION_CONTEXT() REPRESENTATION_CONTEXT('2D SPACE',''
  ) );
#10995 = ORIENTED_EDGE('',*,*,#10903,.F.);
#10996 = ORIENTED_EDGE('',*,*,#10808,.T.);
#10997 = ORIENTED_EDGE('',*,*,#5366,.F.);
#10998 = ADVANCED_FACE('',(#10999),#5407,.T.);
#10999 = FACE_BOUND('',#11000,.T.);
#11000 = EDGE_LOOP('',(#11001,#11002,#11003,#11004,#11005,#11026,#11052,
    #11078));
#11001 = ORIENTED_EDGE('',*,*,#10927,.F.);
#11002 = ORIENTED_EDGE('',*,*,#10880,.T.);
#11003 = ORIENTED_EDGE('',*,*,#10975,.T.);
#11004 = ORIENTED_EDGE('',*,*,#5392,.F.);
#11005 = ORIENTED_EDGE('',*,*,#11006,.F.);
#11006 = EDGE_CURVE('',#11007,#5393,#11009,.T.);
#11007 = VERTEX_POINT('',#11008);
#11008 = CARTESIAN_POINT('',(69.,0.7,4.55));
#11009 = SURFACE_CURVE('',#11010,(#11014,#11020),.PCURVE_S1.);
#11010 = LINE('',#11011,#11012);
#11011 = CARTESIAN_POINT('',(69.,0.7,-1.1));
#11012 = VECTOR('',#11013,1.);
#11013 = DIRECTION('',(0.,0.,-1.));
#11014 = PCURVE('',#5407,#11015);
#11015 = DEFINITIONAL_REPRESENTATION('',(#11016),#11019);
#11016 = B_SPLINE_CURVE_WITH_KNOTS('',1,(#11017,#11018),.UNSPECIFIED.,
  .F.,.F.,(2,2),(-7.7,-5.5),.PIECEWISE_BEZIER_KNOTS.);
#11017 = CARTESIAN_POINT('',(4.8,-1.25));
#11018 = CARTESIAN_POINT('',(2.6,-1.25));
#11019 = ( GEOMETRIC_REPRESENTATION_CONTEXT(2) 
PARAMETRIC_REPRESENTATION_CONTEXT() REPRESENTATION_CONTEXT('2D SPACE',''
  ) );
#11020 = PCURVE('',#5433,#11021);
#11021 = DEFINITIONAL_REPRESENTATION('',(#11022),#11025);
#11022 = B_SPLINE_CURVE_WITH_KNOTS('',1,(#11023,#11024),.UNSPECIFIED.,
  .F.,.F.,(2,2),(-7.7,-5.5),.PIECEWISE_BEZIER_KNOTS.);
#11023 = CARTESIAN_POINT('',(10.6,69.6));
#11024 = CARTESIAN_POINT('',(8.4,69.6));
#11025 = ( GEOMETRIC_REPRESENTATION_CONTEXT(2) 
PARAMETRIC_REPRESENTATION_CONTEXT() REPRESENTATION_CONTEXT('2D SPACE',''
  ) );
#11026 = ORIENTED_EDGE('',*,*,#11027,.F.);
#11027 = EDGE_CURVE('',#11028,#11007,#11030,.T.);
#11028 = VERTEX_POINT('',#11029);
#11029 = CARTESIAN_POINT('',(69.,0.360263169286,4.55));
#11030 = SURFACE_CURVE('',#11031,(#11035,#11041),.PCURVE_S1.);
#11031 = LINE('',#11032,#11033);
#11032 = CARTESIAN_POINT('',(69.,1.425,4.55));
#11033 = VECTOR('',#11034,1.);
#11034 = DIRECTION('',(0.,1.,0.));
#11035 = PCURVE('',#5407,#11036);
#11036 = DEFINITIONAL_REPRESENTATION('',(#11037),#11040);
#11037 = B_SPLINE_CURVE_WITH_KNOTS('',1,(#11038,#11039),.UNSPECIFIED.,
  .F.,.F.,(2,2),(-1.225,-0.725),.PIECEWISE_BEZIER_KNOTS.);
#11038 = CARTESIAN_POINT('',(2.75,-0.75));
#11039 = CARTESIAN_POINT('',(2.75,-1.25));
#11040 = ( GEOMETRIC_REPRESENTATION_CONTEXT(2) 
PARAMETRIC_REPRESENTATION_CONTEXT() REPRESENTATION_CONTEXT('2D SPACE',''
  ) );
#11041 = PCURVE('',#11042,#11047);
#11042 = PLANE('',#11043);
#11043 = AXIS2_PLACEMENT_3D('',#11044,#11045,#11046);
#11044 = CARTESIAN_POINT('',(68.,3.4,4.55));
#11045 = DIRECTION('',(0.,0.,1.));
#11046 = DIRECTION('',(1.,0.,-0.));
#11047 = DEFINITIONAL_REPRESENTATION('',(#11048),#11051);
#11048 = B_SPLINE_CURVE_WITH_KNOTS('',1,(#11049,#11050),.UNSPECIFIED.,
  .F.,.F.,(2,2),(-1.225,-0.725),.PIECEWISE_BEZIER_KNOTS.);
#11049 = CARTESIAN_POINT('',(1.,-3.2));
#11050 = CARTESIAN_POINT('',(1.,-2.7));
#11051 = ( GEOMETRIC_REPRESENTATION_CONTEXT(2) 
PARAMETRIC_REPRESENTATION_CONTEXT() REPRESENTATION_CONTEXT('2D SPACE',''
  ) );
#11052 = ORIENTED_EDGE('',*,*,#11053,.F.);
#11053 = EDGE_CURVE('',#11054,#11028,#11056,.T.);
#11054 = VERTEX_POINT('',#11055);
#11055 = CARTESIAN_POINT('',(69.,0.360263169286,6.6));
#11056 = SURFACE_CURVE('',#11057,(#11061,#11067),.PCURVE_S1.);
#11057 = LINE('',#11058,#11059);
#11058 = CARTESIAN_POINT('',(69.,0.360263169286,4.55));
#11059 = VECTOR('',#11060,1.);
#11060 = DIRECTION('',(-0.,-0.,-1.));
#11061 = PCURVE('',#5407,#11062);
#11062 = DEFINITIONAL_REPRESENTATION('',(#11063),#11066);
#11063 = B_SPLINE_CURVE_WITH_KNOTS('',1,(#11064,#11065),.UNSPECIFIED.,
  .F.,.F.,(2,2),(-2.0500006,5.999999999062E-07),
  .PIECEWISE_BEZIER_KNOTS.);
#11064 = CARTESIAN_POINT('',(4.8000006,-0.910263169286));
#11065 = CARTESIAN_POINT('',(2.7499994,-0.910263169286));
#11066 = ( GEOMETRIC_REPRESENTATION_CONTEXT(2) 
PARAMETRIC_REPRESENTATION_CONTEXT() REPRESENTATION_CONTEXT('2D SPACE',''
  ) );
#11067 = PCURVE('',#11068,#11073);
#11068 = CYLINDRICAL_SURFACE('',#11069,3.2);
#11069 = AXIS2_PLACEMENT_3D('',#11070,#11071,#11072);
#11070 = CARTESIAN_POINT('',(68.,3.4,4.55));
#11071 = DIRECTION('',(-0.,-0.,-1.));
#11072 = DIRECTION('',(1.,0.,0.));
#11073 = DEFINITIONAL_REPRESENTATION('',(#11074),#11077);
#11074 = B_SPLINE_CURVE_WITH_KNOTS('',1,(#11075,#11076),.UNSPECIFIED.,
  .F.,.F.,(2,2),(-2.0500006,5.999999999062E-07),
  .PIECEWISE_BEZIER_KNOTS.);
#11075 = CARTESIAN_POINT('',(-5.030212684313,-2.0500006));
#11076 = CARTESIAN_POINT('',(-5.030212684313,5.999999999062E-07));
#11077 = ( GEOMETRIC_REPRESENTATION_CONTEXT(2) 
PARAMETRIC_REPRESENTATION_CONTEXT() REPRESENTATION_CONTEXT('2D SPACE',''
  ) );
#11078 = ORIENTED_EDGE('',*,*,#11079,.F.);
#11079 = EDGE_CURVE('',#10928,#11054,#11080,.T.);
#11080 = SURFACE_CURVE('',#11081,(#11085,#11091),.PCURVE_S1.);
#11081 = LINE('',#11082,#11083);
#11082 = CARTESIAN_POINT('',(69.,-11.2,6.6));
#11083 = VECTOR('',#11084,1.);
#11084 = DIRECTION('',(0.,1.,0.));
#11085 = PCURVE('',#5407,#11086);
#11086 = DEFINITIONAL_REPRESENTATION('',(#11087),#11090);
#11087 = B_SPLINE_CURVE_WITH_KNOTS('',1,(#11088,#11089),.UNSPECIFIED.,
  .F.,.F.,(2,2),(10.65,11.9),.PIECEWISE_BEZIER_KNOTS.);
#11088 = CARTESIAN_POINT('',(4.8,0.));
#11089 = CARTESIAN_POINT('',(4.8,-1.25));
#11090 = ( GEOMETRIC_REPRESENTATION_CONTEXT(2) 
PARAMETRIC_REPRESENTATION_CONTEXT() REPRESENTATION_CONTEXT('2D SPACE',''
  ) );
#11091 = PCURVE('',#2335,#11092);
#11092 = DEFINITIONAL_REPRESENTATION('',(#11093),#11097);
#11093 = LINE('',#11094,#11095);
#11094 = CARTESIAN_POINT('',(69.6,10.65));
#11095 = VECTOR('',#11096,1.);
#11096 = DIRECTION('',(0.,1.));
#11097 = ( GEOMETRIC_REPRESENTATION_CONTEXT(2) 
PARAMETRIC_REPRESENTATION_CONTEXT() REPRESENTATION_CONTEXT('2D SPACE',''
  ) );
#11098 = ADVANCED_FACE('',(#11099),#11042,.F.);
#11099 = FACE_BOUND('',#11100,.F.);
#11100 = EDGE_LOOP('',(#11101,#11122,#11123));
#11101 = ORIENTED_EDGE('',*,*,#11102,.F.);
#11102 = EDGE_CURVE('',#11007,#11103,#11105,.T.);
#11103 = VERTEX_POINT('',#11104);
#11104 = CARTESIAN_POINT('',(69.717556403732,0.7,4.55));
#11105 = SURFACE_CURVE('',#11106,(#11110,#11116),.PCURVE_S1.);
#11106 = LINE('',#11107,#11108);
#11107 = CARTESIAN_POINT('',(33.7,0.7,4.55));
#11108 = VECTOR('',#11109,1.);
#11109 = DIRECTION('',(1.,0.,0.));
#11110 = PCURVE('',#11042,#11111);
#11111 = DEFINITIONAL_REPRESENTATION('',(#11112),#11115);
#11112 = B_SPLINE_CURVE_WITH_KNOTS('',1,(#11113,#11114),.UNSPECIFIED.,
  .F.,.F.,(2,2),(31.1,37.5),.PIECEWISE_BEZIER_KNOTS.);
#11113 = CARTESIAN_POINT('',(-3.2,-2.7));
#11114 = CARTESIAN_POINT('',(3.2,-2.7));
#11115 = ( GEOMETRIC_REPRESENTATION_CONTEXT(2) 
PARAMETRIC_REPRESENTATION_CONTEXT() REPRESENTATION_CONTEXT('2D SPACE',''
  ) );
#11116 = PCURVE('',#5433,#11117);
#11117 = DEFINITIONAL_REPRESENTATION('',(#11118),#11121);
#11118 = B_SPLINE_CURVE_WITH_KNOTS('',1,(#11119,#11120),.UNSPECIFIED.,
  .F.,.F.,(2,2),(31.1,37.5),.PIECEWISE_BEZIER_KNOTS.);
#11119 = CARTESIAN_POINT('',(8.55,65.4));
#11120 = CARTESIAN_POINT('',(8.55,71.8));
#11121 = ( GEOMETRIC_REPRESENTATION_CONTEXT(2) 
PARAMETRIC_REPRESENTATION_CONTEXT() REPRESENTATION_CONTEXT('2D SPACE',''
  ) );
#11122 = ORIENTED_EDGE('',*,*,#11027,.F.);
#11123 = ORIENTED_EDGE('',*,*,#11124,.T.);
#11124 = EDGE_CURVE('',#11028,#11103,#11125,.T.);
#11125 = SURFACE_CURVE('',#11126,(#11131,#11138),.PCURVE_S1.);
#11126 = CIRCLE('',#11127,3.2);
#11127 = AXIS2_PLACEMENT_3D('',#11128,#11129,#11130);
#11128 = CARTESIAN_POINT('',(68.,3.4,4.55));
#11129 = DIRECTION('',(0.,0.,1.));
#11130 = DIRECTION('',(1.,0.,0.));
#11131 = PCURVE('',#11042,#11132);
#11132 = DEFINITIONAL_REPRESENTATION('',(#11133),#11137);
#11133 = CIRCLE('',#11134,3.2);
#11134 = AXIS2_PLACEMENT_2D('',#11135,#11136);
#11135 = CARTESIAN_POINT('',(0.,-4.440892098501E-16));
#11136 = DIRECTION('',(1.,0.));
#11137 = ( GEOMETRIC_REPRESENTATION_CONTEXT(2) 
PARAMETRIC_REPRESENTATION_CONTEXT() REPRESENTATION_CONTEXT('2D SPACE',''
  ) );
#11138 = PCURVE('',#11068,#11139);
#11139 = DEFINITIONAL_REPRESENTATION('',(#11140),#11144);
#11140 = LINE('',#11141,#11142);
#11141 = CARTESIAN_POINT('',(-0.,0.));
#11142 = VECTOR('',#11143,1.);
#11143 = DIRECTION('',(-1.,0.));
#11144 = ( GEOMETRIC_REPRESENTATION_CONTEXT(2) 
PARAMETRIC_REPRESENTATION_CONTEXT() REPRESENTATION_CONTEXT('2D SPACE',''
  ) );
#11145 = ADVANCED_FACE('',(#11146),#11068,.T.);
#11146 = FACE_BOUND('',#11147,.F.);
#11147 = EDGE_LOOP('',(#11148,#11149,#11150,#11178));
#11148 = ORIENTED_EDGE('',*,*,#11124,.F.);
#11149 = ORIENTED_EDGE('',*,*,#11053,.F.);
#11150 = ORIENTED_EDGE('',*,*,#11151,.F.);
#11151 = EDGE_CURVE('',#11152,#11054,#11154,.T.);
#11152 = VERTEX_POINT('',#11153);
#11153 = CARTESIAN_POINT('',(69.717556403731,0.7,6.6));
#11154 = SURFACE_CURVE('',#11155,(#11160,#11167),.PCURVE_S1.);
#11155 = CIRCLE('',#11156,3.2);
#11156 = AXIS2_PLACEMENT_3D('',#11157,#11158,#11159);
#11157 = CARTESIAN_POINT('',(68.,3.4,6.6));
#11158 = DIRECTION('',(0.,0.,-1.));
#11159 = DIRECTION('',(1.,0.,0.));
#11160 = PCURVE('',#11068,#11161);
#11161 = DEFINITIONAL_REPRESENTATION('',(#11162),#11166);
#11162 = LINE('',#11163,#11164);
#11163 = CARTESIAN_POINT('',(-6.28318530718,-2.05));
#11164 = VECTOR('',#11165,1.);
#11165 = DIRECTION('',(1.,-0.));
#11166 = ( GEOMETRIC_REPRESENTATION_CONTEXT(2) 
PARAMETRIC_REPRESENTATION_CONTEXT() REPRESENTATION_CONTEXT('2D SPACE',''
  ) );
#11167 = PCURVE('',#2335,#11168);
#11168 = DEFINITIONAL_REPRESENTATION('',(#11169),#11177);
#11169 = ( BOUNDED_CURVE() B_SPLINE_CURVE(2,(#11170,#11171,#11172,#11173
    ,#11174,#11175,#11176),.UNSPECIFIED.,.T.,.F.) 
B_SPLINE_CURVE_WITH_KNOTS((1,2,2,2,2,1),(-2.094395102393,0.,
    2.094395102393,4.188790204786,6.28318530718,8.377580409573),
.UNSPECIFIED.) CURVE() GEOMETRIC_REPRESENTATION_ITEM() 
RATIONAL_B_SPLINE_CURVE((1.,0.5,1.,0.5,1.,0.5,1.)) REPRESENTATION_ITEM(
  '') );
#11170 = CARTESIAN_POINT('',(71.8,25.25));
#11171 = CARTESIAN_POINT('',(71.8,19.70743741578));
#11172 = CARTESIAN_POINT('',(67.,22.47871870789));
#11173 = CARTESIAN_POINT('',(62.2,25.25));
#11174 = CARTESIAN_POINT('',(67.,28.02128129211));
#11175 = CARTESIAN_POINT('',(71.8,30.79256258422));
#11176 = CARTESIAN_POINT('',(71.8,25.25));
#11177 = ( GEOMETRIC_REPRESENTATION_CONTEXT(2) 
PARAMETRIC_REPRESENTATION_CONTEXT() REPRESENTATION_CONTEXT('2D SPACE',''
  ) );
#11178 = ORIENTED_EDGE('',*,*,#11179,.T.);
#11179 = EDGE_CURVE('',#11152,#11103,#11180,.T.);
#11180 = SURFACE_CURVE('',#11181,(#11185,#11191),.PCURVE_S1.);
#11181 = LINE('',#11182,#11183);
#11182 = CARTESIAN_POINT('',(69.717556403732,0.7,4.55));
#11183 = VECTOR('',#11184,1.);
#11184 = DIRECTION('',(-0.,-0.,-1.));
#11185 = PCURVE('',#11068,#11186);
#11186 = DEFINITIONAL_REPRESENTATION('',(#11187),#11190);
#11187 = B_SPLINE_CURVE_WITH_KNOTS('',1,(#11188,#11189),.UNSPECIFIED.,
  .F.,.F.,(2,2),(-2.1500006,5.999999999062E-07),
  .PIECEWISE_BEZIER_KNOTS.);
#11188 = CARTESIAN_POINT('',(-5.278953311006,-2.1500006));
#11189 = CARTESIAN_POINT('',(-5.278953311006,5.999999999062E-07));
#11190 = ( GEOMETRIC_REPRESENTATION_CONTEXT(2) 
PARAMETRIC_REPRESENTATION_CONTEXT() REPRESENTATION_CONTEXT('2D SPACE',''
  ) );
#11191 = PCURVE('',#5433,#11192);
#11192 = DEFINITIONAL_REPRESENTATION('',(#11193),#11196);
#11193 = B_SPLINE_CURVE_WITH_KNOTS('',1,(#11194,#11195),.UNSPECIFIED.,
  .F.,.F.,(2,2),(-2.1500006,5.999999999062E-07),
  .PIECEWISE_BEZIER_KNOTS.);
#11194 = CARTESIAN_POINT('',(10.7000006,70.317556403732));
#11195 = CARTESIAN_POINT('',(8.5499994,70.317556403732));
#11196 = ( GEOMETRIC_REPRESENTATION_CONTEXT(2) 
PARAMETRIC_REPRESENTATION_CONTEXT() REPRESENTATION_CONTEXT('2D SPACE',''
  ) );
#11197 = ADVANCED_FACE('',(#11198),#5433,.F.);
#11198 = FACE_BOUND('',#11199,.F.);
#11199 = EDGE_LOOP('',(#11200,#11223,#11224,#11225,#11226,#11227));
#11200 = ORIENTED_EDGE('',*,*,#11201,.F.);
#11201 = EDGE_CURVE('',#5419,#11202,#11204,.T.);
#11202 = VERTEX_POINT('',#11203);
#11203 = CARTESIAN_POINT('',(71.7,0.7,6.6));
#11204 = SURFACE_CURVE('',#11205,(#11209,#11216),.PCURVE_S1.);
#11205 = LINE('',#11206,#11207);
#11206 = CARTESIAN_POINT('',(71.7,0.7,-4.));
#11207 = VECTOR('',#11208,1.);
#11208 = DIRECTION('',(0.,0.,1.));
#11209 = PCURVE('',#5433,#11210);
#11210 = DEFINITIONAL_REPRESENTATION('',(#11211),#11215);
#11211 = LINE('',#11212,#11213);
#11212 = CARTESIAN_POINT('',(0.,72.3));
#11213 = VECTOR('',#11214,1.);
#11214 = DIRECTION('',(1.,0.));
#11215 = ( GEOMETRIC_REPRESENTATION_CONTEXT(2) 
PARAMETRIC_REPRESENTATION_CONTEXT() REPRESENTATION_CONTEXT('2D SPACE',''
  ) );
#11216 = PCURVE('',#4773,#11217);
#11217 = DEFINITIONAL_REPRESENTATION('',(#11218),#11222);
#11218 = LINE('',#11219,#11220);
#11219 = CARTESIAN_POINT('',(0.,-22.55));
#11220 = VECTOR('',#11221,1.);
#11221 = DIRECTION('',(1.,0.));
#11222 = ( GEOMETRIC_REPRESENTATION_CONTEXT(2) 
PARAMETRIC_REPRESENTATION_CONTEXT() REPRESENTATION_CONTEXT('2D SPACE',''
  ) );
#11223 = ORIENTED_EDGE('',*,*,#5418,.T.);
#11224 = ORIENTED_EDGE('',*,*,#11006,.F.);
#11225 = ORIENTED_EDGE('',*,*,#11102,.T.);
#11226 = ORIENTED_EDGE('',*,*,#11179,.F.);
#11227 = ORIENTED_EDGE('',*,*,#11228,.T.);
#11228 = EDGE_CURVE('',#11152,#11202,#11229,.T.);
#11229 = SURFACE_CURVE('',#11230,(#11234,#11241),.PCURVE_S1.);
#11230 = LINE('',#11231,#11232);
#11231 = CARTESIAN_POINT('',(-0.6,0.7,6.6));
#11232 = VECTOR('',#11233,1.);
#11233 = DIRECTION('',(1.,0.,0.));
#11234 = PCURVE('',#5433,#11235);
#11235 = DEFINITIONAL_REPRESENTATION('',(#11236),#11240);
#11236 = LINE('',#11237,#11238);
#11237 = CARTESIAN_POINT('',(10.6,0.));
#11238 = VECTOR('',#11239,1.);
#11239 = DIRECTION('',(0.,1.));
#11240 = ( GEOMETRIC_REPRESENTATION_CONTEXT(2) 
PARAMETRIC_REPRESENTATION_CONTEXT() REPRESENTATION_CONTEXT('2D SPACE',''
  ) );
#11241 = PCURVE('',#2335,#11242);
#11242 = DEFINITIONAL_REPRESENTATION('',(#11243),#11247);
#11243 = LINE('',#11244,#11245);
#11244 = CARTESIAN_POINT('',(0.,22.55));
#11245 = VECTOR('',#11246,1.);
#11246 = DIRECTION('',(1.,0.));
#11247 = ( GEOMETRIC_REPRESENTATION_CONTEXT(2) 
PARAMETRIC_REPRESENTATION_CONTEXT() REPRESENTATION_CONTEXT('2D SPACE',''
  ) );
#11248 = ADVANCED_FACE('',(#11249),#4773,.F.);
#11249 = FACE_BOUND('',#11250,.F.);
#11250 = EDGE_LOOP('',(#11251,#11252,#11253,#11254));
#11251 = ORIENTED_EDGE('',*,*,#4760,.F.);
#11252 = ORIENTED_EDGE('',*,*,#5444,.T.);
#11253 = ORIENTED_EDGE('',*,*,#11201,.T.);
#11254 = ORIENTED_EDGE('',*,*,#11255,.F.);
#11255 = EDGE_CURVE('',#4668,#11202,#11256,.T.);
#11256 = SURFACE_CURVE('',#11257,(#11261,#11268),.PCURVE_S1.);
#11257 = LINE('',#11258,#11259);
#11258 = CARTESIAN_POINT('',(71.7,-21.85,6.6));
#11259 = VECTOR('',#11260,1.);
#11260 = DIRECTION('',(0.,1.,0.));
#11261 = PCURVE('',#4773,#11262);
#11262 = DEFINITIONAL_REPRESENTATION('',(#11263),#11267);
#11263 = LINE('',#11264,#11265);
#11264 = CARTESIAN_POINT('',(10.6,0.));
#11265 = VECTOR('',#11266,1.);
#11266 = DIRECTION('',(0.,-1.));
#11267 = ( GEOMETRIC_REPRESENTATION_CONTEXT(2) 
PARAMETRIC_REPRESENTATION_CONTEXT() REPRESENTATION_CONTEXT('2D SPACE',''
  ) );
#11268 = PCURVE('',#2335,#11269);
#11269 = DEFINITIONAL_REPRESENTATION('',(#11270),#11274);
#11270 = LINE('',#11271,#11272);
#11271 = CARTESIAN_POINT('',(72.3,0.));
#11272 = VECTOR('',#11273,1.);
#11273 = DIRECTION('',(0.,1.));
#11274 = ( GEOMETRIC_REPRESENTATION_CONTEXT(2) 
PARAMETRIC_REPRESENTATION_CONTEXT() REPRESENTATION_CONTEXT('2D SPACE',''
  ) );
#11275 = ADVANCED_FACE('',(#11276),#4530,.F.);
#11276 = FACE_BOUND('',#11277,.F.);
#11277 = EDGE_LOOP('',(#11278,#11279,#11280,#11281));
#11278 = ORIENTED_EDGE('',*,*,#4690,.F.);
#11279 = ORIENTED_EDGE('',*,*,#4643,.F.);
#11280 = ORIENTED_EDGE('',*,*,#4514,.T.);
#11281 = ORIENTED_EDGE('',*,*,#11282,.T.);
#11282 = EDGE_CURVE('',#4515,#4691,#11283,.T.);
#11283 = SURFACE_CURVE('',#11284,(#11288,#11294),.PCURVE_S1.);
#11284 = LINE('',#11285,#11286);
#11285 = CARTESIAN_POINT('',(73.6,-20.75,6.75));
#11286 = VECTOR('',#11287,1.);
#11287 = DIRECTION('',(0.,1.,-0.));
#11288 = PCURVE('',#4530,#11289);
#11289 = DEFINITIONAL_REPRESENTATION('',(#11290),#11293);
#11290 = B_SPLINE_CURVE_WITH_KNOTS('',1,(#11291,#11292),.UNSPECIFIED.,
  .F.,.F.,(2,2),(2.95,16.45),.PIECEWISE_BEZIER_KNOTS.);
#11291 = CARTESIAN_POINT('',(4.2,0.));
#11292 = CARTESIAN_POINT('',(4.2,13.5));
#11293 = ( GEOMETRIC_REPRESENTATION_CONTEXT(2) 
PARAMETRIC_REPRESENTATION_CONTEXT() REPRESENTATION_CONTEXT('2D SPACE',''
  ) );
#11294 = PCURVE('',#4557,#11295);
#11295 = DEFINITIONAL_REPRESENTATION('',(#11296),#11299);
#11296 = B_SPLINE_CURVE_WITH_KNOTS('',1,(#11297,#11298),.UNSPECIFIED.,
  .F.,.F.,(2,2),(2.95,16.45),.PIECEWISE_BEZIER_KNOTS.);
#11297 = CARTESIAN_POINT('',(5.9,-2.35));
#11298 = CARTESIAN_POINT('',(19.4,-2.35));
#11299 = ( GEOMETRIC_REPRESENTATION_CONTEXT(2) 
PARAMETRIC_REPRESENTATION_CONTEXT() REPRESENTATION_CONTEXT('2D SPACE',''
  ) );
#11300 = ADVANCED_FACE('',(#11301),#4557,.F.);
#11301 = FACE_BOUND('',#11302,.F.);
#11302 = EDGE_LOOP('',(#11303,#11326,#11327,#11328,#11329,#11330,#11331,
    #11332));
#11303 = ORIENTED_EDGE('',*,*,#11304,.T.);
#11304 = EDGE_CURVE('',#11305,#9317,#11307,.T.);
#11305 = VERTEX_POINT('',#11306);
#11306 = CARTESIAN_POINT('',(73.6,-21.7,4.4));
#11307 = SURFACE_CURVE('',#11308,(#11312,#11319),.PCURVE_S1.);
#11308 = LINE('',#11309,#11310);
#11309 = CARTESIAN_POINT('',(73.6,-21.7,4.4));
#11310 = VECTOR('',#11311,1.);
#11311 = DIRECTION('',(0.,0.,1.));
#11312 = PCURVE('',#4557,#11313);
#11313 = DEFINITIONAL_REPRESENTATION('',(#11314),#11318);
#11314 = LINE('',#11315,#11316);
#11315 = CARTESIAN_POINT('',(2.,0.));
#11316 = VECTOR('',#11317,1.);
#11317 = DIRECTION('',(0.,-1.));
#11318 = ( GEOMETRIC_REPRESENTATION_CONTEXT(2) 
PARAMETRIC_REPRESENTATION_CONTEXT() REPRESENTATION_CONTEXT('2D SPACE',''
  ) );
#11319 = PCURVE('',#126,#11320);
#11320 = DEFINITIONAL_REPRESENTATION('',(#11321),#11325);
#11321 = LINE('',#11322,#11323);
#11322 = CARTESIAN_POINT('',(1.570796326795,0.));
#11323 = VECTOR('',#11324,1.);
#11324 = DIRECTION('',(0.,1.));
#11325 = ( GEOMETRIC_REPRESENTATION_CONTEXT(2) 
PARAMETRIC_REPRESENTATION_CONTEXT() REPRESENTATION_CONTEXT('2D SPACE',''
  ) );
#11326 = ORIENTED_EDGE('',*,*,#9366,.T.);
#11327 = ORIENTED_EDGE('',*,*,#6026,.F.);
#11328 = ORIENTED_EDGE('',*,*,#4788,.F.);
#11329 = ORIENTED_EDGE('',*,*,#4713,.F.);
#11330 = ORIENTED_EDGE('',*,*,#11282,.F.);
#11331 = ORIENTED_EDGE('',*,*,#4542,.T.);
#11332 = ORIENTED_EDGE('',*,*,#11333,.F.);
#11333 = EDGE_CURVE('',#11305,#4543,#11334,.T.);
#11334 = SURFACE_CURVE('',#11335,(#11339,#11346),.PCURVE_S1.);
#11335 = LINE('',#11336,#11337);
#11336 = CARTESIAN_POINT('',(73.6,-23.7,4.4));
#11337 = VECTOR('',#11338,1.);
#11338 = DIRECTION('',(0.,1.,0.));
#11339 = PCURVE('',#4557,#11340);
#11340 = DEFINITIONAL_REPRESENTATION('',(#11341),#11345);
#11341 = LINE('',#11342,#11343);
#11342 = CARTESIAN_POINT('',(0.,0.));
#11343 = VECTOR('',#11344,1.);
#11344 = DIRECTION('',(1.,0.));
#11345 = ( GEOMETRIC_REPRESENTATION_CONTEXT(2) 
PARAMETRIC_REPRESENTATION_CONTEXT() REPRESENTATION_CONTEXT('2D SPACE',''
  ) );
#11346 = PCURVE('',#152,#11347);
#11347 = DEFINITIONAL_REPRESENTATION('',(#11348),#11352);
#11348 = LINE('',#11349,#11350);
#11349 = CARTESIAN_POINT('',(37.210934462678,-13.88899684058));
#11350 = VECTOR('',#11351,1.);
#11351 = DIRECTION('',(0.,1.));
#11352 = ( GEOMETRIC_REPRESENTATION_CONTEXT(2) 
PARAMETRIC_REPRESENTATION_CONTEXT() REPRESENTATION_CONTEXT('2D SPACE',''
  ) );
#11353 = ADVANCED_FACE('',(#11354),#4066,.T.);
#11354 = FACE_BOUND('',#11355,.T.);
#11355 = EDGE_LOOP('',(#11356,#11357,#11358,#11359));
#11356 = ORIENTED_EDGE('',*,*,#4222,.F.);
#11357 = ORIENTED_EDGE('',*,*,#4174,.F.);
#11358 = ORIENTED_EDGE('',*,*,#4050,.T.);
#11359 = ORIENTED_EDGE('',*,*,#11360,.F.);
#11360 = EDGE_CURVE('',#4223,#4051,#11361,.T.);
#11361 = SURFACE_CURVE('',#11362,(#11366,#11372),.PCURVE_S1.);
#11362 = LINE('',#11363,#11364);
#11363 = CARTESIAN_POINT('',(32.7,-20.7,6.6));
#11364 = VECTOR('',#11365,1.);
#11365 = DIRECTION('',(-1.,0.,0.));
#11366 = PCURVE('',#4066,#11367);
#11367 = DEFINITIONAL_REPRESENTATION('',(#11368),#11371);
#11368 = B_SPLINE_CURVE_WITH_KNOTS('',1,(#11369,#11370),.UNSPECIFIED.,
  .F.,.F.,(2,2),(-35.3,-33.3),.PIECEWISE_BEZIER_KNOTS.);
#11369 = CARTESIAN_POINT('',(4.8,2.));
#11370 = CARTESIAN_POINT('',(4.8,0.));
#11371 = ( GEOMETRIC_REPRESENTATION_CONTEXT(2) 
PARAMETRIC_REPRESENTATION_CONTEXT() REPRESENTATION_CONTEXT('2D SPACE',''
  ) );
#11372 = PCURVE('',#2335,#11373);
#11373 = DEFINITIONAL_REPRESENTATION('',(#11374),#11378);
#11374 = LINE('',#11375,#11376);
#11375 = CARTESIAN_POINT('',(33.3,1.15));
#11376 = VECTOR('',#11377,1.);
#11377 = DIRECTION('',(-1.,0.));
#11378 = ( GEOMETRIC_REPRESENTATION_CONTEXT(2) 
PARAMETRIC_REPRESENTATION_CONTEXT() REPRESENTATION_CONTEXT('2D SPACE',''
  ) );
#11379 = ADVANCED_FACE('',(#11380),#4010,.F.);
#11380 = FACE_BOUND('',#11381,.F.);
#11381 = EDGE_LOOP('',(#11382,#11383,#11384,#11385));
#11382 = ORIENTED_EDGE('',*,*,#4198,.F.);
#11383 = ORIENTED_EDGE('',*,*,#4123,.F.);
#11384 = ORIENTED_EDGE('',*,*,#3992,.T.);
#11385 = ORIENTED_EDGE('',*,*,#11386,.F.);
#11386 = EDGE_CURVE('',#4199,#3995,#11387,.T.);
#11387 = SURFACE_CURVE('',#11388,(#11392,#11398),.PCURVE_S1.);
#11388 = LINE('',#11389,#11390);
#11389 = CARTESIAN_POINT('',(51.194532768661,-22.2,4.4));
#11390 = VECTOR('',#11391,1.);
#11391 = DIRECTION('',(-1.,0.,0.));
#11392 = PCURVE('',#4010,#11393);
#11393 = DEFINITIONAL_REPRESENTATION('',(#11394),#11397);
#11394 = B_SPLINE_CURVE_WITH_KNOTS('',1,(#11395,#11396),.UNSPECIFIED.,
  .F.,.F.,(2,2),(-16.80546723133,-14.80546723133),
  .PIECEWISE_BEZIER_KNOTS.);
#11395 = CARTESIAN_POINT('',(2.6,2.));
#11396 = CARTESIAN_POINT('',(2.6,0.));
#11397 = ( GEOMETRIC_REPRESENTATION_CONTEXT(2) 
PARAMETRIC_REPRESENTATION_CONTEXT() REPRESENTATION_CONTEXT('2D SPACE',''
  ) );
#11398 = PCURVE('',#152,#11399);
#11399 = DEFINITIONAL_REPRESENTATION('',(#11400),#11404);
#11400 = LINE('',#11401,#11402);
#11401 = CARTESIAN_POINT('',(14.805467231339,-12.38899684058));
#11402 = VECTOR('',#11403,1.);
#11403 = DIRECTION('',(-1.,0.));
#11404 = ( GEOMETRIC_REPRESENTATION_CONTEXT(2) 
PARAMETRIC_REPRESENTATION_CONTEXT() REPRESENTATION_CONTEXT('2D SPACE',''
  ) );
#11405 = ADVANCED_FACE('',(#11406),#3666,.T.);
#11406 = FACE_BOUND('',#11407,.T.);
#11407 = EDGE_LOOP('',(#11408,#11409,#11410,#11411));
#11408 = ORIENTED_EDGE('',*,*,#3822,.F.);
#11409 = ORIENTED_EDGE('',*,*,#3774,.F.);
#11410 = ORIENTED_EDGE('',*,*,#3650,.T.);
#11411 = ORIENTED_EDGE('',*,*,#11412,.F.);
#11412 = EDGE_CURVE('',#3823,#3651,#11413,.T.);
#11413 = SURFACE_CURVE('',#11414,(#11418,#11424),.PCURVE_S1.);
#11414 = LINE('',#11415,#11416);
#11415 = CARTESIAN_POINT('',(19.7,-20.7,6.6));
#11416 = VECTOR('',#11417,1.);
#11417 = DIRECTION('',(-1.,0.,0.));
#11418 = PCURVE('',#3666,#11419);
#11419 = DEFINITIONAL_REPRESENTATION('',(#11420),#11423);
#11420 = B_SPLINE_CURVE_WITH_KNOTS('',1,(#11421,#11422),.UNSPECIFIED.,
  .F.,.F.,(2,2),(-22.3,-20.3),.PIECEWISE_BEZIER_KNOTS.);
#11421 = CARTESIAN_POINT('',(4.8,2.));
#11422 = CARTESIAN_POINT('',(4.8,0.));
#11423 = ( GEOMETRIC_REPRESENTATION_CONTEXT(2) 
PARAMETRIC_REPRESENTATION_CONTEXT() REPRESENTATION_CONTEXT('2D SPACE',''
  ) );
#11424 = PCURVE('',#2335,#11425);
#11425 = DEFINITIONAL_REPRESENTATION('',(#11426),#11430);
#11426 = LINE('',#11427,#11428);
#11427 = CARTESIAN_POINT('',(20.3,1.15));
#11428 = VECTOR('',#11429,1.);
#11429 = DIRECTION('',(-1.,0.));
#11430 = ( GEOMETRIC_REPRESENTATION_CONTEXT(2) 
PARAMETRIC_REPRESENTATION_CONTEXT() REPRESENTATION_CONTEXT('2D SPACE',''
  ) );
#11431 = ADVANCED_FACE('',(#11432),#3610,.F.);
#11432 = FACE_BOUND('',#11433,.F.);
#11433 = EDGE_LOOP('',(#11434,#11435,#11436,#11437));
#11434 = ORIENTED_EDGE('',*,*,#3798,.F.);
#11435 = ORIENTED_EDGE('',*,*,#3723,.F.);
#11436 = ORIENTED_EDGE('',*,*,#3592,.T.);
#11437 = ORIENTED_EDGE('',*,*,#11438,.F.);
#11438 = EDGE_CURVE('',#3799,#3595,#11439,.T.);
#11439 = SURFACE_CURVE('',#11440,(#11444,#11450),.PCURVE_S1.);
#11440 = LINE('',#11441,#11442);
#11441 = CARTESIAN_POINT('',(38.194532768661,-22.2,4.4));
#11442 = VECTOR('',#11443,1.);
#11443 = DIRECTION('',(-1.,0.,0.));
#11444 = PCURVE('',#3610,#11445);
#11445 = DEFINITIONAL_REPRESENTATION('',(#11446),#11449);
#11446 = B_SPLINE_CURVE_WITH_KNOTS('',1,(#11447,#11448),.UNSPECIFIED.,
  .F.,.F.,(2,2),(-3.805467231339,-1.805467231339),
  .PIECEWISE_BEZIER_KNOTS.);
#11447 = CARTESIAN_POINT('',(2.6,2.));
#11448 = CARTESIAN_POINT('',(2.6,0.));
#11449 = ( GEOMETRIC_REPRESENTATION_CONTEXT(2) 
PARAMETRIC_REPRESENTATION_CONTEXT() REPRESENTATION_CONTEXT('2D SPACE',''
  ) );
#11450 = PCURVE('',#152,#11451);
#11451 = DEFINITIONAL_REPRESENTATION('',(#11452),#11456);
#11452 = LINE('',#11453,#11454);
#11453 = CARTESIAN_POINT('',(1.805467231339,-12.38899684058));
#11454 = VECTOR('',#11455,1.);
#11455 = DIRECTION('',(-1.,0.));
#11456 = ( GEOMETRIC_REPRESENTATION_CONTEXT(2) 
PARAMETRIC_REPRESENTATION_CONTEXT() REPRESENTATION_CONTEXT('2D SPACE',''
  ) );
#11457 = ADVANCED_FACE('',(#11458),#3505,.F.);
#11458 = FACE_BOUND('',#11459,.F.);
#11459 = EDGE_LOOP('',(#11460,#11490,#11510,#11511));
#11460 = ORIENTED_EDGE('',*,*,#11461,.F.);
#11461 = EDGE_CURVE('',#11462,#11464,#11466,.T.);
#11462 = VERTEX_POINT('',#11463);
#11463 = CARTESIAN_POINT('',(39.3,-22.85,4.4));
#11464 = VERTEX_POINT('',#11465);
#11465 = CARTESIAN_POINT('',(39.3,-22.85,5.45));
#11466 = SURFACE_CURVE('',#11467,(#11471,#11478),.PCURVE_S1.);
#11467 = LINE('',#11468,#11469);
#11468 = CARTESIAN_POINT('',(39.3,-22.85,4.3));
#11469 = VECTOR('',#11470,1.);
#11470 = DIRECTION('',(0.,0.,1.));
#11471 = PCURVE('',#3505,#11472);
#11472 = DEFINITIONAL_REPRESENTATION('',(#11473),#11477);
#11473 = LINE('',#11474,#11475);
#11474 = CARTESIAN_POINT('',(0.,0.));
#11475 = VECTOR('',#11476,1.);
#11476 = DIRECTION('',(1.,0.));
#11477 = ( GEOMETRIC_REPRESENTATION_CONTEXT(2) 
PARAMETRIC_REPRESENTATION_CONTEXT() REPRESENTATION_CONTEXT('2D SPACE',''
  ) );
#11478 = PCURVE('',#11479,#11484);
#11479 = PLANE('',#11480);
#11480 = AXIS2_PLACEMENT_3D('',#11481,#11482,#11483);
#11481 = CARTESIAN_POINT('',(28.7,-22.85,4.3));
#11482 = DIRECTION('',(0.,1.,0.));
#11483 = DIRECTION('',(0.,0.,1.));
#11484 = DEFINITIONAL_REPRESENTATION('',(#11485),#11489);
#11485 = LINE('',#11486,#11487);
#11486 = CARTESIAN_POINT('',(0.,10.6));
#11487 = VECTOR('',#11488,1.);
#11488 = DIRECTION('',(1.,0.));
#11489 = ( GEOMETRIC_REPRESENTATION_CONTEXT(2) 
PARAMETRIC_REPRESENTATION_CONTEXT() REPRESENTATION_CONTEXT('2D SPACE',''
  ) );
#11490 = ORIENTED_EDGE('',*,*,#11491,.T.);
#11491 = EDGE_CURVE('',#11462,#3469,#11492,.T.);
#11492 = SURFACE_CURVE('',#11493,(#11497,#11503),.PCURVE_S1.);
#11493 = LINE('',#11494,#11495);
#11494 = CARTESIAN_POINT('',(39.3,-16.3305015797,4.4));
#11495 = VECTOR('',#11496,1.);
#11496 = DIRECTION('',(0.,1.,0.));
#11497 = PCURVE('',#3505,#11498);
#11498 = DEFINITIONAL_REPRESENTATION('',(#11499),#11502);
#11499 = B_SPLINE_CURVE_WITH_KNOTS('',1,(#11500,#11501),.UNSPECIFIED.,
  .F.,.F.,(2,2),(-6.519498420295,-5.369498420295),
  .PIECEWISE_BEZIER_KNOTS.);
#11500 = CARTESIAN_POINT('',(1.E-01,0.));
#11501 = CARTESIAN_POINT('',(1.E-01,-1.15));
#11502 = ( GEOMETRIC_REPRESENTATION_CONTEXT(2) 
PARAMETRIC_REPRESENTATION_CONTEXT() REPRESENTATION_CONTEXT('2D SPACE',''
  ) );
#11503 = PCURVE('',#152,#11504);
#11504 = DEFINITIONAL_REPRESENTATION('',(#11505),#11509);
#11505 = LINE('',#11506,#11507);
#11506 = CARTESIAN_POINT('',(2.910934462678,-6.519498420295));
#11507 = VECTOR('',#11508,1.);
#11508 = DIRECTION('',(0.,1.));
#11509 = ( GEOMETRIC_REPRESENTATION_CONTEXT(2) 
PARAMETRIC_REPRESENTATION_CONTEXT() REPRESENTATION_CONTEXT('2D SPACE',''
  ) );
#11510 = ORIENTED_EDGE('',*,*,#3490,.F.);
#11511 = ORIENTED_EDGE('',*,*,#11512,.F.);
#11512 = EDGE_CURVE('',#11464,#3491,#11513,.T.);
#11513 = SURFACE_CURVE('',#11514,(#11518,#11525),.PCURVE_S1.);
#11514 = LINE('',#11515,#11516);
#11515 = CARTESIAN_POINT('',(39.3,-22.85,5.45));
#11516 = VECTOR('',#11517,1.);
#11517 = DIRECTION('',(0.,1.,0.));
#11518 = PCURVE('',#3505,#11519);
#11519 = DEFINITIONAL_REPRESENTATION('',(#11520),#11524);
#11520 = LINE('',#11521,#11522);
#11521 = CARTESIAN_POINT('',(1.15,0.));
#11522 = VECTOR('',#11523,1.);
#11523 = DIRECTION('',(0.,-1.));
#11524 = ( GEOMETRIC_REPRESENTATION_CONTEXT(2) 
PARAMETRIC_REPRESENTATION_CONTEXT() REPRESENTATION_CONTEXT('2D SPACE',''
  ) );
#11525 = PCURVE('',#3531,#11526);
#11526 = DEFINITIONAL_REPRESENTATION('',(#11527),#11531);
#11527 = LINE('',#11528,#11529);
#11528 = CARTESIAN_POINT('',(10.6,0.));
#11529 = VECTOR('',#11530,1.);
#11530 = DIRECTION('',(0.,1.));
#11531 = ( GEOMETRIC_REPRESENTATION_CONTEXT(2) 
PARAMETRIC_REPRESENTATION_CONTEXT() REPRESENTATION_CONTEXT('2D SPACE',''
  ) );
#11532 = ADVANCED_FACE('',(#11533),#11479,.T.);
#11533 = FACE_BOUND('',#11534,.T.);
#11534 = EDGE_LOOP('',(#11535,#11536,#11558,#11581));
#11535 = ORIENTED_EDGE('',*,*,#11461,.F.);
#11536 = ORIENTED_EDGE('',*,*,#11537,.T.);
#11537 = EDGE_CURVE('',#11462,#11538,#11540,.T.);
#11538 = VERTEX_POINT('',#11539);
#11539 = CARTESIAN_POINT('',(28.7,-22.85,4.4));
#11540 = SURFACE_CURVE('',#11541,(#11545,#11551),.PCURVE_S1.);
#11541 = LINE('',#11542,#11543);
#11542 = CARTESIAN_POINT('',(32.544532768661,-22.85,4.4));
#11543 = VECTOR('',#11544,1.);
#11544 = DIRECTION('',(-1.,0.,0.));
#11545 = PCURVE('',#11479,#11546);
#11546 = DEFINITIONAL_REPRESENTATION('',(#11547),#11550);
#11547 = B_SPLINE_CURVE_WITH_KNOTS('',1,(#11548,#11549),.UNSPECIFIED.,
  .F.,.F.,(2,2),(-6.755467231339,3.844532768661),
  .PIECEWISE_BEZIER_KNOTS.);
#11548 = CARTESIAN_POINT('',(1.E-01,10.6));
#11549 = CARTESIAN_POINT('',(1.E-01,0.));
#11550 = ( GEOMETRIC_REPRESENTATION_CONTEXT(2) 
PARAMETRIC_REPRESENTATION_CONTEXT() REPRESENTATION_CONTEXT('2D SPACE',''
  ) );
#11551 = PCURVE('',#152,#11552);
#11552 = DEFINITIONAL_REPRESENTATION('',(#11553),#11557);
#11553 = LINE('',#11554,#11555);
#11554 = CARTESIAN_POINT('',(-3.844532768661,-13.03899684058));
#11555 = VECTOR('',#11556,1.);
#11556 = DIRECTION('',(-1.,0.));
#11557 = ( GEOMETRIC_REPRESENTATION_CONTEXT(2) 
PARAMETRIC_REPRESENTATION_CONTEXT() REPRESENTATION_CONTEXT('2D SPACE',''
  ) );
#11558 = ORIENTED_EDGE('',*,*,#11559,.T.);
#11559 = EDGE_CURVE('',#11538,#11560,#11562,.T.);
#11560 = VERTEX_POINT('',#11561);
#11561 = CARTESIAN_POINT('',(28.7,-22.85,5.45));
#11562 = SURFACE_CURVE('',#11563,(#11567,#11574),.PCURVE_S1.);
#11563 = LINE('',#11564,#11565);
#11564 = CARTESIAN_POINT('',(28.7,-22.85,4.3));
#11565 = VECTOR('',#11566,1.);
#11566 = DIRECTION('',(0.,0.,1.));
#11567 = PCURVE('',#11479,#11568);
#11568 = DEFINITIONAL_REPRESENTATION('',(#11569),#11573);
#11569 = LINE('',#11570,#11571);
#11570 = CARTESIAN_POINT('',(0.,0.));
#11571 = VECTOR('',#11572,1.);
#11572 = DIRECTION('',(1.,0.));
#11573 = ( GEOMETRIC_REPRESENTATION_CONTEXT(2) 
PARAMETRIC_REPRESENTATION_CONTEXT() REPRESENTATION_CONTEXT('2D SPACE',''
  ) );
#11574 = PCURVE('',#3557,#11575);
#11575 = DEFINITIONAL_REPRESENTATION('',(#11576),#11580);
#11576 = LINE('',#11577,#11578);
#11577 = CARTESIAN_POINT('',(0.,0.));
#11578 = VECTOR('',#11579,1.);
#11579 = DIRECTION('',(1.,0.));
#11580 = ( GEOMETRIC_REPRESENTATION_CONTEXT(2) 
PARAMETRIC_REPRESENTATION_CONTEXT() REPRESENTATION_CONTEXT('2D SPACE',''
  ) );
#11581 = ORIENTED_EDGE('',*,*,#11582,.T.);
#11582 = EDGE_CURVE('',#11560,#11464,#11583,.T.);
#11583 = SURFACE_CURVE('',#11584,(#11588,#11595),.PCURVE_S1.);
#11584 = LINE('',#11585,#11586);
#11585 = CARTESIAN_POINT('',(28.7,-22.85,5.45));
#11586 = VECTOR('',#11587,1.);
#11587 = DIRECTION('',(1.,0.,0.));
#11588 = PCURVE('',#11479,#11589);
#11589 = DEFINITIONAL_REPRESENTATION('',(#11590),#11594);
#11590 = LINE('',#11591,#11592);
#11591 = CARTESIAN_POINT('',(1.15,0.));
#11592 = VECTOR('',#11593,1.);
#11593 = DIRECTION('',(0.,1.));
#11594 = ( GEOMETRIC_REPRESENTATION_CONTEXT(2) 
PARAMETRIC_REPRESENTATION_CONTEXT() REPRESENTATION_CONTEXT('2D SPACE',''
  ) );
#11595 = PCURVE('',#3531,#11596);
#11596 = DEFINITIONAL_REPRESENTATION('',(#11597),#11601);
#11597 = LINE('',#11598,#11599);
#11598 = CARTESIAN_POINT('',(0.,0.));
#11599 = VECTOR('',#11600,1.);
#11600 = DIRECTION('',(1.,0.));
#11601 = ( GEOMETRIC_REPRESENTATION_CONTEXT(2) 
PARAMETRIC_REPRESENTATION_CONTEXT() REPRESENTATION_CONTEXT('2D SPACE',''
  ) );
#11602 = ADVANCED_FACE('',(#11603),#3531,.F.);
#11603 = FACE_BOUND('',#11604,.F.);
#11604 = EDGE_LOOP('',(#11605,#11626,#11627,#11628));
#11605 = ORIENTED_EDGE('',*,*,#11606,.F.);
#11606 = EDGE_CURVE('',#11560,#3517,#11607,.T.);
#11607 = SURFACE_CURVE('',#11608,(#11612,#11619),.PCURVE_S1.);
#11608 = LINE('',#11609,#11610);
#11609 = CARTESIAN_POINT('',(28.7,-22.85,5.45));
#11610 = VECTOR('',#11611,1.);
#11611 = DIRECTION('',(0.,1.,0.));
#11612 = PCURVE('',#3531,#11613);
#11613 = DEFINITIONAL_REPRESENTATION('',(#11614),#11618);
#11614 = LINE('',#11615,#11616);
#11615 = CARTESIAN_POINT('',(0.,0.));
#11616 = VECTOR('',#11617,1.);
#11617 = DIRECTION('',(0.,1.));
#11618 = ( GEOMETRIC_REPRESENTATION_CONTEXT(2) 
PARAMETRIC_REPRESENTATION_CONTEXT() REPRESENTATION_CONTEXT('2D SPACE',''
  ) );
#11619 = PCURVE('',#3557,#11620);
#11620 = DEFINITIONAL_REPRESENTATION('',(#11621),#11625);
#11621 = LINE('',#11622,#11623);
#11622 = CARTESIAN_POINT('',(1.15,0.));
#11623 = VECTOR('',#11624,1.);
#11624 = DIRECTION('',(0.,-1.));
#11625 = ( GEOMETRIC_REPRESENTATION_CONTEXT(2) 
PARAMETRIC_REPRESENTATION_CONTEXT() REPRESENTATION_CONTEXT('2D SPACE',''
  ) );
#11626 = ORIENTED_EDGE('',*,*,#11582,.T.);
#11627 = ORIENTED_EDGE('',*,*,#11512,.T.);
#11628 = ORIENTED_EDGE('',*,*,#3516,.F.);
#11629 = ADVANCED_FACE('',(#11630),#3557,.T.);
#11630 = FACE_BOUND('',#11631,.T.);
#11631 = EDGE_LOOP('',(#11632,#11633,#11653,#11654));
#11632 = ORIENTED_EDGE('',*,*,#11559,.F.);
#11633 = ORIENTED_EDGE('',*,*,#11634,.T.);
#11634 = EDGE_CURVE('',#11538,#3543,#11635,.T.);
#11635 = SURFACE_CURVE('',#11636,(#11640,#11646),.PCURVE_S1.);
#11636 = LINE('',#11637,#11638);
#11637 = CARTESIAN_POINT('',(28.7,-16.3305015797,4.4));
#11638 = VECTOR('',#11639,1.);
#11639 = DIRECTION('',(0.,1.,0.));
#11640 = PCURVE('',#3557,#11641);
#11641 = DEFINITIONAL_REPRESENTATION('',(#11642),#11645);
#11642 = B_SPLINE_CURVE_WITH_KNOTS('',1,(#11643,#11644),.UNSPECIFIED.,
  .F.,.F.,(2,2),(-6.519498420295,-5.369498420295),
  .PIECEWISE_BEZIER_KNOTS.);
#11643 = CARTESIAN_POINT('',(1.E-01,0.));
#11644 = CARTESIAN_POINT('',(1.E-01,-1.15));
#11645 = ( GEOMETRIC_REPRESENTATION_CONTEXT(2) 
PARAMETRIC_REPRESENTATION_CONTEXT() REPRESENTATION_CONTEXT('2D SPACE',''
  ) );
#11646 = PCURVE('',#152,#11647);
#11647 = DEFINITIONAL_REPRESENTATION('',(#11648),#11652);
#11648 = LINE('',#11649,#11650);
#11649 = CARTESIAN_POINT('',(-7.689065537322,-6.519498420295));
#11650 = VECTOR('',#11651,1.);
#11651 = DIRECTION('',(0.,1.));
#11652 = ( GEOMETRIC_REPRESENTATION_CONTEXT(2) 
PARAMETRIC_REPRESENTATION_CONTEXT() REPRESENTATION_CONTEXT('2D SPACE',''
  ) );
#11653 = ORIENTED_EDGE('',*,*,#3542,.F.);
#11654 = ORIENTED_EDGE('',*,*,#11606,.F.);
#11655 = ADVANCED_FACE('',(#11656),#3169,.T.);
#11656 = FACE_BOUND('',#11657,.T.);
#11657 = EDGE_LOOP('',(#11658,#11659,#11660,#11661));
#11658 = ORIENTED_EDGE('',*,*,#3325,.F.);
#11659 = ORIENTED_EDGE('',*,*,#3277,.F.);
#11660 = ORIENTED_EDGE('',*,*,#3153,.T.);
#11661 = ORIENTED_EDGE('',*,*,#11662,.F.);
#11662 = EDGE_CURVE('',#3326,#3154,#11663,.T.);
#11663 = SURFACE_CURVE('',#11664,(#11668,#11674),.PCURVE_S1.);
#11664 = LINE('',#11665,#11666);
#11665 = CARTESIAN_POINT('',(8.2,-20.7,6.6));
#11666 = VECTOR('',#11667,1.);
#11667 = DIRECTION('',(-1.,0.,0.));
#11668 = PCURVE('',#3169,#11669);
#11669 = DEFINITIONAL_REPRESENTATION('',(#11670),#11673);
#11670 = B_SPLINE_CURVE_WITH_KNOTS('',1,(#11671,#11672),.UNSPECIFIED.,
  .F.,.F.,(2,2),(-10.8,-8.8),.PIECEWISE_BEZIER_KNOTS.);
#11671 = CARTESIAN_POINT('',(4.8,2.));
#11672 = CARTESIAN_POINT('',(4.8,0.));
#11673 = ( GEOMETRIC_REPRESENTATION_CONTEXT(2) 
PARAMETRIC_REPRESENTATION_CONTEXT() REPRESENTATION_CONTEXT('2D SPACE',''
  ) );
#11674 = PCURVE('',#2335,#11675);
#11675 = DEFINITIONAL_REPRESENTATION('',(#11676),#11680);
#11676 = LINE('',#11677,#11678);
#11677 = CARTESIAN_POINT('',(8.8,1.15));
#11678 = VECTOR('',#11679,1.);
#11679 = DIRECTION('',(-1.,0.));
#11680 = ( GEOMETRIC_REPRESENTATION_CONTEXT(2) 
PARAMETRIC_REPRESENTATION_CONTEXT() REPRESENTATION_CONTEXT('2D SPACE',''
  ) );
#11681 = ADVANCED_FACE('',(#11682),#3113,.F.);
#11682 = FACE_BOUND('',#11683,.F.);
#11683 = EDGE_LOOP('',(#11684,#11685,#11686,#11687));
#11684 = ORIENTED_EDGE('',*,*,#3301,.F.);
#11685 = ORIENTED_EDGE('',*,*,#3226,.F.);
#11686 = ORIENTED_EDGE('',*,*,#3095,.T.);
#11687 = ORIENTED_EDGE('',*,*,#11688,.F.);
#11688 = EDGE_CURVE('',#3302,#3098,#11689,.T.);
#11689 = SURFACE_CURVE('',#11690,(#11694,#11700),.PCURVE_S1.);
#11690 = LINE('',#11691,#11692);
#11691 = CARTESIAN_POINT('',(26.694532768661,-22.2,4.4));
#11692 = VECTOR('',#11693,1.);
#11693 = DIRECTION('',(-1.,0.,0.));
#11694 = PCURVE('',#3113,#11695);
#11695 = DEFINITIONAL_REPRESENTATION('',(#11696),#11699);
#11696 = B_SPLINE_CURVE_WITH_KNOTS('',1,(#11697,#11698),.UNSPECIFIED.,
  .F.,.F.,(2,2),(7.694532768661,9.694532768661),
  .PIECEWISE_BEZIER_KNOTS.);
#11697 = CARTESIAN_POINT('',(2.6,2.));
#11698 = CARTESIAN_POINT('',(2.6,0.));
#11699 = ( GEOMETRIC_REPRESENTATION_CONTEXT(2) 
PARAMETRIC_REPRESENTATION_CONTEXT() REPRESENTATION_CONTEXT('2D SPACE',''
  ) );
#11700 = PCURVE('',#152,#11701);
#11701 = DEFINITIONAL_REPRESENTATION('',(#11702),#11706);
#11702 = LINE('',#11703,#11704);
#11703 = CARTESIAN_POINT('',(-9.694532768661,-12.38899684058));
#11704 = VECTOR('',#11705,1.);
#11705 = DIRECTION('',(-1.,0.));
#11706 = ( GEOMETRIC_REPRESENTATION_CONTEXT(2) 
PARAMETRIC_REPRESENTATION_CONTEXT() REPRESENTATION_CONTEXT('2D SPACE',''
  ) );
#11707 = ADVANCED_FACE('',(#11708),#2586,.T.);
#11708 = FACE_BOUND('',#11709,.T.);
#11709 = EDGE_LOOP('',(#11710,#11711,#11712,#11733));
#11710 = ORIENTED_EDGE('',*,*,#2757,.F.);
#11711 = ORIENTED_EDGE('',*,*,#2850,.F.);
#11712 = ORIENTED_EDGE('',*,*,#11713,.T.);
#11713 = EDGE_CURVE('',#2806,#2541,#11714,.T.);
#11714 = SURFACE_CURVE('',#11715,(#11719,#11726),.PCURVE_S1.);
#11715 = LINE('',#11716,#11717);
#11716 = CARTESIAN_POINT('',(-1.55,-21.95,3.05));
#11717 = VECTOR('',#11718,1.);
#11718 = DIRECTION('',(1.,0.,0.));
#11719 = PCURVE('',#2586,#11720);
#11720 = DEFINITIONAL_REPRESENTATION('',(#11721),#11725);
#11721 = LINE('',#11722,#11723);
#11722 = CARTESIAN_POINT('',(0.,0.));
#11723 = VECTOR('',#11724,1.);
#11724 = DIRECTION('',(1.,0.));
#11725 = ( GEOMETRIC_REPRESENTATION_CONTEXT(2) 
PARAMETRIC_REPRESENTATION_CONTEXT() REPRESENTATION_CONTEXT('2D SPACE',''
  ) );
#11726 = PCURVE('',#2558,#11727);
#11727 = DEFINITIONAL_REPRESENTATION('',(#11728),#11732);
#11728 = LINE('',#11729,#11730);
#11729 = CARTESIAN_POINT('',(0.6,-1.65));
#11730 = VECTOR('',#11731,1.);
#11731 = DIRECTION('',(0.,1.));
#11732 = ( GEOMETRIC_REPRESENTATION_CONTEXT(2) 
PARAMETRIC_REPRESENTATION_CONTEXT() REPRESENTATION_CONTEXT('2D SPACE',''
  ) );
#11733 = ORIENTED_EDGE('',*,*,#2570,.F.);
#11734 = ADVANCED_FACE('',(#11735),#2558,.F.);
#11735 = FACE_BOUND('',#11736,.F.);
#11736 = EDGE_LOOP('',(#11737,#11738,#11739,#11740,#11741,#11742));
#11737 = ORIENTED_EDGE('',*,*,#2923,.F.);
#11738 = ORIENTED_EDGE('',*,*,#2876,.F.);
#11739 = ORIENTED_EDGE('',*,*,#2803,.T.);
#11740 = ORIENTED_EDGE('',*,*,#11713,.T.);
#11741 = ORIENTED_EDGE('',*,*,#2540,.T.);
#11742 = ORIENTED_EDGE('',*,*,#11743,.F.);
#11743 = EDGE_CURVE('',#2924,#2543,#11744,.T.);
#11744 = SURFACE_CURVE('',#11745,(#11749,#11756),.PCURVE_S1.);
#11745 = LINE('',#11746,#11747);
#11746 = CARTESIAN_POINT('',(18.244532768661,-21.95,4.4));
#11747 = VECTOR('',#11748,1.);
#11748 = DIRECTION('',(-1.,0.,0.));
#11749 = PCURVE('',#2558,#11750);
#11750 = DEFINITIONAL_REPRESENTATION('',(#11751),#11755);
#11751 = LINE('',#11752,#11753);
#11752 = CARTESIAN_POINT('',(1.95,18.144532768661));
#11753 = VECTOR('',#11754,1.);
#11754 = DIRECTION('',(0.,-1.));
#11755 = ( GEOMETRIC_REPRESENTATION_CONTEXT(2) 
PARAMETRIC_REPRESENTATION_CONTEXT() REPRESENTATION_CONTEXT('2D SPACE',''
  ) );
#11756 = PCURVE('',#152,#11757);
#11757 = DEFINITIONAL_REPRESENTATION('',(#11758),#11762);
#11758 = LINE('',#11759,#11760);
#11759 = CARTESIAN_POINT('',(-18.14453276866,-12.13899684058));
#11760 = VECTOR('',#11761,1.);
#11761 = DIRECTION('',(-1.,0.));
#11762 = ( GEOMETRIC_REPRESENTATION_CONTEXT(2) 
PARAMETRIC_REPRESENTATION_CONTEXT() REPRESENTATION_CONTEXT('2D SPACE',''
  ) );
#11763 = ADVANCED_FACE('',(#11764,#11848,#11851,#11857,#11875),#2335,.F.
  );
#11764 = FACE_BOUND('',#11765,.F.);
#11765 = EDGE_LOOP('',(#11766,#11767,#11768,#11769,#11770,#11771,#11772,
    #11773,#11774,#11775,#11776,#11777,#11778,#11779,#11780,#11781,
    #11782,#11783,#11784,#11785,#11786,#11787,#11788,#11789,#11790,
    #11791,#11792,#11793,#11794,#11795,#11796,#11797,#11798,#11799,
    #11800,#11801,#11802,#11803,#11804,#11805,#11827,#11847));
#11766 = ORIENTED_EDGE('',*,*,#2421,.F.);
#11767 = ORIENTED_EDGE('',*,*,#2446,.T.);
#11768 = ORIENTED_EDGE('',*,*,#2625,.T.);
#11769 = ORIENTED_EDGE('',*,*,#2779,.F.);
#11770 = ORIENTED_EDGE('',*,*,#2948,.F.);
#11771 = ORIENTED_EDGE('',*,*,#3022,.T.);
#11772 = ORIENTED_EDGE('',*,*,#3181,.T.);
#11773 = ORIENTED_EDGE('',*,*,#11662,.F.);
#11774 = ORIENTED_EDGE('',*,*,#3348,.F.);
#11775 = ORIENTED_EDGE('',*,*,#3419,.T.);
#11776 = ORIENTED_EDGE('',*,*,#3678,.T.);
#11777 = ORIENTED_EDGE('',*,*,#11412,.F.);
#11778 = ORIENTED_EDGE('',*,*,#3845,.F.);
#11779 = ORIENTED_EDGE('',*,*,#3917,.T.);
#11780 = ORIENTED_EDGE('',*,*,#4078,.T.);
#11781 = ORIENTED_EDGE('',*,*,#11360,.F.);
#11782 = ORIENTED_EDGE('',*,*,#4245,.F.);
#11783 = ORIENTED_EDGE('',*,*,#4367,.T.);
#11784 = ORIENTED_EDGE('',*,*,#4440,.T.);
#11785 = ORIENTED_EDGE('',*,*,#4464,.T.);
#11786 = ORIENTED_EDGE('',*,*,#4593,.T.);
#11787 = ORIENTED_EDGE('',*,*,#4667,.F.);
#11788 = ORIENTED_EDGE('',*,*,#11255,.T.);
#11789 = ORIENTED_EDGE('',*,*,#11228,.F.);
#11790 = ORIENTED_EDGE('',*,*,#11151,.T.);
#11791 = ORIENTED_EDGE('',*,*,#11079,.F.);
#11792 = ORIENTED_EDGE('',*,*,#10952,.T.);
#11793 = ORIENTED_EDGE('',*,*,#10833,.T.);
#11794 = ORIENTED_EDGE('',*,*,#10676,.T.);
#11795 = ORIENTED_EDGE('',*,*,#10575,.F.);
#11796 = ORIENTED_EDGE('',*,*,#10529,.F.);
#11797 = ORIENTED_EDGE('',*,*,#10454,.T.);
#11798 = ORIENTED_EDGE('',*,*,#10335,.T.);
#11799 = ORIENTED_EDGE('',*,*,#10203,.F.);
#11800 = ORIENTED_EDGE('',*,*,#9985,.F.);
#11801 = ORIENTED_EDGE('',*,*,#9910,.T.);
#11802 = ORIENTED_EDGE('',*,*,#9791,.T.);
#11803 = ORIENTED_EDGE('',*,*,#9548,.F.);
#11804 = ORIENTED_EDGE('',*,*,#9686,.F.);
#11805 = ORIENTED_EDGE('',*,*,#11806,.F.);
#11806 = EDGE_CURVE('',#11807,#9646,#11809,.T.);
#11807 = VERTEX_POINT('',#11808);
#11808 = CARTESIAN_POINT('',(0.7,-3.,6.6));
#11809 = SURFACE_CURVE('',#11810,(#11814,#11821),.PCURVE_S1.);
#11810 = LINE('',#11811,#11812);
#11811 = CARTESIAN_POINT('',(-1.55,-3.,6.6));
#11812 = VECTOR('',#11813,1.);
#11813 = DIRECTION('',(-1.,0.,0.));
#11814 = PCURVE('',#2335,#11815);
#11815 = DEFINITIONAL_REPRESENTATION('',(#11816),#11820);
#11816 = LINE('',#11817,#11818);
#11817 = CARTESIAN_POINT('',(-0.95,18.85));
#11818 = VECTOR('',#11819,1.);
#11819 = DIRECTION('',(-1.,0.));
#11820 = ( GEOMETRIC_REPRESENTATION_CONTEXT(2) 
PARAMETRIC_REPRESENTATION_CONTEXT() REPRESENTATION_CONTEXT('2D SPACE',''
  ) );
#11821 = PCURVE('',#1792,#11822);
#11822 = DEFINITIONAL_REPRESENTATION('',(#11823),#11826);
#11823 = B_SPLINE_CURVE_WITH_KNOTS('',1,(#11824,#11825),.UNSPECIFIED.,
  .F.,.F.,(2,2),(-2.25,-0.95),.PIECEWISE_BEZIER_KNOTS.);
#11824 = CARTESIAN_POINT('',(2.2,3.2));
#11825 = CARTESIAN_POINT('',(2.2,1.9));
#11826 = ( GEOMETRIC_REPRESENTATION_CONTEXT(2) 
PARAMETRIC_REPRESENTATION_CONTEXT() REPRESENTATION_CONTEXT('2D SPACE',''
  ) );
#11827 = ORIENTED_EDGE('',*,*,#11828,.F.);
#11828 = EDGE_CURVE('',#2321,#11807,#11829,.T.);
#11829 = SURFACE_CURVE('',#11830,(#11834,#11841),.PCURVE_S1.);
#11830 = LINE('',#11831,#11832);
#11831 = CARTESIAN_POINT('',(0.7,-20.075,6.6));
#11832 = VECTOR('',#11833,1.);
#11833 = DIRECTION('',(0.,1.,0.));
#11834 = PCURVE('',#2335,#11835);
#11835 = DEFINITIONAL_REPRESENTATION('',(#11836),#11840);
#11836 = LINE('',#11837,#11838);
#11837 = CARTESIAN_POINT('',(1.3,1.775));
#11838 = VECTOR('',#11839,1.);
#11839 = DIRECTION('',(0.,1.));
#11840 = ( GEOMETRIC_REPRESENTATION_CONTEXT(2) 
PARAMETRIC_REPRESENTATION_CONTEXT() REPRESENTATION_CONTEXT('2D SPACE',''
  ) );
#11841 = PCURVE('',#2046,#11842);
#11842 = DEFINITIONAL_REPRESENTATION('',(#11843),#11846);
#11843 = B_SPLINE_CURVE_WITH_KNOTS('',1,(#11844,#11845),.UNSPECIFIED.,
  .F.,.F.,(2,2),(1.775,17.075),.PIECEWISE_BEZIER_KNOTS.);
#11844 = CARTESIAN_POINT('',(2.2,0.));
#11845 = CARTESIAN_POINT('',(2.2,-15.3));
#11846 = ( GEOMETRIC_REPRESENTATION_CONTEXT(2) 
PARAMETRIC_REPRESENTATION_CONTEXT() REPRESENTATION_CONTEXT('2D SPACE',''
  ) );
#11847 = ORIENTED_EDGE('',*,*,#2320,.T.);
#11848 = FACE_BOUND('',#11849,.F.);
#11849 = EDGE_LOOP('',(#11850));
#11850 = ORIENTED_EDGE('',*,*,#9241,.T.);
#11851 = FACE_BOUND('',#11852,.F.);
#11852 = EDGE_LOOP('',(#11853,#11854,#11855,#11856));
#11853 = ORIENTED_EDGE('',*,*,#8995,.T.);
#11854 = ORIENTED_EDGE('',*,*,#9069,.T.);
#11855 = ORIENTED_EDGE('',*,*,#9138,.T.);
#11856 = ORIENTED_EDGE('',*,*,#8942,.T.);
#11857 = FACE_BOUND('',#11858,.F.);
#11858 = EDGE_LOOP('',(#11859,#11860,#11861,#11862,#11863,#11864,#11865,
    #11866,#11867,#11868,#11869,#11870,#11871,#11872,#11873,#11874));
#11859 = ORIENTED_EDGE('',*,*,#8357,.F.);
#11860 = ORIENTED_EDGE('',*,*,#8593,.F.);
#11861 = ORIENTED_EDGE('',*,*,#8762,.F.);
#11862 = ORIENTED_EDGE('',*,*,#8817,.F.);
#11863 = ORIENTED_EDGE('',*,*,#8383,.F.);
#11864 = ORIENTED_EDGE('',*,*,#8303,.T.);
#11865 = ORIENTED_EDGE('',*,*,#8277,.F.);
#11866 = ORIENTED_EDGE('',*,*,#8200,.T.);
#11867 = ORIENTED_EDGE('',*,*,#7694,.F.);
#11868 = ORIENTED_EDGE('',*,*,#7930,.F.);
#11869 = ORIENTED_EDGE('',*,*,#8023,.T.);
#11870 = ORIENTED_EDGE('',*,*,#8174,.F.);
#11871 = ORIENTED_EDGE('',*,*,#7742,.F.);
#11872 = ORIENTED_EDGE('',*,*,#7640,.T.);
#11873 = ORIENTED_EDGE('',*,*,#7373,.T.);
#11874 = ORIENTED_EDGE('',*,*,#7217,.T.);
#11875 = FACE_BOUND('',#11876,.F.);
#11876 = EDGE_LOOP('',(#11877,#11907,#11935,#11963));
#11877 = ORIENTED_EDGE('',*,*,#11878,.T.);
#11878 = EDGE_CURVE('',#11879,#11881,#11883,.T.);
#11879 = VERTEX_POINT('',#11880);
#11880 = CARTESIAN_POINT('',(1.7,-2.05,6.6));
#11881 = VERTEX_POINT('',#11882);
#11882 = CARTESIAN_POINT('',(0.1,-2.05,6.6));
#11883 = SURFACE_CURVE('',#11884,(#11888,#11895),.PCURVE_S1.);
#11884 = LINE('',#11885,#11886);
#11885 = CARTESIAN_POINT('',(-0.25,-2.05,6.6));
#11886 = VECTOR('',#11887,1.);
#11887 = DIRECTION('',(-1.,0.,0.));
#11888 = PCURVE('',#2335,#11889);
#11889 = DEFINITIONAL_REPRESENTATION('',(#11890),#11894);
#11890 = LINE('',#11891,#11892);
#11891 = CARTESIAN_POINT('',(0.35,19.8));
#11892 = VECTOR('',#11893,1.);
#11893 = DIRECTION('',(-1.,0.));
#11894 = ( GEOMETRIC_REPRESENTATION_CONTEXT(2) 
PARAMETRIC_REPRESENTATION_CONTEXT() REPRESENTATION_CONTEXT('2D SPACE',''
  ) );
#11895 = PCURVE('',#11896,#11901);
#11896 = PLANE('',#11897);
#11897 = AXIS2_PLACEMENT_3D('',#11898,#11899,#11900);
#11898 = CARTESIAN_POINT('',(0.1,-2.05,2.45));
#11899 = DIRECTION('',(0.,1.,0.));
#11900 = DIRECTION('',(0.,0.,1.));
#11901 = DEFINITIONAL_REPRESENTATION('',(#11902),#11906);
#11902 = LINE('',#11903,#11904);
#11903 = CARTESIAN_POINT('',(4.15,-0.35));
#11904 = VECTOR('',#11905,1.);
#11905 = DIRECTION('',(0.,-1.));
#11906 = ( GEOMETRIC_REPRESENTATION_CONTEXT(2) 
PARAMETRIC_REPRESENTATION_CONTEXT() REPRESENTATION_CONTEXT('2D SPACE',''
  ) );
#11907 = ORIENTED_EDGE('',*,*,#11908,.T.);
#11908 = EDGE_CURVE('',#11881,#11909,#11911,.T.);
#11909 = VERTEX_POINT('',#11910);
#11910 = CARTESIAN_POINT('',(0.1,0.25,6.6));
#11911 = SURFACE_CURVE('',#11912,(#11916,#11923),.PCURVE_S1.);
#11912 = LINE('',#11913,#11914);
#11913 = CARTESIAN_POINT('',(1.E-01,-11.95,6.6));
#11914 = VECTOR('',#11915,1.);
#11915 = DIRECTION('',(0.,1.,0.));
#11916 = PCURVE('',#2335,#11917);
#11917 = DEFINITIONAL_REPRESENTATION('',(#11918),#11922);
#11918 = LINE('',#11919,#11920);
#11919 = CARTESIAN_POINT('',(0.7,9.9));
#11920 = VECTOR('',#11921,1.);
#11921 = DIRECTION('',(0.,1.));
#11922 = ( GEOMETRIC_REPRESENTATION_CONTEXT(2) 
PARAMETRIC_REPRESENTATION_CONTEXT() REPRESENTATION_CONTEXT('2D SPACE',''
  ) );
#11923 = PCURVE('',#11924,#11929);
#11924 = PLANE('',#11925);
#11925 = AXIS2_PLACEMENT_3D('',#11926,#11927,#11928);
#11926 = CARTESIAN_POINT('',(0.1,-2.05,2.45));
#11927 = DIRECTION('',(1.,0.,0.));
#11928 = DIRECTION('',(0.,0.,1.));
#11929 = DEFINITIONAL_REPRESENTATION('',(#11930),#11934);
#11930 = LINE('',#11931,#11932);
#11931 = CARTESIAN_POINT('',(4.15,9.9));
#11932 = VECTOR('',#11933,1.);
#11933 = DIRECTION('',(0.,-1.));
#11934 = ( GEOMETRIC_REPRESENTATION_CONTEXT(2) 
PARAMETRIC_REPRESENTATION_CONTEXT() REPRESENTATION_CONTEXT('2D SPACE',''
  ) );
#11935 = ORIENTED_EDGE('',*,*,#11936,.F.);
#11936 = EDGE_CURVE('',#11937,#11909,#11939,.T.);
#11937 = VERTEX_POINT('',#11938);
#11938 = CARTESIAN_POINT('',(1.7,0.25,6.6));
#11939 = SURFACE_CURVE('',#11940,(#11944,#11951),.PCURVE_S1.);
#11940 = LINE('',#11941,#11942);
#11941 = CARTESIAN_POINT('',(-0.25,0.25,6.6));
#11942 = VECTOR('',#11943,1.);
#11943 = DIRECTION('',(-1.,0.,0.));
#11944 = PCURVE('',#2335,#11945);
#11945 = DEFINITIONAL_REPRESENTATION('',(#11946),#11950);
#11946 = LINE('',#11947,#11948);
#11947 = CARTESIAN_POINT('',(0.35,22.1));
#11948 = VECTOR('',#11949,1.);
#11949 = DIRECTION('',(-1.,0.));
#11950 = ( GEOMETRIC_REPRESENTATION_CONTEXT(2) 
PARAMETRIC_REPRESENTATION_CONTEXT() REPRESENTATION_CONTEXT('2D SPACE',''
  ) );
#11951 = PCURVE('',#11952,#11957);
#11952 = PLANE('',#11953);
#11953 = AXIS2_PLACEMENT_3D('',#11954,#11955,#11956);
#11954 = CARTESIAN_POINT('',(0.1,0.25,2.45));
#11955 = DIRECTION('',(0.,1.,0.));
#11956 = DIRECTION('',(0.,0.,1.));
#11957 = DEFINITIONAL_REPRESENTATION('',(#11958),#11962);
#11958 = LINE('',#11959,#11960);
#11959 = CARTESIAN_POINT('',(4.15,-0.35));
#11960 = VECTOR('',#11961,1.);
#11961 = DIRECTION('',(0.,-1.));
#11962 = ( GEOMETRIC_REPRESENTATION_CONTEXT(2) 
PARAMETRIC_REPRESENTATION_CONTEXT() REPRESENTATION_CONTEXT('2D SPACE',''
  ) );
#11963 = ORIENTED_EDGE('',*,*,#11964,.F.);
#11964 = EDGE_CURVE('',#11879,#11937,#11965,.T.);
#11965 = SURFACE_CURVE('',#11966,(#11970,#11977),.PCURVE_S1.);
#11966 = LINE('',#11967,#11968);
#11967 = CARTESIAN_POINT('',(1.7,-11.95,6.6));
#11968 = VECTOR('',#11969,1.);
#11969 = DIRECTION('',(0.,1.,0.));
#11970 = PCURVE('',#2335,#11971);
#11971 = DEFINITIONAL_REPRESENTATION('',(#11972),#11976);
#11972 = LINE('',#11973,#11974);
#11973 = CARTESIAN_POINT('',(2.3,9.9));
#11974 = VECTOR('',#11975,1.);
#11975 = DIRECTION('',(0.,1.));
#11976 = ( GEOMETRIC_REPRESENTATION_CONTEXT(2) 
PARAMETRIC_REPRESENTATION_CONTEXT() REPRESENTATION_CONTEXT('2D SPACE',''
  ) );
#11977 = PCURVE('',#11978,#11983);
#11978 = PLANE('',#11979);
#11979 = AXIS2_PLACEMENT_3D('',#11980,#11981,#11982);
#11980 = CARTESIAN_POINT('',(1.7,-2.05,2.45));
#11981 = DIRECTION('',(1.,0.,0.));
#11982 = DIRECTION('',(0.,0.,1.));
#11983 = DEFINITIONAL_REPRESENTATION('',(#11984),#11988);
#11984 = LINE('',#11985,#11986);
#11985 = CARTESIAN_POINT('',(4.15,9.9));
#11986 = VECTOR('',#11987,1.);
#11987 = DIRECTION('',(0.,-1.));
#11988 = ( GEOMETRIC_REPRESENTATION_CONTEXT(2) 
PARAMETRIC_REPRESENTATION_CONTEXT() REPRESENTATION_CONTEXT('2D SPACE',''
  ) );
#11989 = ADVANCED_FACE('',(#11990),#11978,.T.);
#11990 = FACE_BOUND('',#11991,.T.);
#11991 = EDGE_LOOP('',(#11992,#12015,#12043,#12064));
#11992 = ORIENTED_EDGE('',*,*,#11993,.F.);
#11993 = EDGE_CURVE('',#11994,#11879,#11996,.T.);
#11994 = VERTEX_POINT('',#11995);
#11995 = CARTESIAN_POINT('',(1.7,-2.05,2.45));
#11996 = SURFACE_CURVE('',#11997,(#12001,#12008),.PCURVE_S1.);
#11997 = LINE('',#11998,#11999);
#11998 = CARTESIAN_POINT('',(1.7,-2.05,2.45));
#11999 = VECTOR('',#12000,1.);
#12000 = DIRECTION('',(0.,0.,1.));
#12001 = PCURVE('',#11978,#12002);
#12002 = DEFINITIONAL_REPRESENTATION('',(#12003),#12007);
#12003 = LINE('',#12004,#12005);
#12004 = CARTESIAN_POINT('',(0.,0.));
#12005 = VECTOR('',#12006,1.);
#12006 = DIRECTION('',(1.,0.));
#12007 = ( GEOMETRIC_REPRESENTATION_CONTEXT(2) 
PARAMETRIC_REPRESENTATION_CONTEXT() REPRESENTATION_CONTEXT('2D SPACE',''
  ) );
#12008 = PCURVE('',#11896,#12009);
#12009 = DEFINITIONAL_REPRESENTATION('',(#12010),#12014);
#12010 = LINE('',#12011,#12012);
#12011 = CARTESIAN_POINT('',(0.,1.6));
#12012 = VECTOR('',#12013,1.);
#12013 = DIRECTION('',(1.,0.));
#12014 = ( GEOMETRIC_REPRESENTATION_CONTEXT(2) 
PARAMETRIC_REPRESENTATION_CONTEXT() REPRESENTATION_CONTEXT('2D SPACE',''
  ) );
#12015 = ORIENTED_EDGE('',*,*,#12016,.T.);
#12016 = EDGE_CURVE('',#11994,#12017,#12019,.T.);
#12017 = VERTEX_POINT('',#12018);
#12018 = CARTESIAN_POINT('',(1.7,0.25,2.45));
#12019 = SURFACE_CURVE('',#12020,(#12024,#12031),.PCURVE_S1.);
#12020 = LINE('',#12021,#12022);
#12021 = CARTESIAN_POINT('',(1.7,-2.05,2.45));
#12022 = VECTOR('',#12023,1.);
#12023 = DIRECTION('',(0.,1.,0.));
#12024 = PCURVE('',#11978,#12025);
#12025 = DEFINITIONAL_REPRESENTATION('',(#12026),#12030);
#12026 = LINE('',#12027,#12028);
#12027 = CARTESIAN_POINT('',(0.,0.));
#12028 = VECTOR('',#12029,1.);
#12029 = DIRECTION('',(0.,-1.));
#12030 = ( GEOMETRIC_REPRESENTATION_CONTEXT(2) 
PARAMETRIC_REPRESENTATION_CONTEXT() REPRESENTATION_CONTEXT('2D SPACE',''
  ) );
#12031 = PCURVE('',#12032,#12037);
#12032 = PLANE('',#12033);
#12033 = AXIS2_PLACEMENT_3D('',#12034,#12035,#12036);
#12034 = CARTESIAN_POINT('',(0.1,-2.05,2.45));
#12035 = DIRECTION('',(0.,0.,1.));
#12036 = DIRECTION('',(1.,0.,0.));
#12037 = DEFINITIONAL_REPRESENTATION('',(#12038),#12042);
#12038 = LINE('',#12039,#12040);
#12039 = CARTESIAN_POINT('',(1.6,0.));
#12040 = VECTOR('',#12041,1.);
#12041 = DIRECTION('',(0.,1.));
#12042 = ( GEOMETRIC_REPRESENTATION_CONTEXT(2) 
PARAMETRIC_REPRESENTATION_CONTEXT() REPRESENTATION_CONTEXT('2D SPACE',''
  ) );
#12043 = ORIENTED_EDGE('',*,*,#12044,.T.);
#12044 = EDGE_CURVE('',#12017,#11937,#12045,.T.);
#12045 = SURFACE_CURVE('',#12046,(#12050,#12057),.PCURVE_S1.);
#12046 = LINE('',#12047,#12048);
#12047 = CARTESIAN_POINT('',(1.7,0.25,2.45));
#12048 = VECTOR('',#12049,1.);
#12049 = DIRECTION('',(0.,0.,1.));
#12050 = PCURVE('',#11978,#12051);
#12051 = DEFINITIONAL_REPRESENTATION('',(#12052),#12056);
#12052 = LINE('',#12053,#12054);
#12053 = CARTESIAN_POINT('',(0.,-2.3));
#12054 = VECTOR('',#12055,1.);
#12055 = DIRECTION('',(1.,0.));
#12056 = ( GEOMETRIC_REPRESENTATION_CONTEXT(2) 
PARAMETRIC_REPRESENTATION_CONTEXT() REPRESENTATION_CONTEXT('2D SPACE',''
  ) );
#12057 = PCURVE('',#11952,#12058);
#12058 = DEFINITIONAL_REPRESENTATION('',(#12059),#12063);
#12059 = LINE('',#12060,#12061);
#12060 = CARTESIAN_POINT('',(0.,1.6));
#12061 = VECTOR('',#12062,1.);
#12062 = DIRECTION('',(1.,0.));
#12063 = ( GEOMETRIC_REPRESENTATION_CONTEXT(2) 
PARAMETRIC_REPRESENTATION_CONTEXT() REPRESENTATION_CONTEXT('2D SPACE',''
  ) );
#12064 = ORIENTED_EDGE('',*,*,#11964,.F.);
#12065 = ADVANCED_FACE('',(#12066),#12032,.F.);
#12066 = FACE_BOUND('',#12067,.F.);
#12067 = EDGE_LOOP('',(#12068,#12091,#12119,#12140));
#12068 = ORIENTED_EDGE('',*,*,#12069,.T.);
#12069 = EDGE_CURVE('',#12017,#12070,#12072,.T.);
#12070 = VERTEX_POINT('',#12071);
#12071 = CARTESIAN_POINT('',(-1.55,0.25,2.45));
#12072 = SURFACE_CURVE('',#12073,(#12077,#12084),.PCURVE_S1.);
#12073 = LINE('',#12074,#12075);
#12074 = CARTESIAN_POINT('',(1.7,0.25,2.45));
#12075 = VECTOR('',#12076,1.);
#12076 = DIRECTION('',(-1.,0.,0.));
#12077 = PCURVE('',#12032,#12078);
#12078 = DEFINITIONAL_REPRESENTATION('',(#12079),#12083);
#12079 = LINE('',#12080,#12081);
#12080 = CARTESIAN_POINT('',(1.6,2.3));
#12081 = VECTOR('',#12082,1.);
#12082 = DIRECTION('',(-1.,0.));
#12083 = ( GEOMETRIC_REPRESENTATION_CONTEXT(2) 
PARAMETRIC_REPRESENTATION_CONTEXT() REPRESENTATION_CONTEXT('2D SPACE',''
  ) );
#12084 = PCURVE('',#11952,#12085);
#12085 = DEFINITIONAL_REPRESENTATION('',(#12086),#12090);
#12086 = LINE('',#12087,#12088);
#12087 = CARTESIAN_POINT('',(0.,1.6));
#12088 = VECTOR('',#12089,1.);
#12089 = DIRECTION('',(0.,-1.));
#12090 = ( GEOMETRIC_REPRESENTATION_CONTEXT(2) 
PARAMETRIC_REPRESENTATION_CONTEXT() REPRESENTATION_CONTEXT('2D SPACE',''
  ) );
#12091 = ORIENTED_EDGE('',*,*,#12092,.F.);
#12092 = EDGE_CURVE('',#12093,#12070,#12095,.T.);
#12093 = VERTEX_POINT('',#12094);
#12094 = CARTESIAN_POINT('',(-1.55,-2.05,2.45));
#12095 = SURFACE_CURVE('',#12096,(#12100,#12107),.PCURVE_S1.);
#12096 = LINE('',#12097,#12098);
#12097 = CARTESIAN_POINT('',(-1.55,-2.05,2.45));
#12098 = VECTOR('',#12099,1.);
#12099 = DIRECTION('',(0.,1.,0.));
#12100 = PCURVE('',#12032,#12101);
#12101 = DEFINITIONAL_REPRESENTATION('',(#12102),#12106);
#12102 = LINE('',#12103,#12104);
#12103 = CARTESIAN_POINT('',(-1.65,0.));
#12104 = VECTOR('',#12105,1.);
#12105 = DIRECTION('',(0.,1.));
#12106 = ( GEOMETRIC_REPRESENTATION_CONTEXT(2) 
PARAMETRIC_REPRESENTATION_CONTEXT() REPRESENTATION_CONTEXT('2D SPACE',''
  ) );
#12107 = PCURVE('',#12108,#12113);
#12108 = PLANE('',#12109);
#12109 = AXIS2_PLACEMENT_3D('',#12110,#12111,#12112);
#12110 = CARTESIAN_POINT('',(-1.55,-2.05,2.45));
#12111 = DIRECTION('',(1.,0.,0.));
#12112 = DIRECTION('',(0.,0.,1.));
#12113 = DEFINITIONAL_REPRESENTATION('',(#12114),#12118);
#12114 = LINE('',#12115,#12116);
#12115 = CARTESIAN_POINT('',(0.,0.));
#12116 = VECTOR('',#12117,1.);
#12117 = DIRECTION('',(0.,-1.));
#12118 = ( GEOMETRIC_REPRESENTATION_CONTEXT(2) 
PARAMETRIC_REPRESENTATION_CONTEXT() REPRESENTATION_CONTEXT('2D SPACE',''
  ) );
#12119 = ORIENTED_EDGE('',*,*,#12120,.T.);
#12120 = EDGE_CURVE('',#12093,#11994,#12121,.T.);
#12121 = SURFACE_CURVE('',#12122,(#12126,#12133),.PCURVE_S1.);
#12122 = LINE('',#12123,#12124);
#12123 = CARTESIAN_POINT('',(-1.55,-2.05,2.45));
#12124 = VECTOR('',#12125,1.);
#12125 = DIRECTION('',(1.,0.,0.));
#12126 = PCURVE('',#12032,#12127);
#12127 = DEFINITIONAL_REPRESENTATION('',(#12128),#12132);
#12128 = LINE('',#12129,#12130);
#12129 = CARTESIAN_POINT('',(-1.65,0.));
#12130 = VECTOR('',#12131,1.);
#12131 = DIRECTION('',(1.,0.));
#12132 = ( GEOMETRIC_REPRESENTATION_CONTEXT(2) 
PARAMETRIC_REPRESENTATION_CONTEXT() REPRESENTATION_CONTEXT('2D SPACE',''
  ) );
#12133 = PCURVE('',#11896,#12134);
#12134 = DEFINITIONAL_REPRESENTATION('',(#12135),#12139);
#12135 = LINE('',#12136,#12137);
#12136 = CARTESIAN_POINT('',(0.,-1.65));
#12137 = VECTOR('',#12138,1.);
#12138 = DIRECTION('',(0.,1.));
#12139 = ( GEOMETRIC_REPRESENTATION_CONTEXT(2) 
PARAMETRIC_REPRESENTATION_CONTEXT() REPRESENTATION_CONTEXT('2D SPACE',''
  ) );
#12140 = ORIENTED_EDGE('',*,*,#12016,.T.);
#12141 = ADVANCED_FACE('',(#12142),#12108,.F.);
#12142 = FACE_BOUND('',#12143,.F.);
#12143 = EDGE_LOOP('',(#12144,#12167,#12168,#12191));
#12144 = ORIENTED_EDGE('',*,*,#12145,.F.);
#12145 = EDGE_CURVE('',#12093,#12146,#12148,.T.);
#12146 = VERTEX_POINT('',#12147);
#12147 = CARTESIAN_POINT('',(-1.55,-2.05,3.05));
#12148 = SURFACE_CURVE('',#12149,(#12153,#12160),.PCURVE_S1.);
#12149 = LINE('',#12150,#12151);
#12150 = CARTESIAN_POINT('',(-1.55,-2.05,2.45));
#12151 = VECTOR('',#12152,1.);
#12152 = DIRECTION('',(0.,0.,1.));
#12153 = PCURVE('',#12108,#12154);
#12154 = DEFINITIONAL_REPRESENTATION('',(#12155),#12159);
#12155 = LINE('',#12156,#12157);
#12156 = CARTESIAN_POINT('',(0.,0.));
#12157 = VECTOR('',#12158,1.);
#12158 = DIRECTION('',(1.,0.));
#12159 = ( GEOMETRIC_REPRESENTATION_CONTEXT(2) 
PARAMETRIC_REPRESENTATION_CONTEXT() REPRESENTATION_CONTEXT('2D SPACE',''
  ) );
#12160 = PCURVE('',#11896,#12161);
#12161 = DEFINITIONAL_REPRESENTATION('',(#12162),#12166);
#12162 = LINE('',#12163,#12164);
#12163 = CARTESIAN_POINT('',(0.,-1.65));
#12164 = VECTOR('',#12165,1.);
#12165 = DIRECTION('',(1.,0.));
#12166 = ( GEOMETRIC_REPRESENTATION_CONTEXT(2) 
PARAMETRIC_REPRESENTATION_CONTEXT() REPRESENTATION_CONTEXT('2D SPACE',''
  ) );
#12167 = ORIENTED_EDGE('',*,*,#12092,.T.);
#12168 = ORIENTED_EDGE('',*,*,#12169,.T.);
#12169 = EDGE_CURVE('',#12070,#12170,#12172,.T.);
#12170 = VERTEX_POINT('',#12171);
#12171 = CARTESIAN_POINT('',(-1.55,0.25,3.05));
#12172 = SURFACE_CURVE('',#12173,(#12177,#12184),.PCURVE_S1.);
#12173 = LINE('',#12174,#12175);
#12174 = CARTESIAN_POINT('',(-1.55,0.25,2.45));
#12175 = VECTOR('',#12176,1.);
#12176 = DIRECTION('',(0.,0.,1.));
#12177 = PCURVE('',#12108,#12178);
#12178 = DEFINITIONAL_REPRESENTATION('',(#12179),#12183);
#12179 = LINE('',#12180,#12181);
#12180 = CARTESIAN_POINT('',(0.,-2.3));
#12181 = VECTOR('',#12182,1.);
#12182 = DIRECTION('',(1.,0.));
#12183 = ( GEOMETRIC_REPRESENTATION_CONTEXT(2) 
PARAMETRIC_REPRESENTATION_CONTEXT() REPRESENTATION_CONTEXT('2D SPACE',''
  ) );
#12184 = PCURVE('',#11952,#12185);
#12185 = DEFINITIONAL_REPRESENTATION('',(#12186),#12190);
#12186 = LINE('',#12187,#12188);
#12187 = CARTESIAN_POINT('',(0.,-1.65));
#12188 = VECTOR('',#12189,1.);
#12189 = DIRECTION('',(1.,0.));
#12190 = ( GEOMETRIC_REPRESENTATION_CONTEXT(2) 
PARAMETRIC_REPRESENTATION_CONTEXT() REPRESENTATION_CONTEXT('2D SPACE',''
  ) );
#12191 = ORIENTED_EDGE('',*,*,#12192,.F.);
#12192 = EDGE_CURVE('',#12146,#12170,#12193,.T.);
#12193 = SURFACE_CURVE('',#12194,(#12198,#12205),.PCURVE_S1.);
#12194 = LINE('',#12195,#12196);
#12195 = CARTESIAN_POINT('',(-1.55,-2.05,3.05));
#12196 = VECTOR('',#12197,1.);
#12197 = DIRECTION('',(0.,1.,0.));
#12198 = PCURVE('',#12108,#12199);
#12199 = DEFINITIONAL_REPRESENTATION('',(#12200),#12204);
#12200 = LINE('',#12201,#12202);
#12201 = CARTESIAN_POINT('',(0.6,0.));
#12202 = VECTOR('',#12203,1.);
#12203 = DIRECTION('',(0.,-1.));
#12204 = ( GEOMETRIC_REPRESENTATION_CONTEXT(2) 
PARAMETRIC_REPRESENTATION_CONTEXT() REPRESENTATION_CONTEXT('2D SPACE',''
  ) );
#12205 = PCURVE('',#12206,#12211);
#12206 = PLANE('',#12207);
#12207 = AXIS2_PLACEMENT_3D('',#12208,#12209,#12210);
#12208 = CARTESIAN_POINT('',(-1.55,-2.05,3.05));
#12209 = DIRECTION('',(0.,0.,1.));
#12210 = DIRECTION('',(1.,0.,0.));
#12211 = DEFINITIONAL_REPRESENTATION('',(#12212),#12216);
#12212 = LINE('',#12213,#12214);
#12213 = CARTESIAN_POINT('',(0.,0.));
#12214 = VECTOR('',#12215,1.);
#12215 = DIRECTION('',(0.,1.));
#12216 = ( GEOMETRIC_REPRESENTATION_CONTEXT(2) 
PARAMETRIC_REPRESENTATION_CONTEXT() REPRESENTATION_CONTEXT('2D SPACE',''
  ) );
#12217 = ADVANCED_FACE('',(#12218),#12206,.T.);
#12218 = FACE_BOUND('',#12219,.T.);
#12219 = EDGE_LOOP('',(#12220,#12243,#12244,#12267));
#12220 = ORIENTED_EDGE('',*,*,#12221,.F.);
#12221 = EDGE_CURVE('',#12170,#12222,#12224,.T.);
#12222 = VERTEX_POINT('',#12223);
#12223 = CARTESIAN_POINT('',(0.1,0.25,3.05));
#12224 = SURFACE_CURVE('',#12225,(#12229,#12236),.PCURVE_S1.);
#12225 = LINE('',#12226,#12227);
#12226 = CARTESIAN_POINT('',(-1.55,0.25,3.05));
#12227 = VECTOR('',#12228,1.);
#12228 = DIRECTION('',(1.,0.,0.));
#12229 = PCURVE('',#12206,#12230);
#12230 = DEFINITIONAL_REPRESENTATION('',(#12231),#12235);
#12231 = LINE('',#12232,#12233);
#12232 = CARTESIAN_POINT('',(0.,2.3));
#12233 = VECTOR('',#12234,1.);
#12234 = DIRECTION('',(1.,0.));
#12235 = ( GEOMETRIC_REPRESENTATION_CONTEXT(2) 
PARAMETRIC_REPRESENTATION_CONTEXT() REPRESENTATION_CONTEXT('2D SPACE',''
  ) );
#12236 = PCURVE('',#11952,#12237);
#12237 = DEFINITIONAL_REPRESENTATION('',(#12238),#12242);
#12238 = LINE('',#12239,#12240);
#12239 = CARTESIAN_POINT('',(0.6,-1.65));
#12240 = VECTOR('',#12241,1.);
#12241 = DIRECTION('',(0.,1.));
#12242 = ( GEOMETRIC_REPRESENTATION_CONTEXT(2) 
PARAMETRIC_REPRESENTATION_CONTEXT() REPRESENTATION_CONTEXT('2D SPACE',''
  ) );
#12243 = ORIENTED_EDGE('',*,*,#12192,.F.);
#12244 = ORIENTED_EDGE('',*,*,#12245,.T.);
#12245 = EDGE_CURVE('',#12146,#12246,#12248,.T.);
#12246 = VERTEX_POINT('',#12247);
#12247 = CARTESIAN_POINT('',(0.1,-2.05,3.05));
#12248 = SURFACE_CURVE('',#12249,(#12253,#12260),.PCURVE_S1.);
#12249 = LINE('',#12250,#12251);
#12250 = CARTESIAN_POINT('',(-1.55,-2.05,3.05));
#12251 = VECTOR('',#12252,1.);
#12252 = DIRECTION('',(1.,0.,0.));
#12253 = PCURVE('',#12206,#12254);
#12254 = DEFINITIONAL_REPRESENTATION('',(#12255),#12259);
#12255 = LINE('',#12256,#12257);
#12256 = CARTESIAN_POINT('',(0.,0.));
#12257 = VECTOR('',#12258,1.);
#12258 = DIRECTION('',(1.,0.));
#12259 = ( GEOMETRIC_REPRESENTATION_CONTEXT(2) 
PARAMETRIC_REPRESENTATION_CONTEXT() REPRESENTATION_CONTEXT('2D SPACE',''
  ) );
#12260 = PCURVE('',#11896,#12261);
#12261 = DEFINITIONAL_REPRESENTATION('',(#12262),#12266);
#12262 = LINE('',#12263,#12264);
#12263 = CARTESIAN_POINT('',(0.6,-1.65));
#12264 = VECTOR('',#12265,1.);
#12265 = DIRECTION('',(0.,1.));
#12266 = ( GEOMETRIC_REPRESENTATION_CONTEXT(2) 
PARAMETRIC_REPRESENTATION_CONTEXT() REPRESENTATION_CONTEXT('2D SPACE',''
  ) );
#12267 = ORIENTED_EDGE('',*,*,#12268,.F.);
#12268 = EDGE_CURVE('',#12222,#12246,#12269,.T.);
#12269 = SURFACE_CURVE('',#12270,(#12274,#12280),.PCURVE_S1.);
#12270 = LINE('',#12271,#12272);
#12271 = CARTESIAN_POINT('',(0.1,-2.05,3.05));
#12272 = VECTOR('',#12273,1.);
#12273 = DIRECTION('',(0.,-1.,0.));
#12274 = PCURVE('',#12206,#12275);
#12275 = DEFINITIONAL_REPRESENTATION('',(#12276),#12279);
#12276 = B_SPLINE_CURVE_WITH_KNOTS('',1,(#12277,#12278),.UNSPECIFIED.,
  .F.,.F.,(2,2),(-2.3,0.),.PIECEWISE_BEZIER_KNOTS.);
#12277 = CARTESIAN_POINT('',(1.65,2.3));
#12278 = CARTESIAN_POINT('',(1.65,0.));
#12279 = ( GEOMETRIC_REPRESENTATION_CONTEXT(2) 
PARAMETRIC_REPRESENTATION_CONTEXT() REPRESENTATION_CONTEXT('2D SPACE',''
  ) );
#12280 = PCURVE('',#11924,#12281);
#12281 = DEFINITIONAL_REPRESENTATION('',(#12282),#12286);
#12282 = LINE('',#12283,#12284);
#12283 = CARTESIAN_POINT('',(0.6,0.));
#12284 = VECTOR('',#12285,1.);
#12285 = DIRECTION('',(0.,1.));
#12286 = ( GEOMETRIC_REPRESENTATION_CONTEXT(2) 
PARAMETRIC_REPRESENTATION_CONTEXT() REPRESENTATION_CONTEXT('2D SPACE',''
  ) );
#12287 = ADVANCED_FACE('',(#12288),#11952,.T.);
#12288 = FACE_BOUND('',#12289,.T.);
#12289 = EDGE_LOOP('',(#12290,#12291,#12292,#12293,#12294,#12315));
#12290 = ORIENTED_EDGE('',*,*,#12044,.F.);
#12291 = ORIENTED_EDGE('',*,*,#12069,.T.);
#12292 = ORIENTED_EDGE('',*,*,#12169,.T.);
#12293 = ORIENTED_EDGE('',*,*,#12221,.T.);
#12294 = ORIENTED_EDGE('',*,*,#12295,.F.);
#12295 = EDGE_CURVE('',#11909,#12222,#12296,.T.);
#12296 = SURFACE_CURVE('',#12297,(#12301,#12308),.PCURVE_S1.);
#12297 = LINE('',#12298,#12299);
#12298 = CARTESIAN_POINT('',(0.1,0.25,6.6));
#12299 = VECTOR('',#12300,1.);
#12300 = DIRECTION('',(1.17277080066E-17,0.,-1.));
#12301 = PCURVE('',#11952,#12302);
#12302 = DEFINITIONAL_REPRESENTATION('',(#12303),#12307);
#12303 = LINE('',#12304,#12305);
#12304 = CARTESIAN_POINT('',(4.15,0.));
#12305 = VECTOR('',#12306,1.);
#12306 = DIRECTION('',(-1.,1.17277080066E-17));
#12307 = ( GEOMETRIC_REPRESENTATION_CONTEXT(2) 
PARAMETRIC_REPRESENTATION_CONTEXT() REPRESENTATION_CONTEXT('2D SPACE',''
  ) );
#12308 = PCURVE('',#11924,#12309);
#12309 = DEFINITIONAL_REPRESENTATION('',(#12310),#12314);
#12310 = LINE('',#12311,#12312);
#12311 = CARTESIAN_POINT('',(4.15,-2.3));
#12312 = VECTOR('',#12313,1.);
#12313 = DIRECTION('',(-1.,0.));
#12314 = ( GEOMETRIC_REPRESENTATION_CONTEXT(2) 
PARAMETRIC_REPRESENTATION_CONTEXT() REPRESENTATION_CONTEXT('2D SPACE',''
  ) );
#12315 = ORIENTED_EDGE('',*,*,#11936,.F.);
#12316 = ADVANCED_FACE('',(#12317),#11924,.F.);
#12317 = FACE_BOUND('',#12318,.F.);
#12318 = EDGE_LOOP('',(#12319,#12340,#12341,#12342));
#12319 = ORIENTED_EDGE('',*,*,#12320,.T.);
#12320 = EDGE_CURVE('',#11881,#12246,#12321,.T.);
#12321 = SURFACE_CURVE('',#12322,(#12326,#12333),.PCURVE_S1.);
#12322 = LINE('',#12323,#12324);
#12323 = CARTESIAN_POINT('',(0.1,-2.05,6.6));
#12324 = VECTOR('',#12325,1.);
#12325 = DIRECTION('',(1.17277080066E-17,0.,-1.));
#12326 = PCURVE('',#11924,#12327);
#12327 = DEFINITIONAL_REPRESENTATION('',(#12328),#12332);
#12328 = LINE('',#12329,#12330);
#12329 = CARTESIAN_POINT('',(4.15,0.));
#12330 = VECTOR('',#12331,1.);
#12331 = DIRECTION('',(-1.,0.));
#12332 = ( GEOMETRIC_REPRESENTATION_CONTEXT(2) 
PARAMETRIC_REPRESENTATION_CONTEXT() REPRESENTATION_CONTEXT('2D SPACE',''
  ) );
#12333 = PCURVE('',#11896,#12334);
#12334 = DEFINITIONAL_REPRESENTATION('',(#12335),#12339);
#12335 = LINE('',#12336,#12337);
#12336 = CARTESIAN_POINT('',(4.15,0.));
#12337 = VECTOR('',#12338,1.);
#12338 = DIRECTION('',(-1.,1.17277080066E-17));
#12339 = ( GEOMETRIC_REPRESENTATION_CONTEXT(2) 
PARAMETRIC_REPRESENTATION_CONTEXT() REPRESENTATION_CONTEXT('2D SPACE',''
  ) );
#12340 = ORIENTED_EDGE('',*,*,#12268,.F.);
#12341 = ORIENTED_EDGE('',*,*,#12295,.F.);
#12342 = ORIENTED_EDGE('',*,*,#11908,.F.);
#12343 = ADVANCED_FACE('',(#12344),#11896,.F.);
#12344 = FACE_BOUND('',#12345,.F.);
#12345 = EDGE_LOOP('',(#12346,#12347,#12348,#12349,#12350,#12351));
#12346 = ORIENTED_EDGE('',*,*,#11993,.F.);
#12347 = ORIENTED_EDGE('',*,*,#12120,.F.);
#12348 = ORIENTED_EDGE('',*,*,#12145,.T.);
#12349 = ORIENTED_EDGE('',*,*,#12245,.T.);
#12350 = ORIENTED_EDGE('',*,*,#12320,.F.);
#12351 = ORIENTED_EDGE('',*,*,#11878,.F.);
#12352 = ADVANCED_FACE('',(#12353),#2046,.T.);
#12353 = FACE_BOUND('',#12354,.T.);
#12354 = EDGE_LOOP('',(#12355,#12356,#12357,#12378));
#12355 = ORIENTED_EDGE('',*,*,#2347,.F.);
#12356 = ORIENTED_EDGE('',*,*,#2032,.T.);
#12357 = ORIENTED_EDGE('',*,*,#12358,.T.);
#12358 = EDGE_CURVE('',#1777,#11807,#12359,.T.);
#12359 = SURFACE_CURVE('',#12360,(#12364,#12371),.PCURVE_S1.);
#12360 = LINE('',#12361,#12362);
#12361 = CARTESIAN_POINT('',(0.7,-3.,4.4));
#12362 = VECTOR('',#12363,1.);
#12363 = DIRECTION('',(0.,0.,1.));
#12364 = PCURVE('',#2046,#12365);
#12365 = DEFINITIONAL_REPRESENTATION('',(#12366),#12370);
#12366 = LINE('',#12367,#12368);
#12367 = CARTESIAN_POINT('',(0.,-15.3));
#12368 = VECTOR('',#12369,1.);
#12369 = DIRECTION('',(1.,0.));
#12370 = ( GEOMETRIC_REPRESENTATION_CONTEXT(2) 
PARAMETRIC_REPRESENTATION_CONTEXT() REPRESENTATION_CONTEXT('2D SPACE',''
  ) );
#12371 = PCURVE('',#1792,#12372);
#12372 = DEFINITIONAL_REPRESENTATION('',(#12373),#12377);
#12373 = LINE('',#12374,#12375);
#12374 = CARTESIAN_POINT('',(0.,3.2));
#12375 = VECTOR('',#12376,1.);
#12376 = DIRECTION('',(1.,0.));
#12377 = ( GEOMETRIC_REPRESENTATION_CONTEXT(2) 
PARAMETRIC_REPRESENTATION_CONTEXT() REPRESENTATION_CONTEXT('2D SPACE',''
  ) );
#12378 = ORIENTED_EDGE('',*,*,#11828,.F.);
#12379 = ADVANCED_FACE('',(#12380),#1792,.T.);
#12380 = FACE_BOUND('',#12381,.T.);
#12381 = EDGE_LOOP('',(#12382,#12383,#12402,#12403,#12404));
#12382 = ORIENTED_EDGE('',*,*,#1774,.F.);
#12383 = ORIENTED_EDGE('',*,*,#12384,.T.);
#12384 = EDGE_CURVE('',#1775,#9644,#12385,.T.);
#12385 = SURFACE_CURVE('',#12386,(#12390,#12396),.PCURVE_S1.);
#12386 = LINE('',#12387,#12388);
#12387 = CARTESIAN_POINT('',(-1.092082940622,-3.,4.684542884072));
#12388 = VECTOR('',#12389,1.);
#12389 = DIRECTION('',(-0.951708617761,0.,0.307002779923));
#12390 = PCURVE('',#1792,#12391);
#12391 = DEFINITIONAL_REPRESENTATION('',(#12392),#12395);
#12392 = B_SPLINE_CURVE_WITH_KNOTS('',1,(#12393,#12394),.UNSPECIFIED.,
  .F.,.F.,(2,2),(-0.926841392587,-0.517052101283),
  .PIECEWISE_BEZIER_KNOTS.);
#12393 = CARTESIAN_POINT('',(-1.110223024625E-16,2.29));
#12394 = CARTESIAN_POINT('',(0.125806451613,1.9));
#12395 = ( GEOMETRIC_REPRESENTATION_CONTEXT(2) 
PARAMETRIC_REPRESENTATION_CONTEXT() REPRESENTATION_CONTEXT('2D SPACE',''
  ) );
#12396 = PCURVE('',#305,#12397);
#12397 = DEFINITIONAL_REPRESENTATION('',(#12398),#12401);
#12398 = B_SPLINE_CURVE_WITH_KNOTS('',1,(#12399,#12400),.UNSPECIFIED.,
  .F.,.F.,(2,2),(-0.926841392587,-0.517052101283),
  .PIECEWISE_BEZIER_KNOTS.);
#12399 = CARTESIAN_POINT('',(0.325729949498,-13.));
#12400 = CARTESIAN_POINT('',(0.735519240802,-13.));
#12401 = ( GEOMETRIC_REPRESENTATION_CONTEXT(2) 
PARAMETRIC_REPRESENTATION_CONTEXT() REPRESENTATION_CONTEXT('2D SPACE',''
  ) );
#12402 = ORIENTED_EDGE('',*,*,#9643,.T.);
#12403 = ORIENTED_EDGE('',*,*,#11806,.F.);
#12404 = ORIENTED_EDGE('',*,*,#12358,.F.);
#12405 = ADVANCED_FACE('',(#12406),#1616,.T.);
#12406 = FACE_BOUND('',#12407,.T.);
#12407 = EDGE_LOOP('',(#12408,#12409,#12410,#12411,#12433,#12434,#12435,
    #12436));
#12408 = ORIENTED_EDGE('',*,*,#1963,.T.);
#12409 = ORIENTED_EDGE('',*,*,#1718,.T.);
#12410 = ORIENTED_EDGE('',*,*,#1600,.T.);
#12411 = ORIENTED_EDGE('',*,*,#12412,.T.);
#12412 = EDGE_CURVE('',#1601,#1826,#12413,.T.);
#12413 = SURFACE_CURVE('',#12414,(#12419,#12426),.PCURVE_S1.);
#12414 = CIRCLE('',#12415,3.95);
#12415 = AXIS2_PLACEMENT_3D('',#12416,#12417,#12418);
#12416 = CARTESIAN_POINT('',(-0.586703876899,-7.268,1.844462306783));
#12417 = DIRECTION('',(-0.984807753012,-3.08148791102E-33,0.173648177667
    ));
#12418 = DIRECTION('',(0.173648177667,-1.124276480633E-16,0.984807753012
    ));
#12419 = PCURVE('',#1616,#12420);
#12420 = DEFINITIONAL_REPRESENTATION('',(#12421),#12425);
#12421 = CIRCLE('',#12422,3.95);
#12422 = AXIS2_PLACEMENT_2D('',#12423,#12424);
#12423 = CARTESIAN_POINT('',(0.,-3.4));
#12424 = DIRECTION('',(-1.,1.124276480633E-16));
#12425 = ( GEOMETRIC_REPRESENTATION_CONTEXT(2) 
PARAMETRIC_REPRESENTATION_CONTEXT() REPRESENTATION_CONTEXT('2D SPACE',''
  ) );
#12426 = PCURVE('',#1642,#12427);
#12427 = DEFINITIONAL_REPRESENTATION('',(#12428),#12432);
#12428 = LINE('',#12429,#12430);
#12429 = CARTESIAN_POINT('',(0.,-1.3));
#12430 = VECTOR('',#12431,1.);
#12431 = DIRECTION('',(1.,0.));
#12432 = ( GEOMETRIC_REPRESENTATION_CONTEXT(2) 
PARAMETRIC_REPRESENTATION_CONTEXT() REPRESENTATION_CONTEXT('2D SPACE',''
  ) );
#12433 = ORIENTED_EDGE('',*,*,#1852,.T.);
#12434 = ORIENTED_EDGE('',*,*,#2061,.F.);
#12435 = ORIENTED_EDGE('',*,*,#2143,.F.);
#12436 = ORIENTED_EDGE('',*,*,#2243,.F.);
#12437 = ADVANCED_FACE('',(#12438),#1642,.F.);
#12438 = FACE_BOUND('',#12439,.F.);
#12439 = EDGE_LOOP('',(#12440,#12472,#12473,#12474,#12475));
#12440 = ORIENTED_EDGE('',*,*,#12441,.F.);
#12441 = EDGE_CURVE('',#1522,#12442,#12444,.T.);
#12442 = VERTEX_POINT('',#12443);
#12443 = CARTESIAN_POINT('',(-0.23236685262,-4.281618992691,
    4.407215113748));
#12444 = SURFACE_CURVE('',#12445,(#12450,#12461),.PCURVE_S1.);
#12445 = ELLIPSE('',#12446,3.953763106395,3.95);
#12446 = AXIS2_PLACEMENT_3D('',#12447,#12448,#12449);
#12447 = CARTESIAN_POINT('',(-0.792471847209,-7.268,1.880744751715));
#12448 = DIRECTION('',(-0.97629600712,0.,0.216439613938));
#12449 = DIRECTION('',(-0.216439613938,0.,-0.97629600712));
#12450 = PCURVE('',#1642,#12451);
#12451 = DEFINITIONAL_REPRESENTATION('',(#12452),#12460);
#12452 = B_SPLINE_CURVE_WITH_KNOTS('',6,(#12453,#12454,#12455,#12456,
    #12457,#12458,#12459),.UNSPECIFIED.,.F.,.F.,(7,7),(3.14159265359,
    3.99992139457),.PIECEWISE_BEZIER_KNOTS.);
#12453 = CARTESIAN_POINT('',(0.,-1.263518451562));
#12454 = CARTESIAN_POINT('',(0.143054790163,-1.263518451562));
#12455 = CARTESIAN_POINT('',(0.286109580327,-1.259283254459));
#12456 = CARTESIAN_POINT('',(0.42916437049,-1.250812679657));
#12457 = CARTESIAN_POINT('',(0.572219160653,-1.238367346866));
#12458 = CARTESIAN_POINT('',(0.715273950817,-1.222465897137));
#12459 = CARTESIAN_POINT('',(0.85832874098,-1.203795838616));
#12460 = ( GEOMETRIC_REPRESENTATION_CONTEXT(2) 
PARAMETRIC_REPRESENTATION_CONTEXT() REPRESENTATION_CONTEXT('2D SPACE',''
  ) );
#12461 = PCURVE('',#1387,#12462);
#12462 = DEFINITIONAL_REPRESENTATION('',(#12463),#12471);
#12463 = B_SPLINE_CURVE_WITH_KNOTS('',6,(#12464,#12465,#12466,#12467,
    #12468,#12469,#12470),.UNSPECIFIED.,.F.,.F.,(7,7),(3.14159265359,
    3.99992139457),.PIECEWISE_BEZIER_KNOTS.);
#12464 = CARTESIAN_POINT('',(0.,-1.036481548438));
#12465 = CARTESIAN_POINT('',(0.143054790163,-1.036481548438));
#12466 = CARTESIAN_POINT('',(0.286109580327,-1.040716745541));
#12467 = CARTESIAN_POINT('',(0.42916437049,-1.049187320343));
#12468 = CARTESIAN_POINT('',(0.572219160653,-1.061632653134));
#12469 = CARTESIAN_POINT('',(0.715273950817,-1.077534102863));
#12470 = CARTESIAN_POINT('',(0.85832874098,-1.096204161384));
#12471 = ( GEOMETRIC_REPRESENTATION_CONTEXT(2) 
PARAMETRIC_REPRESENTATION_CONTEXT() REPRESENTATION_CONTEXT('2D SPACE',''
  ) );
#12472 = ORIENTED_EDGE('',*,*,#1628,.T.);
#12473 = ORIENTED_EDGE('',*,*,#12412,.T.);
#12474 = ORIENTED_EDGE('',*,*,#1825,.T.);
#12475 = ORIENTED_EDGE('',*,*,#12476,.F.);
#12476 = EDGE_CURVE('',#12442,#1805,#12477,.T.);
#12477 = SURFACE_CURVE('',#12478,(#12483,#12493),.PCURVE_S1.);
#12478 = ELLIPSE('',#12479,28.816078490961,3.95);
#12479 = AXIS2_PLACEMENT_3D('',#12480,#12481,#12482);
#12480 = CARTESIAN_POINT('',(17.717487562521,-7.268,-1.383060504039));
#12481 = DIRECTION('',(-0.307002779923,0.,-0.951708617761));
#12482 = DIRECTION('',(-0.951708617761,0.,0.307002779923));
#12483 = PCURVE('',#1642,#12484);
#12484 = DEFINITIONAL_REPRESENTATION('',(#12485),#12492);
#12485 = B_SPLINE_CURVE_WITH_KNOTS('',5,(#12486,#12487,#12488,#12489,
    #12490,#12491),.UNSPECIFIED.,.F.,.F.,(6,6),(0.800013710561,
    0.861693377049),.PIECEWISE_BEZIER_KNOTS.);
#12486 = CARTESIAN_POINT('',(0.800013710561,5.999999959094E-07));
#12487 = CARTESIAN_POINT('',(0.812349643858,-0.252596563401));
#12488 = CARTESIAN_POINT('',(0.824685577156,-0.508976530281));
#12489 = CARTESIAN_POINT('',(0.837021510454,-0.769059219526));
#12490 = CARTESIAN_POINT('',(0.849357443752,-1.032762150528));
#12491 = CARTESIAN_POINT('',(0.861693377049,-1.3000006));
#12492 = ( GEOMETRIC_REPRESENTATION_CONTEXT(2) 
PARAMETRIC_REPRESENTATION_CONTEXT() REPRESENTATION_CONTEXT('2D SPACE',''
  ) );
#12493 = PCURVE('',#305,#12494);
#12494 = DEFINITIONAL_REPRESENTATION('',(#12495),#12499);
#12495 = ELLIPSE('',#12496,28.816078490961,3.95);
#12496 = AXIS2_PLACEMENT_2D('',#12497,#12498);
#12497 = CARTESIAN_POINT('',(-18.51143010975,-17.268));
#12498 = DIRECTION('',(1.,0.));
#12499 = ( GEOMETRIC_REPRESENTATION_CONTEXT(2) 
PARAMETRIC_REPRESENTATION_CONTEXT() REPRESENTATION_CONTEXT('2D SPACE',''
  ) );
#12500 = ADVANCED_FACE('',(#12501),#1387,.F.);
#12501 = FACE_BOUND('',#12502,.F.);
#12502 = EDGE_LOOP('',(#12503,#12504,#12505,#12506,#12533,#12566,#12601)
  );
#12503 = ORIENTED_EDGE('',*,*,#1370,.F.);
#12504 = ORIENTED_EDGE('',*,*,#1547,.T.);
#12505 = ORIENTED_EDGE('',*,*,#12441,.T.);
#12506 = ORIENTED_EDGE('',*,*,#12507,.F.);
#12507 = EDGE_CURVE('',#12508,#12442,#12510,.T.);
#12508 = VERTEX_POINT('',#12509);
#12509 = CARTESIAN_POINT('',(-0.243495318257,-4.282127482255,
    4.410804941373));
#12510 = SURFACE_CURVE('',#12511,(#12516,#12526),.PCURVE_S1.);
#12511 = ELLIPSE('',#12512,78.651419730858,3.95);
#12512 = AXIS2_PLACEMENT_3D('',#12513,#12514,#12515);
#12513 = CARTESIAN_POINT('',(48.760473521406,-7.268,-11.39692694238));
#12514 = DIRECTION('',(-0.307002779923,0.,-0.951708617761));
#12515 = DIRECTION('',(-0.951708617761,0.,0.307002779923));
#12516 = PCURVE('',#1387,#12517);
#12517 = DEFINITIONAL_REPRESENTATION('',(#12518),#12525);
#12518 = B_SPLINE_CURVE_WITH_KNOTS('',5,(#12519,#12520,#12521,#12522,
    #12523,#12524),.UNSPECIFIED.,.F.,.F.,(6,6),(0.838643911815,
    0.860679336985),.PIECEWISE_BEZIER_KNOTS.);
#12519 = CARTESIAN_POINT('',(0.838643911815,6.00000013673E-07));
#12520 = CARTESIAN_POINT('',(0.843050996849,-0.257470907157));
#12521 = CARTESIAN_POINT('',(0.847458081883,-0.516217250221));
#12522 = CARTESIAN_POINT('',(0.851865166917,-0.776228011037));
#12523 = CARTESIAN_POINT('',(0.856272251951,-1.037492668279));
#12524 = CARTESIAN_POINT('',(0.860679336985,-1.3000006));
#12525 = ( GEOMETRIC_REPRESENTATION_CONTEXT(2) 
PARAMETRIC_REPRESENTATION_CONTEXT() REPRESENTATION_CONTEXT('2D SPACE',''
  ) );
#12526 = PCURVE('',#305,#12527);
#12527 = DEFINITIONAL_REPRESENTATION('',(#12528),#12532);
#12528 = ELLIPSE('',#12529,78.651419730858,3.95);
#12529 = AXIS2_PLACEMENT_2D('',#12530,#12531);
#12530 = CARTESIAN_POINT('',(-51.12959220218,-17.268));
#12531 = DIRECTION('',(1.,0.));
#12532 = ( GEOMETRIC_REPRESENTATION_CONTEXT(2) 
PARAMETRIC_REPRESENTATION_CONTEXT() REPRESENTATION_CONTEXT('2D SPACE',''
  ) );
#12533 = ORIENTED_EDGE('',*,*,#12534,.F.);
#12534 = EDGE_CURVE('',#12535,#12508,#12537,.T.);
#12535 = VERTEX_POINT('',#12536);
#12536 = CARTESIAN_POINT('',(-0.201141590572,-4.775753690866,
    4.894910264026));
#12537 = SURFACE_CURVE('',#12538,(#12543,#12554),.PCURVE_S1.);
#12538 = ELLIPSE('',#12539,4.010935116949,3.95);
#12539 = AXIS2_PLACEMENT_3D('',#12540,#12541,#12542);
#12540 = CARTESIAN_POINT('',(-0.472351333394,-7.268,1.794968718558));
#12541 = DIRECTION('',(-0.996194698092,-0.,8.715574274766E-02));
#12542 = DIRECTION('',(8.715574274766E-02,0.,0.996194698092));
#12543 = PCURVE('',#1387,#12544);
#12544 = DEFINITIONAL_REPRESENTATION('',(#12545),#12553);
#12545 = B_SPLINE_CURVE_WITH_KNOTS('',6,(#12546,#12547,#12548,#12549,
    #12550,#12551,#12552),.UNSPECIFIED.,.F.,.F.,(7,7),(0.,0.901448502864
    ),.PIECEWISE_BEZIER_KNOTS.);
#12546 = CARTESIAN_POINT('',(2.248552961266E-16,-0.843863841941));
#12547 = CARTESIAN_POINT('',(0.150241417144,-0.843863841941));
#12548 = CARTESIAN_POINT('',(0.300482834288,-0.862729542295));
#12549 = CARTESIAN_POINT('',(0.450724251432,-0.900462019002));
#12550 = CARTESIAN_POINT('',(0.600965668576,-0.955780134615));
#12551 = CARTESIAN_POINT('',(0.75120708572,-1.026137104373));
#12552 = CARTESIAN_POINT('',(0.901448502864,-1.108200039619));
#12553 = ( GEOMETRIC_REPRESENTATION_CONTEXT(2) 
PARAMETRIC_REPRESENTATION_CONTEXT() REPRESENTATION_CONTEXT('2D SPACE',''
  ) );
#12554 = PCURVE('',#12555,#12560);
#12555 = PLANE('',#12556);
#12556 = AXIS2_PLACEMENT_3D('',#12557,#12558,#12559);
#12557 = CARTESIAN_POINT('',(-0.468231047996,-10.668,1.842063796164));
#12558 = DIRECTION('',(-0.996194698092,-0.,8.715574274766E-02));
#12559 = DIRECTION('',(-8.715574274766E-02,0.,-0.996194698092));
#12560 = DEFINITIONAL_REPRESENTATION('',(#12561),#12565);
#12561 = ELLIPSE('',#12562,4.010935116949,3.95);
#12562 = AXIS2_PLACEMENT_2D('',#12563,#12564);
#12563 = CARTESIAN_POINT('',(4.727497315203E-02,-3.4));
#12564 = DIRECTION('',(-1.,0.));
#12565 = ( GEOMETRIC_REPRESENTATION_CONTEXT(2) 
PARAMETRIC_REPRESENTATION_CONTEXT() REPRESENTATION_CONTEXT('2D SPACE',''
  ) );
#12566 = ORIENTED_EDGE('',*,*,#12567,.T.);
#12567 = EDGE_CURVE('',#12535,#12568,#12570,.T.);
#12568 = VERTEX_POINT('',#12569);
#12569 = CARTESIAN_POINT('',(-0.284187843031,-4.283988554927,
    4.423931562268));
#12570 = SURFACE_CURVE('',#12571,(#12576,#12586),.PCURVE_S1.);
#12571 = ELLIPSE('',#12572,3.965088358296,3.95);
#12572 = AXIS2_PLACEMENT_3D('',#12573,#12574,#12575);
#12573 = CARTESIAN_POINT('',(-0.735320505419,-7.268,1.865431095836));
#12574 = DIRECTION('',(-0.984807753012,0.,0.173648177667));
#12575 = DIRECTION('',(-0.173648177667,0.,-0.984807753012));
#12576 = PCURVE('',#1387,#12577);
#12577 = DEFINITIONAL_REPRESENTATION('',(#12578),#12585);
#12578 = B_SPLINE_CURVE_WITH_KNOTS('',5,(#12579,#12580,#12581,#12582,
    #12583,#12584),.UNSPECIFIED.,.F.,.F.,(6,6),(3.82436498974,
    4.001116414221),.PIECEWISE_BEZIER_KNOTS.);
#12579 = CARTESIAN_POINT('',(0.68277233615,-0.9999994));
#12580 = CARTESIAN_POINT('',(0.718122621047,-1.007707266651));
#12581 = CARTESIAN_POINT('',(0.753472905943,-1.015833935642));
#12582 = CARTESIAN_POINT('',(0.788823190839,-1.024359341674));
#12583 = CARTESIAN_POINT('',(0.824173475735,-1.033261231903));
#12584 = CARTESIAN_POINT('',(0.859523760631,-1.042515512044));
#12585 = ( GEOMETRIC_REPRESENTATION_CONTEXT(2) 
PARAMETRIC_REPRESENTATION_CONTEXT() REPRESENTATION_CONTEXT('2D SPACE',''
  ) );
#12586 = PCURVE('',#12587,#12592);
#12587 = CYLINDRICAL_SURFACE('',#12588,3.95);
#12588 = AXIS2_PLACEMENT_3D('',#12589,#12590,#12591);
#12589 = CARTESIAN_POINT('',(-1.763284155515,-7.268,1.955366261736));
#12590 = DIRECTION('',(-0.996194698092,0.,8.715574274766E-02));
#12591 = DIRECTION('',(8.715574274766E-02,-1.124276480633E-16,
    0.996194698092));
#12592 = DEFINITIONAL_REPRESENTATION('',(#12593),#12600);
#12593 = B_SPLINE_CURVE_WITH_KNOTS('',5,(#12594,#12595,#12596,#12597,
    #12598,#12599),.UNSPECIFIED.,.F.,.F.,(6,6),(3.82436498974,
    4.001116414221),.PIECEWISE_BEZIER_KNOTS.);
#12594 = CARTESIAN_POINT('',(0.68277233615,-1.3000006));
#12595 = CARTESIAN_POINT('',(0.718122621047,-1.292292733349));
#12596 = CARTESIAN_POINT('',(0.753472905943,-1.284166064358));
#12597 = CARTESIAN_POINT('',(0.788823190839,-1.275640658326));
#12598 = CARTESIAN_POINT('',(0.824173475735,-1.266738768097));
#12599 = CARTESIAN_POINT('',(0.859523760631,-1.257484487956));
#12600 = ( GEOMETRIC_REPRESENTATION_CONTEXT(2) 
PARAMETRIC_REPRESENTATION_CONTEXT() REPRESENTATION_CONTEXT('2D SPACE',''
  ) );
#12601 = ORIENTED_EDGE('',*,*,#12602,.F.);
#12602 = EDGE_CURVE('',#1371,#12568,#12603,.T.);
#12603 = SURFACE_CURVE('',#12604,(#12609,#12619),.PCURVE_S1.);
#12604 = ELLIPSE('',#12605,78.651419730858,3.95);
#12605 = AXIS2_PLACEMENT_3D('',#12606,#12607,#12608);
#12606 = CARTESIAN_POINT('',(48.760473521406,-7.268,-11.39692694238));
#12607 = DIRECTION('',(-0.307002779923,0.,-0.951708617761));
#12608 = DIRECTION('',(-0.951708617761,0.,0.307002779923));
#12609 = PCURVE('',#1387,#12610);
#12610 = DEFINITIONAL_REPRESENTATION('',(#12611),#12618);
#12611 = B_SPLINE_CURVE_WITH_KNOTS('',5,(#12612,#12613,#12614,#12615,
    #12616,#12617),.UNSPECIFIED.,.F.,.F.,(6,6),(0.838643911815,
    0.860679336985),.PIECEWISE_BEZIER_KNOTS.);
#12612 = CARTESIAN_POINT('',(0.838643911815,6.00000013673E-07));
#12613 = CARTESIAN_POINT('',(0.843050996849,-0.257470907157));
#12614 = CARTESIAN_POINT('',(0.847458081883,-0.516217250221));
#12615 = CARTESIAN_POINT('',(0.851865166917,-0.776228011037));
#12616 = CARTESIAN_POINT('',(0.856272251951,-1.037492668279));
#12617 = CARTESIAN_POINT('',(0.860679336985,-1.3000006));
#12618 = ( GEOMETRIC_REPRESENTATION_CONTEXT(2) 
PARAMETRIC_REPRESENTATION_CONTEXT() REPRESENTATION_CONTEXT('2D SPACE',''
  ) );
#12619 = PCURVE('',#305,#12620);
#12620 = DEFINITIONAL_REPRESENTATION('',(#12621),#12625);
#12621 = ELLIPSE('',#12622,78.651419730858,3.95);
#12622 = AXIS2_PLACEMENT_2D('',#12623,#12624);
#12623 = CARTESIAN_POINT('',(-51.12959220218,-17.268));
#12624 = DIRECTION('',(1.,0.));
#12625 = ( GEOMETRIC_REPRESENTATION_CONTEXT(2) 
PARAMETRIC_REPRESENTATION_CONTEXT() REPRESENTATION_CONTEXT('2D SPACE',''
  ) );
#12626 = ADVANCED_FACE('',(#12627),#12555,.T.);
#12627 = FACE_BOUND('',#12628,.T.);
#12628 = EDGE_LOOP('',(#12629,#12630,#12654));
#12629 = ORIENTED_EDGE('',*,*,#12534,.F.);
#12630 = ORIENTED_EDGE('',*,*,#12631,.T.);
#12631 = EDGE_CURVE('',#12535,#12632,#12634,.T.);
#12632 = VERTEX_POINT('',#12633);
#12633 = CARTESIAN_POINT('',(-0.243495318257,-4.275749545795,
    4.410804941373));
#12634 = SURFACE_CURVE('',#12635,(#12640,#12647),.PCURVE_S1.);
#12635 = CIRCLE('',#12636,3.95);
#12636 = AXIS2_PLACEMENT_3D('',#12637,#12638,#12639);
#12637 = CARTESIAN_POINT('',(-0.468231047996,-7.268,1.842063796164));
#12638 = DIRECTION('',(-0.996194698092,0.,8.715574274766E-02));
#12639 = DIRECTION('',(8.715574274766E-02,-1.124276480633E-16,
    0.996194698092));
#12640 = PCURVE('',#12555,#12641);
#12641 = DEFINITIONAL_REPRESENTATION('',(#12642),#12646);
#12642 = CIRCLE('',#12643,3.95);
#12643 = AXIS2_PLACEMENT_2D('',#12644,#12645);
#12644 = CARTESIAN_POINT('',(0.,-3.4));
#12645 = DIRECTION('',(-1.,1.124276480633E-16));
#12646 = ( GEOMETRIC_REPRESENTATION_CONTEXT(2) 
PARAMETRIC_REPRESENTATION_CONTEXT() REPRESENTATION_CONTEXT('2D SPACE',''
  ) );
#12647 = PCURVE('',#12587,#12648);
#12648 = DEFINITIONAL_REPRESENTATION('',(#12649),#12653);
#12649 = LINE('',#12650,#12651);
#12650 = CARTESIAN_POINT('',(0.,-1.3));
#12651 = VECTOR('',#12652,1.);
#12652 = DIRECTION('',(1.,0.));
#12653 = ( GEOMETRIC_REPRESENTATION_CONTEXT(2) 
PARAMETRIC_REPRESENTATION_CONTEXT() REPRESENTATION_CONTEXT('2D SPACE',''
  ) );
#12654 = ORIENTED_EDGE('',*,*,#12655,.F.);
#12655 = EDGE_CURVE('',#12508,#12632,#12656,.T.);
#12656 = SURFACE_CURVE('',#12657,(#12661,#12667),.PCURVE_S1.);
#12657 = LINE('',#12658,#12659);
#12658 = CARTESIAN_POINT('',(-0.243495318257,-0.334,4.410804941373));
#12659 = VECTOR('',#12660,1.);
#12660 = DIRECTION('',(-0.,1.,0.));
#12661 = PCURVE('',#12555,#12662);
#12662 = DEFINITIONAL_REPRESENTATION('',(#12663),#12666);
#12663 = B_SPLINE_CURVE_WITH_KNOTS('',1,(#12664,#12665),.UNSPECIFIED.,
  .F.,.F.,(2,2),(-17.684,-2.984),.PIECEWISE_BEZIER_KNOTS.);
#12664 = CARTESIAN_POINT('',(-2.578553319075,7.35));
#12665 = CARTESIAN_POINT('',(-2.578553319075,-7.35));
#12666 = ( GEOMETRIC_REPRESENTATION_CONTEXT(2) 
PARAMETRIC_REPRESENTATION_CONTEXT() REPRESENTATION_CONTEXT('2D SPACE',''
  ) );
#12667 = PCURVE('',#305,#12668);
#12668 = DEFINITIONAL_REPRESENTATION('',(#12669),#12672);
#12669 = B_SPLINE_CURVE_WITH_KNOTS('',1,(#12670,#12671),.UNSPECIFIED.,
  .F.,.F.,(2,2),(-17.684,-2.984),.PIECEWISE_BEZIER_KNOTS.);
#12670 = CARTESIAN_POINT('',(0.360924879577,-28.018));
#12671 = CARTESIAN_POINT('',(0.360924879577,-13.318));
#12672 = ( GEOMETRIC_REPRESENTATION_CONTEXT(2) 
PARAMETRIC_REPRESENTATION_CONTEXT() REPRESENTATION_CONTEXT('2D SPACE',''
  ) );
#12673 = ADVANCED_FACE('',(#12674),#12587,.F.);
#12674 = FACE_BOUND('',#12675,.F.);
#12675 = EDGE_LOOP('',(#12676,#12701,#12702));
#12676 = ORIENTED_EDGE('',*,*,#12677,.F.);
#12677 = EDGE_CURVE('',#12568,#12632,#12678,.T.);
#12678 = SURFACE_CURVE('',#12679,(#12684,#12694),.PCURVE_S1.);
#12679 = ELLIPSE('',#12680,17.721931394802,3.95);
#12680 = AXIS2_PLACEMENT_3D('',#12681,#12682,#12683);
#12681 = CARTESIAN_POINT('',(10.76667591704,-7.268,0.859136800955));
#12682 = DIRECTION('',(-0.307002779923,0.,-0.951708617761));
#12683 = DIRECTION('',(-0.951708617761,0.,0.307002779923));
#12684 = PCURVE('',#12587,#12685);
#12685 = DEFINITIONAL_REPRESENTATION('',(#12686),#12693);
#12686 = B_SPLINE_CURVE_WITH_KNOTS('',5,(#12687,#12688,#12689,#12690,
    #12691,#12692),.UNSPECIFIED.,.F.,.F.,(6,6),(0.755328017852,
    0.859523806477),.PIECEWISE_BEZIER_KNOTS.);
#12687 = CARTESIAN_POINT('',(0.755328017852,5.99999998796E-07));
#12688 = CARTESIAN_POINT('',(0.776167175577,-0.246802885162));
#12689 = CARTESIAN_POINT('',(0.797006333302,-0.500434091674));
#12690 = CARTESIAN_POINT('',(0.817845491027,-0.760669732048));
#12691 = CARTESIAN_POINT('',(0.838684648752,-1.027274150449));
#12692 = CARTESIAN_POINT('',(0.859523806477,-1.3000006));
#12693 = ( GEOMETRIC_REPRESENTATION_CONTEXT(2) 
PARAMETRIC_REPRESENTATION_CONTEXT() REPRESENTATION_CONTEXT('2D SPACE',''
  ) );
#12694 = PCURVE('',#305,#12695);
#12695 = DEFINITIONAL_REPRESENTATION('',(#12696),#12700);
#12696 = ELLIPSE('',#12697,17.721931394802,3.95);
#12697 = AXIS2_PLACEMENT_2D('',#12698,#12699);
#12698 = CARTESIAN_POINT('',(-11.20792196054,-17.268));
#12699 = DIRECTION('',(1.,0.));
#12700 = ( GEOMETRIC_REPRESENTATION_CONTEXT(2) 
PARAMETRIC_REPRESENTATION_CONTEXT() REPRESENTATION_CONTEXT('2D SPACE',''
  ) );
#12701 = ORIENTED_EDGE('',*,*,#12567,.F.);
#12702 = ORIENTED_EDGE('',*,*,#12631,.T.);
#12703 = ADVANCED_FACE('',(#12704),#1330,.F.);
#12704 = FACE_BOUND('',#12705,.F.);
#12705 = EDGE_LOOP('',(#12706,#12707,#12734,#12769,#12802,#12827,#12828)
  );
#12706 = ORIENTED_EDGE('',*,*,#1311,.F.);
#12707 = ORIENTED_EDGE('',*,*,#12708,.F.);
#12708 = EDGE_CURVE('',#12709,#1312,#12711,.T.);
#12709 = VERTEX_POINT('',#12710);
#12710 = CARTESIAN_POINT('',(-0.284187843031,-17.05201144507,
    4.423931562268));
#12711 = SURFACE_CURVE('',#12712,(#12717,#12727),.PCURVE_S1.);
#12712 = ELLIPSE('',#12713,78.651419730858,3.95);
#12713 = AXIS2_PLACEMENT_3D('',#12714,#12715,#12716);
#12714 = CARTESIAN_POINT('',(48.760473521406,-14.068,-11.39692694238));
#12715 = DIRECTION('',(-0.307002779923,0.,-0.951708617761));
#12716 = DIRECTION('',(-0.951708617761,0.,0.307002779923));
#12717 = PCURVE('',#1330,#12718);
#12718 = DEFINITIONAL_REPRESENTATION('',(#12719),#12726);
#12719 = B_SPLINE_CURVE_WITH_KNOTS('',5,(#12720,#12721,#12722,#12723,
    #12724,#12725),.UNSPECIFIED.,.F.,.F.,(6,6),(5.422505970195,
    5.444541395365),.PIECEWISE_BEZIER_KNOTS.);
#12720 = CARTESIAN_POINT('',(2.280913316605,-1.3000006));
#12721 = CARTESIAN_POINT('',(2.285320401639,-1.037492668279));
#12722 = CARTESIAN_POINT('',(2.289727486673,-0.776228011037));
#12723 = CARTESIAN_POINT('',(2.294134571707,-0.516217250221));
#12724 = CARTESIAN_POINT('',(2.298541656741,-0.257470907158));
#12725 = CARTESIAN_POINT('',(2.302948741775,6.00000013673E-07));
#12726 = ( GEOMETRIC_REPRESENTATION_CONTEXT(2) 
PARAMETRIC_REPRESENTATION_CONTEXT() REPRESENTATION_CONTEXT('2D SPACE',''
  ) );
#12727 = PCURVE('',#43,#12728);
#12728 = DEFINITIONAL_REPRESENTATION('',(#12729),#12733);
#12729 = ELLIPSE('',#12730,78.651419730858,3.95);
#12730 = AXIS2_PLACEMENT_2D('',#12731,#12732);
#12731 = CARTESIAN_POINT('',(-51.12959220218,-24.068));
#12732 = DIRECTION('',(1.,0.));
#12733 = ( GEOMETRIC_REPRESENTATION_CONTEXT(2) 
PARAMETRIC_REPRESENTATION_CONTEXT() REPRESENTATION_CONTEXT('2D SPACE',''
  ) );
#12734 = ORIENTED_EDGE('',*,*,#12735,.T.);
#12735 = EDGE_CURVE('',#12709,#12736,#12738,.T.);
#12736 = VERTEX_POINT('',#12737);
#12737 = CARTESIAN_POINT('',(-0.201141590572,-16.56024630913,
    4.894910264026));
#12738 = SURFACE_CURVE('',#12739,(#12744,#12754),.PCURVE_S1.);
#12739 = ELLIPSE('',#12740,3.965088358296,3.95);
#12740 = AXIS2_PLACEMENT_3D('',#12741,#12742,#12743);
#12741 = CARTESIAN_POINT('',(-0.735320505419,-14.068,1.865431095836));
#12742 = DIRECTION('',(-0.984807753012,0.,0.173648177667));
#12743 = DIRECTION('',(-0.173648177667,0.,-0.984807753012));
#12744 = PCURVE('',#1330,#12745);
#12745 = DEFINITIONAL_REPRESENTATION('',(#12746),#12753);
#12746 = B_SPLINE_CURVE_WITH_KNOTS('',5,(#12747,#12748,#12749,#12750,
    #12751,#12752),.UNSPECIFIED.,.F.,.F.,(6,6),(2.282068892959,
    2.458820317439),.PIECEWISE_BEZIER_KNOTS.);
#12747 = CARTESIAN_POINT('',(2.282068892959,-1.042515512044));
#12748 = CARTESIAN_POINT('',(2.317419177855,-1.033261231903));
#12749 = CARTESIAN_POINT('',(2.352769462751,-1.024359341674));
#12750 = CARTESIAN_POINT('',(2.388119747647,-1.015833935642));
#12751 = CARTESIAN_POINT('',(2.423470032543,-1.007707266651));
#12752 = CARTESIAN_POINT('',(2.458820317439,-0.9999994));
#12753 = ( GEOMETRIC_REPRESENTATION_CONTEXT(2) 
PARAMETRIC_REPRESENTATION_CONTEXT() REPRESENTATION_CONTEXT('2D SPACE',''
  ) );
#12754 = PCURVE('',#12755,#12760);
#12755 = CYLINDRICAL_SURFACE('',#12756,3.95);
#12756 = AXIS2_PLACEMENT_3D('',#12757,#12758,#12759);
#12757 = CARTESIAN_POINT('',(-1.763284155515,-14.068,1.955366261736));
#12758 = DIRECTION('',(-0.996194698092,0.,8.715574274766E-02));
#12759 = DIRECTION('',(-8.715574274766E-02,1.124276480633E-16,
    -0.996194698092));
#12760 = DEFINITIONAL_REPRESENTATION('',(#12761),#12768);
#12761 = B_SPLINE_CURVE_WITH_KNOTS('',5,(#12762,#12763,#12764,#12765,
    #12766,#12767),.UNSPECIFIED.,.F.,.F.,(6,6),(2.282068892959,
    2.458820317439),.PIECEWISE_BEZIER_KNOTS.);
#12762 = CARTESIAN_POINT('',(2.282068892959,-1.257484487956));
#12763 = CARTESIAN_POINT('',(2.317419177855,-1.266738768097));
#12764 = CARTESIAN_POINT('',(2.352769462751,-1.275640658326));
#12765 = CARTESIAN_POINT('',(2.388119747647,-1.284166064358));
#12766 = CARTESIAN_POINT('',(2.423470032543,-1.292292733349));
#12767 = CARTESIAN_POINT('',(2.458820317439,-1.3000006));
#12768 = ( GEOMETRIC_REPRESENTATION_CONTEXT(2) 
PARAMETRIC_REPRESENTATION_CONTEXT() REPRESENTATION_CONTEXT('2D SPACE',''
  ) );
#12769 = ORIENTED_EDGE('',*,*,#12770,.F.);
#12770 = EDGE_CURVE('',#12771,#12736,#12773,.T.);
#12771 = VERTEX_POINT('',#12772);
#12772 = CARTESIAN_POINT('',(-0.243495318257,-17.05387251774,
    4.410804941373));
#12773 = SURFACE_CURVE('',#12774,(#12779,#12790),.PCURVE_S1.);
#12774 = ELLIPSE('',#12775,4.010935116949,3.95);
#12775 = AXIS2_PLACEMENT_3D('',#12776,#12777,#12778);
#12776 = CARTESIAN_POINT('',(-0.472351333394,-14.068,1.794968718558));
#12777 = DIRECTION('',(-0.996194698092,-0.,8.715574274766E-02));
#12778 = DIRECTION('',(8.715574274766E-02,0.,0.996194698092));
#12779 = PCURVE('',#1330,#12780);
#12780 = DEFINITIONAL_REPRESENTATION('',(#12781),#12789);
#12781 = B_SPLINE_CURVE_WITH_KNOTS('',6,(#12782,#12783,#12784,#12785,
    #12786,#12787,#12788),.UNSPECIFIED.,.F.,.F.,(7,7),(5.381736804315,
    6.28318530718),.PIECEWISE_BEZIER_KNOTS.);
#12782 = CARTESIAN_POINT('',(2.240144150725,-1.108200039619));
#12783 = CARTESIAN_POINT('',(2.390385567869,-1.026137104373));
#12784 = CARTESIAN_POINT('',(2.540626985014,-0.955780134615));
#12785 = CARTESIAN_POINT('',(2.690868402158,-0.900462019002));
#12786 = CARTESIAN_POINT('',(2.841109819302,-0.862729542295));
#12787 = CARTESIAN_POINT('',(2.991351236446,-0.843863841941));
#12788 = CARTESIAN_POINT('',(3.14159265359,-0.843863841941));
#12789 = ( GEOMETRIC_REPRESENTATION_CONTEXT(2) 
PARAMETRIC_REPRESENTATION_CONTEXT() REPRESENTATION_CONTEXT('2D SPACE',''
  ) );
#12790 = PCURVE('',#12791,#12796);
#12791 = PLANE('',#12792);
#12792 = AXIS2_PLACEMENT_3D('',#12793,#12794,#12795);
#12793 = CARTESIAN_POINT('',(-0.468231047996,-10.668,1.842063796164));
#12794 = DIRECTION('',(-0.996194698092,-0.,8.715574274766E-02));
#12795 = DIRECTION('',(-8.715574274766E-02,0.,-0.996194698092));
#12796 = DEFINITIONAL_REPRESENTATION('',(#12797),#12801);
#12797 = ELLIPSE('',#12798,4.010935116949,3.95);
#12798 = AXIS2_PLACEMENT_2D('',#12799,#12800);
#12799 = CARTESIAN_POINT('',(4.727497315202E-02,3.4));
#12800 = DIRECTION('',(-1.,0.));
#12801 = ( GEOMETRIC_REPRESENTATION_CONTEXT(2) 
PARAMETRIC_REPRESENTATION_CONTEXT() REPRESENTATION_CONTEXT('2D SPACE',''
  ) );
#12802 = ORIENTED_EDGE('',*,*,#12803,.F.);
#12803 = EDGE_CURVE('',#1660,#12771,#12804,.T.);
#12804 = SURFACE_CURVE('',#12805,(#12810,#12820),.PCURVE_S1.);
#12805 = ELLIPSE('',#12806,78.651419730858,3.95);
#12806 = AXIS2_PLACEMENT_3D('',#12807,#12808,#12809);
#12807 = CARTESIAN_POINT('',(48.760473521406,-14.068,-11.39692694238));
#12808 = DIRECTION('',(-0.307002779923,0.,-0.951708617761));
#12809 = DIRECTION('',(-0.951708617761,0.,0.307002779923));
#12810 = PCURVE('',#1330,#12811);
#12811 = DEFINITIONAL_REPRESENTATION('',(#12812),#12819);
#12812 = B_SPLINE_CURVE_WITH_KNOTS('',5,(#12813,#12814,#12815,#12816,
    #12817,#12818),.UNSPECIFIED.,.F.,.F.,(6,6),(5.422505970195,
    5.444541395365),.PIECEWISE_BEZIER_KNOTS.);
#12813 = CARTESIAN_POINT('',(2.280913316605,-1.3000006));
#12814 = CARTESIAN_POINT('',(2.285320401639,-1.037492668279));
#12815 = CARTESIAN_POINT('',(2.289727486673,-0.776228011037));
#12816 = CARTESIAN_POINT('',(2.294134571707,-0.516217250221));
#12817 = CARTESIAN_POINT('',(2.298541656741,-0.257470907158));
#12818 = CARTESIAN_POINT('',(2.302948741775,6.00000013673E-07));
#12819 = ( GEOMETRIC_REPRESENTATION_CONTEXT(2) 
PARAMETRIC_REPRESENTATION_CONTEXT() REPRESENTATION_CONTEXT('2D SPACE',''
  ) );
#12820 = PCURVE('',#43,#12821);
#12821 = DEFINITIONAL_REPRESENTATION('',(#12822),#12826);
#12822 = ELLIPSE('',#12823,78.651419730858,3.95);
#12823 = AXIS2_PLACEMENT_2D('',#12824,#12825);
#12824 = CARTESIAN_POINT('',(-51.12959220218,-24.068));
#12825 = DIRECTION('',(1.,0.));
#12826 = ( GEOMETRIC_REPRESENTATION_CONTEXT(2) 
PARAMETRIC_REPRESENTATION_CONTEXT() REPRESENTATION_CONTEXT('2D SPACE',''
  ) );
#12827 = ORIENTED_EDGE('',*,*,#1741,.T.);
#12828 = ORIENTED_EDGE('',*,*,#1498,.F.);
#12829 = ADVANCED_FACE('',(#12830),#12755,.F.);
#12830 = FACE_BOUND('',#12831,.F.);
#12831 = EDGE_LOOP('',(#12832,#12859,#12881));
#12832 = ORIENTED_EDGE('',*,*,#12833,.F.);
#12833 = EDGE_CURVE('',#12834,#12709,#12836,.T.);
#12834 = VERTEX_POINT('',#12835);
#12835 = CARTESIAN_POINT('',(-0.243495318257,-17.0602504542,
    4.410804941373));
#12836 = SURFACE_CURVE('',#12837,(#12842,#12852),.PCURVE_S1.);
#12837 = ELLIPSE('',#12838,17.721931394802,3.95);
#12838 = AXIS2_PLACEMENT_3D('',#12839,#12840,#12841);
#12839 = CARTESIAN_POINT('',(10.76667591704,-14.068,0.859136800955));
#12840 = DIRECTION('',(-0.307002779923,0.,-0.951708617761));
#12841 = DIRECTION('',(-0.951708617761,0.,0.307002779923));
#12842 = PCURVE('',#12755,#12843);
#12843 = DEFINITIONAL_REPRESENTATION('',(#12844),#12851);
#12844 = B_SPLINE_CURVE_WITH_KNOTS('',5,(#12845,#12846,#12847,#12848,
    #12849,#12850),.UNSPECIFIED.,.F.,.F.,(6,6),(5.423661500702,
    5.527857289328),.PIECEWISE_BEZIER_KNOTS.);
#12845 = CARTESIAN_POINT('',(2.282068847112,-1.3000006));
#12846 = CARTESIAN_POINT('',(2.302908004838,-1.027274150449));
#12847 = CARTESIAN_POINT('',(2.323747162563,-0.760669732048));
#12848 = CARTESIAN_POINT('',(2.344586320288,-0.500434091674));
#12849 = CARTESIAN_POINT('',(2.365425478013,-0.246802885162));
#12850 = CARTESIAN_POINT('',(2.386264635738,5.99999993689E-07));
#12851 = ( GEOMETRIC_REPRESENTATION_CONTEXT(2) 
PARAMETRIC_REPRESENTATION_CONTEXT() REPRESENTATION_CONTEXT('2D SPACE',''
  ) );
#12852 = PCURVE('',#43,#12853);
#12853 = DEFINITIONAL_REPRESENTATION('',(#12854),#12858);
#12854 = ELLIPSE('',#12855,17.721931394802,3.95);
#12855 = AXIS2_PLACEMENT_2D('',#12856,#12857);
#12856 = CARTESIAN_POINT('',(-11.20792196054,-24.068));
#12857 = DIRECTION('',(1.,0.));
#12858 = ( GEOMETRIC_REPRESENTATION_CONTEXT(2) 
PARAMETRIC_REPRESENTATION_CONTEXT() REPRESENTATION_CONTEXT('2D SPACE',''
  ) );
#12859 = ORIENTED_EDGE('',*,*,#12860,.T.);
#12860 = EDGE_CURVE('',#12834,#12736,#12861,.T.);
#12861 = SURFACE_CURVE('',#12862,(#12867,#12874),.PCURVE_S1.);
#12862 = CIRCLE('',#12863,3.95);
#12863 = AXIS2_PLACEMENT_3D('',#12864,#12865,#12866);
#12864 = CARTESIAN_POINT('',(-0.468231047996,-14.068,1.842063796164));
#12865 = DIRECTION('',(-0.996194698092,0.,8.715574274766E-02));
#12866 = DIRECTION('',(-8.715574274766E-02,1.124276480633E-16,
    -0.996194698092));
#12867 = PCURVE('',#12755,#12868);
#12868 = DEFINITIONAL_REPRESENTATION('',(#12869),#12873);
#12869 = LINE('',#12870,#12871);
#12870 = CARTESIAN_POINT('',(0.,-1.3));
#12871 = VECTOR('',#12872,1.);
#12872 = DIRECTION('',(1.,0.));
#12873 = ( GEOMETRIC_REPRESENTATION_CONTEXT(2) 
PARAMETRIC_REPRESENTATION_CONTEXT() REPRESENTATION_CONTEXT('2D SPACE',''
  ) );
#12874 = PCURVE('',#12791,#12875);
#12875 = DEFINITIONAL_REPRESENTATION('',(#12876),#12880);
#12876 = CIRCLE('',#12877,3.95);
#12877 = AXIS2_PLACEMENT_2D('',#12878,#12879);
#12878 = CARTESIAN_POINT('',(-8.896367482811E-16,3.4));
#12879 = DIRECTION('',(1.,-1.124276480633E-16));
#12880 = ( GEOMETRIC_REPRESENTATION_CONTEXT(2) 
PARAMETRIC_REPRESENTATION_CONTEXT() REPRESENTATION_CONTEXT('2D SPACE',''
  ) );
#12881 = ORIENTED_EDGE('',*,*,#12735,.F.);
#12882 = ADVANCED_FACE('',(#12883),#12791,.T.);
#12883 = FACE_BOUND('',#12884,.T.);
#12884 = EDGE_LOOP('',(#12885,#12904,#12905));
#12885 = ORIENTED_EDGE('',*,*,#12886,.F.);
#12886 = EDGE_CURVE('',#12834,#12771,#12887,.T.);
#12887 = SURFACE_CURVE('',#12888,(#12892,#12898),.PCURVE_S1.);
#12888 = LINE('',#12889,#12890);
#12889 = CARTESIAN_POINT('',(-0.243495318257,-0.334,4.410804941373));
#12890 = VECTOR('',#12891,1.);
#12891 = DIRECTION('',(-0.,1.,0.));
#12892 = PCURVE('',#12791,#12893);
#12893 = DEFINITIONAL_REPRESENTATION('',(#12894),#12897);
#12894 = B_SPLINE_CURVE_WITH_KNOTS('',1,(#12895,#12896),.UNSPECIFIED.,
  .F.,.F.,(2,2),(-17.684,-2.984),.PIECEWISE_BEZIER_KNOTS.);
#12895 = CARTESIAN_POINT('',(-2.578553319075,7.35));
#12896 = CARTESIAN_POINT('',(-2.578553319075,-7.35));
#12897 = ( GEOMETRIC_REPRESENTATION_CONTEXT(2) 
PARAMETRIC_REPRESENTATION_CONTEXT() REPRESENTATION_CONTEXT('2D SPACE',''
  ) );
#12898 = PCURVE('',#43,#12899);
#12899 = DEFINITIONAL_REPRESENTATION('',(#12900),#12903);
#12900 = B_SPLINE_CURVE_WITH_KNOTS('',1,(#12901,#12902),.UNSPECIFIED.,
  .F.,.F.,(2,2),(-17.684,-2.984),.PIECEWISE_BEZIER_KNOTS.);
#12901 = CARTESIAN_POINT('',(0.360924879577,-28.018));
#12902 = CARTESIAN_POINT('',(0.360924879577,-13.318));
#12903 = ( GEOMETRIC_REPRESENTATION_CONTEXT(2) 
PARAMETRIC_REPRESENTATION_CONTEXT() REPRESENTATION_CONTEXT('2D SPACE',''
  ) );
#12904 = ORIENTED_EDGE('',*,*,#12860,.T.);
#12905 = ORIENTED_EDGE('',*,*,#12770,.F.);
#12906 = ADVANCED_FACE('',(#12907),#1127,.F.);
#12907 = FACE_BOUND('',#12908,.F.);
#12908 = EDGE_LOOP('',(#12909,#12910,#12911,#12912));
#12909 = ORIENTED_EDGE('',*,*,#1110,.F.);
#12910 = ORIENTED_EDGE('',*,*,#1287,.T.);
#12911 = ORIENTED_EDGE('',*,*,#1420,.T.);
#12912 = ORIENTED_EDGE('',*,*,#12913,.F.);
#12913 = EDGE_CURVE('',#1111,#1400,#12914,.T.);
#12914 = SURFACE_CURVE('',#12915,(#12920,#12930),.PCURVE_S1.);
#12915 = ELLIPSE('',#12916,28.816078490961,3.95);
#12916 = AXIS2_PLACEMENT_3D('',#12917,#12918,#12919);
#12917 = CARTESIAN_POINT('',(17.717487562521,-7.268,-1.383060504039));
#12918 = DIRECTION('',(-0.307002779923,0.,-0.951708617761));
#12919 = DIRECTION('',(-0.951708617761,0.,0.307002779923));
#12920 = PCURVE('',#1127,#12921);
#12921 = DEFINITIONAL_REPRESENTATION('',(#12922),#12929);
#12922 = B_SPLINE_CURVE_WITH_KNOTS('',5,(#12923,#12924,#12925,#12926,
    #12927,#12928),.UNSPECIFIED.,.F.,.F.,(6,6),(0.800013710561,
    0.861693377049),.PIECEWISE_BEZIER_KNOTS.);
#12923 = CARTESIAN_POINT('',(0.800013710561,5.999999959094E-07));
#12924 = CARTESIAN_POINT('',(0.812349643858,-0.252596563401));
#12925 = CARTESIAN_POINT('',(0.824685577156,-0.508976530281));
#12926 = CARTESIAN_POINT('',(0.837021510454,-0.769059219526));
#12927 = CARTESIAN_POINT('',(0.849357443752,-1.032762150528));
#12928 = CARTESIAN_POINT('',(0.861693377049,-1.3000006));
#12929 = ( GEOMETRIC_REPRESENTATION_CONTEXT(2) 
PARAMETRIC_REPRESENTATION_CONTEXT() REPRESENTATION_CONTEXT('2D SPACE',''
  ) );
#12930 = PCURVE('',#305,#12931);
#12931 = DEFINITIONAL_REPRESENTATION('',(#12932),#12936);
#12932 = ELLIPSE('',#12933,28.816078490961,3.95);
#12933 = AXIS2_PLACEMENT_2D('',#12934,#12935);
#12934 = CARTESIAN_POINT('',(-18.51143010975,-17.268));
#12935 = DIRECTION('',(1.,0.));
#12936 = ( GEOMETRIC_REPRESENTATION_CONTEXT(2) 
PARAMETRIC_REPRESENTATION_CONTEXT() REPRESENTATION_CONTEXT('2D SPACE',''
  ) );
#12937 = ADVANCED_FACE('',(#12938),#1070,.F.);
#12938 = FACE_BOUND('',#12939,.F.);
#12939 = EDGE_LOOP('',(#12940,#12941,#12966,#12967));
#12940 = ORIENTED_EDGE('',*,*,#1051,.F.);
#12941 = ORIENTED_EDGE('',*,*,#12942,.F.);
#12942 = EDGE_CURVE('',#1448,#1052,#12943,.T.);
#12943 = SURFACE_CURVE('',#12944,(#12949,#12959),.PCURVE_S1.);
#12944 = ELLIPSE('',#12945,28.816078490961,3.95);
#12945 = AXIS2_PLACEMENT_3D('',#12946,#12947,#12948);
#12946 = CARTESIAN_POINT('',(17.717487562521,-14.068,-1.383060504039));
#12947 = DIRECTION('',(-0.307002779923,0.,-0.951708617761));
#12948 = DIRECTION('',(-0.951708617761,0.,0.307002779923));
#12949 = PCURVE('',#1070,#12950);
#12950 = DEFINITIONAL_REPRESENTATION('',(#12951),#12958);
#12951 = B_SPLINE_CURVE_WITH_KNOTS('',5,(#12952,#12953,#12954,#12955,
    #12956,#12957),.UNSPECIFIED.,.F.,.F.,(6,6),(5.42149193013,
    5.483171596619),.PIECEWISE_BEZIER_KNOTS.);
#12952 = CARTESIAN_POINT('',(2.279899276541,-1.3000006));
#12953 = CARTESIAN_POINT('',(2.292235209838,-1.032762150528));
#12954 = CARTESIAN_POINT('',(2.304571143136,-0.769059219526));
#12955 = CARTESIAN_POINT('',(2.316907076434,-0.508976530281));
#12956 = CARTESIAN_POINT('',(2.329243009731,-0.252596563401));
#12957 = CARTESIAN_POINT('',(2.341578943029,5.999999959094E-07));
#12958 = ( GEOMETRIC_REPRESENTATION_CONTEXT(2) 
PARAMETRIC_REPRESENTATION_CONTEXT() REPRESENTATION_CONTEXT('2D SPACE',''
  ) );
#12959 = PCURVE('',#43,#12960);
#12960 = DEFINITIONAL_REPRESENTATION('',(#12961),#12965);
#12961 = ELLIPSE('',#12962,28.816078490961,3.95);
#12962 = AXIS2_PLACEMENT_2D('',#12963,#12964);
#12963 = CARTESIAN_POINT('',(-18.51143010975,-24.068));
#12964 = DIRECTION('',(1.,0.));
#12965 = ( GEOMETRIC_REPRESENTATION_CONTEXT(2) 
PARAMETRIC_REPRESENTATION_CONTEXT() REPRESENTATION_CONTEXT('2D SPACE',''
  ) );
#12966 = ORIENTED_EDGE('',*,*,#1447,.T.);
#12967 = ORIENTED_EDGE('',*,*,#1238,.F.);
#12968 = ADVANCED_FACE('',(#12969),#874,.F.);
#12969 = FACE_BOUND('',#12970,.F.);
#12970 = EDGE_LOOP('',(#12971,#12972,#12973,#12974));
#12971 = ORIENTED_EDGE('',*,*,#857,.F.);
#12972 = ORIENTED_EDGE('',*,*,#1027,.T.);
#12973 = ORIENTED_EDGE('',*,*,#1160,.T.);
#12974 = ORIENTED_EDGE('',*,*,#12975,.F.);
#12975 = EDGE_CURVE('',#858,#1140,#12976,.T.);
#12976 = SURFACE_CURVE('',#12977,(#12982,#12992),.PCURVE_S1.);
#12977 = ELLIPSE('',#12978,17.721931394802,3.95);
#12978 = AXIS2_PLACEMENT_3D('',#12979,#12980,#12981);
#12979 = CARTESIAN_POINT('',(10.76667591704,-7.268,0.859136800955));
#12980 = DIRECTION('',(-0.307002779923,0.,-0.951708617761));
#12981 = DIRECTION('',(-0.951708617761,0.,0.307002779923));
#12982 = PCURVE('',#874,#12983);
#12983 = DEFINITIONAL_REPRESENTATION('',(#12984),#12991);
#12984 = B_SPLINE_CURVE_WITH_KNOTS('',5,(#12985,#12986,#12987,#12988,
    #12989,#12990),.UNSPECIFIED.,.F.,.F.,(6,6),(0.755328017852,
    0.859523806477),.PIECEWISE_BEZIER_KNOTS.);
#12985 = CARTESIAN_POINT('',(0.755328017852,5.99999998796E-07));
#12986 = CARTESIAN_POINT('',(0.776167175577,-0.246802885162));
#12987 = CARTESIAN_POINT('',(0.797006333302,-0.500434091674));
#12988 = CARTESIAN_POINT('',(0.817845491027,-0.760669732048));
#12989 = CARTESIAN_POINT('',(0.838684648752,-1.027274150449));
#12990 = CARTESIAN_POINT('',(0.859523806477,-1.3000006));
#12991 = ( GEOMETRIC_REPRESENTATION_CONTEXT(2) 
PARAMETRIC_REPRESENTATION_CONTEXT() REPRESENTATION_CONTEXT('2D SPACE',''
  ) );
#12992 = PCURVE('',#305,#12993);
#12993 = DEFINITIONAL_REPRESENTATION('',(#12994),#12998);
#12994 = ELLIPSE('',#12995,17.721931394802,3.95);
#12995 = AXIS2_PLACEMENT_2D('',#12996,#12997);
#12996 = CARTESIAN_POINT('',(-11.20792196054,-17.268));
#12997 = DIRECTION('',(1.,0.));
#12998 = ( GEOMETRIC_REPRESENTATION_CONTEXT(2) 
PARAMETRIC_REPRESENTATION_CONTEXT() REPRESENTATION_CONTEXT('2D SPACE',''
  ) );
#12999 = ADVANCED_FACE('',(#13000),#817,.F.);
#13000 = FACE_BOUND('',#13001,.F.);
#13001 = EDGE_LOOP('',(#13002,#13003,#13028,#13029));
#13002 = ORIENTED_EDGE('',*,*,#798,.F.);
#13003 = ORIENTED_EDGE('',*,*,#13004,.F.);
#13004 = EDGE_CURVE('',#1188,#799,#13005,.T.);
#13005 = SURFACE_CURVE('',#13006,(#13011,#13021),.PCURVE_S1.);
#13006 = ELLIPSE('',#13007,17.721931394802,3.95);
#13007 = AXIS2_PLACEMENT_3D('',#13008,#13009,#13010);
#13008 = CARTESIAN_POINT('',(10.76667591704,-14.068,0.859136800955));
#13009 = DIRECTION('',(-0.307002779923,0.,-0.951708617761));
#13010 = DIRECTION('',(-0.951708617761,0.,0.307002779923));
#13011 = PCURVE('',#817,#13012);
#13012 = DEFINITIONAL_REPRESENTATION('',(#13013),#13020);
#13013 = B_SPLINE_CURVE_WITH_KNOTS('',5,(#13014,#13015,#13016,#13017,
    #13018,#13019),.UNSPECIFIED.,.F.,.F.,(6,6),(5.423661500702,
    5.527857289328),.PIECEWISE_BEZIER_KNOTS.);
#13014 = CARTESIAN_POINT('',(2.282068847112,-1.3000006));
#13015 = CARTESIAN_POINT('',(2.302908004838,-1.027274150449));
#13016 = CARTESIAN_POINT('',(2.323747162563,-0.760669732048));
#13017 = CARTESIAN_POINT('',(2.344586320288,-0.500434091674));
#13018 = CARTESIAN_POINT('',(2.365425478013,-0.246802885162));
#13019 = CARTESIAN_POINT('',(2.386264635738,5.99999993689E-07));
#13020 = ( GEOMETRIC_REPRESENTATION_CONTEXT(2) 
PARAMETRIC_REPRESENTATION_CONTEXT() REPRESENTATION_CONTEXT('2D SPACE',''
  ) );
#13021 = PCURVE('',#43,#13022);
#13022 = DEFINITIONAL_REPRESENTATION('',(#13023),#13027);
#13023 = ELLIPSE('',#13024,17.721931394802,3.95);
#13024 = AXIS2_PLACEMENT_2D('',#13025,#13026);
#13025 = CARTESIAN_POINT('',(-11.20792196054,-24.068));
#13026 = DIRECTION('',(1.,0.));
#13027 = ( GEOMETRIC_REPRESENTATION_CONTEXT(2) 
PARAMETRIC_REPRESENTATION_CONTEXT() REPRESENTATION_CONTEXT('2D SPACE',''
  ) );
#13028 = ORIENTED_EDGE('',*,*,#1187,.T.);
#13029 = ORIENTED_EDGE('',*,*,#978,.F.);
#13030 = ADVANCED_FACE('',(#13031),#622,.F.);
#13031 = FACE_BOUND('',#13032,.F.);
#13032 = EDGE_LOOP('',(#13033,#13034,#13035,#13056));
#13033 = ORIENTED_EDGE('',*,*,#774,.T.);
#13034 = ORIENTED_EDGE('',*,*,#935,.F.);
#13035 = ORIENTED_EDGE('',*,*,#13036,.F.);
#13036 = EDGE_CURVE('',#607,#908,#13037,.T.);
#13037 = SURFACE_CURVE('',#13038,(#13042,#13049),.PCURVE_S1.);
#13038 = LINE('',#13039,#13040);
#13039 = CARTESIAN_POINT('',(-1.65,-7.268,5.8));
#13040 = VECTOR('',#13041,1.);
#13041 = DIRECTION('',(1.,0.,0.));
#13042 = PCURVE('',#622,#13043);
#13043 = DEFINITIONAL_REPRESENTATION('',(#13044),#13048);
#13044 = LINE('',#13045,#13046);
#13045 = CARTESIAN_POINT('',(6.8,0.));
#13046 = VECTOR('',#13047,1.);
#13047 = DIRECTION('',(0.,-1.));
#13048 = ( GEOMETRIC_REPRESENTATION_CONTEXT(2) 
PARAMETRIC_REPRESENTATION_CONTEXT() REPRESENTATION_CONTEXT('2D SPACE',''
  ) );
#13049 = PCURVE('',#651,#13050);
#13050 = DEFINITIONAL_REPRESENTATION('',(#13051),#13055);
#13051 = LINE('',#13052,#13053);
#13052 = CARTESIAN_POINT('',(0.,0.));
#13053 = VECTOR('',#13054,1.);
#13054 = DIRECTION('',(0.,-1.));
#13055 = ( GEOMETRIC_REPRESENTATION_CONTEXT(2) 
PARAMETRIC_REPRESENTATION_CONTEXT() REPRESENTATION_CONTEXT('2D SPACE',''
  ) );
#13056 = ORIENTED_EDGE('',*,*,#606,.F.);
#13057 = ADVANCED_FACE('',(#13058),#651,.F.);
#13058 = FACE_BOUND('',#13059,.F.);
#13059 = EDGE_LOOP('',(#13060,#13061,#13062,#13063));
#13060 = ORIENTED_EDGE('',*,*,#634,.F.);
#13061 = ORIENTED_EDGE('',*,*,#13036,.T.);
#13062 = ORIENTED_EDGE('',*,*,#907,.T.);
#13063 = ORIENTED_EDGE('',*,*,#13064,.F.);
#13064 = EDGE_CURVE('',#635,#887,#13065,.T.);
#13065 = SURFACE_CURVE('',#13066,(#13071,#13081),.PCURVE_S1.);
#13066 = ELLIPSE('',#13067,12.866333005173,3.95);
#13067 = AXIS2_PLACEMENT_3D('',#13068,#13069,#13070);
#13068 = CARTESIAN_POINT('',(7.695,-7.268,1.85));
#13069 = DIRECTION('',(-0.307002779923,0.,-0.951708617761));
#13070 = DIRECTION('',(-0.951708617761,0.,0.307002779923));
#13071 = PCURVE('',#651,#13072);
#13072 = DEFINITIONAL_REPRESENTATION('',(#13073),#13080);
#13073 = B_SPLINE_CURVE_WITH_KNOTS('',5,(#13074,#13075,#13076,#13077,
    #13078,#13079),.UNSPECIFIED.,.F.,.F.,(6,6),(0.702593730686,
    0.853960131528),.PIECEWISE_BEZIER_KNOTS.);
#13074 = CARTESIAN_POINT('',(0.702593730686,6.000000003503E-07));
#13075 = CARTESIAN_POINT('',(0.732867010855,-0.2395431044));
#13076 = CARTESIAN_POINT('',(0.763140291023,-0.489792338891));
#13077 = CARTESIAN_POINT('',(0.793413571191,-0.750289760136));
#13078 = CARTESIAN_POINT('',(0.823686851359,-1.020537048771));
#13079 = CARTESIAN_POINT('',(0.853960131528,-1.3000006));
#13080 = ( GEOMETRIC_REPRESENTATION_CONTEXT(2) 
PARAMETRIC_REPRESENTATION_CONTEXT() REPRESENTATION_CONTEXT('2D SPACE',''
  ) );
#13081 = PCURVE('',#305,#13082);
#13082 = DEFINITIONAL_REPRESENTATION('',(#13083),#13087);
#13083 = ELLIPSE('',#13084,12.866333005173,3.95);
#13084 = AXIS2_PLACEMENT_2D('',#13085,#13086);
#13085 = CARTESIAN_POINT('',(-7.980383762702,-17.268));
#13086 = DIRECTION('',(1.,0.));
#13087 = ( GEOMETRIC_REPRESENTATION_CONTEXT(2) 
PARAMETRIC_REPRESENTATION_CONTEXT() REPRESENTATION_CONTEXT('2D SPACE',''
  ) );
#13088 = ADVANCED_FACE('',(#13089),#412,.F.);
#13089 = FACE_BOUND('',#13090,.F.);
#13090 = EDGE_LOOP('',(#13091,#13092,#13093,#13118));
#13091 = ORIENTED_EDGE('',*,*,#456,.F.);
#13092 = ORIENTED_EDGE('',*,*,#395,.T.);
#13093 = ORIENTED_EDGE('',*,*,#13094,.F.);
#13094 = EDGE_CURVE('',#530,#373,#13095,.T.);
#13095 = SURFACE_CURVE('',#13096,(#13101,#13111),.PCURVE_S1.);
#13096 = ELLIPSE('',#13097,60.730843083321,3.05);
#13097 = AXIS2_PLACEMENT_3D('',#13098,#13099,#13100);
#13098 = CARTESIAN_POINT('',(48.760473521406,-13.593,-11.39692694238));
#13099 = DIRECTION('',(-0.307002779923,0.,-0.951708617761));
#13100 = DIRECTION('',(-0.951708617761,0.,0.307002779923));
#13101 = PCURVE('',#412,#13102);
#13102 = DEFINITIONAL_REPRESENTATION('',(#13103),#13110);
#13103 = B_SPLINE_CURVE_WITH_KNOTS('',5,(#13104,#13105,#13106,#13107,
    #13108,#13109),.UNSPECIFIED.,.F.,.F.,(6,6),(5.758988095213,
    5.811604256682),.PIECEWISE_BEZIER_KNOTS.);
#13104 = CARTESIAN_POINT('',(2.617395441623,-3.3500006));
#13105 = CARTESIAN_POINT('',(2.627918673917,-3.030530708514));
#13106 = CARTESIAN_POINT('',(2.638441906211,-2.718329399612));
#13107 = CARTESIAN_POINT('',(2.648965138505,-2.413470376832));
#13108 = CARTESIAN_POINT('',(2.659488370799,-2.116023988908));
#13109 = CARTESIAN_POINT('',(2.670011603092,-1.826057132429));
#13110 = ( GEOMETRIC_REPRESENTATION_CONTEXT(2) 
PARAMETRIC_REPRESENTATION_CONTEXT() REPRESENTATION_CONTEXT('2D SPACE',''
  ) );
#13111 = PCURVE('',#43,#13112);
#13112 = DEFINITIONAL_REPRESENTATION('',(#13113),#13117);
#13113 = ELLIPSE('',#13114,60.730843083321,3.05);
#13114 = AXIS2_PLACEMENT_2D('',#13115,#13116);
#13115 = CARTESIAN_POINT('',(-51.12959220218,-23.593));
#13116 = DIRECTION('',(1.,0.));
#13117 = ( GEOMETRIC_REPRESENTATION_CONTEXT(2) 
PARAMETRIC_REPRESENTATION_CONTEXT() REPRESENTATION_CONTEXT('2D SPACE',''
  ) );
#13118 = ORIENTED_EDGE('',*,*,#529,.T.);
#13119 = ADVANCED_FACE('',(#13120),#359,.F.);
#13120 = FACE_BOUND('',#13121,.T.);
#13121 = EDGE_LOOP('',(#13122,#13123,#13124,#13145));
#13122 = ORIENTED_EDGE('',*,*,#6601,.F.);
#13123 = ORIENTED_EDGE('',*,*,#345,.T.);
#13124 = ORIENTED_EDGE('',*,*,#13125,.T.);
#13125 = EDGE_CURVE('',#198,#6732,#13126,.T.);
#13126 = SURFACE_CURVE('',#13127,(#13131,#13138),.PCURVE_S1.);
#13127 = LINE('',#13128,#13129);
#13128 = CARTESIAN_POINT('',(-2.325,-21.7,8.025));
#13129 = VECTOR('',#13130,1.);
#13130 = DIRECTION('',(0.707106781187,0.,0.707106781187));
#13131 = PCURVE('',#359,#13132);
#13132 = DEFINITIONAL_REPRESENTATION('',(#13133),#13137);
#13133 = LINE('',#13134,#13135);
#13134 = CARTESIAN_POINT('',(-22.2,0.));
#13135 = VECTOR('',#13136,1.);
#13136 = DIRECTION('',(-0.,1.));
#13137 = ( GEOMETRIC_REPRESENTATION_CONTEXT(2) 
PARAMETRIC_REPRESENTATION_CONTEXT() REPRESENTATION_CONTEXT('2D SPACE',''
  ) );
#13138 = PCURVE('',#240,#13139);
#13139 = DEFINITIONAL_REPRESENTATION('',(#13140),#13144);
#13140 = LINE('',#13141,#13142);
#13141 = CARTESIAN_POINT('',(-0.,-0.175));
#13142 = VECTOR('',#13143,1.);
#13143 = DIRECTION('',(-0.,-1.));
#13144 = ( GEOMETRIC_REPRESENTATION_CONTEXT(2) 
PARAMETRIC_REPRESENTATION_CONTEXT() REPRESENTATION_CONTEXT('2D SPACE',''
  ) );
#13145 = ORIENTED_EDGE('',*,*,#6731,.F.);
#13146 = ADVANCED_FACE('',(#13147),#333,.T.);
#13147 = FACE_BOUND('',#13148,.T.);
#13148 = EDGE_LOOP('',(#13149,#13150,#13177,#13178));
#13149 = ORIENTED_EDGE('',*,*,#9502,.F.);
#13150 = ORIENTED_EDGE('',*,*,#13151,.F.);
#13151 = EDGE_CURVE('',#290,#9503,#13152,.T.);
#13152 = SURFACE_CURVE('',#13153,(#13158,#13170),.PCURVE_S1.);
#13153 = ELLIPSE('',#13154,2.101483545149,2.);
#13154 = AXIS2_PLACEMENT_3D('',#13155,#13156,#13157);
#13155 = CARTESIAN_POINT('',(-0.5,0.5,4.493548387097));
#13156 = DIRECTION('',(-0.307002779923,0.,-0.951708617761));
#13157 = DIRECTION('',(-0.951708617761,0.,0.307002779923));
#13158 = PCURVE('',#333,#13159);
#13159 = DEFINITIONAL_REPRESENTATION('',(#13160),#13169);
#13160 = B_SPLINE_CURVE_WITH_KNOTS('',7,(#13161,#13162,#13163,#13164,
    #13165,#13166,#13167,#13168),.UNSPECIFIED.,.F.,.F.,(8,8),(
    7.850462293419E-17,1.570796326795),.PIECEWISE_BEZIER_KNOTS.);
#13161 = CARTESIAN_POINT('',(1.570796326795,0.738709677419));
#13162 = CARTESIAN_POINT('',(1.346396851538,0.738709677419));
#13163 = CARTESIAN_POINT('',(1.121997376282,0.700807307994));
#13164 = CARTESIAN_POINT('',(0.897597901026,0.6250080675));
#13165 = CARTESIAN_POINT('',(0.673198425769,0.515965694048));
#13166 = CARTESIAN_POINT('',(0.448798950513,0.383095509238));
#13167 = CARTESIAN_POINT('',(0.224399475256,0.238322242101));
#13168 = CARTESIAN_POINT('',(5.551115123126E-17,9.354838709677E-02));
#13169 = ( GEOMETRIC_REPRESENTATION_CONTEXT(2) 
PARAMETRIC_REPRESENTATION_CONTEXT() REPRESENTATION_CONTEXT('2D SPACE',''
  ) );
#13170 = PCURVE('',#305,#13171);
#13171 = DEFINITIONAL_REPRESENTATION('',(#13172),#13176);
#13172 = ELLIPSE('',#13173,2.101483545149,2.);
#13173 = AXIS2_PLACEMENT_2D('',#13174,#13175);
#13174 = CARTESIAN_POINT('',(0.630445063545,-9.5));
#13175 = DIRECTION('',(1.,0.));
#13176 = ( GEOMETRIC_REPRESENTATION_CONTEXT(2) 
PARAMETRIC_REPRESENTATION_CONTEXT() REPRESENTATION_CONTEXT('2D SPACE',''
  ) );
#13177 = ORIENTED_EDGE('',*,*,#317,.T.);
#13178 = ORIENTED_EDGE('',*,*,#6579,.F.);
#13179 = ADVANCED_FACE('',(#13180),#305,.T.);
#13180 = FACE_BOUND('',#13181,.T.);
#13181 = EDGE_LOOP('',(#13182,#13183,#13184,#13185,#13186,#13187,#13188,
    #13189,#13190,#13191,#13192,#13193,#13194,#13195,#13196,#13221,
    #13222,#13223,#13224,#13225,#13226));
#13182 = ORIENTED_EDGE('',*,*,#12384,.F.);
#13183 = ORIENTED_EDGE('',*,*,#1804,.T.);
#13184 = ORIENTED_EDGE('',*,*,#12476,.F.);
#13185 = ORIENTED_EDGE('',*,*,#12507,.F.);
#13186 = ORIENTED_EDGE('',*,*,#12655,.T.);
#13187 = ORIENTED_EDGE('',*,*,#12677,.F.);
#13188 = ORIENTED_EDGE('',*,*,#12602,.F.);
#13189 = ORIENTED_EDGE('',*,*,#1399,.F.);
#13190 = ORIENTED_EDGE('',*,*,#12913,.F.);
#13191 = ORIENTED_EDGE('',*,*,#1139,.F.);
#13192 = ORIENTED_EDGE('',*,*,#12975,.F.);
#13193 = ORIENTED_EDGE('',*,*,#886,.F.);
#13194 = ORIENTED_EDGE('',*,*,#13064,.F.);
#13195 = ORIENTED_EDGE('',*,*,#663,.T.);
#13196 = ORIENTED_EDGE('',*,*,#13197,.F.);
#13197 = EDGE_CURVE('',#256,#664,#13198,.T.);
#13198 = SURFACE_CURVE('',#13199,(#13204,#13211),.PCURVE_S1.);
#13199 = ELLIPSE('',#13200,60.730843083321,3.05);
#13200 = AXIS2_PLACEMENT_3D('',#13201,#13202,#13203);
#13201 = CARTESIAN_POINT('',(48.760473521406,-7.743,-11.39692694238));
#13202 = DIRECTION('',(-0.307002779923,0.,-0.951708617761));
#13203 = DIRECTION('',(-0.951708617761,0.,0.307002779923));
#13204 = PCURVE('',#305,#13205);
#13205 = DEFINITIONAL_REPRESENTATION('',(#13206),#13210);
#13206 = ELLIPSE('',#13207,60.730843083321,3.05);
#13207 = AXIS2_PLACEMENT_2D('',#13208,#13209);
#13208 = CARTESIAN_POINT('',(-51.12959220218,-17.743));
#13209 = DIRECTION('',(1.,0.));
#13210 = ( GEOMETRIC_REPRESENTATION_CONTEXT(2) 
PARAMETRIC_REPRESENTATION_CONTEXT() REPRESENTATION_CONTEXT('2D SPACE',''
  ) );
#13211 = PCURVE('',#274,#13212);
#13212 = DEFINITIONAL_REPRESENTATION('',(#13213),#13220);
#13213 = B_SPLINE_CURVE_WITH_KNOTS('',5,(#13214,#13215,#13216,#13217,
    #13218,#13219),.UNSPECIFIED.,.F.,.F.,(6,6),(0.471581050497,
    0.524197211966),.PIECEWISE_BEZIER_KNOTS.);
#13214 = CARTESIAN_POINT('',(0.471581050497,-1.826057132429));
#13215 = CARTESIAN_POINT('',(0.482104282791,-2.116023988908));
#13216 = CARTESIAN_POINT('',(0.492627515085,-2.413470376832));
#13217 = CARTESIAN_POINT('',(0.503150747379,-2.718329399612));
#13218 = CARTESIAN_POINT('',(0.513673979673,-3.030530708514));
#13219 = CARTESIAN_POINT('',(0.524197211966,-3.3500006));
#13220 = ( GEOMETRIC_REPRESENTATION_CONTEXT(2) 
PARAMETRIC_REPRESENTATION_CONTEXT() REPRESENTATION_CONTEXT('2D SPACE',''
  ) );
#13221 = ORIENTED_EDGE('',*,*,#289,.F.);
#13222 = ORIENTED_EDGE('',*,*,#13151,.T.);
#13223 = ORIENTED_EDGE('',*,*,#9525,.T.);
#13224 = ORIENTED_EDGE('',*,*,#4986,.T.);
#13225 = ORIENTED_EDGE('',*,*,#9593,.T.);
#13226 = ORIENTED_EDGE('',*,*,#9666,.F.);
#13227 = ADVANCED_FACE('',(#13228),#274,.F.);
#13228 = FACE_BOUND('',#13229,.F.);
#13229 = EDGE_LOOP('',(#13230,#13231,#13232,#13233));
#13230 = ORIENTED_EDGE('',*,*,#255,.T.);
#13231 = ORIENTED_EDGE('',*,*,#505,.T.);
#13232 = ORIENTED_EDGE('',*,*,#684,.T.);
#13233 = ORIENTED_EDGE('',*,*,#13197,.F.);
#13234 = ADVANCED_FACE('',(#13235),#240,.T.);
#13235 = FACE_BOUND('',#13236,.T.);
#13236 = EDGE_LOOP('',(#13237,#13238,#13239,#13260));
#13237 = ORIENTED_EDGE('',*,*,#13125,.F.);
#13238 = ORIENTED_EDGE('',*,*,#225,.T.);
#13239 = ORIENTED_EDGE('',*,*,#13240,.T.);
#13240 = EDGE_CURVE('',#55,#6650,#13241,.T.);
#13241 = SURFACE_CURVE('',#13242,(#13246,#13253),.PCURVE_S1.);
#13242 = LINE('',#13243,#13244);
#13243 = CARTESIAN_POINT('',(-0.5,-23.525,8.025));
#13244 = VECTOR('',#13245,1.);
#13245 = DIRECTION('',(-0.,0.707106781187,0.707106781187));
#13246 = PCURVE('',#240,#13247);
#13247 = DEFINITIONAL_REPRESENTATION('',(#13248),#13252);
#13248 = LINE('',#13249,#13250);
#13249 = CARTESIAN_POINT('',(-1.570796326795,-0.175));
#13250 = VECTOR('',#13251,1.);
#13251 = DIRECTION('',(-0.,-1.));
#13252 = ( GEOMETRIC_REPRESENTATION_CONTEXT(2) 
PARAMETRIC_REPRESENTATION_CONTEXT() REPRESENTATION_CONTEXT('2D SPACE',''
  ) );
#13253 = PCURVE('',#98,#13254);
#13254 = DEFINITIONAL_REPRESENTATION('',(#13255),#13259);
#13255 = LINE('',#13256,#13257);
#13256 = CARTESIAN_POINT('',(4.440892098501E-16,-0.));
#13257 = VECTOR('',#13258,1.);
#13258 = DIRECTION('',(-0.,1.));
#13259 = ( GEOMETRIC_REPRESENTATION_CONTEXT(2) 
PARAMETRIC_REPRESENTATION_CONTEXT() REPRESENTATION_CONTEXT('2D SPACE',''
  ) );
#13260 = ORIENTED_EDGE('',*,*,#6754,.F.);
#13261 = ADVANCED_FACE('',(#13262),#98,.F.);
#13262 = FACE_BOUND('',#13263,.T.);
#13263 = EDGE_LOOP('',(#13264,#13265,#13266,#13267));
#13264 = ORIENTED_EDGE('',*,*,#13240,.F.);
#13265 = ORIENTED_EDGE('',*,*,#82,.T.);
#13266 = ORIENTED_EDGE('',*,*,#9295,.T.);
#13267 = ORIENTED_EDGE('',*,*,#6649,.F.);
#13268 = ADVANCED_FACE('',(#13269),#126,.T.);
#13269 = FACE_BOUND('',#13270,.T.);
#13270 = EDGE_LOOP('',(#13271,#13272,#13294,#13295));
#13271 = ORIENTED_EDGE('',*,*,#110,.F.);
#13272 = ORIENTED_EDGE('',*,*,#13273,.T.);
#13273 = EDGE_CURVE('',#111,#11305,#13274,.T.);
#13274 = SURFACE_CURVE('',#13275,(#13280,#13287),.PCURVE_S1.);
#13275 = CIRCLE('',#13276,2.);
#13276 = AXIS2_PLACEMENT_3D('',#13277,#13278,#13279);
#13277 = CARTESIAN_POINT('',(71.6,-21.7,4.4));
#13278 = DIRECTION('',(0.,0.,1.));
#13279 = DIRECTION('',(0.,-1.,0.));
#13280 = PCURVE('',#126,#13281);
#13281 = DEFINITIONAL_REPRESENTATION('',(#13282),#13286);
#13282 = LINE('',#13283,#13284);
#13283 = CARTESIAN_POINT('',(0.,0.));
#13284 = VECTOR('',#13285,1.);
#13285 = DIRECTION('',(1.,0.));
#13286 = ( GEOMETRIC_REPRESENTATION_CONTEXT(2) 
PARAMETRIC_REPRESENTATION_CONTEXT() REPRESENTATION_CONTEXT('2D SPACE',''
  ) );
#13287 = PCURVE('',#152,#13288);
#13288 = DEFINITIONAL_REPRESENTATION('',(#13289),#13293);
#13289 = CIRCLE('',#13290,2.);
#13290 = AXIS2_PLACEMENT_2D('',#13291,#13292);
#13291 = CARTESIAN_POINT('',(35.210934462678,-11.88899684058));
#13292 = DIRECTION('',(0.,-1.));
#13293 = ( GEOMETRIC_REPRESENTATION_CONTEXT(2) 
PARAMETRIC_REPRESENTATION_CONTEXT() REPRESENTATION_CONTEXT('2D SPACE',''
  ) );
#13294 = ORIENTED_EDGE('',*,*,#11304,.T.);
#13295 = ORIENTED_EDGE('',*,*,#9316,.F.);
#13296 = ADVANCED_FACE('',(#13297),#152,.F.);
#13297 = FACE_BOUND('',#13298,.F.);
#13298 = EDGE_LOOP('',(#13299,#13319,#13320,#13321,#13322,#13323,#13324,
    #13325,#13326,#13327,#13328,#13329,#13330,#13331,#13332,#13333,
    #13334,#13335,#13336,#13337,#13338,#13339,#13340,#13341,#13342,
    #13343,#13344));
#13299 = ORIENTED_EDGE('',*,*,#13300,.T.);
#13300 = EDGE_CURVE('',#2497,#22,#13301,.T.);
#13301 = SURFACE_CURVE('',#13302,(#13306,#13313),.PCURVE_S1.);
#13302 = LINE('',#13303,#13304);
#13303 = CARTESIAN_POINT('',(-0.21,9.449842029472E-02,4.4));
#13304 = VECTOR('',#13305,1.);
#13305 = DIRECTION('',(0.,-1.,0.));
#13306 = PCURVE('',#152,#13307);
#13307 = DEFINITIONAL_REPRESENTATION('',(#13308),#13312);
#13308 = LINE('',#13309,#13310);
#13309 = CARTESIAN_POINT('',(-36.59906553732,9.905501579705));
#13310 = VECTOR('',#13311,1.);
#13311 = DIRECTION('',(0.,-1.));
#13312 = ( GEOMETRIC_REPRESENTATION_CONTEXT(2) 
PARAMETRIC_REPRESENTATION_CONTEXT() REPRESENTATION_CONTEXT('2D SPACE',''
  ) );
#13313 = PCURVE('',#43,#13314);
#13314 = DEFINITIONAL_REPRESENTATION('',(#13315),#13318);
#13315 = B_SPLINE_CURVE_WITH_KNOTS('',1,(#13316,#13317),.UNSPECIFIED.,
  .F.,.F.,(2,2),(17.894498420295,23.794498420295),
  .PIECEWISE_BEZIER_KNOTS.);
#13316 = CARTESIAN_POINT('',(0.325729949498,-27.8));
#13317 = CARTESIAN_POINT('',(0.325729949498,-33.7));
#13318 = ( GEOMETRIC_REPRESENTATION_CONTEXT(2) 
PARAMETRIC_REPRESENTATION_CONTEXT() REPRESENTATION_CONTEXT('2D SPACE',''
  ) );
#13319 = ORIENTED_EDGE('',*,*,#138,.T.);
#13320 = ORIENTED_EDGE('',*,*,#13273,.T.);
#13321 = ORIENTED_EDGE('',*,*,#11333,.T.);
#13322 = ORIENTED_EDGE('',*,*,#4568,.T.);
#13323 = ORIENTED_EDGE('',*,*,#4392,.F.);
#13324 = ORIENTED_EDGE('',*,*,#4346,.T.);
#13325 = ORIENTED_EDGE('',*,*,#4293,.F.);
#13326 = ORIENTED_EDGE('',*,*,#11386,.T.);
#13327 = ORIENTED_EDGE('',*,*,#4099,.T.);
#13328 = ORIENTED_EDGE('',*,*,#3967,.F.);
#13329 = ORIENTED_EDGE('',*,*,#3894,.F.);
#13330 = ORIENTED_EDGE('',*,*,#11438,.T.);
#13331 = ORIENTED_EDGE('',*,*,#3699,.T.);
#13332 = ORIENTED_EDGE('',*,*,#3468,.T.);
#13333 = ORIENTED_EDGE('',*,*,#11491,.F.);
#13334 = ORIENTED_EDGE('',*,*,#11537,.T.);
#13335 = ORIENTED_EDGE('',*,*,#11634,.T.);
#13336 = ORIENTED_EDGE('',*,*,#3568,.T.);
#13337 = ORIENTED_EDGE('',*,*,#3396,.F.);
#13338 = ORIENTED_EDGE('',*,*,#11688,.T.);
#13339 = ORIENTED_EDGE('',*,*,#3202,.T.);
#13340 = ORIENTED_EDGE('',*,*,#3071,.T.);
#13341 = ORIENTED_EDGE('',*,*,#2998,.F.);
#13342 = ORIENTED_EDGE('',*,*,#11743,.T.);
#13343 = ORIENTED_EDGE('',*,*,#2647,.T.);
#13344 = ORIENTED_EDGE('',*,*,#2496,.T.);
#13345 = ADVANCED_FACE('',(#13346),#43,.T.);
#13346 = FACE_BOUND('',#13347,.T.);
#13347 = EDGE_LOOP('',(#13348,#13349,#13350,#13351,#13352,#13353,#13354,
    #13355,#13356,#13357,#13358,#13359,#13360,#13361,#13362,#13363,
    #13364,#13365,#13366,#13367,#13368));
#13348 = ORIENTED_EDGE('',*,*,#2518,.F.);
#13349 = ORIENTED_EDGE('',*,*,#13300,.T.);
#13350 = ORIENTED_EDGE('',*,*,#21,.T.);
#13351 = ORIENTED_EDGE('',*,*,#168,.T.);
#13352 = ORIENTED_EDGE('',*,*,#372,.T.);
#13353 = ORIENTED_EDGE('',*,*,#13094,.F.);
#13354 = ORIENTED_EDGE('',*,*,#556,.T.);
#13355 = ORIENTED_EDGE('',*,*,#714,.F.);
#13356 = ORIENTED_EDGE('',*,*,#955,.F.);
#13357 = ORIENTED_EDGE('',*,*,#13004,.F.);
#13358 = ORIENTED_EDGE('',*,*,#1215,.F.);
#13359 = ORIENTED_EDGE('',*,*,#12942,.F.);
#13360 = ORIENTED_EDGE('',*,*,#1475,.F.);
#13361 = ORIENTED_EDGE('',*,*,#12708,.F.);
#13362 = ORIENTED_EDGE('',*,*,#12833,.F.);
#13363 = ORIENTED_EDGE('',*,*,#12886,.T.);
#13364 = ORIENTED_EDGE('',*,*,#12803,.F.);
#13365 = ORIENTED_EDGE('',*,*,#1657,.F.);
#13366 = ORIENTED_EDGE('',*,*,#1983,.T.);
#13367 = ORIENTED_EDGE('',*,*,#2273,.T.);
#13368 = ORIENTED_EDGE('',*,*,#2401,.F.);
#13369 = ( GEOMETRIC_REPRESENTATION_CONTEXT(3) 
GLOBAL_UNCERTAINTY_ASSIGNED_CONTEXT((#13373)) 
GLOBAL_UNIT_ASSIGNED_CONTEXT((#13370,#13371,#13372)) 
REPRESENTATION_CONTEXT('Context #1',
  '3D Context with UNIT and UNCERTAINTY') );
#13370 = ( LENGTH_UNIT() NAMED_UNIT(*) SI_UNIT(.MILLI.,.METRE.) );
#13371 = ( NAMED_UNIT(*) PLANE_ANGLE_UNIT() SI_UNIT($,.RADIAN.) );
#13372 = ( NAMED_UNIT(*) SI_UNIT($,.STERADIAN.) SOLID_ANGLE_UNIT() );
#13373 = UNCERTAINTY_MEASURE_WITH_UNIT(LENGTH_MEASURE(2.E-07),#13370,
  'distance_accuracy_value','confusion accuracy');
#13374 = PRODUCT_RELATED_PRODUCT_CATEGORY('part',$,(#7));
ENDSEC;
END-ISO-10303-21;
